Frequency [Hz]	Re(Zlong) [Ohm]	Im(Zlong) [Ohm]
0.00000000e+00 0.00000000e+00 0.00000000e+00
1.00000000e+07 4.29321868e-03 4.35658856e-03
2.00000000e+07 6.07214664e-03 6.19739563e-03
3.00000000e+07 7.43717360e-03 7.62428901e-03
4.00000000e+07 8.58795090e-03 8.83692317e-03
5.00000000e+07 9.60181165e-03 9.91263287e-03
6.00000000e+07 1.05184169e-02 1.08910802e-02
7.00000000e+07 1.13613272e-02 1.17958263e-02
8.00000000e+07 1.21458933e-02 1.26422227e-02
9.00000000e+07 1.28827781e-02 1.34409325e-02
1.00000000e+08 1.35797449e-02 1.41997196e-02
1.10000000e+08 1.42426547e-02 1.49244450e-02
1.20000000e+08 1.48760606e-02 1.56196622e-02
1.30000000e+08 1.54835836e-02 1.62889924e-02
1.40000000e+08 1.60681596e-02 1.69353715e-02
1.50000000e+08 1.66322080e-02 1.75612194e-02
1.60000000e+08 1.71777510e-02 1.81685582e-02
1.70000000e+08 1.77064990e-02 1.87590985e-02
1.80000000e+08 1.82199141e-02 1.93343026e-02
1.90000000e+08 1.87192579e-02 1.98954320e-02
2.00000000e+08 1.92056280e-02 2.04435844e-02
2.10000000e+08 1.96799861e-02 2.09797219e-02
2.20000000e+08 2.01431809e-02 2.15046929e-02
2.30000000e+08 2.05959655e-02 2.20192508e-02
2.40000000e+08 2.10390120e-02 2.25240677e-02
2.50000000e+08 2.14729231e-02 2.30197464e-02
2.60000000e+08 2.18982419e-02 2.35068301e-02
2.70000000e+08 2.23154596e-02 2.39858099e-02
2.80000000e+08 2.27250225e-02 2.44571323e-02
2.90000000e+08 2.31273372e-02 2.49212038e-02
3.00000000e+08 2.35227755e-02 2.53783964e-02
3.10000000e+08 2.39116786e-02 2.58290513e-02
3.20000000e+08 2.42943604e-02 2.62734825e-02
3.30000000e+08 2.46711104e-02 2.67119793e-02
3.40000000e+08 2.50421962e-02 2.71448096e-02
3.50000000e+08 2.54078660e-02 2.75722216e-02
3.60000000e+08 2.57683504e-02 2.79944458e-02
3.70000000e+08 2.61238641e-02 2.84116970e-02
3.80000000e+08 2.64746073e-02 2.88241755e-02
3.90000000e+08 2.68207671e-02 2.92320683e-02
4.00000000e+08 2.71625188e-02 2.96355509e-02
4.10000000e+08 2.75000267e-02 3.00347875e-02
4.20000000e+08 2.78334452e-02 3.04299325e-02
4.30000000e+08 2.81629196e-02 3.08211313e-02
4.40000000e+08 2.84885866e-02 3.12085206e-02
4.50000000e+08 2.88105754e-02 3.15922297e-02
4.60000000e+08 2.91290079e-02 3.19723804e-02
4.70000000e+08 2.94439996e-02 3.23490883e-02
4.80000000e+08 2.97556597e-02 3.27224626e-02
4.90000000e+08 3.00640918e-02 3.30926070e-02
5.00000000e+08 3.03693943e-02 3.34596197e-02
5.10000000e+08 3.06716606e-02 3.38235943e-02
5.20000000e+08 3.09709797e-02 3.41846198e-02
5.30000000e+08 3.12674361e-02 3.45427807e-02
5.40000000e+08 3.15611105e-02 3.48981577e-02
5.50000000e+08 3.18520799e-02 3.52508279e-02
5.60000000e+08 3.21404178e-02 3.56008647e-02
5.70000000e+08 3.24261943e-02 3.59483383e-02
5.80000000e+08 3.27094766e-02 3.62933158e-02
5.90000000e+08 3.29903290e-02 3.66358616e-02
6.00000000e+08 3.32688129e-02 3.69760371e-02
6.10000000e+08 3.35449874e-02 3.73139015e-02
6.20000000e+08 3.38189090e-02 3.76495113e-02
6.30000000e+08 3.40906321e-02 3.79829207e-02
6.40000000e+08 3.43602088e-02 3.83141821e-02
6.50000000e+08 3.46276892e-02 3.86433454e-02
6.60000000e+08 3.48931216e-02 3.89704590e-02
6.70000000e+08 3.51565524e-02 3.92955693e-02
6.80000000e+08 3.54180261e-02 3.96187209e-02
6.90000000e+08 3.56775859e-02 3.99399568e-02
7.00000000e+08 3.59352732e-02 4.02593186e-02
7.10000000e+08 3.61911280e-02 4.05768463e-02
7.20000000e+08 3.64451889e-02 4.08925784e-02
7.30000000e+08 3.66974931e-02 4.12065523e-02
7.40000000e+08 3.69480768e-02 4.15188039e-02
7.50000000e+08 3.71969745e-02 4.18293681e-02
7.60000000e+08 3.74442200e-02 4.21382784e-02
7.70000000e+08 3.76898458e-02 4.24455674e-02
7.80000000e+08 3.79338832e-02 4.27512665e-02
7.90000000e+08 3.81763629e-02 4.30554063e-02
8.00000000e+08 3.84173143e-02 4.33580162e-02
8.10000000e+08 3.86567659e-02 4.36591248e-02
8.20000000e+08 3.88947455e-02 4.39587599e-02
8.30000000e+08 3.91312800e-02 4.42569483e-02
8.40000000e+08 3.93663953e-02 4.45537160e-02
8.50000000e+08 3.96001168e-02 4.48490884e-02
8.60000000e+08 3.98324690e-02 4.51430900e-02
8.70000000e+08 4.00634757e-02 4.54357446e-02
8.80000000e+08 4.02931600e-02 4.57270754e-02
8.90000000e+08 4.05215446e-02 4.60171049e-02
9.00000000e+08 4.07486511e-02 4.63058549e-02
9.10000000e+08 4.09745009e-02 4.65933467e-02
9.20000000e+08 4.11991146e-02 4.68796010e-02
9.30000000e+08 4.14225124e-02 4.71646379e-02
9.40000000e+08 4.16447138e-02 4.74484770e-02
9.50000000e+08 4.18657378e-02 4.77311373e-02
9.60000000e+08 4.20856031e-02 4.80126374e-02
9.70000000e+08 4.23043276e-02 4.82929954e-02
9.80000000e+08 4.25219291e-02 4.85722288e-02
9.90000000e+08 4.27384245e-02 4.88503549e-02
1.00000000e+09 4.29538308e-02 4.91273904e-02
1.01000000e+09 4.31681641e-02 4.94033515e-02
1.02000000e+09 4.33814404e-02 4.96782543e-02
1.03000000e+09 4.35936752e-02 4.99521141e-02
1.04000000e+09 4.38048836e-02 5.02249462e-02
1.05000000e+09 4.40150805e-02 5.04967654e-02
1.06000000e+09 4.42242802e-02 5.07675861e-02
1.07000000e+09 4.44324968e-02 5.10374223e-02
1.08000000e+09 4.46397441e-02 5.13062879e-02
1.09000000e+09 4.48460355e-02 5.15741962e-02
1.10000000e+09 4.50513842e-02 5.18411605e-02
1.11000000e+09 4.52558029e-02 5.21071935e-02
1.12000000e+09 4.54593043e-02 5.23723079e-02
1.13000000e+09 4.56619006e-02 5.26365158e-02
1.14000000e+09 4.58636038e-02 5.28998293e-02
1.15000000e+09 4.60644257e-02 5.31622602e-02
1.16000000e+09 4.62643776e-02 5.34238198e-02
1.17000000e+09 4.64634709e-02 5.36845195e-02
1.18000000e+09 4.66617166e-02 5.39443703e-02
1.19000000e+09 4.68591253e-02 5.42033828e-02
1.20000000e+09 4.70557077e-02 5.44615677e-02
1.21000000e+09 4.72514740e-02 5.47189353e-02
1.22000000e+09 4.74464343e-02 5.49754956e-02
1.23000000e+09 4.76405987e-02 5.52312587e-02
1.24000000e+09 4.78339766e-02 5.54862341e-02
1.25000000e+09 4.80265777e-02 5.57404314e-02
1.26000000e+09 4.82184112e-02 5.59938599e-02
1.27000000e+09 4.84094864e-02 5.62465287e-02
1.28000000e+09 4.85998120e-02 5.64984468e-02
1.29000000e+09 4.87893970e-02 5.67496230e-02
1.30000000e+09 4.89782498e-02 5.70000658e-02
1.31000000e+09 4.91663790e-02 5.72497837e-02
1.32000000e+09 4.93537928e-02 5.74987851e-02
1.33000000e+09 4.95404994e-02 5.77470779e-02
1.34000000e+09 4.97265066e-02 5.79946702e-02
1.35000000e+09 4.99118224e-02 5.82415699e-02
1.36000000e+09 5.00964544e-02 5.84877845e-02
1.37000000e+09 5.02804101e-02 5.87333216e-02
1.38000000e+09 5.04636969e-02 5.89781887e-02
1.39000000e+09 5.06463221e-02 5.92223930e-02
1.40000000e+09 5.08282929e-02 5.94659416e-02
1.41000000e+09 5.10096162e-02 5.97088416e-02
1.42000000e+09 5.11902989e-02 5.99510997e-02
1.43000000e+09 5.13703478e-02 6.01927229e-02
1.44000000e+09 5.15497695e-02 6.04337177e-02
1.45000000e+09 5.17285705e-02 6.06740907e-02
1.46000000e+09 5.19067573e-02 6.09138483e-02
1.47000000e+09 5.20843362e-02 6.11529968e-02
1.48000000e+09 5.22613133e-02 6.13915423e-02
1.49000000e+09 5.24376948e-02 6.16294911e-02
1.50000000e+09 5.26134867e-02 6.18668491e-02
1.51000000e+09 5.27886948e-02 6.21036221e-02
1.52000000e+09 5.29633249e-02 6.23398161e-02
1.53000000e+09 5.31373828e-02 6.25754366e-02
1.54000000e+09 5.33108740e-02 6.28104893e-02
1.55000000e+09 5.34838041e-02 6.30449798e-02
1.56000000e+09 5.36561784e-02 6.32789134e-02
1.57000000e+09 5.38280024e-02 6.35122954e-02
1.58000000e+09 5.39992813e-02 6.37451313e-02
1.59000000e+09 5.41700202e-02 6.39774261e-02
1.60000000e+09 5.43402243e-02 6.42091849e-02
1.61000000e+09 5.45098985e-02 6.44404127e-02
1.62000000e+09 5.46790478e-02 6.46711145e-02
1.63000000e+09 5.48476771e-02 6.49012951e-02
1.64000000e+09 5.50157911e-02 6.51309594e-02
1.65000000e+09 5.51833945e-02 6.53601119e-02
1.66000000e+09 5.53504920e-02 6.55887575e-02
1.67000000e+09 5.55170882e-02 6.58169006e-02
1.68000000e+09 5.56831875e-02 6.60445458e-02
1.69000000e+09 5.58487944e-02 6.62716974e-02
1.70000000e+09 5.60139133e-02 6.64983599e-02
1.71000000e+09 5.61785484e-02 6.67245376e-02
1.72000000e+09 5.63427040e-02 6.69502347e-02
1.73000000e+09 5.65063844e-02 6.71754554e-02
1.74000000e+09 5.66695935e-02 6.74002038e-02
1.75000000e+09 5.68323354e-02 6.76244840e-02
1.76000000e+09 5.69946143e-02 6.78483000e-02
1.77000000e+09 5.71564339e-02 6.80716557e-02
1.78000000e+09 5.73177983e-02 6.82945551e-02
1.79000000e+09 5.74787112e-02 6.85170019e-02
1.80000000e+09 5.76391764e-02 6.87390000e-02
1.81000000e+09 5.77991977e-02 6.89605530e-02
1.82000000e+09 5.79587786e-02 6.91816647e-02
1.83000000e+09 5.81179230e-02 6.94023388e-02
1.84000000e+09 5.82766343e-02 6.96225787e-02
1.85000000e+09 5.84349160e-02 6.98423880e-02
1.86000000e+09 5.85927717e-02 7.00617702e-02
1.87000000e+09 5.87502048e-02 7.02807287e-02
1.88000000e+09 5.89072186e-02 7.04992670e-02
1.89000000e+09 5.90638166e-02 7.07173883e-02
1.90000000e+09 5.92200020e-02 7.09350960e-02
1.91000000e+09 5.93757781e-02 7.11523934e-02
1.92000000e+09 5.95311480e-02 7.13692836e-02
1.93000000e+09 5.96861150e-02 7.15857698e-02
1.94000000e+09 5.98406822e-02 7.18018552e-02
1.95000000e+09 5.99948527e-02 7.20175429e-02
1.96000000e+09 6.01486295e-02 7.22328358e-02
1.97000000e+09 6.03020157e-02 7.24477371e-02
1.98000000e+09 6.04550142e-02 7.26622497e-02
1.99000000e+09 6.06076279e-02 7.28763765e-02
2.00000000e+09 6.07598598e-02 7.30901205e-02
2.01000000e+09 6.09117128e-02 7.33034845e-02
2.02000000e+09 6.10631896e-02 7.35164713e-02
2.03000000e+09 6.12142930e-02 7.37290837e-02
2.04000000e+09 6.13650259e-02 7.39413246e-02
2.05000000e+09 6.15153908e-02 7.41531966e-02
2.06000000e+09 6.16653906e-02 7.43647023e-02
2.07000000e+09 6.18150279e-02 7.45758446e-02
2.08000000e+09 6.19643053e-02 7.47866260e-02
2.09000000e+09 6.21132254e-02 7.49970491e-02
2.10000000e+09 6.22617908e-02 7.52071165e-02
2.11000000e+09 6.24100040e-02 7.54168306e-02
2.12000000e+09 6.25578675e-02 7.56261941e-02
2.13000000e+09 6.27053837e-02 7.58352094e-02
2.14000000e+09 6.28525552e-02 7.60438789e-02
2.15000000e+09 6.29993844e-02 7.62522051e-02
2.16000000e+09 6.31458736e-02 7.64601904e-02
2.17000000e+09 6.32920252e-02 7.66678371e-02
2.18000000e+09 6.34378415e-02 7.68751475e-02
2.19000000e+09 6.35833249e-02 7.70821240e-02
2.20000000e+09 6.37284776e-02 7.72887688e-02
2.21000000e+09 6.38733018e-02 7.74950842e-02
2.22000000e+09 6.40177999e-02 7.77010725e-02
2.23000000e+09 6.41619740e-02 7.79067358e-02
2.24000000e+09 6.43058263e-02 7.81120763e-02
2.25000000e+09 6.44493589e-02 7.83170963e-02
2.26000000e+09 6.45925740e-02 7.85217977e-02
2.27000000e+09 6.47354737e-02 7.87261827e-02
2.28000000e+09 6.48780601e-02 7.89302535e-02
2.29000000e+09 6.50203352e-02 7.91340121e-02
2.30000000e+09 6.51623011e-02 7.93374604e-02
2.31000000e+09 6.53039597e-02 7.95406007e-02
2.32000000e+09 6.54453132e-02 7.97434347e-02
2.33000000e+09 6.55863635e-02 7.99459646e-02
2.34000000e+09 6.57271124e-02 8.01481922e-02
2.35000000e+09 6.58675620e-02 8.03501195e-02
2.36000000e+09 6.60077142e-02 8.05517485e-02
2.37000000e+09 6.61475708e-02 8.07530809e-02
2.38000000e+09 6.62871338e-02 8.09541188e-02
2.39000000e+09 6.64264049e-02 8.11548638e-02
2.40000000e+09 6.65653860e-02 8.13553180e-02
2.41000000e+09 6.67040790e-02 8.15554830e-02
2.42000000e+09 6.68424856e-02 8.17553607e-02
2.43000000e+09 6.69806075e-02 8.19549529e-02
2.44000000e+09 6.71184467e-02 8.21542613e-02
2.45000000e+09 6.72560047e-02 8.23532876e-02
2.46000000e+09 6.73932833e-02 8.25520337e-02
2.47000000e+09 6.75302843e-02 8.27505011e-02
2.48000000e+09 6.76670093e-02 8.29486916e-02
2.49000000e+09 6.78034599e-02 8.31466069e-02
2.50000000e+09 6.79396379e-02 8.33442486e-02
2.51000000e+09 6.80755448e-02 8.35416183e-02
2.52000000e+09 6.82111824e-02 8.37387177e-02
2.53000000e+09 6.83465521e-02 8.39355484e-02
2.54000000e+09 6.84816556e-02 8.41321119e-02
2.55000000e+09 6.86164945e-02 8.43284099e-02
2.56000000e+09 6.87510703e-02 8.45244439e-02
2.57000000e+09 6.88853846e-02 8.47202155e-02
2.58000000e+09 6.90194388e-02 8.49157261e-02
2.59000000e+09 6.91532346e-02 8.51109773e-02
2.60000000e+09 6.92867733e-02 8.53059706e-02
2.61000000e+09 6.94200565e-02 8.55007074e-02
2.62000000e+09 6.95530857e-02 8.56951894e-02
2.63000000e+09 6.96858623e-02 8.58894178e-02
2.64000000e+09 6.98183877e-02 8.60833942e-02
2.65000000e+09 6.99506634e-02 8.62771199e-02
2.66000000e+09 7.00826908e-02 8.64705965e-02
2.67000000e+09 7.02144714e-02 8.66638252e-02
2.68000000e+09 7.03460063e-02 8.68568075e-02
2.69000000e+09 7.04772972e-02 8.70495448e-02
2.70000000e+09 7.06083453e-02 8.72420385e-02
2.71000000e+09 7.07391519e-02 8.74342898e-02
2.72000000e+09 7.08697185e-02 8.76263001e-02
2.73000000e+09 7.10000463e-02 8.78180708e-02
2.74000000e+09 7.11301366e-02 8.80096031e-02
2.75000000e+09 7.12599908e-02 8.82008984e-02
2.76000000e+09 7.13896101e-02 8.83919580e-02
2.77000000e+09 7.15189959e-02 8.85827831e-02
2.78000000e+09 7.16481493e-02 8.87733750e-02
2.79000000e+09 7.17770717e-02 8.89637349e-02
2.80000000e+09 7.19057642e-02 8.91538642e-02
2.81000000e+09 7.20342282e-02 8.93437640e-02
2.82000000e+09 7.21624648e-02 8.95334355e-02
2.83000000e+09 7.22904753e-02 8.97228800e-02
2.84000000e+09 7.24182608e-02 8.99120987e-02
2.85000000e+09 7.25458225e-02 9.01010928e-02
2.86000000e+09 7.26731617e-02 9.02898634e-02
2.87000000e+09 7.28002794e-02 9.04784118e-02
2.88000000e+09 7.29271769e-02 9.06667390e-02
2.89000000e+09 7.30538553e-02 9.08548462e-02
2.90000000e+09 7.31803157e-02 9.10427346e-02
2.91000000e+09 7.33065593e-02 9.12304053e-02
2.92000000e+09 7.34325872e-02 9.14178594e-02
2.93000000e+09 7.35584004e-02 9.16050980e-02
2.94000000e+09 7.36840002e-02 9.17921223e-02
2.95000000e+09 7.38093875e-02 9.19789333e-02
2.96000000e+09 7.39345635e-02 9.21655321e-02
2.97000000e+09 7.40595292e-02 9.23519197e-02
2.98000000e+09 7.41842857e-02 9.25380974e-02
2.99000000e+09 7.43088341e-02 9.27240660e-02
3.00000000e+09 7.44331753e-02 9.29098266e-02
3.01000000e+09 7.45573105e-02 9.30953804e-02
3.02000000e+09 7.46812407e-02 9.32807282e-02
3.03000000e+09 7.48049669e-02 9.34658712e-02
3.04000000e+09 7.49284900e-02 9.36508103e-02
3.05000000e+09 7.50518112e-02 9.38355466e-02
3.06000000e+09 7.51749313e-02 9.40200810e-02
3.07000000e+09 7.52978514e-02 9.42044146e-02
3.08000000e+09 7.54205725e-02 9.43885483e-02
3.09000000e+09 7.55430955e-02 9.45724830e-02
3.10000000e+09 7.56654214e-02 9.47562199e-02
3.11000000e+09 7.57875512e-02 9.49397597e-02
3.12000000e+09 7.59094857e-02 9.51231035e-02
3.13000000e+09 7.60312260e-02 9.53062521e-02
3.14000000e+09 7.61527730e-02 9.54892066e-02
3.15000000e+09 7.62741275e-02 9.56719679e-02
3.16000000e+09 7.63952906e-02 9.58545369e-02
3.17000000e+09 7.65162630e-02 9.60369144e-02
3.18000000e+09 7.66370458e-02 9.62191014e-02
3.19000000e+09 7.67576399e-02 9.64010988e-02
3.20000000e+09 7.68780460e-02 9.65829075e-02
3.21000000e+09 7.69982651e-02 9.67645284e-02
3.22000000e+09 7.71182981e-02 9.69459623e-02
3.23000000e+09 7.72381459e-02 9.71272101e-02
3.24000000e+09 7.73578092e-02 9.73082727e-02
3.25000000e+09 7.74772890e-02 9.74891509e-02
3.26000000e+09 7.75965861e-02 9.76698455e-02
3.27000000e+09 7.77157013e-02 9.78503576e-02
3.28000000e+09 7.78346355e-02 9.80306877e-02
3.29000000e+09 7.79533896e-02 9.82108369e-02
3.30000000e+09 7.80719642e-02 9.83908058e-02
3.31000000e+09 7.81903603e-02 9.85705954e-02
3.32000000e+09 7.83085787e-02 9.87502065e-02
3.33000000e+09 7.84266201e-02 9.89296398e-02
3.34000000e+09 7.85444854e-02 9.91088961e-02
3.35000000e+09 7.86621754e-02 9.92879763e-02
3.36000000e+09 7.87796908e-02 9.94668811e-02
3.37000000e+09 7.88970324e-02 9.96456113e-02
3.38000000e+09 7.90142010e-02 9.98241677e-02
3.39000000e+09 7.91311974e-02 1.00002551e-01
3.40000000e+09 7.92480223e-02 1.00180762e-01
3.41000000e+09 7.93646765e-02 1.00358802e-01
3.42000000e+09 7.94811608e-02 1.00536671e-01
3.43000000e+09 7.95974758e-02 1.00714369e-01
3.44000000e+09 7.97136224e-02 1.00891899e-01
3.45000000e+09 7.98296012e-02 1.01069260e-01
3.46000000e+09 7.99454130e-02 1.01246453e-01
3.47000000e+09 8.00610586e-02 1.01423479e-01
3.48000000e+09 8.01765386e-02 1.01600339e-01
3.49000000e+09 8.02918537e-02 1.01777033e-01
3.50000000e+09 8.04070047e-02 1.01953562e-01
3.51000000e+09 8.05219923e-02 1.02129927e-01
3.52000000e+09 8.06368172e-02 1.02306128e-01
3.53000000e+09 8.07514800e-02 1.02482167e-01
3.54000000e+09 8.08659815e-02 1.02658043e-01
3.55000000e+09 8.09803223e-02 1.02833758e-01
3.56000000e+09 8.10945032e-02 1.03009312e-01
3.57000000e+09 8.12085247e-02 1.03184706e-01
3.58000000e+09 8.13223877e-02 1.03359941e-01
3.59000000e+09 8.14360926e-02 1.03535017e-01
3.60000000e+09 8.15496403e-02 1.03709935e-01
3.61000000e+09 8.16630313e-02 1.03884695e-01
3.62000000e+09 8.17762663e-02 1.04059299e-01
3.63000000e+09 8.18893460e-02 1.04233746e-01
3.64000000e+09 8.20022709e-02 1.04408038e-01
3.65000000e+09 8.21150418e-02 1.04582176e-01
3.66000000e+09 8.22276593e-02 1.04756158e-01
3.67000000e+09 8.23401240e-02 1.04929988e-01
3.68000000e+09 8.24524365e-02 1.05103664e-01
3.69000000e+09 8.25645974e-02 1.05277188e-01
3.70000000e+09 8.26766074e-02 1.05450561e-01
3.71000000e+09 8.27884671e-02 1.05623782e-01
3.72000000e+09 8.29001771e-02 1.05796853e-01
3.73000000e+09 8.30117380e-02 1.05969773e-01
3.74000000e+09 8.31231503e-02 1.06142545e-01
3.75000000e+09 8.32344148e-02 1.06315168e-01
3.76000000e+09 8.33455320e-02 1.06487643e-01
3.77000000e+09 8.34565024e-02 1.06659970e-01
3.78000000e+09 8.35673267e-02 1.06832150e-01
3.79000000e+09 8.36780054e-02 1.07004184e-01
3.80000000e+09 8.37885391e-02 1.07176073e-01
3.81000000e+09 8.38989285e-02 1.07347816e-01
3.82000000e+09 8.40091740e-02 1.07519414e-01
3.83000000e+09 8.41192762e-02 1.07690869e-01
3.84000000e+09 8.42292357e-02 1.07862180e-01
3.85000000e+09 8.43390531e-02 1.08033348e-01
3.86000000e+09 8.44487288e-02 1.08204374e-01
3.87000000e+09 8.45582636e-02 1.08375258e-01
3.88000000e+09 8.46676578e-02 1.08546000e-01
3.89000000e+09 8.47769121e-02 1.08716602e-01
3.90000000e+09 8.48860270e-02 1.08887064e-01
3.91000000e+09 8.49950030e-02 1.09057386e-01
3.92000000e+09 8.51038406e-02 1.09227569e-01
3.93000000e+09 8.52125405e-02 1.09397613e-01
3.94000000e+09 8.53211031e-02 1.09567520e-01
3.95000000e+09 8.54295289e-02 1.09737289e-01
3.96000000e+09 8.55378185e-02 1.09906921e-01
3.97000000e+09 8.56459723e-02 1.10076416e-01
3.98000000e+09 8.57539910e-02 1.10245776e-01
3.99000000e+09 8.58618750e-02 1.10415000e-01
4.00000000e+09 8.59696248e-02 1.10584089e-01
4.01000000e+09 8.60772409e-02 1.10753043e-01
4.02000000e+09 8.61847238e-02 1.10921864e-01
4.03000000e+09 8.62920741e-02 1.11090551e-01
4.04000000e+09 8.63992921e-02 1.11259106e-01
4.05000000e+09 8.65063785e-02 1.11427527e-01
4.06000000e+09 8.66133337e-02 1.11595817e-01
4.07000000e+09 8.67201581e-02 1.11763976e-01
4.08000000e+09 8.68268524e-02 1.11932003e-01
4.09000000e+09 8.69334168e-02 1.12099900e-01
4.10000000e+09 8.70398520e-02 1.12267667e-01
4.11000000e+09 8.71461584e-02 1.12435305e-01
4.12000000e+09 8.72523365e-02 1.12602813e-01
4.13000000e+09 8.73583867e-02 1.12770193e-01
4.14000000e+09 8.74643095e-02 1.12937444e-01
4.15000000e+09 8.75701053e-02 1.13104568e-01
4.16000000e+09 8.76757747e-02 1.13271565e-01
4.17000000e+09 8.77813181e-02 1.13438435e-01
4.18000000e+09 8.78867359e-02 1.13605178e-01
4.19000000e+09 8.79920286e-02 1.13771796e-01
4.20000000e+09 8.80971966e-02 1.13938289e-01
4.21000000e+09 8.82022405e-02 1.14104656e-01
4.22000000e+09 8.83071605e-02 1.14270899e-01
4.23000000e+09 8.84119573e-02 1.14437018e-01
4.24000000e+09 8.85166311e-02 1.14603013e-01
4.25000000e+09 8.86211825e-02 1.14768885e-01
4.26000000e+09 8.87256119e-02 1.14934634e-01
4.27000000e+09 8.88299196e-02 1.15100261e-01
4.28000000e+09 8.89341063e-02 1.15265766e-01
4.29000000e+09 8.90381721e-02 1.15431150e-01
4.30000000e+09 8.91421177e-02 1.15596412e-01
4.31000000e+09 8.92459434e-02 1.15761554e-01
4.32000000e+09 8.93496496e-02 1.15926576e-01
4.33000000e+09 8.94532368e-02 1.16091478e-01
4.34000000e+09 8.95567053e-02 1.16256260e-01
4.35000000e+09 8.96600555e-02 1.16420924e-01
4.36000000e+09 8.97632880e-02 1.16585469e-01
4.37000000e+09 8.98664031e-02 1.16749896e-01
4.38000000e+09 8.99694011e-02 1.16914205e-01
4.39000000e+09 9.00722825e-02 1.17078397e-01
4.40000000e+09 9.01750477e-02 1.17242472e-01
4.41000000e+09 9.02776971e-02 1.17406430e-01
4.42000000e+09 9.03802311e-02 1.17570272e-01
4.43000000e+09 9.04826501e-02 1.17733999e-01
4.44000000e+09 9.05849544e-02 1.17897610e-01
4.45000000e+09 9.06871445e-02 1.18061106e-01
4.46000000e+09 9.07892208e-02 1.18224487e-01
4.47000000e+09 9.08911835e-02 1.18387755e-01
4.48000000e+09 9.09930332e-02 1.18550908e-01
4.49000000e+09 9.10947702e-02 1.18713948e-01
4.50000000e+09 9.11963948e-02 1.18876875e-01
4.51000000e+09 9.12979075e-02 1.19039690e-01
4.52000000e+09 9.13993086e-02 1.19202392e-01
4.53000000e+09 9.15005984e-02 1.19364982e-01
4.54000000e+09 9.16017775e-02 1.19527461e-01
4.55000000e+09 9.17028460e-02 1.19689828e-01
4.56000000e+09 9.18038045e-02 1.19852084e-01
4.57000000e+09 9.19046532e-02 1.20014231e-01
4.58000000e+09 9.20053925e-02 1.20176267e-01
4.59000000e+09 9.21060228e-02 1.20338193e-01
4.60000000e+09 9.22065444e-02 1.20500010e-01
4.61000000e+09 9.23069578e-02 1.20661718e-01
4.62000000e+09 9.24072631e-02 1.20823317e-01
4.63000000e+09 9.25074609e-02 1.20984808e-01
4.64000000e+09 9.26075514e-02 1.21146191e-01
4.65000000e+09 9.27075349e-02 1.21307466e-01
4.66000000e+09 9.28074120e-02 1.21468634e-01
4.67000000e+09 9.29071828e-02 1.21629695e-01
4.68000000e+09 9.30068477e-02 1.21790650e-01
4.69000000e+09 9.31064071e-02 1.21951498e-01
4.70000000e+09 9.32058613e-02 1.22112240e-01
4.71000000e+09 9.33052106e-02 1.22272877e-01
4.72000000e+09 9.34044555e-02 1.22433409e-01
4.73000000e+09 9.35035961e-02 1.22593835e-01
4.74000000e+09 9.36026329e-02 1.22754157e-01
4.75000000e+09 9.37015661e-02 1.22914375e-01
4.76000000e+09 9.38003961e-02 1.23074489e-01
4.77000000e+09 9.38991233e-02 1.23234500e-01
4.78000000e+09 9.39977479e-02 1.23394407e-01
4.79000000e+09 9.40962703e-02 1.23554211e-01
4.80000000e+09 9.41946908e-02 1.23713912e-01
4.81000000e+09 9.42930097e-02 1.23873512e-01
4.82000000e+09 9.43912273e-02 1.24033009e-01
4.83000000e+09 9.44893440e-02 1.24192405e-01
4.84000000e+09 9.45873600e-02 1.24351699e-01
4.85000000e+09 9.46852757e-02 1.24510893e-01
4.86000000e+09 9.47830915e-02 1.24669985e-01
4.87000000e+09 9.48808075e-02 1.24828977e-01
4.88000000e+09 9.49784241e-02 1.24987870e-01
4.89000000e+09 9.50759416e-02 1.25146662e-01
4.90000000e+09 9.51733603e-02 1.25305355e-01
4.91000000e+09 9.52706806e-02 1.25463949e-01
4.92000000e+09 9.53679027e-02 1.25622443e-01
4.93000000e+09 9.54650269e-02 1.25780840e-01
4.94000000e+09 9.55620535e-02 1.25939138e-01
4.95000000e+09 9.56589829e-02 1.26097338e-01
4.96000000e+09 9.57558153e-02 1.26255440e-01
4.97000000e+09 9.58525510e-02 1.26413445e-01
4.98000000e+09 9.59491903e-02 1.26571353e-01
4.99000000e+09 9.60457334e-02 1.26729164e-01
5.00000000e+09 9.61421808e-02 1.26886879e-01
5.01000000e+09 9.62385327e-02 1.27044497e-01
5.02000000e+09 9.63347893e-02 1.27202020e-01
5.03000000e+09 9.64309509e-02 1.27359446e-01
5.04000000e+09 9.65270179e-02 1.27516778e-01
5.05000000e+09 9.66229905e-02 1.27674014e-01
5.06000000e+09 9.67188690e-02 1.27831156e-01
5.07000000e+09 9.68146537e-02 1.27988203e-01
5.08000000e+09 9.69103448e-02 1.28145156e-01
5.09000000e+09 9.70059427e-02 1.28302015e-01
5.10000000e+09 9.71014476e-02 1.28458780e-01
5.11000000e+09 9.71968597e-02 1.28615452e-01
5.12000000e+09 9.72921795e-02 1.28772031e-01
5.13000000e+09 9.73874070e-02 1.28928517e-01
5.14000000e+09 9.74825427e-02 1.29084910e-01
5.15000000e+09 9.75775867e-02 1.29241211e-01
5.16000000e+09 9.76725393e-02 1.29397420e-01
5.17000000e+09 9.77674009e-02 1.29553537e-01
5.18000000e+09 9.78621716e-02 1.29709563e-01
5.19000000e+09 9.79568518e-02 1.29865497e-01
5.20000000e+09 9.80514416e-02 1.30021340e-01
5.21000000e+09 9.81459414e-02 1.30177093e-01
5.22000000e+09 9.82403515e-02 1.30332755e-01
5.23000000e+09 9.83346720e-02 1.30488327e-01
5.24000000e+09 9.84289032e-02 1.30643809e-01
5.25000000e+09 9.85230454e-02 1.30799202e-01
5.26000000e+09 9.86170989e-02 1.30954505e-01
5.27000000e+09 9.87110639e-02 1.31109719e-01
5.28000000e+09 9.88049407e-02 1.31264844e-01
5.29000000e+09 9.88987294e-02 1.31419880e-01
5.30000000e+09 9.89924304e-02 1.31574828e-01
5.31000000e+09 9.90860439e-02 1.31729687e-01
5.32000000e+09 9.91795702e-02 1.31884459e-01
5.33000000e+09 9.92730095e-02 1.32039143e-01
5.34000000e+09 9.93663620e-02 1.32193740e-01
5.35000000e+09 9.94596280e-02 1.32348249e-01
5.36000000e+09 9.95528077e-02 1.32502672e-01
5.37000000e+09 9.96459015e-02 1.32657008e-01
5.38000000e+09 9.97389094e-02 1.32811257e-01
5.39000000e+09 9.98318318e-02 1.32965420e-01
5.40000000e+09 9.99246689e-02 1.33119497e-01
5.41000000e+09 1.00017421e-01 1.33273489e-01
5.42000000e+09 1.00110088e-01 1.33427395e-01
5.43000000e+09 1.00202671e-01 1.33581216e-01
5.44000000e+09 1.00295169e-01 1.33734951e-01
5.45000000e+09 1.00387583e-01 1.33888602e-01
5.46000000e+09 1.00479914e-01 1.34042169e-01
5.47000000e+09 1.00572160e-01 1.34195651e-01
5.48000000e+09 1.00664323e-01 1.34349049e-01
5.49000000e+09 1.00756403e-01 1.34502363e-01
5.50000000e+09 1.00848400e-01 1.34655593e-01
5.51000000e+09 1.00940315e-01 1.34808741e-01
5.52000000e+09 1.01032146e-01 1.34961804e-01
5.53000000e+09 1.01123896e-01 1.35114785e-01
5.54000000e+09 1.01215563e-01 1.35267684e-01
5.55000000e+09 1.01307149e-01 1.35420499e-01
5.56000000e+09 1.01398653e-01 1.35573233e-01
5.57000000e+09 1.01490075e-01 1.35725884e-01
5.58000000e+09 1.01581417e-01 1.35878454e-01
5.59000000e+09 1.01672677e-01 1.36030942e-01
5.60000000e+09 1.01763857e-01 1.36183348e-01
5.61000000e+09 1.01854956e-01 1.36335674e-01
5.62000000e+09 1.01945975e-01 1.36487918e-01
5.63000000e+09 1.02036914e-01 1.36640082e-01
5.64000000e+09 1.02127773e-01 1.36792165e-01
5.65000000e+09 1.02218552e-01 1.36944168e-01
5.66000000e+09 1.02309252e-01 1.37096091e-01
5.67000000e+09 1.02399872e-01 1.37247933e-01
5.68000000e+09 1.02490414e-01 1.37399696e-01
5.69000000e+09 1.02580876e-01 1.37551380e-01
5.70000000e+09 1.02671260e-01 1.37702985e-01
5.71000000e+09 1.02761566e-01 1.37854510e-01
5.72000000e+09 1.02851794e-01 1.38005956e-01
5.73000000e+09 1.02941943e-01 1.38157324e-01
5.74000000e+09 1.03032015e-01 1.38308614e-01
5.75000000e+09 1.03122009e-01 1.38459825e-01
5.76000000e+09 1.03211926e-01 1.38610958e-01
5.77000000e+09 1.03301765e-01 1.38762013e-01
5.78000000e+09 1.03391528e-01 1.38912991e-01
5.79000000e+09 1.03481214e-01 1.39063892e-01
5.80000000e+09 1.03570823e-01 1.39214715e-01
5.81000000e+09 1.03660356e-01 1.39365461e-01
5.82000000e+09 1.03749813e-01 1.39516130e-01
5.83000000e+09 1.03839193e-01 1.39666723e-01
5.84000000e+09 1.03928498e-01 1.39817239e-01
5.85000000e+09 1.04017728e-01 1.39967679e-01
5.86000000e+09 1.04106882e-01 1.40118043e-01
5.87000000e+09 1.04195961e-01 1.40268331e-01
5.88000000e+09 1.04284965e-01 1.40418543e-01
5.89000000e+09 1.04373894e-01 1.40568680e-01
5.90000000e+09 1.04462748e-01 1.40718742e-01
5.91000000e+09 1.04551528e-01 1.40868729e-01
5.92000000e+09 1.04640234e-01 1.41018641e-01
5.93000000e+09 1.04728865e-01 1.41168478e-01
5.94000000e+09 1.04817423e-01 1.41318240e-01
5.95000000e+09 1.04905907e-01 1.41467929e-01
5.96000000e+09 1.04994318e-01 1.41617543e-01
5.97000000e+09 1.05082655e-01 1.41767083e-01
5.98000000e+09 1.05170920e-01 1.41916550e-01
5.99000000e+09 1.05259111e-01 1.42065943e-01
6.00000000e+09 1.05347230e-01 1.42215262e-01
6.01000000e+09 1.05435276e-01 1.42364508e-01
6.02000000e+09 1.05523249e-01 1.42513682e-01
6.03000000e+09 1.05611151e-01 1.42662782e-01
6.04000000e+09 1.05698980e-01 1.42811810e-01
6.05000000e+09 1.05786738e-01 1.42960765e-01
6.06000000e+09 1.05874424e-01 1.43109649e-01
6.07000000e+09 1.05962038e-01 1.43258459e-01
6.08000000e+09 1.06049581e-01 1.43407198e-01
6.09000000e+09 1.06137053e-01 1.43555866e-01
6.10000000e+09 1.06224454e-01 1.43704461e-01
6.11000000e+09 1.06311785e-01 1.43852986e-01
6.12000000e+09 1.06399044e-01 1.44001439e-01
6.13000000e+09 1.06486234e-01 1.44149821e-01
6.14000000e+09 1.06573353e-01 1.44298132e-01
6.15000000e+09 1.06660401e-01 1.44446372e-01
6.16000000e+09 1.06747380e-01 1.44594542e-01
6.17000000e+09 1.06834290e-01 1.44742641e-01
6.18000000e+09 1.06921130e-01 1.44890670e-01
6.19000000e+09 1.07007900e-01 1.45038630e-01
6.20000000e+09 1.07094601e-01 1.45186519e-01
6.21000000e+09 1.07181233e-01 1.45334339e-01
6.22000000e+09 1.07267796e-01 1.45482089e-01
6.23000000e+09 1.07354291e-01 1.45629770e-01
6.24000000e+09 1.07440716e-01 1.45777381e-01
6.25000000e+09 1.07527074e-01 1.45924924e-01
6.26000000e+09 1.07613363e-01 1.46072398e-01
6.27000000e+09 1.07699584e-01 1.46219803e-01
6.28000000e+09 1.07785738e-01 1.46367139e-01
6.29000000e+09 1.07871823e-01 1.46514407e-01
6.30000000e+09 1.07957841e-01 1.46661607e-01
6.31000000e+09 1.08043792e-01 1.46808739e-01
6.32000000e+09 1.08129675e-01 1.46955803e-01
6.33000000e+09 1.08215491e-01 1.47102800e-01
6.34000000e+09 1.08301241e-01 1.47249728e-01
6.35000000e+09 1.08386923e-01 1.47396590e-01
6.36000000e+09 1.08472539e-01 1.47543384e-01
6.37000000e+09 1.08558089e-01 1.47690111e-01
6.38000000e+09 1.08643572e-01 1.47836771e-01
6.39000000e+09 1.08728989e-01 1.47983365e-01
6.40000000e+09 1.08814340e-01 1.48129891e-01
6.41000000e+09 1.08899625e-01 1.48276352e-01
6.42000000e+09 1.08984845e-01 1.48422746e-01
6.43000000e+09 1.09069999e-01 1.48569074e-01
6.44000000e+09 1.09155087e-01 1.48715336e-01
6.45000000e+09 1.09240111e-01 1.48861532e-01
6.46000000e+09 1.09325069e-01 1.49007662e-01
6.47000000e+09 1.09409963e-01 1.49153727e-01
6.48000000e+09 1.09494792e-01 1.49299727e-01
6.49000000e+09 1.09579556e-01 1.49445661e-01
6.50000000e+09 1.09664255e-01 1.49591530e-01
6.51000000e+09 1.09748891e-01 1.49737335e-01
6.52000000e+09 1.09833462e-01 1.49883074e-01
6.53000000e+09 1.09917969e-01 1.50028749e-01
6.54000000e+09 1.10002413e-01 1.50174360e-01
6.55000000e+09 1.10086792e-01 1.50319906e-01
6.56000000e+09 1.10171108e-01 1.50465388e-01
6.57000000e+09 1.10255361e-01 1.50610805e-01
6.58000000e+09 1.10339551e-01 1.50756160e-01
6.59000000e+09 1.10423677e-01 1.50901450e-01
6.60000000e+09 1.10507740e-01 1.51046676e-01
6.61000000e+09 1.10591741e-01 1.51191840e-01
6.62000000e+09 1.10675678e-01 1.51336940e-01
6.63000000e+09 1.10759554e-01 1.51481976e-01
6.64000000e+09 1.10843366e-01 1.51626950e-01
6.65000000e+09 1.10927117e-01 1.51771861e-01
6.66000000e+09 1.11010805e-01 1.51916709e-01
6.67000000e+09 1.11094432e-01 1.52061495e-01
6.68000000e+09 1.11177997e-01 1.52206218e-01
6.69000000e+09 1.11261499e-01 1.52350879e-01
6.70000000e+09 1.11344941e-01 1.52495477e-01
6.71000000e+09 1.11428321e-01 1.52640014e-01
6.72000000e+09 1.11511639e-01 1.52784488e-01
6.73000000e+09 1.11594897e-01 1.52928901e-01
6.74000000e+09 1.11678093e-01 1.53073252e-01
6.75000000e+09 1.11761229e-01 1.53217542e-01
6.76000000e+09 1.11844304e-01 1.53361771e-01
6.77000000e+09 1.11927318e-01 1.53505938e-01
6.78000000e+09 1.12010272e-01 1.53650044e-01
6.79000000e+09 1.12093165e-01 1.53794089e-01
6.80000000e+09 1.12175998e-01 1.53938074e-01
6.81000000e+09 1.12258771e-01 1.54081997e-01
6.82000000e+09 1.12341485e-01 1.54225861e-01
6.83000000e+09 1.12424138e-01 1.54369663e-01
6.84000000e+09 1.12506732e-01 1.54513406e-01
6.85000000e+09 1.12589266e-01 1.54657088e-01
6.86000000e+09 1.12671741e-01 1.54800711e-01
6.87000000e+09 1.12754157e-01 1.54944273e-01
6.88000000e+09 1.12836513e-01 1.55087776e-01
6.89000000e+09 1.12918810e-01 1.55231219e-01
6.90000000e+09 1.13001049e-01 1.55374603e-01
6.91000000e+09 1.13083229e-01 1.55517927e-01
6.92000000e+09 1.13165350e-01 1.55661192e-01
6.93000000e+09 1.13247412e-01 1.55804398e-01
6.94000000e+09 1.13329417e-01 1.55947545e-01
6.95000000e+09 1.13411363e-01 1.56090633e-01
6.96000000e+09 1.13493250e-01 1.56233662e-01
6.97000000e+09 1.13575080e-01 1.56376633e-01
6.98000000e+09 1.13656852e-01 1.56519545e-01
6.99000000e+09 1.13738567e-01 1.56662399e-01
7.00000000e+09 1.13820223e-01 1.56805195e-01
7.01000000e+09 1.13901823e-01 1.56947933e-01
7.02000000e+09 1.13983364e-01 1.57090613e-01
7.03000000e+09 1.14064849e-01 1.57233234e-01
7.04000000e+09 1.14146276e-01 1.57375799e-01
7.05000000e+09 1.14227647e-01 1.57518305e-01
7.06000000e+09 1.14308960e-01 1.57660754e-01
7.07000000e+09 1.14390217e-01 1.57803146e-01
7.08000000e+09 1.14471417e-01 1.57945480e-01
7.09000000e+09 1.14552561e-01 1.58087758e-01
7.10000000e+09 1.14633648e-01 1.58229978e-01
7.11000000e+09 1.14714679e-01 1.58372142e-01
7.12000000e+09 1.14795654e-01 1.58514249e-01
7.13000000e+09 1.14876573e-01 1.58656299e-01
7.14000000e+09 1.14957436e-01 1.58798292e-01
7.15000000e+09 1.15038243e-01 1.58940230e-01
7.16000000e+09 1.15118994e-01 1.59082111e-01
7.17000000e+09 1.15199690e-01 1.59223935e-01
7.18000000e+09 1.15280331e-01 1.59365704e-01
7.19000000e+09 1.15360916e-01 1.59507417e-01
7.20000000e+09 1.15441446e-01 1.59649074e-01
7.21000000e+09 1.15521921e-01 1.59790676e-01
7.22000000e+09 1.15602340e-01 1.59932221e-01
7.23000000e+09 1.15682705e-01 1.60073712e-01
7.24000000e+09 1.15763016e-01 1.60215147e-01
7.25000000e+09 1.15843271e-01 1.60356527e-01
7.26000000e+09 1.15923472e-01 1.60497851e-01
7.27000000e+09 1.16003619e-01 1.60639121e-01
7.28000000e+09 1.16083711e-01 1.60780336e-01
7.29000000e+09 1.16163749e-01 1.60921496e-01
7.30000000e+09 1.16243733e-01 1.61062601e-01
7.31000000e+09 1.16323663e-01 1.61203652e-01
7.32000000e+09 1.16403540e-01 1.61344648e-01
7.33000000e+09 1.16483362e-01 1.61485590e-01
7.34000000e+09 1.16563131e-01 1.61626478e-01
7.35000000e+09 1.16642847e-01 1.61767312e-01
7.36000000e+09 1.16722509e-01 1.61908092e-01
7.37000000e+09 1.16802117e-01 1.62048818e-01
7.38000000e+09 1.16881673e-01 1.62189490e-01
7.39000000e+09 1.16961175e-01 1.62330108e-01
7.40000000e+09 1.17040625e-01 1.62470673e-01
7.41000000e+09 1.17120021e-01 1.62611184e-01
7.42000000e+09 1.17199365e-01 1.62751642e-01
7.43000000e+09 1.17278657e-01 1.62892047e-01
7.44000000e+09 1.17357895e-01 1.63032399e-01
7.45000000e+09 1.17437082e-01 1.63172698e-01
7.46000000e+09 1.17516215e-01 1.63312944e-01
7.47000000e+09 1.17595297e-01 1.63453137e-01
7.48000000e+09 1.17674327e-01 1.63593277e-01
7.49000000e+09 1.17753304e-01 1.63733365e-01
7.50000000e+09 1.17832230e-01 1.63873400e-01
7.51000000e+09 1.17911104e-01 1.64013383e-01
7.52000000e+09 1.17989926e-01 1.64153313e-01
7.53000000e+09 1.18068697e-01 1.64293192e-01
7.54000000e+09 1.18147416e-01 1.64433018e-01
7.55000000e+09 1.18226084e-01 1.64572793e-01
7.56000000e+09 1.18304700e-01 1.64712515e-01
7.57000000e+09 1.18383266e-01 1.64852186e-01
7.58000000e+09 1.18461780e-01 1.64991805e-01
7.59000000e+09 1.18540243e-01 1.65131373e-01
7.60000000e+09 1.18618655e-01 1.65270889e-01
7.61000000e+09 1.18697017e-01 1.65410354e-01
7.62000000e+09 1.18775328e-01 1.65549767e-01
7.63000000e+09 1.18853588e-01 1.65689130e-01
7.64000000e+09 1.18931798e-01 1.65828441e-01
7.65000000e+09 1.19009958e-01 1.65967701e-01
7.66000000e+09 1.19088067e-01 1.66106911e-01
7.67000000e+09 1.19166126e-01 1.66246070e-01
7.68000000e+09 1.19244135e-01 1.66385178e-01
7.69000000e+09 1.19322094e-01 1.66524235e-01
7.70000000e+09 1.19400004e-01 1.66663243e-01
7.71000000e+09 1.19477863e-01 1.66802199e-01
7.72000000e+09 1.19555673e-01 1.66941106e-01
7.73000000e+09 1.19633433e-01 1.67079962e-01
7.74000000e+09 1.19711144e-01 1.67218769e-01
7.75000000e+09 1.19788805e-01 1.67357525e-01
7.76000000e+09 1.19866417e-01 1.67496232e-01
7.77000000e+09 1.19943980e-01 1.67634888e-01
7.78000000e+09 1.20021493e-01 1.67773496e-01
7.79000000e+09 1.20098958e-01 1.67912053e-01
7.80000000e+09 1.20176374e-01 1.68050561e-01
7.81000000e+09 1.20253741e-01 1.68189020e-01
7.82000000e+09 1.20331059e-01 1.68327429e-01
7.83000000e+09 1.20408329e-01 1.68465789e-01
7.84000000e+09 1.20485550e-01 1.68604100e-01
7.85000000e+09 1.20562723e-01 1.68742362e-01
7.86000000e+09 1.20639847e-01 1.68880575e-01
7.87000000e+09 1.20716923e-01 1.69018740e-01
7.88000000e+09 1.20793951e-01 1.69156855e-01
7.89000000e+09 1.20870931e-01 1.69294922e-01
7.90000000e+09 1.20947863e-01 1.69432941e-01
7.91000000e+09 1.21024747e-01 1.69570911e-01
7.92000000e+09 1.21101583e-01 1.69708832e-01
7.93000000e+09 1.21178372e-01 1.69846706e-01
7.94000000e+09 1.21255113e-01 1.69984531e-01
7.95000000e+09 1.21331806e-01 1.70122308e-01
7.96000000e+09 1.21408452e-01 1.70260037e-01
7.97000000e+09 1.21485051e-01 1.70397718e-01
7.98000000e+09 1.21561602e-01 1.70535351e-01
7.99000000e+09 1.21638106e-01 1.70672937e-01
8.00000000e+09 1.21714564e-01 1.70810475e-01
8.01000000e+09 1.21790974e-01 1.70947965e-01
8.02000000e+09 1.21867337e-01 1.71085408e-01
8.03000000e+09 1.21943654e-01 1.71222804e-01
8.04000000e+09 1.22019923e-01 1.71360152e-01
8.05000000e+09 1.22096147e-01 1.71497454e-01
8.06000000e+09 1.22172323e-01 1.71634708e-01
8.07000000e+09 1.22248453e-01 1.71771915e-01
8.08000000e+09 1.22324537e-01 1.71909075e-01
8.09000000e+09 1.22400575e-01 1.72046188e-01
8.10000000e+09 1.22476566e-01 1.72183255e-01
8.11000000e+09 1.22552512e-01 1.72320275e-01
8.12000000e+09 1.22628411e-01 1.72457248e-01
8.13000000e+09 1.22704264e-01 1.72594175e-01
8.14000000e+09 1.22780072e-01 1.72731055e-01
8.15000000e+09 1.22855833e-01 1.72867889e-01
8.16000000e+09 1.22931549e-01 1.73004677e-01
8.17000000e+09 1.23007220e-01 1.73141419e-01
8.18000000e+09 1.23082845e-01 1.73278114e-01
8.19000000e+09 1.23158424e-01 1.73414764e-01
8.20000000e+09 1.23233959e-01 1.73551368e-01
8.21000000e+09 1.23309448e-01 1.73687925e-01
8.22000000e+09 1.23384891e-01 1.73824438e-01
8.23000000e+09 1.23460290e-01 1.73960904e-01
8.24000000e+09 1.23535644e-01 1.74097325e-01
8.25000000e+09 1.23610952e-01 1.74233701e-01
8.26000000e+09 1.23686216e-01 1.74370031e-01
8.27000000e+09 1.23761436e-01 1.74506315e-01
8.28000000e+09 1.23836610e-01 1.74642555e-01
8.29000000e+09 1.23911740e-01 1.74778749e-01
8.30000000e+09 1.23986825e-01 1.74914899e-01
8.31000000e+09 1.24061866e-01 1.75051003e-01
8.32000000e+09 1.24136863e-01 1.75187062e-01
8.33000000e+09 1.24211815e-01 1.75323077e-01
8.34000000e+09 1.24286724e-01 1.75459047e-01
8.35000000e+09 1.24361588e-01 1.75594972e-01
8.36000000e+09 1.24436408e-01 1.75730853e-01
8.37000000e+09 1.24511184e-01 1.75866689e-01
8.38000000e+09 1.24585916e-01 1.76002480e-01
8.39000000e+09 1.24660604e-01 1.76138228e-01
8.40000000e+09 1.24735249e-01 1.76273931e-01
8.41000000e+09 1.24809850e-01 1.76409590e-01
8.42000000e+09 1.24884408e-01 1.76545205e-01
8.43000000e+09 1.24958922e-01 1.76680775e-01
8.44000000e+09 1.25033392e-01 1.76816302e-01
8.45000000e+09 1.25107820e-01 1.76951785e-01
8.46000000e+09 1.25182204e-01 1.77087224e-01
8.47000000e+09 1.25256545e-01 1.77222619e-01
8.48000000e+09 1.25330843e-01 1.77357971e-01
8.49000000e+09 1.25405097e-01 1.77493279e-01
8.50000000e+09 1.25479309e-01 1.77628544e-01
8.51000000e+09 1.25553478e-01 1.77763765e-01
8.52000000e+09 1.25627605e-01 1.77898943e-01
8.53000000e+09 1.25701688e-01 1.78034078e-01
8.54000000e+09 1.25775729e-01 1.78169170e-01
8.55000000e+09 1.25849728e-01 1.78304218e-01
8.56000000e+09 1.25923684e-01 1.78439224e-01
8.57000000e+09 1.25997597e-01 1.78574186e-01
8.58000000e+09 1.26071468e-01 1.78709106e-01
8.59000000e+09 1.26145297e-01 1.78843982e-01
8.60000000e+09 1.26219084e-01 1.78978816e-01
8.61000000e+09 1.26292829e-01 1.79113608e-01
8.62000000e+09 1.26366531e-01 1.79248357e-01
8.63000000e+09 1.26440192e-01 1.79383063e-01
8.64000000e+09 1.26513811e-01 1.79517727e-01
8.65000000e+09 1.26587388e-01 1.79652348e-01
8.66000000e+09 1.26660923e-01 1.79786928e-01
8.67000000e+09 1.26734417e-01 1.79921465e-01
8.68000000e+09 1.26807869e-01 1.80055959e-01
8.69000000e+09 1.26881279e-01 1.80190412e-01
8.70000000e+09 1.26954648e-01 1.80324823e-01
8.71000000e+09 1.27027976e-01 1.80459192e-01
8.72000000e+09 1.27101262e-01 1.80593519e-01
8.73000000e+09 1.27174507e-01 1.80727804e-01
8.74000000e+09 1.27247711e-01 1.80862048e-01
8.75000000e+09 1.27320874e-01 1.80996250e-01
8.76000000e+09 1.27393996e-01 1.81130410e-01
8.77000000e+09 1.27467077e-01 1.81264529e-01
8.78000000e+09 1.27540117e-01 1.81398607e-01
8.79000000e+09 1.27613116e-01 1.81532643e-01
8.80000000e+09 1.27686075e-01 1.81666638e-01
8.81000000e+09 1.27758993e-01 1.81800591e-01
8.82000000e+09 1.27831870e-01 1.81934504e-01
8.83000000e+09 1.27904707e-01 1.82068375e-01
8.84000000e+09 1.27977503e-01 1.82202206e-01
8.85000000e+09 1.28050259e-01 1.82335995e-01
8.86000000e+09 1.28122975e-01 1.82469744e-01
8.87000000e+09 1.28195650e-01 1.82603452e-01
8.88000000e+09 1.28268285e-01 1.82737119e-01
8.89000000e+09 1.28340880e-01 1.82870746e-01
8.90000000e+09 1.28413435e-01 1.83004332e-01
8.91000000e+09 1.28485951e-01 1.83137877e-01
8.92000000e+09 1.28558426e-01 1.83271382e-01
8.93000000e+09 1.28630861e-01 1.83404847e-01
8.94000000e+09 1.28703257e-01 1.83538271e-01
8.95000000e+09 1.28775613e-01 1.83671655e-01
8.96000000e+09 1.28847929e-01 1.83804999e-01
8.97000000e+09 1.28920206e-01 1.83938303e-01
8.98000000e+09 1.28992443e-01 1.84071566e-01
8.99000000e+09 1.29064640e-01 1.84204790e-01
9.00000000e+09 1.29136799e-01 1.84337974e-01
9.01000000e+09 1.29208918e-01 1.84471118e-01
9.02000000e+09 1.29280998e-01 1.84604222e-01
9.03000000e+09 1.29353039e-01 1.84737287e-01
9.04000000e+09 1.29425040e-01 1.84870312e-01
9.05000000e+09 1.29497003e-01 1.85003297e-01
9.06000000e+09 1.29568926e-01 1.85136243e-01
9.07000000e+09 1.29640811e-01 1.85269149e-01
9.08000000e+09 1.29712657e-01 1.85402016e-01
9.09000000e+09 1.29784464e-01 1.85534844e-01
9.10000000e+09 1.29856232e-01 1.85667633e-01
9.11000000e+09 1.29927962e-01 1.85800382e-01
9.12000000e+09 1.29999653e-01 1.85933092e-01
9.13000000e+09 1.30071306e-01 1.86065763e-01
9.14000000e+09 1.30142920e-01 1.86198395e-01
9.15000000e+09 1.30214496e-01 1.86330988e-01
9.16000000e+09 1.30286033e-01 1.86463543e-01
9.17000000e+09 1.30357532e-01 1.86596058e-01
9.18000000e+09 1.30428993e-01 1.86728535e-01
9.19000000e+09 1.30500416e-01 1.86860973e-01
9.20000000e+09 1.30571801e-01 1.86993373e-01
9.21000000e+09 1.30643148e-01 1.87125734e-01
9.22000000e+09 1.30714457e-01 1.87258056e-01
9.23000000e+09 1.30785727e-01 1.87390340e-01
9.24000000e+09 1.30856961e-01 1.87522586e-01
9.25000000e+09 1.30928156e-01 1.87654793e-01
9.26000000e+09 1.30999314e-01 1.87786962e-01
9.27000000e+09 1.31070434e-01 1.87919093e-01
9.28000000e+09 1.31141516e-01 1.88051186e-01
9.29000000e+09 1.31212561e-01 1.88183241e-01
9.30000000e+09 1.31283569e-01 1.88315258e-01
9.31000000e+09 1.31354539e-01 1.88447237e-01
9.32000000e+09 1.31425471e-01 1.88579178e-01
9.33000000e+09 1.31496367e-01 1.88711081e-01
9.34000000e+09 1.31567225e-01 1.88842947e-01
9.35000000e+09 1.31638046e-01 1.88974775e-01
9.36000000e+09 1.31708830e-01 1.89106565e-01
9.37000000e+09 1.31779577e-01 1.89238318e-01
9.38000000e+09 1.31850287e-01 1.89370033e-01
9.39000000e+09 1.31920960e-01 1.89501710e-01
9.40000000e+09 1.31991597e-01 1.89633351e-01
9.41000000e+09 1.32062196e-01 1.89764954e-01
9.42000000e+09 1.32132759e-01 1.89896520e-01
9.43000000e+09 1.32203285e-01 1.90028048e-01
9.44000000e+09 1.32273775e-01 1.90159540e-01
9.45000000e+09 1.32344228e-01 1.90290994e-01
9.46000000e+09 1.32414644e-01 1.90422411e-01
9.47000000e+09 1.32485024e-01 1.90553792e-01
9.48000000e+09 1.32555368e-01 1.90685135e-01
9.49000000e+09 1.32625675e-01 1.90816442e-01
9.50000000e+09 1.32695946e-01 1.90947711e-01
9.51000000e+09 1.32766181e-01 1.91078945e-01
9.52000000e+09 1.32836380e-01 1.91210141e-01
9.53000000e+09 1.32906542e-01 1.91341301e-01
9.54000000e+09 1.32976669e-01 1.91472424e-01
9.55000000e+09 1.33046759e-01 1.91603511e-01
9.56000000e+09 1.33116814e-01 1.91734561e-01
9.57000000e+09 1.33186833e-01 1.91865575e-01
9.58000000e+09 1.33256816e-01 1.91996553e-01
9.59000000e+09 1.33326763e-01 1.92127494e-01
9.60000000e+09 1.33396675e-01 1.92258399e-01
9.61000000e+09 1.33466551e-01 1.92389268e-01
9.62000000e+09 1.33536391e-01 1.92520101e-01
9.63000000e+09 1.33606196e-01 1.92650898e-01
9.64000000e+09 1.33675965e-01 1.92781658e-01
9.65000000e+09 1.33745699e-01 1.92912383e-01
9.66000000e+09 1.33815398e-01 1.93043072e-01
9.67000000e+09 1.33885061e-01 1.93173725e-01
9.68000000e+09 1.33954689e-01 1.93304343e-01
9.69000000e+09 1.34024282e-01 1.93434924e-01
9.70000000e+09 1.34093840e-01 1.93565471e-01
9.71000000e+09 1.34163363e-01 1.93695981e-01
9.72000000e+09 1.34232851e-01 1.93826456e-01
9.73000000e+09 1.34302303e-01 1.93956895e-01
9.74000000e+09 1.34371721e-01 1.94087299e-01
9.75000000e+09 1.34441104e-01 1.94217668e-01
9.76000000e+09 1.34510452e-01 1.94348001e-01
9.77000000e+09 1.34579766e-01 1.94478299e-01
9.78000000e+09 1.34649044e-01 1.94608562e-01
9.79000000e+09 1.34718288e-01 1.94738790e-01
9.80000000e+09 1.34787498e-01 1.94868982e-01
9.81000000e+09 1.34856673e-01 1.94999139e-01
9.82000000e+09 1.34925813e-01 1.95129262e-01
9.83000000e+09 1.34994919e-01 1.95259349e-01
9.84000000e+09 1.35063991e-01 1.95389402e-01
9.85000000e+09 1.35133028e-01 1.95519420e-01
9.86000000e+09 1.35202031e-01 1.95649403e-01
9.87000000e+09 1.35271000e-01 1.95779351e-01
9.88000000e+09 1.35339935e-01 1.95909265e-01
9.89000000e+09 1.35408836e-01 1.96039144e-01
9.90000000e+09 1.35477702e-01 1.96168988e-01
9.91000000e+09 1.35546535e-01 1.96298798e-01
9.92000000e+09 1.35615333e-01 1.96428573e-01
9.93000000e+09 1.35684098e-01 1.96558314e-01
9.94000000e+09 1.35752829e-01 1.96688021e-01
9.95000000e+09 1.35821526e-01 1.96817693e-01
9.96000000e+09 1.35890189e-01 1.96947331e-01
9.97000000e+09 1.35958819e-01 1.97076935e-01
9.98000000e+09 1.36027414e-01 1.97206504e-01
9.99000000e+09 1.36095977e-01 1.97336040e-01
1.00000000e+10 1.36164506e-01 1.97465541e-01
1.00100000e+10 1.36233001e-01 1.97595009e-01
1.00200000e+10 1.36301463e-01 1.97724442e-01
1.00300000e+10 1.36369891e-01 1.97853842e-01
1.00400000e+10 1.36438286e-01 1.97983208e-01
1.00500000e+10 1.36506648e-01 1.98112540e-01
1.00600000e+10 1.36574977e-01 1.98241838e-01
1.00700000e+10 1.36643272e-01 1.98371102e-01
1.00800000e+10 1.36711535e-01 1.98500333e-01
1.00900000e+10 1.36779764e-01 1.98629530e-01
1.01000000e+10 1.36847960e-01 1.98758694e-01
1.01100000e+10 1.36916123e-01 1.98887824e-01
1.01200000e+10 1.36984254e-01 1.99016921e-01
1.01300000e+10 1.37052351e-01 1.99145984e-01
1.01400000e+10 1.37120415e-01 1.99275014e-01
1.01500000e+10 1.37188447e-01 1.99404011e-01
1.01600000e+10 1.37256446e-01 1.99532974e-01
1.01700000e+10 1.37324413e-01 1.99661905e-01
1.01800000e+10 1.37392346e-01 1.99790802e-01
1.01900000e+10 1.37460247e-01 1.99919666e-01
1.02000000e+10 1.37528116e-01 2.00048496e-01
1.02100000e+10 1.37595952e-01 2.00177294e-01
1.02200000e+10 1.37663755e-01 2.00306059e-01
1.02300000e+10 1.37731527e-01 2.00434791e-01
1.02400000e+10 1.37799265e-01 2.00563490e-01
1.02500000e+10 1.37866972e-01 2.00692157e-01
1.02600000e+10 1.37934646e-01 2.00820790e-01
1.02700000e+10 1.38002288e-01 2.00949391e-01
1.02800000e+10 1.38069898e-01 2.01077959e-01
1.02900000e+10 1.38137476e-01 2.01206495e-01
1.03000000e+10 1.38205022e-01 2.01334998e-01
1.03100000e+10 1.38272535e-01 2.01463468e-01
1.03200000e+10 1.38340017e-01 2.01591906e-01
1.03300000e+10 1.38407467e-01 2.01720312e-01
1.03400000e+10 1.38474885e-01 2.01848685e-01
1.03500000e+10 1.38542271e-01 2.01977026e-01
1.03600000e+10 1.38609625e-01 2.02105334e-01
1.03700000e+10 1.38676948e-01 2.02233610e-01
1.03800000e+10 1.38744239e-01 2.02361854e-01
1.03900000e+10 1.38811498e-01 2.02490066e-01
1.04000000e+10 1.38878726e-01 2.02618246e-01
1.04100000e+10 1.38945922e-01 2.02746394e-01
1.04200000e+10 1.39013086e-01 2.02874510e-01
1.04300000e+10 1.39080219e-01 2.03002593e-01
1.04400000e+10 1.39147321e-01 2.03130645e-01
1.04500000e+10 1.39214391e-01 2.03258665e-01
1.04600000e+10 1.39281430e-01 2.03386653e-01
1.04700000e+10 1.39348438e-01 2.03514610e-01
1.04800000e+10 1.39415415e-01 2.03642534e-01
1.04900000e+10 1.39482360e-01 2.03770427e-01
1.05000000e+10 1.39549274e-01 2.03898289e-01
1.05100000e+10 1.39616157e-01 2.04026118e-01
1.05200000e+10 1.39683009e-01 2.04153916e-01
1.05300000e+10 1.39749830e-01 2.04281683e-01
1.05400000e+10 1.39816621e-01 2.04409418e-01
1.05500000e+10 1.39883380e-01 2.04537122e-01
1.05600000e+10 1.39950108e-01 2.04664794e-01
1.05700000e+10 1.40016805e-01 2.04792435e-01
1.05800000e+10 1.40083472e-01 2.04920045e-01
1.05900000e+10 1.40150108e-01 2.05047623e-01
1.06000000e+10 1.40216713e-01 2.05175171e-01
1.06100000e+10 1.40283288e-01 2.05302687e-01
1.06200000e+10 1.40349832e-01 2.05430172e-01
1.06300000e+10 1.40416345e-01 2.05557626e-01
1.06400000e+10 1.40482828e-01 2.05685049e-01
1.06500000e+10 1.40549281e-01 2.05812441e-01
1.06600000e+10 1.40615703e-01 2.05939802e-01
1.06700000e+10 1.40682094e-01 2.06067132e-01
1.06800000e+10 1.40748456e-01 2.06194431e-01
1.06900000e+10 1.40814786e-01 2.06321699e-01
1.07000000e+10 1.40881087e-01 2.06448937e-01
1.07100000e+10 1.40947358e-01 2.06576144e-01
1.07200000e+10 1.41013598e-01 2.06703321e-01
1.07300000e+10 1.41079808e-01 2.06830466e-01
1.07400000e+10 1.41145988e-01 2.06957581e-01
1.07500000e+10 1.41212138e-01 2.07084666e-01
1.07600000e+10 1.41278258e-01 2.07211720e-01
1.07700000e+10 1.41344349e-01 2.07338743e-01
1.07800000e+10 1.41410409e-01 2.07465737e-01
1.07900000e+10 1.41476439e-01 2.07592699e-01
1.08000000e+10 1.41542439e-01 2.07719632e-01
1.08100000e+10 1.41608410e-01 2.07846534e-01
1.08200000e+10 1.41674351e-01 2.07973406e-01
1.08300000e+10 1.41740262e-01 2.08100248e-01
1.08400000e+10 1.41806144e-01 2.08227059e-01
1.08500000e+10 1.41871996e-01 2.08353841e-01
1.08600000e+10 1.41937818e-01 2.08480592e-01
1.08700000e+10 1.42003611e-01 2.08607313e-01
1.08800000e+10 1.42069374e-01 2.08734005e-01
1.08900000e+10 1.42135108e-01 2.08860666e-01
1.09000000e+10 1.42200813e-01 2.08987297e-01
1.09100000e+10 1.42266488e-01 2.09113899e-01
1.09200000e+10 1.42332133e-01 2.09240471e-01
1.09300000e+10 1.42397750e-01 2.09367013e-01
1.09400000e+10 1.42463337e-01 2.09493525e-01
1.09500000e+10 1.42528895e-01 2.09620007e-01
1.09600000e+10 1.42594424e-01 2.09746460e-01
1.09700000e+10 1.42659923e-01 2.09872883e-01
1.09800000e+10 1.42725394e-01 2.09999277e-01
1.09900000e+10 1.42790835e-01 2.10125641e-01
1.10000000e+10 1.42856248e-01 2.10251976e-01
1.10100000e+10 1.42921632e-01 2.10378281e-01
1.10200000e+10 1.42986986e-01 2.10504556e-01
1.10300000e+10 1.43052312e-01 2.10630803e-01
1.10400000e+10 1.43117609e-01 2.10757019e-01
1.10500000e+10 1.43182877e-01 2.10883207e-01
1.10600000e+10 1.43248116e-01 2.11009365e-01
1.10700000e+10 1.43313327e-01 2.11135495e-01
1.10800000e+10 1.43378509e-01 2.11261594e-01
1.10900000e+10 1.43443662e-01 2.11387665e-01
1.11000000e+10 1.43508786e-01 2.11513707e-01
1.11100000e+10 1.43573882e-01 2.11639720e-01
1.11200000e+10 1.43638950e-01 2.11765703e-01
1.11300000e+10 1.43703989e-01 2.11891658e-01
1.11400000e+10 1.43768999e-01 2.12017583e-01
1.11500000e+10 1.43833982e-01 2.12143480e-01
1.11600000e+10 1.43898935e-01 2.12269348e-01
1.11700000e+10 1.43963861e-01 2.12395187e-01
1.11800000e+10 1.44028758e-01 2.12520997e-01
1.11900000e+10 1.44093627e-01 2.12646779e-01
1.12000000e+10 1.44158467e-01 2.12772531e-01
1.12100000e+10 1.44223280e-01 2.12898256e-01
1.12200000e+10 1.44288064e-01 2.13023951e-01
1.12300000e+10 1.44352820e-01 2.13149618e-01
1.12400000e+10 1.44417548e-01 2.13275256e-01
1.12500000e+10 1.44482248e-01 2.13400866e-01
1.12600000e+10 1.44546920e-01 2.13526447e-01
1.12700000e+10 1.44611564e-01 2.13652000e-01
1.12800000e+10 1.44676181e-01 2.13777524e-01
1.12900000e+10 1.44740769e-01 2.13903020e-01
1.13000000e+10 1.44805329e-01 2.14028488e-01
1.13100000e+10 1.44869862e-01 2.14153927e-01
1.13200000e+10 1.44934367e-01 2.14279339e-01
1.13300000e+10 1.44998844e-01 2.14404722e-01
1.13400000e+10 1.45063294e-01 2.14530076e-01
1.13500000e+10 1.45127715e-01 2.14655403e-01
1.13600000e+10 1.45192110e-01 2.14780701e-01
1.13700000e+10 1.45256476e-01 2.14905972e-01
1.13800000e+10 1.45320815e-01 2.15031214e-01
1.13900000e+10 1.45385127e-01 2.15156428e-01
1.14000000e+10 1.45449411e-01 2.15281615e-01
1.14100000e+10 1.45513668e-01 2.15406773e-01
1.14200000e+10 1.45577897e-01 2.15531904e-01
1.14300000e+10 1.45642099e-01 2.15657007e-01
1.14400000e+10 1.45706273e-01 2.15782082e-01
1.14500000e+10 1.45770420e-01 2.15907129e-01
1.14600000e+10 1.45834541e-01 2.16032148e-01
1.14700000e+10 1.45898633e-01 2.16157140e-01
1.14800000e+10 1.45962699e-01 2.16282104e-01
1.14900000e+10 1.46026737e-01 2.16407040e-01
1.15000000e+10 1.46090749e-01 2.16531949e-01
1.15100000e+10 1.46154733e-01 2.16656830e-01
1.15200000e+10 1.46218690e-01 2.16781684e-01
1.15300000e+10 1.46282620e-01 2.16906510e-01
1.15400000e+10 1.46346524e-01 2.17031309e-01
1.15500000e+10 1.46410400e-01 2.17156081e-01
1.15600000e+10 1.46474250e-01 2.17280825e-01
1.15700000e+10 1.46538072e-01 2.17405541e-01
1.15800000e+10 1.46601868e-01 2.17530230e-01
1.15900000e+10 1.46665637e-01 2.17654893e-01
1.16000000e+10 1.46729379e-01 2.17779527e-01
1.16100000e+10 1.46793095e-01 2.17904135e-01
1.16200000e+10 1.46856783e-01 2.18028715e-01
1.16300000e+10 1.46920446e-01 2.18153269e-01
1.16400000e+10 1.46984081e-01 2.18277795e-01
1.16500000e+10 1.47047690e-01 2.18402294e-01
1.16600000e+10 1.47111273e-01 2.18526766e-01
1.16700000e+10 1.47174829e-01 2.18651211e-01
1.16800000e+10 1.47238358e-01 2.18775630e-01
1.16900000e+10 1.47301861e-01 2.18900021e-01
1.17000000e+10 1.47365338e-01 2.19024385e-01
1.17100000e+10 1.47428788e-01 2.19148723e-01
1.17200000e+10 1.47492212e-01 2.19273033e-01
1.17300000e+10 1.47555609e-01 2.19397317e-01
1.17400000e+10 1.47618981e-01 2.19521575e-01
1.17500000e+10 1.47682326e-01 2.19645805e-01
1.17600000e+10 1.47745645e-01 2.19770009e-01
1.17700000e+10 1.47808937e-01 2.19894186e-01
1.17800000e+10 1.47872204e-01 2.20018336e-01
1.17900000e+10 1.47935445e-01 2.20142460e-01
1.18000000e+10 1.47998659e-01 2.20266558e-01
1.18100000e+10 1.48061847e-01 2.20390628e-01
1.18200000e+10 1.48125010e-01 2.20514673e-01
1.18300000e+10 1.48188146e-01 2.20638691e-01
1.18400000e+10 1.48251257e-01 2.20762682e-01
1.18500000e+10 1.48314341e-01 2.20886647e-01
1.18600000e+10 1.48377400e-01 2.21010586e-01
1.18700000e+10 1.48440433e-01 2.21134499e-01
1.18800000e+10 1.48503440e-01 2.21258385e-01
1.18900000e+10 1.48566422e-01 2.21382245e-01
1.19000000e+10 1.48629377e-01 2.21506079e-01
1.19100000e+10 1.48692307e-01 2.21629886e-01
1.19200000e+10 1.48755212e-01 2.21753668e-01
1.19300000e+10 1.48818090e-01 2.21877423e-01
1.19400000e+10 1.48880943e-01 2.22001152e-01
1.19500000e+10 1.48943771e-01 2.22124856e-01
1.19600000e+10 1.49006573e-01 2.22248533e-01
1.19700000e+10 1.49069349e-01 2.22372184e-01
1.19800000e+10 1.49132100e-01 2.22495809e-01
1.19900000e+10 1.49194826e-01 2.22619409e-01
1.20000000e+10 1.49257526e-01 2.22742982e-01
1.20100000e+10 1.49320200e-01 2.22866530e-01
1.20200000e+10 1.49382850e-01 2.22990052e-01
1.20300000e+10 1.49445474e-01 2.23113548e-01
1.20400000e+10 1.49508073e-01 2.23237018e-01
1.20500000e+10 1.49570646e-01 2.23360462e-01
1.20600000e+10 1.49633195e-01 2.23483881e-01
1.20700000e+10 1.49695718e-01 2.23607274e-01
1.20800000e+10 1.49758216e-01 2.23730642e-01
1.20900000e+10 1.49820689e-01 2.23853984e-01
1.21000000e+10 1.49883137e-01 2.23977300e-01
1.21100000e+10 1.49945560e-01 2.24100591e-01
1.21200000e+10 1.50007957e-01 2.24223857e-01
1.21300000e+10 1.50070330e-01 2.24347097e-01
1.21400000e+10 1.50132678e-01 2.24470311e-01
1.21500000e+10 1.50195001e-01 2.24593500e-01
1.21600000e+10 1.50257299e-01 2.24716664e-01
1.21700000e+10 1.50319572e-01 2.24839802e-01
1.21800000e+10 1.50381821e-01 2.24962915e-01
1.21900000e+10 1.50444044e-01 2.25086003e-01
1.22000000e+10 1.50506243e-01 2.25209066e-01
1.22100000e+10 1.50568417e-01 2.25332103e-01
1.22200000e+10 1.50630566e-01 2.25455115e-01
1.22300000e+10 1.50692691e-01 2.25578102e-01
1.22400000e+10 1.50754791e-01 2.25701064e-01
1.22500000e+10 1.50816866e-01 2.25824001e-01
1.22600000e+10 1.50878917e-01 2.25946913e-01
1.22700000e+10 1.50940943e-01 2.26069800e-01
1.22800000e+10 1.51002945e-01 2.26192661e-01
1.22900000e+10 1.51064922e-01 2.26315498e-01
1.23000000e+10 1.51126875e-01 2.26438310e-01
1.23100000e+10 1.51188803e-01 2.26561097e-01
1.23200000e+10 1.51250707e-01 2.26683859e-01
1.23300000e+10 1.51312586e-01 2.26806596e-01
1.23400000e+10 1.51374442e-01 2.26929308e-01
1.23500000e+10 1.51436272e-01 2.27051996e-01
1.23600000e+10 1.51498079e-01 2.27174659e-01
1.23700000e+10 1.51559861e-01 2.27297297e-01
1.23800000e+10 1.51621619e-01 2.27419910e-01
1.23900000e+10 1.51683353e-01 2.27542499e-01
1.24000000e+10 1.51745063e-01 2.27665063e-01
1.24100000e+10 1.51806749e-01 2.27787603e-01
1.24200000e+10 1.51868410e-01 2.27910118e-01
1.24300000e+10 1.51930048e-01 2.28032608e-01
1.24400000e+10 1.51991661e-01 2.28155074e-01
1.24500000e+10 1.52053251e-01 2.28277515e-01
1.24600000e+10 1.52114816e-01 2.28399932e-01
1.24700000e+10 1.52176357e-01 2.28522325e-01
1.24800000e+10 1.52237875e-01 2.28644693e-01
1.24900000e+10 1.52299369e-01 2.28767037e-01
1.25000000e+10 1.52360838e-01 2.28889356e-01
1.25100000e+10 1.52422284e-01 2.29011651e-01
1.25200000e+10 1.52483706e-01 2.29133922e-01
1.25300000e+10 1.52545105e-01 2.29256169e-01
1.25400000e+10 1.52606479e-01 2.29378391e-01
1.25500000e+10 1.52667830e-01 2.29500589e-01
1.25600000e+10 1.52729157e-01 2.29622763e-01
1.25700000e+10 1.52790461e-01 2.29744913e-01
1.25800000e+10 1.52851741e-01 2.29867039e-01
1.25900000e+10 1.52912997e-01 2.29989140e-01
1.26000000e+10 1.52974230e-01 2.30111218e-01
1.26100000e+10 1.53035439e-01 2.30233272e-01
1.26200000e+10 1.53096624e-01 2.30355301e-01
1.26300000e+10 1.53157786e-01 2.30477307e-01
1.26400000e+10 1.53218925e-01 2.30599289e-01
1.26500000e+10 1.53280040e-01 2.30721247e-01
1.26600000e+10 1.53341132e-01 2.30843181e-01
1.26700000e+10 1.53402201e-01 2.30965091e-01
1.26800000e+10 1.53463246e-01 2.31086977e-01
1.26900000e+10 1.53524267e-01 2.31208839e-01
1.27000000e+10 1.53585266e-01 2.31330678e-01
1.27100000e+10 1.53646241e-01 2.31452493e-01
1.27200000e+10 1.53707193e-01 2.31574285e-01
1.27300000e+10 1.53768122e-01 2.31696052e-01
1.27400000e+10 1.53829027e-01 2.31817796e-01
1.27500000e+10 1.53889910e-01 2.31939517e-01
1.27600000e+10 1.53950769e-01 2.32061213e-01
1.27700000e+10 1.54011605e-01 2.32182887e-01
1.27800000e+10 1.54072418e-01 2.32304536e-01
1.27900000e+10 1.54133208e-01 2.32426162e-01
1.28000000e+10 1.54193975e-01 2.32547765e-01
1.28100000e+10 1.54254719e-01 2.32669344e-01
1.28200000e+10 1.54315440e-01 2.32790900e-01
1.28300000e+10 1.54376139e-01 2.32912432e-01
1.28400000e+10 1.54436814e-01 2.33033941e-01
1.28500000e+10 1.54497466e-01 2.33155427e-01
1.28600000e+10 1.54558096e-01 2.33276890e-01
1.28700000e+10 1.54618702e-01 2.33398329e-01
1.28800000e+10 1.54679286e-01 2.33519744e-01
1.28900000e+10 1.54739847e-01 2.33641137e-01
1.29000000e+10 1.54800386e-01 2.33762506e-01
1.29100000e+10 1.54860901e-01 2.33883853e-01
1.29200000e+10 1.54921394e-01 2.34005176e-01
1.29300000e+10 1.54981864e-01 2.34126475e-01
1.29400000e+10 1.55042312e-01 2.34247752e-01
1.29500000e+10 1.55102737e-01 2.34369006e-01
1.29600000e+10 1.55163140e-01 2.34490237e-01
1.29700000e+10 1.55223520e-01 2.34611444e-01
1.29800000e+10 1.55283877e-01 2.34732629e-01
1.29900000e+10 1.55344212e-01 2.34853791e-01
1.30000000e+10 1.55404524e-01 2.34974929e-01
1.30100000e+10 1.55464814e-01 2.35096045e-01
1.30200000e+10 1.55525082e-01 2.35217138e-01
1.30300000e+10 1.55585327e-01 2.35338208e-01
1.30400000e+10 1.55645549e-01 2.35459256e-01
1.30500000e+10 1.55705750e-01 2.35580280e-01
1.30600000e+10 1.55765928e-01 2.35701282e-01
1.30700000e+10 1.55826084e-01 2.35822261e-01
1.30800000e+10 1.55886217e-01 2.35943217e-01
1.30900000e+10 1.55946328e-01 2.36064150e-01
1.31000000e+10 1.56006417e-01 2.36185061e-01
1.31100000e+10 1.56066484e-01 2.36305949e-01
1.31200000e+10 1.56126529e-01 2.36426815e-01
1.31300000e+10 1.56186552e-01 2.36547658e-01
1.31400000e+10 1.56246552e-01 2.36668478e-01
1.31500000e+10 1.56306530e-01 2.36789276e-01
1.31600000e+10 1.56366487e-01 2.36910052e-01
1.31700000e+10 1.56426421e-01 2.37030804e-01
1.31800000e+10 1.56486333e-01 2.37151535e-01
1.31900000e+10 1.56546223e-01 2.37272243e-01
1.32000000e+10 1.56606092e-01 2.37392928e-01
1.32100000e+10 1.56665938e-01 2.37513591e-01
1.32200000e+10 1.56725763e-01 2.37634232e-01
1.32300000e+10 1.56785565e-01 2.37754850e-01
1.32400000e+10 1.56845346e-01 2.37875446e-01
1.32500000e+10 1.56905105e-01 2.37996020e-01
1.32600000e+10 1.56964842e-01 2.38116572e-01
1.32700000e+10 1.57024557e-01 2.38237101e-01
1.32800000e+10 1.57084251e-01 2.38357608e-01
1.32900000e+10 1.57143923e-01 2.38478093e-01
1.33000000e+10 1.57203573e-01 2.38598556e-01
1.33100000e+10 1.57263201e-01 2.38718996e-01
1.33200000e+10 1.57322808e-01 2.38839415e-01
1.33300000e+10 1.57382393e-01 2.38959811e-01
1.33400000e+10 1.57441957e-01 2.39080186e-01
1.33500000e+10 1.57501499e-01 2.39200538e-01
1.33600000e+10 1.57561019e-01 2.39320868e-01
1.33700000e+10 1.57620518e-01 2.39441176e-01
1.33800000e+10 1.57679995e-01 2.39561463e-01
1.33900000e+10 1.57739451e-01 2.39681727e-01
1.34000000e+10 1.57798886e-01 2.39801970e-01
1.34100000e+10 1.57858299e-01 2.39922190e-01
1.34200000e+10 1.57917690e-01 2.40042389e-01
1.34300000e+10 1.57977060e-01 2.40162566e-01
1.34400000e+10 1.58036409e-01 2.40282721e-01
1.34500000e+10 1.58095737e-01 2.40402854e-01
1.34600000e+10 1.58155043e-01 2.40522966e-01
1.34700000e+10 1.58214328e-01 2.40643055e-01
1.34800000e+10 1.58273591e-01 2.40763123e-01
1.34900000e+10 1.58332834e-01 2.40883170e-01
1.35000000e+10 1.58392055e-01 2.41003195e-01
1.35100000e+10 1.58451255e-01 2.41123198e-01
1.35200000e+10 1.58510434e-01 2.41243179e-01
1.35300000e+10 1.58569591e-01 2.41363139e-01
1.35400000e+10 1.58628728e-01 2.41483077e-01
1.35500000e+10 1.58687844e-01 2.41602994e-01
1.35600000e+10 1.58746938e-01 2.41722889e-01
1.35700000e+10 1.58806011e-01 2.41842763e-01
1.35800000e+10 1.58865064e-01 2.41962615e-01
1.35900000e+10 1.58924095e-01 2.42082446e-01
1.36000000e+10 1.58983105e-01 2.42202255e-01
1.36100000e+10 1.59042095e-01 2.42322043e-01
1.36200000e+10 1.59101063e-01 2.42441809e-01
1.36300000e+10 1.59160011e-01 2.42561554e-01
1.36400000e+10 1.59218937e-01 2.42681278e-01
1.36500000e+10 1.59277843e-01 2.42800981e-01
1.36600000e+10 1.59336728e-01 2.42920662e-01
1.36700000e+10 1.59395592e-01 2.43040322e-01
1.36800000e+10 1.59454436e-01 2.43159961e-01
1.36900000e+10 1.59513258e-01 2.43279578e-01
1.37000000e+10 1.59572060e-01 2.43399175e-01
1.37100000e+10 1.59630841e-01 2.43518750e-01
1.37200000e+10 1.59689602e-01 2.43638304e-01
1.37300000e+10 1.59748341e-01 2.43757837e-01
1.37400000e+10 1.59807061e-01 2.43877348e-01
1.37500000e+10 1.59865759e-01 2.43996839e-01
1.37600000e+10 1.59924437e-01 2.44116309e-01
1.37700000e+10 1.59983094e-01 2.44235757e-01
1.37800000e+10 1.60041731e-01 2.44355185e-01
1.37900000e+10 1.60100347e-01 2.44474592e-01
1.38000000e+10 1.60158943e-01 2.44593977e-01
1.38100000e+10 1.60217518e-01 2.44713342e-01
1.38200000e+10 1.60276073e-01 2.44832686e-01
1.38300000e+10 1.60334607e-01 2.44952009e-01
1.38400000e+10 1.60393121e-01 2.45071311e-01
1.38500000e+10 1.60451615e-01 2.45190592e-01
1.38600000e+10 1.60510088e-01 2.45309852e-01
1.38700000e+10 1.60568541e-01 2.45429092e-01
1.38800000e+10 1.60626973e-01 2.45548311e-01
1.38900000e+10 1.60685385e-01 2.45667509e-01
1.39000000e+10 1.60743777e-01 2.45786686e-01
1.39100000e+10 1.60802148e-01 2.45905843e-01
1.39200000e+10 1.60860500e-01 2.46024979e-01
1.39300000e+10 1.60918831e-01 2.46144094e-01
1.39400000e+10 1.60977142e-01 2.46263188e-01
1.39500000e+10 1.61035433e-01 2.46382262e-01
1.39600000e+10 1.61093703e-01 2.46501316e-01
1.39700000e+10 1.61151954e-01 2.46620348e-01
1.39800000e+10 1.61210184e-01 2.46739361e-01
1.39900000e+10 1.61268394e-01 2.46858352e-01
1.40000000e+10 1.61326584e-01 2.46977324e-01
1.40100000e+10 1.61384754e-01 2.47096274e-01
1.40200000e+10 1.61442905e-01 2.47215205e-01
1.40300000e+10 1.61501035e-01 2.47334114e-01
1.40400000e+10 1.61559145e-01 2.47453004e-01
1.40500000e+10 1.61617235e-01 2.47571873e-01
1.40600000e+10 1.61675305e-01 2.47690721e-01
1.40700000e+10 1.61733356e-01 2.47809549e-01
1.40800000e+10 1.61791386e-01 2.47928357e-01
1.40900000e+10 1.61849397e-01 2.48047145e-01
1.41000000e+10 1.61907387e-01 2.48165912e-01
1.41100000e+10 1.61965358e-01 2.48284659e-01
1.41200000e+10 1.62023309e-01 2.48403386e-01
1.41300000e+10 1.62081241e-01 2.48522092e-01
1.41400000e+10 1.62139152e-01 2.48640779e-01
1.41500000e+10 1.62197044e-01 2.48759445e-01
1.41600000e+10 1.62254916e-01 2.48878091e-01
1.41700000e+10 1.62312769e-01 2.48996717e-01
1.41800000e+10 1.62370601e-01 2.49115323e-01
1.41900000e+10 1.62428415e-01 2.49233908e-01
1.42000000e+10 1.62486208e-01 2.49352474e-01
1.42100000e+10 1.62543982e-01 2.49471019e-01
1.42200000e+10 1.62601736e-01 2.49589545e-01
1.42300000e+10 1.62659471e-01 2.49708050e-01
1.42400000e+10 1.62717186e-01 2.49826536e-01
1.42500000e+10 1.62774882e-01 2.49945001e-01
1.42600000e+10 1.62832558e-01 2.50063447e-01
1.42700000e+10 1.62890214e-01 2.50181872e-01
1.42800000e+10 1.62947851e-01 2.50300278e-01
1.42900000e+10 1.63005469e-01 2.50418664e-01
1.43000000e+10 1.63063067e-01 2.50537030e-01
1.43100000e+10 1.63120646e-01 2.50655376e-01
1.43200000e+10 1.63178206e-01 2.50773702e-01
1.43300000e+10 1.63235746e-01 2.50892009e-01
1.43400000e+10 1.63293267e-01 2.51010295e-01
1.43500000e+10 1.63350768e-01 2.51128562e-01
1.43600000e+10 1.63408250e-01 2.51246809e-01
1.43700000e+10 1.63465713e-01 2.51365037e-01
1.43800000e+10 1.63523157e-01 2.51483245e-01
1.43900000e+10 1.63580581e-01 2.51601433e-01
1.44000000e+10 1.63637987e-01 2.51719601e-01
1.44100000e+10 1.63695373e-01 2.51837750e-01
1.44200000e+10 1.63752739e-01 2.51955879e-01
1.44300000e+10 1.63810087e-01 2.52073989e-01
1.44400000e+10 1.63867416e-01 2.52192079e-01
1.44500000e+10 1.63924725e-01 2.52310149e-01
1.44600000e+10 1.63982015e-01 2.52428200e-01
1.44700000e+10 1.64039287e-01 2.52546232e-01
1.44800000e+10 1.64096539e-01 2.52664244e-01
1.44900000e+10 1.64153772e-01 2.52782236e-01
1.45000000e+10 1.64210986e-01 2.52900209e-01
1.45100000e+10 1.64268182e-01 2.53018163e-01
1.45200000e+10 1.64325358e-01 2.53136097e-01
1.45300000e+10 1.64382515e-01 2.53254012e-01
1.45400000e+10 1.64439653e-01 2.53371907e-01
1.45500000e+10 1.64496773e-01 2.53489783e-01
1.45600000e+10 1.64553873e-01 2.53607640e-01
1.45700000e+10 1.64610955e-01 2.53725478e-01
1.45800000e+10 1.64668018e-01 2.53843296e-01
1.45900000e+10 1.64725062e-01 2.53961095e-01
1.46000000e+10 1.64782087e-01 2.54078874e-01
1.46100000e+10 1.64839093e-01 2.54196635e-01
1.46200000e+10 1.64896081e-01 2.54314376e-01
1.46300000e+10 1.64953050e-01 2.54432098e-01
1.46400000e+10 1.65010000e-01 2.54549800e-01
1.46500000e+10 1.65066931e-01 2.54667484e-01
1.46600000e+10 1.65123844e-01 2.54785149e-01
1.46700000e+10 1.65180738e-01 2.54902794e-01
1.46800000e+10 1.65237613e-01 2.55020420e-01
1.46900000e+10 1.65294470e-01 2.55138028e-01
1.47000000e+10 1.65351308e-01 2.55255616e-01
1.47100000e+10 1.65408127e-01 2.55373185e-01
1.47200000e+10 1.65464928e-01 2.55490735e-01
1.47300000e+10 1.65521711e-01 2.55608266e-01
1.47400000e+10 1.65578475e-01 2.55725778e-01
1.47500000e+10 1.65635220e-01 2.55843272e-01
1.47600000e+10 1.65691947e-01 2.55960746e-01
1.47700000e+10 1.65748655e-01 2.56078201e-01
1.47800000e+10 1.65805345e-01 2.56195638e-01
1.47900000e+10 1.65862016e-01 2.56313055e-01
1.48000000e+10 1.65918669e-01 2.56430454e-01
1.48100000e+10 1.65975304e-01 2.56547834e-01
1.48200000e+10 1.66031920e-01 2.56665195e-01
1.48300000e+10 1.66088518e-01 2.56782537e-01
1.48400000e+10 1.66145097e-01 2.56899861e-01
1.48500000e+10 1.66201659e-01 2.57017166e-01
1.48600000e+10 1.66258202e-01 2.57134452e-01
1.48700000e+10 1.66314726e-01 2.57251719e-01
1.48800000e+10 1.66371232e-01 2.57368967e-01
1.48900000e+10 1.66427720e-01 2.57486197e-01
1.49000000e+10 1.66484190e-01 2.57603408e-01
1.49100000e+10 1.66540642e-01 2.57720601e-01
1.49200000e+10 1.66597075e-01 2.57837775e-01
1.49300000e+10 1.66653491e-01 2.57954930e-01
1.49400000e+10 1.66709888e-01 2.58072067e-01
1.49500000e+10 1.66766267e-01 2.58189185e-01
1.49600000e+10 1.66822627e-01 2.58306285e-01
1.49700000e+10 1.66878970e-01 2.58423366e-01
1.49800000e+10 1.66935295e-01 2.58540428e-01
1.49900000e+10 1.66991601e-01 2.58657472e-01
1.50000000e+10 1.67047890e-01 2.58774498e-01
1.50100000e+10 1.67104160e-01 2.58891505e-01
1.50200000e+10 1.67160413e-01 2.59008494e-01
1.50300000e+10 1.67216647e-01 2.59125464e-01
1.50400000e+10 1.67272864e-01 2.59242416e-01
1.50500000e+10 1.67329062e-01 2.59359349e-01
1.50600000e+10 1.67385243e-01 2.59476264e-01
1.50700000e+10 1.67441406e-01 2.59593161e-01
1.50800000e+10 1.67497550e-01 2.59710039e-01
1.50900000e+10 1.67553677e-01 2.59826899e-01
1.51000000e+10 1.67609786e-01 2.59943741e-01
1.51100000e+10 1.67665878e-01 2.60060565e-01
1.51200000e+10 1.67721951e-01 2.60177370e-01
1.51300000e+10 1.67778006e-01 2.60294157e-01
1.51400000e+10 1.67834044e-01 2.60410926e-01
1.51500000e+10 1.67890064e-01 2.60527676e-01
1.51600000e+10 1.67946067e-01 2.60644409e-01
1.51700000e+10 1.68002051e-01 2.60761123e-01
1.51800000e+10 1.68058018e-01 2.60877819e-01
1.51900000e+10 1.68113967e-01 2.60994497e-01
1.52000000e+10 1.68169898e-01 2.61111157e-01
1.52100000e+10 1.68225812e-01 2.61227799e-01
1.52200000e+10 1.68281708e-01 2.61344422e-01
1.52300000e+10 1.68337587e-01 2.61461028e-01
1.52400000e+10 1.68393448e-01 2.61577615e-01
1.52500000e+10 1.68449291e-01 2.61694185e-01
1.52600000e+10 1.68505117e-01 2.61810736e-01
1.52700000e+10 1.68560925e-01 2.61927270e-01
1.52800000e+10 1.68616715e-01 2.62043786e-01
1.52900000e+10 1.68672488e-01 2.62160283e-01
1.53000000e+10 1.68728244e-01 2.62276763e-01
1.53100000e+10 1.68783982e-01 2.62393225e-01
1.53200000e+10 1.68839703e-01 2.62509669e-01
1.53300000e+10 1.68895406e-01 2.62626095e-01
1.53400000e+10 1.68951091e-01 2.62742503e-01
1.53500000e+10 1.69006760e-01 2.62858893e-01
1.53600000e+10 1.69062411e-01 2.62975265e-01
1.53700000e+10 1.69118044e-01 2.63091620e-01
1.53800000e+10 1.69173660e-01 2.63207957e-01
1.53900000e+10 1.69229259e-01 2.63324276e-01
1.54000000e+10 1.69284841e-01 2.63440577e-01
1.54100000e+10 1.69340405e-01 2.63556861e-01
1.54200000e+10 1.69395952e-01 2.63673127e-01
1.54300000e+10 1.69451481e-01 2.63789375e-01
1.54400000e+10 1.69506994e-01 2.63905605e-01
1.54500000e+10 1.69562489e-01 2.64021818e-01
1.54600000e+10 1.69617966e-01 2.64138013e-01
1.54700000e+10 1.69673427e-01 2.64254191e-01
1.54800000e+10 1.69728871e-01 2.64370351e-01
1.54900000e+10 1.69784297e-01 2.64486493e-01
1.55000000e+10 1.69839706e-01 2.64602618e-01
1.55100000e+10 1.69895098e-01 2.64718725e-01
1.55200000e+10 1.69950473e-01 2.64834814e-01
1.55300000e+10 1.70005831e-01 2.64950886e-01
1.55400000e+10 1.70061171e-01 2.65066941e-01
1.55500000e+10 1.70116495e-01 2.65182978e-01
1.55600000e+10 1.70171801e-01 2.65298997e-01
1.55700000e+10 1.70227091e-01 2.65415000e-01
1.55800000e+10 1.70282363e-01 2.65530984e-01
1.55900000e+10 1.70337619e-01 2.65646951e-01
1.56000000e+10 1.70392857e-01 2.65762901e-01
1.56100000e+10 1.70448079e-01 2.65878833e-01
1.56200000e+10 1.70503283e-01 2.65994749e-01
1.56300000e+10 1.70558471e-01 2.66110646e-01
1.56400000e+10 1.70613641e-01 2.66226526e-01
1.56500000e+10 1.70668795e-01 2.66342389e-01
1.56600000e+10 1.70723932e-01 2.66458235e-01
1.56700000e+10 1.70779052e-01 2.66574063e-01
1.56800000e+10 1.70834155e-01 2.66689874e-01
1.56900000e+10 1.70889241e-01 2.66805668e-01
1.57000000e+10 1.70944311e-01 2.66921445e-01
1.57100000e+10 1.70999364e-01 2.67037204e-01
1.57200000e+10 1.71054400e-01 2.67152946e-01
1.57300000e+10 1.71109419e-01 2.67268671e-01
1.57400000e+10 1.71164421e-01 2.67384379e-01
1.57500000e+10 1.71219407e-01 2.67500069e-01
1.57600000e+10 1.71274375e-01 2.67615743e-01
1.57700000e+10 1.71329328e-01 2.67731399e-01
1.57800000e+10 1.71384263e-01 2.67847038e-01
1.57900000e+10 1.71439182e-01 2.67962660e-01
1.58000000e+10 1.71494084e-01 2.68078265e-01
1.58100000e+10 1.71548970e-01 2.68193853e-01
1.58200000e+10 1.71603839e-01 2.68309424e-01
1.58300000e+10 1.71658691e-01 2.68424978e-01
1.58400000e+10 1.71713526e-01 2.68540515e-01
1.58500000e+10 1.71768346e-01 2.68656035e-01
1.58600000e+10 1.71823148e-01 2.68771538e-01
1.58700000e+10 1.71877934e-01 2.68887024e-01
1.58800000e+10 1.71932704e-01 2.69002492e-01
1.58900000e+10 1.71987457e-01 2.69117944e-01
1.59000000e+10 1.72042193e-01 2.69233380e-01
1.59100000e+10 1.72096913e-01 2.69348798e-01
1.59200000e+10 1.72151616e-01 2.69464199e-01
1.59300000e+10 1.72206303e-01 2.69579583e-01
1.59400000e+10 1.72260974e-01 2.69694951e-01
1.59500000e+10 1.72315628e-01 2.69810302e-01
1.59600000e+10 1.72370266e-01 2.69925636e-01
1.59700000e+10 1.72424888e-01 2.70040953e-01
1.59800000e+10 1.72479493e-01 2.70156253e-01
1.59900000e+10 1.72534081e-01 2.70271537e-01
1.60000000e+10 1.72588654e-01 2.70386803e-01
1.60100000e+10 1.72643210e-01 2.70502053e-01
1.60200000e+10 1.72697749e-01 2.70617287e-01
1.60300000e+10 1.72752273e-01 2.70732503e-01
1.60400000e+10 1.72806780e-01 2.70847703e-01
1.60500000e+10 1.72861271e-01 2.70962886e-01
1.60600000e+10 1.72915745e-01 2.71078053e-01
1.60700000e+10 1.72970204e-01 2.71193203e-01
1.60800000e+10 1.73024646e-01 2.71308336e-01
1.60900000e+10 1.73079072e-01 2.71423453e-01
1.61000000e+10 1.73133482e-01 2.71538553e-01
1.61100000e+10 1.73187875e-01 2.71653636e-01
1.61200000e+10 1.73242253e-01 2.71768703e-01
1.61300000e+10 1.73296614e-01 2.71883753e-01
1.61400000e+10 1.73350960e-01 2.71998787e-01
1.61500000e+10 1.73405289e-01 2.72113804e-01
1.61600000e+10 1.73459602e-01 2.72228805e-01
1.61700000e+10 1.73513899e-01 2.72343789e-01
1.61800000e+10 1.73568180e-01 2.72458757e-01
1.61900000e+10 1.73622444e-01 2.72573708e-01
1.62000000e+10 1.73676693e-01 2.72688643e-01
1.62100000e+10 1.73730926e-01 2.72803562e-01
1.62200000e+10 1.73785143e-01 2.72918464e-01
1.62300000e+10 1.73839344e-01 2.73033349e-01
1.62400000e+10 1.73893529e-01 2.73148219e-01
1.62500000e+10 1.73947697e-01 2.73263072e-01
1.62600000e+10 1.74001850e-01 2.73377908e-01
1.62700000e+10 1.74055987e-01 2.73492728e-01
1.62800000e+10 1.74110109e-01 2.73607532e-01
1.62900000e+10 1.74164214e-01 2.73722320e-01
1.63000000e+10 1.74218303e-01 2.73837091e-01
1.63100000e+10 1.74272377e-01 2.73951846e-01
1.63200000e+10 1.74326434e-01 2.74066585e-01
1.63300000e+10 1.74380476e-01 2.74181307e-01
1.63400000e+10 1.74434502e-01 2.74296013e-01
1.63500000e+10 1.74488512e-01 2.74410703e-01
1.63600000e+10 1.74542507e-01 2.74525377e-01
1.63700000e+10 1.74596486e-01 2.74640035e-01
1.63800000e+10 1.74650448e-01 2.74754676e-01
1.63900000e+10 1.74704396e-01 2.74869301e-01
1.64000000e+10 1.74758327e-01 2.74983910e-01
1.64100000e+10 1.74812243e-01 2.75098503e-01
1.64200000e+10 1.74866143e-01 2.75213080e-01
1.64300000e+10 1.74920027e-01 2.75327641e-01
1.64400000e+10 1.74973896e-01 2.75442186e-01
1.64500000e+10 1.75027749e-01 2.75556715e-01
1.64600000e+10 1.75081586e-01 2.75671227e-01
1.64700000e+10 1.75135408e-01 2.75785724e-01
1.64800000e+10 1.75189214e-01 2.75900204e-01
1.64900000e+10 1.75243004e-01 2.76014669e-01
1.65000000e+10 1.75296779e-01 2.76129117e-01
1.65100000e+10 1.75350539e-01 2.76243550e-01
1.65200000e+10 1.75404283e-01 2.76357966e-01
1.65300000e+10 1.75458011e-01 2.76472367e-01
1.65400000e+10 1.75511724e-01 2.76586752e-01
1.65500000e+10 1.75565421e-01 2.76701120e-01
1.65600000e+10 1.75619103e-01 2.76815473e-01
1.65700000e+10 1.75672769e-01 2.76929810e-01
1.65800000e+10 1.75726420e-01 2.77044131e-01
1.65900000e+10 1.75780055e-01 2.77158436e-01
1.66000000e+10 1.75833675e-01 2.77272726e-01
1.66100000e+10 1.75887279e-01 2.77386999e-01
1.66200000e+10 1.75940869e-01 2.77501257e-01
1.66300000e+10 1.75994442e-01 2.77615499e-01
1.66400000e+10 1.76048001e-01 2.77729725e-01
1.66500000e+10 1.76101544e-01 2.77843935e-01
1.66600000e+10 1.76155071e-01 2.77958130e-01
1.66700000e+10 1.76208583e-01 2.78072309e-01
1.66800000e+10 1.76262080e-01 2.78186472e-01
1.66900000e+10 1.76315562e-01 2.78300619e-01
1.67000000e+10 1.76369028e-01 2.78414751e-01
1.67100000e+10 1.76422479e-01 2.78528867e-01
1.67200000e+10 1.76475915e-01 2.78642967e-01
1.67300000e+10 1.76529336e-01 2.78757052e-01
1.67400000e+10 1.76582741e-01 2.78871121e-01
1.67500000e+10 1.76636131e-01 2.78985174e-01
1.67600000e+10 1.76689506e-01 2.79099212e-01
1.67700000e+10 1.76742866e-01 2.79213234e-01
1.67800000e+10 1.76796210e-01 2.79327240e-01
1.67900000e+10 1.76849539e-01 2.79441231e-01
1.68000000e+10 1.76902854e-01 2.79555207e-01
1.68100000e+10 1.76956153e-01 2.79669167e-01
1.68200000e+10 1.77009437e-01 2.79783111e-01
1.68300000e+10 1.77062705e-01 2.79897040e-01
1.68400000e+10 1.77115959e-01 2.80010953e-01
1.68500000e+10 1.77169198e-01 2.80124851e-01
1.68600000e+10 1.77222421e-01 2.80238733e-01
1.68700000e+10 1.77275630e-01 2.80352600e-01
1.68800000e+10 1.77328823e-01 2.80466451e-01
1.68900000e+10 1.77382002e-01 2.80580287e-01
1.69000000e+10 1.77435165e-01 2.80694108e-01
1.69100000e+10 1.77488313e-01 2.80807913e-01
1.69200000e+10 1.77541447e-01 2.80921702e-01
1.69300000e+10 1.77594565e-01 2.81035477e-01
1.69400000e+10 1.77647669e-01 2.81149236e-01
1.69500000e+10 1.77700757e-01 2.81262979e-01
1.69600000e+10 1.77753831e-01 2.81376707e-01
1.69700000e+10 1.77806889e-01 2.81490420e-01
1.69800000e+10 1.77859933e-01 2.81604118e-01
1.69900000e+10 1.77912962e-01 2.81717800e-01
1.70000000e+10 1.77965976e-01 2.81831467e-01
1.70100000e+10 1.78018975e-01 2.81945119e-01
1.70200000e+10 1.78071960e-01 2.82058755e-01
1.70300000e+10 1.78124929e-01 2.82172377e-01
1.70400000e+10 1.78177884e-01 2.82285983e-01
1.70500000e+10 1.78230823e-01 2.82399574e-01
1.70600000e+10 1.78283748e-01 2.82513149e-01
1.70700000e+10 1.78336659e-01 2.82626709e-01
1.70800000e+10 1.78389554e-01 2.82740255e-01
1.70900000e+10 1.78442435e-01 2.82853785e-01
1.71000000e+10 1.78495301e-01 2.82967300e-01
1.71100000e+10 1.78548152e-01 2.83080799e-01
1.71200000e+10 1.78600988e-01 2.83194284e-01
1.71300000e+10 1.78653810e-01 2.83307754e-01
1.71400000e+10 1.78706617e-01 2.83421208e-01
1.71500000e+10 1.78759410e-01 2.83534647e-01
1.71600000e+10 1.78812187e-01 2.83648072e-01
1.71700000e+10 1.78864951e-01 2.83761481e-01
1.71800000e+10 1.78917699e-01 2.83874875e-01
1.71900000e+10 1.78970433e-01 2.83988254e-01
1.72000000e+10 1.79023152e-01 2.84101618e-01
1.72100000e+10 1.79075857e-01 2.84214967e-01
1.72200000e+10 1.79128547e-01 2.84328301e-01
1.72300000e+10 1.79181222e-01 2.84441620e-01
1.72400000e+10 1.79233883e-01 2.84554925e-01
1.72500000e+10 1.79286530e-01 2.84668214e-01
1.72600000e+10 1.79339161e-01 2.84781488e-01
1.72700000e+10 1.79391779e-01 2.84894747e-01
1.72800000e+10 1.79444381e-01 2.85007992e-01
1.72900000e+10 1.79496970e-01 2.85121221e-01
1.73000000e+10 1.79549544e-01 2.85234436e-01
1.73100000e+10 1.79602103e-01 2.85347636e-01
1.73200000e+10 1.79654648e-01 2.85460821e-01
1.73300000e+10 1.79707178e-01 2.85573991e-01
1.73400000e+10 1.79759694e-01 2.85687146e-01
1.73500000e+10 1.79812196e-01 2.85800287e-01
1.73600000e+10 1.79864683e-01 2.85913412e-01
1.73700000e+10 1.79917156e-01 2.86026523e-01
1.73800000e+10 1.79969614e-01 2.86139619e-01
1.73900000e+10 1.80022058e-01 2.86252700e-01
1.74000000e+10 1.80074488e-01 2.86365767e-01
1.74100000e+10 1.80126904e-01 2.86478818e-01
1.74200000e+10 1.80179305e-01 2.86591856e-01
1.74300000e+10 1.80231691e-01 2.86704878e-01
1.74400000e+10 1.80284064e-01 2.86817885e-01
1.74500000e+10 1.80336422e-01 2.86930878e-01
1.74600000e+10 1.80388766e-01 2.87043857e-01
1.74700000e+10 1.80441095e-01 2.87156820e-01
1.74800000e+10 1.80493411e-01 2.87269769e-01
1.74900000e+10 1.80545712e-01 2.87382703e-01
1.75000000e+10 1.80597999e-01 2.87495623e-01
1.75100000e+10 1.80650271e-01 2.87608528e-01
1.75200000e+10 1.80702530e-01 2.87721418e-01
1.75300000e+10 1.80754774e-01 2.87834294e-01
1.75400000e+10 1.80807004e-01 2.87947155e-01
1.75500000e+10 1.80859220e-01 2.88060002e-01
1.75600000e+10 1.80911422e-01 2.88172834e-01
1.75700000e+10 1.80963610e-01 2.88285652e-01
1.75800000e+10 1.81015783e-01 2.88398455e-01
1.75900000e+10 1.81067943e-01 2.88511243e-01
1.76000000e+10 1.81120088e-01 2.88624018e-01
1.76100000e+10 1.81172219e-01 2.88736777e-01
1.76200000e+10 1.81224336e-01 2.88849522e-01
1.76300000e+10 1.81276439e-01 2.88962253e-01
1.76400000e+10 1.81328528e-01 2.89074969e-01
1.76500000e+10 1.81380603e-01 2.89187671e-01
1.76600000e+10 1.81432664e-01 2.89300358e-01
1.76700000e+10 1.81484711e-01 2.89413031e-01
1.76800000e+10 1.81536744e-01 2.89525689e-01
1.76900000e+10 1.81588763e-01 2.89638333e-01
1.77000000e+10 1.81640768e-01 2.89750963e-01
1.77100000e+10 1.81692759e-01 2.89863578e-01
1.77200000e+10 1.81744736e-01 2.89976179e-01
1.77300000e+10 1.81796699e-01 2.90088766e-01
1.77400000e+10 1.81848649e-01 2.90201338e-01
1.77500000e+10 1.81900584e-01 2.90313896e-01
1.77600000e+10 1.81952505e-01 2.90426440e-01
1.77700000e+10 1.82004413e-01 2.90538969e-01
1.77800000e+10 1.82056306e-01 2.90651485e-01
1.77900000e+10 1.82108186e-01 2.90763985e-01
1.78000000e+10 1.82160052e-01 2.90876472e-01
1.78100000e+10 1.82211904e-01 2.90988944e-01
1.78200000e+10 1.82263742e-01 2.91101402e-01
1.78300000e+10 1.82315566e-01 2.91213846e-01
1.78400000e+10 1.82367377e-01 2.91326276e-01
1.78500000e+10 1.82419174e-01 2.91438692e-01
1.78600000e+10 1.82470957e-01 2.91551093e-01
1.78700000e+10 1.82522726e-01 2.91663480e-01
1.78800000e+10 1.82574481e-01 2.91775853e-01
1.78900000e+10 1.82626223e-01 2.91888212e-01
1.79000000e+10 1.82677951e-01 2.92000557e-01
1.79100000e+10 1.82729665e-01 2.92112887e-01
1.79200000e+10 1.82781366e-01 2.92225204e-01
1.79300000e+10 1.82833053e-01 2.92337506e-01
1.79400000e+10 1.82884726e-01 2.92449794e-01
1.79500000e+10 1.82936385e-01 2.92562068e-01
1.79600000e+10 1.82988031e-01 2.92674329e-01
1.79700000e+10 1.83039663e-01 2.92786575e-01
1.79800000e+10 1.83091282e-01 2.92898807e-01
1.79900000e+10 1.83142886e-01 2.93011025e-01
1.80000000e+10 1.83194478e-01 2.93123229e-01
1.80100000e+10 1.83246055e-01 2.93235419e-01
1.80200000e+10 1.83297619e-01 2.93347595e-01
1.80300000e+10 1.83349170e-01 2.93459757e-01
1.80400000e+10 1.83400707e-01 2.93571905e-01
1.80500000e+10 1.83452230e-01 2.93684039e-01
1.80600000e+10 1.83503740e-01 2.93796159e-01
1.80700000e+10 1.83555236e-01 2.93908265e-01
1.80800000e+10 1.83606719e-01 2.94020358e-01
1.80900000e+10 1.83658188e-01 2.94132436e-01
1.81000000e+10 1.83709644e-01 2.94244501e-01
1.81100000e+10 1.83761086e-01 2.94356551e-01
1.81200000e+10 1.83812515e-01 2.94468588e-01
1.81300000e+10 1.83863930e-01 2.94580611e-01
1.81400000e+10 1.83915332e-01 2.94692620e-01
1.81500000e+10 1.83966720e-01 2.94804615e-01
1.81600000e+10 1.84018095e-01 2.94916596e-01
1.81700000e+10 1.84069457e-01 2.95028564e-01
1.81800000e+10 1.84120805e-01 2.95140518e-01
1.81900000e+10 1.84172139e-01 2.95252458e-01
1.82000000e+10 1.84223461e-01 2.95364384e-01
1.82100000e+10 1.84274769e-01 2.95476296e-01
1.82200000e+10 1.84326063e-01 2.95588195e-01
1.82300000e+10 1.84377344e-01 2.95700080e-01
1.82400000e+10 1.84428612e-01 2.95811951e-01
1.82500000e+10 1.84479867e-01 2.95923808e-01
1.82600000e+10 1.84531108e-01 2.96035652e-01
1.82700000e+10 1.84582336e-01 2.96147482e-01
1.82800000e+10 1.84633551e-01 2.96259298e-01
1.82900000e+10 1.84684752e-01 2.96371101e-01
1.83000000e+10 1.84735940e-01 2.96482890e-01
1.83100000e+10 1.84787115e-01 2.96594665e-01
1.83200000e+10 1.84838276e-01 2.96706427e-01
1.83300000e+10 1.84889425e-01 2.96818175e-01
1.83400000e+10 1.84940560e-01 2.96929909e-01
1.83500000e+10 1.84991682e-01 2.97041630e-01
1.83600000e+10 1.85042790e-01 2.97153337e-01
1.83700000e+10 1.85093886e-01 2.97265031e-01
1.83800000e+10 1.85144968e-01 2.97376711e-01
1.83900000e+10 1.85196037e-01 2.97488377e-01
1.84000000e+10 1.85247093e-01 2.97600030e-01
1.84100000e+10 1.85298136e-01 2.97711670e-01
1.84200000e+10 1.85349166e-01 2.97823296e-01
1.84300000e+10 1.85400182e-01 2.97934908e-01
1.84400000e+10 1.85451186e-01 2.98046507e-01
1.84500000e+10 1.85502176e-01 2.98158092e-01
1.84600000e+10 1.85553153e-01 2.98269664e-01
1.84700000e+10 1.85604117e-01 2.98381222e-01
1.84800000e+10 1.85655068e-01 2.98492767e-01
1.84900000e+10 1.85706006e-01 2.98604299e-01
1.85000000e+10 1.85756931e-01 2.98715817e-01
1.85100000e+10 1.85807843e-01 2.98827321e-01
1.85200000e+10 1.85858742e-01 2.98938812e-01
1.85300000e+10 1.85909628e-01 2.99050290e-01
1.85400000e+10 1.85960501e-01 2.99161754e-01
1.85500000e+10 1.86011360e-01 2.99273205e-01
1.85600000e+10 1.86062207e-01 2.99384643e-01
1.85700000e+10 1.86113041e-01 2.99496067e-01
1.85800000e+10 1.86163862e-01 2.99607478e-01
1.85900000e+10 1.86214670e-01 2.99718875e-01
1.86000000e+10 1.86265465e-01 2.99830259e-01
1.86100000e+10 1.86316247e-01 2.99941630e-01
1.86200000e+10 1.86367016e-01 3.00052988e-01
1.86300000e+10 1.86417773e-01 3.00164332e-01
1.86400000e+10 1.86468516e-01 3.00275663e-01
1.86500000e+10 1.86519246e-01 3.00386981e-01
1.86600000e+10 1.86569964e-01 3.00498285e-01
1.86700000e+10 1.86620669e-01 3.00609576e-01
1.86800000e+10 1.86671361e-01 3.00720854e-01
1.86900000e+10 1.86722040e-01 3.00832119e-01
1.87000000e+10 1.86772706e-01 3.00943370e-01
1.87100000e+10 1.86823359e-01 3.01054608e-01
1.87200000e+10 1.86874000e-01 3.01165833e-01
1.87300000e+10 1.86924628e-01 3.01277045e-01
1.87400000e+10 1.86975242e-01 3.01388244e-01
1.87500000e+10 1.87025845e-01 3.01499429e-01
1.87600000e+10 1.87076434e-01 3.01610601e-01
1.87700000e+10 1.87127011e-01 3.01721761e-01
1.87800000e+10 1.87177575e-01 3.01832907e-01
1.87900000e+10 1.87228126e-01 3.01944039e-01
1.88000000e+10 1.87278664e-01 3.02055159e-01
1.88100000e+10 1.87329190e-01 3.02166266e-01
1.88200000e+10 1.87379703e-01 3.02277359e-01
1.88300000e+10 1.87430203e-01 3.02388440e-01
1.88400000e+10 1.87480691e-01 3.02499507e-01
1.88500000e+10 1.87531166e-01 3.02610562e-01
1.88600000e+10 1.87581628e-01 3.02721603e-01
1.88700000e+10 1.87632078e-01 3.02832631e-01
1.88800000e+10 1.87682515e-01 3.02943646e-01
1.88900000e+10 1.87732939e-01 3.03054648e-01
1.89000000e+10 1.87783351e-01 3.03165638e-01
1.89100000e+10 1.87833750e-01 3.03276614e-01
1.89200000e+10 1.87884136e-01 3.03387577e-01
1.89300000e+10 1.87934510e-01 3.03498527e-01
1.89400000e+10 1.87984871e-01 3.03609464e-01
1.89500000e+10 1.88035220e-01 3.03720389e-01
1.89600000e+10 1.88085556e-01 3.03831300e-01
1.89700000e+10 1.88135880e-01 3.03942198e-01
1.89800000e+10 1.88186191e-01 3.04053084e-01
1.89900000e+10 1.88236489e-01 3.04163956e-01
1.90000000e+10 1.88286776e-01 3.04274816e-01
1.90100000e+10 1.88337049e-01 3.04385663e-01
1.90200000e+10 1.88387310e-01 3.04496496e-01
1.90300000e+10 1.88437559e-01 3.04607317e-01
1.90400000e+10 1.88487795e-01 3.04718125e-01
1.90500000e+10 1.88538018e-01 3.04828921e-01
1.90600000e+10 1.88588229e-01 3.04939703e-01
1.90700000e+10 1.88638428e-01 3.05050473e-01
1.90800000e+10 1.88688614e-01 3.05161229e-01
1.90900000e+10 1.88738788e-01 3.05271973e-01
1.91000000e+10 1.88788949e-01 3.05382704e-01
1.91100000e+10 1.88839098e-01 3.05493423e-01
1.91200000e+10 1.88889235e-01 3.05604128e-01
1.91300000e+10 1.88939359e-01 3.05714821e-01
1.91400000e+10 1.88989471e-01 3.05825501e-01
1.91500000e+10 1.89039570e-01 3.05936168e-01
1.91600000e+10 1.89089657e-01 3.06046822e-01
1.91700000e+10 1.89139732e-01 3.06157464e-01
1.91800000e+10 1.89189794e-01 3.06268093e-01
1.91900000e+10 1.89239844e-01 3.06378710e-01
1.92000000e+10 1.89289882e-01 3.06489313e-01
1.92100000e+10 1.89339908e-01 3.06599904e-01
1.92200000e+10 1.89389921e-01 3.06710482e-01
1.92300000e+10 1.89439922e-01 3.06821048e-01
1.92400000e+10 1.89489910e-01 3.06931601e-01
1.92500000e+10 1.89539886e-01 3.07042141e-01
1.92600000e+10 1.89589850e-01 3.07152669e-01
1.92700000e+10 1.89639802e-01 3.07263183e-01
1.92800000e+10 1.89689742e-01 3.07373686e-01
1.92900000e+10 1.89739669e-01 3.07484176e-01
1.93000000e+10 1.89789584e-01 3.07594653e-01
1.93100000e+10 1.89839487e-01 3.07705117e-01
1.93200000e+10 1.89889378e-01 3.07815569e-01
1.93300000e+10 1.89939256e-01 3.07926008e-01
1.93400000e+10 1.89989122e-01 3.08036435e-01
1.93500000e+10 1.90038977e-01 3.08146849e-01
1.93600000e+10 1.90088819e-01 3.08257251e-01
1.93700000e+10 1.90138648e-01 3.08367640e-01
1.93800000e+10 1.90188466e-01 3.08478017e-01
1.93900000e+10 1.90238272e-01 3.08588381e-01
1.94000000e+10 1.90288065e-01 3.08698733e-01
1.94100000e+10 1.90337846e-01 3.08809072e-01
1.94200000e+10 1.90387616e-01 3.08919399e-01
1.94300000e+10 1.90437373e-01 3.09029713e-01
1.94400000e+10 1.90487118e-01 3.09140014e-01
1.94500000e+10 1.90536851e-01 3.09250304e-01
1.94600000e+10 1.90586572e-01 3.09360580e-01
1.94700000e+10 1.90636280e-01 3.09470845e-01
1.94800000e+10 1.90685977e-01 3.09581097e-01
1.94900000e+10 1.90735662e-01 3.09691336e-01
1.95000000e+10 1.90785335e-01 3.09801563e-01
1.95100000e+10 1.90834995e-01 3.09911778e-01
1.95200000e+10 1.90884644e-01 3.10021980e-01
1.95300000e+10 1.90934281e-01 3.10132170e-01
1.95400000e+10 1.90983906e-01 3.10242348e-01
1.95500000e+10 1.91033518e-01 3.10352513e-01
1.95600000e+10 1.91083119e-01 3.10462666e-01
1.95700000e+10 1.91132708e-01 3.10572807e-01
1.95800000e+10 1.91182285e-01 3.10682935e-01
1.95900000e+10 1.91231850e-01 3.10793051e-01
1.96000000e+10 1.91281403e-01 3.10903154e-01
1.96100000e+10 1.91330944e-01 3.11013246e-01
1.96200000e+10 1.91380473e-01 3.11123325e-01
1.96300000e+10 1.91429990e-01 3.11233391e-01
1.96400000e+10 1.91479496e-01 3.11343446e-01
1.96500000e+10 1.91528989e-01 3.11453488e-01
1.96600000e+10 1.91578471e-01 3.11563518e-01
1.96700000e+10 1.91627941e-01 3.11673535e-01
1.96800000e+10 1.91677399e-01 3.11783541e-01
1.96900000e+10 1.91726845e-01 3.11893534e-01
1.97000000e+10 1.91776279e-01 3.12003515e-01
1.97100000e+10 1.91825701e-01 3.12113484e-01
1.97200000e+10 1.91875112e-01 3.12223441e-01
1.97300000e+10 1.91924511e-01 3.12333385e-01
1.97400000e+10 1.91973898e-01 3.12443317e-01
1.97500000e+10 1.92023273e-01 3.12553237e-01
1.97600000e+10 1.92072636e-01 3.12663145e-01
1.97700000e+10 1.92121988e-01 3.12773041e-01
1.97800000e+10 1.92171328e-01 3.12882925e-01
1.97900000e+10 1.92220656e-01 3.12992796e-01
1.98000000e+10 1.92269972e-01 3.13102655e-01
1.98100000e+10 1.92319277e-01 3.13212503e-01
1.98200000e+10 1.92368570e-01 3.13322338e-01
1.98300000e+10 1.92417851e-01 3.13432161e-01
1.98400000e+10 1.92467121e-01 3.13541972e-01
1.98500000e+10 1.92516378e-01 3.13651771e-01
1.98600000e+10 1.92565625e-01 3.13761558e-01
1.98700000e+10 1.92614859e-01 3.13871332e-01
1.98800000e+10 1.92664082e-01 3.13981095e-01
1.98900000e+10 1.92713293e-01 3.14090846e-01
1.99000000e+10 1.92762492e-01 3.14200584e-01
1.99100000e+10 1.92811680e-01 3.14310311e-01
1.99200000e+10 1.92860856e-01 3.14420026e-01
1.99300000e+10 1.92910021e-01 3.14529728e-01
1.99400000e+10 1.92959174e-01 3.14639419e-01
1.99500000e+10 1.93008315e-01 3.14749098e-01
1.99600000e+10 1.93057445e-01 3.14858764e-01
1.99700000e+10 1.93106563e-01 3.14968419e-01
1.99800000e+10 1.93155670e-01 3.15078062e-01
1.99900000e+10 1.93204765e-01 3.15187693e-01
2.00000000e+10 1.93253848e-01 3.15297312e-01
2.00100000e+10 1.93302920e-01 3.15406919e-01
2.00200000e+10 1.93351981e-01 3.15516514e-01
2.00300000e+10 1.93401029e-01 3.15626097e-01
2.00400000e+10 1.93450067e-01 3.15735668e-01
2.00500000e+10 1.93499093e-01 3.15845227e-01
2.00600000e+10 1.93548107e-01 3.15954775e-01
2.00700000e+10 1.93597110e-01 3.16064310e-01
2.00800000e+10 1.93646101e-01 3.16173834e-01
2.00900000e+10 1.93695081e-01 3.16283346e-01
2.01000000e+10 1.93744049e-01 3.16392846e-01
2.01100000e+10 1.93793006e-01 3.16502334e-01
2.01200000e+10 1.93841952e-01 3.16611810e-01
2.01300000e+10 1.93890886e-01 3.16721275e-01
2.01400000e+10 1.93939808e-01 3.16830728e-01
2.01500000e+10 1.93988719e-01 3.16940169e-01
2.01600000e+10 1.94037619e-01 3.17049598e-01
2.01700000e+10 1.94086507e-01 3.17159015e-01
2.01800000e+10 1.94135384e-01 3.17268421e-01
2.01900000e+10 1.94184250e-01 3.17377815e-01
2.02000000e+10 1.94233104e-01 3.17487197e-01
2.02100000e+10 1.94281947e-01 3.17596567e-01
2.02200000e+10 1.94330778e-01 3.17705925e-01
2.02300000e+10 1.94379598e-01 3.17815272e-01
2.02400000e+10 1.94428407e-01 3.17924607e-01
2.02500000e+10 1.94477204e-01 3.18033931e-01
2.02600000e+10 1.94525990e-01 3.18143243e-01
2.02700000e+10 1.94574765e-01 3.18252543e-01
2.02800000e+10 1.94623529e-01 3.18361831e-01
2.02900000e+10 1.94672281e-01 3.18471108e-01
2.03000000e+10 1.94721021e-01 3.18580372e-01
2.03100000e+10 1.94769751e-01 3.18689626e-01
2.03200000e+10 1.94818469e-01 3.18798867e-01
2.03300000e+10 1.94867176e-01 3.18908098e-01
2.03400000e+10 1.94915872e-01 3.19017316e-01
2.03500000e+10 1.94964556e-01 3.19126523e-01
2.03600000e+10 1.95013230e-01 3.19235718e-01
2.03700000e+10 1.95061892e-01 3.19344901e-01
2.03800000e+10 1.95110542e-01 3.19454073e-01
2.03900000e+10 1.95159182e-01 3.19563234e-01
2.04000000e+10 1.95207810e-01 3.19672382e-01
2.04100000e+10 1.95256428e-01 3.19781520e-01
2.04200000e+10 1.95305034e-01 3.19890645e-01
2.04300000e+10 1.95353628e-01 3.19999759e-01
2.04400000e+10 1.95402212e-01 3.20108862e-01
2.04500000e+10 1.95450784e-01 3.20217953e-01
2.04600000e+10 1.95499346e-01 3.20327032e-01
2.04700000e+10 1.95547896e-01 3.20436100e-01
2.04800000e+10 1.95596435e-01 3.20545157e-01
2.04900000e+10 1.95644963e-01 3.20654202e-01
2.05000000e+10 1.95693479e-01 3.20763235e-01
2.05100000e+10 1.95741985e-01 3.20872257e-01
2.05200000e+10 1.95790480e-01 3.20981268e-01
2.05300000e+10 1.95838963e-01 3.21090267e-01
2.05400000e+10 1.95887435e-01 3.21199254e-01
2.05500000e+10 1.95935897e-01 3.21308230e-01
2.05600000e+10 1.95984347e-01 3.21417195e-01
2.05700000e+10 1.96032786e-01 3.21526148e-01
2.05800000e+10 1.96081214e-01 3.21635090e-01
2.05900000e+10 1.96129631e-01 3.21744020e-01
2.06000000e+10 1.96178037e-01 3.21852939e-01
2.06100000e+10 1.96226432e-01 3.21961847e-01
2.06200000e+10 1.96274816e-01 3.22070743e-01
2.06300000e+10 1.96323189e-01 3.22179628e-01
2.06400000e+10 1.96371551e-01 3.22288501e-01
2.06500000e+10 1.96419902e-01 3.22397363e-01
2.06600000e+10 1.96468242e-01 3.22506214e-01
2.06700000e+10 1.96516571e-01 3.22615053e-01
2.06800000e+10 1.96564889e-01 3.22723881e-01
2.06900000e+10 1.96613196e-01 3.22832698e-01
2.07000000e+10 1.96661492e-01 3.22941503e-01
2.07100000e+10 1.96709777e-01 3.23050297e-01
2.07200000e+10 1.96758051e-01 3.23159080e-01
2.07300000e+10 1.96806314e-01 3.23267852e-01
2.07400000e+10 1.96854567e-01 3.23376612e-01
2.07500000e+10 1.96902808e-01 3.23485361e-01
2.07600000e+10 1.96951038e-01 3.23594098e-01
2.07700000e+10 1.96999258e-01 3.23702824e-01
2.07800000e+10 1.97047467e-01 3.23811539e-01
2.07900000e+10 1.97095665e-01 3.23920243e-01
2.08000000e+10 1.97143852e-01 3.24028936e-01
2.08100000e+10 1.97192028e-01 3.24137617e-01
2.08200000e+10 1.97240193e-01 3.24246287e-01
2.08300000e+10 1.97288347e-01 3.24354946e-01
2.08400000e+10 1.97336491e-01 3.24463594e-01
2.08500000e+10 1.97384624e-01 3.24572230e-01
2.08600000e+10 1.97432746e-01 3.24680856e-01
2.08700000e+10 1.97480857e-01 3.24789470e-01
2.08800000e+10 1.97528957e-01 3.24898073e-01
2.08900000e+10 1.97577046e-01 3.25006664e-01
2.09000000e+10 1.97625125e-01 3.25115245e-01
2.09100000e+10 1.97673193e-01 3.25223814e-01
2.09200000e+10 1.97721250e-01 3.25332373e-01
2.09300000e+10 1.97769297e-01 3.25440920e-01
2.09400000e+10 1.97817332e-01 3.25549456e-01
2.09500000e+10 1.97865357e-01 3.25657981e-01
2.09600000e+10 1.97913371e-01 3.25766494e-01
2.09700000e+10 1.97961375e-01 3.25874997e-01
2.09800000e+10 1.98009367e-01 3.25983489e-01
2.09900000e+10 1.98057349e-01 3.26091969e-01
2.10000000e+10 1.98105320e-01 3.26200439e-01
2.10100000e+10 1.98153281e-01 3.26308897e-01
2.10200000e+10 1.98201231e-01 3.26417344e-01
2.10300000e+10 1.98249170e-01 3.26525781e-01
2.10400000e+10 1.98297098e-01 3.26634206e-01
2.10500000e+10 1.98345016e-01 3.26742620e-01
2.10600000e+10 1.98392923e-01 3.26851023e-01
2.10700000e+10 1.98440820e-01 3.26959415e-01
2.10800000e+10 1.98488706e-01 3.27067796e-01
2.10900000e+10 1.98536581e-01 3.27176166e-01
2.11000000e+10 1.98584445e-01 3.27284526e-01
2.11100000e+10 1.98632299e-01 3.27392874e-01
2.11200000e+10 1.98680143e-01 3.27501211e-01
2.11300000e+10 1.98727975e-01 3.27609537e-01
2.11400000e+10 1.98775797e-01 3.27717852e-01
2.11500000e+10 1.98823609e-01 3.27826156e-01
2.11600000e+10 1.98871410e-01 3.27934450e-01
2.11700000e+10 1.98919200e-01 3.28042732e-01
2.11800000e+10 1.98966980e-01 3.28151003e-01
2.11900000e+10 1.99014749e-01 3.28259264e-01
2.12000000e+10 1.99062508e-01 3.28367513e-01
2.12100000e+10 1.99110256e-01 3.28475752e-01
2.12200000e+10 1.99157994e-01 3.28583980e-01
2.12300000e+10 1.99205721e-01 3.28692197e-01
2.12400000e+10 1.99253437e-01 3.28800403e-01
2.12500000e+10 1.99301143e-01 3.28908598e-01
2.12600000e+10 1.99348839e-01 3.29016782e-01
2.12700000e+10 1.99396524e-01 3.29124955e-01
2.12800000e+10 1.99444198e-01 3.29233118e-01
2.12900000e+10 1.99491862e-01 3.29341269e-01
2.13000000e+10 1.99539516e-01 3.29449410e-01
2.13100000e+10 1.99587159e-01 3.29557540e-01
2.13200000e+10 1.99634792e-01 3.29665659e-01
2.13300000e+10 1.99682414e-01 3.29773768e-01
2.13400000e+10 1.99730026e-01 3.29881865e-01
2.13500000e+10 1.99777627e-01 3.29989952e-01
2.13600000e+10 1.99825218e-01 3.30098028e-01
2.13700000e+10 1.99872798e-01 3.30206093e-01
2.13800000e+10 1.99920368e-01 3.30314147e-01
2.13900000e+10 1.99967928e-01 3.30422191e-01
2.14000000e+10 2.00015477e-01 3.30530224e-01
2.14100000e+10 2.00063016e-01 3.30638246e-01
2.14200000e+10 2.00110544e-01 3.30746257e-01
2.14300000e+10 2.00158062e-01 3.30854258e-01
2.14400000e+10 2.00205570e-01 3.30962247e-01
2.14500000e+10 2.00253068e-01 3.31070227e-01
2.14600000e+10 2.00300555e-01 3.31178195e-01
2.14700000e+10 2.00348031e-01 3.31286153e-01
2.14800000e+10 2.00395498e-01 3.31394100e-01
2.14900000e+10 2.00442954e-01 3.31502036e-01
2.15000000e+10 2.00490399e-01 3.31609962e-01
2.15100000e+10 2.00537835e-01 3.31717877e-01
2.15200000e+10 2.00585260e-01 3.31825781e-01
2.15300000e+10 2.00632674e-01 3.31933674e-01
2.15400000e+10 2.00680079e-01 3.32041557e-01
2.15500000e+10 2.00727473e-01 3.32149430e-01
2.15600000e+10 2.00774857e-01 3.32257291e-01
2.15700000e+10 2.00822230e-01 3.32365142e-01
2.15800000e+10 2.00869594e-01 3.32472983e-01
2.15900000e+10 2.00916947e-01 3.32580813e-01
2.16000000e+10 2.00964290e-01 3.32688632e-01
2.16100000e+10 2.01011622e-01 3.32796440e-01
2.16200000e+10 2.01058945e-01 3.32904238e-01
2.16300000e+10 2.01106257e-01 3.33012026e-01
2.16400000e+10 2.01153559e-01 3.33119803e-01
2.16500000e+10 2.01200850e-01 3.33227569e-01
2.16600000e+10 2.01248132e-01 3.33335324e-01
2.16700000e+10 2.01295403e-01 3.33443070e-01
2.16800000e+10 2.01342664e-01 3.33550804e-01
2.16900000e+10 2.01389915e-01 3.33658528e-01
2.17000000e+10 2.01437156e-01 3.33766242e-01
2.17100000e+10 2.01484387e-01 3.33873945e-01
2.17200000e+10 2.01531607e-01 3.33981637e-01
2.17300000e+10 2.01578818e-01 3.34089319e-01
2.17400000e+10 2.01626018e-01 3.34196990e-01
2.17500000e+10 2.01673208e-01 3.34304651e-01
2.17600000e+10 2.01720388e-01 3.34412302e-01
2.17700000e+10 2.01767557e-01 3.34519942e-01
2.17800000e+10 2.01814717e-01 3.34627571e-01
2.17900000e+10 2.01861866e-01 3.34735190e-01
2.18000000e+10 2.01909006e-01 3.34842799e-01
2.18100000e+10 2.01956135e-01 3.34950397e-01
2.18200000e+10 2.02003255e-01 3.35057984e-01
2.18300000e+10 2.02050364e-01 3.35165562e-01
2.18400000e+10 2.02097463e-01 3.35273128e-01
2.18500000e+10 2.02144552e-01 3.35380685e-01
2.18600000e+10 2.02191631e-01 3.35488231e-01
2.18700000e+10 2.02238700e-01 3.35595766e-01
2.18800000e+10 2.02285759e-01 3.35703291e-01
2.18900000e+10 2.02332807e-01 3.35810806e-01
2.19000000e+10 2.02379846e-01 3.35918310e-01
2.19100000e+10 2.02426875e-01 3.36025804e-01
2.19200000e+10 2.02473894e-01 3.36133288e-01
2.19300000e+10 2.02520903e-01 3.36240761e-01
2.19400000e+10 2.02567901e-01 3.36348224e-01
2.19500000e+10 2.02614890e-01 3.36455676e-01
2.19600000e+10 2.02661869e-01 3.36563119e-01
2.19700000e+10 2.02708838e-01 3.36670550e-01
2.19800000e+10 2.02755797e-01 3.36777972e-01
2.19900000e+10 2.02802746e-01 3.36885383e-01
2.20000000e+10 2.02849685e-01 3.36992784e-01
2.20100000e+10 2.02896613e-01 3.37100174e-01
2.20200000e+10 2.02943533e-01 3.37207555e-01
2.20300000e+10 2.02990442e-01 3.37314925e-01
2.20400000e+10 2.03037341e-01 3.37422284e-01
2.20500000e+10 2.03084230e-01 3.37529634e-01
2.20600000e+10 2.03131109e-01 3.37636973e-01
2.20700000e+10 2.03177979e-01 3.37744302e-01
2.20800000e+10 2.03224838e-01 3.37851620e-01
2.20900000e+10 2.03271688e-01 3.37958928e-01
2.21000000e+10 2.03318528e-01 3.38066227e-01
2.21100000e+10 2.03365358e-01 3.38173514e-01
2.21200000e+10 2.03412178e-01 3.38280792e-01
2.21300000e+10 2.03458988e-01 3.38388059e-01
2.21400000e+10 2.03505788e-01 3.38495317e-01
2.21500000e+10 2.03552578e-01 3.38602564e-01
2.21600000e+10 2.03599359e-01 3.38709800e-01
2.21700000e+10 2.03646130e-01 3.38817027e-01
2.21800000e+10 2.03692891e-01 3.38924243e-01
2.21900000e+10 2.03739642e-01 3.39031449e-01
2.22000000e+10 2.03786383e-01 3.39138645e-01
2.22100000e+10 2.03833114e-01 3.39245831e-01
2.22200000e+10 2.03879836e-01 3.39353007e-01
2.22300000e+10 2.03926548e-01 3.39460173e-01
2.22400000e+10 2.03973250e-01 3.39567328e-01
2.22500000e+10 2.04019942e-01 3.39674473e-01
2.22600000e+10 2.04066625e-01 3.39781608e-01
2.22700000e+10 2.04113298e-01 3.39888733e-01
2.22800000e+10 2.04159961e-01 3.39995848e-01
2.22900000e+10 2.04206614e-01 3.40102953e-01
2.23000000e+10 2.04253257e-01 3.40210048e-01
2.23100000e+10 2.04299891e-01 3.40317132e-01
2.23200000e+10 2.04346515e-01 3.40424207e-01
2.23300000e+10 2.04393129e-01 3.40531271e-01
2.23400000e+10 2.04439734e-01 3.40638326e-01
2.23500000e+10 2.04486329e-01 3.40745370e-01
2.23600000e+10 2.04532914e-01 3.40852404e-01
2.23700000e+10 2.04579489e-01 3.40959428e-01
2.23800000e+10 2.04626055e-01 3.41066442e-01
2.23900000e+10 2.04672611e-01 3.41173446e-01
2.24000000e+10 2.04719157e-01 3.41280441e-01
2.24100000e+10 2.04765694e-01 3.41387425e-01
2.24200000e+10 2.04812221e-01 3.41494398e-01
2.24300000e+10 2.04858739e-01 3.41601362e-01
2.24400000e+10 2.04905246e-01 3.41708316e-01
2.24500000e+10 2.04951744e-01 3.41815260e-01
2.24600000e+10 2.04998233e-01 3.41922194e-01
2.24700000e+10 2.05044712e-01 3.42029118e-01
2.24800000e+10 2.05091181e-01 3.42136032e-01
2.24900000e+10 2.05137641e-01 3.42242936e-01
2.25000000e+10 2.05184090e-01 3.42349830e-01
2.25100000e+10 2.05230531e-01 3.42456715e-01
2.25200000e+10 2.05276962e-01 3.42563589e-01
2.25300000e+10 2.05323383e-01 3.42670453e-01
2.25400000e+10 2.05369794e-01 3.42777307e-01
2.25500000e+10 2.05416196e-01 3.42884152e-01
2.25600000e+10 2.05462589e-01 3.42990986e-01
2.25700000e+10 2.05508972e-01 3.43097810e-01
2.25800000e+10 2.05555345e-01 3.43204625e-01
2.25900000e+10 2.05601709e-01 3.43311430e-01
2.26000000e+10 2.05648063e-01 3.43418225e-01
2.26100000e+10 2.05694408e-01 3.43525009e-01
2.26200000e+10 2.05740743e-01 3.43631784e-01
2.26300000e+10 2.05787068e-01 3.43738550e-01
2.26400000e+10 2.05833385e-01 3.43845305e-01
2.26500000e+10 2.05879691e-01 3.43952050e-01
2.26600000e+10 2.05925988e-01 3.44058786e-01
2.26700000e+10 2.05972276e-01 3.44165511e-01
2.26800000e+10 2.06018554e-01 3.44272227e-01
2.26900000e+10 2.06064823e-01 3.44378933e-01
2.27000000e+10 2.06111082e-01 3.44485629e-01
2.27100000e+10 2.06157331e-01 3.44592316e-01
2.27200000e+10 2.06203572e-01 3.44698992e-01
2.27300000e+10 2.06249802e-01 3.44805659e-01
2.27400000e+10 2.06296024e-01 3.44912316e-01
2.27500000e+10 2.06342235e-01 3.45018963e-01
2.27600000e+10 2.06388438e-01 3.45125600e-01
2.27700000e+10 2.06434631e-01 3.45232228e-01
2.27800000e+10 2.06480814e-01 3.45338846e-01
2.27900000e+10 2.06526989e-01 3.45445454e-01
2.28000000e+10 2.06573153e-01 3.45552052e-01
2.28100000e+10 2.06619309e-01 3.45658640e-01
2.28200000e+10 2.06665454e-01 3.45765219e-01
2.28300000e+10 2.06711591e-01 3.45871788e-01
2.28400000e+10 2.06757718e-01 3.45978347e-01
2.28500000e+10 2.06803836e-01 3.46084897e-01
2.28600000e+10 2.06849944e-01 3.46191437e-01
2.28700000e+10 2.06896043e-01 3.46297967e-01
2.28800000e+10 2.06942133e-01 3.46404487e-01
2.28900000e+10 2.06988213e-01 3.46510998e-01
2.29000000e+10 2.07034284e-01 3.46617499e-01
2.29100000e+10 2.07080346e-01 3.46723990e-01
2.29200000e+10 2.07126398e-01 3.46830471e-01
2.29300000e+10 2.07172441e-01 3.46936943e-01
2.29400000e+10 2.07218475e-01 3.47043405e-01
2.29500000e+10 2.07264499e-01 3.47149858e-01
2.29600000e+10 2.07310514e-01 3.47256301e-01
2.29700000e+10 2.07356519e-01 3.47362734e-01
2.29800000e+10 2.07402516e-01 3.47469158e-01
2.29900000e+10 2.07448503e-01 3.47575572e-01
2.30000000e+10 2.07494481e-01 3.47681976e-01
2.30100000e+10 2.07540449e-01 3.47788371e-01
2.30200000e+10 2.07586409e-01 3.47894756e-01
2.30300000e+10 2.07632359e-01 3.48001131e-01
2.30400000e+10 2.07678299e-01 3.48107497e-01
2.30500000e+10 2.07724231e-01 3.48213853e-01
2.30600000e+10 2.07770153e-01 3.48320200e-01
2.30700000e+10 2.07816066e-01 3.48426537e-01
2.30800000e+10 2.07861970e-01 3.48532864e-01
2.30900000e+10 2.07907864e-01 3.48639182e-01
2.31000000e+10 2.07953750e-01 3.48745491e-01
2.31100000e+10 2.07999626e-01 3.48851789e-01
2.31200000e+10 2.08045493e-01 3.48958078e-01
2.31300000e+10 2.08091350e-01 3.49064358e-01
2.31400000e+10 2.08137199e-01 3.49170628e-01
2.31500000e+10 2.08183038e-01 3.49276889e-01
2.31600000e+10 2.08228868e-01 3.49383140e-01
2.31700000e+10 2.08274689e-01 3.49489381e-01
2.31800000e+10 2.08320501e-01 3.49595613e-01
2.31900000e+10 2.08366304e-01 3.49701836e-01
2.32000000e+10 2.08412097e-01 3.49808049e-01
2.32100000e+10 2.08457881e-01 3.49914252e-01
2.32200000e+10 2.08503656e-01 3.50020446e-01
2.32300000e+10 2.08549422e-01 3.50126631e-01
2.32400000e+10 2.08595179e-01 3.50232806e-01
2.32500000e+10 2.08640927e-01 3.50338971e-01
2.32600000e+10 2.08686666e-01 3.50445127e-01
2.32700000e+10 2.08732395e-01 3.50551274e-01
2.32800000e+10 2.08778116e-01 3.50657411e-01
2.32900000e+10 2.08823827e-01 3.50763539e-01
2.33000000e+10 2.08869529e-01 3.50869657e-01
2.33100000e+10 2.08915222e-01 3.50975766e-01
2.33200000e+10 2.08960906e-01 3.51081865e-01
2.33300000e+10 2.09006581e-01 3.51187955e-01
2.33400000e+10 2.09052247e-01 3.51294035e-01
2.33500000e+10 2.09097904e-01 3.51400107e-01
2.33600000e+10 2.09143552e-01 3.51506168e-01
2.33700000e+10 2.09189190e-01 3.51612221e-01
2.33800000e+10 2.09234820e-01 3.51718263e-01
2.33900000e+10 2.09280441e-01 3.51824297e-01
2.34000000e+10 2.09326052e-01 3.51930321e-01
2.34100000e+10 2.09371655e-01 3.52036336e-01
2.34200000e+10 2.09417248e-01 3.52142341e-01
2.34300000e+10 2.09462833e-01 3.52248337e-01
2.34400000e+10 2.09508408e-01 3.52354324e-01
2.34500000e+10 2.09553975e-01 3.52460301e-01
2.34600000e+10 2.09599532e-01 3.52566269e-01
2.34700000e+10 2.09645081e-01 3.52672228e-01
2.34800000e+10 2.09690620e-01 3.52778177e-01
2.34900000e+10 2.09736151e-01 3.52884117e-01
2.35000000e+10 2.09781673e-01 3.52990048e-01
2.35100000e+10 2.09827185e-01 3.53095969e-01
2.35200000e+10 2.09872689e-01 3.53201881e-01
2.35300000e+10 2.09918183e-01 3.53307784e-01
2.35400000e+10 2.09963669e-01 3.53413677e-01
2.35500000e+10 2.10009146e-01 3.53519562e-01
2.35600000e+10 2.10054614e-01 3.53625436e-01
2.35700000e+10 2.10100073e-01 3.53731302e-01
2.35800000e+10 2.10145523e-01 3.53837158e-01
2.35900000e+10 2.10190964e-01 3.53943005e-01
2.36000000e+10 2.10236396e-01 3.54048843e-01
2.36100000e+10 2.10281819e-01 3.54154672e-01
2.36200000e+10 2.10327233e-01 3.54260491e-01
2.36300000e+10 2.10372639e-01 3.54366301e-01
2.36400000e+10 2.10418035e-01 3.54472102e-01
2.36500000e+10 2.10463423e-01 3.54577893e-01
2.36600000e+10 2.10508802e-01 3.54683676e-01
2.36700000e+10 2.10554172e-01 3.54789449e-01
2.36800000e+10 2.10599533e-01 3.54895213e-01
2.36900000e+10 2.10644885e-01 3.55000968e-01
2.37000000e+10 2.10690228e-01 3.55106713e-01
2.37100000e+10 2.10735563e-01 3.55212450e-01
2.37200000e+10 2.10780889e-01 3.55318177e-01
2.37300000e+10 2.10826205e-01 3.55423895e-01
2.37400000e+10 2.10871513e-01 3.55529603e-01
2.37500000e+10 2.10916812e-01 3.55635303e-01
2.37600000e+10 2.10962103e-01 3.55740993e-01
2.37700000e+10 2.11007384e-01 3.55846675e-01
2.37800000e+10 2.11052657e-01 3.55952347e-01
2.37900000e+10 2.11097921e-01 3.56058010e-01
2.38000000e+10 2.11143176e-01 3.56163664e-01
2.38100000e+10 2.11188422e-01 3.56269309e-01
2.38200000e+10 2.11233660e-01 3.56374944e-01
2.38300000e+10 2.11278889e-01 3.56480571e-01
2.38400000e+10 2.11324109e-01 3.56586188e-01
2.38500000e+10 2.11369320e-01 3.56691796e-01
2.38600000e+10 2.11414522e-01 3.56797395e-01
2.38700000e+10 2.11459716e-01 3.56902985e-01
2.38800000e+10 2.11504901e-01 3.57008566e-01
2.38900000e+10 2.11550077e-01 3.57114138e-01
2.39000000e+10 2.11595245e-01 3.57219701e-01
2.39100000e+10 2.11640403e-01 3.57325255e-01
2.39200000e+10 2.11685553e-01 3.57430799e-01
2.39300000e+10 2.11730695e-01 3.57536335e-01
2.39400000e+10 2.11775827e-01 3.57641861e-01
2.39500000e+10 2.11820951e-01 3.57747379e-01
2.39600000e+10 2.11866066e-01 3.57852887e-01
2.39700000e+10 2.11911173e-01 3.57958387e-01
2.39800000e+10 2.11956270e-01 3.58063877e-01
2.39900000e+10 2.12001359e-01 3.58169358e-01
2.40000000e+10 2.12046440e-01 3.58274831e-01
2.40100000e+10 2.12091512e-01 3.58380294e-01
2.40200000e+10 2.12136575e-01 3.58485748e-01
2.40300000e+10 2.12181629e-01 3.58591194e-01
2.40400000e+10 2.12226675e-01 3.58696630e-01
2.40500000e+10 2.12271712e-01 3.58802057e-01
2.40600000e+10 2.12316740e-01 3.58907475e-01
2.40700000e+10 2.12361760e-01 3.59012885e-01
2.40800000e+10 2.12406771e-01 3.59118285e-01
2.40900000e+10 2.12451774e-01 3.59223676e-01
2.41000000e+10 2.12496768e-01 3.59329059e-01
2.41100000e+10 2.12541753e-01 3.59434432e-01
2.41200000e+10 2.12586730e-01 3.59539797e-01
2.41300000e+10 2.12631698e-01 3.59645152e-01
2.41400000e+10 2.12676657e-01 3.59750499e-01
2.41500000e+10 2.12721608e-01 3.59855836e-01
2.41600000e+10 2.12766550e-01 3.59961165e-01
2.41700000e+10 2.12811484e-01 3.60066485e-01
2.41800000e+10 2.12856409e-01 3.60171796e-01
2.41900000e+10 2.12901326e-01 3.60277098e-01
2.42000000e+10 2.12946234e-01 3.60382391e-01
2.42100000e+10 2.12991133e-01 3.60487675e-01
2.42200000e+10 2.13036024e-01 3.60592950e-01
2.42300000e+10 2.13080906e-01 3.60698217e-01
2.42400000e+10 2.13125780e-01 3.60803474e-01
2.42500000e+10 2.13170645e-01 3.60908723e-01
2.42600000e+10 2.13215502e-01 3.61013962e-01
2.42700000e+10 2.13260350e-01 3.61119193e-01
2.42800000e+10 2.13305190e-01 3.61224415e-01
2.42900000e+10 2.13350021e-01 3.61329628e-01
2.43000000e+10 2.13394843e-01 3.61434833e-01
2.43100000e+10 2.13439657e-01 3.61540028e-01
2.43200000e+10 2.13484463e-01 3.61645215e-01
2.43300000e+10 2.13529260e-01 3.61750393e-01
2.43400000e+10 2.13574049e-01 3.61855561e-01
2.43500000e+10 2.13618829e-01 3.61960722e-01
2.43600000e+10 2.13663601e-01 3.62065873e-01
2.43700000e+10 2.13708364e-01 3.62171015e-01
2.43800000e+10 2.13753118e-01 3.62276149e-01
2.43900000e+10 2.13797865e-01 3.62381274e-01
2.44000000e+10 2.13842603e-01 3.62486390e-01
2.44100000e+10 2.13887332e-01 3.62591497e-01
2.44200000e+10 2.13932053e-01 3.62696596e-01
2.44300000e+10 2.13976765e-01 3.62801686e-01
2.44400000e+10 2.14021469e-01 3.62906767e-01
2.44500000e+10 2.14066165e-01 3.63011839e-01
2.44600000e+10 2.14110852e-01 3.63116902e-01
2.44700000e+10 2.14155531e-01 3.63221957e-01
2.44800000e+10 2.14200201e-01 3.63327003e-01
2.44900000e+10 2.14244863e-01 3.63432040e-01
2.45000000e+10 2.14289517e-01 3.63537068e-01
2.45100000e+10 2.14334162e-01 3.63642088e-01
2.45200000e+10 2.14378798e-01 3.63747099e-01
2.45300000e+10 2.14423427e-01 3.63852101e-01
2.45400000e+10 2.14468047e-01 3.63957095e-01
2.45500000e+10 2.14512658e-01 3.64062080e-01
2.45600000e+10 2.14557262e-01 3.64167056e-01
2.45700000e+10 2.14601857e-01 3.64272023e-01
2.45800000e+10 2.14646443e-01 3.64376982e-01
2.45900000e+10 2.14691021e-01 3.64481932e-01
2.46000000e+10 2.14735591e-01 3.64586873e-01
2.46100000e+10 2.14780153e-01 3.64691806e-01
2.46200000e+10 2.14824706e-01 3.64796730e-01
2.46300000e+10 2.14869250e-01 3.64901645e-01
2.46400000e+10 2.14913787e-01 3.65006552e-01
2.46500000e+10 2.14958315e-01 3.65111450e-01
2.46600000e+10 2.15002835e-01 3.65216339e-01
2.46700000e+10 2.15047347e-01 3.65321220e-01
2.46800000e+10 2.15091850e-01 3.65426092e-01
2.46900000e+10 2.15136345e-01 3.65530956e-01
2.47000000e+10 2.15180831e-01 3.65635810e-01
2.47100000e+10 2.15225310e-01 3.65740657e-01
2.47200000e+10 2.15269780e-01 3.65845494e-01
2.47300000e+10 2.15314241e-01 3.65950323e-01
2.47400000e+10 2.15358695e-01 3.66055143e-01
2.47500000e+10 2.15403140e-01 3.66159955e-01
2.47600000e+10 2.15447577e-01 3.66264758e-01
2.47700000e+10 2.15492006e-01 3.66369553e-01
2.47800000e+10 2.15536426e-01 3.66474339e-01
2.47900000e+10 2.15580839e-01 3.66579116e-01
2.48000000e+10 2.15625243e-01 3.66683885e-01
2.48100000e+10 2.15669638e-01 3.66788645e-01
2.48200000e+10 2.15714026e-01 3.66893397e-01
2.48300000e+10 2.15758405e-01 3.66998140e-01
2.48400000e+10 2.15802776e-01 3.67102875e-01
2.48500000e+10 2.15847139e-01 3.67207600e-01
2.48600000e+10 2.15891494e-01 3.67312318e-01
2.48700000e+10 2.15935840e-01 3.67417027e-01
2.48800000e+10 2.15980179e-01 3.67521727e-01
2.48900000e+10 2.16024509e-01 3.67626419e-01
2.49000000e+10 2.16068830e-01 3.67731102e-01
2.49100000e+10 2.16113144e-01 3.67835777e-01
2.49200000e+10 2.16157450e-01 3.67940443e-01
2.49300000e+10 2.16201747e-01 3.68045101e-01
2.49400000e+10 2.16246036e-01 3.68149751e-01
2.49500000e+10 2.16290317e-01 3.68254391e-01
2.49600000e+10 2.16334590e-01 3.68359024e-01
2.49700000e+10 2.16378855e-01 3.68463647e-01
2.49800000e+10 2.16423111e-01 3.68568263e-01
2.49900000e+10 2.16467360e-01 3.68672870e-01
2.50000000e+10 2.16511600e-01 3.68777468e-01
2.50100000e+10 2.16555832e-01 3.68882058e-01
2.50200000e+10 2.16600056e-01 3.68986639e-01
2.50300000e+10 2.16644272e-01 3.69091212e-01
2.50400000e+10 2.16688480e-01 3.69195777e-01
2.50500000e+10 2.16732679e-01 3.69300333e-01
2.50600000e+10 2.16776871e-01 3.69404881e-01
2.50700000e+10 2.16821054e-01 3.69509420e-01
2.50800000e+10 2.16865230e-01 3.69613951e-01
2.50900000e+10 2.16909397e-01 3.69718473e-01
2.51000000e+10 2.16953556e-01 3.69822987e-01
2.51100000e+10 2.16997707e-01 3.69927493e-01
2.51200000e+10 2.17041850e-01 3.70031990e-01
2.51300000e+10 2.17085985e-01 3.70136478e-01
2.51400000e+10 2.17130112e-01 3.70240959e-01
2.51500000e+10 2.17174231e-01 3.70345431e-01
2.51600000e+10 2.17218342e-01 3.70449894e-01
2.51700000e+10 2.17262445e-01 3.70554349e-01
2.51800000e+10 2.17306539e-01 3.70658796e-01
2.51900000e+10 2.17350626e-01 3.70763235e-01
2.52000000e+10 2.17394704e-01 3.70867665e-01
2.52100000e+10 2.17438775e-01 3.70972086e-01
2.52200000e+10 2.17482838e-01 3.71076500e-01
2.52300000e+10 2.17526892e-01 3.71180905e-01
2.52400000e+10 2.17570939e-01 3.71285301e-01
2.52500000e+10 2.17614977e-01 3.71389690e-01
2.52600000e+10 2.17659008e-01 3.71494070e-01
2.52700000e+10 2.17703030e-01 3.71598441e-01
2.52800000e+10 2.17747045e-01 3.71702805e-01
2.52900000e+10 2.17791051e-01 3.71807160e-01
2.53000000e+10 2.17835050e-01 3.71911506e-01
2.53100000e+10 2.17879040e-01 3.72015845e-01
2.53200000e+10 2.17923023e-01 3.72120175e-01
2.53300000e+10 2.17966998e-01 3.72224496e-01
2.53400000e+10 2.18010964e-01 3.72328810e-01
2.53500000e+10 2.18054923e-01 3.72433115e-01
2.53600000e+10 2.18098874e-01 3.72537412e-01
2.53700000e+10 2.18142817e-01 3.72641701e-01
2.53800000e+10 2.18186751e-01 3.72745981e-01
2.53900000e+10 2.18230678e-01 3.72850253e-01
2.54000000e+10 2.18274597e-01 3.72954517e-01
2.54100000e+10 2.18318508e-01 3.73058772e-01
2.54200000e+10 2.18362412e-01 3.73163020e-01
2.54300000e+10 2.18406307e-01 3.73267259e-01
2.54400000e+10 2.18450194e-01 3.73371489e-01
2.54500000e+10 2.18494073e-01 3.73475712e-01
2.54600000e+10 2.18537945e-01 3.73579926e-01
2.54700000e+10 2.18581809e-01 3.73684132e-01
2.54800000e+10 2.18625664e-01 3.73788330e-01
2.54900000e+10 2.18669512e-01 3.73892520e-01
2.55000000e+10 2.18713352e-01 3.73996701e-01
2.55100000e+10 2.18757184e-01 3.74100874e-01
2.55200000e+10 2.18801008e-01 3.74205039e-01
2.55300000e+10 2.18844824e-01 3.74309196e-01
2.55400000e+10 2.18888633e-01 3.74413345e-01
2.55500000e+10 2.18932433e-01 3.74517485e-01
2.55600000e+10 2.18976226e-01 3.74621618e-01
2.55700000e+10 2.19020011e-01 3.74725742e-01
2.55800000e+10 2.19063788e-01 3.74829857e-01
2.55900000e+10 2.19107557e-01 3.74933965e-01
2.56000000e+10 2.19151319e-01 3.75038065e-01
2.56100000e+10 2.19195072e-01 3.75142156e-01
2.56200000e+10 2.19238818e-01 3.75246239e-01
2.56300000e+10 2.19282556e-01 3.75350314e-01
2.56400000e+10 2.19326286e-01 3.75454381e-01
2.56500000e+10 2.19370008e-01 3.75558440e-01
2.56600000e+10 2.19413722e-01 3.75662491e-01
2.56700000e+10 2.19457429e-01 3.75766533e-01
2.56800000e+10 2.19501128e-01 3.75870568e-01
2.56900000e+10 2.19544819e-01 3.75974594e-01
2.57000000e+10 2.19588502e-01 3.76078612e-01
2.57100000e+10 2.19632178e-01 3.76182622e-01
2.57200000e+10 2.19675845e-01 3.76286624e-01
2.57300000e+10 2.19719505e-01 3.76390618e-01
2.57400000e+10 2.19763158e-01 3.76494604e-01
2.57500000e+10 2.19806802e-01 3.76598582e-01
2.57600000e+10 2.19850439e-01 3.76702551e-01
2.57700000e+10 2.19894067e-01 3.76806513e-01
2.57800000e+10 2.19937689e-01 3.76910466e-01
2.57900000e+10 2.19981302e-01 3.77014411e-01
2.58000000e+10 2.20024908e-01 3.77118349e-01
2.58100000e+10 2.20068506e-01 3.77222278e-01
2.58200000e+10 2.20112096e-01 3.77326199e-01
2.58300000e+10 2.20155678e-01 3.77430112e-01
2.58400000e+10 2.20199253e-01 3.77534017e-01
2.58500000e+10 2.20242820e-01 3.77637914e-01
2.58600000e+10 2.20286379e-01 3.77741803e-01
2.58700000e+10 2.20329931e-01 3.77845684e-01
2.58800000e+10 2.20373475e-01 3.77949557e-01
2.58900000e+10 2.20417011e-01 3.78053422e-01
2.59000000e+10 2.20460540e-01 3.78157279e-01
2.59100000e+10 2.20504061e-01 3.78261128e-01
2.59200000e+10 2.20547574e-01 3.78364969e-01
2.59300000e+10 2.20591079e-01 3.78468802e-01
2.59400000e+10 2.20634577e-01 3.78572627e-01
2.59500000e+10 2.20678067e-01 3.78676443e-01
2.59600000e+10 2.20721550e-01 3.78780252e-01
2.59700000e+10 2.20765024e-01 3.78884053e-01
2.59800000e+10 2.20808492e-01 3.78987846e-01
2.59900000e+10 2.20851951e-01 3.79091631e-01
2.60000000e+10 2.20895403e-01 3.79195408e-01
2.60100000e+10 2.20938847e-01 3.79299177e-01
2.60200000e+10 2.20982284e-01 3.79402938e-01
2.60300000e+10 2.21025713e-01 3.79506691e-01
2.60400000e+10 2.21069134e-01 3.79610436e-01
2.60500000e+10 2.21112548e-01 3.79714173e-01
2.60600000e+10 2.21155954e-01 3.79817903e-01
2.60700000e+10 2.21199353e-01 3.79921624e-01
2.60800000e+10 2.21242743e-01 3.80025337e-01
2.60900000e+10 2.21286127e-01 3.80129043e-01
2.61000000e+10 2.21329502e-01 3.80232740e-01
2.61100000e+10 2.21372871e-01 3.80336430e-01
2.61200000e+10 2.21416231e-01 3.80440112e-01
2.61300000e+10 2.21459584e-01 3.80543785e-01
2.61400000e+10 2.21502929e-01 3.80647451e-01
2.61500000e+10 2.21546267e-01 3.80751109e-01
2.61600000e+10 2.21589597e-01 3.80854759e-01
2.61700000e+10 2.21632920e-01 3.80958401e-01
2.61800000e+10 2.21676235e-01 3.81062036e-01
2.61900000e+10 2.21719543e-01 3.81165662e-01
2.62000000e+10 2.21762843e-01 3.81269281e-01
2.62100000e+10 2.21806135e-01 3.81372891e-01
2.62200000e+10 2.21849420e-01 3.81476494e-01
2.62300000e+10 2.21892697e-01 3.81580089e-01
2.62400000e+10 2.21935967e-01 3.81683676e-01
2.62500000e+10 2.21979229e-01 3.81787255e-01
2.62600000e+10 2.22022484e-01 3.81890827e-01
2.62700000e+10 2.22065731e-01 3.81994390e-01
2.62800000e+10 2.22108971e-01 3.82097946e-01
2.62900000e+10 2.22152203e-01 3.82201494e-01
2.63000000e+10 2.22195428e-01 3.82305034e-01
2.63100000e+10 2.22238645e-01 3.82408566e-01
2.63200000e+10 2.22281855e-01 3.82512091e-01
2.63300000e+10 2.22325057e-01 3.82615607e-01
2.63400000e+10 2.22368252e-01 3.82719116e-01
2.63500000e+10 2.22411439e-01 3.82822617e-01
2.63600000e+10 2.22454619e-01 3.82926110e-01
2.63700000e+10 2.22497791e-01 3.83029595e-01
2.63800000e+10 2.22540956e-01 3.83133073e-01
2.63900000e+10 2.22584114e-01 3.83236543e-01
2.64000000e+10 2.22627263e-01 3.83340005e-01
2.64100000e+10 2.22670406e-01 3.83443459e-01
2.64200000e+10 2.22713541e-01 3.83546905e-01
2.64300000e+10 2.22756668e-01 3.83650344e-01
2.64400000e+10 2.22799789e-01 3.83753775e-01
2.64500000e+10 2.22842901e-01 3.83857198e-01
2.64600000e+10 2.22886006e-01 3.83960613e-01
2.64700000e+10 2.22929104e-01 3.84064021e-01
2.64800000e+10 2.22972195e-01 3.84167421e-01
2.64900000e+10 2.23015278e-01 3.84270813e-01
2.65000000e+10 2.23058353e-01 3.84374198e-01
2.65100000e+10 2.23101421e-01 3.84477574e-01
2.65200000e+10 2.23144482e-01 3.84580943e-01
2.65300000e+10 2.23187535e-01 3.84684304e-01
2.65400000e+10 2.23230581e-01 3.84787658e-01
2.65500000e+10 2.23273620e-01 3.84891004e-01
2.65600000e+10 2.23316651e-01 3.84994342e-01
2.65700000e+10 2.23359675e-01 3.85097672e-01
2.65800000e+10 2.23402691e-01 3.85200995e-01
2.65900000e+10 2.23445700e-01 3.85304310e-01
2.66000000e+10 2.23488702e-01 3.85407617e-01
2.66100000e+10 2.23531696e-01 3.85510917e-01
2.66200000e+10 2.23574683e-01 3.85614209e-01
2.66300000e+10 2.23617663e-01 3.85717493e-01
2.66400000e+10 2.23660635e-01 3.85820769e-01
2.66500000e+10 2.23703600e-01 3.85924038e-01
2.66600000e+10 2.23746557e-01 3.86027299e-01
2.66700000e+10 2.23789508e-01 3.86130553e-01
2.66800000e+10 2.23832450e-01 3.86233799e-01
2.66900000e+10 2.23875386e-01 3.86337037e-01
2.67000000e+10 2.23918314e-01 3.86440268e-01
2.67100000e+10 2.23961235e-01 3.86543491e-01
2.67200000e+10 2.24004149e-01 3.86646706e-01
2.67300000e+10 2.24047055e-01 3.86749914e-01
2.67400000e+10 2.24089954e-01 3.86853114e-01
2.67500000e+10 2.24132845e-01 3.86956306e-01
2.67600000e+10 2.24175730e-01 3.87059491e-01
2.67700000e+10 2.24218607e-01 3.87162668e-01
2.67800000e+10 2.24261476e-01 3.87265838e-01
2.67900000e+10 2.24304339e-01 3.87369000e-01
2.68000000e+10 2.24347194e-01 3.87472154e-01
2.68100000e+10 2.24390042e-01 3.87575301e-01
2.68200000e+10 2.24432883e-01 3.87678440e-01
2.68300000e+10 2.24475716e-01 3.87781572e-01
2.68400000e+10 2.24518542e-01 3.87884696e-01
2.68500000e+10 2.24561361e-01 3.87987812e-01
2.68600000e+10 2.24604172e-01 3.88090921e-01
2.68700000e+10 2.24646977e-01 3.88194022e-01
2.68800000e+10 2.24689774e-01 3.88297116e-01
2.68900000e+10 2.24732564e-01 3.88400202e-01
2.69000000e+10 2.24775346e-01 3.88503280e-01
2.69100000e+10 2.24818121e-01 3.88606351e-01
2.69200000e+10 2.24860890e-01 3.88709415e-01
2.69300000e+10 2.24903650e-01 3.88812471e-01
2.69400000e+10 2.24946404e-01 3.88915519e-01
2.69500000e+10 2.24989151e-01 3.89018560e-01
2.69600000e+10 2.25031890e-01 3.89121593e-01
2.69700000e+10 2.25074622e-01 3.89224619e-01
2.69800000e+10 2.25117347e-01 3.89327637e-01
2.69900000e+10 2.25160064e-01 3.89430648e-01
2.70000000e+10 2.25202775e-01 3.89533651e-01
2.70100000e+10 2.25245478e-01 3.89636647e-01
2.70200000e+10 2.25288174e-01 3.89739635e-01
2.70300000e+10 2.25330863e-01 3.89842616e-01
2.70400000e+10 2.25373544e-01 3.89945589e-01
2.70500000e+10 2.25416219e-01 3.90048555e-01
2.70600000e+10 2.25458886e-01 3.90151513e-01
2.70700000e+10 2.25501546e-01 3.90254464e-01
2.70800000e+10 2.25544199e-01 3.90357407e-01
2.70900000e+10 2.25586845e-01 3.90460343e-01
2.71000000e+10 2.25629484e-01 3.90563271e-01
2.71100000e+10 2.25672115e-01 3.90666192e-01
2.71200000e+10 2.25714740e-01 3.90769105e-01
2.71300000e+10 2.25757357e-01 3.90872011e-01
2.71400000e+10 2.25799967e-01 3.90974910e-01
2.71500000e+10 2.25842570e-01 3.91077801e-01
2.71600000e+10 2.25885166e-01 3.91180684e-01
2.71700000e+10 2.25927755e-01 3.91283560e-01
2.71800000e+10 2.25970336e-01 3.91386429e-01
2.71900000e+10 2.26012911e-01 3.91489290e-01
2.72000000e+10 2.26055478e-01 3.91592144e-01
2.72100000e+10 2.26098038e-01 3.91694990e-01
2.72200000e+10 2.26140592e-01 3.91797829e-01
2.72300000e+10 2.26183138e-01 3.91900661e-01
2.72400000e+10 2.26225677e-01 3.92003485e-01
2.72500000e+10 2.26268209e-01 3.92106302e-01
2.72600000e+10 2.26310733e-01 3.92209111e-01
2.72700000e+10 2.26353251e-01 3.92311913e-01
2.72800000e+10 2.26395762e-01 3.92414707e-01
2.72900000e+10 2.26438265e-01 3.92517495e-01
2.73000000e+10 2.26480762e-01 3.92620274e-01
2.73100000e+10 2.26523251e-01 3.92723047e-01
2.73200000e+10 2.26565734e-01 3.92825812e-01
2.73300000e+10 2.26608209e-01 3.92928569e-01
2.73400000e+10 2.26650677e-01 3.93031319e-01
2.73500000e+10 2.26693138e-01 3.93134062e-01
2.73600000e+10 2.26735592e-01 3.93236798e-01
2.73700000e+10 2.26778040e-01 3.93339526e-01
2.73800000e+10 2.26820480e-01 3.93442247e-01
2.73900000e+10 2.26862913e-01 3.93544960e-01
2.74000000e+10 2.26905339e-01 3.93647666e-01
2.74100000e+10 2.26947758e-01 3.93750365e-01
2.74200000e+10 2.26990170e-01 3.93853056e-01
2.74300000e+10 2.27032575e-01 3.93955741e-01
2.74400000e+10 2.27074972e-01 3.94058417e-01
2.74500000e+10 2.27117363e-01 3.94161087e-01
2.74600000e+10 2.27159747e-01 3.94263749e-01
2.74700000e+10 2.27202124e-01 3.94366404e-01
2.74800000e+10 2.27244494e-01 3.94469051e-01
2.74900000e+10 2.27286857e-01 3.94571691e-01
2.75000000e+10 2.27329213e-01 3.94674324e-01
2.75100000e+10 2.27371562e-01 3.94776950e-01
2.75200000e+10 2.27413904e-01 3.94879568e-01
2.75300000e+10 2.27456239e-01 3.94982179e-01
2.75400000e+10 2.27498567e-01 3.95084783e-01
2.75500000e+10 2.27540888e-01 3.95187379e-01
2.75600000e+10 2.27583202e-01 3.95289968e-01
2.75700000e+10 2.27625509e-01 3.95392550e-01
2.75800000e+10 2.27667810e-01 3.95495125e-01
2.75900000e+10 2.27710103e-01 3.95597692e-01
2.76000000e+10 2.27752389e-01 3.95700252e-01
2.76100000e+10 2.27794668e-01 3.95802805e-01
2.76200000e+10 2.27836941e-01 3.95905350e-01
2.76300000e+10 2.27879206e-01 3.96007889e-01
2.76400000e+10 2.27921465e-01 3.96110420e-01
2.76500000e+10 2.27963716e-01 3.96212944e-01
2.76600000e+10 2.28005961e-01 3.96315460e-01
2.76700000e+10 2.28048199e-01 3.96417969e-01
2.76800000e+10 2.28090430e-01 3.96520472e-01
2.76900000e+10 2.28132654e-01 3.96622966e-01
2.77000000e+10 2.28174871e-01 3.96725454e-01
2.77100000e+10 2.28217081e-01 3.96827935e-01
2.77200000e+10 2.28259284e-01 3.96930408e-01
2.77300000e+10 2.28301480e-01 3.97032874e-01
2.77400000e+10 2.28343670e-01 3.97135333e-01
2.77500000e+10 2.28385852e-01 3.97237784e-01
2.77600000e+10 2.28428028e-01 3.97340229e-01
2.77700000e+10 2.28470197e-01 3.97442666e-01
2.77800000e+10 2.28512359e-01 3.97545096e-01
2.77900000e+10 2.28554514e-01 3.97647519e-01
2.78000000e+10 2.28596662e-01 3.97749934e-01
2.78100000e+10 2.28638803e-01 3.97852343e-01
2.78200000e+10 2.28680938e-01 3.97954744e-01
2.78300000e+10 2.28723065e-01 3.98057138e-01
2.78400000e+10 2.28765186e-01 3.98159525e-01
2.78500000e+10 2.28807300e-01 3.98261905e-01
2.78600000e+10 2.28849407e-01 3.98364278e-01
2.78700000e+10 2.28891507e-01 3.98466643e-01
2.78800000e+10 2.28933601e-01 3.98569002e-01
2.78900000e+10 2.28975687e-01 3.98671353e-01
2.79000000e+10 2.29017767e-01 3.98773697e-01
2.79100000e+10 2.29059840e-01 3.98876034e-01
2.79200000e+10 2.29101906e-01 3.98978364e-01
2.79300000e+10 2.29143965e-01 3.99080686e-01
2.79400000e+10 2.29186018e-01 3.99183002e-01
2.79500000e+10 2.29228063e-01 3.99285310e-01
2.79600000e+10 2.29270102e-01 3.99387612e-01
2.79700000e+10 2.29312134e-01 3.99489906e-01
2.79800000e+10 2.29354160e-01 3.99592193e-01
2.79900000e+10 2.29396178e-01 3.99694473e-01
2.80000000e+10 2.29438190e-01 3.99796746e-01
2.80100000e+10 2.29480195e-01 3.99899012e-01
2.80200000e+10 2.29522193e-01 4.00001270e-01
2.80300000e+10 2.29564184e-01 4.00103522e-01
2.80400000e+10 2.29606169e-01 4.00205767e-01
2.80500000e+10 2.29648146e-01 4.00308004e-01
2.80600000e+10 2.29690117e-01 4.00410234e-01
2.80700000e+10 2.29732082e-01 4.00512458e-01
2.80800000e+10 2.29774039e-01 4.00614674e-01
2.80900000e+10 2.29815990e-01 4.00716883e-01
2.81000000e+10 2.29857934e-01 4.00819085e-01
2.81100000e+10 2.29899871e-01 4.00921280e-01
2.81200000e+10 2.29941802e-01 4.01023468e-01
2.81300000e+10 2.29983725e-01 4.01125649e-01
2.81400000e+10 2.30025642e-01 4.01227823e-01
2.81500000e+10 2.30067553e-01 4.01329990e-01
2.81600000e+10 2.30109456e-01 4.01432150e-01
2.81700000e+10 2.30151353e-01 4.01534303e-01
2.81800000e+10 2.30193243e-01 4.01636448e-01
2.81900000e+10 2.30235127e-01 4.01738587e-01
2.82000000e+10 2.30277003e-01 4.01840719e-01
2.82100000e+10 2.30318873e-01 4.01942843e-01
2.82200000e+10 2.30360737e-01 4.02044961e-01
2.82300000e+10 2.30402593e-01 4.02147072e-01
2.82400000e+10 2.30444443e-01 4.02249175e-01
2.82500000e+10 2.30486286e-01 4.02351272e-01
2.82600000e+10 2.30528123e-01 4.02453362e-01
2.82700000e+10 2.30569953e-01 4.02555444e-01
2.82800000e+10 2.30611776e-01 4.02657520e-01
2.82900000e+10 2.30653592e-01 4.02759589e-01
2.83000000e+10 2.30695402e-01 4.02861650e-01
2.83100000e+10 2.30737205e-01 4.02963705e-01
2.83200000e+10 2.30779002e-01 4.03065753e-01
2.83300000e+10 2.30820792e-01 4.03167794e-01
2.83400000e+10 2.30862575e-01 4.03269827e-01
2.83500000e+10 2.30904351e-01 4.03371854e-01
2.83600000e+10 2.30946121e-01 4.03473874e-01
2.83700000e+10 2.30987884e-01 4.03575887e-01
2.83800000e+10 2.31029641e-01 4.03677893e-01
2.83900000e+10 2.31071391e-01 4.03779892e-01
2.84000000e+10 2.31113134e-01 4.03881884e-01
2.84100000e+10 2.31154871e-01 4.03983869e-01
2.84200000e+10 2.31196601e-01 4.04085848e-01
2.84300000e+10 2.31238324e-01 4.04187819e-01
2.84400000e+10 2.31280041e-01 4.04289783e-01
2.84500000e+10 2.31321751e-01 4.04391741e-01
2.84600000e+10 2.31363455e-01 4.04493691e-01
2.84700000e+10 2.31405152e-01 4.04595635e-01
2.84800000e+10 2.31446842e-01 4.04697571e-01
2.84900000e+10 2.31488526e-01 4.04799501e-01
2.85000000e+10 2.31530203e-01 4.04901424e-01
2.85100000e+10 2.31571873e-01 4.05003340e-01
2.85200000e+10 2.31613537e-01 4.05105249e-01
2.85300000e+10 2.31655195e-01 4.05207151e-01
2.85400000e+10 2.31696846e-01 4.05309046e-01
2.85500000e+10 2.31738490e-01 4.05410935e-01
2.85600000e+10 2.31780127e-01 4.05512816e-01
2.85700000e+10 2.31821758e-01 4.05614691e-01
2.85800000e+10 2.31863383e-01 4.05716558e-01
2.85900000e+10 2.31905001e-01 4.05818419e-01
2.86000000e+10 2.31946612e-01 4.05920273e-01
2.86100000e+10 2.31988217e-01 4.06022120e-01
2.86200000e+10 2.32029815e-01 4.06123961e-01
2.86300000e+10 2.32071407e-01 4.06225794e-01
2.86400000e+10 2.32112992e-01 4.06327620e-01
2.86500000e+10 2.32154571e-01 4.06429440e-01
2.86600000e+10 2.32196143e-01 4.06531253e-01
2.86700000e+10 2.32237708e-01 4.06633059e-01
2.86800000e+10 2.32279267e-01 4.06734858e-01
2.86900000e+10 2.32320820e-01 4.06836651e-01
2.87000000e+10 2.32362366e-01 4.06938436e-01
2.87100000e+10 2.32403905e-01 4.07040215e-01
2.87200000e+10 2.32445438e-01 4.07141987e-01
2.87300000e+10 2.32486965e-01 4.07243752e-01
2.87400000e+10 2.32528484e-01 4.07345510e-01
2.87500000e+10 2.32569998e-01 4.07447261e-01
2.87600000e+10 2.32611505e-01 4.07549006e-01
2.87700000e+10 2.32653005e-01 4.07650744e-01
2.87800000e+10 2.32694499e-01 4.07752475e-01
2.87900000e+10 2.32735986e-01 4.07854199e-01
2.88000000e+10 2.32777467e-01 4.07955916e-01
2.88100000e+10 2.32818942e-01 4.08057627e-01
2.88200000e+10 2.32860410e-01 4.08159331e-01
2.88300000e+10 2.32901871e-01 4.08261028e-01
2.88400000e+10 2.32943326e-01 4.08362718e-01
2.88500000e+10 2.32984775e-01 4.08464401e-01
2.88600000e+10 2.33026217e-01 4.08566078e-01
2.88700000e+10 2.33067652e-01 4.08667748e-01
2.88800000e+10 2.33109082e-01 4.08769411e-01
2.88900000e+10 2.33150504e-01 4.08871067e-01
2.89000000e+10 2.33191921e-01 4.08972717e-01
2.89100000e+10 2.33233330e-01 4.09074360e-01
2.89200000e+10 2.33274734e-01 4.09175996e-01
2.89300000e+10 2.33316131e-01 4.09277626e-01
2.89400000e+10 2.33357521e-01 4.09379248e-01
2.89500000e+10 2.33398905e-01 4.09480864e-01
2.89600000e+10 2.33440283e-01 4.09582473e-01
2.89700000e+10 2.33481654e-01 4.09684076e-01
2.89800000e+10 2.33523019e-01 4.09785672e-01
2.89900000e+10 2.33564377e-01 4.09887261e-01
2.90000000e+10 2.33605729e-01 4.09988843e-01
2.90100000e+10 2.33647075e-01 4.10090418e-01
2.90200000e+10 2.33688414e-01 4.10191987e-01
2.90300000e+10 2.33729746e-01 4.10293549e-01
2.90400000e+10 2.33771073e-01 4.10395105e-01
2.90500000e+10 2.33812393e-01 4.10496654e-01
2.90600000e+10 2.33853706e-01 4.10598196e-01
2.90700000e+10 2.33895013e-01 4.10699731e-01
2.90800000e+10 2.33936314e-01 4.10801260e-01
2.90900000e+10 2.33977608e-01 4.10902781e-01
2.91000000e+10 2.34018896e-01 4.11004297e-01
2.91100000e+10 2.34060178e-01 4.11105805e-01
2.91200000e+10 2.34101453e-01 4.11207307e-01
2.91300000e+10 2.34142722e-01 4.11308803e-01
2.91400000e+10 2.34183984e-01 4.11410291e-01
2.91500000e+10 2.34225241e-01 4.11511773e-01
2.91600000e+10 2.34266490e-01 4.11613248e-01
2.91700000e+10 2.34307734e-01 4.11714717e-01
2.91800000e+10 2.34348971e-01 4.11816179e-01
2.91900000e+10 2.34390202e-01 4.11917634e-01
2.92000000e+10 2.34431426e-01 4.12019083e-01
2.92100000e+10 2.34472644e-01 4.12120525e-01
2.92200000e+10 2.34513856e-01 4.12221960e-01
2.92300000e+10 2.34555061e-01 4.12323389e-01
2.92400000e+10 2.34596260e-01 4.12424811e-01
2.92500000e+10 2.34637453e-01 4.12526226e-01
2.92600000e+10 2.34678639e-01 4.12627635e-01
2.92700000e+10 2.34719819e-01 4.12729037e-01
2.92800000e+10 2.34760993e-01 4.12830433e-01
2.92900000e+10 2.34802160e-01 4.12931822e-01
2.93000000e+10 2.34843322e-01 4.13033204e-01
2.93100000e+10 2.34884476e-01 4.13134580e-01
2.93200000e+10 2.34925625e-01 4.13235949e-01
2.93300000e+10 2.34966767e-01 4.13337311e-01
2.93400000e+10 2.35007903e-01 4.13438667e-01
2.93500000e+10 2.35049033e-01 4.13540017e-01
2.93600000e+10 2.35090156e-01 4.13641359e-01
2.93700000e+10 2.35131273e-01 4.13742696e-01
2.93800000e+10 2.35172384e-01 4.13844025e-01
2.93900000e+10 2.35213488e-01 4.13945348e-01
2.94000000e+10 2.35254587e-01 4.14046664e-01
2.94100000e+10 2.35295678e-01 4.14147974e-01
2.94200000e+10 2.35336764e-01 4.14249278e-01
2.94300000e+10 2.35377844e-01 4.14350574e-01
2.94400000e+10 2.35418917e-01 4.14451864e-01
2.94500000e+10 2.35459984e-01 4.14553148e-01
2.94600000e+10 2.35501044e-01 4.14654425e-01
2.94700000e+10 2.35542099e-01 4.14755695e-01
2.94800000e+10 2.35583147e-01 4.14856959e-01
2.94900000e+10 2.35624189e-01 4.14958217e-01
2.95000000e+10 2.35665224e-01 4.15059468e-01
2.95100000e+10 2.35706254e-01 4.15160712e-01
2.95200000e+10 2.35747277e-01 4.15261950e-01
2.95300000e+10 2.35788294e-01 4.15363181e-01
2.95400000e+10 2.35829305e-01 4.15464405e-01
2.95500000e+10 2.35870309e-01 4.15565624e-01
2.95600000e+10 2.35911308e-01 4.15666835e-01
2.95700000e+10 2.35952300e-01 4.15768040e-01
2.95800000e+10 2.35993285e-01 4.15869239e-01
2.95900000e+10 2.36034265e-01 4.15970431e-01
2.96000000e+10 2.36075239e-01 4.16071617e-01
2.96100000e+10 2.36116206e-01 4.16172796e-01
2.96200000e+10 2.36157167e-01 4.16273968e-01
2.96300000e+10 2.36198122e-01 4.16375134e-01
2.96400000e+10 2.36239070e-01 4.16476294e-01
2.96500000e+10 2.36280013e-01 4.16577447e-01
2.96600000e+10 2.36320949e-01 4.16678594e-01
2.96700000e+10 2.36361879e-01 4.16779734e-01
2.96800000e+10 2.36402803e-01 4.16880868e-01
2.96900000e+10 2.36443721e-01 4.16981995e-01
2.97000000e+10 2.36484632e-01 4.17083115e-01
2.97100000e+10 2.36525538e-01 4.17184230e-01
2.97200000e+10 2.36566437e-01 4.17285337e-01
2.97300000e+10 2.36607330e-01 4.17386439e-01
2.97400000e+10 2.36648217e-01 4.17487534e-01
2.97500000e+10 2.36689098e-01 4.17588622e-01
2.97600000e+10 2.36729972e-01 4.17689704e-01
2.97700000e+10 2.36770841e-01 4.17790779e-01
2.97800000e+10 2.36811703e-01 4.17891848e-01
2.97900000e+10 2.36852559e-01 4.17992911e-01
2.98000000e+10 2.36893409e-01 4.18093967e-01
2.98100000e+10 2.36934253e-01 4.18195017e-01
2.98200000e+10 2.36975091e-01 4.18296060e-01
2.98300000e+10 2.37015923e-01 4.18397097e-01
2.98400000e+10 2.37056748e-01 4.18498127e-01
2.98500000e+10 2.37097568e-01 4.18599152e-01
2.98600000e+10 2.37138381e-01 4.18700169e-01
2.98700000e+10 2.37179188e-01 4.18801180e-01
2.98800000e+10 2.37219989e-01 4.18902185e-01
2.98900000e+10 2.37260784e-01 4.19003183e-01
2.99000000e+10 2.37301573e-01 4.19104175e-01
2.99100000e+10 2.37342356e-01 4.19205161e-01
2.99200000e+10 2.37383132e-01 4.19306140e-01
2.99300000e+10 2.37423903e-01 4.19407113e-01
2.99400000e+10 2.37464667e-01 4.19508079e-01
2.99500000e+10 2.37505426e-01 4.19609039e-01
2.99600000e+10 2.37546178e-01 4.19709993e-01
2.99700000e+10 2.37586924e-01 4.19810940e-01
2.99800000e+10 2.37627664e-01 4.19911881e-01
2.99900000e+10 2.37668398e-01 4.20012815e-01
3.00000000e+10 2.37709126e-01 4.20113743e-01
3.00100000e+10 2.37749848e-01 4.20214665e-01
3.00200000e+10 2.37790564e-01 4.20315580e-01
3.00300000e+10 2.37831274e-01 4.20416489e-01
3.00400000e+10 2.37871977e-01 4.20517392e-01
3.00500000e+10 2.37912675e-01 4.20618288e-01
3.00600000e+10 2.37953366e-01 4.20719178e-01
3.00700000e+10 2.37994052e-01 4.20820062e-01
3.00800000e+10 2.38034731e-01 4.20920939e-01
3.00900000e+10 2.38075405e-01 4.21021810e-01
3.01000000e+10 2.38116072e-01 4.21122675e-01
3.01100000e+10 2.38156734e-01 4.21223533e-01
3.01200000e+10 2.38197389e-01 4.21324385e-01
3.01300000e+10 2.38238038e-01 4.21425230e-01
3.01400000e+10 2.38278682e-01 4.21526070e-01
3.01500000e+10 2.38319319e-01 4.21626902e-01
3.01600000e+10 2.38359950e-01 4.21727729e-01
3.01700000e+10 2.38400575e-01 4.21828549e-01
3.01800000e+10 2.38441195e-01 4.21929363e-01
3.01900000e+10 2.38481808e-01 4.22030171e-01
3.02000000e+10 2.38522415e-01 4.22130972e-01
3.02100000e+10 2.38563016e-01 4.22231767e-01
3.02200000e+10 2.38603611e-01 4.22332556e-01
3.02300000e+10 2.38644200e-01 4.22433339e-01
3.02400000e+10 2.38684784e-01 4.22534115e-01
3.02500000e+10 2.38725361e-01 4.22634885e-01
3.02600000e+10 2.38765932e-01 4.22735648e-01
3.02700000e+10 2.38806497e-01 4.22836406e-01
3.02800000e+10 2.38847057e-01 4.22937157e-01
3.02900000e+10 2.38887610e-01 4.23037901e-01
3.03000000e+10 2.38928157e-01 4.23138640e-01
3.03100000e+10 2.38968698e-01 4.23239372e-01
3.03200000e+10 2.39009234e-01 4.23340098e-01
3.03300000e+10 2.39049763e-01 4.23440818e-01
3.03400000e+10 2.39090287e-01 4.23541531e-01
3.03500000e+10 2.39130804e-01 4.23642238e-01
3.03600000e+10 2.39171316e-01 4.23742939e-01
3.03700000e+10 2.39211821e-01 4.23843634e-01
3.03800000e+10 2.39252321e-01 4.23944322e-01
3.03900000e+10 2.39292814e-01 4.24045005e-01
3.04000000e+10 2.39333302e-01 4.24145681e-01
3.04100000e+10 2.39373784e-01 4.24246350e-01
3.04200000e+10 2.39414260e-01 4.24347014e-01
3.04300000e+10 2.39454730e-01 4.24447671e-01
3.04400000e+10 2.39495194e-01 4.24548322e-01
3.04500000e+10 2.39535652e-01 4.24648967e-01
3.04600000e+10 2.39576104e-01 4.24749605e-01
3.04700000e+10 2.39616550e-01 4.24850238e-01
3.04800000e+10 2.39656990e-01 4.24950864e-01
3.04900000e+10 2.39697425e-01 4.25051484e-01
3.05000000e+10 2.39737853e-01 4.25152098e-01
3.05100000e+10 2.39778276e-01 4.25252705e-01
3.05200000e+10 2.39818692e-01 4.25353306e-01
3.05300000e+10 2.39859103e-01 4.25453902e-01
3.05400000e+10 2.39899508e-01 4.25554491e-01
3.05500000e+10 2.39939907e-01 4.25655073e-01
3.05600000e+10 2.39980300e-01 4.25755650e-01
3.05700000e+10 2.40020687e-01 4.25856220e-01
3.05800000e+10 2.40061068e-01 4.25956784e-01
3.05900000e+10 2.40101444e-01 4.26057342e-01
3.06000000e+10 2.40141813e-01 4.26157894e-01
3.06100000e+10 2.40182177e-01 4.26258440e-01
3.06200000e+10 2.40222535e-01 4.26358979e-01
3.06300000e+10 2.40262886e-01 4.26459513e-01
3.06400000e+10 2.40303232e-01 4.26560040e-01
3.06500000e+10 2.40343573e-01 4.26660561e-01
3.06600000e+10 2.40383907e-01 4.26761076e-01
3.06700000e+10 2.40424235e-01 4.26861584e-01
3.06800000e+10 2.40464558e-01 4.26962087e-01
3.06900000e+10 2.40504875e-01 4.27062583e-01
3.07000000e+10 2.40545186e-01 4.27163074e-01
3.07100000e+10 2.40585491e-01 4.27263558e-01
3.07200000e+10 2.40625790e-01 4.27364036e-01
3.07300000e+10 2.40666083e-01 4.27464508e-01
3.07400000e+10 2.40706371e-01 4.27564973e-01
3.07500000e+10 2.40746652e-01 4.27665433e-01
3.07600000e+10 2.40786928e-01 4.27765886e-01
3.07700000e+10 2.40827198e-01 4.27866334e-01
3.07800000e+10 2.40867462e-01 4.27966775e-01
3.07900000e+10 2.40907721e-01 4.28067210e-01
3.08000000e+10 2.40947973e-01 4.28167639e-01
3.08100000e+10 2.40988220e-01 4.28268062e-01
3.08200000e+10 2.41028461e-01 4.28368479e-01
3.08300000e+10 2.41068696e-01 4.28468889e-01
3.08400000e+10 2.41108925e-01 4.28569294e-01
3.08500000e+10 2.41149149e-01 4.28669693e-01
3.08600000e+10 2.41189367e-01 4.28770085e-01
3.08700000e+10 2.41229579e-01 4.28870471e-01
3.08800000e+10 2.41269785e-01 4.28970851e-01
3.08900000e+10 2.41309985e-01 4.29071226e-01
3.09000000e+10 2.41350180e-01 4.29171594e-01
3.09100000e+10 2.41390368e-01 4.29271956e-01
3.09200000e+10 2.41430551e-01 4.29372311e-01
3.09300000e+10 2.41470729e-01 4.29472661e-01
3.09400000e+10 2.41510900e-01 4.29573005e-01
3.09500000e+10 2.41551066e-01 4.29673343e-01
3.09600000e+10 2.41591226e-01 4.29773674e-01
3.09700000e+10 2.41631380e-01 4.29874000e-01
3.09800000e+10 2.41671528e-01 4.29974319e-01
3.09900000e+10 2.41711671e-01 4.30074633e-01
3.10000000e+10 2.41751807e-01 4.30174940e-01
3.10100000e+10 2.41791939e-01 4.30275242e-01
3.10200000e+10 2.41832064e-01 4.30375537e-01
3.10300000e+10 2.41872183e-01 4.30475826e-01
3.10400000e+10 2.41912297e-01 4.30576110e-01
3.10500000e+10 2.41952405e-01 4.30676387e-01
3.10600000e+10 2.41992508e-01 4.30776658e-01
3.10700000e+10 2.42032604e-01 4.30876923e-01
3.10800000e+10 2.42072695e-01 4.30977182e-01
3.10900000e+10 2.42112780e-01 4.31077435e-01
3.11000000e+10 2.42152860e-01 4.31177682e-01
3.11100000e+10 2.42192934e-01 4.31277924e-01
3.11200000e+10 2.42233002e-01 4.31378159e-01
3.11300000e+10 2.42273064e-01 4.31478388e-01
3.11400000e+10 2.42313120e-01 4.31578611e-01
3.11500000e+10 2.42353171e-01 4.31678828e-01
3.11600000e+10 2.42393216e-01 4.31779039e-01
3.11700000e+10 2.42433256e-01 4.31879244e-01
3.11800000e+10 2.42473289e-01 4.31979443e-01
3.11900000e+10 2.42513318e-01 4.32079636e-01
3.12000000e+10 2.42553340e-01 4.32179823e-01
3.12100000e+10 2.42593356e-01 4.32280004e-01
3.12200000e+10 2.42633367e-01 4.32380179e-01
3.12300000e+10 2.42673373e-01 4.32480348e-01
3.12400000e+10 2.42713372e-01 4.32580511e-01
3.12500000e+10 2.42753366e-01 4.32680669e-01
3.12600000e+10 2.42793354e-01 4.32780820e-01
3.12700000e+10 2.42833337e-01 4.32880965e-01
3.12800000e+10 2.42873314e-01 4.32981104e-01
3.12900000e+10 2.42913285e-01 4.33081238e-01
3.13000000e+10 2.42953250e-01 4.33181365e-01
3.13100000e+10 2.42993210e-01 4.33281486e-01
3.13200000e+10 2.43033164e-01 4.33381602e-01
3.13300000e+10 2.43073113e-01 4.33481711e-01
3.13400000e+10 2.43113056e-01 4.33581815e-01
3.13500000e+10 2.43152993e-01 4.33681913e-01
3.13600000e+10 2.43192925e-01 4.33782004e-01
3.13700000e+10 2.43232851e-01 4.33882090e-01
3.13800000e+10 2.43272771e-01 4.33982170e-01
3.13900000e+10 2.43312686e-01 4.34082244e-01
3.14000000e+10 2.43352595e-01 4.34182312e-01
3.14100000e+10 2.43392498e-01 4.34282374e-01
3.14200000e+10 2.43432396e-01 4.34382430e-01
3.14300000e+10 2.43472288e-01 4.34482480e-01
3.14400000e+10 2.43512174e-01 4.34582524e-01
3.14500000e+10 2.43552055e-01 4.34682562e-01
3.14600000e+10 2.43591930e-01 4.34782595e-01
3.14700000e+10 2.43631800e-01 4.34882621e-01
3.14800000e+10 2.43671664e-01 4.34982642e-01
3.14900000e+10 2.43711522e-01 4.35082657e-01
3.15000000e+10 2.43751375e-01 4.35182666e-01
3.15100000e+10 2.43791222e-01 4.35282668e-01
3.15200000e+10 2.43831064e-01 4.35382666e-01
3.15300000e+10 2.43870900e-01 4.35482657e-01
3.15400000e+10 2.43910730e-01 4.35582642e-01
3.15500000e+10 2.43950555e-01 4.35682621e-01
3.15600000e+10 2.43990374e-01 4.35782595e-01
3.15700000e+10 2.44030188e-01 4.35882562e-01
3.15800000e+10 2.44069996e-01 4.35982524e-01
3.15900000e+10 2.44109798e-01 4.36082480e-01
3.16000000e+10 2.44149595e-01 4.36182430e-01
3.16100000e+10 2.44189387e-01 4.36282374e-01
3.16200000e+10 2.44229172e-01 4.36382312e-01
3.16300000e+10 2.44268952e-01 4.36482245e-01
3.16400000e+10 2.44308727e-01 4.36582171e-01
3.16500000e+10 2.44348496e-01 4.36682092e-01
3.16600000e+10 2.44388259e-01 4.36782007e-01
3.16700000e+10 2.44428017e-01 4.36881916e-01
3.16800000e+10 2.44467770e-01 4.36981819e-01
3.16900000e+10 2.44507516e-01 4.37081717e-01
3.17000000e+10 2.44547258e-01 4.37181608e-01
3.17100000e+10 2.44586993e-01 4.37281494e-01
3.17200000e+10 2.44626723e-01 4.37381373e-01
3.17300000e+10 2.44666448e-01 4.37481247e-01
3.17400000e+10 2.44706167e-01 4.37581116e-01
3.17500000e+10 2.44745881e-01 4.37680978e-01
3.17600000e+10 2.44785589e-01 4.37780834e-01
3.17700000e+10 2.44825291e-01 4.37880685e-01
3.17800000e+10 2.44864988e-01 4.37980530e-01
3.17900000e+10 2.44904679e-01 4.38080369e-01
3.18000000e+10 2.44944365e-01 4.38180202e-01
3.18100000e+10 2.44984045e-01 4.38280030e-01
3.18200000e+10 2.45023720e-01 4.38379851e-01
3.18300000e+10 2.45063390e-01 4.38479667e-01
3.18400000e+10 2.45103053e-01 4.38579477e-01
3.18500000e+10 2.45142712e-01 4.38679282e-01
3.18600000e+10 2.45182365e-01 4.38779080e-01
3.18700000e+10 2.45222012e-01 4.38878873e-01
3.18800000e+10 2.45261654e-01 4.38978660e-01
3.18900000e+10 2.45301290e-01 4.39078441e-01
3.19000000e+10 2.45340921e-01 4.39178216e-01
3.19100000e+10 2.45380546e-01 4.39277986e-01
3.19200000e+10 2.45420166e-01 4.39377749e-01
3.19300000e+10 2.45459780e-01 4.39477507e-01
3.19400000e+10 2.45499389e-01 4.39577260e-01
3.19500000e+10 2.45538992e-01 4.39677006e-01
3.19600000e+10 2.45578590e-01 4.39776747e-01
3.19700000e+10 2.45618183e-01 4.39876482e-01
3.19800000e+10 2.45657770e-01 4.39976211e-01
3.19900000e+10 2.45697351e-01 4.40075934e-01
3.20000000e+10 2.45736927e-01 4.40175652e-01
3.20100000e+10 2.45776498e-01 4.40275364e-01
3.20200000e+10 2.45816063e-01 4.40375070e-01
3.20300000e+10 2.45855622e-01 4.40474770e-01
3.20400000e+10 2.45895177e-01 4.40574465e-01
3.20500000e+10 2.45934725e-01 4.40674154e-01
3.20600000e+10 2.45974269e-01 4.40773837e-01
3.20700000e+10 2.46013806e-01 4.40873515e-01
3.20800000e+10 2.46053339e-01 4.40973186e-01
3.20900000e+10 2.46092866e-01 4.41072853e-01
3.21000000e+10 2.46132387e-01 4.41172513e-01
3.21100000e+10 2.46171903e-01 4.41272167e-01
3.21200000e+10 2.46211414e-01 4.41371816e-01
3.21300000e+10 2.46250919e-01 4.41471459e-01
3.21400000e+10 2.46290419e-01 4.41571097e-01
3.21500000e+10 2.46329913e-01 4.41670729e-01
3.21600000e+10 2.46369402e-01 4.41770355e-01
3.21700000e+10 2.46408886e-01 4.41869975e-01
3.21800000e+10 2.46448364e-01 4.41969589e-01
3.21900000e+10 2.46487837e-01 4.42069198e-01
3.22000000e+10 2.46527304e-01 4.42168802e-01
3.22100000e+10 2.46566766e-01 4.42268399e-01
3.22200000e+10 2.46606222e-01 4.42367991e-01
3.22300000e+10 2.46645673e-01 4.42467577e-01
3.22400000e+10 2.46685119e-01 4.42567158e-01
3.22500000e+10 2.46724559e-01 4.42666732e-01
3.22600000e+10 2.46763994e-01 4.42766301e-01
3.22700000e+10 2.46803424e-01 4.42865865e-01
3.22800000e+10 2.46842848e-01 4.42965423e-01
3.22900000e+10 2.46882266e-01 4.43064975e-01
3.23000000e+10 2.46921680e-01 4.43164521e-01
3.23100000e+10 2.46961088e-01 4.43264062e-01
3.23200000e+10 2.47000490e-01 4.43363597e-01
3.23300000e+10 2.47039887e-01 4.43463126e-01
3.23400000e+10 2.47079279e-01 4.43562650e-01
3.23500000e+10 2.47118666e-01 4.43662168e-01
3.23600000e+10 2.47158047e-01 4.43761681e-01
3.23700000e+10 2.47197422e-01 4.43861188e-01
3.23800000e+10 2.47236793e-01 4.43960689e-01
3.23900000e+10 2.47276158e-01 4.44060184e-01
3.24000000e+10 2.47315517e-01 4.44159674e-01
3.24100000e+10 2.47354872e-01 4.44259159e-01
3.24200000e+10 2.47394221e-01 4.44358637e-01
3.24300000e+10 2.47433564e-01 4.44458110e-01
3.24400000e+10 2.47472903e-01 4.44557578e-01
3.24500000e+10 2.47512235e-01 4.44657039e-01
3.24600000e+10 2.47551563e-01 4.44756495e-01
3.24700000e+10 2.47590885e-01 4.44855946e-01
3.24800000e+10 2.47630202e-01 4.44955391e-01
3.24900000e+10 2.47669514e-01 4.45054830e-01
3.25000000e+10 2.47708820e-01 4.45154264e-01
3.25100000e+10 2.47748121e-01 4.45253692e-01
3.25200000e+10 2.47787416e-01 4.45353114e-01
3.25300000e+10 2.47826707e-01 4.45452531e-01
3.25400000e+10 2.47865992e-01 4.45551942e-01
3.25500000e+10 2.47905271e-01 4.45651348e-01
3.25600000e+10 2.47944546e-01 4.45750748e-01
3.25700000e+10 2.47983815e-01 4.45850142e-01
3.25800000e+10 2.48023078e-01 4.45949531e-01
3.25900000e+10 2.48062337e-01 4.46048914e-01
3.26000000e+10 2.48101590e-01 4.46148292e-01
3.26100000e+10 2.48140838e-01 4.46247664e-01
3.26200000e+10 2.48180080e-01 4.46347031e-01
3.26300000e+10 2.48219317e-01 4.46446392e-01
3.26400000e+10 2.48258549e-01 4.46545747e-01
3.26500000e+10 2.48297776e-01 4.46645097e-01
3.26600000e+10 2.48336997e-01 4.46744441e-01
3.26700000e+10 2.48376213e-01 4.46843780e-01
3.26800000e+10 2.48415424e-01 4.46943113e-01
3.26900000e+10 2.48454629e-01 4.47042441e-01
3.27000000e+10 2.48493830e-01 4.47141762e-01
3.27100000e+10 2.48533025e-01 4.47241079e-01
3.27200000e+10 2.48572214e-01 4.47340390e-01
3.27300000e+10 2.48611399e-01 4.47439695e-01
3.27400000e+10 2.48650578e-01 4.47538995e-01
3.27500000e+10 2.48689752e-01 4.47638289e-01
3.27600000e+10 2.48728920e-01 4.47737578e-01
3.27700000e+10 2.48768084e-01 4.47836861e-01
3.27800000e+10 2.48807242e-01 4.47936139e-01
3.27900000e+10 2.48846395e-01 4.48035411e-01
3.28000000e+10 2.48885542e-01 4.48134677e-01
3.28100000e+10 2.48924685e-01 4.48233938e-01
3.28200000e+10 2.48963822e-01 4.48333194e-01
3.28300000e+10 2.49002954e-01 4.48432444e-01
3.28400000e+10 2.49042080e-01 4.48531688e-01
3.28500000e+10 2.49081202e-01 4.48630927e-01
3.28600000e+10 2.49120318e-01 4.48730161e-01
3.28700000e+10 2.49159429e-01 4.48829389e-01
3.28800000e+10 2.49198535e-01 4.48928611e-01
3.28900000e+10 2.49237635e-01 4.49027828e-01
3.29000000e+10 2.49276730e-01 4.49127039e-01
3.29100000e+10 2.49315820e-01 4.49226245e-01
3.29200000e+10 2.49354905e-01 4.49325446e-01
3.29300000e+10 2.49393985e-01 4.49424641e-01
3.29400000e+10 2.49433059e-01 4.49523830e-01
3.29500000e+10 2.49472128e-01 4.49623014e-01
3.29600000e+10 2.49511192e-01 4.49722193e-01
3.29700000e+10 2.49550251e-01 4.49821366e-01
3.29800000e+10 2.49589305e-01 4.49920533e-01
3.29900000e+10 2.49628353e-01 4.50019695e-01
3.30000000e+10 2.49667396e-01 4.50118852e-01
3.30100000e+10 2.49706434e-01 4.50218003e-01
3.30200000e+10 2.49745467e-01 4.50317148e-01
3.30300000e+10 2.49784495e-01 4.50416288e-01
3.30400000e+10 2.49823517e-01 4.50515423e-01
3.30500000e+10 2.49862534e-01 4.50614552e-01
3.30600000e+10 2.49901546e-01 4.50713676e-01
3.30700000e+10 2.49940553e-01 4.50812794e-01
3.30800000e+10 2.49979555e-01 4.50911907e-01
3.30900000e+10 2.50018552e-01 4.51011014e-01
3.31000000e+10 2.50057543e-01 4.51110116e-01
3.31100000e+10 2.50096529e-01 4.51209213e-01
3.31200000e+10 2.50135510e-01 4.51308304e-01
3.31300000e+10 2.50174486e-01 4.51407389e-01
3.31400000e+10 2.50213457e-01 4.51506469e-01
3.31500000e+10 2.50252422e-01 4.51605544e-01
3.31600000e+10 2.50291383e-01 4.51704613e-01
3.31700000e+10 2.50330338e-01 4.51803677e-01
3.31800000e+10 2.50369288e-01 4.51902735e-01
3.31900000e+10 2.50408233e-01 4.52001788e-01
3.32000000e+10 2.50447173e-01 4.52100836e-01
3.32100000e+10 2.50486107e-01 4.52199878e-01
3.32200000e+10 2.50525037e-01 4.52298915e-01
3.32300000e+10 2.50563961e-01 4.52397946e-01
3.32400000e+10 2.50602881e-01 4.52496972e-01
3.32500000e+10 2.50641795e-01 4.52595992e-01
3.32600000e+10 2.50680704e-01 4.52695008e-01
3.32700000e+10 2.50719607e-01 4.52794017e-01
3.32800000e+10 2.50758506e-01 4.52893021e-01
3.32900000e+10 2.50797400e-01 4.52992020e-01
3.33000000e+10 2.50836288e-01 4.53091014e-01
3.33100000e+10 2.50875172e-01 4.53190002e-01
3.33200000e+10 2.50914050e-01 4.53288984e-01
3.33300000e+10 2.50952923e-01 4.53387962e-01
3.33400000e+10 2.50991791e-01 4.53486934e-01
3.33500000e+10 2.51030654e-01 4.53585900e-01
3.33600000e+10 2.51069512e-01 4.53684861e-01
3.33700000e+10 2.51108365e-01 4.53783817e-01
3.33800000e+10 2.51147212e-01 4.53882767e-01
3.33900000e+10 2.51186055e-01 4.53981712e-01
3.34000000e+10 2.51224892e-01 4.54080652e-01
3.34100000e+10 2.51263724e-01 4.54179586e-01
3.34200000e+10 2.51302552e-01 4.54278515e-01
3.34300000e+10 2.51341374e-01 4.54377439e-01
3.34400000e+10 2.51380191e-01 4.54476357e-01
3.34500000e+10 2.51419003e-01 4.54575269e-01
3.34600000e+10 2.51457810e-01 4.54674177e-01
3.34700000e+10 2.51496612e-01 4.54773079e-01
3.34800000e+10 2.51535408e-01 4.54871976e-01
3.34900000e+10 2.51574200e-01 4.54970867e-01
3.35000000e+10 2.51612987e-01 4.55069753e-01
3.35100000e+10 2.51651768e-01 4.55168634e-01
3.35200000e+10 2.51690545e-01 4.55267509e-01
3.35300000e+10 2.51729316e-01 4.55366379e-01
3.35400000e+10 2.51768083e-01 4.55465244e-01
3.35500000e+10 2.51806844e-01 4.55564103e-01
3.35600000e+10 2.51845600e-01 4.55662957e-01
3.35700000e+10 2.51884351e-01 4.55761806e-01
3.35800000e+10 2.51923097e-01 4.55860649e-01
3.35900000e+10 2.51961839e-01 4.55959487e-01
3.36000000e+10 2.52000575e-01 4.56058320e-01
3.36100000e+10 2.52039306e-01 4.56157147e-01
3.36200000e+10 2.52078032e-01 4.56255969e-01
3.36300000e+10 2.52116753e-01 4.56354786e-01
3.36400000e+10 2.52155468e-01 4.56453598e-01
3.36500000e+10 2.52194179e-01 4.56552404e-01
3.36600000e+10 2.52232885e-01 4.56651205e-01
3.36700000e+10 2.52271586e-01 4.56750000e-01
3.36800000e+10 2.52310282e-01 4.56848790e-01
3.36900000e+10 2.52348973e-01 4.56947575e-01
3.37000000e+10 2.52387658e-01 4.57046355e-01
3.37100000e+10 2.52426339e-01 4.57145129e-01
3.37200000e+10 2.52465015e-01 4.57243898e-01
3.37300000e+10 2.52503685e-01 4.57342662e-01
3.37400000e+10 2.52542351e-01 4.57441420e-01
3.37500000e+10 2.52581012e-01 4.57540174e-01
3.37600000e+10 2.52619668e-01 4.57638922e-01
3.37700000e+10 2.52658318e-01 4.57737664e-01
3.37800000e+10 2.52696964e-01 4.57836402e-01
3.37900000e+10 2.52735605e-01 4.57935134e-01
3.38000000e+10 2.52774240e-01 4.58033860e-01
3.38100000e+10 2.52812871e-01 4.58132582e-01
3.38200000e+10 2.52851497e-01 4.58231298e-01
3.38300000e+10 2.52890117e-01 4.58330009e-01
3.38400000e+10 2.52928733e-01 4.58428715e-01
3.38500000e+10 2.52967344e-01 4.58527416e-01
3.38600000e+10 2.53005950e-01 4.58626111e-01
3.38700000e+10 2.53044550e-01 4.58724801e-01
3.38800000e+10 2.53083146e-01 4.58823486e-01
3.38900000e+10 2.53121737e-01 4.58922165e-01
3.39000000e+10 2.53160323e-01 4.59020839e-01
3.39100000e+10 2.53198904e-01 4.59119508e-01
3.39200000e+10 2.53237480e-01 4.59218172e-01
3.39300000e+10 2.53276051e-01 4.59316831e-01
3.39400000e+10 2.53314617e-01 4.59415484e-01
3.39500000e+10 2.53353178e-01 4.59514132e-01
3.39600000e+10 2.53391734e-01 4.59612775e-01
3.39700000e+10 2.53430285e-01 4.59711412e-01
3.39800000e+10 2.53468831e-01 4.59810045e-01
3.39900000e+10 2.53507373e-01 4.59908672e-01
3.40000000e+10 2.53545909e-01 4.60007294e-01
3.40100000e+10 2.53584440e-01 4.60105911e-01
3.40200000e+10 2.53622967e-01 4.60204522e-01
3.40300000e+10 2.53661488e-01 4.60303128e-01
3.40400000e+10 2.53700005e-01 4.60401729e-01
3.40500000e+10 2.53738516e-01 4.60500325e-01
3.40600000e+10 2.53777023e-01 4.60598916e-01
3.40700000e+10 2.53815525e-01 4.60697501e-01
3.40800000e+10 2.53854021e-01 4.60796082e-01
3.40900000e+10 2.53892513e-01 4.60894657e-01
3.41000000e+10 2.53931000e-01 4.60993226e-01
3.41100000e+10 2.53969482e-01 4.61091791e-01
3.41200000e+10 2.54007959e-01 4.61190351e-01
3.41300000e+10 2.54046432e-01 4.61288905e-01
3.41400000e+10 2.54084899e-01 4.61387454e-01
3.41500000e+10 2.54123361e-01 4.61485998e-01
3.41600000e+10 2.54161819e-01 4.61584537e-01
3.41700000e+10 2.54200271e-01 4.61683070e-01
3.41800000e+10 2.54238719e-01 4.61781599e-01
3.41900000e+10 2.54277162e-01 4.61880122e-01
3.42000000e+10 2.54315600e-01 4.61978640e-01
3.42100000e+10 2.54354033e-01 4.62077153e-01
3.42200000e+10 2.54392461e-01 4.62175660e-01
3.42300000e+10 2.54430884e-01 4.62274163e-01
3.42400000e+10 2.54469302e-01 4.62372660e-01
3.42500000e+10 2.54507715e-01 4.62471152e-01
3.42600000e+10 2.54546124e-01 4.62569639e-01
3.42700000e+10 2.54584528e-01 4.62668121e-01
3.42800000e+10 2.54622926e-01 4.62766598e-01
3.42900000e+10 2.54661320e-01 4.62865070e-01
3.43000000e+10 2.54699709e-01 4.62963536e-01
3.43100000e+10 2.54738093e-01 4.63061997e-01
3.43200000e+10 2.54776473e-01 4.63160453e-01
3.43300000e+10 2.54814847e-01 4.63258904e-01
3.43400000e+10 2.54853217e-01 4.63357350e-01
3.43500000e+10 2.54891581e-01 4.63455791e-01
3.43600000e+10 2.54929941e-01 4.63554227e-01
3.43700000e+10 2.54968296e-01 4.63652657e-01
3.43800000e+10 2.55006646e-01 4.63751082e-01
3.43900000e+10 2.55044991e-01 4.63849503e-01
3.44000000e+10 2.55083332e-01 4.63947918e-01
3.44100000e+10 2.55121667e-01 4.64046328e-01
3.44200000e+10 2.55159998e-01 4.64144733e-01
3.44300000e+10 2.55198324e-01 4.64243132e-01
3.44400000e+10 2.55236645e-01 4.64341527e-01
3.44500000e+10 2.55274961e-01 4.64439916e-01
3.44600000e+10 2.55313272e-01 4.64538301e-01
3.44700000e+10 2.55351579e-01 4.64636680e-01
3.44800000e+10 2.55389880e-01 4.64735054e-01
3.44900000e+10 2.55428177e-01 4.64833423e-01
3.45000000e+10 2.55466469e-01 4.64931787e-01
3.45100000e+10 2.55504756e-01 4.65030146e-01
3.45200000e+10 2.55543039e-01 4.65128500e-01
3.45300000e+10 2.55581316e-01 4.65226849e-01
3.45400000e+10 2.55619589e-01 4.65325192e-01
3.45500000e+10 2.55657857e-01 4.65423531e-01
3.45600000e+10 2.55696120e-01 4.65521864e-01
3.45700000e+10 2.55734378e-01 4.65620193e-01
3.45800000e+10 2.55772631e-01 4.65718516e-01
3.45900000e+10 2.55810880e-01 4.65816834e-01
3.46000000e+10 2.55849124e-01 4.65915147e-01
3.46100000e+10 2.55887363e-01 4.66013455e-01
3.46200000e+10 2.55925597e-01 4.66111758e-01
3.46300000e+10 2.55963827e-01 4.66210056e-01
3.46400000e+10 2.56002051e-01 4.66308349e-01
3.46500000e+10 2.56040271e-01 4.66406637e-01
3.46600000e+10 2.56078486e-01 4.66504920e-01
3.46700000e+10 2.56116696e-01 4.66603197e-01
3.46800000e+10 2.56154902e-01 4.66701470e-01
3.46900000e+10 2.56193103e-01 4.66799737e-01
3.47000000e+10 2.56231298e-01 4.66898000e-01
3.47100000e+10 2.56269490e-01 4.66996257e-01
3.47200000e+10 2.56307676e-01 4.67094510e-01
3.47300000e+10 2.56345858e-01 4.67192757e-01
3.47400000e+10 2.56384034e-01 4.67290999e-01
3.47500000e+10 2.56422206e-01 4.67389237e-01
3.47600000e+10 2.56460374e-01 4.67487469e-01
3.47700000e+10 2.56498536e-01 4.67585696e-01
3.47800000e+10 2.56536694e-01 4.67683918e-01
3.47900000e+10 2.56574847e-01 4.67782135e-01
3.48000000e+10 2.56612995e-01 4.67880347e-01
3.48100000e+10 2.56651138e-01 4.67978554e-01
3.48200000e+10 2.56689277e-01 4.68076757e-01
3.48300000e+10 2.56727411e-01 4.68174954e-01
3.48400000e+10 2.56765540e-01 4.68273146e-01
3.48500000e+10 2.56803665e-01 4.68371333e-01
3.48600000e+10 2.56841784e-01 4.68469515e-01
3.48700000e+10 2.56879899e-01 4.68567691e-01
3.48800000e+10 2.56918010e-01 4.68665863e-01
3.48900000e+10 2.56956115e-01 4.68764030e-01
3.49000000e+10 2.56994216e-01 4.68862192e-01
3.49100000e+10 2.57032312e-01 4.68960349e-01
3.49200000e+10 2.57070403e-01 4.69058501e-01
3.49300000e+10 2.57108490e-01 4.69156648e-01
3.49400000e+10 2.57146571e-01 4.69254790e-01
3.49500000e+10 2.57184649e-01 4.69352927e-01
3.49600000e+10 2.57222721e-01 4.69451059e-01
3.49700000e+10 2.57260789e-01 4.69549186e-01
3.49800000e+10 2.57298851e-01 4.69647308e-01
3.49900000e+10 2.57336910e-01 4.69745425e-01
3.50000000e+10 2.57374963e-01 4.69843537e-01
3.50100000e+10 2.57413012e-01 4.69941644e-01
3.50200000e+10 2.57451056e-01 4.70039746e-01
3.50300000e+10 2.57489095e-01 4.70137843e-01
3.50400000e+10 2.57527130e-01 4.70235935e-01
3.50500000e+10 2.57565160e-01 4.70334022e-01
3.50600000e+10 2.57603185e-01 4.70432104e-01
3.50700000e+10 2.57641206e-01 4.70530181e-01
3.50800000e+10 2.57679222e-01 4.70628254e-01
3.50900000e+10 2.57717233e-01 4.70726321e-01
3.51000000e+10 2.57755239e-01 4.70824383e-01
3.51100000e+10 2.57793241e-01 4.70922441e-01
3.51200000e+10 2.57831238e-01 4.71020493e-01
3.51300000e+10 2.57869230e-01 4.71118540e-01
3.51400000e+10 2.57907218e-01 4.71216583e-01
3.51500000e+10 2.57945201e-01 4.71314620e-01
3.51600000e+10 2.57983180e-01 4.71412653e-01
3.51700000e+10 2.58021153e-01 4.71510681e-01
3.51800000e+10 2.58059122e-01 4.71608703e-01
3.51900000e+10 2.58097087e-01 4.71706721e-01
3.52000000e+10 2.58135046e-01 4.71804734e-01
3.52100000e+10 2.58173001e-01 4.71902742e-01
3.52200000e+10 2.58210952e-01 4.72000745e-01
3.52300000e+10 2.58248897e-01 4.72098743e-01
3.52400000e+10 2.58286838e-01 4.72196736e-01
3.52500000e+10 2.58324775e-01 4.72294724e-01
3.52600000e+10 2.58362706e-01 4.72392707e-01
3.52700000e+10 2.58400633e-01 4.72490686e-01
3.52800000e+10 2.58438556e-01 4.72588659e-01
3.52900000e+10 2.58476474e-01 4.72686627e-01
3.53000000e+10 2.58514387e-01 4.72784591e-01
3.53100000e+10 2.58552295e-01 4.72882550e-01
3.53200000e+10 2.58590199e-01 4.72980503e-01
3.53300000e+10 2.58628098e-01 4.73078452e-01
3.53400000e+10 2.58665993e-01 4.73176396e-01
3.53500000e+10 2.58703882e-01 4.73274335e-01
3.53600000e+10 2.58741768e-01 4.73372269e-01
3.53700000e+10 2.58779648e-01 4.73470199e-01
3.53800000e+10 2.58817524e-01 4.73568123e-01
3.53900000e+10 2.58855396e-01 4.73666042e-01
3.54000000e+10 2.58893262e-01 4.73763957e-01
3.54100000e+10 2.58931125e-01 4.73861867e-01
3.54200000e+10 2.58968982e-01 4.73959771e-01
3.54300000e+10 2.59006835e-01 4.74057671e-01
3.54400000e+10 2.59044683e-01 4.74155566e-01
3.54500000e+10 2.59082527e-01 4.74253456e-01
3.54600000e+10 2.59120366e-01 4.74351342e-01
3.54700000e+10 2.59158200e-01 4.74449222e-01
3.54800000e+10 2.59196030e-01 4.74547098e-01
3.54900000e+10 2.59233855e-01 4.74644968e-01
3.55000000e+10 2.59271676e-01 4.74742834e-01
3.55100000e+10 2.59309492e-01 4.74840695e-01
3.55200000e+10 2.59347303e-01 4.74938551e-01
3.55300000e+10 2.59385110e-01 4.75036402e-01
3.55400000e+10 2.59422912e-01 4.75134248e-01
3.55500000e+10 2.59460710e-01 4.75232090e-01
3.55600000e+10 2.59498503e-01 4.75329926e-01
3.55700000e+10 2.59536291e-01 4.75427758e-01
3.55800000e+10 2.59574075e-01 4.75525585e-01
3.55900000e+10 2.59611854e-01 4.75623407e-01
3.56000000e+10 2.59649629e-01 4.75721224e-01
3.56100000e+10 2.59687399e-01 4.75819036e-01
3.56200000e+10 2.59725165e-01 4.75916844e-01
3.56300000e+10 2.59762925e-01 4.76014647e-01
3.56400000e+10 2.59800682e-01 4.76112444e-01
3.56500000e+10 2.59838434e-01 4.76210237e-01
3.56600000e+10 2.59876181e-01 4.76308025e-01
3.56700000e+10 2.59913923e-01 4.76405809e-01
3.56800000e+10 2.59951662e-01 4.76503587e-01
3.56900000e+10 2.59989395e-01 4.76601361e-01
3.57000000e+10 2.60027124e-01 4.76699130e-01
3.57100000e+10 2.60064848e-01 4.76796894e-01
3.57200000e+10 2.60102568e-01 4.76894653e-01
3.57300000e+10 2.60140284e-01 4.76992407e-01
3.57400000e+10 2.60177994e-01 4.77090157e-01
3.57500000e+10 2.60215700e-01 4.77187902e-01
3.57600000e+10 2.60253402e-01 4.77285641e-01
3.57700000e+10 2.60291099e-01 4.77383377e-01
3.57800000e+10 2.60328792e-01 4.77481107e-01
3.57900000e+10 2.60366480e-01 4.77578832e-01
3.58000000e+10 2.60404163e-01 4.77676553e-01
3.58100000e+10 2.60441842e-01 4.77774269e-01
3.58200000e+10 2.60479517e-01 4.77871980e-01
3.58300000e+10 2.60517186e-01 4.77969686e-01
3.58400000e+10 2.60554852e-01 4.78067388e-01
3.58500000e+10 2.60592512e-01 4.78165084e-01
3.58600000e+10 2.60630169e-01 4.78262776e-01
3.58700000e+10 2.60667820e-01 4.78360463e-01
3.58800000e+10 2.60705468e-01 4.78458146e-01
3.58900000e+10 2.60743110e-01 4.78555823e-01
3.59000000e+10 2.60780749e-01 4.78653496e-01
3.59100000e+10 2.60818382e-01 4.78751164e-01
3.59200000e+10 2.60856011e-01 4.78848827e-01
3.59300000e+10 2.60893636e-01 4.78946486e-01
3.59400000e+10 2.60931256e-01 4.79044139e-01
3.59500000e+10 2.60968872e-01 4.79141788e-01
3.59600000e+10 2.61006483e-01 4.79239432e-01
3.59700000e+10 2.61044089e-01 4.79337072e-01
3.59800000e+10 2.61081692e-01 4.79434706e-01
3.59900000e+10 2.61119289e-01 4.79532336e-01
3.60000000e+10 2.61156882e-01 4.79629961e-01
3.60100000e+10 2.61194471e-01 4.79727582e-01
3.60200000e+10 2.61232055e-01 4.79825197e-01
3.60300000e+10 2.61269635e-01 4.79922808e-01
3.60400000e+10 2.61307210e-01 4.80020414e-01
3.60500000e+10 2.61344780e-01 4.80118015e-01
3.60600000e+10 2.61382347e-01 4.80215612e-01
3.60700000e+10 2.61419908e-01 4.80313204e-01
3.60800000e+10 2.61457465e-01 4.80410791e-01
3.60900000e+10 2.61495018e-01 4.80508373e-01
3.61000000e+10 2.61532566e-01 4.80605950e-01
3.61100000e+10 2.61570110e-01 4.80703523e-01
3.61200000e+10 2.61607649e-01 4.80801091e-01
3.61300000e+10 2.61645184e-01 4.80898655e-01
3.61400000e+10 2.61682715e-01 4.80996213e-01
3.61500000e+10 2.61720240e-01 4.81093767e-01
3.61600000e+10 2.61757762e-01 4.81191316e-01
3.61700000e+10 2.61795279e-01 4.81288861e-01
3.61800000e+10 2.61832791e-01 4.81386401e-01
3.61900000e+10 2.61870299e-01 4.81483936e-01
3.62000000e+10 2.61907803e-01 4.81581466e-01
3.62100000e+10 2.61945302e-01 4.81678992e-01
3.62200000e+10 2.61982797e-01 4.81776512e-01
3.62300000e+10 2.62020287e-01 4.81874029e-01
3.62400000e+10 2.62057773e-01 4.81971540e-01
3.62500000e+10 2.62095254e-01 4.82069047e-01
3.62600000e+10 2.62132731e-01 4.82166549e-01
3.62700000e+10 2.62170203e-01 4.82264046e-01
3.62800000e+10 2.62207671e-01 4.82361539e-01
3.62900000e+10 2.62245135e-01 4.82459027e-01
3.63000000e+10 2.62282594e-01 4.82556510e-01
3.63100000e+10 2.62320049e-01 4.82653988e-01
3.63200000e+10 2.62357499e-01 4.82751462e-01
3.63300000e+10 2.62394945e-01 4.82848931e-01
3.63400000e+10 2.62432386e-01 4.82946396e-01
3.63500000e+10 2.62469823e-01 4.83043856e-01
3.63600000e+10 2.62507256e-01 4.83141311e-01
3.63700000e+10 2.62544684e-01 4.83238761e-01
3.63800000e+10 2.62582108e-01 4.83336207e-01
3.63900000e+10 2.62619527e-01 4.83433648e-01
3.64000000e+10 2.62656942e-01 4.83531084e-01
3.64100000e+10 2.62694352e-01 4.83628516e-01
3.64200000e+10 2.62731758e-01 4.83725943e-01
3.64300000e+10 2.62769160e-01 4.83823365e-01
3.64400000e+10 2.62806557e-01 4.83920783e-01
3.64500000e+10 2.62843950e-01 4.84018196e-01
3.64600000e+10 2.62881338e-01 4.84115604e-01
3.64700000e+10 2.62918723e-01 4.84213008e-01
3.64800000e+10 2.62956102e-01 4.84310407e-01
3.64900000e+10 2.62993477e-01 4.84407802e-01
3.65000000e+10 2.63030848e-01 4.84505191e-01
3.65100000e+10 2.63068215e-01 4.84602576e-01
3.65200000e+10 2.63105577e-01 4.84699957e-01
3.65300000e+10 2.63142934e-01 4.84797333e-01
3.65400000e+10 2.63180288e-01 4.84894704e-01
3.65500000e+10 2.63217637e-01 4.84992070e-01
3.65600000e+10 2.63254981e-01 4.85089432e-01
3.65700000e+10 2.63292321e-01 4.85186789e-01
3.65800000e+10 2.63329657e-01 4.85284142e-01
3.65900000e+10 2.63366988e-01 4.85381490e-01
3.66000000e+10 2.63404315e-01 4.85478833e-01
3.66100000e+10 2.63441638e-01 4.85576172e-01
3.66200000e+10 2.63478956e-01 4.85673506e-01
3.66300000e+10 2.63516270e-01 4.85770835e-01
3.66400000e+10 2.63553580e-01 4.85868160e-01
3.66500000e+10 2.63590885e-01 4.85965480e-01
3.66600000e+10 2.63628186e-01 4.86062796e-01
3.66700000e+10 2.63665482e-01 4.86160107e-01
3.66800000e+10 2.63702774e-01 4.86257413e-01
3.66900000e+10 2.63740062e-01 4.86354714e-01
3.67000000e+10 2.63777345e-01 4.86452012e-01
3.67100000e+10 2.63814624e-01 4.86549304e-01
3.67200000e+10 2.63851899e-01 4.86646592e-01
3.67300000e+10 2.63889169e-01 4.86743875e-01
3.67400000e+10 2.63926435e-01 4.86841154e-01
3.67500000e+10 2.63963697e-01 4.86938428e-01
3.67600000e+10 2.64000954e-01 4.87035697e-01
3.67700000e+10 2.64038207e-01 4.87132962e-01
3.67800000e+10 2.64075455e-01 4.87230222e-01
3.67900000e+10 2.64112700e-01 4.87327478e-01
3.68000000e+10 2.64149940e-01 4.87424729e-01
3.68100000e+10 2.64187175e-01 4.87521975e-01
3.68200000e+10 2.64224406e-01 4.87619217e-01
3.68300000e+10 2.64261633e-01 4.87716454e-01
3.68400000e+10 2.64298856e-01 4.87813687e-01
3.68500000e+10 2.64336074e-01 4.87910915e-01
3.68600000e+10 2.64373288e-01 4.88008139e-01
3.68700000e+10 2.64410498e-01 4.88105358e-01
3.68800000e+10 2.64447703e-01 4.88202572e-01
3.68900000e+10 2.64484904e-01 4.88299782e-01
3.69000000e+10 2.64522101e-01 4.88396987e-01
3.69100000e+10 2.64559293e-01 4.88494188e-01
3.69200000e+10 2.64596481e-01 4.88591384e-01
3.69300000e+10 2.64633665e-01 4.88688575e-01
3.69400000e+10 2.64670844e-01 4.88785762e-01
3.69500000e+10 2.64708019e-01 4.88882945e-01
3.69600000e+10 2.64745190e-01 4.88980122e-01
3.69700000e+10 2.64782357e-01 4.89077296e-01
3.69800000e+10 2.64819519e-01 4.89174464e-01
3.69900000e+10 2.64856677e-01 4.89271628e-01
3.70000000e+10 2.64893830e-01 4.89368788e-01
3.70100000e+10 2.64930980e-01 4.89465943e-01
3.70200000e+10 2.64968125e-01 4.89563094e-01
3.70300000e+10 2.65005266e-01 4.89660239e-01
3.70400000e+10 2.65042402e-01 4.89757381e-01
3.70500000e+10 2.65079534e-01 4.89854518e-01
3.70600000e+10 2.65116662e-01 4.89951650e-01
3.70700000e+10 2.65153786e-01 4.90048778e-01
3.70800000e+10 2.65190905e-01 4.90145901e-01
3.70900000e+10 2.65228020e-01 4.90243020e-01
3.71000000e+10 2.65265131e-01 4.90340134e-01
3.71100000e+10 2.65302237e-01 4.90437244e-01
3.71200000e+10 2.65339339e-01 4.90534349e-01
3.71300000e+10 2.65376437e-01 4.90631449e-01
3.71400000e+10 2.65413531e-01 4.90728545e-01
3.71500000e+10 2.65450621e-01 4.90825637e-01
3.71600000e+10 2.65487706e-01 4.90922724e-01
3.71700000e+10 2.65524787e-01 4.91019806e-01
3.71800000e+10 2.65561863e-01 4.91116884e-01
3.71900000e+10 2.65598936e-01 4.91213958e-01
3.72000000e+10 2.65636004e-01 4.91311027e-01
3.72100000e+10 2.65673068e-01 4.91408091e-01
3.72200000e+10 2.65710127e-01 4.91505151e-01
3.72300000e+10 2.65747183e-01 4.91602207e-01
3.72400000e+10 2.65784234e-01 4.91699257e-01
3.72500000e+10 2.65821280e-01 4.91796304e-01
3.72600000e+10 2.65858323e-01 4.91893346e-01
3.72700000e+10 2.65895361e-01 4.91990383e-01
3.72800000e+10 2.65932396e-01 4.92087416e-01
3.72900000e+10 2.65969425e-01 4.92184444e-01
3.73000000e+10 2.66006451e-01 4.92281468e-01
3.73100000e+10 2.66043473e-01 4.92378488e-01
3.73200000e+10 2.66080490e-01 4.92475503e-01
3.73300000e+10 2.66117503e-01 4.92572513e-01
3.73400000e+10 2.66154511e-01 4.92669519e-01
3.73500000e+10 2.66191516e-01 4.92766521e-01
3.73600000e+10 2.66228516e-01 4.92863518e-01
3.73700000e+10 2.66265512e-01 4.92960510e-01
3.73800000e+10 2.66302504e-01 4.93057498e-01
3.73900000e+10 2.66339492e-01 4.93154482e-01
3.74000000e+10 2.66376475e-01 4.93251461e-01
3.74100000e+10 2.66413454e-01 4.93348436e-01
3.74200000e+10 2.66450429e-01 4.93445406e-01
3.74300000e+10 2.66487400e-01 4.93542371e-01
3.74400000e+10 2.66524366e-01 4.93639333e-01
3.74500000e+10 2.66561329e-01 4.93736289e-01
3.74600000e+10 2.66598287e-01 4.93833242e-01
3.74700000e+10 2.66635241e-01 4.93930190e-01
3.74800000e+10 2.66672190e-01 4.94027133e-01
3.74900000e+10 2.66709136e-01 4.94124072e-01
3.75000000e+10 2.66746077e-01 4.94221006e-01
3.75100000e+10 2.66783014e-01 4.94317936e-01
3.75200000e+10 2.66819947e-01 4.94414862e-01
3.75300000e+10 2.66856876e-01 4.94511783e-01
3.75400000e+10 2.66893800e-01 4.94608700e-01
3.75500000e+10 2.66930721e-01 4.94705612e-01
3.75600000e+10 2.66967637e-01 4.94802520e-01
3.75700000e+10 2.67004549e-01 4.94899423e-01
3.75800000e+10 2.67041456e-01 4.94996322e-01
3.75900000e+10 2.67078360e-01 4.95093216e-01
3.76000000e+10 2.67115259e-01 4.95190106e-01
3.76100000e+10 2.67152155e-01 4.95286992e-01
3.76200000e+10 2.67189046e-01 4.95383873e-01
3.76300000e+10 2.67225932e-01 4.95480750e-01
3.76400000e+10 2.67262815e-01 4.95577622e-01
3.76500000e+10 2.67299694e-01 4.95674490e-01
3.76600000e+10 2.67336568e-01 4.95771354e-01
3.76700000e+10 2.67373438e-01 4.95868213e-01
3.76800000e+10 2.67410304e-01 4.95965067e-01
3.76900000e+10 2.67447166e-01 4.96061917e-01
3.77000000e+10 2.67484024e-01 4.96158763e-01
3.77100000e+10 2.67520877e-01 4.96255605e-01
3.77200000e+10 2.67557727e-01 4.96352442e-01
3.77300000e+10 2.67594572e-01 4.96449274e-01
3.77400000e+10 2.67631413e-01 4.96546102e-01
3.77500000e+10 2.67668250e-01 4.96642926e-01
3.77600000e+10 2.67705082e-01 4.96739745e-01
3.77700000e+10 2.67741911e-01 4.96836560e-01
3.77800000e+10 2.67778736e-01 4.96933371e-01
3.77900000e+10 2.67815556e-01 4.97030177e-01
3.78000000e+10 2.67852372e-01 4.97126979e-01
3.78100000e+10 2.67889184e-01 4.97223776e-01
3.78200000e+10 2.67925992e-01 4.97320569e-01
3.78300000e+10 2.67962796e-01 4.97417357e-01
3.78400000e+10 2.67999595e-01 4.97514142e-01
3.78500000e+10 2.68036391e-01 4.97610921e-01
3.78600000e+10 2.68073182e-01 4.97707697e-01
3.78700000e+10 2.68109969e-01 4.97804468e-01
3.78800000e+10 2.68146752e-01 4.97901234e-01
3.78900000e+10 2.68183531e-01 4.97997997e-01
3.79000000e+10 2.68220306e-01 4.98094755e-01
3.79100000e+10 2.68257077e-01 4.98191508e-01
3.79200000e+10 2.68293843e-01 4.98288257e-01
3.79300000e+10 2.68330606e-01 4.98385002e-01
3.79400000e+10 2.68367364e-01 4.98481742e-01
3.79500000e+10 2.68404119e-01 4.98578478e-01
3.79600000e+10 2.68440869e-01 4.98675210e-01
3.79700000e+10 2.68477615e-01 4.98771937e-01
3.79800000e+10 2.68514357e-01 4.98868660e-01
3.79900000e+10 2.68551094e-01 4.98965379e-01
3.80000000e+10 2.68587828e-01 4.99062093e-01
3.80100000e+10 2.68624558e-01 4.99158803e-01
3.80200000e+10 2.68661283e-01 4.99255508e-01
3.80300000e+10 2.68698004e-01 4.99352209e-01
3.80400000e+10 2.68734722e-01 4.99448906e-01
3.80500000e+10 2.68771435e-01 4.99545599e-01
3.80600000e+10 2.68808144e-01 4.99642287e-01
3.80700000e+10 2.68844849e-01 4.99738971e-01
3.80800000e+10 2.68881550e-01 4.99835650e-01
3.80900000e+10 2.68918247e-01 4.99932325e-01
3.81000000e+10 2.68954939e-01 5.00028996e-01
3.81100000e+10 2.68991628e-01 5.00125662e-01
3.81200000e+10 2.69028312e-01 5.00222324e-01
3.81300000e+10 2.69064993e-01 5.00318982e-01
3.81400000e+10 2.69101669e-01 5.00415635e-01
3.81500000e+10 2.69138342e-01 5.00512284e-01
3.81600000e+10 2.69175010e-01 5.00608929e-01
3.81700000e+10 2.69211674e-01 5.00705569e-01
3.81800000e+10 2.69248334e-01 5.00802205e-01
3.81900000e+10 2.69284990e-01 5.00898837e-01
3.82000000e+10 2.69321642e-01 5.00995465e-01
3.82100000e+10 2.69358290e-01 5.01092088e-01
3.82200000e+10 2.69394934e-01 5.01188707e-01
3.82300000e+10 2.69431573e-01 5.01285321e-01
3.82400000e+10 2.69468209e-01 5.01381931e-01
3.82500000e+10 2.69504840e-01 5.01478537e-01
3.82600000e+10 2.69541468e-01 5.01575139e-01
3.82700000e+10 2.69578092e-01 5.01671736e-01
3.82800000e+10 2.69614711e-01 5.01768329e-01
3.82900000e+10 2.69651326e-01 5.01864917e-01
3.83000000e+10 2.69687938e-01 5.01961502e-01
3.83100000e+10 2.69724545e-01 5.02058082e-01
3.83200000e+10 2.69761148e-01 5.02154657e-01
3.83300000e+10 2.69797747e-01 5.02251229e-01
3.83400000e+10 2.69834342e-01 5.02347796e-01
3.83500000e+10 2.69870933e-01 5.02444359e-01
3.83600000e+10 2.69907521e-01 5.02540917e-01
3.83700000e+10 2.69944103e-01 5.02637471e-01
3.83800000e+10 2.69980682e-01 5.02734021e-01
3.83900000e+10 2.70017257e-01 5.02830567e-01
3.84000000e+10 2.70053828e-01 5.02927108e-01
3.84100000e+10 2.70090395e-01 5.03023646e-01
3.84200000e+10 2.70126958e-01 5.03120178e-01
3.84300000e+10 2.70163517e-01 5.03216707e-01
3.84400000e+10 2.70200072e-01 5.03313231e-01
3.84500000e+10 2.70236622e-01 5.03409751e-01
3.84600000e+10 2.70273169e-01 5.03506267e-01
3.84700000e+10 2.70309712e-01 5.03602778e-01
3.84800000e+10 2.70346250e-01 5.03699286e-01
3.84900000e+10 2.70382785e-01 5.03795788e-01
3.85000000e+10 2.70419316e-01 5.03892287e-01
3.85100000e+10 2.70455842e-01 5.03988782e-01
3.85200000e+10 2.70492365e-01 5.04085272e-01
3.85300000e+10 2.70528883e-01 5.04181757e-01
3.85400000e+10 2.70565398e-01 5.04278239e-01
3.85500000e+10 2.70601909e-01 5.04374716e-01
3.85600000e+10 2.70638415e-01 5.04471190e-01
3.85700000e+10 2.70674918e-01 5.04567658e-01
3.85800000e+10 2.70711416e-01 5.04664123e-01
3.85900000e+10 2.70747911e-01 5.04760583e-01
3.86000000e+10 2.70784401e-01 5.04857039e-01
3.86100000e+10 2.70820888e-01 5.04953491e-01
3.86200000e+10 2.70857371e-01 5.05049939e-01
3.86300000e+10 2.70893849e-01 5.05146382e-01
3.86400000e+10 2.70930324e-01 5.05242821e-01
3.86500000e+10 2.70966794e-01 5.05339256e-01
3.86600000e+10 2.71003261e-01 5.05435687e-01
3.86700000e+10 2.71039724e-01 5.05532113e-01
3.86800000e+10 2.71076182e-01 5.05628535e-01
3.86900000e+10 2.71112637e-01 5.05724953e-01
3.87000000e+10 2.71149088e-01 5.05821367e-01
3.87100000e+10 2.71185534e-01 5.05917776e-01
3.87200000e+10 2.71221977e-01 5.06014182e-01
3.87300000e+10 2.71258416e-01 5.06110583e-01
3.87400000e+10 2.71294850e-01 5.06206980e-01
3.87500000e+10 2.71331281e-01 5.06303372e-01
3.87600000e+10 2.71367708e-01 5.06399760e-01
3.87700000e+10 2.71404131e-01 5.06496145e-01
3.87800000e+10 2.71440550e-01 5.06592525e-01
3.87900000e+10 2.71476965e-01 5.06688900e-01
3.88000000e+10 2.71513376e-01 5.06785272e-01
3.88100000e+10 2.71549783e-01 5.06881639e-01
3.88200000e+10 2.71586186e-01 5.06978002e-01
3.88300000e+10 2.71622585e-01 5.07074361e-01
3.88400000e+10 2.71658980e-01 5.07170716e-01
3.88500000e+10 2.71695371e-01 5.07267066e-01
3.88600000e+10 2.71731758e-01 5.07363412e-01
3.88700000e+10 2.71768141e-01 5.07459755e-01
3.88800000e+10 2.71804521e-01 5.07556092e-01
3.88900000e+10 2.71840896e-01 5.07652426e-01
3.89000000e+10 2.71877267e-01 5.07748756e-01
3.89100000e+10 2.71913635e-01 5.07845081e-01
3.89200000e+10 2.71949998e-01 5.07941402e-01
3.89300000e+10 2.71986358e-01 5.08037719e-01
3.89400000e+10 2.72022714e-01 5.08134032e-01
3.89500000e+10 2.72059065e-01 5.08230340e-01
3.89600000e+10 2.72095413e-01 5.08326645e-01
3.89700000e+10 2.72131757e-01 5.08422945e-01
3.89800000e+10 2.72168097e-01 5.08519241e-01
3.89900000e+10 2.72204433e-01 5.08615533e-01
3.90000000e+10 2.72240765e-01 5.08711820e-01
3.90100000e+10 2.72277093e-01 5.08808104e-01
3.90200000e+10 2.72313417e-01 5.08904383e-01
3.90300000e+10 2.72349737e-01 5.09000658e-01
3.90400000e+10 2.72386054e-01 5.09096929e-01
3.90500000e+10 2.72422366e-01 5.09193196e-01
3.90600000e+10 2.72458674e-01 5.09289458e-01
3.90700000e+10 2.72494979e-01 5.09385717e-01
3.90800000e+10 2.72531280e-01 5.09481971e-01
3.90900000e+10 2.72567576e-01 5.09578221e-01
3.91000000e+10 2.72603869e-01 5.09674467e-01
3.91100000e+10 2.72640158e-01 5.09770709e-01
3.91200000e+10 2.72676443e-01 5.09866947e-01
3.91300000e+10 2.72712724e-01 5.09963180e-01
3.91400000e+10 2.72749001e-01 5.10059410e-01
3.91500000e+10 2.72785275e-01 5.10155635e-01
3.91600000e+10 2.72821544e-01 5.10251856e-01
3.91700000e+10 2.72857810e-01 5.10348073e-01
3.91800000e+10 2.72894071e-01 5.10444286e-01
3.91900000e+10 2.72930329e-01 5.10540494e-01
3.92000000e+10 2.72966583e-01 5.10636699e-01
3.92100000e+10 2.73002832e-01 5.10732899e-01
3.92200000e+10 2.73039078e-01 5.10829095e-01
3.92300000e+10 2.73075321e-01 5.10925287e-01
3.92400000e+10 2.73111559e-01 5.11021475e-01
3.92500000e+10 2.73147793e-01 5.11117659e-01
3.92600000e+10 2.73184024e-01 5.11213839e-01
3.92700000e+10 2.73220250e-01 5.11310014e-01
3.92800000e+10 2.73256473e-01 5.11406186e-01
3.92900000e+10 2.73292692e-01 5.11502353e-01
3.93000000e+10 2.73328907e-01 5.11598516e-01
3.93100000e+10 2.73365118e-01 5.11694675e-01
3.93200000e+10 2.73401325e-01 5.11790830e-01
3.93300000e+10 2.73437528e-01 5.11886981e-01
3.93400000e+10 2.73473727e-01 5.11983128e-01
3.93500000e+10 2.73509923e-01 5.12079270e-01
3.93600000e+10 2.73546115e-01 5.12175409e-01
3.93700000e+10 2.73582303e-01 5.12271543e-01
3.93800000e+10 2.73618486e-01 5.12367673e-01
3.93900000e+10 2.73654667e-01 5.12463800e-01
3.94000000e+10 2.73690843e-01 5.12559922e-01
3.94100000e+10 2.73727015e-01 5.12656040e-01
3.94200000e+10 2.73763184e-01 5.12752153e-01
3.94300000e+10 2.73799348e-01 5.12848263e-01
3.94400000e+10 2.73835509e-01 5.12944369e-01
3.94500000e+10 2.73871666e-01 5.13040470e-01
3.94600000e+10 2.73907819e-01 5.13136568e-01
3.94700000e+10 2.73943968e-01 5.13232661e-01
3.94800000e+10 2.73980114e-01 5.13328750e-01
3.94900000e+10 2.74016255e-01 5.13424835e-01
3.95000000e+10 2.74052393e-01 5.13520917e-01
3.95100000e+10 2.74088527e-01 5.13616993e-01
3.95200000e+10 2.74124657e-01 5.13713066e-01
3.95300000e+10 2.74160783e-01 5.13809135e-01
3.95400000e+10 2.74196905e-01 5.13905200e-01
3.95500000e+10 2.74233024e-01 5.14001261e-01
3.95600000e+10 2.74269139e-01 5.14097317e-01
3.95700000e+10 2.74305249e-01 5.14193370e-01
3.95800000e+10 2.74341356e-01 5.14289418e-01
3.95900000e+10 2.74377460e-01 5.14385462e-01
3.96000000e+10 2.74413559e-01 5.14481503e-01
3.96100000e+10 2.74449654e-01 5.14577539e-01
3.96200000e+10 2.74485746e-01 5.14673571e-01
3.96300000e+10 2.74521834e-01 5.14769599e-01
3.96400000e+10 2.74557918e-01 5.14865623e-01
3.96500000e+10 2.74593998e-01 5.14961643e-01
3.96600000e+10 2.74630075e-01 5.15057659e-01
3.96700000e+10 2.74666147e-01 5.15153671e-01
3.96800000e+10 2.74702216e-01 5.15249678e-01
3.96900000e+10 2.74738281e-01 5.15345682e-01
3.97000000e+10 2.74774342e-01 5.15441682e-01
3.97100000e+10 2.74810399e-01 5.15537677e-01
3.97200000e+10 2.74846453e-01 5.15633669e-01
3.97300000e+10 2.74882503e-01 5.15729656e-01
3.97400000e+10 2.74918548e-01 5.15825640e-01
3.97500000e+10 2.74954591e-01 5.15921619e-01
3.97600000e+10 2.74990629e-01 5.16017594e-01
3.97700000e+10 2.75026663e-01 5.16113566e-01
3.97800000e+10 2.75062694e-01 5.16209533e-01
3.97900000e+10 2.75098721e-01 5.16305496e-01
3.98000000e+10 2.75134744e-01 5.16401455e-01
3.98100000e+10 2.75170763e-01 5.16497411e-01
3.98200000e+10 2.75206779e-01 5.16593362e-01
3.98300000e+10 2.75242791e-01 5.16689309e-01
3.98400000e+10 2.75278798e-01 5.16785252e-01
3.98500000e+10 2.75314803e-01 5.16881191e-01
3.98600000e+10 2.75350803e-01 5.16977126e-01
3.98700000e+10 2.75386800e-01 5.17073057e-01
3.98800000e+10 2.75422792e-01 5.17168984e-01
3.98900000e+10 2.75458781e-01 5.17264907e-01
3.99000000e+10 2.75494767e-01 5.17360825e-01
3.99100000e+10 2.75530748e-01 5.17456740e-01
3.99200000e+10 2.75566726e-01 5.17552651e-01
3.99300000e+10 2.75602700e-01 5.17648558e-01
3.99400000e+10 2.75638670e-01 5.17744461e-01
3.99500000e+10 2.75674636e-01 5.17840360e-01
3.99600000e+10 2.75710599e-01 5.17936254e-01
3.99700000e+10 2.75746558e-01 5.18032145e-01
3.99800000e+10 2.75782513e-01 5.18128032e-01
3.99900000e+10 2.75818464e-01 5.18223915e-01
4.00000000e+10 2.75854411e-01 5.18319794e-01
4.00100000e+10 2.75890355e-01 5.18415668e-01
4.00200000e+10 2.75926295e-01 5.18511539e-01
4.00300000e+10 2.75962231e-01 5.18607406e-01
4.00400000e+10 2.75998164e-01 5.18703269e-01
4.00500000e+10 2.76034093e-01 5.18799127e-01
4.00600000e+10 2.76070018e-01 5.18894982e-01
4.00700000e+10 2.76105939e-01 5.18990833e-01
4.00800000e+10 2.76141856e-01 5.19086680e-01
4.00900000e+10 2.76177770e-01 5.19182523e-01
4.01000000e+10 2.76213680e-01 5.19278361e-01
4.01100000e+10 2.76249586e-01 5.19374196e-01
4.01200000e+10 2.76285489e-01 5.19470027e-01
4.01300000e+10 2.76321387e-01 5.19565854e-01
4.01400000e+10 2.76357282e-01 5.19661677e-01
4.01500000e+10 2.76393174e-01 5.19757496e-01
4.01600000e+10 2.76429061e-01 5.19853311e-01
4.01700000e+10 2.76464945e-01 5.19949122e-01
4.01800000e+10 2.76500825e-01 5.20044928e-01
4.01900000e+10 2.76536701e-01 5.20140731e-01
4.02000000e+10 2.76572574e-01 5.20236531e-01
4.02100000e+10 2.76608443e-01 5.20332326e-01
4.02200000e+10 2.76644308e-01 5.20428117e-01
4.02300000e+10 2.76680169e-01 5.20523904e-01
4.02400000e+10 2.76716027e-01 5.20619687e-01
4.02500000e+10 2.76751881e-01 5.20715466e-01
4.02600000e+10 2.76787731e-01 5.20811241e-01
4.02700000e+10 2.76823578e-01 5.20907013e-01
4.02800000e+10 2.76859421e-01 5.21002780e-01
4.02900000e+10 2.76895260e-01 5.21098543e-01
4.03000000e+10 2.76931095e-01 5.21194303e-01
4.03100000e+10 2.76966927e-01 5.21290058e-01
4.03200000e+10 2.77002755e-01 5.21385810e-01
4.03300000e+10 2.77038579e-01 5.21481557e-01
4.03400000e+10 2.77074399e-01 5.21577301e-01
4.03500000e+10 2.77110216e-01 5.21673040e-01
4.03600000e+10 2.77146029e-01 5.21768776e-01
4.03700000e+10 2.77181839e-01 5.21864508e-01
4.03800000e+10 2.77217644e-01 5.21960236e-01
4.03900000e+10 2.77253446e-01 5.22055959e-01
4.04000000e+10 2.77289245e-01 5.22151679e-01
4.04100000e+10 2.77325039e-01 5.22247395e-01
4.04200000e+10 2.77360830e-01 5.22343107e-01
4.04300000e+10 2.77396617e-01 5.22438816e-01
4.04400000e+10 2.77432401e-01 5.22534520e-01
4.04500000e+10 2.77468181e-01 5.22630220e-01
4.04600000e+10 2.77503957e-01 5.22725916e-01
4.04700000e+10 2.77539729e-01 5.22821609e-01
4.04800000e+10 2.77575498e-01 5.22917297e-01
4.04900000e+10 2.77611263e-01 5.23012982e-01
4.05000000e+10 2.77647024e-01 5.23108662e-01
4.05100000e+10 2.77682782e-01 5.23204339e-01
4.05200000e+10 2.77718536e-01 5.23300012e-01
4.05300000e+10 2.77754286e-01 5.23395681e-01
4.05400000e+10 2.77790033e-01 5.23491346e-01
4.05500000e+10 2.77825776e-01 5.23587007e-01
4.05600000e+10 2.77861515e-01 5.23682664e-01
4.05700000e+10 2.77897251e-01 5.23778317e-01
4.05800000e+10 2.77932983e-01 5.23873966e-01
4.05900000e+10 2.77968711e-01 5.23969612e-01
4.06000000e+10 2.78004436e-01 5.24065253e-01
4.06100000e+10 2.78040157e-01 5.24160891e-01
4.06200000e+10 2.78075874e-01 5.24256525e-01
4.06300000e+10 2.78111588e-01 5.24352154e-01
4.06400000e+10 2.78147298e-01 5.24447780e-01
4.06500000e+10 2.78183004e-01 5.24543402e-01
4.06600000e+10 2.78218707e-01 5.24639020e-01
4.06700000e+10 2.78254406e-01 5.24734634e-01
4.06800000e+10 2.78290101e-01 5.24830245e-01
4.06900000e+10 2.78325793e-01 5.24925851e-01
4.07000000e+10 2.78361481e-01 5.25021454e-01
4.07100000e+10 2.78397165e-01 5.25117052e-01
4.07200000e+10 2.78432846e-01 5.25212647e-01
4.07300000e+10 2.78468523e-01 5.25308238e-01
4.07400000e+10 2.78504196e-01 5.25403825e-01
4.07500000e+10 2.78539866e-01 5.25499408e-01
4.07600000e+10 2.78575532e-01 5.25594987e-01
4.07700000e+10 2.78611195e-01 5.25690562e-01
4.07800000e+10 2.78646854e-01 5.25786134e-01
4.07900000e+10 2.78682509e-01 5.25881701e-01
4.08000000e+10 2.78718160e-01 5.25977265e-01
4.08100000e+10 2.78753808e-01 5.26072825e-01
4.08200000e+10 2.78789453e-01 5.26168381e-01
4.08300000e+10 2.78825093e-01 5.26263933e-01
4.08400000e+10 2.78860730e-01 5.26359481e-01
4.08500000e+10 2.78896364e-01 5.26455025e-01
4.08600000e+10 2.78931993e-01 5.26550566e-01
4.08700000e+10 2.78967620e-01 5.26646103e-01
4.08800000e+10 2.79003242e-01 5.26741635e-01
4.08900000e+10 2.79038861e-01 5.26837164e-01
4.09000000e+10 2.79074476e-01 5.26932689e-01
4.09100000e+10 2.79110088e-01 5.27028210e-01
4.09200000e+10 2.79145696e-01 5.27123728e-01
4.09300000e+10 2.79181300e-01 5.27219241e-01
4.09400000e+10 2.79216901e-01 5.27314751e-01
4.09500000e+10 2.79252498e-01 5.27410257e-01
4.09600000e+10 2.79288092e-01 5.27505758e-01
4.09700000e+10 2.79323682e-01 5.27601256e-01
4.09800000e+10 2.79359268e-01 5.27696751e-01
4.09900000e+10 2.79394851e-01 5.27792241e-01
4.10000000e+10 2.79430430e-01 5.27887728e-01
4.10100000e+10 2.79466006e-01 5.27983210e-01
4.10200000e+10 2.79501578e-01 5.28078689e-01
4.10300000e+10 2.79537146e-01 5.28174164e-01
4.10400000e+10 2.79572711e-01 5.28269635e-01
4.10500000e+10 2.79608272e-01 5.28365103e-01
4.10600000e+10 2.79643829e-01 5.28460566e-01
4.10700000e+10 2.79679383e-01 5.28556026e-01
4.10800000e+10 2.79714934e-01 5.28651482e-01
4.10900000e+10 2.79750480e-01 5.28746934e-01
4.11000000e+10 2.79786024e-01 5.28842382e-01
4.11100000e+10 2.79821563e-01 5.28937826e-01
4.11200000e+10 2.79857099e-01 5.29033267e-01
4.11300000e+10 2.79892631e-01 5.29128703e-01
4.11400000e+10 2.79928160e-01 5.29224136e-01
4.11500000e+10 2.79963685e-01 5.29319565e-01
4.11600000e+10 2.79999207e-01 5.29414991e-01
4.11700000e+10 2.80034725e-01 5.29510412e-01
4.11800000e+10 2.80070240e-01 5.29605830e-01
4.11900000e+10 2.80105750e-01 5.29701243e-01
4.12000000e+10 2.80141258e-01 5.29796653e-01
4.12100000e+10 2.80176762e-01 5.29892060e-01
4.12200000e+10 2.80212262e-01 5.29987462e-01
4.12300000e+10 2.80247758e-01 5.30082860e-01
4.12400000e+10 2.80283251e-01 5.30178255e-01
4.12500000e+10 2.80318741e-01 5.30273646e-01
4.12600000e+10 2.80354227e-01 5.30369033e-01
4.12700000e+10 2.80389709e-01 5.30464417e-01
4.12800000e+10 2.80425188e-01 5.30559796e-01
4.12900000e+10 2.80460663e-01 5.30655172e-01
4.13000000e+10 2.80496134e-01 5.30750544e-01
4.13100000e+10 2.80531603e-01 5.30845912e-01
4.13200000e+10 2.80567067e-01 5.30941276e-01
4.13300000e+10 2.80602528e-01 5.31036637e-01
4.13400000e+10 2.80637985e-01 5.31131994e-01
4.13500000e+10 2.80673439e-01 5.31227347e-01
4.13600000e+10 2.80708889e-01 5.31322696e-01
4.13700000e+10 2.80744336e-01 5.31418041e-01
4.13800000e+10 2.80779779e-01 5.31513383e-01
4.13900000e+10 2.80815219e-01 5.31608721e-01
4.14000000e+10 2.80850655e-01 5.31704055e-01
4.14100000e+10 2.80886088e-01 5.31799385e-01
4.14200000e+10 2.80921517e-01 5.31894712e-01
4.14300000e+10 2.80956942e-01 5.31990034e-01
4.14400000e+10 2.80992364e-01 5.32085353e-01
4.14500000e+10 2.81027782e-01 5.32180669e-01
4.14600000e+10 2.81063197e-01 5.32275980e-01
4.14700000e+10 2.81098608e-01 5.32371288e-01
4.14800000e+10 2.81134016e-01 5.32466591e-01
4.14900000e+10 2.81169420e-01 5.32561892e-01
4.15000000e+10 2.81204821e-01 5.32657188e-01
4.15100000e+10 2.81240218e-01 5.32752480e-01
4.15200000e+10 2.81275612e-01 5.32847769e-01
4.15300000e+10 2.81311002e-01 5.32943054e-01
4.15400000e+10 2.81346389e-01 5.33038336e-01
4.15500000e+10 2.81381772e-01 5.33133613e-01
4.15600000e+10 2.81417151e-01 5.33228887e-01
4.15700000e+10 2.81452527e-01 5.33324157e-01
4.15800000e+10 2.81487900e-01 5.33419423e-01
4.15900000e+10 2.81523269e-01 5.33514686e-01
4.16000000e+10 2.81558634e-01 5.33609944e-01
4.16100000e+10 2.81593996e-01 5.33705199e-01
4.16200000e+10 2.81629354e-01 5.33800451e-01
4.16300000e+10 2.81664709e-01 5.33895698e-01
4.16400000e+10 2.81700061e-01 5.33990942e-01
4.16500000e+10 2.81735409e-01 5.34086182e-01
4.16600000e+10 2.81770753e-01 5.34181418e-01
4.16700000e+10 2.81806094e-01 5.34276651e-01
4.16800000e+10 2.81841431e-01 5.34371880e-01
4.16900000e+10 2.81876765e-01 5.34467105e-01
4.17000000e+10 2.81912095e-01 5.34562326e-01
4.17100000e+10 2.81947422e-01 5.34657544e-01
4.17200000e+10 2.81982746e-01 5.34752757e-01
4.17300000e+10 2.82018065e-01 5.34847968e-01
4.17400000e+10 2.82053382e-01 5.34943174e-01
4.17500000e+10 2.82088695e-01 5.35038377e-01
4.17600000e+10 2.82124004e-01 5.35133576e-01
4.17700000e+10 2.82159310e-01 5.35228771e-01
4.17800000e+10 2.82194612e-01 5.35323962e-01
4.17900000e+10 2.82229911e-01 5.35419150e-01
4.18000000e+10 2.82265206e-01 5.35514334e-01
4.18100000e+10 2.82300498e-01 5.35609515e-01
4.18200000e+10 2.82335787e-01 5.35704691e-01
4.18300000e+10 2.82371072e-01 5.35799864e-01
4.18400000e+10 2.82406353e-01 5.35895033e-01
4.18500000e+10 2.82441631e-01 5.35990199e-01
4.18600000e+10 2.82476906e-01 5.36085360e-01
4.18700000e+10 2.82512177e-01 5.36180518e-01
4.18800000e+10 2.82547444e-01 5.36275673e-01
4.18900000e+10 2.82582708e-01 5.36370823e-01
4.19000000e+10 2.82617969e-01 5.36465970e-01
4.19100000e+10 2.82653226e-01 5.36561114e-01
4.19200000e+10 2.82688480e-01 5.36656253e-01
4.19300000e+10 2.82723730e-01 5.36751389e-01
4.19400000e+10 2.82758976e-01 5.36846521e-01
4.19500000e+10 2.82794220e-01 5.36941650e-01
4.19600000e+10 2.82829459e-01 5.37036774e-01
4.19700000e+10 2.82864696e-01 5.37131895e-01
4.19800000e+10 2.82899929e-01 5.37227013e-01
4.19900000e+10 2.82935158e-01 5.37322126e-01
4.20000000e+10 2.82970384e-01 5.37417236e-01
4.20100000e+10 2.83005606e-01 5.37512342e-01
4.20200000e+10 2.83040825e-01 5.37607445e-01
4.20300000e+10 2.83076041e-01 5.37702544e-01
4.20400000e+10 2.83111253e-01 5.37797639e-01
4.20500000e+10 2.83146462e-01 5.37892731e-01
4.20600000e+10 2.83181667e-01 5.37987818e-01
4.20700000e+10 2.83216869e-01 5.38082903e-01
4.20800000e+10 2.83252067e-01 5.38177983e-01
4.20900000e+10 2.83287262e-01 5.38273060e-01
4.21000000e+10 2.83322453e-01 5.38368133e-01
4.21100000e+10 2.83357641e-01 5.38463202e-01
4.21200000e+10 2.83392825e-01 5.38558268e-01
4.21300000e+10 2.83428007e-01 5.38653330e-01
4.21400000e+10 2.83463184e-01 5.38748389e-01
4.21500000e+10 2.83498358e-01 5.38843444e-01
4.21600000e+10 2.83533529e-01 5.38938495e-01
4.21700000e+10 2.83568696e-01 5.39033542e-01
4.21800000e+10 2.83603860e-01 5.39128586e-01
4.21900000e+10 2.83639021e-01 5.39223626e-01
4.22000000e+10 2.83674178e-01 5.39318662e-01
4.22100000e+10 2.83709331e-01 5.39413695e-01
4.22200000e+10 2.83744482e-01 5.39508724e-01
4.22300000e+10 2.83779628e-01 5.39603750e-01
4.22400000e+10 2.83814772e-01 5.39698771e-01
4.22500000e+10 2.83849911e-01 5.39793790e-01
4.22600000e+10 2.83885048e-01 5.39888804e-01
4.22700000e+10 2.83920181e-01 5.39983815e-01
4.22800000e+10 2.83955311e-01 5.40078822e-01
4.22900000e+10 2.83990437e-01 5.40173826e-01
4.23000000e+10 2.84025560e-01 5.40268826e-01
4.23100000e+10 2.84060679e-01 5.40363822e-01
4.23200000e+10 2.84095795e-01 5.40458814e-01
4.23300000e+10 2.84130907e-01 5.40553803e-01
4.23400000e+10 2.84166016e-01 5.40648789e-01
4.23500000e+10 2.84201122e-01 5.40743770e-01
4.23600000e+10 2.84236224e-01 5.40838749e-01
4.23700000e+10 2.84271323e-01 5.40933723e-01
4.23800000e+10 2.84306419e-01 5.41028694e-01
4.23900000e+10 2.84341511e-01 5.41123661e-01
4.24000000e+10 2.84376600e-01 5.41218624e-01
4.24100000e+10 2.84411685e-01 5.41313584e-01
4.24200000e+10 2.84446767e-01 5.41408540e-01
4.24300000e+10 2.84481845e-01 5.41503493e-01
4.24400000e+10 2.84516920e-01 5.41598442e-01
4.24500000e+10 2.84551992e-01 5.41693387e-01
4.24600000e+10 2.84587060e-01 5.41788329e-01
4.24700000e+10 2.84622125e-01 5.41883267e-01
4.24800000e+10 2.84657187e-01 5.41978202e-01
4.24900000e+10 2.84692245e-01 5.42073133e-01
4.25000000e+10 2.84727299e-01 5.42168060e-01
4.25100000e+10 2.84762351e-01 5.42262984e-01
4.25200000e+10 2.84797399e-01 5.42357904e-01
4.25300000e+10 2.84832443e-01 5.42452820e-01
4.25400000e+10 2.84867484e-01 5.42547733e-01
4.25500000e+10 2.84902522e-01 5.42642642e-01
4.25600000e+10 2.84937557e-01 5.42737548e-01
4.25700000e+10 2.84972588e-01 5.42832450e-01
4.25800000e+10 2.85007615e-01 5.42927348e-01
4.25900000e+10 2.85042640e-01 5.43022243e-01
4.26000000e+10 2.85077661e-01 5.43117134e-01
4.26100000e+10 2.85112678e-01 5.43212021e-01
4.26200000e+10 2.85147692e-01 5.43306905e-01
4.26300000e+10 2.85182703e-01 5.43401786e-01
4.26400000e+10 2.85217710e-01 5.43496663e-01
4.26500000e+10 2.85252714e-01 5.43591536e-01
4.26600000e+10 2.85287715e-01 5.43686405e-01
4.26700000e+10 2.85322712e-01 5.43781271e-01
4.26800000e+10 2.85357706e-01 5.43876134e-01
4.26900000e+10 2.85392697e-01 5.43970992e-01
4.27000000e+10 2.85427684e-01 5.44065848e-01
4.27100000e+10 2.85462668e-01 5.44160699e-01
4.27200000e+10 2.85497648e-01 5.44255547e-01
4.27300000e+10 2.85532626e-01 5.44350392e-01
4.27400000e+10 2.85567599e-01 5.44445233e-01
4.27500000e+10 2.85602570e-01 5.44540070e-01
4.27600000e+10 2.85637537e-01 5.44634903e-01
4.27700000e+10 2.85672501e-01 5.44729734e-01
4.27800000e+10 2.85707461e-01 5.44824560e-01
4.27900000e+10 2.85742418e-01 5.44919383e-01
4.28000000e+10 2.85777372e-01 5.45014202e-01
4.28100000e+10 2.85812322e-01 5.45109018e-01
4.28200000e+10 2.85847269e-01 5.45203831e-01
4.28300000e+10 2.85882213e-01 5.45298639e-01
4.28400000e+10 2.85917153e-01 5.45393444e-01
4.28500000e+10 2.85952090e-01 5.45488246e-01
4.28600000e+10 2.85987023e-01 5.45583044e-01
4.28700000e+10 2.86021954e-01 5.45677838e-01
4.28800000e+10 2.86056881e-01 5.45772629e-01
4.28900000e+10 2.86091804e-01 5.45867416e-01
4.29000000e+10 2.86126725e-01 5.45962200e-01
4.29100000e+10 2.86161641e-01 5.46056980e-01
4.29200000e+10 2.86196555e-01 5.46151757e-01
4.29300000e+10 2.86231465e-01 5.46246530e-01
4.29400000e+10 2.86266372e-01 5.46341299e-01
4.29500000e+10 2.86301276e-01 5.46436065e-01
4.29600000e+10 2.86336176e-01 5.46530827e-01
4.29700000e+10 2.86371073e-01 5.46625586e-01
4.29800000e+10 2.86405967e-01 5.46720342e-01
4.29900000e+10 2.86440857e-01 5.46815093e-01
4.30000000e+10 2.86475744e-01 5.46909841e-01
4.30100000e+10 2.86510628e-01 5.47004586e-01
4.30200000e+10 2.86545508e-01 5.47099327e-01
4.30300000e+10 2.86580385e-01 5.47194065e-01
4.30400000e+10 2.86615259e-01 5.47288799e-01
4.30500000e+10 2.86650129e-01 5.47383529e-01
4.30600000e+10 2.86684996e-01 5.47478256e-01
4.30700000e+10 2.86719860e-01 5.47572979e-01
4.30800000e+10 2.86754720e-01 5.47667699e-01
4.30900000e+10 2.86789578e-01 5.47762415e-01
4.31000000e+10 2.86824431e-01 5.47857128e-01
4.31100000e+10 2.86859282e-01 5.47951837e-01
4.31200000e+10 2.86894129e-01 5.48046543e-01
4.31300000e+10 2.86928973e-01 5.48141245e-01
4.31400000e+10 2.86963814e-01 5.48235944e-01
4.31500000e+10 2.86998651e-01 5.48330639e-01
4.31600000e+10 2.87033485e-01 5.48425331e-01
4.31700000e+10 2.87068316e-01 5.48520019e-01
4.31800000e+10 2.87103143e-01 5.48614703e-01
4.31900000e+10 2.87137967e-01 5.48709384e-01
4.32000000e+10 2.87172788e-01 5.48804062e-01
4.32100000e+10 2.87207606e-01 5.48898736e-01
4.32200000e+10 2.87242420e-01 5.48993406e-01
4.32300000e+10 2.87277231e-01 5.49088073e-01
4.32400000e+10 2.87312039e-01 5.49182737e-01
4.32500000e+10 2.87346843e-01 5.49277397e-01
4.32600000e+10 2.87381644e-01 5.49372053e-01
4.32700000e+10 2.87416442e-01 5.49466706e-01
4.32800000e+10 2.87451237e-01 5.49561355e-01
4.32900000e+10 2.87486028e-01 5.49656001e-01
4.33000000e+10 2.87520816e-01 5.49750644e-01
4.33100000e+10 2.87555601e-01 5.49845283e-01
4.33200000e+10 2.87590382e-01 5.49939918e-01
4.33300000e+10 2.87625160e-01 5.50034550e-01
4.33400000e+10 2.87659935e-01 5.50129178e-01
4.33500000e+10 2.87694707e-01 5.50223803e-01
4.33600000e+10 2.87729475e-01 5.50318425e-01
4.33700000e+10 2.87764240e-01 5.50413042e-01
4.33800000e+10 2.87799002e-01 5.50507657e-01
4.33900000e+10 2.87833760e-01 5.50602268e-01
4.34000000e+10 2.87868515e-01 5.50696875e-01
4.34100000e+10 2.87903267e-01 5.50791479e-01
4.34200000e+10 2.87938016e-01 5.50886080e-01
4.34300000e+10 2.87972762e-01 5.50980676e-01
4.34400000e+10 2.88007504e-01 5.51075270e-01
4.34500000e+10 2.88042243e-01 5.51169860e-01
4.34600000e+10 2.88076978e-01 5.51264446e-01
4.34700000e+10 2.88111711e-01 5.51359029e-01
4.34800000e+10 2.88146440e-01 5.51453609e-01
4.34900000e+10 2.88181166e-01 5.51548185e-01
4.35000000e+10 2.88215888e-01 5.51642758e-01
4.35100000e+10 2.88250608e-01 5.51737327e-01
4.35200000e+10 2.88285324e-01 5.51831892e-01
4.35300000e+10 2.88320037e-01 5.51926454e-01
4.35400000e+10 2.88354746e-01 5.52021013e-01
4.35500000e+10 2.88389453e-01 5.52115568e-01
4.35600000e+10 2.88424156e-01 5.52210120e-01
4.35700000e+10 2.88458856e-01 5.52304668e-01
4.35800000e+10 2.88493552e-01 5.52399213e-01
4.35900000e+10 2.88528246e-01 5.52493754e-01
4.36000000e+10 2.88562936e-01 5.52588292e-01
4.36100000e+10 2.88597623e-01 5.52682827e-01
4.36200000e+10 2.88632306e-01 5.52777357e-01
4.36300000e+10 2.88666987e-01 5.52871885e-01
4.36400000e+10 2.88701664e-01 5.52966409e-01
4.36500000e+10 2.88736338e-01 5.53060930e-01
4.36600000e+10 2.88771009e-01 5.53155447e-01
4.36700000e+10 2.88805676e-01 5.53249960e-01
4.36800000e+10 2.88840340e-01 5.53344470e-01
4.36900000e+10 2.88875002e-01 5.53438977e-01
4.37000000e+10 2.88909659e-01 5.53533480e-01
4.37100000e+10 2.88944314e-01 5.53627980e-01
4.37200000e+10 2.88978965e-01 5.53722477e-01
4.37300000e+10 2.89013613e-01 5.53816970e-01
4.37400000e+10 2.89048258e-01 5.53911459e-01
4.37500000e+10 2.89082900e-01 5.54005945e-01
4.37600000e+10 2.89117538e-01 5.54100428e-01
4.37700000e+10 2.89152174e-01 5.54194907e-01
4.37800000e+10 2.89186806e-01 5.54289383e-01
4.37900000e+10 2.89221434e-01 5.54383855e-01
4.38000000e+10 2.89256060e-01 5.54478324e-01
4.38100000e+10 2.89290682e-01 5.54572789e-01
4.38200000e+10 2.89325302e-01 5.54667251e-01
4.38300000e+10 2.89359918e-01 5.54761710e-01
4.38400000e+10 2.89394530e-01 5.54856165e-01
4.38500000e+10 2.89429140e-01 5.54950616e-01
4.38600000e+10 2.89463746e-01 5.55045065e-01
4.38700000e+10 2.89498349e-01 5.55139509e-01
4.38800000e+10 2.89532949e-01 5.55233951e-01
4.38900000e+10 2.89567546e-01 5.55328389e-01
4.39000000e+10 2.89602139e-01 5.55422823e-01
4.39100000e+10 2.89636730e-01 5.55517254e-01
4.39200000e+10 2.89671317e-01 5.55611682e-01
4.39300000e+10 2.89705901e-01 5.55706106e-01
4.39400000e+10 2.89740481e-01 5.55800527e-01
4.39500000e+10 2.89775059e-01 5.55894945e-01
4.39600000e+10 2.89809633e-01 5.55989359e-01
4.39700000e+10 2.89844204e-01 5.56083769e-01
4.39800000e+10 2.89878772e-01 5.56178176e-01
4.39900000e+10 2.89913337e-01 5.56272580e-01
4.40000000e+10 2.89947898e-01 5.56366981e-01
4.40100000e+10 2.89982457e-01 5.56461378e-01
4.40200000e+10 2.90017012e-01 5.56555771e-01
4.40300000e+10 2.90051564e-01 5.56650161e-01
4.40400000e+10 2.90086113e-01 5.56744548e-01
4.40500000e+10 2.90120658e-01 5.56838931e-01
4.40600000e+10 2.90155201e-01 5.56933311e-01
4.40700000e+10 2.90189740e-01 5.57027688e-01
4.40800000e+10 2.90224276e-01 5.57122061e-01
4.40900000e+10 2.90258809e-01 5.57216431e-01
4.41000000e+10 2.90293339e-01 5.57310797e-01
4.41100000e+10 2.90327865e-01 5.57405160e-01
4.41200000e+10 2.90362389e-01 5.57499519e-01
4.41300000e+10 2.90396909e-01 5.57593875e-01
4.41400000e+10 2.90431426e-01 5.57688228e-01
4.41500000e+10 2.90465940e-01 5.57782578e-01
4.41600000e+10 2.90500450e-01 5.57876923e-01
4.41700000e+10 2.90534958e-01 5.57971266e-01
4.41800000e+10 2.90569462e-01 5.58065605e-01
4.41900000e+10 2.90603963e-01 5.58159941e-01
4.42000000e+10 2.90638461e-01 5.58254273e-01
4.42100000e+10 2.90672956e-01 5.58348602e-01
4.42200000e+10 2.90707448e-01 5.58442928e-01
4.42300000e+10 2.90741936e-01 5.58537250e-01
4.42400000e+10 2.90776422e-01 5.58631569e-01
4.42500000e+10 2.90810904e-01 5.58725885e-01
4.42600000e+10 2.90845383e-01 5.58820197e-01
4.42700000e+10 2.90879859e-01 5.58914506e-01
4.42800000e+10 2.90914332e-01 5.59008811e-01
4.42900000e+10 2.90948801e-01 5.59103113e-01
4.43000000e+10 2.90983268e-01 5.59197412e-01
4.43100000e+10 2.91017731e-01 5.59291707e-01
4.43200000e+10 2.91052191e-01 5.59385999e-01
4.43300000e+10 2.91086648e-01 5.59480287e-01
4.43400000e+10 2.91121102e-01 5.59574572e-01
4.43500000e+10 2.91155552e-01 5.59668854e-01
4.43600000e+10 2.91190000e-01 5.59763133e-01
4.43700000e+10 2.91224444e-01 5.59857408e-01
4.43800000e+10 2.91258886e-01 5.59951679e-01
4.43900000e+10 2.91293324e-01 5.60045948e-01
4.44000000e+10 2.91327759e-01 5.60140213e-01
4.44100000e+10 2.91362191e-01 5.60234474e-01
4.44200000e+10 2.91396619e-01 5.60328733e-01
4.44300000e+10 2.91431045e-01 5.60422988e-01
4.44400000e+10 2.91465467e-01 5.60517239e-01
4.44500000e+10 2.91499887e-01 5.60611487e-01
4.44600000e+10 2.91534303e-01 5.60705732e-01
4.44700000e+10 2.91568716e-01 5.60799974e-01
4.44800000e+10 2.91603126e-01 5.60894212e-01
4.44900000e+10 2.91637532e-01 5.60988447e-01
4.45000000e+10 2.91671936e-01 5.61082678e-01
4.45100000e+10 2.91706337e-01 5.61176906e-01
4.45200000e+10 2.91740734e-01 5.61271131e-01
4.45300000e+10 2.91775128e-01 5.61365352e-01
4.45400000e+10 2.91809519e-01 5.61459571e-01
4.45500000e+10 2.91843907e-01 5.61553785e-01
4.45600000e+10 2.91878292e-01 5.61647997e-01
4.45700000e+10 2.91912674e-01 5.61742205e-01
4.45800000e+10 2.91947053e-01 5.61836410e-01
4.45900000e+10 2.91981428e-01 5.61930611e-01
4.46000000e+10 2.92015801e-01 5.62024809e-01
4.46100000e+10 2.92050170e-01 5.62119004e-01
4.46200000e+10 2.92084536e-01 5.62213195e-01
4.46300000e+10 2.92118899e-01 5.62307383e-01
4.46400000e+10 2.92153259e-01 5.62401568e-01
4.46500000e+10 2.92187616e-01 5.62495749e-01
4.46600000e+10 2.92221970e-01 5.62589928e-01
4.46700000e+10 2.92256321e-01 5.62684102e-01
4.46800000e+10 2.92290668e-01 5.62778274e-01
4.46900000e+10 2.92325013e-01 5.62872442e-01
4.47000000e+10 2.92359354e-01 5.62966607e-01
4.47100000e+10 2.92393692e-01 5.63060768e-01
4.47200000e+10 2.92428027e-01 5.63154926e-01
4.47300000e+10 2.92462360e-01 5.63249081e-01
4.47400000e+10 2.92496689e-01 5.63343233e-01
4.47500000e+10 2.92531014e-01 5.63437381e-01
4.47600000e+10 2.92565337e-01 5.63531526e-01
4.47700000e+10 2.92599657e-01 5.63625667e-01
4.47800000e+10 2.92633973e-01 5.63719806e-01
4.47900000e+10 2.92668287e-01 5.63813941e-01
4.48000000e+10 2.92702597e-01 5.63908072e-01
4.48100000e+10 2.92736905e-01 5.64002201e-01
4.48200000e+10 2.92771209e-01 5.64096326e-01
4.48300000e+10 2.92805510e-01 5.64190448e-01
4.48400000e+10 2.92839808e-01 5.64284566e-01
4.48500000e+10 2.92874103e-01 5.64378681e-01
4.48600000e+10 2.92908395e-01 5.64472793e-01
4.48700000e+10 2.92942684e-01 5.64566902e-01
4.48800000e+10 2.92976969e-01 5.64661007e-01
4.48900000e+10 2.93011252e-01 5.64755109e-01
4.49000000e+10 2.93045532e-01 5.64849208e-01
4.49100000e+10 2.93079808e-01 5.64943303e-01
4.49200000e+10 2.93114081e-01 5.65037395e-01
4.49300000e+10 2.93148352e-01 5.65131484e-01
4.49400000e+10 2.93182619e-01 5.65225569e-01
4.49500000e+10 2.93216883e-01 5.65319651e-01
4.49600000e+10 2.93251144e-01 5.65413730e-01
4.49700000e+10 2.93285402e-01 5.65507806e-01
4.49800000e+10 2.93319657e-01 5.65601878e-01
4.49900000e+10 2.93353909e-01 5.65695947e-01
4.50000000e+10 2.93388158e-01 5.65790013e-01
4.50100000e+10 2.93422404e-01 5.65884076e-01
4.50200000e+10 2.93456647e-01 5.65978135e-01
4.50300000e+10 2.93490886e-01 5.66072191e-01
4.50400000e+10 2.93525123e-01 5.66166244e-01
4.50500000e+10 2.93559356e-01 5.66260293e-01
4.50600000e+10 2.93593587e-01 5.66354339e-01
4.50700000e+10 2.93627814e-01 5.66448382e-01
4.50800000e+10 2.93662039e-01 5.66542421e-01
4.50900000e+10 2.93696260e-01 5.66636458e-01
4.51000000e+10 2.93730478e-01 5.66730491e-01
4.51100000e+10 2.93764693e-01 5.66824521e-01
4.51200000e+10 2.93798905e-01 5.66918547e-01
4.51300000e+10 2.93833115e-01 5.67012570e-01
4.51400000e+10 2.93867321e-01 5.67106590e-01
4.51500000e+10 2.93901524e-01 5.67200607e-01
4.51600000e+10 2.93935724e-01 5.67294620e-01
4.51700000e+10 2.93969920e-01 5.67388630e-01
4.51800000e+10 2.94004114e-01 5.67482637e-01
4.51900000e+10 2.94038305e-01 5.67576641e-01
4.52000000e+10 2.94072493e-01 5.67670641e-01
4.52100000e+10 2.94106678e-01 5.67764639e-01
4.52200000e+10 2.94140859e-01 5.67858632e-01
4.52300000e+10 2.94175038e-01 5.67952623e-01
4.52400000e+10 2.94209214e-01 5.68046610e-01
4.52500000e+10 2.94243386e-01 5.68140595e-01
4.52600000e+10 2.94277556e-01 5.68234575e-01
4.52700000e+10 2.94311722e-01 5.68328553e-01
4.52800000e+10 2.94345886e-01 5.68422527e-01
4.52900000e+10 2.94380046e-01 5.68516499e-01
4.53000000e+10 2.94414204e-01 5.68610466e-01
4.53100000e+10 2.94448358e-01 5.68704431e-01
4.53200000e+10 2.94482509e-01 5.68798393e-01
4.53300000e+10 2.94516658e-01 5.68892351e-01
4.53400000e+10 2.94550803e-01 5.68986306e-01
4.53500000e+10 2.94584945e-01 5.69080257e-01
4.53600000e+10 2.94619084e-01 5.69174206e-01
4.53700000e+10 2.94653221e-01 5.69268151e-01
4.53800000e+10 2.94687354e-01 5.69362093e-01
4.53900000e+10 2.94721484e-01 5.69456032e-01
4.54000000e+10 2.94755611e-01 5.69549967e-01
4.54100000e+10 2.94789735e-01 5.69643899e-01
4.54200000e+10 2.94823857e-01 5.69737828e-01
4.54300000e+10 2.94857975e-01 5.69831754e-01
4.54400000e+10 2.94892090e-01 5.69925677e-01
4.54500000e+10 2.94926202e-01 5.70019596e-01
4.54600000e+10 2.94960311e-01 5.70113512e-01
4.54700000e+10 2.94994417e-01 5.70207425e-01
4.54800000e+10 2.95028520e-01 5.70301335e-01
4.54900000e+10 2.95062620e-01 5.70395241e-01
4.55000000e+10 2.95096717e-01 5.70489145e-01
4.55100000e+10 2.95130811e-01 5.70583045e-01
4.55200000e+10 2.95164902e-01 5.70676941e-01
4.55300000e+10 2.95198990e-01 5.70770835e-01
4.55400000e+10 2.95233075e-01 5.70864725e-01
4.55500000e+10 2.95267157e-01 5.70958612e-01
4.55600000e+10 2.95301237e-01 5.71052496e-01
4.55700000e+10 2.95335313e-01 5.71146377e-01
4.55800000e+10 2.95369386e-01 5.71240255e-01
4.55900000e+10 2.95403456e-01 5.71334129e-01
4.56000000e+10 2.95437523e-01 5.71428000e-01
4.56100000e+10 2.95471587e-01 5.71521868e-01
4.56200000e+10 2.95505648e-01 5.71615733e-01
4.56300000e+10 2.95539706e-01 5.71709594e-01
4.56400000e+10 2.95573761e-01 5.71803452e-01
4.56500000e+10 2.95607813e-01 5.71897307e-01
4.56600000e+10 2.95641862e-01 5.71991159e-01
4.56700000e+10 2.95675908e-01 5.72085008e-01
4.56800000e+10 2.95709951e-01 5.72178853e-01
4.56900000e+10 2.95743992e-01 5.72272696e-01
4.57000000e+10 2.95778029e-01 5.72366535e-01
4.57100000e+10 2.95812063e-01 5.72460371e-01
4.57200000e+10 2.95846094e-01 5.72554203e-01
4.57300000e+10 2.95880122e-01 5.72648033e-01
4.57400000e+10 2.95914148e-01 5.72741859e-01
4.57500000e+10 2.95948170e-01 5.72835682e-01
4.57600000e+10 2.95982189e-01 5.72929502e-01
4.57700000e+10 2.96016205e-01 5.73023319e-01
4.57800000e+10 2.96050219e-01 5.73117133e-01
4.57900000e+10 2.96084229e-01 5.73210943e-01
4.58000000e+10 2.96118237e-01 5.73304750e-01
4.58100000e+10 2.96152241e-01 5.73398554e-01
4.58200000e+10 2.96186242e-01 5.73492355e-01
4.58300000e+10 2.96220241e-01 5.73586153e-01
4.58400000e+10 2.96254236e-01 5.73679947e-01
4.58500000e+10 2.96288229e-01 5.73773738e-01
4.58600000e+10 2.96322219e-01 5.73867526e-01
4.58700000e+10 2.96356205e-01 5.73961311e-01
4.58800000e+10 2.96390189e-01 5.74055093e-01
4.58900000e+10 2.96424170e-01 5.74148872e-01
4.59000000e+10 2.96458147e-01 5.74242647e-01
4.59100000e+10 2.96492122e-01 5.74336419e-01
4.59200000e+10 2.96526094e-01 5.74430188e-01
4.59300000e+10 2.96560063e-01 5.74523954e-01
4.59400000e+10 2.96594029e-01 5.74617717e-01
4.59500000e+10 2.96627992e-01 5.74711476e-01
4.59600000e+10 2.96661952e-01 5.74805233e-01
4.59700000e+10 2.96695909e-01 5.74898986e-01
4.59800000e+10 2.96729863e-01 5.74992736e-01
4.59900000e+10 2.96763814e-01 5.75086483e-01
4.60000000e+10 2.96797762e-01 5.75180227e-01
4.60100000e+10 2.96831708e-01 5.75273967e-01
4.60200000e+10 2.96865650e-01 5.75367705e-01
4.60300000e+10 2.96899589e-01 5.75461439e-01
4.60400000e+10 2.96933526e-01 5.75555170e-01
4.60500000e+10 2.96967459e-01 5.75648898e-01
4.60600000e+10 2.97001390e-01 5.75742623e-01
4.60700000e+10 2.97035317e-01 5.75836345e-01
4.60800000e+10 2.97069242e-01 5.75930063e-01
4.60900000e+10 2.97103164e-01 5.76023778e-01
4.61000000e+10 2.97137082e-01 5.76117491e-01
4.61100000e+10 2.97170998e-01 5.76211200e-01
4.61200000e+10 2.97204911e-01 5.76304906e-01
4.61300000e+10 2.97238821e-01 5.76398608e-01
4.61400000e+10 2.97272728e-01 5.76492308e-01
4.61500000e+10 2.97306632e-01 5.76586004e-01
4.61600000e+10 2.97340533e-01 5.76679698e-01
4.61700000e+10 2.97374432e-01 5.76773388e-01
4.61800000e+10 2.97408327e-01 5.76867075e-01
4.61900000e+10 2.97442219e-01 5.76960759e-01
4.62000000e+10 2.97476109e-01 5.77054440e-01
4.62100000e+10 2.97509995e-01 5.77148117e-01
4.62200000e+10 2.97543879e-01 5.77241792e-01
4.62300000e+10 2.97577760e-01 5.77335463e-01
4.62400000e+10 2.97611637e-01 5.77429132e-01
4.62500000e+10 2.97645512e-01 5.77522797e-01
4.62600000e+10 2.97679384e-01 5.77616459e-01
4.62700000e+10 2.97713253e-01 5.77710118e-01
4.62800000e+10 2.97747119e-01 5.77803773e-01
4.62900000e+10 2.97780983e-01 5.77897426e-01
4.63000000e+10 2.97814843e-01 5.77991075e-01
4.63100000e+10 2.97848700e-01 5.78084722e-01
4.63200000e+10 2.97882555e-01 5.78178365e-01
4.63300000e+10 2.97916406e-01 5.78272005e-01
4.63400000e+10 2.97950255e-01 5.78365642e-01
4.63500000e+10 2.97984101e-01 5.78459276e-01
4.63600000e+10 2.98017943e-01 5.78552907e-01
4.63700000e+10 2.98051783e-01 5.78646534e-01
4.63800000e+10 2.98085620e-01 5.78740159e-01
4.63900000e+10 2.98119454e-01 5.78833780e-01
4.64000000e+10 2.98153285e-01 5.78927399e-01
4.64100000e+10 2.98187114e-01 5.79021014e-01
4.64200000e+10 2.98220939e-01 5.79114626e-01
4.64300000e+10 2.98254762e-01 5.79208235e-01
4.64400000e+10 2.98288581e-01 5.79301841e-01
4.64500000e+10 2.98322398e-01 5.79395443e-01
4.64600000e+10 2.98356212e-01 5.79489043e-01
4.64700000e+10 2.98390023e-01 5.79582639e-01
4.64800000e+10 2.98423831e-01 5.79676233e-01
4.64900000e+10 2.98457636e-01 5.79769823e-01
4.65000000e+10 2.98491438e-01 5.79863410e-01
4.65100000e+10 2.98525237e-01 5.79956995e-01
4.65200000e+10 2.98559034e-01 5.80050576e-01
4.65300000e+10 2.98592827e-01 5.80144154e-01
4.65400000e+10 2.98626618e-01 5.80237728e-01
4.65500000e+10 2.98660406e-01 5.80331300e-01
4.65600000e+10 2.98694190e-01 5.80424869e-01
4.65700000e+10 2.98727972e-01 5.80518434e-01
4.65800000e+10 2.98761752e-01 5.80611997e-01
4.65900000e+10 2.98795528e-01 5.80705556e-01
4.66000000e+10 2.98829301e-01 5.80799112e-01
4.66100000e+10 2.98863072e-01 5.80892666e-01
4.66200000e+10 2.98896839e-01 5.80986216e-01
4.66300000e+10 2.98930604e-01 5.81079763e-01
4.66400000e+10 2.98964366e-01 5.81173307e-01
4.66500000e+10 2.98998125e-01 5.81266847e-01
4.66600000e+10 2.99031881e-01 5.81360385e-01
4.66700000e+10 2.99065634e-01 5.81453920e-01
4.66800000e+10 2.99099384e-01 5.81547451e-01
4.66900000e+10 2.99133132e-01 5.81640980e-01
4.67000000e+10 2.99166876e-01 5.81734505e-01
4.67100000e+10 2.99200618e-01 5.81828028e-01
4.67200000e+10 2.99234357e-01 5.81921547e-01
4.67300000e+10 2.99268093e-01 5.82015063e-01
4.67400000e+10 2.99301826e-01 5.82108576e-01
4.67500000e+10 2.99335556e-01 5.82202086e-01
4.67600000e+10 2.99369284e-01 5.82295593e-01
4.67700000e+10 2.99403008e-01 5.82389097e-01
4.67800000e+10 2.99436730e-01 5.82482598e-01
4.67900000e+10 2.99470449e-01 5.82576096e-01
4.68000000e+10 2.99504165e-01 5.82669591e-01
4.68100000e+10 2.99537878e-01 5.82763082e-01
4.68200000e+10 2.99571588e-01 5.82856571e-01
4.68300000e+10 2.99605295e-01 5.82950056e-01
4.68400000e+10 2.99639000e-01 5.83043539e-01
4.68500000e+10 2.99672702e-01 5.83137018e-01
4.68600000e+10 2.99706400e-01 5.83230494e-01
4.68700000e+10 2.99740096e-01 5.83323968e-01
4.68800000e+10 2.99773789e-01 5.83417438e-01
4.68900000e+10 2.99807480e-01 5.83510905e-01
4.69000000e+10 2.99841167e-01 5.83604369e-01
4.69100000e+10 2.99874852e-01 5.83697830e-01
4.69200000e+10 2.99908533e-01 5.83791288e-01
4.69300000e+10 2.99942212e-01 5.83884743e-01
4.69400000e+10 2.99975888e-01 5.83978195e-01
4.69500000e+10 3.00009562e-01 5.84071644e-01
4.69600000e+10 3.00043232e-01 5.84165090e-01
4.69700000e+10 3.00076899e-01 5.84258532e-01
4.69800000e+10 3.00110564e-01 5.84351972e-01
4.69900000e+10 3.00144226e-01 5.84445409e-01
4.70000000e+10 3.00177885e-01 5.84538842e-01
4.70100000e+10 3.00211541e-01 5.84632273e-01
4.70200000e+10 3.00245194e-01 5.84725700e-01
4.70300000e+10 3.00278845e-01 5.84819125e-01
4.70400000e+10 3.00312493e-01 5.84912546e-01
4.70500000e+10 3.00346137e-01 5.85005965e-01
4.70600000e+10 3.00379779e-01 5.85099380e-01
4.70700000e+10 3.00413418e-01 5.85192792e-01
4.70800000e+10 3.00447055e-01 5.85286202e-01
4.70900000e+10 3.00480688e-01 5.85379608e-01
4.71000000e+10 3.00514319e-01 5.85473011e-01
4.71100000e+10 3.00547947e-01 5.85566411e-01
4.71200000e+10 3.00581572e-01 5.85659809e-01
4.71300000e+10 3.00615194e-01 5.85753203e-01
4.71400000e+10 3.00648813e-01 5.85846594e-01
4.71500000e+10 3.00682430e-01 5.85939982e-01
4.71600000e+10 3.00716044e-01 5.86033367e-01
4.71700000e+10 3.00749655e-01 5.86126749e-01
4.71800000e+10 3.00783263e-01 5.86220128e-01
4.71900000e+10 3.00816868e-01 5.86313504e-01
4.72000000e+10 3.00850471e-01 5.86406877e-01
4.72100000e+10 3.00884070e-01 5.86500247e-01
4.72200000e+10 3.00917667e-01 5.86593614e-01
4.72300000e+10 3.00951261e-01 5.86686978e-01
4.72400000e+10 3.00984852e-01 5.86780338e-01
4.72500000e+10 3.01018441e-01 5.86873696e-01
4.72600000e+10 3.01052026e-01 5.86967051e-01
4.72700000e+10 3.01085609e-01 5.87060403e-01
4.72800000e+10 3.01119189e-01 5.87153752e-01
4.72900000e+10 3.01152766e-01 5.87247098e-01
4.73000000e+10 3.01186341e-01 5.87340440e-01
4.73100000e+10 3.01219912e-01 5.87433780e-01
4.73200000e+10 3.01253481e-01 5.87527117e-01
4.73300000e+10 3.01287047e-01 5.87620451e-01
4.73400000e+10 3.01320610e-01 5.87713781e-01
4.73500000e+10 3.01354170e-01 5.87807109e-01
4.73600000e+10 3.01387728e-01 5.87900434e-01
4.73700000e+10 3.01421283e-01 5.87993756e-01
4.73800000e+10 3.01454835e-01 5.88087074e-01
4.73900000e+10 3.01488384e-01 5.88180390e-01
4.74000000e+10 3.01521930e-01 5.88273703e-01
4.74100000e+10 3.01555474e-01 5.88367013e-01
4.74200000e+10 3.01589015e-01 5.88460319e-01
4.74300000e+10 3.01622553e-01 5.88553623e-01
4.74400000e+10 3.01656088e-01 5.88646924e-01
4.74500000e+10 3.01689620e-01 5.88740222e-01
4.74600000e+10 3.01723150e-01 5.88833516e-01
4.74700000e+10 3.01756677e-01 5.88926808e-01
4.74800000e+10 3.01790201e-01 5.89020097e-01
4.74900000e+10 3.01823722e-01 5.89113383e-01
4.75000000e+10 3.01857241e-01 5.89206666e-01
4.75100000e+10 3.01890756e-01 5.89299945e-01
4.75200000e+10 3.01924269e-01 5.89393222e-01
4.75300000e+10 3.01957779e-01 5.89486496e-01
4.75400000e+10 3.01991287e-01 5.89579767e-01
4.75500000e+10 3.02024791e-01 5.89673035e-01
4.75600000e+10 3.02058293e-01 5.89766300e-01
4.75700000e+10 3.02091792e-01 5.89859562e-01
4.75800000e+10 3.02125288e-01 5.89952820e-01
4.75900000e+10 3.02158782e-01 5.90046076e-01
4.76000000e+10 3.02192273e-01 5.90139329e-01
4.76100000e+10 3.02225761e-01 5.90232579e-01
4.76200000e+10 3.02259246e-01 5.90325826e-01
4.76300000e+10 3.02292728e-01 5.90419071e-01
4.76400000e+10 3.02326208e-01 5.90512312e-01
4.76500000e+10 3.02359685e-01 5.90605550e-01
4.76600000e+10 3.02393159e-01 5.90698785e-01
4.76700000e+10 3.02426630e-01 5.90792017e-01
4.76800000e+10 3.02460099e-01 5.90885246e-01
4.76900000e+10 3.02493564e-01 5.90978472e-01
4.77000000e+10 3.02527027e-01 5.91071696e-01
4.77100000e+10 3.02560488e-01 5.91164916e-01
4.77200000e+10 3.02593945e-01 5.91258133e-01
4.77300000e+10 3.02627400e-01 5.91351348e-01
4.77400000e+10 3.02660852e-01 5.91444559e-01
4.77500000e+10 3.02694301e-01 5.91537768e-01
4.77600000e+10 3.02727748e-01 5.91630973e-01
4.77700000e+10 3.02761191e-01 5.91724176e-01
4.77800000e+10 3.02794632e-01 5.91817375e-01
4.77900000e+10 3.02828071e-01 5.91910572e-01
4.78000000e+10 3.02861506e-01 5.92003765e-01
4.78100000e+10 3.02894939e-01 5.92096956e-01
4.78200000e+10 3.02928369e-01 5.92190144e-01
4.78300000e+10 3.02961796e-01 5.92283329e-01
4.78400000e+10 3.02995220e-01 5.92376510e-01
4.78500000e+10 3.03028642e-01 5.92469689e-01
4.78600000e+10 3.03062061e-01 5.92562865e-01
4.78700000e+10 3.03095477e-01 5.92656038e-01
4.78800000e+10 3.03128891e-01 5.92749208e-01
4.78900000e+10 3.03162302e-01 5.92842375e-01
4.79000000e+10 3.03195710e-01 5.92935540e-01
4.79100000e+10 3.03229115e-01 5.93028701e-01
4.79200000e+10 3.03262517e-01 5.93121859e-01
4.79300000e+10 3.03295917e-01 5.93215014e-01
4.79400000e+10 3.03329314e-01 5.93308167e-01
4.79500000e+10 3.03362708e-01 5.93401316e-01
4.79600000e+10 3.03396100e-01 5.93494463e-01
4.79700000e+10 3.03429489e-01 5.93587606e-01
4.79800000e+10 3.03462875e-01 5.93680747e-01
4.79900000e+10 3.03496258e-01 5.93773885e-01
4.80000000e+10 3.03529639e-01 5.93867019e-01
4.80100000e+10 3.03563017e-01 5.93960151e-01
4.80200000e+10 3.03596392e-01 5.94053280e-01
4.80300000e+10 3.03629764e-01 5.94146406e-01
4.80400000e+10 3.03663134e-01 5.94239529e-01
4.80500000e+10 3.03696501e-01 5.94332649e-01
4.80600000e+10 3.03729865e-01 5.94425766e-01
4.80700000e+10 3.03763227e-01 5.94518881e-01
4.80800000e+10 3.03796586e-01 5.94611992e-01
4.80900000e+10 3.03829942e-01 5.94705100e-01
4.81000000e+10 3.03863295e-01 5.94798206e-01
4.81100000e+10 3.03896646e-01 5.94891308e-01
4.81200000e+10 3.03929994e-01 5.94984408e-01
4.81300000e+10 3.03963339e-01 5.95077505e-01
4.81400000e+10 3.03996681e-01 5.95170599e-01
4.81500000e+10 3.04030021e-01 5.95263689e-01
4.81600000e+10 3.04063358e-01 5.95356777e-01
4.81700000e+10 3.04096693e-01 5.95449862e-01
4.81800000e+10 3.04130024e-01 5.95542945e-01
4.81900000e+10 3.04163353e-01 5.95636024e-01
4.82000000e+10 3.04196679e-01 5.95729100e-01
4.82100000e+10 3.04230003e-01 5.95822174e-01
4.82200000e+10 3.04263324e-01 5.95915244e-01
4.82300000e+10 3.04296642e-01 5.96008312e-01
4.82400000e+10 3.04329957e-01 5.96101376e-01
4.82500000e+10 3.04363270e-01 5.96194438e-01
4.82600000e+10 3.04396580e-01 5.96287497e-01
4.82700000e+10 3.04429887e-01 5.96380553e-01
4.82800000e+10 3.04463192e-01 5.96473606e-01
4.82900000e+10 3.04496493e-01 5.96566656e-01
4.83000000e+10 3.04529793e-01 5.96659703e-01
4.83100000e+10 3.04563089e-01 5.96752748e-01
4.83200000e+10 3.04596383e-01 5.96845789e-01
4.83300000e+10 3.04629674e-01 5.96938828e-01
4.83400000e+10 3.04662962e-01 5.97031863e-01
4.83500000e+10 3.04696248e-01 5.97124896e-01
4.83600000e+10 3.04729531e-01 5.97217926e-01
4.83700000e+10 3.04762811e-01 5.97310953e-01
4.83800000e+10 3.04796089e-01 5.97403977e-01
4.83900000e+10 3.04829363e-01 5.97496998e-01
4.84000000e+10 3.04862636e-01 5.97590016e-01
4.84100000e+10 3.04895905e-01 5.97683032e-01
4.84200000e+10 3.04929172e-01 5.97776044e-01
4.84300000e+10 3.04962436e-01 5.97869054e-01
4.84400000e+10 3.04995698e-01 5.97962060e-01
4.84500000e+10 3.05028956e-01 5.98055064e-01
4.84600000e+10 3.05062212e-01 5.98148065e-01
4.84700000e+10 3.05095466e-01 5.98241063e-01
4.84800000e+10 3.05128716e-01 5.98334058e-01
4.84900000e+10 3.05161965e-01 5.98427051e-01
4.85000000e+10 3.05195210e-01 5.98520040e-01
4.85100000e+10 3.05228453e-01 5.98613027e-01
4.85200000e+10 3.05261692e-01 5.98706010e-01
4.85300000e+10 3.05294930e-01 5.98798991e-01
4.85400000e+10 3.05328164e-01 5.98891969e-01
4.85500000e+10 3.05361396e-01 5.98984944e-01
4.85600000e+10 3.05394626e-01 5.99077916e-01
4.85700000e+10 3.05427852e-01 5.99170885e-01
4.85800000e+10 3.05461076e-01 5.99263852e-01
4.85900000e+10 3.05494297e-01 5.99356815e-01
4.86000000e+10 3.05527516e-01 5.99449776e-01
4.86100000e+10 3.05560732e-01 5.99542734e-01
4.86200000e+10 3.05593945e-01 5.99635689e-01
4.86300000e+10 3.05627156e-01 5.99728641e-01
4.86400000e+10 3.05660364e-01 5.99821590e-01
4.86500000e+10 3.05693569e-01 5.99914536e-01
4.86600000e+10 3.05726771e-01 6.00007480e-01
4.86700000e+10 3.05759971e-01 6.00100420e-01
4.86800000e+10 3.05793169e-01 6.00193358e-01
4.86900000e+10 3.05826363e-01 6.00286293e-01
4.87000000e+10 3.05859555e-01 6.00379225e-01
4.87100000e+10 3.05892744e-01 6.00472154e-01
4.87200000e+10 3.05925931e-01 6.00565080e-01
4.87300000e+10 3.05959115e-01 6.00658004e-01
4.87400000e+10 3.05992296e-01 6.00750924e-01
4.87500000e+10 3.06025475e-01 6.00843842e-01
4.87600000e+10 3.06058651e-01 6.00936757e-01
4.87700000e+10 3.06091824e-01 6.01029669e-01
4.87800000e+10 3.06124995e-01 6.01122578e-01
4.87900000e+10 3.06158163e-01 6.01215484e-01
4.88000000e+10 3.06191328e-01 6.01308388e-01
4.88100000e+10 3.06224491e-01 6.01401288e-01
4.88200000e+10 3.06257651e-01 6.01494186e-01
4.88300000e+10 3.06290809e-01 6.01587081e-01
4.88400000e+10 3.06323963e-01 6.01679973e-01
4.88500000e+10 3.06357115e-01 6.01772862e-01
4.88600000e+10 3.06390265e-01 6.01865749e-01
4.88700000e+10 3.06423412e-01 6.01958632e-01
4.88800000e+10 3.06456556e-01 6.02051513e-01
4.88900000e+10 3.06489698e-01 6.02144391e-01
4.89000000e+10 3.06522837e-01 6.02237266e-01
4.89100000e+10 3.06555973e-01 6.02330138e-01
4.89200000e+10 3.06589106e-01 6.02423007e-01
4.89300000e+10 3.06622237e-01 6.02515874e-01
4.89400000e+10 3.06655366e-01 6.02608738e-01
4.89500000e+10 3.06688492e-01 6.02701599e-01
4.89600000e+10 3.06721615e-01 6.02794457e-01
4.89700000e+10 3.06754735e-01 6.02887312e-01
4.89800000e+10 3.06787853e-01 6.02980164e-01
4.89900000e+10 3.06820968e-01 6.03073014e-01
4.90000000e+10 3.06854081e-01 6.03165860e-01
4.90100000e+10 3.06887191e-01 6.03258704e-01
4.90200000e+10 3.06920298e-01 6.03351545e-01
4.90300000e+10 3.06953403e-01 6.03444383e-01
4.90400000e+10 3.06986505e-01 6.03537219e-01
4.90500000e+10 3.07019604e-01 6.03630051e-01
4.90600000e+10 3.07052701e-01 6.03722881e-01
4.90700000e+10 3.07085795e-01 6.03815708e-01
4.90800000e+10 3.07118887e-01 6.03908532e-01
4.90900000e+10 3.07151975e-01 6.04001353e-01
4.91000000e+10 3.07185062e-01 6.04094172e-01
4.91100000e+10 3.07218145e-01 6.04186987e-01
4.91200000e+10 3.07251226e-01 6.04279800e-01
4.91300000e+10 3.07284305e-01 6.04372610e-01
4.91400000e+10 3.07317381e-01 6.04465417e-01
4.91500000e+10 3.07350454e-01 6.04558222e-01
4.91600000e+10 3.07383525e-01 6.04651023e-01
4.91700000e+10 3.07416593e-01 6.04743822e-01
4.91800000e+10 3.07449658e-01 6.04836618e-01
4.91900000e+10 3.07482721e-01 6.04929411e-01
4.92000000e+10 3.07515781e-01 6.05022201e-01
4.92100000e+10 3.07548838e-01 6.05114989e-01
4.92200000e+10 3.07581893e-01 6.05207773e-01
4.92300000e+10 3.07614946e-01 6.05300555e-01
4.92400000e+10 3.07647995e-01 6.05393334e-01
4.92500000e+10 3.07681042e-01 6.05486111e-01
4.92600000e+10 3.07714087e-01 6.05578884e-01
4.92700000e+10 3.07747129e-01 6.05671655e-01
4.92800000e+10 3.07780168e-01 6.05764423e-01
4.92900000e+10 3.07813205e-01 6.05857188e-01
4.93000000e+10 3.07846239e-01 6.05949950e-01
4.93100000e+10 3.07879270e-01 6.06042710e-01
4.93200000e+10 3.07912299e-01 6.06135466e-01
4.93300000e+10 3.07945325e-01 6.06228220e-01
4.93400000e+10 3.07978349e-01 6.06320971e-01
4.93500000e+10 3.08011370e-01 6.06413720e-01
4.93600000e+10 3.08044389e-01 6.06506465e-01
4.93700000e+10 3.08077404e-01 6.06599208e-01
4.93800000e+10 3.08110418e-01 6.06691948e-01
4.93900000e+10 3.08143428e-01 6.06784685e-01
4.94000000e+10 3.08176437e-01 6.06877419e-01
4.94100000e+10 3.08209442e-01 6.06970151e-01
4.94200000e+10 3.08242445e-01 6.07062879e-01
4.94300000e+10 3.08275445e-01 6.07155605e-01
4.94400000e+10 3.08308443e-01 6.07248329e-01
4.94500000e+10 3.08341438e-01 6.07341049e-01
4.94600000e+10 3.08374431e-01 6.07433767e-01
4.94700000e+10 3.08407421e-01 6.07526482e-01
4.94800000e+10 3.08440408e-01 6.07619194e-01
4.94900000e+10 3.08473393e-01 6.07711903e-01
4.95000000e+10 3.08506375e-01 6.07804609e-01
4.95100000e+10 3.08539355e-01 6.07897313e-01
4.95200000e+10 3.08572332e-01 6.07990014e-01
4.95300000e+10 3.08605306e-01 6.08082712e-01
4.95400000e+10 3.08638278e-01 6.08175408e-01
4.95500000e+10 3.08671248e-01 6.08268100e-01
4.95600000e+10 3.08704214e-01 6.08360790e-01
4.95700000e+10 3.08737179e-01 6.08453477e-01
4.95800000e+10 3.08770140e-01 6.08546162e-01
4.95900000e+10 3.08803099e-01 6.08638843e-01
4.96000000e+10 3.08836056e-01 6.08731522e-01
4.96100000e+10 3.08869009e-01 6.08824198e-01
4.96200000e+10 3.08901961e-01 6.08916871e-01
4.96300000e+10 3.08934910e-01 6.09009542e-01
4.96400000e+10 3.08967856e-01 6.09102209e-01
4.96500000e+10 3.09000799e-01 6.09194874e-01
4.96600000e+10 3.09033740e-01 6.09287537e-01
4.96700000e+10 3.09066679e-01 6.09380196e-01
4.96800000e+10 3.09099615e-01 6.09472853e-01
4.96900000e+10 3.09132548e-01 6.09565507e-01
4.97000000e+10 3.09165479e-01 6.09658158e-01
4.97100000e+10 3.09198407e-01 6.09750806e-01
4.97200000e+10 3.09231333e-01 6.09843452e-01
4.97300000e+10 3.09264256e-01 6.09936095e-01
4.97400000e+10 3.09297176e-01 6.10028735e-01
4.97500000e+10 3.09330094e-01 6.10121372e-01
4.97600000e+10 3.09363010e-01 6.10214007e-01
4.97700000e+10 3.09395922e-01 6.10306639e-01
4.97800000e+10 3.09428833e-01 6.10399268e-01
4.97900000e+10 3.09461740e-01 6.10491894e-01
4.98000000e+10 3.09494646e-01 6.10584518e-01
4.98100000e+10 3.09527548e-01 6.10677139e-01
4.98200000e+10 3.09560448e-01 6.10769757e-01
4.98300000e+10 3.09593346e-01 6.10862372e-01
4.98400000e+10 3.09626241e-01 6.10954985e-01
4.98500000e+10 3.09659133e-01 6.11047595e-01
4.98600000e+10 3.09692023e-01 6.11140202e-01
4.98700000e+10 3.09724910e-01 6.11232806e-01
4.98800000e+10 3.09757795e-01 6.11325408e-01
4.98900000e+10 3.09790677e-01 6.11418007e-01
4.99000000e+10 3.09823557e-01 6.11510603e-01
4.99100000e+10 3.09856434e-01 6.11603196e-01
4.99200000e+10 3.09889309e-01 6.11695787e-01
4.99300000e+10 3.09922181e-01 6.11788375e-01
4.99400000e+10 3.09955050e-01 6.11880960e-01
4.99500000e+10 3.09987917e-01 6.11973543e-01
4.99600000e+10 3.10020782e-01 6.12066122e-01
4.99700000e+10 3.10053644e-01 6.12158699e-01
4.99800000e+10 3.10086503e-01 6.12251274e-01
4.99900000e+10 3.10119360e-01 6.12343845e-01
5.00000000e+10 3.10152214e-01 6.12436414e-01
