Frequency [Hz]	Re(Zydip) [Ohm/m]	Im(Zydip) [Ohm/m]
0.00000000e+00 0.00000000e+00 0.00000000e+00
1.00000000e+07 4.54893951e+01 4.61910675e+01
2.00000000e+07 3.21755795e+01 3.28538672e+01
3.00000000e+07 2.62747936e+01 2.69452550e+01
4.00000000e+07 2.27564847e+01 2.34230146e+01
5.00000000e+07 2.03551574e+01 2.10193158e+01
6.00000000e+07 1.85824078e+01 1.92449759e+01
7.00000000e+07 1.72045323e+01 1.78659572e+01
8.00000000e+07 1.60937988e+01 1.67543603e+01
9.00000000e+07 1.51737216e+01 1.58336067e+01
1.00000000e+08 1.43953354e+01 1.50546751e+01
1.10000000e+08 1.37256463e+01 1.43845363e+01
1.20000000e+08 1.31415033e+01 1.38000152e+01
1.30000000e+08 1.26261181e+01 1.32843074e+01
1.40000000e+08 1.21669805e+01 1.28248907e+01
1.50000000e+08 1.17545512e+01 1.24122173e+01
1.60000000e+08 1.13814123e+01 1.20388627e+01
1.70000000e+08 1.10416971e+01 1.16989554e+01
1.80000000e+08 1.07306962e+01 1.13877820e+01
1.90000000e+08 1.04445799e+01 1.11015097e+01
2.00000000e+08 1.01801972e+01 1.08369851e+01
2.10000000e+08 9.93492894e+00 1.05915872e+01
2.20000000e+08 9.70657766e+00 1.03631168e+01
2.30000000e+08 9.49328398e+00 1.01497131e+01
2.40000000e+08 9.29346260e+00 9.94978978e+00
2.50000000e+08 9.10575248e+00 9.76198482e+00
2.60000000e+08 8.92897763e+00 9.58512142e+00
2.70000000e+08 8.76211593e+00 9.41817680e+00
2.80000000e+08 8.60427421e+00 9.26025719e+00
2.90000000e+08 8.45466806e+00 9.11057768e+00
3.00000000e+08 8.31260537e+00 8.96844570e+00
3.10000000e+08 8.17747278e+00 8.83324754e+00
3.20000000e+08 8.04872460e+00 8.70443715e+00
3.30000000e+08 7.92587344e+00 8.58152685e+00
3.40000000e+08 7.80848246e+00 8.46407954e+00
3.50000000e+08 7.69615882e+00 8.35170216e+00
3.60000000e+08 7.58854815e+00 8.24404012e+00
3.70000000e+08 7.48532984e+00 8.14077261e+00
3.80000000e+08 7.38621299e+00 8.04160859e+00
3.90000000e+08 7.29093298e+00 7.94628329e+00
4.00000000e+08 7.19924851e+00 7.85455525e+00
4.10000000e+08 7.11093897e+00 7.76620377e+00
4.20000000e+08 7.02580228e+00 7.68102665e+00
4.30000000e+08 6.94365289e+00 7.59883823e+00
4.40000000e+08 6.86432009e+00 7.51946772e+00
4.50000000e+08 6.78764653e+00 7.44275768e+00
4.60000000e+08 6.71348691e+00 7.36856273e+00
4.70000000e+08 6.64170677e+00 7.29674836e+00
4.80000000e+08 6.57218155e+00 7.22718993e+00
4.90000000e+08 6.50479561e+00 7.15977174e+00
5.00000000e+08 6.43944144e+00 7.09438623e+00
5.10000000e+08 6.37601896e+00 7.03093327e+00
5.20000000e+08 6.31443485e+00 6.96931950e+00
5.30000000e+08 6.25460199e+00 6.90945774e+00
5.40000000e+08 6.19643892e+00 6.85126651e+00
5.50000000e+08 6.13986940e+00 6.79466952e+00
5.60000000e+08 6.08482197e+00 6.73959528e+00
5.70000000e+08 6.03122957e+00 6.68597670e+00
5.80000000e+08 5.97902923e+00 6.63375077e+00
5.90000000e+08 5.92816170e+00 6.58285822e+00
6.00000000e+08 5.87857122e+00 6.53324326e+00
6.10000000e+08 5.83020524e+00 6.48485332e+00
6.20000000e+08 5.78301418e+00 6.43763880e+00
6.30000000e+08 5.73695124e+00 6.39155286e+00
6.40000000e+08 5.69197217e+00 6.34655126e+00
6.50000000e+08 5.64803512e+00 6.30259211e+00
6.60000000e+08 5.60510049e+00 6.25963579e+00
6.70000000e+08 5.56313071e+00 6.21764473e+00
6.80000000e+08 5.52209020e+00 6.17658331e+00
6.90000000e+08 5.48194516e+00 6.13641774e+00
7.00000000e+08 5.44266350e+00 6.09711589e+00
7.10000000e+08 5.40421470e+00 6.05864725e+00
7.20000000e+08 5.36656976e+00 6.02098279e+00
7.30000000e+08 5.32970103e+00 5.98409486e+00
7.40000000e+08 5.29358223e+00 5.94795716e+00
7.50000000e+08 5.25818825e+00 5.91254458e+00
7.60000000e+08 5.22349519e+00 5.87783320e+00
7.70000000e+08 5.18948021e+00 5.84380017e+00
7.80000000e+08 5.15612151e+00 5.81042369e+00
7.90000000e+08 5.12339825e+00 5.77768290e+00
8.00000000e+08 5.09129052e+00 5.74555788e+00
8.10000000e+08 5.05977925e+00 5.71402958e+00
8.20000000e+08 5.02884622e+00 5.68307973e+00
8.30000000e+08 4.99847394e+00 5.65269086e+00
8.40000000e+08 4.96864569e+00 5.62284623e+00
8.50000000e+08 4.93934541e+00 5.59352979e+00
8.60000000e+08 4.91055771e+00 5.56472613e+00
8.70000000e+08 4.88226783e+00 5.53642047e+00
8.80000000e+08 4.85446157e+00 5.50859864e+00
8.90000000e+08 4.82712531e+00 5.48124699e+00
9.00000000e+08 4.80024597e+00 5.45435244e+00
9.10000000e+08 4.77381095e+00 5.42790239e+00
9.20000000e+08 4.74780815e+00 5.40188472e+00
9.30000000e+08 4.72222592e+00 5.37628779e+00
9.40000000e+08 4.69705305e+00 5.35110038e+00
9.50000000e+08 4.67227873e+00 5.32631167e+00
9.60000000e+08 4.64789255e+00 5.30191127e+00
9.70000000e+08 4.62388450e+00 5.27788913e+00
9.80000000e+08 4.60024489e+00 5.25423558e+00
9.90000000e+08 4.57696440e+00 5.23094129e+00
1.00000000e+09 4.55403403e+00 5.20799726e+00
1.01000000e+09 4.53144510e+00 5.18539480e+00
1.02000000e+09 4.50918921e+00 5.16312551e+00
1.03000000e+09 4.48725825e+00 5.14118128e+00
1.04000000e+09 4.46564441e+00 5.11955429e+00
1.05000000e+09 4.44434011e+00 5.09823696e+00
1.06000000e+09 4.42333804e+00 5.07722198e+00
1.07000000e+09 4.40263111e+00 5.05650225e+00
1.08000000e+09 4.38221248e+00 5.03607094e+00
1.09000000e+09 4.36207553e+00 5.01592141e+00
1.10000000e+09 4.34221382e+00 4.99604724e+00
1.11000000e+09 4.32262117e+00 4.97644222e+00
1.12000000e+09 4.30329153e+00 4.95710033e+00
1.13000000e+09 4.28421909e+00 4.93801572e+00
1.14000000e+09 4.26539818e+00 4.91918276e+00
1.15000000e+09 4.24682333e+00 4.90059594e+00
1.16000000e+09 4.22848923e+00 4.88224997e+00
1.17000000e+09 4.21039072e+00 4.86413968e+00
1.18000000e+09 4.19252280e+00 4.84626006e+00
1.19000000e+09 4.17488061e+00 4.82860627e+00
1.20000000e+09 4.15745944e+00 4.81117358e+00
1.21000000e+09 4.14025471e+00 4.79395743e+00
1.22000000e+09 4.12326199e+00 4.77695335e+00
1.23000000e+09 4.10647694e+00 4.76015704e+00
1.24000000e+09 4.08989539e+00 4.74356430e+00
1.25000000e+09 4.07351324e+00 4.72717104e+00
1.26000000e+09 4.05732654e+00 4.71097331e+00
1.27000000e+09 4.04133143e+00 4.69496724e+00
1.28000000e+09 4.02552416e+00 4.67914908e+00
1.29000000e+09 4.00990109e+00 4.66351520e+00
1.30000000e+09 3.99445866e+00 4.64806202e+00
1.31000000e+09 3.97919342e+00 4.63278611e+00
1.32000000e+09 3.96410200e+00 4.61768409e+00
1.33000000e+09 3.94918115e+00 4.60275269e+00
1.34000000e+09 3.93442766e+00 4.58798873e+00
1.35000000e+09 3.91983843e+00 4.57338910e+00
1.36000000e+09 3.90541044e+00 4.55895076e+00
1.37000000e+09 3.89114073e+00 4.54467077e+00
1.38000000e+09 3.87702645e+00 4.53054627e+00
1.39000000e+09 3.86306478e+00 4.51657444e+00
1.40000000e+09 3.84925299e+00 4.50275255e+00
1.41000000e+09 3.83558843e+00 4.48907795e+00
1.42000000e+09 3.82206850e+00 4.47554803e+00
1.43000000e+09 3.80869066e+00 4.46216026e+00
1.44000000e+09 3.79545245e+00 4.44891217e+00
1.45000000e+09 3.78235144e+00 4.43580134e+00
1.46000000e+09 3.76938530e+00 4.42282543e+00
1.47000000e+09 3.75655171e+00 4.40998213e+00
1.48000000e+09 3.74384845e+00 4.39726920e+00
1.49000000e+09 3.73127331e+00 4.38468445e+00
1.50000000e+09 3.71882416e+00 4.37222574e+00
1.51000000e+09 3.70649891e+00 4.35989098e+00
1.52000000e+09 3.69429551e+00 4.34767812e+00
1.53000000e+09 3.68221198e+00 4.33558518e+00
1.54000000e+09 3.67024637e+00 4.32361020e+00
1.55000000e+09 3.65839676e+00 4.31175127e+00
1.56000000e+09 3.64666131e+00 4.30000654e+00
1.57000000e+09 3.63503818e+00 4.28837418e+00
1.58000000e+09 3.62352560e+00 4.27685241e+00
1.59000000e+09 3.61212182e+00 4.26543949e+00
1.60000000e+09 3.60082515e+00 4.25413372e+00
1.61000000e+09 3.58963391e+00 4.24293343e+00
1.62000000e+09 3.57854648e+00 4.23183699e+00
1.63000000e+09 3.56756127e+00 4.22084280e+00
1.64000000e+09 3.55667671e+00 4.20994931e+00
1.65000000e+09 3.54589128e+00 4.19915498e+00
1.66000000e+09 3.53520347e+00 4.18845832e+00
1.67000000e+09 3.52461183e+00 4.17785787e+00
1.68000000e+09 3.51411493e+00 4.16735219e+00
1.69000000e+09 3.50371136e+00 4.15693988e+00
1.70000000e+09 3.49339974e+00 4.14661957e+00
1.71000000e+09 3.48317873e+00 4.13638990e+00
1.72000000e+09 3.47304701e+00 4.12624955e+00
1.73000000e+09 3.46300329e+00 4.11619724e+00
1.74000000e+09 3.45304631e+00 4.10623170e+00
1.75000000e+09 3.44317481e+00 4.09635169e+00
1.76000000e+09 3.43338759e+00 4.08655598e+00
1.77000000e+09 3.42368345e+00 4.07684339e+00
1.78000000e+09 3.41406123e+00 4.06721276e+00
1.79000000e+09 3.40451977e+00 4.05766292e+00
1.80000000e+09 3.39505796e+00 4.04819276e+00
1.81000000e+09 3.38567470e+00 4.03880118e+00
1.82000000e+09 3.37636890e+00 4.02948709e+00
1.83000000e+09 3.36713950e+00 4.02024944e+00
1.84000000e+09 3.35798547e+00 4.01108719e+00
1.85000000e+09 3.34890578e+00 4.00199931e+00
1.86000000e+09 3.33989943e+00 3.99298481e+00
1.87000000e+09 3.33096545e+00 3.98404270e+00
1.88000000e+09 3.32210287e+00 3.97517201e+00
1.89000000e+09 3.31331074e+00 3.96637181e+00
1.90000000e+09 3.30458813e+00 3.95764117e+00
1.91000000e+09 3.29593414e+00 3.94897916e+00
1.92000000e+09 3.28734787e+00 3.94038491e+00
1.93000000e+09 3.27882843e+00 3.93185752e+00
1.94000000e+09 3.27037498e+00 3.92339614e+00
1.95000000e+09 3.26198666e+00 3.91499992e+00
1.96000000e+09 3.25366263e+00 3.90666802e+00
1.97000000e+09 3.24540209e+00 3.89839964e+00
1.98000000e+09 3.23720423e+00 3.89019396e+00
1.99000000e+09 3.22906826e+00 3.88205019e+00
2.00000000e+09 3.22099340e+00 3.87396757e+00
2.01000000e+09 3.21297891e+00 3.86594534e+00
2.02000000e+09 3.20502402e+00 3.85798273e+00
2.03000000e+09 3.19712800e+00 3.85007903e+00
2.04000000e+09 3.18929013e+00 3.84223349e+00
2.05000000e+09 3.18150970e+00 3.83444543e+00
2.06000000e+09 3.17378602e+00 3.82671413e+00
2.07000000e+09 3.16611839e+00 3.81903891e+00
2.08000000e+09 3.15850614e+00 3.81141910e+00
2.09000000e+09 3.15094861e+00 3.80385403e+00
2.10000000e+09 3.14344515e+00 3.79634305e+00
2.11000000e+09 3.13599512e+00 3.78888551e+00
2.12000000e+09 3.12859787e+00 3.78148080e+00
2.13000000e+09 3.12125280e+00 3.77412828e+00
2.14000000e+09 3.11395930e+00 3.76682734e+00
2.15000000e+09 3.10671675e+00 3.75957740e+00
2.16000000e+09 3.09952458e+00 3.75237784e+00
2.17000000e+09 3.09238221e+00 3.74522811e+00
2.18000000e+09 3.08528905e+00 3.73812761e+00
2.19000000e+09 3.07824455e+00 3.73107579e+00
2.20000000e+09 3.07124815e+00 3.72407210e+00
2.21000000e+09 3.06429931e+00 3.71711598e+00
2.22000000e+09 3.05739750e+00 3.71020691e+00
2.23000000e+09 3.05054218e+00 3.70334436e+00
2.24000000e+09 3.04373283e+00 3.69652780e+00
2.25000000e+09 3.03696895e+00 3.68975673e+00
2.26000000e+09 3.03025004e+00 3.68303064e+00
2.27000000e+09 3.02357558e+00 3.67634903e+00
2.28000000e+09 3.01694511e+00 3.66971142e+00
2.29000000e+09 3.01035813e+00 3.66311733e+00
2.30000000e+09 3.00381417e+00 3.65656628e+00
2.31000000e+09 2.99731277e+00 3.65005780e+00
2.32000000e+09 2.99085347e+00 3.64359145e+00
2.33000000e+09 2.98443581e+00 3.63716675e+00
2.34000000e+09 2.97805935e+00 3.63078328e+00
2.35000000e+09 2.97172366e+00 3.62444058e+00
2.36000000e+09 2.96542829e+00 3.61813823e+00
2.37000000e+09 2.95917283e+00 3.61187581e+00
2.38000000e+09 2.95295685e+00 3.60565288e+00
2.39000000e+09 2.94677994e+00 3.59946905e+00
2.40000000e+09 2.94064170e+00 3.59332389e+00
2.41000000e+09 2.93454171e+00 3.58721702e+00
2.42000000e+09 2.92847959e+00 3.58114802e+00
2.43000000e+09 2.92245495e+00 3.57511652e+00
2.44000000e+09 2.91646740e+00 3.56912213e+00
2.45000000e+09 2.91051656e+00 3.56316447e+00
2.46000000e+09 2.90460206e+00 3.55724316e+00
2.47000000e+09 2.89872353e+00 3.55135785e+00
2.48000000e+09 2.89288061e+00 3.54550815e+00
2.49000000e+09 2.88707294e+00 3.53969372e+00
2.50000000e+09 2.88130017e+00 3.53391421e+00
2.51000000e+09 2.87556194e+00 3.52816926e+00
2.52000000e+09 2.86985792e+00 3.52245853e+00
2.53000000e+09 2.86418777e+00 3.51678169e+00
2.54000000e+09 2.85855115e+00 3.51113840e+00
2.55000000e+09 2.85294774e+00 3.50552832e+00
2.56000000e+09 2.84737721e+00 3.49995115e+00
2.57000000e+09 2.84183924e+00 3.49440654e+00
2.58000000e+09 2.83633351e+00 3.48889420e+00
2.59000000e+09 2.83085972e+00 3.48341381e+00
2.60000000e+09 2.82541755e+00 3.47796506e+00
2.61000000e+09 2.82000670e+00 3.47254764e+00
2.62000000e+09 2.81462688e+00 3.46716126e+00
2.63000000e+09 2.80927779e+00 3.46180563e+00
2.64000000e+09 2.80395913e+00 3.45648044e+00
2.65000000e+09 2.79867062e+00 3.45118542e+00
2.66000000e+09 2.79341198e+00 3.44592028e+00
2.67000000e+09 2.78818292e+00 3.44068474e+00
2.68000000e+09 2.78298317e+00 3.43547852e+00
2.69000000e+09 2.77781246e+00 3.43030136e+00
2.70000000e+09 2.77267051e+00 3.42515297e+00
2.71000000e+09 2.76755707e+00 3.42003311e+00
2.72000000e+09 2.76247187e+00 3.41494149e+00
2.73000000e+09 2.75741465e+00 3.40987787e+00
2.74000000e+09 2.75238515e+00 3.40484199e+00
2.75000000e+09 2.74738313e+00 3.39983360e+00
2.76000000e+09 2.74240833e+00 3.39485244e+00
2.77000000e+09 2.73746051e+00 3.38989827e+00
2.78000000e+09 2.73253943e+00 3.38497086e+00
2.79000000e+09 2.72764484e+00 3.38006995e+00
2.80000000e+09 2.72277651e+00 3.37519531e+00
2.81000000e+09 2.71793421e+00 3.37034671e+00
2.82000000e+09 2.71311769e+00 3.36552392e+00
2.83000000e+09 2.70832675e+00 3.36072670e+00
2.84000000e+09 2.70356114e+00 3.35595484e+00
2.85000000e+09 2.69882066e+00 3.35120811e+00
2.86000000e+09 2.69410507e+00 3.34648630e+00
2.87000000e+09 2.68941416e+00 3.34178917e+00
2.88000000e+09 2.68474772e+00 3.33711652e+00
2.89000000e+09 2.68010554e+00 3.33246815e+00
2.90000000e+09 2.67548740e+00 3.32784382e+00
2.91000000e+09 2.67089310e+00 3.32324335e+00
2.92000000e+09 2.66632243e+00 3.31866653e+00
2.93000000e+09 2.66177520e+00 3.31411315e+00
2.94000000e+09 2.65725120e+00 3.30958302e+00
2.95000000e+09 2.65275024e+00 3.30507594e+00
2.96000000e+09 2.64827212e+00 3.30059170e+00
2.97000000e+09 2.64381665e+00 3.29613013e+00
2.98000000e+09 2.63938364e+00 3.29169103e+00
2.99000000e+09 2.63497290e+00 3.28727421e+00
3.00000000e+09 2.63058424e+00 3.28287949e+00
3.01000000e+09 2.62621749e+00 3.27850668e+00
3.02000000e+09 2.62187245e+00 3.27415561e+00
3.03000000e+09 2.61754896e+00 3.26982608e+00
3.04000000e+09 2.61324683e+00 3.26551793e+00
3.05000000e+09 2.60896589e+00 3.26123098e+00
3.06000000e+09 2.60470596e+00 3.25696506e+00
3.07000000e+09 2.60046688e+00 3.25271999e+00
3.08000000e+09 2.59624848e+00 3.24849560e+00
3.09000000e+09 2.59205058e+00 3.24429174e+00
3.10000000e+09 2.58787302e+00 3.24010822e+00
3.11000000e+09 2.58371564e+00 3.23594490e+00
3.12000000e+09 2.57957827e+00 3.23180160e+00
3.13000000e+09 2.57546077e+00 3.22767816e+00
3.14000000e+09 2.57136295e+00 3.22357444e+00
3.15000000e+09 2.56728469e+00 3.21949026e+00
3.16000000e+09 2.56322580e+00 3.21542549e+00
3.17000000e+09 2.55918616e+00 3.21137996e+00
3.18000000e+09 2.55516559e+00 3.20735352e+00
3.19000000e+09 2.55116396e+00 3.20334602e+00
3.20000000e+09 2.54718111e+00 3.19935732e+00
3.21000000e+09 2.54321690e+00 3.19538726e+00
3.22000000e+09 2.53927118e+00 3.19143571e+00
3.23000000e+09 2.53534381e+00 3.18750252e+00
3.24000000e+09 2.53143466e+00 3.18358755e+00
3.25000000e+09 2.52754357e+00 3.17969065e+00
3.26000000e+09 2.52367041e+00 3.17581170e+00
3.27000000e+09 2.51981504e+00 3.17195055e+00
3.28000000e+09 2.51597733e+00 3.16810706e+00
3.29000000e+09 2.51215714e+00 3.16428110e+00
3.30000000e+09 2.50835434e+00 3.16047255e+00
3.31000000e+09 2.50456880e+00 3.15668126e+00
3.32000000e+09 2.50080039e+00 3.15290711e+00
3.33000000e+09 2.49704897e+00 3.14914996e+00
3.34000000e+09 2.49331443e+00 3.14540970e+00
3.35000000e+09 2.48959664e+00 3.14168620e+00
3.36000000e+09 2.48589546e+00 3.13797932e+00
3.37000000e+09 2.48221079e+00 3.13428895e+00
3.38000000e+09 2.47854249e+00 3.13061497e+00
3.39000000e+09 2.47489044e+00 3.12695725e+00
3.40000000e+09 2.47125453e+00 3.12331567e+00
3.41000000e+09 2.46763464e+00 3.11969012e+00
3.42000000e+09 2.46403065e+00 3.11608048e+00
3.43000000e+09 2.46044244e+00 3.11248663e+00
3.44000000e+09 2.45686990e+00 3.10890846e+00
3.45000000e+09 2.45331291e+00 3.10534585e+00
3.46000000e+09 2.44977137e+00 3.10179870e+00
3.47000000e+09 2.44624516e+00 3.09826688e+00
3.48000000e+09 2.44273417e+00 3.09475030e+00
3.49000000e+09 2.43923830e+00 3.09124883e+00
3.50000000e+09 2.43575742e+00 3.08776238e+00
3.51000000e+09 2.43229145e+00 3.08429083e+00
3.52000000e+09 2.42884026e+00 3.08083409e+00
3.53000000e+09 2.42540377e+00 3.07739204e+00
3.54000000e+09 2.42198185e+00 3.07396458e+00
3.55000000e+09 2.41857442e+00 3.07055160e+00
3.56000000e+09 2.41518136e+00 3.06715302e+00
3.57000000e+09 2.41180258e+00 3.06376872e+00
3.58000000e+09 2.40843798e+00 3.06039860e+00
3.59000000e+09 2.40508746e+00 3.05704257e+00
3.60000000e+09 2.40175092e+00 3.05370053e+00
3.61000000e+09 2.39842826e+00 3.05037239e+00
3.62000000e+09 2.39511939e+00 3.04705804e+00
3.63000000e+09 2.39182422e+00 3.04375739e+00
3.64000000e+09 2.38854264e+00 3.04047034e+00
3.65000000e+09 2.38527457e+00 3.03719681e+00
3.66000000e+09 2.38201992e+00 3.03393671e+00
3.67000000e+09 2.37877858e+00 3.03068993e+00
3.68000000e+09 2.37555048e+00 3.02745639e+00
3.69000000e+09 2.37233552e+00 3.02423600e+00
3.70000000e+09 2.36913361e+00 3.02102867e+00
3.71000000e+09 2.36594466e+00 3.01783431e+00
3.72000000e+09 2.36276860e+00 3.01465284e+00
3.73000000e+09 2.35960532e+00 3.01148417e+00
3.74000000e+09 2.35645475e+00 3.00832821e+00
3.75000000e+09 2.35331681e+00 3.00518488e+00
3.76000000e+09 2.35019139e+00 3.00205409e+00
3.77000000e+09 2.34707844e+00 2.99893577e+00
3.78000000e+09 2.34397785e+00 2.99582982e+00
3.79000000e+09 2.34088956e+00 2.99273617e+00
3.80000000e+09 2.33781347e+00 2.98965474e+00
3.81000000e+09 2.33474951e+00 2.98658544e+00
3.82000000e+09 2.33169760e+00 2.98352820e+00
3.83000000e+09 2.32865766e+00 2.98048294e+00
3.84000000e+09 2.32562962e+00 2.97744957e+00
3.85000000e+09 2.32261339e+00 2.97442803e+00
3.86000000e+09 2.31960890e+00 2.97141823e+00
3.87000000e+09 2.31661607e+00 2.96842011e+00
3.88000000e+09 2.31363483e+00 2.96543358e+00
3.89000000e+09 2.31066510e+00 2.96245857e+00
3.90000000e+09 2.30770681e+00 2.95949500e+00
3.91000000e+09 2.30475989e+00 2.95654281e+00
3.92000000e+09 2.30182426e+00 2.95360192e+00
3.93000000e+09 2.29889985e+00 2.95067225e+00
3.94000000e+09 2.29598659e+00 2.94775375e+00
3.95000000e+09 2.29308442e+00 2.94484633e+00
3.96000000e+09 2.29019325e+00 2.94194993e+00
3.97000000e+09 2.28731302e+00 2.93906447e+00
3.98000000e+09 2.28444367e+00 2.93618989e+00
3.99000000e+09 2.28158511e+00 2.93332612e+00
4.00000000e+09 2.27873730e+00 2.93047310e+00
4.01000000e+09 2.27590015e+00 2.92763075e+00
4.02000000e+09 2.27307360e+00 2.92479901e+00
4.03000000e+09 2.27025760e+00 2.92197781e+00
4.04000000e+09 2.26745206e+00 2.91916709e+00
4.05000000e+09 2.26465693e+00 2.91636679e+00
4.06000000e+09 2.26187214e+00 2.91357683e+00
4.07000000e+09 2.25909764e+00 2.91079716e+00
4.08000000e+09 2.25633334e+00 2.90802771e+00
4.09000000e+09 2.25357921e+00 2.90526842e+00
4.10000000e+09 2.25083516e+00 2.90251923e+00
4.11000000e+09 2.24810114e+00 2.89978007e+00
4.12000000e+09 2.24537710e+00 2.89705089e+00
4.13000000e+09 2.24266296e+00 2.89433163e+00
4.14000000e+09 2.23995867e+00 2.89162222e+00
4.15000000e+09 2.23726417e+00 2.88892260e+00
4.16000000e+09 2.23457940e+00 2.88623273e+00
4.17000000e+09 2.23190430e+00 2.88355253e+00
4.18000000e+09 2.22923882e+00 2.88088195e+00
4.19000000e+09 2.22658290e+00 2.87822094e+00
4.20000000e+09 2.22393647e+00 2.87556943e+00
4.21000000e+09 2.22129949e+00 2.87292737e+00
4.22000000e+09 2.21867190e+00 2.87029471e+00
4.23000000e+09 2.21605364e+00 2.86767138e+00
4.24000000e+09 2.21344466e+00 2.86505734e+00
4.25000000e+09 2.21084489e+00 2.86245253e+00
4.26000000e+09 2.20825430e+00 2.85985689e+00
4.27000000e+09 2.20567282e+00 2.85727037e+00
4.28000000e+09 2.20310041e+00 2.85469291e+00
4.29000000e+09 2.20053700e+00 2.85212448e+00
4.30000000e+09 2.19798255e+00 2.84956500e+00
4.31000000e+09 2.19543700e+00 2.84701444e+00
4.32000000e+09 2.19290031e+00 2.84447273e+00
4.33000000e+09 2.19037242e+00 2.84193983e+00
4.34000000e+09 2.18785327e+00 2.83941568e+00
4.35000000e+09 2.18534283e+00 2.83690025e+00
4.36000000e+09 2.18284104e+00 2.83439346e+00
4.37000000e+09 2.18034785e+00 2.83189529e+00
4.38000000e+09 2.17786321e+00 2.82940567e+00
4.39000000e+09 2.17538708e+00 2.82692456e+00
4.40000000e+09 2.17291940e+00 2.82445192e+00
4.41000000e+09 2.17046012e+00 2.82198768e+00
4.42000000e+09 2.16800921e+00 2.81953181e+00
4.43000000e+09 2.16556661e+00 2.81708426e+00
4.44000000e+09 2.16313227e+00 2.81464497e+00
4.45000000e+09 2.16070615e+00 2.81221391e+00
4.46000000e+09 2.15828821e+00 2.80979103e+00
4.47000000e+09 2.15587839e+00 2.80737629e+00
4.48000000e+09 2.15347665e+00 2.80496962e+00
4.49000000e+09 2.15108295e+00 2.80257101e+00
4.50000000e+09 2.14869725e+00 2.80018038e+00
4.51000000e+09 2.14631948e+00 2.79779771e+00
4.52000000e+09 2.14394963e+00 2.79542295e+00
4.53000000e+09 2.14158763e+00 2.79305606e+00
4.54000000e+09 2.13923345e+00 2.79069699e+00
4.55000000e+09 2.13688704e+00 2.78834569e+00
4.56000000e+09 2.13454837e+00 2.78600213e+00
4.57000000e+09 2.13221738e+00 2.78366627e+00
4.58000000e+09 2.12989404e+00 2.78133806e+00
4.59000000e+09 2.12757830e+00 2.77901745e+00
4.60000000e+09 2.12527013e+00 2.77670442e+00
4.61000000e+09 2.12296948e+00 2.77439892e+00
4.62000000e+09 2.12067632e+00 2.77210090e+00
4.63000000e+09 2.11839059e+00 2.76981032e+00
4.64000000e+09 2.11611227e+00 2.76752716e+00
4.65000000e+09 2.11384130e+00 2.76525136e+00
4.66000000e+09 2.11157766e+00 2.76298289e+00
4.67000000e+09 2.10932130e+00 2.76072170e+00
4.68000000e+09 2.10707219e+00 2.75846777e+00
4.69000000e+09 2.10483028e+00 2.75622104e+00
4.70000000e+09 2.10259554e+00 2.75398149e+00
4.71000000e+09 2.10036792e+00 2.75174907e+00
4.72000000e+09 2.09814740e+00 2.74952374e+00
4.73000000e+09 2.09593393e+00 2.74730548e+00
4.74000000e+09 2.09372748e+00 2.74509424e+00
4.75000000e+09 2.09152801e+00 2.74288998e+00
4.76000000e+09 2.08933548e+00 2.74069266e+00
4.77000000e+09 2.08714985e+00 2.73850226e+00
4.78000000e+09 2.08497110e+00 2.73631873e+00
4.79000000e+09 2.08279918e+00 2.73414205e+00
4.80000000e+09 2.08063406e+00 2.73197216e+00
4.81000000e+09 2.07847570e+00 2.72980905e+00
4.82000000e+09 2.07632407e+00 2.72765266e+00
4.83000000e+09 2.07417913e+00 2.72550298e+00
4.84000000e+09 2.07204086e+00 2.72335996e+00
4.85000000e+09 2.06990920e+00 2.72122357e+00
4.86000000e+09 2.06778414e+00 2.71909377e+00
4.87000000e+09 2.06566563e+00 2.71697053e+00
4.88000000e+09 2.06355365e+00 2.71485382e+00
4.89000000e+09 2.06144816e+00 2.71274361e+00
4.90000000e+09 2.05934912e+00 2.71063985e+00
4.91000000e+09 2.05725651e+00 2.70854253e+00
4.92000000e+09 2.05517028e+00 2.70645160e+00
4.93000000e+09 2.05309042e+00 2.70436703e+00
4.94000000e+09 2.05101688e+00 2.70228879e+00
4.95000000e+09 2.04894963e+00 2.70021685e+00
4.96000000e+09 2.04688865e+00 2.69815118e+00
4.97000000e+09 2.04483390e+00 2.69609175e+00
4.98000000e+09 2.04278535e+00 2.69403852e+00
4.99000000e+09 2.04074297e+00 2.69199146e+00
5.00000000e+09 2.03870672e+00 2.68995054e+00
5.01000000e+09 2.03667658e+00 2.68791574e+00
5.02000000e+09 2.03465252e+00 2.68588701e+00
5.03000000e+09 2.03263451e+00 2.68386434e+00
5.04000000e+09 2.03062251e+00 2.68184769e+00
5.05000000e+09 2.02861650e+00 2.67983703e+00
5.06000000e+09 2.02661644e+00 2.67783233e+00
5.07000000e+09 2.02462231e+00 2.67583356e+00
5.08000000e+09 2.02263409e+00 2.67384069e+00
5.09000000e+09 2.02065173e+00 2.67185370e+00
5.10000000e+09 2.01867521e+00 2.66987256e+00
5.11000000e+09 2.01670450e+00 2.66789723e+00
5.12000000e+09 2.01473958e+00 2.66592769e+00
5.13000000e+09 2.01278041e+00 2.66396390e+00
5.14000000e+09 2.01082697e+00 2.66200585e+00
5.15000000e+09 2.00887923e+00 2.66005351e+00
5.16000000e+09 2.00693716e+00 2.65810684e+00
5.17000000e+09 2.00500074e+00 2.65616581e+00
5.18000000e+09 2.00306993e+00 2.65423041e+00
5.19000000e+09 2.00114472e+00 2.65230061e+00
5.20000000e+09 1.99922506e+00 2.65037637e+00
5.21000000e+09 1.99731095e+00 2.64845767e+00
5.22000000e+09 1.99540234e+00 2.64654449e+00
5.23000000e+09 1.99349922e+00 2.64463679e+00
5.24000000e+09 1.99160156e+00 2.64273456e+00
5.25000000e+09 1.98970932e+00 2.64083776e+00
5.26000000e+09 1.98782250e+00 2.63894638e+00
5.27000000e+09 1.98594105e+00 2.63706037e+00
5.28000000e+09 1.98406496e+00 2.63517973e+00
5.29000000e+09 1.98219419e+00 2.63330441e+00
5.30000000e+09 1.98032874e+00 2.63143441e+00
5.31000000e+09 1.97846856e+00 2.62956969e+00
5.32000000e+09 1.97661363e+00 2.62771023e+00
5.33000000e+09 1.97476393e+00 2.62585600e+00
5.34000000e+09 1.97291944e+00 2.62400698e+00
5.35000000e+09 1.97108013e+00 2.62216315e+00
5.36000000e+09 1.96924598e+00 2.62032447e+00
5.37000000e+09 1.96741696e+00 2.61849094e+00
5.38000000e+09 1.96559305e+00 2.61666251e+00
5.39000000e+09 1.96377422e+00 2.61483918e+00
5.40000000e+09 1.96196046e+00 2.61302091e+00
5.41000000e+09 1.96015173e+00 2.61120768e+00
5.42000000e+09 1.95834802e+00 2.60939947e+00
5.43000000e+09 1.95654930e+00 2.60759625e+00
5.44000000e+09 1.95475555e+00 2.60579801e+00
5.45000000e+09 1.95296674e+00 2.60400472e+00
5.46000000e+09 1.95118286e+00 2.60221636e+00
5.47000000e+09 1.94940388e+00 2.60043290e+00
5.48000000e+09 1.94762978e+00 2.59865432e+00
5.49000000e+09 1.94586053e+00 2.59688060e+00
5.50000000e+09 1.94409612e+00 2.59511172e+00
5.51000000e+09 1.94233652e+00 2.59334766e+00
5.52000000e+09 1.94058171e+00 2.59158839e+00
5.53000000e+09 1.93883167e+00 2.58983390e+00
5.54000000e+09 1.93708638e+00 2.58808415e+00
5.55000000e+09 1.93534581e+00 2.58633914e+00
5.56000000e+09 1.93360995e+00 2.58459883e+00
5.57000000e+09 1.93187877e+00 2.58286321e+00
5.58000000e+09 1.93015225e+00 2.58113225e+00
5.59000000e+09 1.92843037e+00 2.57940594e+00
5.60000000e+09 1.92671312e+00 2.57768426e+00
5.61000000e+09 1.92500046e+00 2.57596718e+00
5.62000000e+09 1.92329239e+00 2.57425468e+00
5.63000000e+09 1.92158887e+00 2.57254675e+00
5.64000000e+09 1.91988990e+00 2.57084336e+00
5.65000000e+09 1.91819544e+00 2.56914449e+00
5.66000000e+09 1.91650548e+00 2.56745012e+00
5.67000000e+09 1.91482000e+00 2.56576024e+00
5.68000000e+09 1.91313899e+00 2.56407482e+00
5.69000000e+09 1.91146241e+00 2.56239384e+00
5.70000000e+09 1.90979025e+00 2.56071729e+00
5.71000000e+09 1.90812249e+00 2.55904514e+00
5.72000000e+09 1.90645912e+00 2.55737738e+00
5.73000000e+09 1.90480010e+00 2.55571398e+00
5.74000000e+09 1.90314543e+00 2.55405493e+00
5.75000000e+09 1.90149509e+00 2.55240021e+00
5.76000000e+09 1.89984905e+00 2.55074980e+00
5.77000000e+09 1.89820730e+00 2.54910368e+00
5.78000000e+09 1.89656982e+00 2.54746184e+00
5.79000000e+09 1.89493659e+00 2.54582424e+00
5.80000000e+09 1.89330759e+00 2.54419088e+00
5.81000000e+09 1.89168280e+00 2.54256174e+00
5.82000000e+09 1.89006221e+00 2.54093680e+00
5.83000000e+09 1.88844580e+00 2.53931604e+00
5.84000000e+09 1.88683355e+00 2.53769944e+00
5.85000000e+09 1.88522544e+00 2.53608699e+00
5.86000000e+09 1.88362145e+00 2.53447867e+00
5.87000000e+09 1.88202157e+00 2.53287445e+00
5.88000000e+09 1.88042578e+00 2.53127433e+00
5.89000000e+09 1.87883407e+00 2.52967829e+00
5.90000000e+09 1.87724640e+00 2.52808630e+00
5.91000000e+09 1.87566278e+00 2.52649835e+00
5.92000000e+09 1.87408317e+00 2.52491443e+00
5.93000000e+09 1.87250757e+00 2.52333451e+00
5.94000000e+09 1.87093596e+00 2.52175859e+00
5.95000000e+09 1.86936831e+00 2.52018663e+00
5.96000000e+09 1.86780462e+00 2.51861864e+00
5.97000000e+09 1.86624487e+00 2.51705458e+00
5.98000000e+09 1.86468903e+00 2.51549445e+00
5.99000000e+09 1.86313710e+00 2.51393822e+00
6.00000000e+09 1.86158906e+00 2.51238589e+00
6.01000000e+09 1.86004489e+00 2.51083743e+00
6.02000000e+09 1.85850457e+00 2.50929282e+00
6.03000000e+09 1.85696809e+00 2.50775206e+00
6.04000000e+09 1.85543544e+00 2.50621513e+00
6.05000000e+09 1.85390659e+00 2.50468201e+00
6.06000000e+09 1.85238154e+00 2.50315268e+00
6.07000000e+09 1.85086026e+00 2.50162714e+00
6.08000000e+09 1.84934274e+00 2.50010535e+00
6.09000000e+09 1.84782897e+00 2.49858732e+00
6.10000000e+09 1.84631893e+00 2.49707302e+00
6.11000000e+09 1.84481260e+00 2.49556243e+00
6.12000000e+09 1.84330998e+00 2.49405555e+00
6.13000000e+09 1.84181103e+00 2.49255236e+00
6.14000000e+09 1.84031576e+00 2.49105284e+00
6.15000000e+09 1.83882414e+00 2.48955698e+00
6.16000000e+09 1.83733616e+00 2.48806476e+00
6.17000000e+09 1.83585180e+00 2.48657616e+00
6.18000000e+09 1.83437106e+00 2.48509118e+00
6.19000000e+09 1.83289391e+00 2.48360980e+00
6.20000000e+09 1.83142034e+00 2.48213201e+00
6.21000000e+09 1.82995034e+00 2.48065778e+00
6.22000000e+09 1.82848389e+00 2.47918711e+00
6.23000000e+09 1.82702098e+00 2.47771998e+00
6.24000000e+09 1.82556160e+00 2.47625638e+00
6.25000000e+09 1.82410572e+00 2.47479629e+00
6.26000000e+09 1.82265334e+00 2.47333970e+00
6.27000000e+09 1.82120444e+00 2.47188659e+00
6.28000000e+09 1.81975901e+00 2.47043695e+00
6.29000000e+09 1.81831703e+00 2.46899078e+00
6.30000000e+09 1.81687849e+00 2.46754804e+00
6.31000000e+09 1.81544338e+00 2.46610874e+00
6.32000000e+09 1.81401169e+00 2.46467285e+00
6.33000000e+09 1.81258339e+00 2.46324036e+00
6.34000000e+09 1.81115848e+00 2.46181127e+00
6.35000000e+09 1.80973694e+00 2.46038554e+00
6.36000000e+09 1.80831876e+00 2.45896319e+00
6.37000000e+09 1.80690393e+00 2.45754418e+00
6.38000000e+09 1.80549243e+00 2.45612851e+00
6.39000000e+09 1.80408426e+00 2.45471616e+00
6.40000000e+09 1.80267939e+00 2.45330712e+00
6.41000000e+09 1.80127781e+00 2.45190138e+00
6.42000000e+09 1.79987952e+00 2.45049892e+00
6.43000000e+09 1.79848449e+00 2.44909974e+00
6.44000000e+09 1.79709272e+00 2.44770381e+00
6.45000000e+09 1.79570420e+00 2.44631114e+00
6.46000000e+09 1.79431891e+00 2.44492169e+00
6.47000000e+09 1.79293683e+00 2.44353547e+00
6.48000000e+09 1.79155796e+00 2.44215245e+00
6.49000000e+09 1.79018228e+00 2.44077264e+00
6.50000000e+09 1.78880979e+00 2.43939600e+00
6.51000000e+09 1.78744047e+00 2.43802254e+00
6.52000000e+09 1.78607430e+00 2.43665224e+00
6.53000000e+09 1.78471128e+00 2.43528509e+00
6.54000000e+09 1.78335139e+00 2.43392107e+00
6.55000000e+09 1.78199462e+00 2.43256018e+00
6.56000000e+09 1.78064096e+00 2.43120240e+00
6.57000000e+09 1.77929040e+00 2.42984771e+00
6.58000000e+09 1.77794292e+00 2.42849612e+00
6.59000000e+09 1.77659852e+00 2.42714760e+00
6.60000000e+09 1.77525718e+00 2.42580215e+00
6.61000000e+09 1.77391889e+00 2.42445975e+00
6.62000000e+09 1.77258363e+00 2.42312040e+00
6.63000000e+09 1.77125141e+00 2.42178407e+00
6.64000000e+09 1.76992220e+00 2.42045077e+00
6.65000000e+09 1.76859600e+00 2.41912047e+00
6.66000000e+09 1.76727279e+00 2.41779316e+00
6.67000000e+09 1.76595257e+00 2.41646884e+00
6.68000000e+09 1.76463531e+00 2.41514750e+00
6.69000000e+09 1.76332101e+00 2.41382912e+00
6.70000000e+09 1.76200967e+00 2.41251369e+00
6.71000000e+09 1.76070126e+00 2.41120120e+00
6.72000000e+09 1.75939578e+00 2.40989164e+00
6.73000000e+09 1.75809321e+00 2.40858500e+00
6.74000000e+09 1.75679355e+00 2.40728127e+00
6.75000000e+09 1.75549679e+00 2.40598043e+00
6.76000000e+09 1.75420291e+00 2.40468248e+00
6.77000000e+09 1.75291190e+00 2.40338741e+00
6.78000000e+09 1.75162375e+00 2.40209520e+00
6.79000000e+09 1.75033846e+00 2.40080585e+00
6.80000000e+09 1.74905601e+00 2.39951934e+00
6.81000000e+09 1.74777639e+00 2.39823567e+00
6.82000000e+09 1.74649959e+00 2.39695482e+00
6.83000000e+09 1.74522560e+00 2.39567678e+00
6.84000000e+09 1.74395441e+00 2.39440155e+00
6.85000000e+09 1.74268601e+00 2.39312910e+00
6.86000000e+09 1.74142039e+00 2.39185944e+00
6.87000000e+09 1.74015754e+00 2.39059256e+00
6.88000000e+09 1.73889745e+00 2.38932843e+00
6.89000000e+09 1.73764011e+00 2.38806706e+00
6.90000000e+09 1.73638551e+00 2.38680843e+00
6.91000000e+09 1.73513364e+00 2.38555253e+00
6.92000000e+09 1.73388449e+00 2.38429935e+00
6.93000000e+09 1.73263805e+00 2.38304889e+00
6.94000000e+09 1.73139430e+00 2.38180113e+00
6.95000000e+09 1.73015325e+00 2.38055606e+00
6.96000000e+09 1.72891488e+00 2.37931367e+00
6.97000000e+09 1.72767918e+00 2.37807396e+00
6.98000000e+09 1.72644615e+00 2.37683692e+00
6.99000000e+09 1.72521576e+00 2.37560252e+00
7.00000000e+09 1.72398802e+00 2.37437078e+00
7.01000000e+09 1.72276291e+00 2.37314167e+00
7.02000000e+09 1.72154043e+00 2.37191518e+00
7.03000000e+09 1.72032056e+00 2.37069132e+00
7.04000000e+09 1.71910329e+00 2.36947006e+00
7.05000000e+09 1.71788862e+00 2.36825140e+00
7.06000000e+09 1.71667654e+00 2.36703532e+00
7.07000000e+09 1.71546704e+00 2.36582183e+00
7.08000000e+09 1.71426010e+00 2.36461091e+00
7.09000000e+09 1.71305572e+00 2.36340255e+00
7.10000000e+09 1.71185390e+00 2.36219675e+00
7.11000000e+09 1.71065461e+00 2.36099349e+00
7.12000000e+09 1.70945786e+00 2.35979276e+00
7.13000000e+09 1.70826363e+00 2.35859456e+00
7.14000000e+09 1.70707192e+00 2.35739888e+00
7.15000000e+09 1.70588271e+00 2.35620570e+00
7.16000000e+09 1.70469600e+00 2.35501503e+00
7.17000000e+09 1.70351178e+00 2.35382684e+00
7.18000000e+09 1.70233004e+00 2.35264114e+00
7.19000000e+09 1.70115077e+00 2.35145791e+00
7.20000000e+09 1.69997396e+00 2.35027715e+00
7.21000000e+09 1.69879960e+00 2.34909885e+00
7.22000000e+09 1.69762770e+00 2.34792299e+00
7.23000000e+09 1.69645823e+00 2.34674957e+00
7.24000000e+09 1.69529118e+00 2.34557858e+00
7.25000000e+09 1.69412656e+00 2.34441002e+00
7.26000000e+09 1.69296435e+00 2.34324387e+00
7.27000000e+09 1.69180455e+00 2.34208012e+00
7.28000000e+09 1.69064714e+00 2.34091878e+00
7.29000000e+09 1.68949211e+00 2.33975982e+00
7.30000000e+09 1.68833947e+00 2.33860325e+00
7.31000000e+09 1.68718920e+00 2.33744905e+00
7.32000000e+09 1.68604129e+00 2.33629721e+00
7.33000000e+09 1.68489573e+00 2.33514773e+00
7.34000000e+09 1.68375252e+00 2.33400060e+00
7.35000000e+09 1.68261165e+00 2.33285581e+00
7.36000000e+09 1.68147311e+00 2.33171336e+00
7.37000000e+09 1.68033690e+00 2.33057323e+00
7.38000000e+09 1.67920300e+00 2.32943541e+00
7.39000000e+09 1.67807140e+00 2.32829991e+00
7.40000000e+09 1.67694211e+00 2.32716671e+00
7.41000000e+09 1.67581511e+00 2.32603580e+00
7.42000000e+09 1.67469039e+00 2.32490718e+00
7.43000000e+09 1.67356795e+00 2.32378084e+00
7.44000000e+09 1.67244777e+00 2.32265677e+00
7.45000000e+09 1.67132986e+00 2.32153496e+00
7.46000000e+09 1.67021420e+00 2.32041541e+00
7.47000000e+09 1.66910079e+00 2.31929810e+00
7.48000000e+09 1.66798961e+00 2.31818304e+00
7.49000000e+09 1.66688067e+00 2.31707021e+00
7.50000000e+09 1.66577395e+00 2.31595960e+00
7.51000000e+09 1.66466944e+00 2.31485122e+00
7.52000000e+09 1.66356715e+00 2.31374504e+00
7.53000000e+09 1.66246705e+00 2.31264107e+00
7.54000000e+09 1.66136915e+00 2.31153929e+00
7.55000000e+09 1.66027344e+00 2.31043971e+00
7.56000000e+09 1.65917991e+00 2.30934230e+00
7.57000000e+09 1.65808854e+00 2.30824707e+00
7.58000000e+09 1.65699935e+00 2.30715401e+00
7.59000000e+09 1.65591231e+00 2.30606311e+00
7.60000000e+09 1.65482742e+00 2.30497436e+00
7.61000000e+09 1.65374468e+00 2.30388775e+00
7.62000000e+09 1.65266407e+00 2.30280329e+00
7.63000000e+09 1.65158559e+00 2.30172096e+00
7.64000000e+09 1.65050924e+00 2.30064075e+00
7.65000000e+09 1.64943500e+00 2.29956266e+00
7.66000000e+09 1.64836287e+00 2.29848668e+00
7.67000000e+09 1.64729284e+00 2.29741281e+00
7.68000000e+09 1.64622491e+00 2.29634103e+00
7.69000000e+09 1.64515907e+00 2.29527135e+00
7.70000000e+09 1.64409530e+00 2.29420374e+00
7.71000000e+09 1.64303362e+00 2.29313822e+00
7.72000000e+09 1.64197400e+00 2.29207477e+00
7.73000000e+09 1.64091644e+00 2.29101338e+00
7.74000000e+09 1.63986094e+00 2.28995404e+00
7.75000000e+09 1.63880748e+00 2.28889676e+00
7.76000000e+09 1.63775607e+00 2.28784152e+00
7.77000000e+09 1.63670669e+00 2.28678832e+00
7.78000000e+09 1.63565934e+00 2.28573715e+00
7.79000000e+09 1.63461402e+00 2.28468800e+00
7.80000000e+09 1.63357071e+00 2.28364087e+00
7.81000000e+09 1.63252940e+00 2.28259575e+00
7.82000000e+09 1.63149010e+00 2.28155264e+00
7.83000000e+09 1.63045280e+00 2.28051152e+00
7.84000000e+09 1.62941748e+00 2.27947240e+00
7.85000000e+09 1.62838415e+00 2.27843526e+00
7.86000000e+09 1.62735280e+00 2.27740010e+00
7.87000000e+09 1.62632342e+00 2.27636692e+00
7.88000000e+09 1.62529600e+00 2.27533570e+00
7.89000000e+09 1.62427054e+00 2.27430644e+00
7.90000000e+09 1.62324704e+00 2.27327914e+00
7.91000000e+09 1.62222548e+00 2.27225378e+00
7.92000000e+09 1.62120585e+00 2.27123037e+00
7.93000000e+09 1.62018817e+00 2.27020889e+00
7.94000000e+09 1.61917241e+00 2.26918934e+00
7.95000000e+09 1.61815857e+00 2.26817172e+00
7.96000000e+09 1.61714665e+00 2.26715601e+00
7.97000000e+09 1.61613664e+00 2.26614222e+00
7.98000000e+09 1.61512853e+00 2.26513033e+00
7.99000000e+09 1.61412232e+00 2.26412034e+00
8.00000000e+09 1.61311800e+00 2.26311224e+00
8.01000000e+09 1.61211556e+00 2.26210604e+00
8.02000000e+09 1.61111501e+00 2.26110171e+00
8.03000000e+09 1.61011633e+00 2.26009926e+00
8.04000000e+09 1.60911952e+00 2.25909868e+00
8.05000000e+09 1.60812457e+00 2.25809997e+00
8.06000000e+09 1.60713148e+00 2.25710311e+00
8.07000000e+09 1.60614024e+00 2.25610811e+00
8.08000000e+09 1.60515084e+00 2.25511495e+00
8.09000000e+09 1.60416328e+00 2.25412364e+00
8.10000000e+09 1.60317756e+00 2.25313416e+00
8.11000000e+09 1.60219367e+00 2.25214651e+00
8.12000000e+09 1.60121160e+00 2.25116069e+00
8.13000000e+09 1.60023134e+00 2.25017668e+00
8.14000000e+09 1.59925290e+00 2.24919449e+00
8.15000000e+09 1.59827626e+00 2.24821411e+00
8.16000000e+09 1.59730142e+00 2.24723553e+00
8.17000000e+09 1.59632838e+00 2.24625874e+00
8.18000000e+09 1.59535712e+00 2.24528375e+00
8.19000000e+09 1.59438765e+00 2.24431054e+00
8.20000000e+09 1.59341996e+00 2.24333911e+00
8.21000000e+09 1.59245404e+00 2.24236946e+00
8.22000000e+09 1.59148989e+00 2.24140158e+00
8.23000000e+09 1.59052750e+00 2.24043546e+00
8.24000000e+09 1.58956687e+00 2.23947110e+00
8.25000000e+09 1.58860799e+00 2.23850849e+00
8.26000000e+09 1.58765086e+00 2.23754764e+00
8.27000000e+09 1.58669546e+00 2.23658852e+00
8.28000000e+09 1.58574180e+00 2.23563114e+00
8.29000000e+09 1.58478988e+00 2.23467550e+00
8.30000000e+09 1.58383967e+00 2.23372158e+00
8.31000000e+09 1.58289119e+00 2.23276938e+00
8.32000000e+09 1.58194442e+00 2.23181890e+00
8.33000000e+09 1.58099937e+00 2.23087013e+00
8.34000000e+09 1.58005601e+00 2.22992307e+00
8.35000000e+09 1.57911436e+00 2.22897771e+00
8.36000000e+09 1.57817440e+00 2.22803405e+00
8.37000000e+09 1.57723613e+00 2.22709208e+00
8.38000000e+09 1.57629954e+00 2.22615179e+00
8.39000000e+09 1.57536464e+00 2.22521318e+00
8.40000000e+09 1.57443140e+00 2.22427625e+00
8.41000000e+09 1.57349984e+00 2.22334100e+00
8.42000000e+09 1.57256994e+00 2.22240740e+00
8.43000000e+09 1.57164170e+00 2.22147547e+00
8.44000000e+09 1.57071512e+00 2.22054520e+00
8.45000000e+09 1.56979018e+00 2.21961658e+00
8.46000000e+09 1.56886689e+00 2.21868960e+00
8.47000000e+09 1.56794524e+00 2.21776427e+00
8.48000000e+09 1.56702522e+00 2.21684057e+00
8.49000000e+09 1.56610684e+00 2.21591850e+00
8.50000000e+09 1.56519008e+00 2.21499806e+00
8.51000000e+09 1.56427494e+00 2.21407925e+00
8.52000000e+09 1.56336141e+00 2.21316205e+00
8.53000000e+09 1.56244950e+00 2.21224647e+00
8.54000000e+09 1.56153919e+00 2.21133249e+00
8.55000000e+09 1.56063049e+00 2.21042012e+00
8.56000000e+09 1.55972338e+00 2.20950934e+00
8.57000000e+09 1.55881787e+00 2.20860016e+00
8.58000000e+09 1.55791394e+00 2.20769257e+00
8.59000000e+09 1.55701159e+00 2.20678656e+00
8.60000000e+09 1.55611083e+00 2.20588214e+00
8.61000000e+09 1.55521163e+00 2.20497929e+00
8.62000000e+09 1.55431401e+00 2.20407801e+00
8.63000000e+09 1.55341795e+00 2.20317830e+00
8.64000000e+09 1.55252345e+00 2.20228015e+00
8.65000000e+09 1.55163051e+00 2.20138356e+00
8.66000000e+09 1.55073912e+00 2.20048852e+00
8.67000000e+09 1.54984928e+00 2.19959503e+00
8.68000000e+09 1.54896097e+00 2.19870308e+00
8.69000000e+09 1.54807421e+00 2.19781267e+00
8.70000000e+09 1.54718898e+00 2.19692380e+00
8.71000000e+09 1.54630528e+00 2.19603646e+00
8.72000000e+09 1.54542310e+00 2.19515065e+00
8.73000000e+09 1.54454245e+00 2.19426635e+00
8.74000000e+09 1.54366330e+00 2.19338358e+00
8.75000000e+09 1.54278568e+00 2.19250232e+00
8.76000000e+09 1.54190955e+00 2.19162257e+00
8.77000000e+09 1.54103493e+00 2.19074432e+00
8.78000000e+09 1.54016181e+00 2.18986757e+00
8.79000000e+09 1.53929019e+00 2.18899232e+00
8.80000000e+09 1.53842005e+00 2.18811856e+00
8.81000000e+09 1.53755140e+00 2.18724629e+00
8.82000000e+09 1.53668424e+00 2.18637551e+00
8.83000000e+09 1.53581855e+00 2.18550620e+00
8.84000000e+09 1.53495433e+00 2.18463836e+00
8.85000000e+09 1.53409158e+00 2.18377200e+00
8.86000000e+09 1.53323030e+00 2.18290711e+00
8.87000000e+09 1.53237048e+00 2.18204368e+00
8.88000000e+09 1.53151211e+00 2.18118170e+00
8.89000000e+09 1.53065520e+00 2.18032118e+00
8.90000000e+09 1.52979974e+00 2.17946212e+00
8.91000000e+09 1.52894572e+00 2.17860449e+00
8.92000000e+09 1.52809314e+00 2.17774831e+00
8.93000000e+09 1.52724200e+00 2.17689357e+00
8.94000000e+09 1.52639229e+00 2.17604026e+00
8.95000000e+09 1.52554401e+00 2.17518839e+00
8.96000000e+09 1.52469716e+00 2.17433794e+00
8.97000000e+09 1.52385172e+00 2.17348891e+00
8.98000000e+09 1.52300770e+00 2.17264130e+00
8.99000000e+09 1.52216509e+00 2.17179510e+00
9.00000000e+09 1.52132390e+00 2.17095031e+00
9.01000000e+09 1.52048410e+00 2.17010693e+00
9.02000000e+09 1.51964571e+00 2.16926496e+00
9.03000000e+09 1.51880872e+00 2.16842438e+00
9.04000000e+09 1.51797312e+00 2.16758520e+00
9.05000000e+09 1.51713890e+00 2.16674740e+00
9.06000000e+09 1.51630608e+00 2.16591100e+00
9.07000000e+09 1.51547463e+00 2.16507598e+00
9.08000000e+09 1.51464456e+00 2.16424234e+00
9.09000000e+09 1.51381587e+00 2.16341007e+00
9.10000000e+09 1.51298855e+00 2.16257918e+00
9.11000000e+09 1.51216259e+00 2.16174965e+00
9.12000000e+09 1.51133800e+00 2.16092149e+00
9.13000000e+09 1.51051476e+00 2.16009469e+00
9.14000000e+09 1.50969288e+00 2.15926924e+00
9.15000000e+09 1.50887235e+00 2.15844515e+00
9.16000000e+09 1.50805317e+00 2.15762241e+00
9.17000000e+09 1.50723534e+00 2.15680102e+00
9.18000000e+09 1.50641884e+00 2.15598096e+00
9.19000000e+09 1.50560368e+00 2.15516225e+00
9.20000000e+09 1.50478986e+00 2.15434487e+00
9.21000000e+09 1.50397736e+00 2.15352882e+00
9.22000000e+09 1.50316619e+00 2.15271410e+00
9.23000000e+09 1.50235635e+00 2.15190071e+00
9.24000000e+09 1.50154782e+00 2.15108863e+00
9.25000000e+09 1.50074061e+00 2.15027787e+00
9.26000000e+09 1.49993471e+00 2.14946843e+00
9.27000000e+09 1.49913011e+00 2.14866029e+00
9.28000000e+09 1.49832683e+00 2.14785346e+00
9.29000000e+09 1.49752484e+00 2.14704794e+00
9.30000000e+09 1.49672415e+00 2.14624371e+00
9.31000000e+09 1.49592476e+00 2.14544078e+00
9.32000000e+09 1.49512665e+00 2.14463914e+00
9.33000000e+09 1.49432983e+00 2.14383879e+00
9.34000000e+09 1.49353430e+00 2.14303973e+00
9.35000000e+09 1.49274005e+00 2.14224194e+00
9.36000000e+09 1.49194707e+00 2.14144544e+00
9.37000000e+09 1.49115537e+00 2.14065021e+00
9.38000000e+09 1.49036494e+00 2.13985626e+00
9.39000000e+09 1.48957578e+00 2.13906357e+00
9.40000000e+09 1.48878787e+00 2.13827215e+00
9.41000000e+09 1.48800123e+00 2.13748198e+00
9.42000000e+09 1.48721585e+00 2.13669308e+00
9.43000000e+09 1.48643172e+00 2.13590543e+00
9.44000000e+09 1.48564884e+00 2.13511904e+00
9.45000000e+09 1.48486720e+00 2.13433389e+00
9.46000000e+09 1.48408681e+00 2.13354999e+00
9.47000000e+09 1.48330766e+00 2.13276733e+00
9.48000000e+09 1.48252975e+00 2.13198590e+00
9.49000000e+09 1.48175307e+00 2.13120572e+00
9.50000000e+09 1.48097762e+00 2.13042676e+00
9.51000000e+09 1.48020339e+00 2.12964903e+00
9.52000000e+09 1.47943040e+00 2.12887253e+00
9.53000000e+09 1.47865862e+00 2.12809725e+00
9.54000000e+09 1.47788806e+00 2.12732319e+00
9.55000000e+09 1.47711871e+00 2.12655035e+00
9.56000000e+09 1.47635058e+00 2.12577872e+00
9.57000000e+09 1.47558365e+00 2.12500830e+00
9.58000000e+09 1.47481793e+00 2.12423908e+00
9.59000000e+09 1.47405341e+00 2.12347107e+00
9.60000000e+09 1.47329009e+00 2.12270426e+00
9.61000000e+09 1.47252796e+00 2.12193865e+00
9.62000000e+09 1.47176703e+00 2.12117422e+00
9.63000000e+09 1.47100728e+00 2.12041100e+00
9.64000000e+09 1.47024872e+00 2.11964895e+00
9.65000000e+09 1.46949135e+00 2.11888810e+00
9.66000000e+09 1.46873515e+00 2.11812842e+00
9.67000000e+09 1.46798013e+00 2.11736992e+00
9.68000000e+09 1.46722629e+00 2.11661260e+00
9.69000000e+09 1.46647362e+00 2.11585645e+00
9.70000000e+09 1.46572211e+00 2.11510147e+00
9.71000000e+09 1.46497177e+00 2.11434766e+00
9.72000000e+09 1.46422259e+00 2.11359501e+00
9.73000000e+09 1.46347457e+00 2.11284352e+00
9.74000000e+09 1.46272771e+00 2.11209319e+00
9.75000000e+09 1.46198200e+00 2.11134401e+00
9.76000000e+09 1.46123744e+00 2.11059598e+00
9.77000000e+09 1.46049402e+00 2.10984910e+00
9.78000000e+09 1.45975175e+00 2.10910337e+00
9.79000000e+09 1.45901062e+00 2.10835878e+00
9.80000000e+09 1.45827063e+00 2.10761533e+00
9.81000000e+09 1.45753178e+00 2.10687302e+00
9.82000000e+09 1.45679406e+00 2.10613184e+00
9.83000000e+09 1.45605746e+00 2.10539179e+00
9.84000000e+09 1.45532200e+00 2.10465288e+00
9.85000000e+09 1.45458766e+00 2.10391508e+00
9.86000000e+09 1.45385443e+00 2.10317841e+00
9.87000000e+09 1.45312233e+00 2.10244286e+00
9.88000000e+09 1.45239134e+00 2.10170842e+00
9.89000000e+09 1.45166147e+00 2.10097510e+00
9.90000000e+09 1.45093270e+00 2.10024289e+00
9.91000000e+09 1.45020505e+00 2.09951179e+00
9.92000000e+09 1.44947849e+00 2.09878180e+00
9.93000000e+09 1.44875304e+00 2.09805291e+00
9.94000000e+09 1.44802868e+00 2.09732511e+00
9.95000000e+09 1.44730543e+00 2.09659842e+00
9.96000000e+09 1.44658326e+00 2.09587282e+00
9.97000000e+09 1.44586219e+00 2.09514831e+00
9.98000000e+09 1.44514220e+00 2.09442489e+00
9.99000000e+09 1.44442330e+00 2.09370256e+00
1.00000000e+10 1.44370548e+00 2.09298131e+00
1.00100000e+10 1.44298874e+00 2.09226114e+00
1.00200000e+10 1.44227307e+00 2.09154205e+00
1.00300000e+10 1.44155848e+00 2.09082403e+00
1.00400000e+10 1.44084496e+00 2.09010709e+00
1.00500000e+10 1.44013251e+00 2.08939122e+00
1.00600000e+10 1.43942113e+00 2.08867642e+00
1.00700000e+10 1.43871081e+00 2.08796268e+00
1.00800000e+10 1.43800155e+00 2.08725000e+00
1.00900000e+10 1.43729335e+00 2.08653838e+00
1.01000000e+10 1.43658620e+00 2.08582782e+00
1.01100000e+10 1.43588011e+00 2.08511832e+00
1.01200000e+10 1.43517507e+00 2.08440986e+00
1.01300000e+10 1.43447107e+00 2.08370246e+00
1.01400000e+10 1.43376813e+00 2.08299610e+00
1.01500000e+10 1.43306622e+00 2.08229078e+00
1.01600000e+10 1.43236535e+00 2.08158651e+00
1.01700000e+10 1.43166552e+00 2.08088328e+00
1.01800000e+10 1.43096673e+00 2.08018108e+00
1.01900000e+10 1.43026897e+00 2.07947991e+00
1.02000000e+10 1.42957223e+00 2.07877978e+00
1.02100000e+10 1.42887653e+00 2.07808068e+00
1.02200000e+10 1.42818185e+00 2.07738260e+00
1.02300000e+10 1.42748819e+00 2.07668555e+00
1.02400000e+10 1.42679555e+00 2.07598951e+00
1.02500000e+10 1.42610393e+00 2.07529450e+00
1.02600000e+10 1.42541333e+00 2.07460050e+00
1.02700000e+10 1.42472373e+00 2.07390752e+00
1.02800000e+10 1.42403515e+00 2.07321555e+00
1.02900000e+10 1.42334757e+00 2.07252458e+00
1.03000000e+10 1.42266100e+00 2.07183463e+00
1.03100000e+10 1.42197544e+00 2.07114567e+00
1.03200000e+10 1.42129087e+00 2.07045772e+00
1.03300000e+10 1.42060730e+00 2.06977077e+00
1.03400000e+10 1.41992472e+00 2.06908481e+00
1.03500000e+10 1.41924314e+00 2.06839985e+00
1.03600000e+10 1.41856255e+00 2.06771588e+00
1.03700000e+10 1.41788294e+00 2.06703290e+00
1.03800000e+10 1.41720433e+00 2.06635091e+00
1.03900000e+10 1.41652669e+00 2.06566990e+00
1.04000000e+10 1.41585004e+00 2.06498987e+00
1.04100000e+10 1.41517436e+00 2.06431083e+00
1.04200000e+10 1.41449966e+00 2.06363276e+00
1.04300000e+10 1.41382594e+00 2.06295567e+00
1.04400000e+10 1.41315319e+00 2.06227955e+00
1.04500000e+10 1.41248140e+00 2.06160440e+00
1.04600000e+10 1.41181059e+00 2.06093022e+00
1.04700000e+10 1.41114073e+00 2.06025700e+00
1.04800000e+10 1.41047184e+00 2.05958475e+00
1.04900000e+10 1.40980392e+00 2.05891346e+00
1.05000000e+10 1.40913694e+00 2.05824313e+00
1.05100000e+10 1.40847093e+00 2.05757376e+00
1.05200000e+10 1.40780586e+00 2.05690534e+00
1.05300000e+10 1.40714175e+00 2.05623787e+00
1.05400000e+10 1.40647859e+00 2.05557136e+00
1.05500000e+10 1.40581637e+00 2.05490579e+00
1.05600000e+10 1.40515510e+00 2.05424116e+00
1.05700000e+10 1.40449477e+00 2.05357748e+00
1.05800000e+10 1.40383538e+00 2.05291474e+00
1.05900000e+10 1.40317692e+00 2.05225294e+00
1.06000000e+10 1.40251941e+00 2.05159208e+00
1.06100000e+10 1.40186282e+00 2.05093215e+00
1.06200000e+10 1.40120717e+00 2.05027316e+00
1.06300000e+10 1.40055244e+00 2.04961509e+00
1.06400000e+10 1.39989864e+00 2.04895795e+00
1.06500000e+10 1.39924577e+00 2.04830174e+00
1.06600000e+10 1.39859382e+00 2.04764645e+00
1.06700000e+10 1.39794278e+00 2.04699208e+00
1.06800000e+10 1.39729267e+00 2.04633863e+00
1.06900000e+10 1.39664347e+00 2.04568610e+00
1.07000000e+10 1.39599519e+00 2.04503449e+00
1.07100000e+10 1.39534781e+00 2.04438378e+00
1.07200000e+10 1.39470135e+00 2.04373399e+00
1.07300000e+10 1.39405579e+00 2.04308511e+00
1.07400000e+10 1.39341114e+00 2.04243713e+00
1.07500000e+10 1.39276739e+00 2.04179005e+00
1.07600000e+10 1.39212455e+00 2.04114388e+00
1.07700000e+10 1.39148260e+00 2.04049861e+00
1.07800000e+10 1.39084155e+00 2.03985424e+00
1.07900000e+10 1.39020139e+00 2.03921076e+00
1.08000000e+10 1.38956212e+00 2.03856818e+00
1.08100000e+10 1.38892375e+00 2.03792649e+00
1.08200000e+10 1.38828626e+00 2.03728569e+00
1.08300000e+10 1.38764966e+00 2.03664577e+00
1.08400000e+10 1.38701395e+00 2.03600674e+00
1.08500000e+10 1.38637912e+00 2.03536860e+00
1.08600000e+10 1.38574516e+00 2.03473134e+00
1.08700000e+10 1.38511209e+00 2.03409495e+00
1.08800000e+10 1.38447989e+00 2.03345945e+00
1.08900000e+10 1.38384857e+00 2.03282482e+00
1.09000000e+10 1.38321812e+00 2.03219106e+00
1.09100000e+10 1.38258854e+00 2.03155817e+00
1.09200000e+10 1.38195982e+00 2.03092616e+00
1.09300000e+10 1.38133198e+00 2.03029501e+00
1.09400000e+10 1.38070499e+00 2.02966473e+00
1.09500000e+10 1.38007887e+00 2.02903531e+00
1.09600000e+10 1.37945361e+00 2.02840675e+00
1.09700000e+10 1.37882921e+00 2.02777905e+00
1.09800000e+10 1.37820567e+00 2.02715221e+00
1.09900000e+10 1.37758298e+00 2.02652623e+00
1.10000000e+10 1.37696114e+00 2.02590110e+00
1.10100000e+10 1.37634015e+00 2.02527682e+00
1.10200000e+10 1.37572001e+00 2.02465339e+00
1.10300000e+10 1.37510072e+00 2.02403081e+00
1.10400000e+10 1.37448228e+00 2.02340908e+00
1.10500000e+10 1.37386467e+00 2.02278819e+00
1.10600000e+10 1.37324791e+00 2.02216814e+00
1.10700000e+10 1.37263198e+00 2.02154893e+00
1.10800000e+10 1.37201690e+00 2.02093056e+00
1.10900000e+10 1.37140265e+00 2.02031303e+00
1.11000000e+10 1.37078923e+00 2.01969633e+00
1.11100000e+10 1.37017664e+00 2.01908047e+00
1.11200000e+10 1.36956489e+00 2.01846543e+00
1.11300000e+10 1.36895396e+00 2.01785123e+00
1.11400000e+10 1.36834385e+00 2.01723785e+00
1.11500000e+10 1.36773457e+00 2.01662530e+00
1.11600000e+10 1.36712612e+00 2.01601357e+00
1.11700000e+10 1.36651848e+00 2.01540266e+00
1.11800000e+10 1.36591166e+00 2.01479257e+00
1.11900000e+10 1.36530566e+00 2.01418330e+00
1.12000000e+10 1.36470048e+00 2.01357485e+00
1.12100000e+10 1.36409611e+00 2.01296721e+00
1.12200000e+10 1.36349254e+00 2.01236039e+00
1.12300000e+10 1.36288979e+00 2.01175437e+00
1.12400000e+10 1.36228785e+00 2.01114916e+00
1.12500000e+10 1.36168671e+00 2.01054476e+00
1.12600000e+10 1.36108638e+00 2.00994117e+00
1.12700000e+10 1.36048684e+00 2.00933838e+00
1.12800000e+10 1.35988811e+00 2.00873639e+00
1.12900000e+10 1.35929018e+00 2.00813520e+00
1.13000000e+10 1.35869305e+00 2.00753481e+00
1.13100000e+10 1.35809671e+00 2.00693522e+00
1.13200000e+10 1.35750116e+00 2.00633642e+00
1.13300000e+10 1.35690640e+00 2.00573841e+00
1.13400000e+10 1.35631244e+00 2.00514120e+00
1.13500000e+10 1.35571926e+00 2.00454477e+00
1.13600000e+10 1.35512687e+00 2.00394913e+00
1.13700000e+10 1.35453527e+00 2.00335428e+00
1.13800000e+10 1.35394445e+00 2.00276022e+00
1.13900000e+10 1.35335441e+00 2.00216693e+00
1.14000000e+10 1.35276514e+00 2.00157443e+00
1.14100000e+10 1.35217666e+00 2.00098270e+00
1.14200000e+10 1.35158895e+00 2.00039175e+00
1.14300000e+10 1.35100202e+00 1.99980158e+00
1.14400000e+10 1.35041586e+00 1.99921219e+00
1.14500000e+10 1.34983047e+00 1.99862356e+00
1.14600000e+10 1.34924585e+00 1.99803571e+00
1.14700000e+10 1.34866200e+00 1.99744862e+00
1.14800000e+10 1.34807892e+00 1.99686230e+00
1.14900000e+10 1.34749660e+00 1.99627675e+00
1.15000000e+10 1.34691504e+00 1.99569196e+00
1.15100000e+10 1.34633424e+00 1.99510793e+00
1.15200000e+10 1.34575421e+00 1.99452467e+00
1.15300000e+10 1.34517493e+00 1.99394216e+00
1.15400000e+10 1.34459640e+00 1.99336041e+00
1.15500000e+10 1.34401863e+00 1.99277942e+00
1.15600000e+10 1.34344162e+00 1.99219918e+00
1.15700000e+10 1.34286535e+00 1.99161969e+00
1.15800000e+10 1.34228984e+00 1.99104096e+00
1.15900000e+10 1.34171507e+00 1.99046297e+00
1.16000000e+10 1.34114105e+00 1.98988573e+00
1.16100000e+10 1.34056778e+00 1.98930924e+00
1.16200000e+10 1.33999524e+00 1.98873349e+00
1.16300000e+10 1.33942345e+00 1.98815848e+00
1.16400000e+10 1.33885240e+00 1.98758422e+00
1.16500000e+10 1.33828209e+00 1.98701069e+00
1.16600000e+10 1.33771252e+00 1.98643791e+00
1.16700000e+10 1.33714368e+00 1.98586585e+00
1.16800000e+10 1.33657557e+00 1.98529454e+00
1.16900000e+10 1.33600820e+00 1.98472396e+00
1.17000000e+10 1.33544155e+00 1.98415411e+00
1.17100000e+10 1.33487564e+00 1.98358499e+00
1.17200000e+10 1.33431045e+00 1.98301659e+00
1.17300000e+10 1.33374599e+00 1.98244893e+00
1.17400000e+10 1.33318225e+00 1.98188199e+00
1.17500000e+10 1.33261924e+00 1.98131577e+00
1.17600000e+10 1.33205695e+00 1.98075028e+00
1.17700000e+10 1.33149537e+00 1.98018551e+00
1.17800000e+10 1.33093452e+00 1.97962146e+00
1.17900000e+10 1.33037438e+00 1.97905812e+00
1.18000000e+10 1.32981496e+00 1.97849550e+00
1.18100000e+10 1.32925625e+00 1.97793360e+00
1.18200000e+10 1.32869825e+00 1.97737241e+00
1.18300000e+10 1.32814097e+00 1.97681193e+00
1.18400000e+10 1.32758439e+00 1.97625216e+00
1.18500000e+10 1.32702852e+00 1.97569310e+00
1.18600000e+10 1.32647336e+00 1.97513475e+00
1.18700000e+10 1.32591890e+00 1.97457711e+00
1.18800000e+10 1.32536514e+00 1.97402016e+00
1.18900000e+10 1.32481209e+00 1.97346392e+00
1.19000000e+10 1.32425973e+00 1.97290839e+00
1.19100000e+10 1.32370808e+00 1.97235355e+00
1.19200000e+10 1.32315712e+00 1.97179941e+00
1.19300000e+10 1.32260686e+00 1.97124597e+00
1.19400000e+10 1.32205729e+00 1.97069322e+00
1.19500000e+10 1.32150842e+00 1.97014117e+00
1.19600000e+10 1.32096024e+00 1.96958981e+00
1.19700000e+10 1.32041274e+00 1.96903914e+00
1.19800000e+10 1.31986594e+00 1.96848916e+00
1.19900000e+10 1.31931982e+00 1.96793987e+00
1.20000000e+10 1.31877439e+00 1.96739127e+00
1.20100000e+10 1.31822964e+00 1.96684335e+00
1.20200000e+10 1.31768558e+00 1.96629611e+00
1.20300000e+10 1.31714220e+00 1.96574956e+00
1.20400000e+10 1.31659950e+00 1.96520369e+00
1.20500000e+10 1.31605747e+00 1.96465850e+00
1.20600000e+10 1.31551612e+00 1.96411399e+00
1.20700000e+10 1.31497545e+00 1.96357015e+00
1.20800000e+10 1.31443546e+00 1.96302699e+00
1.20900000e+10 1.31389613e+00 1.96248450e+00
1.21000000e+10 1.31335748e+00 1.96194269e+00
1.21100000e+10 1.31281950e+00 1.96140155e+00
1.21200000e+10 1.31228219e+00 1.96086108e+00
1.21300000e+10 1.31174554e+00 1.96032127e+00
1.21400000e+10 1.31120956e+00 1.95978214e+00
1.21500000e+10 1.31067425e+00 1.95924367e+00
1.21600000e+10 1.31013960e+00 1.95870586e+00
1.21700000e+10 1.30960561e+00 1.95816872e+00
1.21800000e+10 1.30907228e+00 1.95763224e+00
1.21900000e+10 1.30853961e+00 1.95709642e+00
1.22000000e+10 1.30800760e+00 1.95656125e+00
1.22100000e+10 1.30747625e+00 1.95602675e+00
1.22200000e+10 1.30694555e+00 1.95549290e+00
1.22300000e+10 1.30641550e+00 1.95495971e+00
1.22400000e+10 1.30588611e+00 1.95442717e+00
1.22500000e+10 1.30535737e+00 1.95389529e+00
1.22600000e+10 1.30482928e+00 1.95336405e+00
1.22700000e+10 1.30430183e+00 1.95283346e+00
1.22800000e+10 1.30377504e+00 1.95230353e+00
1.22900000e+10 1.30324889e+00 1.95177424e+00
1.23000000e+10 1.30272338e+00 1.95124559e+00
1.23100000e+10 1.30219852e+00 1.95071759e+00
1.23200000e+10 1.30167430e+00 1.95019024e+00
1.23300000e+10 1.30115072e+00 1.94966352e+00
1.23400000e+10 1.30062778e+00 1.94913745e+00
1.23500000e+10 1.30010548e+00 1.94861201e+00
1.23600000e+10 1.29958382e+00 1.94808721e+00
1.23700000e+10 1.29906279e+00 1.94756305e+00
1.23800000e+10 1.29854240e+00 1.94703953e+00
1.23900000e+10 1.29802263e+00 1.94651663e+00
1.24000000e+10 1.29750350e+00 1.94599438e+00
1.24100000e+10 1.29698500e+00 1.94547275e+00
1.24200000e+10 1.29646713e+00 1.94495175e+00
1.24300000e+10 1.29594989e+00 1.94443138e+00
1.24400000e+10 1.29543328e+00 1.94391164e+00
1.24500000e+10 1.29491729e+00 1.94339253e+00
1.24600000e+10 1.29440192e+00 1.94287404e+00
1.24700000e+10 1.29388718e+00 1.94235618e+00
1.24800000e+10 1.29337305e+00 1.94183893e+00
1.24900000e+10 1.29285955e+00 1.94132231e+00
1.25000000e+10 1.29234667e+00 1.94080631e+00
1.25100000e+10 1.29183441e+00 1.94029093e+00
1.25200000e+10 1.29132276e+00 1.93977617e+00
1.25300000e+10 1.29081173e+00 1.93926202e+00
1.25400000e+10 1.29030131e+00 1.93874849e+00
1.25500000e+10 1.28979150e+00 1.93823557e+00
1.25600000e+10 1.28928231e+00 1.93772327e+00
1.25700000e+10 1.28877373e+00 1.93721157e+00
1.25800000e+10 1.28826576e+00 1.93670049e+00
1.25900000e+10 1.28775839e+00 1.93619002e+00
1.26000000e+10 1.28725163e+00 1.93568015e+00
1.26100000e+10 1.28674548e+00 1.93517089e+00
1.26200000e+10 1.28623993e+00 1.93466224e+00
1.26300000e+10 1.28573499e+00 1.93415419e+00
1.26400000e+10 1.28523064e+00 1.93364675e+00
1.26500000e+10 1.28472690e+00 1.93313990e+00
1.26600000e+10 1.28422376e+00 1.93263366e+00
1.26700000e+10 1.28372122e+00 1.93212801e+00
1.26800000e+10 1.28321927e+00 1.93162297e+00
1.26900000e+10 1.28271792e+00 1.93111852e+00
1.27000000e+10 1.28221717e+00 1.93061467e+00
1.27100000e+10 1.28171701e+00 1.93011141e+00
1.27200000e+10 1.28121744e+00 1.92960875e+00
1.27300000e+10 1.28071846e+00 1.92910668e+00
1.27400000e+10 1.28022008e+00 1.92860520e+00
1.27500000e+10 1.27972228e+00 1.92810431e+00
1.27600000e+10 1.27922507e+00 1.92760401e+00
1.27700000e+10 1.27872845e+00 1.92710430e+00
1.27800000e+10 1.27823241e+00 1.92660518e+00
1.27900000e+10 1.27773696e+00 1.92610664e+00
1.28000000e+10 1.27724209e+00 1.92560868e+00
1.28100000e+10 1.27674781e+00 1.92511131e+00
1.28200000e+10 1.27625410e+00 1.92461452e+00
1.28300000e+10 1.27576098e+00 1.92411831e+00
1.28400000e+10 1.27526843e+00 1.92362269e+00
1.28500000e+10 1.27477647e+00 1.92312764e+00
1.28600000e+10 1.27428507e+00 1.92263316e+00
1.28700000e+10 1.27379426e+00 1.92213927e+00
1.28800000e+10 1.27330402e+00 1.92164595e+00
1.28900000e+10 1.27281435e+00 1.92115321e+00
1.29000000e+10 1.27232526e+00 1.92066103e+00
1.29100000e+10 1.27183673e+00 1.92016943e+00
1.29200000e+10 1.27134878e+00 1.91967840e+00
1.29300000e+10 1.27086139e+00 1.91918795e+00
1.29400000e+10 1.27037457e+00 1.91869806e+00
1.29500000e+10 1.26988832e+00 1.91820873e+00
1.29600000e+10 1.26940264e+00 1.91771998e+00
1.29700000e+10 1.26891752e+00 1.91723179e+00
1.29800000e+10 1.26843296e+00 1.91674416e+00
1.29900000e+10 1.26794897e+00 1.91625710e+00
1.30000000e+10 1.26746553e+00 1.91577060e+00
1.30100000e+10 1.26698266e+00 1.91528466e+00
1.30200000e+10 1.26650034e+00 1.91479928e+00
1.30300000e+10 1.26601859e+00 1.91431446e+00
1.30400000e+10 1.26553739e+00 1.91383020e+00
1.30500000e+10 1.26505675e+00 1.91334650e+00
1.30600000e+10 1.26457666e+00 1.91286335e+00
1.30700000e+10 1.26409712e+00 1.91238075e+00
1.30800000e+10 1.26361814e+00 1.91189871e+00
1.30900000e+10 1.26313971e+00 1.91141723e+00
1.31000000e+10 1.26266183e+00 1.91093629e+00
1.31100000e+10 1.26218450e+00 1.91045590e+00
1.31200000e+10 1.26170772e+00 1.90997607e+00
1.31300000e+10 1.26123148e+00 1.90949678e+00
1.31400000e+10 1.26075580e+00 1.90901804e+00
1.31500000e+10 1.26028065e+00 1.90853985e+00
1.31600000e+10 1.25980606e+00 1.90806220e+00
1.31700000e+10 1.25933200e+00 1.90758509e+00
1.31800000e+10 1.25885849e+00 1.90710853e+00
1.31900000e+10 1.25838552e+00 1.90663252e+00
1.32000000e+10 1.25791309e+00 1.90615704e+00
1.32100000e+10 1.25744120e+00 1.90568210e+00
1.32200000e+10 1.25696984e+00 1.90520770e+00
1.32300000e+10 1.25649903e+00 1.90473384e+00
1.32400000e+10 1.25602875e+00 1.90426052e+00
1.32500000e+10 1.25555900e+00 1.90378773e+00
1.32600000e+10 1.25508979e+00 1.90331548e+00
1.32700000e+10 1.25462111e+00 1.90284377e+00
1.32800000e+10 1.25415297e+00 1.90237258e+00
1.32900000e+10 1.25368535e+00 1.90190193e+00
1.33000000e+10 1.25321827e+00 1.90143181e+00
1.33100000e+10 1.25275171e+00 1.90096222e+00
1.33200000e+10 1.25228569e+00 1.90049316e+00
1.33300000e+10 1.25182019e+00 1.90002462e+00
1.33400000e+10 1.25135521e+00 1.89955662e+00
1.33500000e+10 1.25089077e+00 1.89908914e+00
1.33600000e+10 1.25042684e+00 1.89862218e+00
1.33700000e+10 1.24996344e+00 1.89815575e+00
1.33800000e+10 1.24950056e+00 1.89768984e+00
1.33900000e+10 1.24903820e+00 1.89722446e+00
1.34000000e+10 1.24857637e+00 1.89675959e+00
1.34100000e+10 1.24811505e+00 1.89629525e+00
1.34200000e+10 1.24765425e+00 1.89583142e+00
1.34300000e+10 1.24719397e+00 1.89536812e+00
1.34400000e+10 1.24673420e+00 1.89490533e+00
1.34500000e+10 1.24627495e+00 1.89444306e+00
1.34600000e+10 1.24581622e+00 1.89398130e+00
1.34700000e+10 1.24535799e+00 1.89352006e+00
1.34800000e+10 1.24490028e+00 1.89305933e+00
1.34900000e+10 1.24444309e+00 1.89259911e+00
1.35000000e+10 1.24398640e+00 1.89213941e+00
1.35100000e+10 1.24353022e+00 1.89168021e+00
1.35200000e+10 1.24307455e+00 1.89122153e+00
1.35300000e+10 1.24261939e+00 1.89076335e+00
1.35400000e+10 1.24216474e+00 1.89030569e+00
1.35500000e+10 1.24171059e+00 1.88984853e+00
1.35600000e+10 1.24125695e+00 1.88939187e+00
1.35700000e+10 1.24080381e+00 1.88893572e+00
1.35800000e+10 1.24035117e+00 1.88848008e+00
1.35900000e+10 1.23989904e+00 1.88802494e+00
1.36000000e+10 1.23944741e+00 1.88757030e+00
1.36100000e+10 1.23899628e+00 1.88711616e+00
1.36200000e+10 1.23854565e+00 1.88666252e+00
1.36300000e+10 1.23809551e+00 1.88620938e+00
1.36400000e+10 1.23764588e+00 1.88575674e+00
1.36500000e+10 1.23719674e+00 1.88530460e+00
1.36600000e+10 1.23674810e+00 1.88485296e+00
1.36700000e+10 1.23629995e+00 1.88440181e+00
1.36800000e+10 1.23585230e+00 1.88395115e+00
1.36900000e+10 1.23540513e+00 1.88350099e+00
1.37000000e+10 1.23495847e+00 1.88305132e+00
1.37100000e+10 1.23451229e+00 1.88260215e+00
1.37200000e+10 1.23406660e+00 1.88215347e+00
1.37300000e+10 1.23362141e+00 1.88170527e+00
1.37400000e+10 1.23317670e+00 1.88125757e+00
1.37500000e+10 1.23273248e+00 1.88081036e+00
1.37600000e+10 1.23228874e+00 1.88036363e+00
1.37700000e+10 1.23184550e+00 1.87991739e+00
1.37800000e+10 1.23140273e+00 1.87947164e+00
1.37900000e+10 1.23096046e+00 1.87902637e+00
1.38000000e+10 1.23051866e+00 1.87858158e+00
1.38100000e+10 1.23007735e+00 1.87813728e+00
1.38200000e+10 1.22963652e+00 1.87769347e+00
1.38300000e+10 1.22919617e+00 1.87725013e+00
1.38400000e+10 1.22875630e+00 1.87680727e+00
1.38500000e+10 1.22831691e+00 1.87636490e+00
1.38600000e+10 1.22787799e+00 1.87592300e+00
1.38700000e+10 1.22743956e+00 1.87548158e+00
1.38800000e+10 1.22700160e+00 1.87504064e+00
1.38900000e+10 1.22656412e+00 1.87460018e+00
1.39000000e+10 1.22612711e+00 1.87416019e+00
1.39100000e+10 1.22569057e+00 1.87372068e+00
1.39200000e+10 1.22525451e+00 1.87328164e+00
1.39300000e+10 1.22481892e+00 1.87284307e+00
1.39400000e+10 1.22438380e+00 1.87240497e+00
1.39500000e+10 1.22394915e+00 1.87196735e+00
1.39600000e+10 1.22351498e+00 1.87153020e+00
1.39700000e+10 1.22308127e+00 1.87109351e+00
1.39800000e+10 1.22264802e+00 1.87065730e+00
1.39900000e+10 1.22221525e+00 1.87022155e+00
1.40000000e+10 1.22178294e+00 1.86978628e+00
1.40100000e+10 1.22135110e+00 1.86935146e+00
1.40200000e+10 1.22091972e+00 1.86891712e+00
1.40300000e+10 1.22048881e+00 1.86848323e+00
1.40400000e+10 1.22005836e+00 1.86804981e+00
1.40500000e+10 1.21962837e+00 1.86761686e+00
1.40600000e+10 1.21919884e+00 1.86718437e+00
1.40700000e+10 1.21876977e+00 1.86675233e+00
1.40800000e+10 1.21834116e+00 1.86632076e+00
1.40900000e+10 1.21791302e+00 1.86588965e+00
1.41000000e+10 1.21748533e+00 1.86545900e+00
1.41100000e+10 1.21705809e+00 1.86502880e+00
1.41200000e+10 1.21663131e+00 1.86459907e+00
1.41300000e+10 1.21620499e+00 1.86416979e+00
1.41400000e+10 1.21577913e+00 1.86374096e+00
1.41500000e+10 1.21535371e+00 1.86331259e+00
1.41600000e+10 1.21492876e+00 1.86288468e+00
1.41700000e+10 1.21450425e+00 1.86245721e+00
1.41800000e+10 1.21408019e+00 1.86203020e+00
1.41900000e+10 1.21365659e+00 1.86160365e+00
1.42000000e+10 1.21323343e+00 1.86117754e+00
1.42100000e+10 1.21281073e+00 1.86075188e+00
1.42200000e+10 1.21238847e+00 1.86032667e+00
1.42300000e+10 1.21196666e+00 1.85990191e+00
1.42400000e+10 1.21154530e+00 1.85947760e+00
1.42500000e+10 1.21112439e+00 1.85905374e+00
1.42600000e+10 1.21070391e+00 1.85863032e+00
1.42700000e+10 1.21028389e+00 1.85820735e+00
1.42800000e+10 1.20986431e+00 1.85778482e+00
1.42900000e+10 1.20944517e+00 1.85736273e+00
1.43000000e+10 1.20902647e+00 1.85694109e+00
1.43100000e+10 1.20860821e+00 1.85651989e+00
1.43200000e+10 1.20819040e+00 1.85609914e+00
1.43300000e+10 1.20777302e+00 1.85567882e+00
1.43400000e+10 1.20735609e+00 1.85525894e+00
1.43500000e+10 1.20693959e+00 1.85483951e+00
1.43600000e+10 1.20652353e+00 1.85442051e+00
1.43700000e+10 1.20610791e+00 1.85400195e+00
1.43800000e+10 1.20569272e+00 1.85358382e+00
1.43900000e+10 1.20527797e+00 1.85316613e+00
1.44000000e+10 1.20486365e+00 1.85274888e+00
1.44100000e+10 1.20444977e+00 1.85233206e+00
1.44200000e+10 1.20403631e+00 1.85191568e+00
1.44300000e+10 1.20362330e+00 1.85149973e+00
1.44400000e+10 1.20321071e+00 1.85108421e+00
1.44500000e+10 1.20279855e+00 1.85066912e+00
1.44600000e+10 1.20238683e+00 1.85025447e+00
1.44700000e+10 1.20197553e+00 1.84984024e+00
1.44800000e+10 1.20156466e+00 1.84942644e+00
1.44900000e+10 1.20115422e+00 1.84901308e+00
1.45000000e+10 1.20074421e+00 1.84860014e+00
1.45100000e+10 1.20033462e+00 1.84818762e+00
1.45200000e+10 1.19992546e+00 1.84777554e+00
1.45300000e+10 1.19951673e+00 1.84736388e+00
1.45400000e+10 1.19910841e+00 1.84695264e+00
1.45500000e+10 1.19870053e+00 1.84654183e+00
1.45600000e+10 1.19829306e+00 1.84613145e+00
1.45700000e+10 1.19788602e+00 1.84572148e+00
1.45800000e+10 1.19747939e+00 1.84531194e+00
1.45900000e+10 1.19707319e+00 1.84490282e+00
1.46000000e+10 1.19666741e+00 1.84449412e+00
1.46100000e+10 1.19626205e+00 1.84408584e+00
1.46200000e+10 1.19585710e+00 1.84367798e+00
1.46300000e+10 1.19545257e+00 1.84327053e+00
1.46400000e+10 1.19504846e+00 1.84286351e+00
1.46500000e+10 1.19464477e+00 1.84245690e+00
1.46600000e+10 1.19424149e+00 1.84205071e+00
1.46700000e+10 1.19383863e+00 1.84164493e+00
1.46800000e+10 1.19343618e+00 1.84123957e+00
1.46900000e+10 1.19303414e+00 1.84083463e+00
1.47000000e+10 1.19263252e+00 1.84043009e+00
1.47100000e+10 1.19223131e+00 1.84002598e+00
1.47200000e+10 1.19183051e+00 1.83962227e+00
1.47300000e+10 1.19143012e+00 1.83921897e+00
1.47400000e+10 1.19103014e+00 1.83881609e+00
1.47500000e+10 1.19063057e+00 1.83841361e+00
1.47600000e+10 1.19023141e+00 1.83801154e+00
1.47700000e+10 1.18983265e+00 1.83760989e+00
1.47800000e+10 1.18943431e+00 1.83720864e+00
1.47900000e+10 1.18903637e+00 1.83680780e+00
1.48000000e+10 1.18863883e+00 1.83640736e+00
1.48100000e+10 1.18824170e+00 1.83600733e+00
1.48200000e+10 1.18784498e+00 1.83560771e+00
1.48300000e+10 1.18744866e+00 1.83520849e+00
1.48400000e+10 1.18705274e+00 1.83480967e+00
1.48500000e+10 1.18665722e+00 1.83441126e+00
1.48600000e+10 1.18626211e+00 1.83401325e+00
1.48700000e+10 1.18586740e+00 1.83361564e+00
1.48800000e+10 1.18547308e+00 1.83321843e+00
1.48900000e+10 1.18507917e+00 1.83282163e+00
1.49000000e+10 1.18468566e+00 1.83242522e+00
1.49100000e+10 1.18429254e+00 1.83202921e+00
1.49200000e+10 1.18389982e+00 1.83163360e+00
1.49300000e+10 1.18350750e+00 1.83123839e+00
1.49400000e+10 1.18311558e+00 1.83084358e+00
1.49500000e+10 1.18272405e+00 1.83044916e+00
1.49600000e+10 1.18233291e+00 1.83005514e+00
1.49700000e+10 1.18194217e+00 1.82966151e+00
1.49800000e+10 1.18155183e+00 1.82926828e+00
1.49900000e+10 1.18116187e+00 1.82887544e+00
1.50000000e+10 1.18077231e+00 1.82848299e+00
1.50100000e+10 1.18038314e+00 1.82809094e+00
1.50200000e+10 1.17999436e+00 1.82769928e+00
1.50300000e+10 1.17960598e+00 1.82730801e+00
1.50400000e+10 1.17921798e+00 1.82691713e+00
1.50500000e+10 1.17883037e+00 1.82652664e+00
1.50600000e+10 1.17844315e+00 1.82613654e+00
1.50700000e+10 1.17805632e+00 1.82574683e+00
1.50800000e+10 1.17766987e+00 1.82535751e+00
1.50900000e+10 1.17728381e+00 1.82496857e+00
1.51000000e+10 1.17689814e+00 1.82458003e+00
1.51100000e+10 1.17651285e+00 1.82419186e+00
1.51200000e+10 1.17612795e+00 1.82380409e+00
1.51300000e+10 1.17574343e+00 1.82341669e+00
1.51400000e+10 1.17535930e+00 1.82302968e+00
1.51500000e+10 1.17497554e+00 1.82264306e+00
1.51600000e+10 1.17459217e+00 1.82225682e+00
1.51700000e+10 1.17420918e+00 1.82187096e+00
1.51800000e+10 1.17382658e+00 1.82148548e+00
1.51900000e+10 1.17344435e+00 1.82110038e+00
1.52000000e+10 1.17306250e+00 1.82071567e+00
1.52100000e+10 1.17268103e+00 1.82033133e+00
1.52200000e+10 1.17229994e+00 1.81994737e+00
1.52300000e+10 1.17191922e+00 1.81956379e+00
1.52400000e+10 1.17153889e+00 1.81918059e+00
1.52500000e+10 1.17115893e+00 1.81879777e+00
1.52600000e+10 1.17077934e+00 1.81841532e+00
1.52700000e+10 1.17040013e+00 1.81803325e+00
1.52800000e+10 1.17002130e+00 1.81765155e+00
1.52900000e+10 1.16964284e+00 1.81727023e+00
1.53000000e+10 1.16926475e+00 1.81688929e+00
1.53100000e+10 1.16888704e+00 1.81650871e+00
1.53200000e+10 1.16850970e+00 1.81612851e+00
1.53300000e+10 1.16813273e+00 1.81574868e+00
1.53400000e+10 1.16775613e+00 1.81536923e+00
1.53500000e+10 1.16737990e+00 1.81499014e+00
1.53600000e+10 1.16700404e+00 1.81461143e+00
1.53700000e+10 1.16662855e+00 1.81423308e+00
1.53800000e+10 1.16625343e+00 1.81385511e+00
1.53900000e+10 1.16587867e+00 1.81347750e+00
1.54000000e+10 1.16550429e+00 1.81310027e+00
1.54100000e+10 1.16513027e+00 1.81272340e+00
1.54200000e+10 1.16475662e+00 1.81234689e+00
1.54300000e+10 1.16438333e+00 1.81197075e+00
1.54400000e+10 1.16401040e+00 1.81159498e+00
1.54500000e+10 1.16363785e+00 1.81121958e+00
1.54600000e+10 1.16326565e+00 1.81084454e+00
1.54700000e+10 1.16289382e+00 1.81046986e+00
1.54800000e+10 1.16252235e+00 1.81009554e+00
1.54900000e+10 1.16215125e+00 1.80972159e+00
1.55000000e+10 1.16178050e+00 1.80934800e+00
1.55100000e+10 1.16141012e+00 1.80897478e+00
1.55200000e+10 1.16104009e+00 1.80860191e+00
1.55300000e+10 1.16067043e+00 1.80822941e+00
1.55400000e+10 1.16030112e+00 1.80785726e+00
1.55500000e+10 1.15993218e+00 1.80748547e+00
1.55600000e+10 1.15956359e+00 1.80711405e+00
1.55700000e+10 1.15919536e+00 1.80674298e+00
1.55800000e+10 1.15882748e+00 1.80637226e+00
1.55900000e+10 1.15845997e+00 1.80600191e+00
1.56000000e+10 1.15809281e+00 1.80563191e+00
1.56100000e+10 1.15772600e+00 1.80526227e+00
1.56200000e+10 1.15735955e+00 1.80489298e+00
1.56300000e+10 1.15699345e+00 1.80452405e+00
1.56400000e+10 1.15662770e+00 1.80415547e+00
1.56500000e+10 1.15626231e+00 1.80378725e+00
1.56600000e+10 1.15589727e+00 1.80341938e+00
1.56700000e+10 1.15553258e+00 1.80305186e+00
1.56800000e+10 1.15516825e+00 1.80268469e+00
1.56900000e+10 1.15480426e+00 1.80231788e+00
1.57000000e+10 1.15444062e+00 1.80195141e+00
1.57100000e+10 1.15407734e+00 1.80158530e+00
1.57200000e+10 1.15371440e+00 1.80121953e+00
1.57300000e+10 1.15335181e+00 1.80085412e+00
1.57400000e+10 1.15298957e+00 1.80048905e+00
1.57500000e+10 1.15262767e+00 1.80012433e+00
1.57600000e+10 1.15226613e+00 1.79975996e+00
1.57700000e+10 1.15190493e+00 1.79939594e+00
1.57800000e+10 1.15154407e+00 1.79903226e+00
1.57900000e+10 1.15118356e+00 1.79866893e+00
1.58000000e+10 1.15082339e+00 1.79830594e+00
1.58100000e+10 1.15046357e+00 1.79794330e+00
1.58200000e+10 1.15010409e+00 1.79758100e+00
1.58300000e+10 1.14974496e+00 1.79721905e+00
1.58400000e+10 1.14938616e+00 1.79685744e+00
1.58500000e+10 1.14902771e+00 1.79649617e+00
1.58600000e+10 1.14866960e+00 1.79613524e+00
1.58700000e+10 1.14831183e+00 1.79577466e+00
1.58800000e+10 1.14795440e+00 1.79541442e+00
1.58900000e+10 1.14759731e+00 1.79505451e+00
1.59000000e+10 1.14724056e+00 1.79469495e+00
1.59100000e+10 1.14688415e+00 1.79433573e+00
1.59200000e+10 1.14652808e+00 1.79397684e+00
1.59300000e+10 1.14617234e+00 1.79361829e+00
1.59400000e+10 1.14581694e+00 1.79326009e+00
1.59500000e+10 1.14546188e+00 1.79290221e+00
1.59600000e+10 1.14510715e+00 1.79254468e+00
1.59700000e+10 1.14475276e+00 1.79218748e+00
1.59800000e+10 1.14439871e+00 1.79183062e+00
1.59900000e+10 1.14404499e+00 1.79147409e+00
1.60000000e+10 1.14369160e+00 1.79111790e+00
1.60100000e+10 1.14333854e+00 1.79076204e+00
1.60200000e+10 1.14298582e+00 1.79040651e+00
1.60300000e+10 1.14263343e+00 1.79005132e+00
1.60400000e+10 1.14228137e+00 1.78969646e+00
1.60500000e+10 1.14192965e+00 1.78934193e+00
1.60600000e+10 1.14157825e+00 1.78898774e+00
1.60700000e+10 1.14122719e+00 1.78863387e+00
1.60800000e+10 1.14087645e+00 1.78828034e+00
1.60900000e+10 1.14052605e+00 1.78792713e+00
1.61000000e+10 1.14017597e+00 1.78757426e+00
1.61100000e+10 1.13982622e+00 1.78722171e+00
1.61200000e+10 1.13947680e+00 1.78686949e+00
1.61300000e+10 1.13912770e+00 1.78651760e+00
1.61400000e+10 1.13877893e+00 1.78616604e+00
1.61500000e+10 1.13843049e+00 1.78581480e+00
1.61600000e+10 1.13808238e+00 1.78546389e+00
1.61700000e+10 1.13773459e+00 1.78511331e+00
1.61800000e+10 1.13738712e+00 1.78476305e+00
1.61900000e+10 1.13703998e+00 1.78441312e+00
1.62000000e+10 1.13669316e+00 1.78406351e+00
1.62100000e+10 1.13634666e+00 1.78371423e+00
1.62200000e+10 1.13600049e+00 1.78336526e+00
1.62300000e+10 1.13565464e+00 1.78301663e+00
1.62400000e+10 1.13530911e+00 1.78266831e+00
1.62500000e+10 1.13496390e+00 1.78232032e+00
1.62600000e+10 1.13461902e+00 1.78197264e+00
1.62700000e+10 1.13427445e+00 1.78162529e+00
1.62800000e+10 1.13393020e+00 1.78127826e+00
1.62900000e+10 1.13358628e+00 1.78093155e+00
1.63000000e+10 1.13324267e+00 1.78058516e+00
1.63100000e+10 1.13289938e+00 1.78023908e+00
1.63200000e+10 1.13255640e+00 1.77989333e+00
1.63300000e+10 1.13221375e+00 1.77954789e+00
1.63400000e+10 1.13187141e+00 1.77920277e+00
1.63500000e+10 1.13152938e+00 1.77885797e+00
1.63600000e+10 1.13118768e+00 1.77851349e+00
1.63700000e+10 1.13084629e+00 1.77816932e+00
1.63800000e+10 1.13050521e+00 1.77782546e+00
1.63900000e+10 1.13016445e+00 1.77748193e+00
1.64000000e+10 1.12982400e+00 1.77713870e+00
1.64100000e+10 1.12948386e+00 1.77679579e+00
1.64200000e+10 1.12914404e+00 1.77645320e+00
1.64300000e+10 1.12880453e+00 1.77611091e+00
1.64400000e+10 1.12846533e+00 1.77576894e+00
1.64500000e+10 1.12812645e+00 1.77542728e+00
1.64600000e+10 1.12778787e+00 1.77508594e+00
1.64700000e+10 1.12744961e+00 1.77474490e+00
1.64800000e+10 1.12711165e+00 1.77440418e+00
1.64900000e+10 1.12677401e+00 1.77406376e+00
1.65000000e+10 1.12643667e+00 1.77372366e+00
1.65100000e+10 1.12609964e+00 1.77338386e+00
1.65200000e+10 1.12576292e+00 1.77304438e+00
1.65300000e+10 1.12542651e+00 1.77270520e+00
1.65400000e+10 1.12509041e+00 1.77236633e+00
1.65500000e+10 1.12475461e+00 1.77202777e+00
1.65600000e+10 1.12441912e+00 1.77168952e+00
1.65700000e+10 1.12408393e+00 1.77135157e+00
1.65800000e+10 1.12374905e+00 1.77101393e+00
1.65900000e+10 1.12341448e+00 1.77067659e+00
1.66000000e+10 1.12308021e+00 1.77033956e+00
1.66100000e+10 1.12274624e+00 1.77000283e+00
1.66200000e+10 1.12241258e+00 1.76966641e+00
1.66300000e+10 1.12207922e+00 1.76933029e+00
1.66400000e+10 1.12174616e+00 1.76899448e+00
1.66500000e+10 1.12141341e+00 1.76865896e+00
1.66600000e+10 1.12108096e+00 1.76832376e+00
1.66700000e+10 1.12074881e+00 1.76798885e+00
1.66800000e+10 1.12041696e+00 1.76765424e+00
1.66900000e+10 1.12008541e+00 1.76731994e+00
1.67000000e+10 1.11975416e+00 1.76698593e+00
1.67100000e+10 1.11942320e+00 1.76665223e+00
1.67200000e+10 1.11909255e+00 1.76631883e+00
1.67300000e+10 1.11876220e+00 1.76598572e+00
1.67400000e+10 1.11843214e+00 1.76565292e+00
1.67500000e+10 1.11810239e+00 1.76532041e+00
1.67600000e+10 1.11777293e+00 1.76498820e+00
1.67700000e+10 1.11744377e+00 1.76465629e+00
1.67800000e+10 1.11711490e+00 1.76432467e+00
1.67900000e+10 1.11678633e+00 1.76399336e+00
1.68000000e+10 1.11645805e+00 1.76366233e+00
1.68100000e+10 1.11613007e+00 1.76333161e+00
1.68200000e+10 1.11580239e+00 1.76300118e+00
1.68300000e+10 1.11547500e+00 1.76267104e+00
1.68400000e+10 1.11514790e+00 1.76234120e+00
1.68500000e+10 1.11482109e+00 1.76201165e+00
1.68600000e+10 1.11449458e+00 1.76168240e+00
1.68700000e+10 1.11416836e+00 1.76135344e+00
1.68800000e+10 1.11384244e+00 1.76102477e+00
1.68900000e+10 1.11351680e+00 1.76069640e+00
1.69000000e+10 1.11319146e+00 1.76036831e+00
1.69100000e+10 1.11286641e+00 1.76004052e+00
1.69200000e+10 1.11254164e+00 1.75971302e+00
1.69300000e+10 1.11221717e+00 1.75938581e+00
1.69400000e+10 1.11189299e+00 1.75905889e+00
1.69500000e+10 1.11156909e+00 1.75873226e+00
1.69600000e+10 1.11124548e+00 1.75840592e+00
1.69700000e+10 1.11092217e+00 1.75807986e+00
1.69800000e+10 1.11059914e+00 1.75775410e+00
1.69900000e+10 1.11027639e+00 1.75742862e+00
1.70000000e+10 1.10995394e+00 1.75710344e+00
1.70100000e+10 1.10963177e+00 1.75677853e+00
1.70200000e+10 1.10930989e+00 1.75645392e+00
1.70300000e+10 1.10898829e+00 1.75612959e+00
1.70400000e+10 1.10866698e+00 1.75580555e+00
1.70500000e+10 1.10834595e+00 1.75548179e+00
1.70600000e+10 1.10802520e+00 1.75515832e+00
1.70700000e+10 1.10770474e+00 1.75483513e+00
1.70800000e+10 1.10738457e+00 1.75451223e+00
1.70900000e+10 1.10706468e+00 1.75418961e+00
1.71000000e+10 1.10674507e+00 1.75386728e+00
1.71100000e+10 1.10642574e+00 1.75354522e+00
1.71200000e+10 1.10610669e+00 1.75322346e+00
1.71300000e+10 1.10578793e+00 1.75290197e+00
1.71400000e+10 1.10546945e+00 1.75258076e+00
1.71500000e+10 1.10515124e+00 1.75225984e+00
1.71600000e+10 1.10483332e+00 1.75193919e+00
1.71700000e+10 1.10451568e+00 1.75161883e+00
1.71800000e+10 1.10419831e+00 1.75129875e+00
1.71900000e+10 1.10388123e+00 1.75097894e+00
1.72000000e+10 1.10356443e+00 1.75065942e+00
1.72100000e+10 1.10324790e+00 1.75034017e+00
1.72200000e+10 1.10293165e+00 1.75002121e+00
1.72300000e+10 1.10261568e+00 1.74970252e+00
1.72400000e+10 1.10229998e+00 1.74938411e+00
1.72500000e+10 1.10198456e+00 1.74906598e+00
1.72600000e+10 1.10166942e+00 1.74874812e+00
1.72700000e+10 1.10135456e+00 1.74843054e+00
1.72800000e+10 1.10103996e+00 1.74811323e+00
1.72900000e+10 1.10072565e+00 1.74779621e+00
1.73000000e+10 1.10041161e+00 1.74747945e+00
1.73100000e+10 1.10009784e+00 1.74716298e+00
1.73200000e+10 1.09978435e+00 1.74684677e+00
1.73300000e+10 1.09947113e+00 1.74653084e+00
1.73400000e+10 1.09915818e+00 1.74621519e+00
1.73500000e+10 1.09884551e+00 1.74589980e+00
1.73600000e+10 1.09853310e+00 1.74558469e+00
1.73700000e+10 1.09822097e+00 1.74526986e+00
1.73800000e+10 1.09790912e+00 1.74495529e+00
1.73900000e+10 1.09759753e+00 1.74464100e+00
1.74000000e+10 1.09728621e+00 1.74432698e+00
1.74100000e+10 1.09697517e+00 1.74401323e+00
1.74200000e+10 1.09666439e+00 1.74369975e+00
1.74300000e+10 1.09635388e+00 1.74338654e+00
1.74400000e+10 1.09604364e+00 1.74307360e+00
1.74500000e+10 1.09573367e+00 1.74276093e+00
1.74600000e+10 1.09542397e+00 1.74244852e+00
1.74700000e+10 1.09511454e+00 1.74213639e+00
1.74800000e+10 1.09480538e+00 1.74182453e+00
1.74900000e+10 1.09449648e+00 1.74151293e+00
1.75000000e+10 1.09418785e+00 1.74120160e+00
1.75100000e+10 1.09387948e+00 1.74089054e+00
1.75200000e+10 1.09357138e+00 1.74057974e+00
1.75300000e+10 1.09326355e+00 1.74026921e+00
1.75400000e+10 1.09295598e+00 1.73995895e+00
1.75500000e+10 1.09264868e+00 1.73964895e+00
1.75600000e+10 1.09234164e+00 1.73933922e+00
1.75700000e+10 1.09203487e+00 1.73902975e+00
1.75800000e+10 1.09172836e+00 1.73872055e+00
1.75900000e+10 1.09142211e+00 1.73841161e+00
1.76000000e+10 1.09111613e+00 1.73810294e+00
1.76100000e+10 1.09081041e+00 1.73779452e+00
1.76200000e+10 1.09050495e+00 1.73748638e+00
1.76300000e+10 1.09019975e+00 1.73717849e+00
1.76400000e+10 1.08989482e+00 1.73687087e+00
1.76500000e+10 1.08959014e+00 1.73656350e+00
1.76600000e+10 1.08928573e+00 1.73625640e+00
1.76700000e+10 1.08898158e+00 1.73594956e+00
1.76800000e+10 1.08867768e+00 1.73564298e+00
1.76900000e+10 1.08837405e+00 1.73533667e+00
1.77000000e+10 1.08807068e+00 1.73503061e+00
1.77100000e+10 1.08776756e+00 1.73472481e+00
1.77200000e+10 1.08746471e+00 1.73441927e+00
1.77300000e+10 1.08716211e+00 1.73411399e+00
1.77400000e+10 1.08685977e+00 1.73380897e+00
1.77500000e+10 1.08655769e+00 1.73350420e+00
1.77600000e+10 1.08625586e+00 1.73319970e+00
1.77700000e+10 1.08595429e+00 1.73289545e+00
1.77800000e+10 1.08565298e+00 1.73259146e+00
1.77900000e+10 1.08535193e+00 1.73228772e+00
1.78000000e+10 1.08505113e+00 1.73198425e+00
1.78100000e+10 1.08475058e+00 1.73168102e+00
1.78200000e+10 1.08445029e+00 1.73137806e+00
1.78300000e+10 1.08415026e+00 1.73107535e+00
1.78400000e+10 1.08385048e+00 1.73077289e+00
1.78500000e+10 1.08355095e+00 1.73047069e+00
1.78600000e+10 1.08325168e+00 1.73016874e+00
1.78700000e+10 1.08295266e+00 1.72986705e+00
1.78800000e+10 1.08265389e+00 1.72956561e+00
1.78900000e+10 1.08235537e+00 1.72926442e+00
1.79000000e+10 1.08205711e+00 1.72896349e+00
1.79100000e+10 1.08175910e+00 1.72866280e+00
1.79200000e+10 1.08146134e+00 1.72836237e+00
1.79300000e+10 1.08116383e+00 1.72806220e+00
1.79400000e+10 1.08086658e+00 1.72776227e+00
1.79500000e+10 1.08056957e+00 1.72746260e+00
1.79600000e+10 1.08027281e+00 1.72716317e+00
1.79700000e+10 1.07997631e+00 1.72686400e+00
1.79800000e+10 1.07968005e+00 1.72656507e+00
1.79900000e+10 1.07938404e+00 1.72626640e+00
1.80000000e+10 1.07908828e+00 1.72596797e+00
1.80100000e+10 1.07879277e+00 1.72566980e+00
1.80200000e+10 1.07849750e+00 1.72537187e+00
1.80300000e+10 1.07820249e+00 1.72507419e+00
1.80400000e+10 1.07790772e+00 1.72477676e+00
1.80500000e+10 1.07761320e+00 1.72447958e+00
1.80600000e+10 1.07731892e+00 1.72418264e+00
1.80700000e+10 1.07702489e+00 1.72388595e+00
1.80800000e+10 1.07673111e+00 1.72358951e+00
1.80900000e+10 1.07643757e+00 1.72329331e+00
1.81000000e+10 1.07614428e+00 1.72299736e+00
1.81100000e+10 1.07585123e+00 1.72270166e+00
1.81200000e+10 1.07555843e+00 1.72240620e+00
1.81300000e+10 1.07526587e+00 1.72211098e+00
1.81400000e+10 1.07497356e+00 1.72181601e+00
1.81500000e+10 1.07468149e+00 1.72152128e+00
1.81600000e+10 1.07438966e+00 1.72122680e+00
1.81700000e+10 1.07409808e+00 1.72093256e+00
1.81800000e+10 1.07380673e+00 1.72063857e+00
1.81900000e+10 1.07351563e+00 1.72034481e+00
1.82000000e+10 1.07322478e+00 1.72005130e+00
1.82100000e+10 1.07293416e+00 1.71975804e+00
1.82200000e+10 1.07264378e+00 1.71946501e+00
1.82300000e+10 1.07235365e+00 1.71917223e+00
1.82400000e+10 1.07206376e+00 1.71887968e+00
1.82500000e+10 1.07177410e+00 1.71858738e+00
1.82600000e+10 1.07148469e+00 1.71829532e+00
1.82700000e+10 1.07119552e+00 1.71800350e+00
1.82800000e+10 1.07090658e+00 1.71771191e+00
1.82900000e+10 1.07061789e+00 1.71742057e+00
1.83000000e+10 1.07032943e+00 1.71712947e+00
1.83100000e+10 1.07004121e+00 1.71683860e+00
1.83200000e+10 1.06975323e+00 1.71654798e+00
1.83300000e+10 1.06946549e+00 1.71625759e+00
1.83400000e+10 1.06917798e+00 1.71596744e+00
1.83500000e+10 1.06889071e+00 1.71567753e+00
1.83600000e+10 1.06860368e+00 1.71538786e+00
1.83700000e+10 1.06831688e+00 1.71509842e+00
1.83800000e+10 1.06803032e+00 1.71480922e+00
1.83900000e+10 1.06774400e+00 1.71452025e+00
1.84000000e+10 1.06745791e+00 1.71423153e+00
1.84100000e+10 1.06717206e+00 1.71394303e+00
1.84200000e+10 1.06688644e+00 1.71365478e+00
1.84300000e+10 1.06660105e+00 1.71336675e+00
1.84400000e+10 1.06631590e+00 1.71307897e+00
1.84500000e+10 1.06603098e+00 1.71279141e+00
1.84600000e+10 1.06574630e+00 1.71250409e+00
1.84700000e+10 1.06546185e+00 1.71221701e+00
1.84800000e+10 1.06517763e+00 1.71193016e+00
1.84900000e+10 1.06489365e+00 1.71164354e+00
1.85000000e+10 1.06460990e+00 1.71135715e+00
1.85100000e+10 1.06432638e+00 1.71107100e+00
1.85200000e+10 1.06404309e+00 1.71078508e+00
1.85300000e+10 1.06376003e+00 1.71049939e+00
1.85400000e+10 1.06347720e+00 1.71021393e+00
1.85500000e+10 1.06319460e+00 1.70992871e+00
1.85600000e+10 1.06291224e+00 1.70964371e+00
1.85700000e+10 1.06263010e+00 1.70935895e+00
1.85800000e+10 1.06234820e+00 1.70907441e+00
1.85900000e+10 1.06206652e+00 1.70879011e+00
1.86000000e+10 1.06178507e+00 1.70850603e+00
1.86100000e+10 1.06150385e+00 1.70822219e+00
1.86200000e+10 1.06122286e+00 1.70793857e+00
1.86300000e+10 1.06094210e+00 1.70765518e+00
1.86400000e+10 1.06066157e+00 1.70737202e+00
1.86500000e+10 1.06038126e+00 1.70708909e+00
1.86600000e+10 1.06010118e+00 1.70680639e+00
1.86700000e+10 1.05982133e+00 1.70652392e+00
1.86800000e+10 1.05954170e+00 1.70624167e+00
1.86900000e+10 1.05926230e+00 1.70595965e+00
1.87000000e+10 1.05898313e+00 1.70567785e+00
1.87100000e+10 1.05870418e+00 1.70539628e+00
1.87200000e+10 1.05842546e+00 1.70511494e+00
1.87300000e+10 1.05814696e+00 1.70483383e+00
1.87400000e+10 1.05786869e+00 1.70455294e+00
1.87500000e+10 1.05759064e+00 1.70427227e+00
1.87600000e+10 1.05731282e+00 1.70399183e+00
1.87700000e+10 1.05703522e+00 1.70371161e+00
1.87800000e+10 1.05675784e+00 1.70343162e+00
1.87900000e+10 1.05648069e+00 1.70315185e+00
1.88000000e+10 1.05620376e+00 1.70287231e+00
1.88100000e+10 1.05592705e+00 1.70259299e+00
1.88200000e+10 1.05565057e+00 1.70231389e+00
1.88300000e+10 1.05537431e+00 1.70203502e+00
1.88400000e+10 1.05509827e+00 1.70175636e+00
1.88500000e+10 1.05482245e+00 1.70147793e+00
1.88600000e+10 1.05454685e+00 1.70119973e+00
1.88700000e+10 1.05427147e+00 1.70092174e+00
1.88800000e+10 1.05399632e+00 1.70064397e+00
1.88900000e+10 1.05372138e+00 1.70036643e+00
1.89000000e+10 1.05344667e+00 1.70008911e+00
1.89100000e+10 1.05317217e+00 1.69981200e+00
1.89200000e+10 1.05289790e+00 1.69953512e+00
1.89300000e+10 1.05262384e+00 1.69925846e+00
1.89400000e+10 1.05235000e+00 1.69898201e+00
1.89500000e+10 1.05207638e+00 1.69870579e+00
1.89600000e+10 1.05180298e+00 1.69842978e+00
1.89700000e+10 1.05152980e+00 1.69815400e+00
1.89800000e+10 1.05125684e+00 1.69787843e+00
1.89900000e+10 1.05098409e+00 1.69760308e+00
1.90000000e+10 1.05071156e+00 1.69732794e+00
1.90100000e+10 1.05043924e+00 1.69705303e+00
1.90200000e+10 1.05016715e+00 1.69677833e+00
1.90300000e+10 1.04989527e+00 1.69650385e+00
1.90400000e+10 1.04962360e+00 1.69622959e+00
1.90500000e+10 1.04935216e+00 1.69595554e+00
1.90600000e+10 1.04908092e+00 1.69568171e+00
1.90700000e+10 1.04880991e+00 1.69540809e+00
1.90800000e+10 1.04853910e+00 1.69513469e+00
1.90900000e+10 1.04826852e+00 1.69486151e+00
1.91000000e+10 1.04799814e+00 1.69458854e+00
1.91100000e+10 1.04772798e+00 1.69431578e+00
1.91200000e+10 1.04745804e+00 1.69404324e+00
1.91300000e+10 1.04718831e+00 1.69377092e+00
1.91400000e+10 1.04691879e+00 1.69349880e+00
1.91500000e+10 1.04664948e+00 1.69322691e+00
1.91600000e+10 1.04638039e+00 1.69295522e+00
1.91700000e+10 1.04611151e+00 1.69268375e+00
1.91800000e+10 1.04584284e+00 1.69241249e+00
1.91900000e+10 1.04557438e+00 1.69214144e+00
1.92000000e+10 1.04530614e+00 1.69187060e+00
1.92100000e+10 1.04503811e+00 1.69159998e+00
1.92200000e+10 1.04477028e+00 1.69132957e+00
1.92300000e+10 1.04450267e+00 1.69105937e+00
1.92400000e+10 1.04423527e+00 1.69078938e+00
1.92500000e+10 1.04396808e+00 1.69051960e+00
1.92600000e+10 1.04370110e+00 1.69025003e+00
1.92700000e+10 1.04343433e+00 1.68998068e+00
1.92800000e+10 1.04316777e+00 1.68971153e+00
1.92900000e+10 1.04290141e+00 1.68944259e+00
1.93000000e+10 1.04263527e+00 1.68917386e+00
1.93100000e+10 1.04236933e+00 1.68890535e+00
1.93200000e+10 1.04210361e+00 1.68863704e+00
1.93300000e+10 1.04183809e+00 1.68836893e+00
1.93400000e+10 1.04157278e+00 1.68810104e+00
1.93500000e+10 1.04130767e+00 1.68783336e+00
1.93600000e+10 1.04104278e+00 1.68756588e+00
1.93700000e+10 1.04077809e+00 1.68729861e+00
1.93800000e+10 1.04051361e+00 1.68703155e+00
1.93900000e+10 1.04024933e+00 1.68676469e+00
1.94000000e+10 1.03998526e+00 1.68649804e+00
1.94100000e+10 1.03972140e+00 1.68623160e+00
1.94200000e+10 1.03945774e+00 1.68596537e+00
1.94300000e+10 1.03919429e+00 1.68569934e+00
1.94400000e+10 1.03893104e+00 1.68543351e+00
1.94500000e+10 1.03866800e+00 1.68516790e+00
1.94600000e+10 1.03840516e+00 1.68490248e+00
1.94700000e+10 1.03814252e+00 1.68463728e+00
1.94800000e+10 1.03788009e+00 1.68437227e+00
1.94900000e+10 1.03761787e+00 1.68410747e+00
1.95000000e+10 1.03735585e+00 1.68384288e+00
1.95100000e+10 1.03709403e+00 1.68357849e+00
1.95200000e+10 1.03683241e+00 1.68331430e+00
1.95300000e+10 1.03657100e+00 1.68305032e+00
1.95400000e+10 1.03630979e+00 1.68278653e+00
1.95500000e+10 1.03604878e+00 1.68252296e+00
1.95600000e+10 1.03578797e+00 1.68225958e+00
1.95700000e+10 1.03552737e+00 1.68199641e+00
1.95800000e+10 1.03526696e+00 1.68173344e+00
1.95900000e+10 1.03500676e+00 1.68147067e+00
1.96000000e+10 1.03474676e+00 1.68120810e+00
1.96100000e+10 1.03448696e+00 1.68094573e+00
1.96200000e+10 1.03422736e+00 1.68068357e+00
1.96300000e+10 1.03396796e+00 1.68042160e+00
1.96400000e+10 1.03370876e+00 1.68015984e+00
1.96500000e+10 1.03344976e+00 1.67989828e+00
1.96600000e+10 1.03319096e+00 1.67963691e+00
1.96700000e+10 1.03293236e+00 1.67937575e+00
1.96800000e+10 1.03267396e+00 1.67911478e+00
1.96900000e+10 1.03241576e+00 1.67885402e+00
1.97000000e+10 1.03215775e+00 1.67859345e+00
1.97100000e+10 1.03189994e+00 1.67833309e+00
1.97200000e+10 1.03164233e+00 1.67807292e+00
1.97300000e+10 1.03138492e+00 1.67781295e+00
1.97400000e+10 1.03112771e+00 1.67755317e+00
1.97500000e+10 1.03087069e+00 1.67729360e+00
1.97600000e+10 1.03061387e+00 1.67703422e+00
1.97700000e+10 1.03035725e+00 1.67677504e+00
1.97800000e+10 1.03010082e+00 1.67651606e+00
1.97900000e+10 1.02984459e+00 1.67625727e+00
1.98000000e+10 1.02958856e+00 1.67599868e+00
1.98100000e+10 1.02933272e+00 1.67574029e+00
1.98200000e+10 1.02907708e+00 1.67548209e+00
1.98300000e+10 1.02882163e+00 1.67522409e+00
1.98400000e+10 1.02856637e+00 1.67496628e+00
1.98500000e+10 1.02831132e+00 1.67470867e+00
1.98600000e+10 1.02805645e+00 1.67445126e+00
1.98700000e+10 1.02780178e+00 1.67419404e+00
1.98800000e+10 1.02754731e+00 1.67393701e+00
1.98900000e+10 1.02729302e+00 1.67368018e+00
1.99000000e+10 1.02703893e+00 1.67342354e+00
1.99100000e+10 1.02678504e+00 1.67316710e+00
1.99200000e+10 1.02653134e+00 1.67291084e+00
1.99300000e+10 1.02627783e+00 1.67265479e+00
1.99400000e+10 1.02602451e+00 1.67239892e+00
1.99500000e+10 1.02577138e+00 1.67214325e+00
1.99600000e+10 1.02551845e+00 1.67188777e+00
1.99700000e+10 1.02526571e+00 1.67163249e+00
1.99800000e+10 1.02501316e+00 1.67137739e+00
1.99900000e+10 1.02476080e+00 1.67112249e+00
2.00000000e+10 1.02450864e+00 1.67086778e+00
2.00100000e+10 1.02425666e+00 1.67061326e+00
2.00200000e+10 1.02400487e+00 1.67035893e+00
2.00300000e+10 1.02375328e+00 1.67010479e+00
2.00400000e+10 1.02350187e+00 1.66985085e+00
2.00500000e+10 1.02325066e+00 1.66959709e+00
2.00600000e+10 1.02299963e+00 1.66934352e+00
2.00700000e+10 1.02274880e+00 1.66909015e+00
2.00800000e+10 1.02249815e+00 1.66883696e+00
2.00900000e+10 1.02224769e+00 1.66858397e+00
2.01000000e+10 1.02199742e+00 1.66833116e+00
2.01100000e+10 1.02174734e+00 1.66807854e+00
2.01200000e+10 1.02149745e+00 1.66782611e+00
2.01300000e+10 1.02124774e+00 1.66757387e+00
2.01400000e+10 1.02099823e+00 1.66732182e+00
2.01500000e+10 1.02074890e+00 1.66706995e+00
2.01600000e+10 1.02049975e+00 1.66681827e+00
2.01700000e+10 1.02025080e+00 1.66656678e+00
2.01800000e+10 1.02000203e+00 1.66631548e+00
2.01900000e+10 1.01975345e+00 1.66606437e+00
2.02000000e+10 1.01950505e+00 1.66581344e+00
2.02100000e+10 1.01925684e+00 1.66556270e+00
2.02200000e+10 1.01900882e+00 1.66531215e+00
2.02300000e+10 1.01876098e+00 1.66506178e+00
2.02400000e+10 1.01851333e+00 1.66481160e+00
2.02500000e+10 1.01826586e+00 1.66456160e+00
2.02600000e+10 1.01801858e+00 1.66431179e+00
2.02700000e+10 1.01777149e+00 1.66406216e+00
2.02800000e+10 1.01752457e+00 1.66381272e+00
2.02900000e+10 1.01727785e+00 1.66356347e+00
2.03000000e+10 1.01703130e+00 1.66331440e+00
2.03100000e+10 1.01678494e+00 1.66306551e+00
2.03200000e+10 1.01653876e+00 1.66281681e+00
2.03300000e+10 1.01629277e+00 1.66256829e+00
2.03400000e+10 1.01604696e+00 1.66231995e+00
2.03500000e+10 1.01580133e+00 1.66207180e+00
2.03600000e+10 1.01555589e+00 1.66182384e+00
2.03700000e+10 1.01531063e+00 1.66157605e+00
2.03800000e+10 1.01506555e+00 1.66132845e+00
2.03900000e+10 1.01482065e+00 1.66108103e+00
2.04000000e+10 1.01457594e+00 1.66083379e+00
2.04100000e+10 1.01433140e+00 1.66058674e+00
2.04200000e+10 1.01408705e+00 1.66033987e+00
2.04300000e+10 1.01384288e+00 1.66009317e+00
2.04400000e+10 1.01359889e+00 1.65984666e+00
2.04500000e+10 1.01335508e+00 1.65960034e+00
2.04600000e+10 1.01311145e+00 1.65935419e+00
2.04700000e+10 1.01286800e+00 1.65910822e+00
2.04800000e+10 1.01262473e+00 1.65886244e+00
2.04900000e+10 1.01238164e+00 1.65861683e+00
2.05000000e+10 1.01213873e+00 1.65837141e+00
2.05100000e+10 1.01189600e+00 1.65812616e+00
2.05200000e+10 1.01165345e+00 1.65788110e+00
2.05300000e+10 1.01141108e+00 1.65763621e+00
2.05400000e+10 1.01116889e+00 1.65739150e+00
2.05500000e+10 1.01092687e+00 1.65714698e+00
2.05600000e+10 1.01068504e+00 1.65690263e+00
2.05700000e+10 1.01044338e+00 1.65665846e+00
2.05800000e+10 1.01020190e+00 1.65641447e+00
2.05900000e+10 1.00996060e+00 1.65617065e+00
2.06000000e+10 1.00971947e+00 1.65592702e+00
2.06100000e+10 1.00947852e+00 1.65568356e+00
2.06200000e+10 1.00923775e+00 1.65544028e+00
2.06300000e+10 1.00899716e+00 1.65519718e+00
2.06400000e+10 1.00875674e+00 1.65495425e+00
2.06500000e+10 1.00851650e+00 1.65471151e+00
2.06600000e+10 1.00827644e+00 1.65446893e+00
2.06700000e+10 1.00803655e+00 1.65422654e+00
2.06800000e+10 1.00779684e+00 1.65398432e+00
2.06900000e+10 1.00755730e+00 1.65374228e+00
2.07000000e+10 1.00731794e+00 1.65350041e+00
2.07100000e+10 1.00707875e+00 1.65325872e+00
2.07200000e+10 1.00683974e+00 1.65301720e+00
2.07300000e+10 1.00660090e+00 1.65277586e+00
2.07400000e+10 1.00636224e+00 1.65253470e+00
2.07500000e+10 1.00612375e+00 1.65229371e+00
2.07600000e+10 1.00588543e+00 1.65205289e+00
2.07700000e+10 1.00564729e+00 1.65181225e+00
2.07800000e+10 1.00540933e+00 1.65157178e+00
2.07900000e+10 1.00517153e+00 1.65133149e+00
2.08000000e+10 1.00493391e+00 1.65109137e+00
2.08100000e+10 1.00469646e+00 1.65085142e+00
2.08200000e+10 1.00445919e+00 1.65061165e+00
2.08300000e+10 1.00422209e+00 1.65037205e+00
2.08400000e+10 1.00398516e+00 1.65013262e+00
2.08500000e+10 1.00374840e+00 1.64989337e+00
2.08600000e+10 1.00351182e+00 1.64965429e+00
2.08700000e+10 1.00327540e+00 1.64941538e+00
2.08800000e+10 1.00303916e+00 1.64917664e+00
2.08900000e+10 1.00280309e+00 1.64893808e+00
2.09000000e+10 1.00256719e+00 1.64869968e+00
2.09100000e+10 1.00233146e+00 1.64846146e+00
2.09200000e+10 1.00209590e+00 1.64822341e+00
2.09300000e+10 1.00186052e+00 1.64798553e+00
2.09400000e+10 1.00162530e+00 1.64774782e+00
2.09500000e+10 1.00139025e+00 1.64751028e+00
2.09600000e+10 1.00115537e+00 1.64727291e+00
2.09700000e+10 1.00092067e+00 1.64703572e+00
2.09800000e+10 1.00068613e+00 1.64679869e+00
2.09900000e+10 1.00045176e+00 1.64656183e+00
2.10000000e+10 1.00021756e+00 1.64632514e+00
2.10100000e+10 9.99983532e-01 1.64608863e+00
2.10200000e+10 9.99749670e-01 1.64585228e+00
2.10300000e+10 9.99515977e-01 1.64561610e+00
2.10400000e+10 9.99282453e-01 1.64538009e+00
2.10500000e+10 9.99049096e-01 1.64514424e+00
2.10600000e+10 9.98815908e-01 1.64490857e+00
2.10700000e+10 9.98582887e-01 1.64467306e+00
2.10800000e+10 9.98350033e-01 1.64443773e+00
2.10900000e+10 9.98117347e-01 1.64420256e+00
2.11000000e+10 9.97884828e-01 1.64396755e+00
2.11100000e+10 9.97652476e-01 1.64373272e+00
2.11200000e+10 9.97420291e-01 1.64349805e+00
2.11300000e+10 9.97188272e-01 1.64326355e+00
2.11400000e+10 9.96956420e-01 1.64302922e+00
2.11500000e+10 9.96724734e-01 1.64279505e+00
2.11600000e+10 9.96493214e-01 1.64256105e+00
2.11700000e+10 9.96261859e-01 1.64232722e+00
2.11800000e+10 9.96030670e-01 1.64209355e+00
2.11900000e+10 9.95799647e-01 1.64186005e+00
2.12000000e+10 9.95568788e-01 1.64162671e+00
2.12100000e+10 9.95338095e-01 1.64139354e+00
2.12200000e+10 9.95107566e-01 1.64116053e+00
2.12300000e+10 9.94877202e-01 1.64092769e+00
2.12400000e+10 9.94647002e-01 1.64069502e+00
2.12500000e+10 9.94416967e-01 1.64046251e+00
2.12600000e+10 9.94187095e-01 1.64023016e+00
2.12700000e+10 9.93957388e-01 1.63999798e+00
2.12800000e+10 9.93727844e-01 1.63976596e+00
2.12900000e+10 9.93498463e-01 1.63953411e+00
2.13000000e+10 9.93269246e-01 1.63930242e+00
2.13100000e+10 9.93040191e-01 1.63907089e+00
2.13200000e+10 9.92811300e-01 1.63883953e+00
2.13300000e+10 9.92582571e-01 1.63860833e+00
2.13400000e+10 9.92354005e-01 1.63837729e+00
2.13500000e+10 9.92125601e-01 1.63814642e+00
2.13600000e+10 9.91897359e-01 1.63791571e+00
2.13700000e+10 9.91669278e-01 1.63768516e+00
2.13800000e+10 9.91441360e-01 1.63745477e+00
2.13900000e+10 9.91213603e-01 1.63722454e+00
2.14000000e+10 9.90986008e-01 1.63699448e+00
2.14100000e+10 9.90758573e-01 1.63676458e+00
2.14200000e+10 9.90531300e-01 1.63653484e+00
2.14300000e+10 9.90304187e-01 1.63630526e+00
2.14400000e+10 9.90077235e-01 1.63607584e+00
2.14500000e+10 9.89850444e-01 1.63584659e+00
2.14600000e+10 9.89623812e-01 1.63561749e+00
2.14700000e+10 9.89397341e-01 1.63538856e+00
2.14800000e+10 9.89171029e-01 1.63515978e+00
2.14900000e+10 9.88944877e-01 1.63493117e+00
2.15000000e+10 9.88718885e-01 1.63470271e+00
2.15100000e+10 9.88493051e-01 1.63447442e+00
2.15200000e+10 9.88267377e-01 1.63424628e+00
2.15300000e+10 9.88041862e-01 1.63401831e+00
2.15400000e+10 9.87816506e-01 1.63379049e+00
2.15500000e+10 9.87591308e-01 1.63356283e+00
2.15600000e+10 9.87366268e-01 1.63333533e+00
2.15700000e+10 9.87141387e-01 1.63310799e+00
2.15800000e+10 9.86916663e-01 1.63288081e+00
2.15900000e+10 9.86692098e-01 1.63265379e+00
2.16000000e+10 9.86467690e-01 1.63242692e+00
2.16100000e+10 9.86243439e-01 1.63220022e+00
2.16200000e+10 9.86019346e-01 1.63197367e+00
2.16300000e+10 9.85795410e-01 1.63174728e+00
2.16400000e+10 9.85571630e-01 1.63152104e+00
2.16500000e+10 9.85348008e-01 1.63129496e+00
2.16600000e+10 9.85124542e-01 1.63106904e+00
2.16700000e+10 9.84901232e-01 1.63084328e+00
2.16800000e+10 9.84678079e-01 1.63061767e+00
2.16900000e+10 9.84455081e-01 1.63039222e+00
2.17000000e+10 9.84232239e-01 1.63016693e+00
2.17100000e+10 9.84009553e-01 1.62994179e+00
2.17200000e+10 9.83787023e-01 1.62971681e+00
2.17300000e+10 9.83564647e-01 1.62949199e+00
2.17400000e+10 9.83342427e-01 1.62926732e+00
2.17500000e+10 9.83120362e-01 1.62904280e+00
2.17600000e+10 9.82898451e-01 1.62881844e+00
2.17700000e+10 9.82676695e-01 1.62859424e+00
2.17800000e+10 9.82455094e-01 1.62837019e+00
2.17900000e+10 9.82233646e-01 1.62814629e+00
2.18000000e+10 9.82012353e-01 1.62792255e+00
2.18100000e+10 9.81791213e-01 1.62769897e+00
2.18200000e+10 9.81570228e-01 1.62747554e+00
2.18300000e+10 9.81349395e-01 1.62725226e+00
2.18400000e+10 9.81128716e-01 1.62702913e+00
2.18500000e+10 9.80908190e-01 1.62680616e+00
2.18600000e+10 9.80687818e-01 1.62658335e+00
2.18700000e+10 9.80467597e-01 1.62636069e+00
2.18800000e+10 9.80247530e-01 1.62613817e+00
2.18900000e+10 9.80027615e-01 1.62591582e+00
2.19000000e+10 9.79807852e-01 1.62569361e+00
2.19100000e+10 9.79588242e-01 1.62547156e+00
2.19200000e+10 9.79368783e-01 1.62524966e+00
2.19300000e+10 9.79149476e-01 1.62502792e+00
2.19400000e+10 9.78930321e-01 1.62480632e+00
2.19500000e+10 9.78711317e-01 1.62458488e+00
2.19600000e+10 9.78492464e-01 1.62436359e+00
2.19700000e+10 9.78273763e-01 1.62414245e+00
2.19800000e+10 9.78055212e-01 1.62392146e+00
2.19900000e+10 9.77836812e-01 1.62370062e+00
2.20000000e+10 9.77618563e-01 1.62347993e+00
2.20100000e+10 9.77400464e-01 1.62325940e+00
2.20200000e+10 9.77182515e-01 1.62303902e+00
2.20300000e+10 9.76964716e-01 1.62281878e+00
2.20400000e+10 9.76747068e-01 1.62259870e+00
2.20500000e+10 9.76529568e-01 1.62237876e+00
2.20600000e+10 9.76312219e-01 1.62215898e+00
2.20700000e+10 9.76095019e-01 1.62193935e+00
2.20800000e+10 9.75877967e-01 1.62171986e+00
2.20900000e+10 9.75661065e-01 1.62150053e+00
2.21000000e+10 9.75444312e-01 1.62128135e+00
2.21100000e+10 9.75227708e-01 1.62106231e+00
2.21200000e+10 9.75011252e-01 1.62084342e+00
2.21300000e+10 9.74794944e-01 1.62062469e+00
2.21400000e+10 9.74578785e-01 1.62040610e+00
2.21500000e+10 9.74362773e-01 1.62018766e+00
2.21600000e+10 9.74146910e-01 1.61996936e+00
2.21700000e+10 9.73931194e-01 1.61975122e+00
2.21800000e+10 9.73715626e-01 1.61953322e+00
2.21900000e+10 9.73500205e-01 1.61931538e+00
2.22000000e+10 9.73284931e-01 1.61909768e+00
2.22100000e+10 9.73069804e-01 1.61888012e+00
2.22200000e+10 9.72854824e-01 1.61866272e+00
2.22300000e+10 9.72639991e-01 1.61844546e+00
2.22400000e+10 9.72425304e-01 1.61822835e+00
2.22500000e+10 9.72210764e-01 1.61801138e+00
2.22600000e+10 9.71996370e-01 1.61779457e+00
2.22700000e+10 9.71782122e-01 1.61757790e+00
2.22800000e+10 9.71568020e-01 1.61736137e+00
2.22900000e+10 9.71354063e-01 1.61714499e+00
2.23000000e+10 9.71140252e-01 1.61692876e+00
2.23100000e+10 9.70926586e-01 1.61671267e+00
2.23200000e+10 9.70713066e-01 1.61649673e+00
2.23300000e+10 9.70499691e-01 1.61628094e+00
2.23400000e+10 9.70286460e-01 1.61606529e+00
2.23500000e+10 9.70073375e-01 1.61584978e+00
2.23600000e+10 9.69860434e-01 1.61563442e+00
2.23700000e+10 9.69647637e-01 1.61541921e+00
2.23800000e+10 9.69434984e-01 1.61520414e+00
2.23900000e+10 9.69222476e-01 1.61498921e+00
2.24000000e+10 9.69010111e-01 1.61477443e+00
2.24100000e+10 9.68797891e-01 1.61455979e+00
2.24200000e+10 9.68585814e-01 1.61434530e+00
2.24300000e+10 9.68373880e-01 1.61413095e+00
2.24400000e+10 9.68162090e-01 1.61391675e+00
2.24500000e+10 9.67950442e-01 1.61370269e+00
2.24600000e+10 9.67738938e-01 1.61348877e+00
2.24700000e+10 9.67527577e-01 1.61327499e+00
2.24800000e+10 9.67316358e-01 1.61306136e+00
2.24900000e+10 9.67105282e-01 1.61284787e+00
2.25000000e+10 9.66894348e-01 1.61263453e+00
2.25100000e+10 9.66683556e-01 1.61242132e+00
2.25200000e+10 9.66472906e-01 1.61220826e+00
2.25300000e+10 9.66262398e-01 1.61199535e+00
2.25400000e+10 9.66052032e-01 1.61178257e+00
2.25500000e+10 9.65841807e-01 1.61156994e+00
2.25600000e+10 9.65631724e-01 1.61135744e+00
2.25700000e+10 9.65421781e-01 1.61114509e+00
2.25800000e+10 9.65211980e-01 1.61093288e+00
2.25900000e+10 9.65002320e-01 1.61072082e+00
2.26000000e+10 9.64792801e-01 1.61050889e+00
2.26100000e+10 9.64583422e-01 1.61029711e+00
2.26200000e+10 9.64374184e-01 1.61008546e+00
2.26300000e+10 9.64165086e-01 1.60987396e+00
2.26400000e+10 9.63956128e-01 1.60966260e+00
2.26500000e+10 9.63747310e-01 1.60945137e+00
2.26600000e+10 9.63538632e-01 1.60924029e+00
2.26700000e+10 9.63330094e-01 1.60902935e+00
2.26800000e+10 9.63121695e-01 1.60881855e+00
2.26900000e+10 9.62913436e-01 1.60860789e+00
2.27000000e+10 9.62705315e-01 1.60839736e+00
2.27100000e+10 9.62497334e-01 1.60818698e+00
2.27200000e+10 9.62289492e-01 1.60797674e+00
2.27300000e+10 9.62081788e-01 1.60776663e+00
2.27400000e+10 9.61874223e-01 1.60755667e+00
2.27500000e+10 9.61666797e-01 1.60734684e+00
2.27600000e+10 9.61459509e-01 1.60713716e+00
2.27700000e+10 9.61252359e-01 1.60692761e+00
2.27800000e+10 9.61045347e-01 1.60671820e+00
2.27900000e+10 9.60838472e-01 1.60650893e+00
2.28000000e+10 9.60631736e-01 1.60629979e+00
2.28100000e+10 9.60425137e-01 1.60609080e+00
2.28200000e+10 9.60218675e-01 1.60588194e+00
2.28300000e+10 9.60012351e-01 1.60567322e+00
2.28400000e+10 9.59806164e-01 1.60546464e+00
2.28500000e+10 9.59600114e-01 1.60525619e+00
2.28600000e+10 9.59394200e-01 1.60504788e+00
2.28700000e+10 9.59188423e-01 1.60483971e+00
2.28800000e+10 9.58982783e-01 1.60463168e+00
2.28900000e+10 9.58777279e-01 1.60442378e+00
2.29000000e+10 9.58571911e-01 1.60421602e+00
2.29100000e+10 9.58366679e-01 1.60400840e+00
2.29200000e+10 9.58161584e-01 1.60380091e+00
2.29300000e+10 9.57956623e-01 1.60359356e+00
2.29400000e+10 9.57751799e-01 1.60338635e+00
2.29500000e+10 9.57547110e-01 1.60317927e+00
2.29600000e+10 9.57342556e-01 1.60297232e+00
2.29700000e+10 9.57138138e-01 1.60276552e+00
2.29800000e+10 9.56933854e-01 1.60255885e+00
2.29900000e+10 9.56729705e-01 1.60235231e+00
2.30000000e+10 9.56525691e-01 1.60214591e+00
2.30100000e+10 9.56321812e-01 1.60193964e+00
2.30200000e+10 9.56118067e-01 1.60173351e+00
2.30300000e+10 9.55914456e-01 1.60152751e+00
2.30400000e+10 9.55710980e-01 1.60132165e+00
2.30500000e+10 9.55507637e-01 1.60111592e+00
2.30600000e+10 9.55304428e-01 1.60091033e+00
2.30700000e+10 9.55101353e-01 1.60070487e+00
2.30800000e+10 9.54898412e-01 1.60049955e+00
2.30900000e+10 9.54695604e-01 1.60029435e+00
2.31000000e+10 9.54492929e-01 1.60008930e+00
2.31100000e+10 9.54290387e-01 1.59988437e+00
2.31200000e+10 9.54087979e-01 1.59967958e+00
2.31300000e+10 9.53885703e-01 1.59947493e+00
2.31400000e+10 9.53683560e-01 1.59927040e+00
2.31500000e+10 9.53481549e-01 1.59906601e+00
2.31600000e+10 9.53279671e-01 1.59886175e+00
2.31700000e+10 9.53077925e-01 1.59865763e+00
2.31800000e+10 9.52876311e-01 1.59845364e+00
2.31900000e+10 9.52674829e-01 1.59824977e+00
2.32000000e+10 9.52473479e-01 1.59804605e+00
2.32100000e+10 9.52272261e-01 1.59784245e+00
2.32200000e+10 9.52071174e-01 1.59763899e+00
2.32300000e+10 9.51870219e-01 1.59743566e+00
2.32400000e+10 9.51669395e-01 1.59723246e+00
2.32500000e+10 9.51468702e-01 1.59702939e+00
2.32600000e+10 9.51268140e-01 1.59682645e+00
2.32700000e+10 9.51067709e-01 1.59662364e+00
2.32800000e+10 9.50867408e-01 1.59642097e+00
2.32900000e+10 9.50667239e-01 1.59621843e+00
2.33000000e+10 9.50467199e-01 1.59601601e+00
2.33100000e+10 9.50267290e-01 1.59581373e+00
2.33200000e+10 9.50067511e-01 1.59561158e+00
2.33300000e+10 9.49867862e-01 1.59540956e+00
2.33400000e+10 9.49668343e-01 1.59520767e+00
2.33500000e+10 9.49468953e-01 1.59500591e+00
2.33600000e+10 9.49269694e-01 1.59480428e+00
2.33700000e+10 9.49070563e-01 1.59460278e+00
2.33800000e+10 9.48871562e-01 1.59440141e+00
2.33900000e+10 9.48672690e-01 1.59420017e+00
2.34000000e+10 9.48473948e-01 1.59399906e+00
2.34100000e+10 9.48275334e-01 1.59379807e+00
2.34200000e+10 9.48076848e-01 1.59359722e+00
2.34300000e+10 9.47878492e-01 1.59339650e+00
2.34400000e+10 9.47680264e-01 1.59319590e+00
2.34500000e+10 9.47482164e-01 1.59299544e+00
2.34600000e+10 9.47284193e-01 1.59279510e+00
2.34700000e+10 9.47086349e-01 1.59259489e+00
2.34800000e+10 9.46888634e-01 1.59239481e+00
2.34900000e+10 9.46691046e-01 1.59219486e+00
2.35000000e+10 9.46493586e-01 1.59199504e+00
2.35100000e+10 9.46296254e-01 1.59179534e+00
2.35200000e+10 9.46099049e-01 1.59159577e+00
2.35300000e+10 9.45901971e-01 1.59139633e+00
2.35400000e+10 9.45705020e-01 1.59119702e+00
2.35500000e+10 9.45508196e-01 1.59099783e+00
2.35600000e+10 9.45311499e-01 1.59079878e+00
2.35700000e+10 9.45114929e-01 1.59059985e+00
2.35800000e+10 9.44918486e-01 1.59040104e+00
2.35900000e+10 9.44722169e-01 1.59020237e+00
2.36000000e+10 9.44525978e-01 1.59000382e+00
2.36100000e+10 9.44329913e-01 1.58980539e+00
2.36200000e+10 9.44133975e-01 1.58960710e+00
2.36300000e+10 9.43938162e-01 1.58940893e+00
2.36400000e+10 9.43742475e-01 1.58921088e+00
2.36500000e+10 9.43546914e-01 1.58901296e+00
2.36600000e+10 9.43351479e-01 1.58881517e+00
2.36700000e+10 9.43156168e-01 1.58861751e+00
2.36800000e+10 9.42960983e-01 1.58841996e+00
2.36900000e+10 9.42765924e-01 1.58822255e+00
2.37000000e+10 9.42570989e-01 1.58802526e+00
2.37100000e+10 9.42376179e-01 1.58782810e+00
2.37200000e+10 9.42181493e-01 1.58763106e+00
2.37300000e+10 9.41986933e-01 1.58743414e+00
2.37400000e+10 9.41792496e-01 1.58723736e+00
2.37500000e+10 9.41598185e-01 1.58704069e+00
2.37600000e+10 9.41403997e-01 1.58684415e+00
2.37700000e+10 9.41209933e-01 1.58664774e+00
2.37800000e+10 9.41015994e-01 1.58645145e+00
2.37900000e+10 9.40822178e-01 1.58625528e+00
2.38000000e+10 9.40628486e-01 1.58605924e+00
2.38100000e+10 9.40434917e-01 1.58586332e+00
2.38200000e+10 9.40241472e-01 1.58566753e+00
2.38300000e+10 9.40048150e-01 1.58547186e+00
2.38400000e+10 9.39854951e-01 1.58527631e+00
2.38500000e+10 9.39661875e-01 1.58508089e+00
2.38600000e+10 9.39468923e-01 1.58488559e+00
2.38700000e+10 9.39276093e-01 1.58469041e+00
2.38800000e+10 9.39083385e-01 1.58449536e+00
2.38900000e+10 9.38890800e-01 1.58430042e+00
2.39000000e+10 9.38698338e-01 1.58410562e+00
2.39100000e+10 9.38505998e-01 1.58391093e+00
2.39200000e+10 9.38313780e-01 1.58371637e+00
2.39300000e+10 9.38121684e-01 1.58352193e+00
2.39400000e+10 9.37929709e-01 1.58332761e+00
2.39500000e+10 9.37737857e-01 1.58313342e+00
2.39600000e+10 9.37546126e-01 1.58293934e+00
2.39700000e+10 9.37354517e-01 1.58274539e+00
2.39800000e+10 9.37163029e-01 1.58255156e+00
2.39900000e+10 9.36971662e-01 1.58235785e+00
2.40000000e+10 9.36780417e-01 1.58216427e+00
2.40100000e+10 9.36589292e-01 1.58197080e+00
2.40200000e+10 9.36398289e-01 1.58177746e+00
2.40300000e+10 9.36207406e-01 1.58158424e+00
2.40400000e+10 9.36016643e-01 1.58139114e+00
2.40500000e+10 9.35826002e-01 1.58119816e+00
2.40600000e+10 9.35635480e-01 1.58100530e+00
2.40700000e+10 9.35445079e-01 1.58081256e+00
2.40800000e+10 9.35254798e-01 1.58061994e+00
2.40900000e+10 9.35064637e-01 1.58042744e+00
2.41000000e+10 9.34874596e-01 1.58023506e+00
2.41100000e+10 9.34684674e-01 1.58004281e+00
2.41200000e+10 9.34494872e-01 1.57985067e+00
2.41300000e+10 9.34305190e-01 1.57965865e+00
2.41400000e+10 9.34115627e-01 1.57946676e+00
2.41500000e+10 9.33926183e-01 1.57927498e+00
2.41600000e+10 9.33736859e-01 1.57908332e+00
2.41700000e+10 9.33547653e-01 1.57889178e+00
2.41800000e+10 9.33358566e-01 1.57870036e+00
2.41900000e+10 9.33169598e-01 1.57850906e+00
2.42000000e+10 9.32980749e-01 1.57831788e+00
2.42100000e+10 9.32792018e-01 1.57812682e+00
2.42200000e+10 9.32603406e-01 1.57793588e+00
2.42300000e+10 9.32414912e-01 1.57774505e+00
2.42400000e+10 9.32226536e-01 1.57755435e+00
2.42500000e+10 9.32038278e-01 1.57736376e+00
2.42600000e+10 9.31850137e-01 1.57717329e+00
2.42700000e+10 9.31662115e-01 1.57698294e+00
2.42800000e+10 9.31474211e-01 1.57679271e+00
2.42900000e+10 9.31286423e-01 1.57660259e+00
2.43000000e+10 9.31098754e-01 1.57641259e+00
2.43100000e+10 9.30911201e-01 1.57622271e+00
2.43200000e+10 9.30723766e-01 1.57603295e+00
2.43300000e+10 9.30536448e-01 1.57584331e+00
2.43400000e+10 9.30349247e-01 1.57565378e+00
2.43500000e+10 9.30162162e-01 1.57546437e+00
2.43600000e+10 9.29975195e-01 1.57527508e+00
2.43700000e+10 9.29788344e-01 1.57508591e+00
2.43800000e+10 9.29601609e-01 1.57489685e+00
2.43900000e+10 9.29414991e-01 1.57470791e+00
2.44000000e+10 9.29228489e-01 1.57451908e+00
2.44100000e+10 9.29042103e-01 1.57433037e+00
2.44200000e+10 9.28855833e-01 1.57414178e+00
2.44300000e+10 9.28669678e-01 1.57395331e+00
2.44400000e+10 9.28483640e-01 1.57376495e+00
2.44500000e+10 9.28297717e-01 1.57357670e+00
2.44600000e+10 9.28111910e-01 1.57338858e+00
2.44700000e+10 9.27926218e-01 1.57320057e+00
2.44800000e+10 9.27740641e-01 1.57301267e+00
2.44900000e+10 9.27555180e-01 1.57282489e+00
2.45000000e+10 9.27369833e-01 1.57263722e+00
2.45100000e+10 9.27184602e-01 1.57244968e+00
2.45200000e+10 9.26999485e-01 1.57226224e+00
2.45300000e+10 9.26814483e-01 1.57207492e+00
2.45400000e+10 9.26629596e-01 1.57188772e+00
2.45500000e+10 9.26444823e-01 1.57170063e+00
2.45600000e+10 9.26260164e-01 1.57151366e+00
2.45700000e+10 9.26075620e-01 1.57132680e+00
2.45800000e+10 9.25891189e-01 1.57114005e+00
2.45900000e+10 9.25706873e-01 1.57095342e+00
2.46000000e+10 9.25522671e-01 1.57076690e+00
2.46100000e+10 9.25338582e-01 1.57058050e+00
2.46200000e+10 9.25154607e-01 1.57039421e+00
2.46300000e+10 9.24970745e-01 1.57020804e+00
2.46400000e+10 9.24786997e-01 1.57002198e+00
2.46500000e+10 9.24603362e-01 1.56983603e+00
2.46600000e+10 9.24419841e-01 1.56965020e+00
2.46700000e+10 9.24236432e-01 1.56946448e+00
2.46800000e+10 9.24053136e-01 1.56927888e+00
2.46900000e+10 9.23869953e-01 1.56909338e+00
2.47000000e+10 9.23686883e-01 1.56890800e+00
2.47100000e+10 9.23503926e-01 1.56872274e+00
2.47200000e+10 9.23321081e-01 1.56853758e+00
2.47300000e+10 9.23138348e-01 1.56835254e+00
2.47400000e+10 9.22955728e-01 1.56816761e+00
2.47500000e+10 9.22773220e-01 1.56798280e+00
2.47600000e+10 9.22590824e-01 1.56779810e+00
2.47700000e+10 9.22408539e-01 1.56761351e+00
2.47800000e+10 9.22226367e-01 1.56742903e+00
2.47900000e+10 9.22044306e-01 1.56724466e+00
2.48000000e+10 9.21862357e-01 1.56706041e+00
2.48100000e+10 9.21680519e-01 1.56687627e+00
2.48200000e+10 9.21498793e-01 1.56669223e+00
2.48300000e+10 9.21317178e-01 1.56650832e+00
2.48400000e+10 9.21135674e-01 1.56632451e+00
2.48500000e+10 9.20954281e-01 1.56614081e+00
2.48600000e+10 9.20773000e-01 1.56595723e+00
2.48700000e+10 9.20591828e-01 1.56577376e+00
2.48800000e+10 9.20410768e-01 1.56559039e+00
2.48900000e+10 9.20229818e-01 1.56540714e+00
2.49000000e+10 9.20048979e-01 1.56522400e+00
2.49100000e+10 9.19868250e-01 1.56504097e+00
2.49200000e+10 9.19687631e-01 1.56485806e+00
2.49300000e+10 9.19507122e-01 1.56467525e+00
2.49400000e+10 9.19326724e-01 1.56449255e+00
2.49500000e+10 9.19146435e-01 1.56430996e+00
2.49600000e+10 9.18966256e-01 1.56412749e+00
2.49700000e+10 9.18786187e-01 1.56394512e+00
2.49800000e+10 9.18606228e-01 1.56376286e+00
2.49900000e+10 9.18426377e-01 1.56358072e+00
2.50000000e+10 9.18246637e-01 1.56339868e+00
2.50100000e+10 9.18067005e-01 1.56321675e+00
2.50200000e+10 9.17887483e-01 1.56303493e+00
2.50300000e+10 9.17708070e-01 1.56285323e+00
2.50400000e+10 9.17528765e-01 1.56267163e+00
2.50500000e+10 9.17349570e-01 1.56249014e+00
2.50600000e+10 9.17170483e-01 1.56230876e+00
2.50700000e+10 9.16991505e-01 1.56212749e+00
2.50800000e+10 9.16812635e-01 1.56194632e+00
2.50900000e+10 9.16633874e-01 1.56176527e+00
2.51000000e+10 9.16455221e-01 1.56158432e+00
2.51100000e+10 9.16276676e-01 1.56140349e+00
2.51200000e+10 9.16098240e-01 1.56122276e+00
2.51300000e+10 9.15919911e-01 1.56104214e+00
2.51400000e+10 9.15741690e-01 1.56086163e+00
2.51500000e+10 9.15563577e-01 1.56068123e+00
2.51600000e+10 9.15385571e-01 1.56050093e+00
2.51700000e+10 9.15207673e-01 1.56032075e+00
2.51800000e+10 9.15029883e-01 1.56014067e+00
2.51900000e+10 9.14852199e-01 1.55996070e+00
2.52000000e+10 9.14674623e-01 1.55978083e+00
2.52100000e+10 9.14497155e-01 1.55960108e+00
2.52200000e+10 9.14319793e-01 1.55942143e+00
2.52300000e+10 9.14142538e-01 1.55924189e+00
2.52400000e+10 9.13965389e-01 1.55906245e+00
2.52500000e+10 9.13788348e-01 1.55888312e+00
2.52600000e+10 9.13611413e-01 1.55870390e+00
2.52700000e+10 9.13434584e-01 1.55852479e+00
2.52800000e+10 9.13257862e-01 1.55834578e+00
2.52900000e+10 9.13081246e-01 1.55816689e+00
2.53000000e+10 9.12904737e-01 1.55798809e+00
2.53100000e+10 9.12728333e-01 1.55780941e+00
2.53200000e+10 9.12552035e-01 1.55763083e+00
2.53300000e+10 9.12375843e-01 1.55745235e+00
2.53400000e+10 9.12199757e-01 1.55727398e+00
2.53500000e+10 9.12023777e-01 1.55709572e+00
2.53600000e+10 9.11847902e-01 1.55691757e+00
2.53700000e+10 9.11672132e-01 1.55673952e+00
2.53800000e+10 9.11496468e-01 1.55656157e+00
2.53900000e+10 9.11320909e-01 1.55638373e+00
2.54000000e+10 9.11145455e-01 1.55620600e+00
2.54100000e+10 9.10970107e-01 1.55602837e+00
2.54200000e+10 9.10794863e-01 1.55585085e+00
2.54300000e+10 9.10619724e-01 1.55567343e+00
2.54400000e+10 9.10444689e-01 1.55549612e+00
2.54500000e+10 9.10269759e-01 1.55531892e+00
2.54600000e+10 9.10094934e-01 1.55514181e+00
2.54700000e+10 9.09920213e-01 1.55496482e+00
2.54800000e+10 9.09745596e-01 1.55478793e+00
2.54900000e+10 9.09571084e-01 1.55461114e+00
2.55000000e+10 9.09396676e-01 1.55443445e+00
2.55100000e+10 9.09222371e-01 1.55425788e+00
2.55200000e+10 9.09048171e-01 1.55408140e+00
2.55300000e+10 9.08874074e-01 1.55390503e+00
2.55400000e+10 9.08700081e-01 1.55372877e+00
2.55500000e+10 9.08526192e-01 1.55355260e+00
2.55600000e+10 9.08352406e-01 1.55337654e+00
2.55700000e+10 9.08178723e-01 1.55320059e+00
2.55800000e+10 9.08005144e-01 1.55302474e+00
2.55900000e+10 9.07831668e-01 1.55284899e+00
2.56000000e+10 9.07658295e-01 1.55267335e+00
2.56100000e+10 9.07485025e-01 1.55249781e+00
2.56200000e+10 9.07311857e-01 1.55232237e+00
2.56300000e+10 9.07138793e-01 1.55214704e+00
2.56400000e+10 9.06965831e-01 1.55197181e+00
2.56500000e+10 9.06792972e-01 1.55179668e+00
2.56600000e+10 9.06620215e-01 1.55162166e+00
2.56700000e+10 9.06447561e-01 1.55144673e+00
2.56800000e+10 9.06275009e-01 1.55127191e+00
2.56900000e+10 9.06102559e-01 1.55109720e+00
2.57000000e+10 9.05930211e-01 1.55092258e+00
2.57100000e+10 9.05757966e-01 1.55074807e+00
2.57200000e+10 9.05585822e-01 1.55057366e+00
2.57300000e+10 9.05413780e-01 1.55039936e+00
2.57400000e+10 9.05241839e-01 1.55022515e+00
2.57500000e+10 9.05070000e-01 1.55005105e+00
2.57600000e+10 9.04898263e-01 1.54987705e+00
2.57700000e+10 9.04726627e-01 1.54970315e+00
2.57800000e+10 9.04555092e-01 1.54952935e+00
2.57900000e+10 9.04383659e-01 1.54935565e+00
2.58000000e+10 9.04212326e-01 1.54918206e+00
2.58100000e+10 9.04041095e-01 1.54900856e+00
2.58200000e+10 9.03869964e-01 1.54883517e+00
2.58300000e+10 9.03698934e-01 1.54866188e+00
2.58400000e+10 9.03528005e-01 1.54848869e+00
2.58500000e+10 9.03357177e-01 1.54831560e+00
2.58600000e+10 9.03186449e-01 1.54814262e+00
2.58700000e+10 9.03015821e-01 1.54796973e+00
2.58800000e+10 9.02845294e-01 1.54779694e+00
2.58900000e+10 9.02674867e-01 1.54762426e+00
2.59000000e+10 9.02504540e-01 1.54745167e+00
2.59100000e+10 9.02334313e-01 1.54727919e+00
2.59200000e+10 9.02164186e-01 1.54710681e+00
2.59300000e+10 9.01994159e-01 1.54693452e+00
2.59400000e+10 9.01824232e-01 1.54676234e+00
2.59500000e+10 9.01654404e-01 1.54659025e+00
2.59600000e+10 9.01484676e-01 1.54641827e+00
2.59700000e+10 9.01315047e-01 1.54624639e+00
2.59800000e+10 9.01145517e-01 1.54607460e+00
2.59900000e+10 9.00976087e-01 1.54590292e+00
2.60000000e+10 9.00806756e-01 1.54573133e+00
2.60100000e+10 9.00637524e-01 1.54555985e+00
2.60200000e+10 9.00468391e-01 1.54538846e+00
2.60300000e+10 9.00299357e-01 1.54521718e+00
2.60400000e+10 9.00130422e-01 1.54504599e+00
2.60500000e+10 8.99961585e-01 1.54487490e+00
2.60600000e+10 8.99792847e-01 1.54470391e+00
2.60700000e+10 8.99624208e-01 1.54453302e+00
2.60800000e+10 8.99455666e-01 1.54436223e+00
2.60900000e+10 8.99287224e-01 1.54419153e+00
2.61000000e+10 8.99118879e-01 1.54402094e+00
2.61100000e+10 8.98950632e-01 1.54385044e+00
2.61200000e+10 8.98782484e-01 1.54368005e+00
2.61300000e+10 8.98614433e-01 1.54350975e+00
2.61400000e+10 8.98446480e-01 1.54333955e+00
2.61500000e+10 8.98278625e-01 1.54316944e+00
2.61600000e+10 8.98110868e-01 1.54299944e+00
2.61700000e+10 8.97943208e-01 1.54282953e+00
2.61800000e+10 8.97775646e-01 1.54265973e+00
2.61900000e+10 8.97608181e-01 1.54249001e+00
2.62000000e+10 8.97440813e-01 1.54232040e+00
2.62100000e+10 8.97273543e-01 1.54215089e+00
2.62200000e+10 8.97106369e-01 1.54198147e+00
2.62300000e+10 8.96939293e-01 1.54181215e+00
2.62400000e+10 8.96772313e-01 1.54164292e+00
2.62500000e+10 8.96605431e-01 1.54147380e+00
2.62600000e+10 8.96438645e-01 1.54130477e+00
2.62700000e+10 8.96271955e-01 1.54113584e+00
2.62800000e+10 8.96105363e-01 1.54096700e+00
2.62900000e+10 8.95938866e-01 1.54079826e+00
2.63000000e+10 8.95772466e-01 1.54062962e+00
2.63100000e+10 8.95606162e-01 1.54046108e+00
2.63200000e+10 8.95439955e-01 1.54029263e+00
2.63300000e+10 8.95273843e-01 1.54012428e+00
2.63400000e+10 8.95107828e-01 1.53995602e+00
2.63500000e+10 8.94941908e-01 1.53978786e+00
2.63600000e+10 8.94776085e-01 1.53961980e+00
2.63700000e+10 8.94610356e-01 1.53945183e+00
2.63800000e+10 8.94444724e-01 1.53928396e+00
2.63900000e+10 8.94279187e-01 1.53911619e+00
2.64000000e+10 8.94113746e-01 1.53894851e+00
2.64100000e+10 8.93948400e-01 1.53878093e+00
2.64200000e+10 8.93783149e-01 1.53861344e+00
2.64300000e+10 8.93617993e-01 1.53844605e+00
2.64400000e+10 8.93452932e-01 1.53827875e+00
2.64500000e+10 8.93287967e-01 1.53811155e+00
2.64600000e+10 8.93123096e-01 1.53794444e+00
2.64700000e+10 8.92958320e-01 1.53777743e+00
2.64800000e+10 8.92793639e-01 1.53761052e+00
2.64900000e+10 8.92629053e-01 1.53744370e+00
2.65000000e+10 8.92464561e-01 1.53727697e+00
2.65100000e+10 8.92300163e-01 1.53711034e+00
2.65200000e+10 8.92135860e-01 1.53694381e+00
2.65300000e+10 8.91971651e-01 1.53677737e+00
2.65400000e+10 8.91807536e-01 1.53661102e+00
2.65500000e+10 8.91643516e-01 1.53644477e+00
2.65600000e+10 8.91479589e-01 1.53627861e+00
2.65700000e+10 8.91315757e-01 1.53611255e+00
2.65800000e+10 8.91152018e-01 1.53594658e+00
2.65900000e+10 8.90988373e-01 1.53578070e+00
2.66000000e+10 8.90824822e-01 1.53561492e+00
2.66100000e+10 8.90661364e-01 1.53544924e+00
2.66200000e+10 8.90497999e-01 1.53528364e+00
2.66300000e+10 8.90334729e-01 1.53511815e+00
2.66400000e+10 8.90171551e-01 1.53495274e+00
2.66500000e+10 8.90008467e-01 1.53478743e+00
2.66600000e+10 8.89845475e-01 1.53462221e+00
2.66700000e+10 8.89682577e-01 1.53445709e+00
2.66800000e+10 8.89519772e-01 1.53429205e+00
2.66900000e+10 8.89357060e-01 1.53412712e+00
2.67000000e+10 8.89194440e-01 1.53396227e+00
2.67100000e+10 8.89031913e-01 1.53379752e+00
2.67200000e+10 8.88869479e-01 1.53363286e+00
2.67300000e+10 8.88707137e-01 1.53346830e+00
2.67400000e+10 8.88544888e-01 1.53330382e+00
2.67500000e+10 8.88382731e-01 1.53313944e+00
2.67600000e+10 8.88220666e-01 1.53297516e+00
2.67700000e+10 8.88058694e-01 1.53281096e+00
2.67800000e+10 8.87896813e-01 1.53264686e+00
2.67900000e+10 8.87735025e-01 1.53248285e+00
2.68000000e+10 8.87573329e-01 1.53231893e+00
2.68100000e+10 8.87411724e-01 1.53215511e+00
2.68200000e+10 8.87250211e-01 1.53199137e+00
2.68300000e+10 8.87088790e-01 1.53182773e+00
2.68400000e+10 8.86927460e-01 1.53166418e+00
2.68500000e+10 8.86766222e-01 1.53150072e+00
2.68600000e+10 8.86605076e-01 1.53133736e+00
2.68700000e+10 8.86444020e-01 1.53117409e+00
2.68800000e+10 8.86283056e-01 1.53101090e+00
2.68900000e+10 8.86122183e-01 1.53084781e+00
2.69000000e+10 8.85961401e-01 1.53068481e+00
2.69100000e+10 8.85800710e-01 1.53052191e+00
2.69200000e+10 8.85640110e-01 1.53035909e+00
2.69300000e+10 8.85479601e-01 1.53019636e+00
2.69400000e+10 8.85319183e-01 1.53003373e+00
2.69500000e+10 8.85158855e-01 1.52987119e+00
2.69600000e+10 8.84998618e-01 1.52970874e+00
2.69700000e+10 8.84838471e-01 1.52954637e+00
2.69800000e+10 8.84678415e-01 1.52938410e+00
2.69900000e+10 8.84518449e-01 1.52922192e+00
2.70000000e+10 8.84358573e-01 1.52905984e+00
2.70100000e+10 8.84198787e-01 1.52889784e+00
2.70200000e+10 8.84039091e-01 1.52873593e+00
2.70300000e+10 8.83879486e-01 1.52857411e+00
2.70400000e+10 8.83719970e-01 1.52841238e+00
2.70500000e+10 8.83560544e-01 1.52825075e+00
2.70600000e+10 8.83401208e-01 1.52808920e+00
2.70700000e+10 8.83241962e-01 1.52792774e+00
2.70800000e+10 8.83082805e-01 1.52776638e+00
2.70900000e+10 8.82923737e-01 1.52760510e+00
2.71000000e+10 8.82764759e-01 1.52744391e+00
2.71100000e+10 8.82605870e-01 1.52728282e+00
2.71200000e+10 8.82447071e-01 1.52712181e+00
2.71300000e+10 8.82288361e-01 1.52696089e+00
2.71400000e+10 8.82129739e-01 1.52680006e+00
2.71500000e+10 8.81971207e-01 1.52663932e+00
2.71600000e+10 8.81812764e-01 1.52647867e+00
2.71700000e+10 8.81654409e-01 1.52631811e+00
2.71800000e+10 8.81496143e-01 1.52615764e+00
2.71900000e+10 8.81337966e-01 1.52599725e+00
2.72000000e+10 8.81179878e-01 1.52583696e+00
2.72100000e+10 8.81021878e-01 1.52567676e+00
2.72200000e+10 8.80863966e-01 1.52551664e+00
2.72300000e+10 8.80706143e-01 1.52535661e+00
2.72400000e+10 8.80548408e-01 1.52519667e+00
2.72500000e+10 8.80390761e-01 1.52503682e+00
2.72600000e+10 8.80233202e-01 1.52487706e+00
2.72700000e+10 8.80075731e-01 1.52471739e+00
2.72800000e+10 8.79918349e-01 1.52455780e+00
2.72900000e+10 8.79761054e-01 1.52439831e+00
2.73000000e+10 8.79603847e-01 1.52423890e+00
2.73100000e+10 8.79446727e-01 1.52407958e+00
2.73200000e+10 8.79289695e-01 1.52392035e+00
2.73300000e+10 8.79132751e-01 1.52376120e+00
2.73400000e+10 8.78975894e-01 1.52360215e+00
2.73500000e+10 8.78819125e-01 1.52344318e+00
2.73600000e+10 8.78662442e-01 1.52328430e+00
2.73700000e+10 8.78505847e-01 1.52312550e+00
2.73800000e+10 8.78349340e-01 1.52296680e+00
2.73900000e+10 8.78192919e-01 1.52280818e+00
2.74000000e+10 8.78036585e-01 1.52264965e+00
2.74100000e+10 8.77880338e-01 1.52249120e+00
2.74200000e+10 8.77724178e-01 1.52233285e+00
2.74300000e+10 8.77568105e-01 1.52217458e+00
2.74400000e+10 8.77412118e-01 1.52201639e+00
2.74500000e+10 8.77256218e-01 1.52185830e+00
2.74600000e+10 8.77100404e-01 1.52170029e+00
2.74700000e+10 8.76944677e-01 1.52154237e+00
2.74800000e+10 8.76789036e-01 1.52138453e+00
2.74900000e+10 8.76633481e-01 1.52122678e+00
2.75000000e+10 8.76478013e-01 1.52106912e+00
2.75100000e+10 8.76322631e-01 1.52091155e+00
2.75200000e+10 8.76167334e-01 1.52075406e+00
2.75300000e+10 8.76012124e-01 1.52059665e+00
2.75400000e+10 8.75857000e-01 1.52043934e+00
2.75500000e+10 8.75701961e-01 1.52028211e+00
2.75600000e+10 8.75547008e-01 1.52012496e+00
2.75700000e+10 8.75392141e-01 1.51996791e+00
2.75800000e+10 8.75237359e-01 1.51981093e+00
2.75900000e+10 8.75082663e-01 1.51965405e+00
2.76000000e+10 8.74928052e-01 1.51949725e+00
2.76100000e+10 8.74773527e-01 1.51934053e+00
2.76200000e+10 8.74619086e-01 1.51918390e+00
2.76300000e+10 8.74464731e-01 1.51902736e+00
2.76400000e+10 8.74310461e-01 1.51887090e+00
2.76500000e+10 8.74156277e-01 1.51871453e+00
2.76600000e+10 8.74002177e-01 1.51855824e+00
2.76700000e+10 8.73848161e-01 1.51840204e+00
2.76800000e+10 8.73694231e-01 1.51824592e+00
2.76900000e+10 8.73540386e-01 1.51808989e+00
2.77000000e+10 8.73386625e-01 1.51793394e+00
2.77100000e+10 8.73232948e-01 1.51777808e+00
2.77200000e+10 8.73079356e-01 1.51762231e+00
2.77300000e+10 8.72925849e-01 1.51746661e+00
2.77400000e+10 8.72772426e-01 1.51731101e+00
2.77500000e+10 8.72619087e-01 1.51715548e+00
2.77600000e+10 8.72465832e-01 1.51700005e+00
2.77700000e+10 8.72312661e-01 1.51684469e+00
2.77800000e+10 8.72159575e-01 1.51668942e+00
2.77900000e+10 8.72006572e-01 1.51653424e+00
2.78000000e+10 8.71853654e-01 1.51637914e+00
2.78100000e+10 8.71700819e-01 1.51622412e+00
2.78200000e+10 8.71548067e-01 1.51606919e+00
2.78300000e+10 8.71395400e-01 1.51591434e+00
2.78400000e+10 8.71242816e-01 1.51575958e+00
2.78500000e+10 8.71090315e-01 1.51560490e+00
2.78600000e+10 8.70937898e-01 1.51545030e+00
2.78700000e+10 8.70785565e-01 1.51529579e+00
2.78800000e+10 8.70633314e-01 1.51514136e+00
2.78900000e+10 8.70481147e-01 1.51498701e+00
2.79000000e+10 8.70329063e-01 1.51483275e+00
2.79100000e+10 8.70177062e-01 1.51467857e+00
2.79200000e+10 8.70025144e-01 1.51452448e+00
2.79300000e+10 8.69873309e-01 1.51437046e+00
2.79400000e+10 8.69721557e-01 1.51421654e+00
2.79500000e+10 8.69569887e-01 1.51406269e+00
2.79600000e+10 8.69418301e-01 1.51390893e+00
2.79700000e+10 8.69266796e-01 1.51375525e+00
2.79800000e+10 8.69115375e-01 1.51360165e+00
2.79900000e+10 8.68964036e-01 1.51344814e+00
2.80000000e+10 8.68812779e-01 1.51329471e+00
2.80100000e+10 8.68661604e-01 1.51314136e+00
2.80200000e+10 8.68510512e-01 1.51298809e+00
2.80300000e+10 8.68359502e-01 1.51283491e+00
2.80400000e+10 8.68208574e-01 1.51268181e+00
2.80500000e+10 8.68057728e-01 1.51252879e+00
2.80600000e+10 8.67906964e-01 1.51237585e+00
2.80700000e+10 8.67756282e-01 1.51222300e+00
2.80800000e+10 8.67605682e-01 1.51207023e+00
2.80900000e+10 8.67455163e-01 1.51191754e+00
2.81000000e+10 8.67304726e-01 1.51176493e+00
2.81100000e+10 8.67154371e-01 1.51161241e+00
2.81200000e+10 8.67004097e-01 1.51145996e+00
2.81300000e+10 8.66853905e-01 1.51130760e+00
2.81400000e+10 8.66703794e-01 1.51115532e+00
2.81500000e+10 8.66553764e-01 1.51100312e+00
2.81600000e+10 8.66403816e-01 1.51085101e+00
2.81700000e+10 8.66253949e-01 1.51069897e+00
2.81800000e+10 8.66104163e-01 1.51054702e+00
2.81900000e+10 8.65954457e-01 1.51039515e+00
2.82000000e+10 8.65804833e-01 1.51024336e+00
2.82100000e+10 8.65655290e-01 1.51009165e+00
2.82200000e+10 8.65505827e-01 1.50994002e+00
2.82300000e+10 8.65356445e-01 1.50978847e+00
2.82400000e+10 8.65207144e-01 1.50963701e+00
2.82500000e+10 8.65057924e-01 1.50948562e+00
2.82600000e+10 8.64908783e-01 1.50933432e+00
2.82700000e+10 8.64759724e-01 1.50918309e+00
2.82800000e+10 8.64610744e-01 1.50903195e+00
2.82900000e+10 8.64461845e-01 1.50888089e+00
2.83000000e+10 8.64313027e-01 1.50872991e+00
2.83100000e+10 8.64164288e-01 1.50857900e+00
2.83200000e+10 8.64015630e-01 1.50842818e+00
2.83300000e+10 8.63867051e-01 1.50827744e+00
2.83400000e+10 8.63718552e-01 1.50812678e+00
2.83500000e+10 8.63570134e-01 1.50797620e+00
2.83600000e+10 8.63421795e-01 1.50782570e+00
2.83700000e+10 8.63273536e-01 1.50767529e+00
2.83800000e+10 8.63125356e-01 1.50752495e+00
2.83900000e+10 8.62977256e-01 1.50737469e+00
2.84000000e+10 8.62829236e-01 1.50722451e+00
2.84100000e+10 8.62681295e-01 1.50707441e+00
2.84200000e+10 8.62533434e-01 1.50692439e+00
2.84300000e+10 8.62385651e-01 1.50677445e+00
2.84400000e+10 8.62237948e-01 1.50662459e+00
2.84500000e+10 8.62090325e-01 1.50647481e+00
2.84600000e+10 8.61942780e-01 1.50632510e+00
2.84700000e+10 8.61795314e-01 1.50617548e+00
2.84800000e+10 8.61647927e-01 1.50602594e+00
2.84900000e+10 8.61500620e-01 1.50587648e+00
2.85000000e+10 8.61353391e-01 1.50572709e+00
2.85100000e+10 8.61206241e-01 1.50557779e+00
2.85200000e+10 8.61059169e-01 1.50542856e+00
2.85300000e+10 8.60912176e-01 1.50527941e+00
2.85400000e+10 8.60765262e-01 1.50513035e+00
2.85500000e+10 8.60618426e-01 1.50498136e+00
2.85600000e+10 8.60471668e-01 1.50483245e+00
2.85700000e+10 8.60324989e-01 1.50468361e+00
2.85800000e+10 8.60178388e-01 1.50453486e+00
2.85900000e+10 8.60031866e-01 1.50438619e+00
2.86000000e+10 8.59885421e-01 1.50423759e+00
2.86100000e+10 8.59739055e-01 1.50408907e+00
2.86200000e+10 8.59592767e-01 1.50394063e+00
2.86300000e+10 8.59446556e-01 1.50379227e+00
2.86400000e+10 8.59300424e-01 1.50364399e+00
2.86500000e+10 8.59154369e-01 1.50349579e+00
2.86600000e+10 8.59008392e-01 1.50334766e+00
2.86700000e+10 8.58862492e-01 1.50319961e+00
2.86800000e+10 8.58716670e-01 1.50305164e+00
2.86900000e+10 8.58570926e-01 1.50290375e+00
2.87000000e+10 8.58425259e-01 1.50275593e+00
2.87100000e+10 8.58279670e-01 1.50260820e+00
2.87200000e+10 8.58134158e-01 1.50246054e+00
2.87300000e+10 8.57988723e-01 1.50231296e+00
2.87400000e+10 8.57843365e-01 1.50216545e+00
2.87500000e+10 8.57698085e-01 1.50201803e+00
2.87600000e+10 8.57552881e-01 1.50187068e+00
2.87700000e+10 8.57407755e-01 1.50172340e+00
2.87800000e+10 8.57262706e-01 1.50157621e+00
2.87900000e+10 8.57117733e-01 1.50142909e+00
2.88000000e+10 8.56972837e-01 1.50128205e+00
2.88100000e+10 8.56828018e-01 1.50113509e+00
2.88200000e+10 8.56683275e-01 1.50098820e+00
2.88300000e+10 8.56538609e-01 1.50084140e+00
2.88400000e+10 8.56394020e-01 1.50069466e+00
2.88500000e+10 8.56249507e-01 1.50054801e+00
2.88600000e+10 8.56105071e-01 1.50040143e+00
2.88700000e+10 8.55960710e-01 1.50025493e+00
2.88800000e+10 8.55816426e-01 1.50010850e+00
2.88900000e+10 8.55672219e-01 1.49996215e+00
2.89000000e+10 8.55528087e-01 1.49981588e+00
2.89100000e+10 8.55384032e-01 1.49966969e+00
2.89200000e+10 8.55240052e-01 1.49952357e+00
2.89300000e+10 8.55096148e-01 1.49937752e+00
2.89400000e+10 8.54952321e-01 1.49923156e+00
2.89500000e+10 8.54808569e-01 1.49908567e+00
2.89600000e+10 8.54664893e-01 1.49893985e+00
2.89700000e+10 8.54521292e-01 1.49879411e+00
2.89800000e+10 8.54377767e-01 1.49864845e+00
2.89900000e+10 8.54234318e-01 1.49850287e+00
2.90000000e+10 8.54090944e-01 1.49835735e+00
2.90100000e+10 8.53947645e-01 1.49821192e+00
2.90200000e+10 8.53804422e-01 1.49806656e+00
2.90300000e+10 8.53661274e-01 1.49792128e+00
2.90400000e+10 8.53518202e-01 1.49777607e+00
2.90500000e+10 8.53375204e-01 1.49763094e+00
2.90600000e+10 8.53232282e-01 1.49748588e+00
2.90700000e+10 8.53089434e-01 1.49734090e+00
2.90800000e+10 8.52946662e-01 1.49719599e+00
2.90900000e+10 8.52803964e-01 1.49705116e+00
2.91000000e+10 8.52661342e-01 1.49690641e+00
2.91100000e+10 8.52518794e-01 1.49676172e+00
2.91200000e+10 8.52376320e-01 1.49661712e+00
2.91300000e+10 8.52233922e-01 1.49647259e+00
2.91400000e+10 8.52091598e-01 1.49632813e+00
2.91500000e+10 8.51949348e-01 1.49618375e+00
2.91600000e+10 8.51807173e-01 1.49603945e+00
2.91700000e+10 8.51665072e-01 1.49589521e+00
2.91800000e+10 8.51523046e-01 1.49575106e+00
2.91900000e+10 8.51381094e-01 1.49560698e+00
2.92000000e+10 8.51239216e-01 1.49546297e+00
2.92100000e+10 8.51097412e-01 1.49531904e+00
2.92200000e+10 8.50955682e-01 1.49517518e+00
2.92300000e+10 8.50814026e-01 1.49503139e+00
2.92400000e+10 8.50672445e-01 1.49488768e+00
2.92500000e+10 8.50530937e-01 1.49474405e+00
2.92600000e+10 8.50389503e-01 1.49460049e+00
2.92700000e+10 8.50248142e-01 1.49445700e+00
2.92800000e+10 8.50106855e-01 1.49431359e+00
2.92900000e+10 8.49965642e-01 1.49417025e+00
2.93000000e+10 8.49824503e-01 1.49402698e+00
2.93100000e+10 8.49683437e-01 1.49388379e+00
2.93200000e+10 8.49542444e-01 1.49374067e+00
2.93300000e+10 8.49401525e-01 1.49359763e+00
2.93400000e+10 8.49260679e-01 1.49345466e+00
2.93500000e+10 8.49119906e-01 1.49331176e+00
2.93600000e+10 8.48979207e-01 1.49316894e+00
2.93700000e+10 8.48838581e-01 1.49302619e+00
2.93800000e+10 8.48698027e-01 1.49288351e+00
2.93900000e+10 8.48557547e-01 1.49274091e+00
2.94000000e+10 8.48417140e-01 1.49259838e+00
2.94100000e+10 8.48276805e-01 1.49245592e+00
2.94200000e+10 8.48136543e-01 1.49231354e+00
2.94300000e+10 8.47996354e-01 1.49217123e+00
2.94400000e+10 8.47856238e-01 1.49202899e+00
2.94500000e+10 8.47716195e-01 1.49188683e+00
2.94600000e+10 8.47576224e-01 1.49174474e+00
2.94700000e+10 8.47436325e-01 1.49160272e+00
2.94800000e+10 8.47296499e-01 1.49146078e+00
2.94900000e+10 8.47156745e-01 1.49131890e+00
2.95000000e+10 8.47017064e-01 1.49117710e+00
2.95100000e+10 8.46877455e-01 1.49103538e+00
2.95200000e+10 8.46737918e-01 1.49089372e+00
2.95300000e+10 8.46598453e-01 1.49075214e+00
2.95400000e+10 8.46459060e-01 1.49061063e+00
2.95500000e+10 8.46319739e-01 1.49046919e+00
2.95600000e+10 8.46180491e-01 1.49032783e+00
2.95700000e+10 8.46041314e-01 1.49018653e+00
2.95800000e+10 8.45902209e-01 1.49004531e+00
2.95900000e+10 8.45763175e-01 1.48990416e+00
2.96000000e+10 8.45624214e-01 1.48976309e+00
2.96100000e+10 8.45485324e-01 1.48962208e+00
2.96200000e+10 8.45346506e-01 1.48948115e+00
2.96300000e+10 8.45207759e-01 1.48934029e+00
2.96400000e+10 8.45069083e-01 1.48919950e+00
2.96500000e+10 8.44930479e-01 1.48905878e+00
2.96600000e+10 8.44791947e-01 1.48891814e+00
2.96700000e+10 8.44653486e-01 1.48877756e+00
2.96800000e+10 8.44515096e-01 1.48863706e+00
2.96900000e+10 8.44376777e-01 1.48849663e+00
2.97000000e+10 8.44238529e-01 1.48835627e+00
2.97100000e+10 8.44100352e-01 1.48821599e+00
2.97200000e+10 8.43962246e-01 1.48807577e+00
2.97300000e+10 8.43824212e-01 1.48793562e+00
2.97400000e+10 8.43686248e-01 1.48779555e+00
2.97500000e+10 8.43548355e-01 1.48765555e+00
2.97600000e+10 8.43410532e-01 1.48751562e+00
2.97700000e+10 8.43272780e-01 1.48737576e+00
2.97800000e+10 8.43135099e-01 1.48723597e+00
2.97900000e+10 8.42997489e-01 1.48709625e+00
2.98000000e+10 8.42859949e-01 1.48695660e+00
2.98100000e+10 8.42722479e-01 1.48681702e+00
2.98200000e+10 8.42585080e-01 1.48667752e+00
2.98300000e+10 8.42447752e-01 1.48653808e+00
2.98400000e+10 8.42310493e-01 1.48639872e+00
2.98500000e+10 8.42173305e-01 1.48625942e+00
2.98600000e+10 8.42036187e-01 1.48612020e+00
2.98700000e+10 8.41899139e-01 1.48598104e+00
2.98800000e+10 8.41762161e-01 1.48584196e+00
2.98900000e+10 8.41625253e-01 1.48570295e+00
2.99000000e+10 8.41488415e-01 1.48556401e+00
2.99100000e+10 8.41351646e-01 1.48542513e+00
2.99200000e+10 8.41214948e-01 1.48528633e+00
2.99300000e+10 8.41078319e-01 1.48514760e+00
2.99400000e+10 8.40941760e-01 1.48500894e+00
2.99500000e+10 8.40805271e-01 1.48487035e+00
2.99600000e+10 8.40668851e-01 1.48473183e+00
2.99700000e+10 8.40532501e-01 1.48459337e+00
2.99800000e+10 8.40396220e-01 1.48445499e+00
2.99900000e+10 8.40260009e-01 1.48431668e+00
3.00000000e+10 8.40123867e-01 1.48417844e+00
3.00100000e+10 8.39987794e-01 1.48404026e+00
3.00200000e+10 8.39851791e-01 1.48390216e+00
3.00300000e+10 8.39715856e-01 1.48376413e+00
3.00400000e+10 8.39579991e-01 1.48362616e+00
3.00500000e+10 8.39444195e-01 1.48348827e+00
3.00600000e+10 8.39308468e-01 1.48335044e+00
3.00700000e+10 8.39172810e-01 1.48321268e+00
3.00800000e+10 8.39037220e-01 1.48307500e+00
3.00900000e+10 8.38901700e-01 1.48293738e+00
3.01000000e+10 8.38766248e-01 1.48279983e+00
3.01100000e+10 8.38630865e-01 1.48266235e+00
3.01200000e+10 8.38495551e-01 1.48252494e+00
3.01300000e+10 8.38360305e-01 1.48238760e+00
3.01400000e+10 8.38225128e-01 1.48225032e+00
3.01500000e+10 8.38090019e-01 1.48211312e+00
3.01600000e+10 8.37954979e-01 1.48197599e+00
3.01700000e+10 8.37820007e-01 1.48183892e+00
3.01800000e+10 8.37685103e-01 1.48170192e+00
3.01900000e+10 8.37550268e-01 1.48156499e+00
3.02000000e+10 8.37415501e-01 1.48142813e+00
3.02100000e+10 8.37280802e-01 1.48129134e+00
3.02200000e+10 8.37146171e-01 1.48115461e+00
3.02300000e+10 8.37011608e-01 1.48101796e+00
3.02400000e+10 8.36877113e-01 1.48088137e+00
3.02500000e+10 8.36742686e-01 1.48074485e+00
3.02600000e+10 8.36608327e-01 1.48060840e+00
3.02700000e+10 8.36474036e-01 1.48047202e+00
3.02800000e+10 8.36339812e-01 1.48033571e+00
3.02900000e+10 8.36205657e-01 1.48019946e+00
3.03000000e+10 8.36071568e-01 1.48006328e+00
3.03100000e+10 8.35937548e-01 1.47992717e+00
3.03200000e+10 8.35803595e-01 1.47979113e+00
3.03300000e+10 8.35669709e-01 1.47965515e+00
3.03400000e+10 8.35535891e-01 1.47951925e+00
3.03500000e+10 8.35402140e-01 1.47938341e+00
3.03600000e+10 8.35268457e-01 1.47924764e+00
3.03700000e+10 8.35134840e-01 1.47911193e+00
3.03800000e+10 8.35001291e-01 1.47897630e+00
3.03900000e+10 8.34867809e-01 1.47884073e+00
3.04000000e+10 8.34734395e-01 1.47870523e+00
3.04100000e+10 8.34601047e-01 1.47856979e+00
3.04200000e+10 8.34467766e-01 1.47843442e+00
3.04300000e+10 8.34334552e-01 1.47829913e+00
3.04400000e+10 8.34201405e-01 1.47816389e+00
3.04500000e+10 8.34068325e-01 1.47802873e+00
3.04600000e+10 8.33935312e-01 1.47789363e+00
3.04700000e+10 8.33802365e-01 1.47775860e+00
3.04800000e+10 8.33669485e-01 1.47762364e+00
3.04900000e+10 8.33536671e-01 1.47748874e+00
3.05000000e+10 8.33403924e-01 1.47735391e+00
3.05100000e+10 8.33271244e-01 1.47721915e+00
3.05200000e+10 8.33138630e-01 1.47708445e+00
3.05300000e+10 8.33006082e-01 1.47694982e+00
3.05400000e+10 8.32873601e-01 1.47681526e+00
3.05500000e+10 8.32741186e-01 1.47668076e+00
3.05600000e+10 8.32608837e-01 1.47654633e+00
3.05700000e+10 8.32476554e-01 1.47641197e+00
3.05800000e+10 8.32344337e-01 1.47627767e+00
3.05900000e+10 8.32212187e-01 1.47614344e+00
3.06000000e+10 8.32080102e-01 1.47600927e+00
3.06100000e+10 8.31948084e-01 1.47587518e+00
3.06200000e+10 8.31816131e-01 1.47574114e+00
3.06300000e+10 8.31684244e-01 1.47560718e+00
3.06400000e+10 8.31552423e-01 1.47547328e+00
3.06500000e+10 8.31420668e-01 1.47533945e+00
3.06600000e+10 8.31288978e-01 1.47520568e+00
3.06700000e+10 8.31157354e-01 1.47507198e+00
3.06800000e+10 8.31025795e-01 1.47493834e+00
3.06900000e+10 8.30894303e-01 1.47480477e+00
3.07000000e+10 8.30762875e-01 1.47467127e+00
3.07100000e+10 8.30631513e-01 1.47453783e+00
3.07200000e+10 8.30500216e-01 1.47440446e+00
3.07300000e+10 8.30368985e-01 1.47427115e+00
3.07400000e+10 8.30237818e-01 1.47413791e+00
3.07500000e+10 8.30106717e-01 1.47400474e+00
3.07600000e+10 8.29975682e-01 1.47387163e+00
3.07700000e+10 8.29844711e-01 1.47373858e+00
3.07800000e+10 8.29713805e-01 1.47360560e+00
3.07900000e+10 8.29582964e-01 1.47347269e+00
3.08000000e+10 8.29452189e-01 1.47333984e+00
3.08100000e+10 8.29321478e-01 1.47320706e+00
3.08200000e+10 8.29190831e-01 1.47307434e+00
3.08300000e+10 8.29060250e-01 1.47294169e+00
3.08400000e+10 8.28929734e-01 1.47280910e+00
3.08500000e+10 8.28799282e-01 1.47267657e+00
3.08600000e+10 8.28668894e-01 1.47254412e+00
3.08700000e+10 8.28538571e-01 1.47241172e+00
3.08800000e+10 8.28408313e-01 1.47227939e+00
3.08900000e+10 8.28278119e-01 1.47214713e+00
3.09000000e+10 8.28147990e-01 1.47201493e+00
3.09100000e+10 8.28017925e-01 1.47188280e+00
3.09200000e+10 8.27887924e-01 1.47175073e+00
3.09300000e+10 8.27757988e-01 1.47161872e+00
3.09400000e+10 8.27628116e-01 1.47148678e+00
3.09500000e+10 8.27498307e-01 1.47135491e+00
3.09600000e+10 8.27368563e-01 1.47122310e+00
3.09700000e+10 8.27238883e-01 1.47109135e+00
3.09800000e+10 8.27109267e-01 1.47095967e+00
3.09900000e+10 8.26979715e-01 1.47082805e+00
3.10000000e+10 8.26850227e-01 1.47069650e+00
3.10100000e+10 8.26720803e-01 1.47056501e+00
3.10200000e+10 8.26591442e-01 1.47043358e+00
3.10300000e+10 8.26462146e-01 1.47030222e+00
3.10400000e+10 8.26332913e-01 1.47017092e+00
3.10500000e+10 8.26203743e-01 1.47003969e+00
3.10600000e+10 8.26074637e-01 1.46990852e+00
3.10700000e+10 8.25945595e-01 1.46977741e+00
3.10800000e+10 8.25816616e-01 1.46964637e+00
3.10900000e+10 8.25687701e-01 1.46951539e+00
3.11000000e+10 8.25558849e-01 1.46938448e+00
3.11100000e+10 8.25430060e-01 1.46925363e+00
3.11200000e+10 8.25301334e-01 1.46912284e+00
3.11300000e+10 8.25172672e-01 1.46899212e+00
3.11400000e+10 8.25044073e-01 1.46886146e+00
3.11500000e+10 8.24915537e-01 1.46873086e+00
3.11600000e+10 8.24787064e-01 1.46860033e+00
3.11700000e+10 8.24658654e-01 1.46846986e+00
3.11800000e+10 8.24530308e-01 1.46833945e+00
3.11900000e+10 8.24402024e-01 1.46820911e+00
3.12000000e+10 8.24273803e-01 1.46807883e+00
3.12100000e+10 8.24145644e-01 1.46794861e+00
3.12200000e+10 8.24017549e-01 1.46781845e+00
3.12300000e+10 8.23889516e-01 1.46768836e+00
3.12400000e+10 8.23761546e-01 1.46755834e+00
3.12500000e+10 8.23633639e-01 1.46742837e+00
3.12600000e+10 8.23505794e-01 1.46729847e+00
3.12700000e+10 8.23378011e-01 1.46716863e+00
3.12800000e+10 8.23250292e-01 1.46703885e+00
3.12900000e+10 8.23122634e-01 1.46690914e+00
3.13000000e+10 8.22995039e-01 1.46677949e+00
3.13100000e+10 8.22867506e-01 1.46664990e+00
3.13200000e+10 8.22740036e-01 1.46652038e+00
3.13300000e+10 8.22612627e-01 1.46639091e+00
3.13400000e+10 8.22485281e-01 1.46626151e+00
3.13500000e+10 8.22357997e-01 1.46613217e+00
3.13600000e+10 8.22230775e-01 1.46600290e+00
3.13700000e+10 8.22103616e-01 1.46587369e+00
3.13800000e+10 8.21976518e-01 1.46574453e+00
3.13900000e+10 8.21849482e-01 1.46561545e+00
3.14000000e+10 8.21722508e-01 1.46548642e+00
3.14100000e+10 8.21595595e-01 1.46535746e+00
3.14200000e+10 8.21468745e-01 1.46522855e+00
3.14300000e+10 8.21341956e-01 1.46509971e+00
3.14400000e+10 8.21215229e-01 1.46497094e+00
3.14500000e+10 8.21088564e-01 1.46484222e+00
3.14600000e+10 8.20961960e-01 1.46471357e+00
3.14700000e+10 8.20835417e-01 1.46458497e+00
3.14800000e+10 8.20708936e-01 1.46445644e+00
3.14900000e+10 8.20582517e-01 1.46432797e+00
3.15000000e+10 8.20456159e-01 1.46419957e+00
3.15100000e+10 8.20329862e-01 1.46407122e+00
3.15200000e+10 8.20203627e-01 1.46394294e+00
3.15300000e+10 8.20077453e-01 1.46381472e+00
3.15400000e+10 8.19951340e-01 1.46368656e+00
3.15500000e+10 8.19825288e-01 1.46355846e+00
3.15600000e+10 8.19699297e-01 1.46343042e+00
3.15700000e+10 8.19573368e-01 1.46330244e+00
3.15800000e+10 8.19447499e-01 1.46317453e+00
3.15900000e+10 8.19321691e-01 1.46304667e+00
3.16000000e+10 8.19195944e-01 1.46291888e+00
3.16100000e+10 8.19070258e-01 1.46279115e+00
3.16200000e+10 8.18944633e-01 1.46266348e+00
3.16300000e+10 8.18819069e-01 1.46253587e+00
3.16400000e+10 8.18693565e-01 1.46240832e+00
3.16500000e+10 8.18568122e-01 1.46228084e+00
3.16600000e+10 8.18442740e-01 1.46215341e+00
3.16700000e+10 8.18317418e-01 1.46202604e+00
3.16800000e+10 8.18192157e-01 1.46189874e+00
3.16900000e+10 8.18066956e-01 1.46177150e+00
3.17000000e+10 8.17941815e-01 1.46164431e+00
3.17100000e+10 8.17816735e-01 1.46151719e+00
3.17200000e+10 8.17691715e-01 1.46139013e+00
3.17300000e+10 8.17566756e-01 1.46126313e+00
3.17400000e+10 8.17441857e-01 1.46113619e+00
3.17500000e+10 8.17317018e-01 1.46100931e+00
3.17600000e+10 8.17192239e-01 1.46088249e+00
3.17700000e+10 8.17067520e-01 1.46075573e+00
3.17800000e+10 8.16942861e-01 1.46062903e+00
3.17900000e+10 8.16818263e-01 1.46050240e+00
3.18000000e+10 8.16693724e-01 1.46037582e+00
3.18100000e+10 8.16569245e-01 1.46024930e+00
3.18200000e+10 8.16444826e-01 1.46012284e+00
3.18300000e+10 8.16320467e-01 1.45999645e+00
3.18400000e+10 8.16196167e-01 1.45987011e+00
3.18500000e+10 8.16071928e-01 1.45974383e+00
3.18600000e+10 8.15947747e-01 1.45961762e+00
3.18700000e+10 8.15823627e-01 1.45949146e+00
3.18800000e+10 8.15699566e-01 1.45936536e+00
3.18900000e+10 8.15575565e-01 1.45923932e+00
3.19000000e+10 8.15451623e-01 1.45911335e+00
3.19100000e+10 8.15327740e-01 1.45898743e+00
3.19200000e+10 8.15203917e-01 1.45886157e+00
3.19300000e+10 8.15080154e-01 1.45873577e+00
3.19400000e+10 8.14956449e-01 1.45861003e+00
3.19500000e+10 8.14832804e-01 1.45848436e+00
3.19600000e+10 8.14709218e-01 1.45835874e+00
3.19700000e+10 8.14585691e-01 1.45823318e+00
3.19800000e+10 8.14462224e-01 1.45810768e+00
3.19900000e+10 8.14338815e-01 1.45798223e+00
3.20000000e+10 8.14215466e-01 1.45785685e+00
3.20100000e+10 8.14092175e-01 1.45773153e+00
3.20200000e+10 8.13968943e-01 1.45760627e+00
3.20300000e+10 8.13845770e-01 1.45748106e+00
3.20400000e+10 8.13722656e-01 1.45735592e+00
3.20500000e+10 8.13599601e-01 1.45723083e+00
3.20600000e+10 8.13476605e-01 1.45710581e+00
3.20700000e+10 8.13353667e-01 1.45698084e+00
3.20800000e+10 8.13230788e-01 1.45685593e+00
3.20900000e+10 8.13107968e-01 1.45673108e+00
3.21000000e+10 8.12985206e-01 1.45660629e+00
3.21100000e+10 8.12862502e-01 1.45648156e+00
3.21200000e+10 8.12739857e-01 1.45635688e+00
3.21300000e+10 8.12617271e-01 1.45623227e+00
3.21400000e+10 8.12494743e-01 1.45610771e+00
3.21500000e+10 8.12372273e-01 1.45598322e+00
3.21600000e+10 8.12249861e-01 1.45585878e+00
3.21700000e+10 8.12127508e-01 1.45573440e+00
3.21800000e+10 8.12005213e-01 1.45561008e+00
3.21900000e+10 8.11882976e-01 1.45548581e+00
3.22000000e+10 8.11760797e-01 1.45536161e+00
3.22100000e+10 8.11638676e-01 1.45523746e+00
3.22200000e+10 8.11516614e-01 1.45511337e+00
3.22300000e+10 8.11394609e-01 1.45498934e+00
3.22400000e+10 8.11272662e-01 1.45486537e+00
3.22500000e+10 8.11150773e-01 1.45474146e+00
3.22600000e+10 8.11028942e-01 1.45461761e+00
3.22700000e+10 8.10907169e-01 1.45449381e+00
3.22800000e+10 8.10785453e-01 1.45437007e+00
3.22900000e+10 8.10663795e-01 1.45424639e+00
3.23000000e+10 8.10542195e-01 1.45412277e+00
3.23100000e+10 8.10420653e-01 1.45399920e+00
3.23200000e+10 8.10299168e-01 1.45387570e+00
3.23300000e+10 8.10177740e-01 1.45375225e+00
3.23400000e+10 8.10056370e-01 1.45362886e+00
3.23500000e+10 8.09935057e-01 1.45350552e+00
3.23600000e+10 8.09813802e-01 1.45338225e+00
3.23700000e+10 8.09692604e-01 1.45325903e+00
3.23800000e+10 8.09571464e-01 1.45313587e+00
3.23900000e+10 8.09450381e-01 1.45301277e+00
3.24000000e+10 8.09329355e-01 1.45288972e+00
3.24100000e+10 8.09208386e-01 1.45276673e+00
3.24200000e+10 8.09087474e-01 1.45264380e+00
3.24300000e+10 8.08966619e-01 1.45252093e+00
3.24400000e+10 8.08845822e-01 1.45239811e+00
3.24500000e+10 8.08725081e-01 1.45227536e+00
3.24600000e+10 8.08604397e-01 1.45215266e+00
3.24700000e+10 8.08483771e-01 1.45203001e+00
3.24800000e+10 8.08363201e-01 1.45190743e+00
3.24900000e+10 8.08242688e-01 1.45178490e+00
3.25000000e+10 8.08122231e-01 1.45166242e+00
3.25100000e+10 8.08001832e-01 1.45154001e+00
3.25200000e+10 8.07881489e-01 1.45141765e+00
3.25300000e+10 8.07761203e-01 1.45129535e+00
3.25400000e+10 8.07640973e-01 1.45117311e+00
3.25500000e+10 8.07520800e-01 1.45105092e+00
3.25600000e+10 8.07400683e-01 1.45092879e+00
3.25700000e+10 8.07280623e-01 1.45080671e+00
3.25800000e+10 8.07160620e-01 1.45068470e+00
3.25900000e+10 8.07040672e-01 1.45056274e+00
3.26000000e+10 8.06920781e-01 1.45044083e+00
3.26100000e+10 8.06800947e-01 1.45031899e+00
3.26200000e+10 8.06681168e-01 1.45019720e+00
3.26300000e+10 8.06561446e-01 1.45007546e+00
3.26400000e+10 8.06441780e-01 1.44995378e+00
3.26500000e+10 8.06322170e-01 1.44983216e+00
3.26600000e+10 8.06202617e-01 1.44971060e+00
3.26700000e+10 8.06083119e-01 1.44958909e+00
3.26800000e+10 8.05963677e-01 1.44946764e+00
3.26900000e+10 8.05844291e-01 1.44934624e+00
3.27000000e+10 8.05724961e-01 1.44922490e+00
3.27100000e+10 8.05605687e-01 1.44910362e+00
3.27200000e+10 8.05486469e-01 1.44898239e+00
3.27300000e+10 8.05367307e-01 1.44886122e+00
3.27400000e+10 8.05248200e-01 1.44874011e+00
3.27500000e+10 8.05129149e-01 1.44861905e+00
3.27600000e+10 8.05010154e-01 1.44849805e+00
3.27700000e+10 8.04891214e-01 1.44837710e+00
3.27800000e+10 8.04772330e-01 1.44825621e+00
3.27900000e+10 8.04653502e-01 1.44813538e+00
3.28000000e+10 8.04534729e-01 1.44801460e+00
3.28100000e+10 8.04416011e-01 1.44789387e+00
3.28200000e+10 8.04297349e-01 1.44777320e+00
3.28300000e+10 8.04178742e-01 1.44765259e+00
3.28400000e+10 8.04060190e-01 1.44753204e+00
3.28500000e+10 8.03941694e-01 1.44741154e+00
3.28600000e+10 8.03823253e-01 1.44729109e+00
3.28700000e+10 8.03704867e-01 1.44717070e+00
3.28800000e+10 8.03586537e-01 1.44705037e+00
3.28900000e+10 8.03468261e-01 1.44693009e+00
3.29000000e+10 8.03350041e-01 1.44680986e+00
3.29100000e+10 8.03231875e-01 1.44668970e+00
3.29200000e+10 8.03113765e-01 1.44656958e+00
3.29300000e+10 8.02995709e-01 1.44644953e+00
3.29400000e+10 8.02877709e-01 1.44632952e+00
3.29500000e+10 8.02759763e-01 1.44620958e+00
3.29600000e+10 8.02641872e-01 1.44608968e+00
3.29700000e+10 8.02524036e-01 1.44596985e+00
3.29800000e+10 8.02406254e-01 1.44585007e+00
3.29900000e+10 8.02288527e-01 1.44573034e+00
3.30000000e+10 8.02170855e-01 1.44561067e+00
3.30100000e+10 8.02053238e-01 1.44549105e+00
3.30200000e+10 8.01935675e-01 1.44537149e+00
3.30300000e+10 8.01818167e-01 1.44525198e+00
3.30400000e+10 8.01700713e-01 1.44513253e+00
3.30500000e+10 8.01583313e-01 1.44501313e+00
3.30600000e+10 8.01465968e-01 1.44489379e+00
3.30700000e+10 8.01348677e-01 1.44477450e+00
3.30800000e+10 8.01231441e-01 1.44465527e+00
3.30900000e+10 8.01114259e-01 1.44453609e+00
3.31000000e+10 8.00997131e-01 1.44441696e+00
3.31100000e+10 8.00880058e-01 1.44429789e+00
3.31200000e+10 8.00763038e-01 1.44417888e+00
3.31300000e+10 8.00646073e-01 1.44405992e+00
3.31400000e+10 8.00529161e-01 1.44394101e+00
3.31500000e+10 8.00412304e-01 1.44382216e+00
3.31600000e+10 8.00295501e-01 1.44370336e+00
3.31700000e+10 8.00178752e-01 1.44358462e+00
3.31800000e+10 8.00062056e-01 1.44346593e+00
3.31900000e+10 7.99945415e-01 1.44334729e+00
3.32000000e+10 7.99828827e-01 1.44322871e+00
3.32100000e+10 7.99712293e-01 1.44311018e+00
3.32200000e+10 7.99595813e-01 1.44299171e+00
3.32300000e+10 7.99479387e-01 1.44287329e+00
3.32400000e+10 7.99363014e-01 1.44275493e+00
3.32500000e+10 7.99246695e-01 1.44263662e+00
3.32600000e+10 7.99130429e-01 1.44251836e+00
3.32700000e+10 7.99014217e-01 1.44240016e+00
3.32800000e+10 7.98898059e-01 1.44228201e+00
3.32900000e+10 7.98781954e-01 1.44216391e+00
3.33000000e+10 7.98665902e-01 1.44204587e+00
3.33100000e+10 7.98549904e-01 1.44192788e+00
3.33200000e+10 7.98433960e-01 1.44180995e+00
3.33300000e+10 7.98318068e-01 1.44169207e+00
3.33400000e+10 7.98202230e-01 1.44157424e+00
3.33500000e+10 7.98086445e-01 1.44145647e+00
3.33600000e+10 7.97970713e-01 1.44133875e+00
3.33700000e+10 7.97855034e-01 1.44122108e+00
3.33800000e+10 7.97739409e-01 1.44110347e+00
3.33900000e+10 7.97623836e-01 1.44098591e+00
3.34000000e+10 7.97508317e-01 1.44086840e+00
3.34100000e+10 7.97392851e-01 1.44075095e+00
3.34200000e+10 7.97277437e-01 1.44063355e+00
3.34300000e+10 7.97162077e-01 1.44051620e+00
3.34400000e+10 7.97046769e-01 1.44039891e+00
3.34500000e+10 7.96931514e-01 1.44028167e+00
3.34600000e+10 7.96816312e-01 1.44016448e+00
3.34700000e+10 7.96701163e-01 1.44004735e+00
3.34800000e+10 7.96586066e-01 1.43993026e+00
3.34900000e+10 7.96471022e-01 1.43981324e+00
3.35000000e+10 7.96356031e-01 1.43969626e+00
3.35100000e+10 7.96241092e-01 1.43957934e+00
3.35200000e+10 7.96126206e-01 1.43946247e+00
3.35300000e+10 7.96011372e-01 1.43934565e+00
3.35400000e+10 7.95896591e-01 1.43922889e+00
3.35500000e+10 7.95781863e-01 1.43911218e+00
3.35600000e+10 7.95667186e-01 1.43899552e+00
3.35700000e+10 7.95552562e-01 1.43887891e+00
3.35800000e+10 7.95437991e-01 1.43876236e+00
3.35900000e+10 7.95323472e-01 1.43864586e+00
3.36000000e+10 7.95209005e-01 1.43852941e+00
3.36100000e+10 7.95094590e-01 1.43841302e+00
3.36200000e+10 7.94980227e-01 1.43829668e+00
3.36300000e+10 7.94865917e-01 1.43818039e+00
3.36400000e+10 7.94751658e-01 1.43806415e+00
3.36500000e+10 7.94637452e-01 1.43794796e+00
3.36600000e+10 7.94523297e-01 1.43783183e+00
3.36700000e+10 7.94409195e-01 1.43771575e+00
3.36800000e+10 7.94295145e-01 1.43759972e+00
3.36900000e+10 7.94181146e-01 1.43748374e+00
3.37000000e+10 7.94067199e-01 1.43736782e+00
3.37100000e+10 7.93953304e-01 1.43725195e+00
3.37200000e+10 7.93839461e-01 1.43713613e+00
3.37300000e+10 7.93725670e-01 1.43702036e+00
3.37400000e+10 7.93611930e-01 1.43690464e+00
3.37500000e+10 7.93498242e-01 1.43678898e+00
3.37600000e+10 7.93384606e-01 1.43667337e+00
3.37700000e+10 7.93271021e-01 1.43655781e+00
3.37800000e+10 7.93157488e-01 1.43644230e+00
3.37900000e+10 7.93044006e-01 1.43632684e+00
3.38000000e+10 7.92930576e-01 1.43621144e+00
3.38100000e+10 7.92817198e-01 1.43609608e+00
3.38200000e+10 7.92703870e-01 1.43598078e+00
3.38300000e+10 7.92590594e-01 1.43586553e+00
3.38400000e+10 7.92477370e-01 1.43575034e+00
3.38500000e+10 7.92364196e-01 1.43563519e+00
3.38600000e+10 7.92251074e-01 1.43552010e+00
3.38700000e+10 7.92138003e-01 1.43540505e+00
3.38800000e+10 7.92024983e-01 1.43529006e+00
3.38900000e+10 7.91912015e-01 1.43517512e+00
3.39000000e+10 7.91799097e-01 1.43506023e+00
3.39100000e+10 7.91686231e-01 1.43494539e+00
3.39200000e+10 7.91573416e-01 1.43483061e+00
3.39300000e+10 7.91460651e-01 1.43471587e+00
3.39400000e+10 7.91347938e-01 1.43460119e+00
3.39500000e+10 7.91235275e-01 1.43448656e+00
3.39600000e+10 7.91122664e-01 1.43437198e+00
3.39700000e+10 7.91010103e-01 1.43425745e+00
3.39800000e+10 7.90897593e-01 1.43414297e+00
3.39900000e+10 7.90785133e-01 1.43402854e+00
3.40000000e+10 7.90672725e-01 1.43391416e+00
3.40100000e+10 7.90560367e-01 1.43379984e+00
3.40200000e+10 7.90448060e-01 1.43368556e+00
3.40300000e+10 7.90335803e-01 1.43357134e+00
3.40400000e+10 7.90223597e-01 1.43345717e+00
3.40500000e+10 7.90111442e-01 1.43334304e+00
3.40600000e+10 7.89999337e-01 1.43322897e+00
3.40700000e+10 7.89887282e-01 1.43311495e+00
3.40800000e+10 7.89775278e-01 1.43300098e+00
3.40900000e+10 7.89663325e-01 1.43288706e+00
3.41000000e+10 7.89551421e-01 1.43277319e+00
3.41100000e+10 7.89439568e-01 1.43265938e+00
3.41200000e+10 7.89327766e-01 1.43254561e+00
3.41300000e+10 7.89216013e-01 1.43243189e+00
3.41400000e+10 7.89104311e-01 1.43231823e+00
3.41500000e+10 7.88992659e-01 1.43220461e+00
3.41600000e+10 7.88881057e-01 1.43209105e+00
3.41700000e+10 7.88769505e-01 1.43197753e+00
3.41800000e+10 7.88658003e-01 1.43186407e+00
3.41900000e+10 7.88546551e-01 1.43175065e+00
3.42000000e+10 7.88435150e-01 1.43163729e+00
3.42100000e+10 7.88323798e-01 1.43152397e+00
3.42200000e+10 7.88212496e-01 1.43141071e+00
3.42300000e+10 7.88101244e-01 1.43129750e+00
3.42400000e+10 7.87990042e-01 1.43118434e+00
3.42500000e+10 7.87878889e-01 1.43107122e+00
3.42600000e+10 7.87767787e-01 1.43095816e+00
3.42700000e+10 7.87656734e-01 1.43084515e+00
3.42800000e+10 7.87545731e-01 1.43073218e+00
3.42900000e+10 7.87434777e-01 1.43061927e+00
3.43000000e+10 7.87323873e-01 1.43050641e+00
3.43100000e+10 7.87213019e-01 1.43039360e+00
3.43200000e+10 7.87102214e-01 1.43028083e+00
3.43300000e+10 7.86991459e-01 1.43016812e+00
3.43400000e+10 7.86880753e-01 1.43005546e+00
3.43500000e+10 7.86770097e-01 1.42994284e+00
3.43600000e+10 7.86659490e-01 1.42983028e+00
3.43700000e+10 7.86548932e-01 1.42971776e+00
3.43800000e+10 7.86438424e-01 1.42960530e+00
3.43900000e+10 7.86327965e-01 1.42949288e+00
3.44000000e+10 7.86217556e-01 1.42938052e+00
3.44100000e+10 7.86107195e-01 1.42926820e+00
3.44200000e+10 7.85996884e-01 1.42915594e+00
3.44300000e+10 7.85886622e-01 1.42904372e+00
3.44400000e+10 7.85776409e-01 1.42893155e+00
3.44500000e+10 7.85666245e-01 1.42881943e+00
3.44600000e+10 7.85556130e-01 1.42870736e+00
3.44700000e+10 7.85446065e-01 1.42859534e+00
3.44800000e+10 7.85336048e-01 1.42848337e+00
3.44900000e+10 7.85226080e-01 1.42837145e+00
3.45000000e+10 7.85116161e-01 1.42825958e+00
3.45100000e+10 7.85006291e-01 1.42814776e+00
3.45200000e+10 7.84896470e-01 1.42803599e+00
3.45300000e+10 7.84786697e-01 1.42792426e+00
3.45400000e+10 7.84676974e-01 1.42781259e+00
3.45500000e+10 7.84567299e-01 1.42770096e+00
3.45600000e+10 7.84457673e-01 1.42758938e+00
3.45700000e+10 7.84348095e-01 1.42747785e+00
3.45800000e+10 7.84238566e-01 1.42736638e+00
3.45900000e+10 7.84129086e-01 1.42725495e+00
3.46000000e+10 7.84019654e-01 1.42714356e+00
3.46100000e+10 7.83910271e-01 1.42703223e+00
3.46200000e+10 7.83800936e-01 1.42692095e+00
3.46300000e+10 7.83691650e-01 1.42680971e+00
3.46400000e+10 7.83582412e-01 1.42669853e+00
3.46500000e+10 7.83473222e-01 1.42658739e+00
3.46600000e+10 7.83364081e-01 1.42647630e+00
3.46700000e+10 7.83254988e-01 1.42636526e+00
3.46800000e+10 7.83145944e-01 1.42625427e+00
3.46900000e+10 7.83036948e-01 1.42614332e+00
3.47000000e+10 7.82927999e-01 1.42603243e+00
3.47100000e+10 7.82819099e-01 1.42592158e+00
3.47200000e+10 7.82710248e-01 1.42581078e+00
3.47300000e+10 7.82601444e-01 1.42570003e+00
3.47400000e+10 7.82492688e-01 1.42558933e+00
3.47500000e+10 7.82383981e-01 1.42547868e+00
3.47600000e+10 7.82275321e-01 1.42536808e+00
3.47700000e+10 7.82166710e-01 1.42525752e+00
3.47800000e+10 7.82058146e-01 1.42514701e+00
3.47900000e+10 7.81949630e-01 1.42503655e+00
3.48000000e+10 7.81841162e-01 1.42492614e+00
3.48100000e+10 7.81732742e-01 1.42481578e+00
3.48200000e+10 7.81624370e-01 1.42470546e+00
3.48300000e+10 7.81516045e-01 1.42459519e+00
3.48400000e+10 7.81407768e-01 1.42448498e+00
3.48500000e+10 7.81299539e-01 1.42437480e+00
3.48600000e+10 7.81191358e-01 1.42426468e+00
3.48700000e+10 7.81083224e-01 1.42415461e+00
3.48800000e+10 7.80975138e-01 1.42404458e+00
3.48900000e+10 7.80867099e-01 1.42393460e+00
3.49000000e+10 7.80759108e-01 1.42382467e+00
3.49100000e+10 7.80651164e-01 1.42371478e+00
3.49200000e+10 7.80543268e-01 1.42360495e+00
3.49300000e+10 7.80435419e-01 1.42349516e+00
3.49400000e+10 7.80327618e-01 1.42338542e+00
3.49500000e+10 7.80219864e-01 1.42327572e+00
3.49600000e+10 7.80112157e-01 1.42316608e+00
3.49700000e+10 7.80004498e-01 1.42305648e+00
3.49800000e+10 7.79896885e-01 1.42294693e+00
3.49900000e+10 7.79789320e-01 1.42283743e+00
3.50000000e+10 7.79681803e-01 1.42272797e+00
3.50100000e+10 7.79574332e-01 1.42261856e+00
3.50200000e+10 7.79466908e-01 1.42250920e+00
3.50300000e+10 7.79359532e-01 1.42239989e+00
3.50400000e+10 7.79252203e-01 1.42229062e+00
3.50500000e+10 7.79144920e-01 1.42218141e+00
3.50600000e+10 7.79037685e-01 1.42207223e+00
3.50700000e+10 7.78930496e-01 1.42196311e+00
3.50800000e+10 7.78823355e-01 1.42185403e+00
3.50900000e+10 7.78716260e-01 1.42174500e+00
3.51000000e+10 7.78609212e-01 1.42163602e+00
3.51100000e+10 7.78502211e-01 1.42152709e+00
3.51200000e+10 7.78395257e-01 1.42141820e+00
3.51300000e+10 7.78288350e-01 1.42130936e+00
3.51400000e+10 7.78181489e-01 1.42120056e+00
3.51500000e+10 7.78074675e-01 1.42109182e+00
3.51600000e+10 7.77967907e-01 1.42098311e+00
3.51700000e+10 7.77861187e-01 1.42087446e+00
3.51800000e+10 7.77754512e-01 1.42076586e+00
3.51900000e+10 7.77647885e-01 1.42065730e+00
3.52000000e+10 7.77541303e-01 1.42054878e+00
3.52100000e+10 7.77434769e-01 1.42044032e+00
3.52200000e+10 7.77328281e-01 1.42033190e+00
3.52300000e+10 7.77221839e-01 1.42022353e+00
3.52400000e+10 7.77115443e-01 1.42011520e+00
3.52500000e+10 7.77009094e-01 1.42000692e+00
3.52600000e+10 7.76902792e-01 1.41989869e+00
3.52700000e+10 7.76796535e-01 1.41979050e+00
3.52800000e+10 7.76690325e-01 1.41968236e+00
3.52900000e+10 7.76584161e-01 1.41957427e+00
3.53000000e+10 7.76478043e-01 1.41946622e+00
3.53100000e+10 7.76371972e-01 1.41935822e+00
3.53200000e+10 7.76265946e-01 1.41925027e+00
3.53300000e+10 7.76159967e-01 1.41914236e+00
3.53400000e+10 7.76054033e-01 1.41903450e+00
3.53500000e+10 7.75948146e-01 1.41892669e+00
3.53600000e+10 7.75842305e-01 1.41881892e+00
3.53700000e+10 7.75736509e-01 1.41871120e+00
3.53800000e+10 7.75630760e-01 1.41860352e+00
3.53900000e+10 7.75525056e-01 1.41849589e+00
3.54000000e+10 7.75419399e-01 1.41838831e+00
3.54100000e+10 7.75313787e-01 1.41828077e+00
3.54200000e+10 7.75208221e-01 1.41817328e+00
3.54300000e+10 7.75102700e-01 1.41806584e+00
3.54400000e+10 7.74997226e-01 1.41795844e+00
3.54500000e+10 7.74891797e-01 1.41785108e+00
3.54600000e+10 7.74786414e-01 1.41774378e+00
3.54700000e+10 7.74681076e-01 1.41763651e+00
3.54800000e+10 7.74575784e-01 1.41752930e+00
3.54900000e+10 7.74470538e-01 1.41742213e+00
3.55000000e+10 7.74365337e-01 1.41731501e+00
3.55100000e+10 7.74260182e-01 1.41720793e+00
3.55200000e+10 7.74155072e-01 1.41710090e+00
3.55300000e+10 7.74050008e-01 1.41699391e+00
3.55400000e+10 7.73944989e-01 1.41688697e+00
3.55500000e+10 7.73840015e-01 1.41678008e+00
3.55600000e+10 7.73735087e-01 1.41667323e+00
3.55700000e+10 7.73630204e-01 1.41656642e+00
3.55800000e+10 7.73525366e-01 1.41645967e+00
3.55900000e+10 7.73420574e-01 1.41635295e+00
3.56000000e+10 7.73315827e-01 1.41624629e+00
3.56100000e+10 7.73211125e-01 1.41613966e+00
3.56200000e+10 7.73106468e-01 1.41603309e+00
3.56300000e+10 7.73001856e-01 1.41592656e+00
3.56400000e+10 7.72897290e-01 1.41582007e+00
3.56500000e+10 7.72792768e-01 1.41571363e+00
3.56600000e+10 7.72688292e-01 1.41560724e+00
3.56700000e+10 7.72583860e-01 1.41550089e+00
3.56800000e+10 7.72479474e-01 1.41539459e+00
3.56900000e+10 7.72375132e-01 1.41528833e+00
3.57000000e+10 7.72270835e-01 1.41518211e+00
3.57100000e+10 7.72166584e-01 1.41507595e+00
3.57200000e+10 7.72062377e-01 1.41496982e+00
3.57300000e+10 7.71958214e-01 1.41486374e+00
3.57400000e+10 7.71854097e-01 1.41475771e+00
3.57500000e+10 7.71750024e-01 1.41465172e+00
3.57600000e+10 7.71645997e-01 1.41454578e+00
3.57700000e+10 7.71542013e-01 1.41443988e+00
3.57800000e+10 7.71438075e-01 1.41433403e+00
3.57900000e+10 7.71334181e-01 1.41422822e+00
3.58000000e+10 7.71230332e-01 1.41412246e+00
3.58100000e+10 7.71126527e-01 1.41401674e+00
3.58200000e+10 7.71022767e-01 1.41391107e+00
3.58300000e+10 7.70919051e-01 1.41380544e+00
3.58400000e+10 7.70815380e-01 1.41369986e+00
3.58500000e+10 7.70711753e-01 1.41359432e+00
3.58600000e+10 7.70608171e-01 1.41348882e+00
3.58700000e+10 7.70504632e-01 1.41338337e+00
3.58800000e+10 7.70401139e-01 1.41327797e+00
3.58900000e+10 7.70297689e-01 1.41317261e+00
3.59000000e+10 7.70194284e-01 1.41306729e+00
3.59100000e+10 7.70090924e-01 1.41296202e+00
3.59200000e+10 7.69987607e-01 1.41285679e+00
3.59300000e+10 7.69884335e-01 1.41275161e+00
3.59400000e+10 7.69781106e-01 1.41264647e+00
3.59500000e+10 7.69677922e-01 1.41254138e+00
3.59600000e+10 7.69574782e-01 1.41243633e+00
3.59700000e+10 7.69471686e-01 1.41233132e+00
3.59800000e+10 7.69368634e-01 1.41222636e+00
3.59900000e+10 7.69265627e-01 1.41212145e+00
3.60000000e+10 7.69162663e-01 1.41201658e+00
3.60100000e+10 7.69059743e-01 1.41191175e+00
3.60200000e+10 7.68956867e-01 1.41180697e+00
3.60300000e+10 7.68854034e-01 1.41170223e+00
3.60400000e+10 7.68751246e-01 1.41159753e+00
3.60500000e+10 7.68648502e-01 1.41149288e+00
3.60600000e+10 7.68545801e-01 1.41138827e+00
3.60700000e+10 7.68443144e-01 1.41128371e+00
3.60800000e+10 7.68340531e-01 1.41117919e+00
3.60900000e+10 7.68237962e-01 1.41107472e+00
3.61000000e+10 7.68135436e-01 1.41097029e+00
3.61100000e+10 7.68032954e-01 1.41086590e+00
3.61200000e+10 7.67930515e-01 1.41076156e+00
3.61300000e+10 7.67828120e-01 1.41065726e+00
3.61400000e+10 7.67725769e-01 1.41055300e+00
3.61500000e+10 7.67623461e-01 1.41044879e+00
3.61600000e+10 7.67521197e-01 1.41034462e+00
3.61700000e+10 7.67418976e-01 1.41024050e+00
3.61800000e+10 7.67316798e-01 1.41013642e+00
3.61900000e+10 7.67214664e-01 1.41003238e+00
3.62000000e+10 7.67112573e-01 1.40992839e+00
3.62100000e+10 7.67010526e-01 1.40982444e+00
3.62200000e+10 7.66908522e-01 1.40972054e+00
3.62300000e+10 7.66806561e-01 1.40961667e+00
3.62400000e+10 7.66704644e-01 1.40951286e+00
3.62500000e+10 7.66602770e-01 1.40940908e+00
3.62600000e+10 7.66500938e-01 1.40930535e+00
3.62700000e+10 7.66399151e-01 1.40920166e+00
3.62800000e+10 7.66297406e-01 1.40909802e+00
3.62900000e+10 7.66195704e-01 1.40899442e+00
3.63000000e+10 7.66094046e-01 1.40889086e+00
3.63100000e+10 7.65992430e-01 1.40878734e+00
3.63200000e+10 7.65890858e-01 1.40868387e+00
3.63300000e+10 7.65789328e-01 1.40858045e+00
3.63400000e+10 7.65687841e-01 1.40847706e+00
3.63500000e+10 7.65586398e-01 1.40837372e+00
3.63600000e+10 7.65484997e-01 1.40827042e+00
3.63700000e+10 7.65383639e-01 1.40816717e+00
3.63800000e+10 7.65282324e-01 1.40806395e+00
3.63900000e+10 7.65181052e-01 1.40796079e+00
3.64000000e+10 7.65079823e-01 1.40785766e+00
3.64100000e+10 7.64978636e-01 1.40775458e+00
3.64200000e+10 7.64877492e-01 1.40765154e+00
3.64300000e+10 7.64776391e-01 1.40754854e+00
3.64400000e+10 7.64675332e-01 1.40744559e+00
3.64500000e+10 7.64574316e-01 1.40734268e+00
3.64600000e+10 7.64473343e-01 1.40723981e+00
3.64700000e+10 7.64372412e-01 1.40713698e+00
3.64800000e+10 7.64271524e-01 1.40703420e+00
3.64900000e+10 7.64170678e-01 1.40693146e+00
3.65000000e+10 7.64069875e-01 1.40682877e+00
3.65100000e+10 7.63969114e-01 1.40672611e+00
3.65200000e+10 7.63868396e-01 1.40662350e+00
3.65300000e+10 7.63767720e-01 1.40652093e+00
3.65400000e+10 7.63667086e-01 1.40641841e+00
3.65500000e+10 7.63566495e-01 1.40631592e+00
3.65600000e+10 7.63465946e-01 1.40621348e+00
3.65700000e+10 7.63365440e-01 1.40611108e+00
3.65800000e+10 7.63264975e-01 1.40600873e+00
3.65900000e+10 7.63164553e-01 1.40590642e+00
3.66000000e+10 7.63064173e-01 1.40580415e+00
3.66100000e+10 7.62963835e-01 1.40570192e+00
3.66200000e+10 7.62863540e-01 1.40559973e+00
3.66300000e+10 7.62763286e-01 1.40549759e+00
3.66400000e+10 7.62663075e-01 1.40539549e+00
3.66500000e+10 7.62562906e-01 1.40529343e+00
3.66600000e+10 7.62462778e-01 1.40519141e+00
3.66700000e+10 7.62362693e-01 1.40508944e+00
3.66800000e+10 7.62262650e-01 1.40498751e+00
3.66900000e+10 7.62162648e-01 1.40488562e+00
3.67000000e+10 7.62062689e-01 1.40478377e+00
3.67100000e+10 7.61962771e-01 1.40468197e+00
3.67200000e+10 7.61862895e-01 1.40458021e+00
3.67300000e+10 7.61763062e-01 1.40447848e+00
3.67400000e+10 7.61663269e-01 1.40437681e+00
3.67500000e+10 7.61563519e-01 1.40427517e+00
3.67600000e+10 7.61463811e-01 1.40417358e+00
3.67700000e+10 7.61364144e-01 1.40407202e+00
3.67800000e+10 7.61264518e-01 1.40397051e+00
3.67900000e+10 7.61164935e-01 1.40386904e+00
3.68000000e+10 7.61065393e-01 1.40376762e+00
3.68100000e+10 7.60965893e-01 1.40366623e+00
3.68200000e+10 7.60866434e-01 1.40356489e+00
3.68300000e+10 7.60767017e-01 1.40346359e+00
3.68400000e+10 7.60667641e-01 1.40336233e+00
3.68500000e+10 7.60568307e-01 1.40326111e+00
3.68600000e+10 7.60469014e-01 1.40315994e+00
3.68700000e+10 7.60369763e-01 1.40305880e+00
3.68800000e+10 7.60270553e-01 1.40295771e+00
3.68900000e+10 7.60171385e-01 1.40285666e+00
3.69000000e+10 7.60072258e-01 1.40275565e+00
3.69100000e+10 7.59973172e-01 1.40265468e+00
3.69200000e+10 7.59874127e-01 1.40255376e+00
3.69300000e+10 7.59775124e-01 1.40245287e+00
3.69400000e+10 7.59676162e-01 1.40235203e+00
3.69500000e+10 7.59577241e-01 1.40225123e+00
3.69600000e+10 7.59478362e-01 1.40215047e+00
3.69700000e+10 7.59379523e-01 1.40204975e+00
3.69800000e+10 7.59280726e-01 1.40194907e+00
3.69900000e+10 7.59181969e-01 1.40184844e+00
3.70000000e+10 7.59083254e-01 1.40174784e+00
3.70100000e+10 7.58984580e-01 1.40164729e+00
3.70200000e+10 7.58885947e-01 1.40154678e+00
3.70300000e+10 7.58787355e-01 1.40144631e+00
3.70400000e+10 7.58688804e-01 1.40134588e+00
3.70500000e+10 7.58590293e-01 1.40124549e+00
3.70600000e+10 7.58491824e-01 1.40114515e+00
3.70700000e+10 7.58393396e-01 1.40104484e+00
3.70800000e+10 7.58295008e-01 1.40094458e+00
3.70900000e+10 7.58196661e-01 1.40084435e+00
3.71000000e+10 7.58098355e-01 1.40074417e+00
3.71100000e+10 7.58000090e-01 1.40064403e+00
3.71200000e+10 7.57901866e-01 1.40054393e+00
3.71300000e+10 7.57803682e-01 1.40044387e+00
3.71400000e+10 7.57705539e-01 1.40034385e+00
3.71500000e+10 7.57607436e-01 1.40024388e+00
3.71600000e+10 7.57509375e-01 1.40014394e+00
3.71700000e+10 7.57411353e-01 1.40004404e+00
3.71800000e+10 7.57313373e-01 1.39994419e+00
3.71900000e+10 7.57215433e-01 1.39984438e+00
3.72000000e+10 7.57117533e-01 1.39974460e+00
3.72100000e+10 7.57019674e-01 1.39964487e+00
3.72200000e+10 7.56921856e-01 1.39954518e+00
3.72300000e+10 7.56824077e-01 1.39944553e+00
3.72400000e+10 7.56726340e-01 1.39934592e+00
3.72500000e+10 7.56628642e-01 1.39924635e+00
3.72600000e+10 7.56530985e-01 1.39914682e+00
3.72700000e+10 7.56433369e-01 1.39904733e+00
3.72800000e+10 7.56335793e-01 1.39894789e+00
3.72900000e+10 7.56238256e-01 1.39884848e+00
3.73000000e+10 7.56140761e-01 1.39874911e+00
3.73100000e+10 7.56043305e-01 1.39864979e+00
3.73200000e+10 7.55945890e-01 1.39855050e+00
3.73300000e+10 7.55848514e-01 1.39845126e+00
3.73400000e+10 7.55751179e-01 1.39835205e+00
3.73500000e+10 7.55653884e-01 1.39825289e+00
3.73600000e+10 7.55556630e-01 1.39815377e+00
3.73700000e+10 7.55459415e-01 1.39805468e+00
3.73800000e+10 7.55362240e-01 1.39795564e+00
3.73900000e+10 7.55265105e-01 1.39785664e+00
3.74000000e+10 7.55168011e-01 1.39775767e+00
3.74100000e+10 7.55070956e-01 1.39765875e+00
3.74200000e+10 7.54973941e-01 1.39755987e+00
3.74300000e+10 7.54876966e-01 1.39746103e+00
3.74400000e+10 7.54780031e-01 1.39736223e+00
3.74500000e+10 7.54683136e-01 1.39726346e+00
3.74600000e+10 7.54586280e-01 1.39716474e+00
3.74700000e+10 7.54489464e-01 1.39706606e+00
3.74800000e+10 7.54392689e-01 1.39696742e+00
3.74900000e+10 7.54295953e-01 1.39686882e+00
3.75000000e+10 7.54199256e-01 1.39677026e+00
3.75100000e+10 7.54102599e-01 1.39667174e+00
3.75200000e+10 7.54005982e-01 1.39657326e+00
3.75300000e+10 7.53909405e-01 1.39647481e+00
3.75400000e+10 7.53812867e-01 1.39637641e+00
3.75500000e+10 7.53716369e-01 1.39627805e+00
3.75600000e+10 7.53619910e-01 1.39617973e+00
3.75700000e+10 7.53523491e-01 1.39608145e+00
3.75800000e+10 7.53427112e-01 1.39598321e+00
3.75900000e+10 7.53330772e-01 1.39588500e+00
3.76000000e+10 7.53234471e-01 1.39578684e+00
3.76100000e+10 7.53138210e-01 1.39568872e+00
3.76200000e+10 7.53041988e-01 1.39559063e+00
3.76300000e+10 7.52945805e-01 1.39549259e+00
3.76400000e+10 7.52849662e-01 1.39539459e+00
3.76500000e+10 7.52753558e-01 1.39529662e+00
3.76600000e+10 7.52657494e-01 1.39519870e+00
3.76700000e+10 7.52561469e-01 1.39510081e+00
3.76800000e+10 7.52465483e-01 1.39500297e+00
3.76900000e+10 7.52369536e-01 1.39490516e+00
3.77000000e+10 7.52273628e-01 1.39480739e+00
3.77100000e+10 7.52177760e-01 1.39470967e+00
3.77200000e+10 7.52081931e-01 1.39461198e+00
3.77300000e+10 7.51986141e-01 1.39451433e+00
3.77400000e+10 7.51890390e-01 1.39441672e+00
3.77500000e+10 7.51794678e-01 1.39431915e+00
3.77600000e+10 7.51699005e-01 1.39422162e+00
3.77700000e+10 7.51603371e-01 1.39412413e+00
3.77800000e+10 7.51507776e-01 1.39402668e+00
3.77900000e+10 7.51412220e-01 1.39392926e+00
3.78000000e+10 7.51316703e-01 1.39383189e+00
3.78100000e+10 7.51221225e-01 1.39373456e+00
3.78200000e+10 7.51125786e-01 1.39363726e+00
3.78300000e+10 7.51030385e-01 1.39354001e+00
3.78400000e+10 7.50935024e-01 1.39344279e+00
3.78500000e+10 7.50839701e-01 1.39334561e+00
3.78600000e+10 7.50744417e-01 1.39324847e+00
3.78700000e+10 7.50649172e-01 1.39315137e+00
3.78800000e+10 7.50553965e-01 1.39305431e+00
3.78900000e+10 7.50458797e-01 1.39295729e+00
3.79000000e+10 7.50363668e-01 1.39286031e+00
3.79100000e+10 7.50268578e-01 1.39276336e+00
3.79200000e+10 7.50173526e-01 1.39266646e+00
3.79300000e+10 7.50078513e-01 1.39256959e+00
3.79400000e+10 7.49983538e-01 1.39247277e+00
3.79500000e+10 7.49888602e-01 1.39237598e+00
3.79600000e+10 7.49793705e-01 1.39227923e+00
3.79700000e+10 7.49698846e-01 1.39218252e+00
3.79800000e+10 7.49604025e-01 1.39208585e+00
3.79900000e+10 7.49509243e-01 1.39198921e+00
3.80000000e+10 7.49414499e-01 1.39189262e+00
3.80100000e+10 7.49319794e-01 1.39179606e+00
3.80200000e+10 7.49225127e-01 1.39169954e+00
3.80300000e+10 7.49130498e-01 1.39160307e+00
3.80400000e+10 7.49035908e-01 1.39150663e+00
3.80500000e+10 7.48941356e-01 1.39141022e+00
3.80600000e+10 7.48846843e-01 1.39131386e+00
3.80700000e+10 7.48752367e-01 1.39121754e+00
3.80800000e+10 7.48657930e-01 1.39112125e+00
3.80900000e+10 7.48563531e-01 1.39102500e+00
3.81000000e+10 7.48469170e-01 1.39092880e+00
3.81100000e+10 7.48374848e-01 1.39083262e+00
3.81200000e+10 7.48280563e-01 1.39073649e+00
3.81300000e+10 7.48186317e-01 1.39064040e+00
3.81400000e+10 7.48092108e-01 1.39054434e+00
3.81500000e+10 7.47997938e-01 1.39044833e+00
3.81600000e+10 7.47903806e-01 1.39035235e+00
3.81700000e+10 7.47809711e-01 1.39025641e+00
3.81800000e+10 7.47715655e-01 1.39016051e+00
3.81900000e+10 7.47621637e-01 1.39006464e+00
3.82000000e+10 7.47527656e-01 1.38996882e+00
3.82100000e+10 7.47433714e-01 1.38987303e+00
3.82200000e+10 7.47339809e-01 1.38977728e+00
3.82300000e+10 7.47245942e-01 1.38968157e+00
3.82400000e+10 7.47152113e-01 1.38958589e+00
3.82500000e+10 7.47058322e-01 1.38949026e+00
3.82600000e+10 7.46964569e-01 1.38939466e+00
3.82700000e+10 7.46870853e-01 1.38929910e+00
3.82800000e+10 7.46777175e-01 1.38920358e+00
3.82900000e+10 7.46683535e-01 1.38910810e+00
3.83000000e+10 7.46589932e-01 1.38901265e+00
3.83100000e+10 7.46496367e-01 1.38891725e+00
3.83200000e+10 7.46402840e-01 1.38882188e+00
3.83300000e+10 7.46309350e-01 1.38872655e+00
3.83400000e+10 7.46215898e-01 1.38863125e+00
3.83500000e+10 7.46122484e-01 1.38853600e+00
3.83600000e+10 7.46029107e-01 1.38844078e+00
3.83700000e+10 7.45935767e-01 1.38834560e+00
3.83800000e+10 7.45842465e-01 1.38825046e+00
3.83900000e+10 7.45749201e-01 1.38815535e+00
3.84000000e+10 7.45655974e-01 1.38806029e+00
3.84100000e+10 7.45562784e-01 1.38796526e+00
3.84200000e+10 7.45469632e-01 1.38787026e+00
3.84300000e+10 7.45376517e-01 1.38777531e+00
3.84400000e+10 7.45283439e-01 1.38768039e+00
3.84500000e+10 7.45190399e-01 1.38758552e+00
3.84600000e+10 7.45097396e-01 1.38749067e+00
3.84700000e+10 7.45004430e-01 1.38739587e+00
3.84800000e+10 7.44911502e-01 1.38730111e+00
3.84900000e+10 7.44818611e-01 1.38720638e+00
3.85000000e+10 7.44725756e-01 1.38711169e+00
3.85100000e+10 7.44632940e-01 1.38701703e+00
3.85200000e+10 7.44540160e-01 1.38692242e+00
3.85300000e+10 7.44447417e-01 1.38682784e+00
3.85400000e+10 7.44354712e-01 1.38673330e+00
3.85500000e+10 7.44262043e-01 1.38663879e+00
3.85600000e+10 7.44169412e-01 1.38654432e+00
3.85700000e+10 7.44076817e-01 1.38644989e+00
3.85800000e+10 7.43984260e-01 1.38635550e+00
3.85900000e+10 7.43891739e-01 1.38626115e+00
3.86000000e+10 7.43799256e-01 1.38616683e+00
3.86100000e+10 7.43706809e-01 1.38607255e+00
3.86200000e+10 7.43614400e-01 1.38597831e+00
3.86300000e+10 7.43522027e-01 1.38588410e+00
3.86400000e+10 7.43429691e-01 1.38578993e+00
3.86500000e+10 7.43337392e-01 1.38569580e+00
3.86600000e+10 7.43245130e-01 1.38560170e+00
3.86700000e+10 7.43152904e-01 1.38550765e+00
3.86800000e+10 7.43060716e-01 1.38541362e+00
3.86900000e+10 7.42968564e-01 1.38531964e+00
3.87000000e+10 7.42876448e-01 1.38522569e+00
3.87100000e+10 7.42784370e-01 1.38513178e+00
3.87200000e+10 7.42692328e-01 1.38503791e+00
3.87300000e+10 7.42600323e-01 1.38494408e+00
3.87400000e+10 7.42508354e-01 1.38485028e+00
3.87500000e+10 7.42416422e-01 1.38475651e+00
3.87600000e+10 7.42324527e-01 1.38466279e+00
3.87700000e+10 7.42232668e-01 1.38456910e+00
3.87800000e+10 7.42140845e-01 1.38447545e+00
3.87900000e+10 7.42049059e-01 1.38438183e+00
3.88000000e+10 7.41957310e-01 1.38428825e+00
3.88100000e+10 7.41865597e-01 1.38419471e+00
3.88200000e+10 7.41773920e-01 1.38410121e+00
3.88300000e+10 7.41682280e-01 1.38400774e+00
3.88400000e+10 7.41590677e-01 1.38391431e+00
3.88500000e+10 7.41499109e-01 1.38382091e+00
3.88600000e+10 7.41407578e-01 1.38372756e+00
3.88700000e+10 7.41316084e-01 1.38363423e+00
3.88800000e+10 7.41224625e-01 1.38354095e+00
3.88900000e+10 7.41133203e-01 1.38344770e+00
3.89000000e+10 7.41041817e-01 1.38335449e+00
3.89100000e+10 7.40950467e-01 1.38326131e+00
3.89200000e+10 7.40859154e-01 1.38316817e+00
3.89300000e+10 7.40767877e-01 1.38307507e+00
3.89400000e+10 7.40676635e-01 1.38298201e+00
3.89500000e+10 7.40585430e-01 1.38288898e+00
3.89600000e+10 7.40494261e-01 1.38279598e+00
3.89700000e+10 7.40403129e-01 1.38270302e+00
3.89800000e+10 7.40312032e-01 1.38261010e+00
3.89900000e+10 7.40220971e-01 1.38251722e+00
3.90000000e+10 7.40129946e-01 1.38242437e+00
3.90100000e+10 7.40038958e-01 1.38233156e+00
3.90200000e+10 7.39948005e-01 1.38223878e+00
3.90300000e+10 7.39857088e-01 1.38214604e+00
3.90400000e+10 7.39766207e-01 1.38205334e+00
3.90500000e+10 7.39675362e-01 1.38196067e+00
3.90600000e+10 7.39584553e-01 1.38186804e+00
3.90700000e+10 7.39493780e-01 1.38177545e+00
3.90800000e+10 7.39403042e-01 1.38168289e+00
3.90900000e+10 7.39312341e-01 1.38159037e+00
3.91000000e+10 7.39221675e-01 1.38149788e+00
3.91100000e+10 7.39131045e-01 1.38140543e+00
3.91200000e+10 7.39040450e-01 1.38131302e+00
3.91300000e+10 7.38949892e-01 1.38122064e+00
3.91400000e+10 7.38859369e-01 1.38112829e+00
3.91500000e+10 7.38768882e-01 1.38103599e+00
3.91600000e+10 7.38678430e-01 1.38094372e+00
3.91700000e+10 7.38588014e-01 1.38085148e+00
3.91800000e+10 7.38497633e-01 1.38075928e+00
3.91900000e+10 7.38407289e-01 1.38066712e+00
3.92000000e+10 7.38316979e-01 1.38057499e+00
3.92100000e+10 7.38226706e-01 1.38048290e+00
3.92200000e+10 7.38136467e-01 1.38039085e+00
3.92300000e+10 7.38046265e-01 1.38029883e+00
3.92400000e+10 7.37956097e-01 1.38020684e+00
3.92500000e+10 7.37865966e-01 1.38011489e+00
3.92600000e+10 7.37775869e-01 1.38002298e+00
3.92700000e+10 7.37685808e-01 1.37993110e+00
3.92800000e+10 7.37595783e-01 1.37983926e+00
3.92900000e+10 7.37505792e-01 1.37974746e+00
3.93000000e+10 7.37415837e-01 1.37965569e+00
3.93100000e+10 7.37325918e-01 1.37956395e+00
3.93200000e+10 7.37236034e-01 1.37947225e+00
3.93300000e+10 7.37146184e-01 1.37938059e+00
3.93400000e+10 7.37056371e-01 1.37928896e+00
3.93500000e+10 7.36966592e-01 1.37919737e+00
3.93600000e+10 7.36876849e-01 1.37910581e+00
3.93700000e+10 7.36787140e-01 1.37901429e+00
3.93800000e+10 7.36697467e-01 1.37892280e+00
3.93900000e+10 7.36607829e-01 1.37883135e+00
3.94000000e+10 7.36518227e-01 1.37873994e+00
3.94100000e+10 7.36428659e-01 1.37864856e+00
3.94200000e+10 7.36339126e-01 1.37855721e+00
3.94300000e+10 7.36249628e-01 1.37846590e+00
3.94400000e+10 7.36160166e-01 1.37837463e+00
3.94500000e+10 7.36070738e-01 1.37828339e+00
3.94600000e+10 7.35981345e-01 1.37819219e+00
3.94700000e+10 7.35891988e-01 1.37810102e+00
3.94800000e+10 7.35802665e-01 1.37800988e+00
3.94900000e+10 7.35713377e-01 1.37791879e+00
3.95000000e+10 7.35624124e-01 1.37782772e+00
3.95100000e+10 7.35534906e-01 1.37773670e+00
3.95200000e+10 7.35445723e-01 1.37764570e+00
3.95300000e+10 7.35356574e-01 1.37755475e+00
3.95400000e+10 7.35267461e-01 1.37746382e+00
3.95500000e+10 7.35178382e-01 1.37737294e+00
3.95600000e+10 7.35089338e-01 1.37728208e+00
3.95700000e+10 7.35000328e-01 1.37719127e+00
3.95800000e+10 7.34911354e-01 1.37710048e+00
3.95900000e+10 7.34822414e-01 1.37700974e+00
3.96000000e+10 7.34733508e-01 1.37691902e+00
3.96100000e+10 7.34644638e-01 1.37682835e+00
3.96200000e+10 7.34555802e-01 1.37673770e+00
3.96300000e+10 7.34467000e-01 1.37664709e+00
3.96400000e+10 7.34378233e-01 1.37655652e+00
3.96500000e+10 7.34289501e-01 1.37646598e+00
3.96600000e+10 7.34200803e-01 1.37637548e+00
3.96700000e+10 7.34112140e-01 1.37628501e+00
3.96800000e+10 7.34023511e-01 1.37619458e+00
3.96900000e+10 7.33934917e-01 1.37610418e+00
3.97000000e+10 7.33846357e-01 1.37601381e+00
3.97100000e+10 7.33757832e-01 1.37592348e+00
3.97200000e+10 7.33669341e-01 1.37583319e+00
3.97300000e+10 7.33580884e-01 1.37574293e+00
3.97400000e+10 7.33492462e-01 1.37565270e+00
3.97500000e+10 7.33404074e-01 1.37556251e+00
3.97600000e+10 7.33315720e-01 1.37547235e+00
3.97700000e+10 7.33227401e-01 1.37538223e+00
3.97800000e+10 7.33139116e-01 1.37529215e+00
3.97900000e+10 7.33050865e-01 1.37520209e+00
3.98000000e+10 7.32962649e-01 1.37511207e+00
3.98100000e+10 7.32874466e-01 1.37502209e+00
3.98200000e+10 7.32786318e-01 1.37493214e+00
3.98300000e+10 7.32698204e-01 1.37484223e+00
3.98400000e+10 7.32610124e-01 1.37475234e+00
3.98500000e+10 7.32522079e-01 1.37466250e+00
3.98600000e+10 7.32434067e-01 1.37457269e+00
3.98700000e+10 7.32346090e-01 1.37448291e+00
3.98800000e+10 7.32258146e-01 1.37439317e+00
3.98900000e+10 7.32170237e-01 1.37430346e+00
3.99000000e+10 7.32082362e-01 1.37421378e+00
3.99100000e+10 7.31994520e-01 1.37412414e+00
3.99200000e+10 7.31906713e-01 1.37403454e+00
3.99300000e+10 7.31818939e-01 1.37394496e+00
3.99400000e+10 7.31731200e-01 1.37385543e+00
3.99500000e+10 7.31643494e-01 1.37376592e+00
3.99600000e+10 7.31555823e-01 1.37367645e+00
3.99700000e+10 7.31468185e-01 1.37358702e+00
3.99800000e+10 7.31380581e-01 1.37349762e+00
3.99900000e+10 7.31293011e-01 1.37340825e+00
4.00000000e+10 7.31205474e-01 1.37331892e+00
4.00100000e+10 7.31117972e-01 1.37322962e+00
4.00200000e+10 7.31030503e-01 1.37314035e+00
4.00300000e+10 7.30943068e-01 1.37305112e+00
4.00400000e+10 7.30855667e-01 1.37296193e+00
4.00500000e+10 7.30768299e-01 1.37287276e+00
4.00600000e+10 7.30680965e-01 1.37278363e+00
4.00700000e+10 7.30593665e-01 1.37269454e+00
4.00800000e+10 7.30506398e-01 1.37260548e+00
4.00900000e+10 7.30419166e-01 1.37251645e+00
4.01000000e+10 7.30331966e-01 1.37242746e+00
4.01100000e+10 7.30244800e-01 1.37233850e+00
4.01200000e+10 7.30157668e-01 1.37224957e+00
4.01300000e+10 7.30070569e-01 1.37216068e+00
4.01400000e+10 7.29983504e-01 1.37207182e+00
4.01500000e+10 7.29896472e-01 1.37198300e+00
4.01600000e+10 7.29809474e-01 1.37189421e+00
4.01700000e+10 7.29722509e-01 1.37180545e+00
4.01800000e+10 7.29635578e-01 1.37171673e+00
4.01900000e+10 7.29548680e-01 1.37162804e+00
4.02000000e+10 7.29461816e-01 1.37153938e+00
4.02100000e+10 7.29374984e-01 1.37145076e+00
4.02200000e+10 7.29288187e-01 1.37136217e+00
4.02300000e+10 7.29201422e-01 1.37127361e+00
4.02400000e+10 7.29114691e-01 1.37118509e+00
4.02500000e+10 7.29027993e-01 1.37109661e+00
4.02600000e+10 7.28941328e-01 1.37100815e+00
4.02700000e+10 7.28854697e-01 1.37091973e+00
4.02800000e+10 7.28768099e-01 1.37083134e+00
4.02900000e+10 7.28681534e-01 1.37074299e+00
4.03000000e+10 7.28595002e-01 1.37065467e+00
4.03100000e+10 7.28508504e-01 1.37056638e+00
4.03200000e+10 7.28422038e-01 1.37047813e+00
4.03300000e+10 7.28335606e-01 1.37038991e+00
4.03400000e+10 7.28249206e-01 1.37030172e+00
4.03500000e+10 7.28162840e-01 1.37021357e+00
4.03600000e+10 7.28076507e-01 1.37012545e+00
4.03700000e+10 7.27990207e-01 1.37003736e+00
4.03800000e+10 7.27903940e-01 1.36994931e+00
4.03900000e+10 7.27817706e-01 1.36986129e+00
4.04000000e+10 7.27731505e-01 1.36977330e+00
4.04100000e+10 7.27645337e-01 1.36968534e+00
4.04200000e+10 7.27559202e-01 1.36959742e+00
4.04300000e+10 7.27473100e-01 1.36950954e+00
4.04400000e+10 7.27387030e-01 1.36942168e+00
4.04500000e+10 7.27300994e-01 1.36933386e+00
4.04600000e+10 7.27214990e-01 1.36924607e+00
4.04700000e+10 7.27129019e-01 1.36915832e+00
4.04800000e+10 7.27043081e-01 1.36907060e+00
4.04900000e+10 7.26957176e-01 1.36898291e+00
4.05000000e+10 7.26871304e-01 1.36889525e+00
4.05100000e+10 7.26785464e-01 1.36880763e+00
4.05200000e+10 7.26699657e-01 1.36872004e+00
4.05300000e+10 7.26613883e-01 1.36863248e+00
4.05400000e+10 7.26528142e-01 1.36854496e+00
4.05500000e+10 7.26442433e-01 1.36845747e+00
4.05600000e+10 7.26356757e-01 1.36837001e+00
4.05700000e+10 7.26271113e-01 1.36828258e+00
4.05800000e+10 7.26185502e-01 1.36819519e+00
4.05900000e+10 7.26099924e-01 1.36810783e+00
4.06000000e+10 7.26014378e-01 1.36802050e+00
4.06100000e+10 7.25928865e-01 1.36793321e+00
4.06200000e+10 7.25843385e-01 1.36784595e+00
4.06300000e+10 7.25757937e-01 1.36775872e+00
4.06400000e+10 7.25672521e-01 1.36767153e+00
4.06500000e+10 7.25587138e-01 1.36758436e+00
4.06600000e+10 7.25501787e-01 1.36749723e+00
4.06700000e+10 7.25416469e-01 1.36741014e+00
4.06800000e+10 7.25331183e-01 1.36732307e+00
4.06900000e+10 7.25245930e-01 1.36723604e+00
4.07000000e+10 7.25160709e-01 1.36714904e+00
4.07100000e+10 7.25075520e-01 1.36706207e+00
4.07200000e+10 7.24990364e-01 1.36697514e+00
4.07300000e+10 7.24905240e-01 1.36688824e+00
4.07400000e+10 7.24820148e-01 1.36680137e+00
4.07500000e+10 7.24735088e-01 1.36671453e+00
4.07600000e+10 7.24650061e-01 1.36662773e+00
4.07700000e+10 7.24565066e-01 1.36654096e+00
4.07800000e+10 7.24480103e-01 1.36645422e+00
4.07900000e+10 7.24395173e-01 1.36636751e+00
4.08000000e+10 7.24310275e-01 1.36628084e+00
4.08100000e+10 7.24225408e-01 1.36619420e+00
4.08200000e+10 7.24140574e-01 1.36610759e+00
4.08300000e+10 7.24055772e-01 1.36602101e+00
4.08400000e+10 7.23971002e-01 1.36593447e+00
4.08500000e+10 7.23886265e-01 1.36584795e+00
4.08600000e+10 7.23801559e-01 1.36576147e+00
4.08700000e+10 7.23716885e-01 1.36567503e+00
4.08800000e+10 7.23632244e-01 1.36558861e+00
4.08900000e+10 7.23547634e-01 1.36550223e+00
4.09000000e+10 7.23463056e-01 1.36541588e+00
4.09100000e+10 7.23378511e-01 1.36532956e+00
4.09200000e+10 7.23293997e-01 1.36524327e+00
4.09300000e+10 7.23209515e-01 1.36515702e+00
4.09400000e+10 7.23125065e-01 1.36507080e+00
4.09500000e+10 7.23040647e-01 1.36498461e+00
4.09600000e+10 7.22956261e-01 1.36489845e+00
4.09700000e+10 7.22871907e-01 1.36481232e+00
4.09800000e+10 7.22787584e-01 1.36472623e+00
4.09900000e+10 7.22703293e-01 1.36464017e+00
4.10000000e+10 7.22619035e-01 1.36455414e+00
4.10100000e+10 7.22534807e-01 1.36446814e+00
4.10200000e+10 7.22450612e-01 1.36438218e+00
4.10300000e+10 7.22366448e-01 1.36429624e+00
4.10400000e+10 7.22282316e-01 1.36421034e+00
4.10500000e+10 7.22198216e-01 1.36412447e+00
4.10600000e+10 7.22114148e-01 1.36403863e+00
4.10700000e+10 7.22030111e-01 1.36395283e+00
4.10800000e+10 7.21946105e-01 1.36386706e+00
4.10900000e+10 7.21862132e-01 1.36378131e+00
4.11000000e+10 7.21778190e-01 1.36369560e+00
4.11100000e+10 7.21694279e-01 1.36360993e+00
4.11200000e+10 7.21610400e-01 1.36352428e+00
4.11300000e+10 7.21526553e-01 1.36343866e+00
4.11400000e+10 7.21442737e-01 1.36335308e+00
4.11500000e+10 7.21358953e-01 1.36326753e+00
4.11600000e+10 7.21275200e-01 1.36318201e+00
4.11700000e+10 7.21191478e-01 1.36309652e+00
4.11800000e+10 7.21107788e-01 1.36301107e+00
4.11900000e+10 7.21024130e-01 1.36292564e+00
4.12000000e+10 7.20940503e-01 1.36284025e+00
4.12100000e+10 7.20856907e-01 1.36275489e+00
4.12200000e+10 7.20773342e-01 1.36266956e+00
4.12300000e+10 7.20689809e-01 1.36258426e+00
4.12400000e+10 7.20606308e-01 1.36249900e+00
4.12500000e+10 7.20522837e-01 1.36241376e+00
4.12600000e+10 7.20439398e-01 1.36232856e+00
4.12700000e+10 7.20355990e-01 1.36224339e+00
4.12800000e+10 7.20272614e-01 1.36215825e+00
4.12900000e+10 7.20189268e-01 1.36207314e+00
4.13000000e+10 7.20105954e-01 1.36198806e+00
4.13100000e+10 7.20022671e-01 1.36190302e+00
4.13200000e+10 7.19939419e-01 1.36181800e+00
4.13300000e+10 7.19856199e-01 1.36173302e+00
4.13400000e+10 7.19773009e-01 1.36164807e+00
4.13500000e+10 7.19689851e-01 1.36156315e+00
4.13600000e+10 7.19606724e-01 1.36147826e+00
4.13700000e+10 7.19523627e-01 1.36139341e+00
4.13800000e+10 7.19440562e-01 1.36130858e+00
4.13900000e+10 7.19357528e-01 1.36122379e+00
4.14000000e+10 7.19274525e-01 1.36113902e+00
4.14100000e+10 7.19191553e-01 1.36105429e+00
4.14200000e+10 7.19108612e-01 1.36096959e+00
4.14300000e+10 7.19025702e-01 1.36088492e+00
4.14400000e+10 7.18942823e-01 1.36080028e+00
4.14500000e+10 7.18859975e-01 1.36071567e+00
4.14600000e+10 7.18777158e-01 1.36063110e+00
4.14700000e+10 7.18694371e-01 1.36054655e+00
4.14800000e+10 7.18611616e-01 1.36046204e+00
4.14900000e+10 7.18528891e-01 1.36037756e+00
4.15000000e+10 7.18446197e-01 1.36029311e+00
4.15100000e+10 7.18363534e-01 1.36020869e+00
4.15200000e+10 7.18280902e-01 1.36012430e+00
4.15300000e+10 7.18198301e-01 1.36003994e+00
4.15400000e+10 7.18115730e-01 1.35995561e+00
4.15500000e+10 7.18033190e-01 1.35987131e+00
4.15600000e+10 7.17950681e-01 1.35978705e+00
4.15700000e+10 7.17868203e-01 1.35970282e+00
4.15800000e+10 7.17785755e-01 1.35961861e+00
4.15900000e+10 7.17703338e-01 1.35953444e+00
4.16000000e+10 7.17620952e-01 1.35945030e+00
4.16100000e+10 7.17538596e-01 1.35936619e+00
4.16200000e+10 7.17456271e-01 1.35928211e+00
4.16300000e+10 7.17373977e-01 1.35919806e+00
4.16400000e+10 7.17291713e-01 1.35911404e+00
4.16500000e+10 7.17209479e-01 1.35903005e+00
4.16600000e+10 7.17127276e-01 1.35894610e+00
4.16700000e+10 7.17045104e-01 1.35886217e+00
4.16800000e+10 7.16962962e-01 1.35877828e+00
4.16900000e+10 7.16880851e-01 1.35869441e+00
4.17000000e+10 7.16798770e-01 1.35861058e+00
4.17100000e+10 7.16716720e-01 1.35852678e+00
4.17200000e+10 7.16634700e-01 1.35844301e+00
4.17300000e+10 7.16552711e-01 1.35835926e+00
4.17400000e+10 7.16470751e-01 1.35827555e+00
4.17500000e+10 7.16388823e-01 1.35819187e+00
4.17600000e+10 7.16306924e-01 1.35810822e+00
4.17700000e+10 7.16225056e-01 1.35802461e+00
4.17800000e+10 7.16143219e-01 1.35794102e+00
4.17900000e+10 7.16061411e-01 1.35785746e+00
4.18000000e+10 7.15979634e-01 1.35777393e+00
4.18100000e+10 7.15897887e-01 1.35769044e+00
4.18200000e+10 7.15816171e-01 1.35760697e+00
4.18300000e+10 7.15734485e-01 1.35752353e+00
4.18400000e+10 7.15652829e-01 1.35744013e+00
4.18500000e+10 7.15571203e-01 1.35735675e+00
4.18600000e+10 7.15489607e-01 1.35727341e+00
4.18700000e+10 7.15408041e-01 1.35719010e+00
4.18800000e+10 7.15326506e-01 1.35710681e+00
4.18900000e+10 7.15245001e-01 1.35702356e+00
4.19000000e+10 7.15163526e-01 1.35694034e+00
4.19100000e+10 7.15082081e-01 1.35685715e+00
4.19200000e+10 7.15000666e-01 1.35677398e+00
4.19300000e+10 7.14919281e-01 1.35669085e+00
4.19400000e+10 7.14837926e-01 1.35660775e+00
4.19500000e+10 7.14756601e-01 1.35652468e+00
4.19600000e+10 7.14675306e-01 1.35644164e+00
4.19700000e+10 7.14594041e-01 1.35635863e+00
4.19800000e+10 7.14512807e-01 1.35627565e+00
4.19900000e+10 7.14431602e-01 1.35619270e+00
4.20000000e+10 7.14350427e-01 1.35610978e+00
4.20100000e+10 7.14269282e-01 1.35602689e+00
4.20200000e+10 7.14188166e-01 1.35594403e+00
4.20300000e+10 7.14107081e-01 1.35586120e+00
4.20400000e+10 7.14026026e-01 1.35577840e+00
4.20500000e+10 7.13945000e-01 1.35569563e+00
4.20600000e+10 7.13864004e-01 1.35561289e+00
4.20700000e+10 7.13783038e-01 1.35553018e+00
4.20800000e+10 7.13702102e-01 1.35544750e+00
4.20900000e+10 7.13621196e-01 1.35536485e+00
4.21000000e+10 7.13540319e-01 1.35528224e+00
4.21100000e+10 7.13459472e-01 1.35519965e+00
4.21200000e+10 7.13378655e-01 1.35511709e+00
4.21300000e+10 7.13297868e-01 1.35503456e+00
4.21400000e+10 7.13217110e-01 1.35495206e+00
4.21500000e+10 7.13136382e-01 1.35486959e+00
4.21600000e+10 7.13055683e-01 1.35478715e+00
4.21700000e+10 7.12975015e-01 1.35470474e+00
4.21800000e+10 7.12894375e-01 1.35462236e+00
4.21900000e+10 7.12813766e-01 1.35454001e+00
4.22000000e+10 7.12733186e-01 1.35445769e+00
4.22100000e+10 7.12652635e-01 1.35437540e+00
4.22200000e+10 7.12572114e-01 1.35429314e+00
4.22300000e+10 7.12491623e-01 1.35421091e+00
4.22400000e+10 7.12411161e-01 1.35412871e+00
4.22500000e+10 7.12330729e-01 1.35404654e+00
4.22600000e+10 7.12250326e-01 1.35396440e+00
4.22700000e+10 7.12169953e-01 1.35388229e+00
4.22800000e+10 7.12089609e-01 1.35380020e+00
4.22900000e+10 7.12009294e-01 1.35371815e+00
4.23000000e+10 7.11929009e-01 1.35363613e+00
4.23100000e+10 7.11848753e-01 1.35355414e+00
4.23200000e+10 7.11768527e-01 1.35347217e+00
4.23300000e+10 7.11688330e-01 1.35339024e+00
4.23400000e+10 7.11608162e-01 1.35330834e+00
4.23500000e+10 7.11528023e-01 1.35322646e+00
4.23600000e+10 7.11447914e-01 1.35314462e+00
4.23700000e+10 7.11367835e-01 1.35306280e+00
4.23800000e+10 7.11287784e-01 1.35298102e+00
4.23900000e+10 7.11207763e-01 1.35289926e+00
4.24000000e+10 7.11127771e-01 1.35281753e+00
4.24100000e+10 7.11047808e-01 1.35273583e+00
4.24200000e+10 7.10967874e-01 1.35265417e+00
4.24300000e+10 7.10887970e-01 1.35257253e+00
4.24400000e+10 7.10808095e-01 1.35249092e+00
4.24500000e+10 7.10728248e-01 1.35240934e+00
4.24600000e+10 7.10648431e-01 1.35232779e+00
4.24700000e+10 7.10568644e-01 1.35224627e+00
4.24800000e+10 7.10488885e-01 1.35216478e+00
4.24900000e+10 7.10409155e-01 1.35208331e+00
4.25000000e+10 7.10329454e-01 1.35200188e+00
4.25100000e+10 7.10249783e-01 1.35192048e+00
4.25200000e+10 7.10170140e-01 1.35183910e+00
4.25300000e+10 7.10090527e-01 1.35175776e+00
4.25400000e+10 7.10010942e-01 1.35167644e+00
4.25500000e+10 7.09931387e-01 1.35159515e+00
4.25600000e+10 7.09851860e-01 1.35151390e+00
4.25700000e+10 7.09772362e-01 1.35143267e+00
4.25800000e+10 7.09692894e-01 1.35135147e+00
4.25900000e+10 7.09613454e-01 1.35127030e+00
4.26000000e+10 7.09534043e-01 1.35118916e+00
4.26100000e+10 7.09454661e-01 1.35110805e+00
4.26200000e+10 7.09375308e-01 1.35102697e+00
4.26300000e+10 7.09295983e-01 1.35094591e+00
4.26400000e+10 7.09216688e-01 1.35086489e+00
4.26500000e+10 7.09137421e-01 1.35078389e+00
4.26600000e+10 7.09058183e-01 1.35070293e+00
4.26700000e+10 7.08978974e-01 1.35062199e+00
4.26800000e+10 7.08899793e-01 1.35054108e+00
4.26900000e+10 7.08820642e-01 1.35046020e+00
4.27000000e+10 7.08741519e-01 1.35037935e+00
4.27100000e+10 7.08662425e-01 1.35029853e+00
4.27200000e+10 7.08583359e-01 1.35021774e+00
4.27300000e+10 7.08504322e-01 1.35013697e+00
4.27400000e+10 7.08425314e-01 1.35005624e+00
4.27500000e+10 7.08346334e-01 1.34997553e+00
4.27600000e+10 7.08267384e-01 1.34989486e+00
4.27700000e+10 7.08188461e-01 1.34981421e+00
4.27800000e+10 7.08109567e-01 1.34973359e+00
4.27900000e+10 7.08030702e-01 1.34965300e+00
4.28000000e+10 7.07951866e-01 1.34957244e+00
4.28100000e+10 7.07873058e-01 1.34949190e+00
4.28200000e+10 7.07794278e-01 1.34941140e+00
4.28300000e+10 7.07715527e-01 1.34933093e+00
4.28400000e+10 7.07636805e-01 1.34925048e+00
4.28500000e+10 7.07558110e-01 1.34917006e+00
4.28600000e+10 7.07479445e-01 1.34908967e+00
4.28700000e+10 7.07400808e-01 1.34900931e+00
4.28800000e+10 7.07322199e-01 1.34892898e+00
4.28900000e+10 7.07243619e-01 1.34884868e+00
4.29000000e+10 7.07165067e-01 1.34876840e+00
4.29100000e+10 7.07086543e-01 1.34868816e+00
4.29200000e+10 7.07008048e-01 1.34860794e+00
4.29300000e+10 7.06929581e-01 1.34852775e+00
4.29400000e+10 7.06851143e-01 1.34844759e+00
4.29500000e+10 7.06772732e-01 1.34836746e+00
4.29600000e+10 7.06694350e-01 1.34828736e+00
4.29700000e+10 7.06615997e-01 1.34820728e+00
4.29800000e+10 7.06537671e-01 1.34812724e+00
4.29900000e+10 7.06459374e-01 1.34804722e+00
4.30000000e+10 7.06381105e-01 1.34796723e+00
4.30100000e+10 7.06302865e-01 1.34788727e+00
4.30200000e+10 7.06224652e-01 1.34780734e+00
4.30300000e+10 7.06146468e-01 1.34772744e+00
4.30400000e+10 7.06068312e-01 1.34764756e+00
4.30500000e+10 7.05990184e-01 1.34756771e+00
4.30600000e+10 7.05912084e-01 1.34748790e+00
4.30700000e+10 7.05834012e-01 1.34740811e+00
4.30800000e+10 7.05755968e-01 1.34732834e+00
4.30900000e+10 7.05677953e-01 1.34724861e+00
4.31000000e+10 7.05599965e-01 1.34716891e+00
4.31100000e+10 7.05522006e-01 1.34708923e+00
4.31200000e+10 7.05444074e-01 1.34700958e+00
4.31300000e+10 7.05366171e-01 1.34692996e+00
4.31400000e+10 7.05288295e-01 1.34685037e+00
4.31500000e+10 7.05210448e-01 1.34677080e+00
4.31600000e+10 7.05132628e-01 1.34669127e+00
4.31700000e+10 7.05054837e-01 1.34661176e+00
4.31800000e+10 7.04977073e-01 1.34653228e+00
4.31900000e+10 7.04899337e-01 1.34645283e+00
4.32000000e+10 7.04821630e-01 1.34637341e+00
4.32100000e+10 7.04743950e-01 1.34629401e+00
4.32200000e+10 7.04666298e-01 1.34621465e+00
4.32300000e+10 7.04588673e-01 1.34613531e+00
4.32400000e+10 7.04511077e-01 1.34605600e+00
4.32500000e+10 7.04433509e-01 1.34597672e+00
4.32600000e+10 7.04355968e-01 1.34589746e+00
4.32700000e+10 7.04278455e-01 1.34581824e+00
4.32800000e+10 7.04200970e-01 1.34573904e+00
4.32900000e+10 7.04123512e-01 1.34565987e+00
4.33000000e+10 7.04046083e-01 1.34558073e+00
4.33100000e+10 7.03968681e-01 1.34550161e+00
4.33200000e+10 7.03891307e-01 1.34542253e+00
4.33300000e+10 7.03813960e-01 1.34534347e+00
4.33400000e+10 7.03736641e-01 1.34526444e+00
4.33500000e+10 7.03659350e-01 1.34518543e+00
4.33600000e+10 7.03582087e-01 1.34510646e+00
4.33700000e+10 7.03504851e-01 1.34502751e+00
4.33800000e+10 7.03427643e-01 1.34494859e+00
4.33900000e+10 7.03350462e-01 1.34486970e+00
4.34000000e+10 7.03273309e-01 1.34479084e+00
4.34100000e+10 7.03196183e-01 1.34471200e+00
4.34200000e+10 7.03119085e-01 1.34463320e+00
4.34300000e+10 7.03042015e-01 1.34455442e+00
4.34400000e+10 7.02964972e-01 1.34447567e+00
4.34500000e+10 7.02887957e-01 1.34439694e+00
4.34600000e+10 7.02810969e-01 1.34431824e+00
4.34700000e+10 7.02734008e-01 1.34423958e+00
4.34800000e+10 7.02657075e-01 1.34416093e+00
4.34900000e+10 7.02580170e-01 1.34408232e+00
4.35000000e+10 7.02503291e-01 1.34400374e+00
4.35100000e+10 7.02426441e-01 1.34392518e+00
4.35200000e+10 7.02349617e-01 1.34384665e+00
4.35300000e+10 7.02272822e-01 1.34376814e+00
4.35400000e+10 7.02196053e-01 1.34368967e+00
4.35500000e+10 7.02119312e-01 1.34361122e+00
4.35600000e+10 7.02042598e-01 1.34353280e+00
4.35700000e+10 7.01965911e-01 1.34345441e+00
4.35800000e+10 7.01889252e-01 1.34337604e+00
4.35900000e+10 7.01812620e-01 1.34329771e+00
4.36000000e+10 7.01736015e-01 1.34321940e+00
4.36100000e+10 7.01659438e-01 1.34314111e+00
4.36200000e+10 7.01582887e-01 1.34306286e+00
4.36300000e+10 7.01506364e-01 1.34298463e+00
4.36400000e+10 7.01429869e-01 1.34290643e+00
4.36500000e+10 7.01353400e-01 1.34282826e+00
4.36600000e+10 7.01276959e-01 1.34275011e+00
4.36700000e+10 7.01200544e-01 1.34267200e+00
4.36800000e+10 7.01124157e-01 1.34259391e+00
4.36900000e+10 7.01047797e-01 1.34251584e+00
4.37000000e+10 7.00971464e-01 1.34243781e+00
4.37100000e+10 7.00895158e-01 1.34235980e+00
4.37200000e+10 7.00818880e-01 1.34228182e+00
4.37300000e+10 7.00742628e-01 1.34220386e+00
4.37400000e+10 7.00666403e-01 1.34212594e+00
4.37500000e+10 7.00590206e-01 1.34204804e+00
4.37600000e+10 7.00514035e-01 1.34197017e+00
4.37700000e+10 7.00437892e-01 1.34189232e+00
4.37800000e+10 7.00361775e-01 1.34181450e+00
4.37900000e+10 7.00285686e-01 1.34173671e+00
4.38000000e+10 7.00209623e-01 1.34165895e+00
4.38100000e+10 7.00133587e-01 1.34158122e+00
4.38200000e+10 7.00057579e-01 1.34150351e+00
4.38300000e+10 6.99981597e-01 1.34142583e+00
4.38400000e+10 6.99905642e-01 1.34134817e+00
4.38500000e+10 6.99829714e-01 1.34127054e+00
4.38600000e+10 6.99753813e-01 1.34119294e+00
4.38700000e+10 6.99677938e-01 1.34111537e+00
4.38800000e+10 6.99602091e-01 1.34103783e+00
4.38900000e+10 6.99526270e-01 1.34096031e+00
4.39000000e+10 6.99450476e-01 1.34088282e+00
4.39100000e+10 6.99374709e-01 1.34080535e+00
4.39200000e+10 6.99298969e-01 1.34072791e+00
4.39300000e+10 6.99223255e-01 1.34065050e+00
4.39400000e+10 6.99147569e-01 1.34057312e+00
4.39500000e+10 6.99071909e-01 1.34049576e+00
4.39600000e+10 6.98996275e-01 1.34041843e+00
4.39700000e+10 6.98920669e-01 1.34034113e+00
4.39800000e+10 6.98845089e-01 1.34026385e+00
4.39900000e+10 6.98769535e-01 1.34018660e+00
4.40000000e+10 6.98694009e-01 1.34010938e+00
4.40100000e+10 6.98618509e-01 1.34003219e+00
4.40200000e+10 6.98543035e-01 1.33995502e+00
4.40300000e+10 6.98467589e-01 1.33987788e+00
4.40400000e+10 6.98392169e-01 1.33980076e+00
4.40500000e+10 6.98316775e-01 1.33972367e+00
4.40600000e+10 6.98241408e-01 1.33964661e+00
4.40700000e+10 6.98166067e-01 1.33956958e+00
4.40800000e+10 6.98090754e-01 1.33949257e+00
4.40900000e+10 6.98015466e-01 1.33941559e+00
4.41000000e+10 6.97940205e-01 1.33933864e+00
4.41100000e+10 6.97864971e-01 1.33926171e+00
4.41200000e+10 6.97789763e-01 1.33918481e+00
4.41300000e+10 6.97714581e-01 1.33910794e+00
4.41400000e+10 6.97639426e-01 1.33903109e+00
4.41500000e+10 6.97564298e-01 1.33895427e+00
4.41600000e+10 6.97489195e-01 1.33887747e+00
4.41700000e+10 6.97414120e-01 1.33880071e+00
4.41800000e+10 6.97339070e-01 1.33872397e+00
4.41900000e+10 6.97264047e-01 1.33864725e+00
4.42000000e+10 6.97189051e-01 1.33857057e+00
4.42100000e+10 6.97114080e-01 1.33849390e+00
4.42200000e+10 6.97039136e-01 1.33841727e+00
4.42300000e+10 6.96964218e-01 1.33834066e+00
4.42400000e+10 6.96889327e-01 1.33826408e+00
4.42500000e+10 6.96814462e-01 1.33818753e+00
4.42600000e+10 6.96739623e-01 1.33811100e+00
4.42700000e+10 6.96664810e-01 1.33803450e+00
4.42800000e+10 6.96590024e-01 1.33795802e+00
4.42900000e+10 6.96515264e-01 1.33788157e+00
4.43000000e+10 6.96440530e-01 1.33780515e+00
4.43100000e+10 6.96365822e-01 1.33772876e+00
4.43200000e+10 6.96291141e-01 1.33765239e+00
4.43300000e+10 6.96216485e-01 1.33757604e+00
4.43400000e+10 6.96141856e-01 1.33749973e+00
4.43500000e+10 6.96067253e-01 1.33742344e+00
4.43600000e+10 6.95992676e-01 1.33734717e+00
4.43700000e+10 6.95918125e-01 1.33727094e+00
4.43800000e+10 6.95843600e-01 1.33719473e+00
4.43900000e+10 6.95769101e-01 1.33711854e+00
4.44000000e+10 6.95694629e-01 1.33704238e+00
4.44100000e+10 6.95620182e-01 1.33696625e+00
4.44200000e+10 6.95545761e-01 1.33689014e+00
4.44300000e+10 6.95471367e-01 1.33681406e+00
4.44400000e+10 6.95396998e-01 1.33673801e+00
4.44500000e+10 6.95322656e-01 1.33666198e+00
4.44600000e+10 6.95248339e-01 1.33658598e+00
4.44700000e+10 6.95174048e-01 1.33651001e+00
4.44800000e+10 6.95099784e-01 1.33643406e+00
4.44900000e+10 6.95025545e-01 1.33635814e+00
4.45000000e+10 6.94951332e-01 1.33628224e+00
4.45100000e+10 6.94877145e-01 1.33620637e+00
4.45200000e+10 6.94802984e-01 1.33613053e+00
4.45300000e+10 6.94728849e-01 1.33605471e+00
4.45400000e+10 6.94654739e-01 1.33597892e+00
4.45500000e+10 6.94580656e-01 1.33590315e+00
4.45600000e+10 6.94506598e-01 1.33582741e+00
4.45700000e+10 6.94432566e-01 1.33575170e+00
4.45800000e+10 6.94358560e-01 1.33567601e+00
4.45900000e+10 6.94284580e-01 1.33560035e+00
4.46000000e+10 6.94210625e-01 1.33552471e+00
4.46100000e+10 6.94136696e-01 1.33544910e+00
4.46200000e+10 6.94062793e-01 1.33537352e+00
4.46300000e+10 6.93988916e-01 1.33529796e+00
4.46400000e+10 6.93915064e-01 1.33522243e+00
4.46500000e+10 6.93841238e-01 1.33514692e+00
4.46600000e+10 6.93767438e-01 1.33507144e+00
4.46700000e+10 6.93693664e-01 1.33499599e+00
4.46800000e+10 6.93619915e-01 1.33492056e+00
4.46900000e+10 6.93546191e-01 1.33484516e+00
4.47000000e+10 6.93472494e-01 1.33476978e+00
4.47100000e+10 6.93398822e-01 1.33469443e+00
4.47200000e+10 6.93325175e-01 1.33461911e+00
4.47300000e+10 6.93251555e-01 1.33454381e+00
4.47400000e+10 6.93177959e-01 1.33446854e+00
4.47500000e+10 6.93104390e-01 1.33439329e+00
4.47600000e+10 6.93030845e-01 1.33431807e+00
4.47700000e+10 6.92957327e-01 1.33424287e+00
4.47800000e+10 6.92883834e-01 1.33416770e+00
4.47900000e+10 6.92810366e-01 1.33409256e+00
4.48000000e+10 6.92736924e-01 1.33401744e+00
4.48100000e+10 6.92663507e-01 1.33394235e+00
4.48200000e+10 6.92590116e-01 1.33386728e+00
4.48300000e+10 6.92516750e-01 1.33379224e+00
4.48400000e+10 6.92443410e-01 1.33371722e+00
4.48500000e+10 6.92370095e-01 1.33364223e+00
4.48600000e+10 6.92296805e-01 1.33356727e+00
4.48700000e+10 6.92223541e-01 1.33349233e+00
4.48800000e+10 6.92150302e-01 1.33341742e+00
4.48900000e+10 6.92077089e-01 1.33334253e+00
4.49000000e+10 6.92003901e-01 1.33326767e+00
4.49100000e+10 6.91930738e-01 1.33319283e+00
4.49200000e+10 6.91857600e-01 1.33311802e+00
4.49300000e+10 6.91784488e-01 1.33304324e+00
4.49400000e+10 6.91711401e-01 1.33296848e+00
4.49500000e+10 6.91638340e-01 1.33289374e+00
4.49600000e+10 6.91565304e-01 1.33281903e+00
4.49700000e+10 6.91492292e-01 1.33274435e+00
4.49800000e+10 6.91419307e-01 1.33266969e+00
4.49900000e+10 6.91346346e-01 1.33259506e+00
4.50000000e+10 6.91273411e-01 1.33252045e+00
4.50100000e+10 6.91200500e-01 1.33244587e+00
4.50200000e+10 6.91127615e-01 1.33237132e+00
4.50300000e+10 6.91054755e-01 1.33229679e+00
4.50400000e+10 6.90981920e-01 1.33222228e+00
4.50500000e+10 6.90909111e-01 1.33214780e+00
4.50600000e+10 6.90836326e-01 1.33207335e+00
4.50700000e+10 6.90763567e-01 1.33199892e+00
4.50800000e+10 6.90690833e-01 1.33192451e+00
4.50900000e+10 6.90618123e-01 1.33185013e+00
4.51000000e+10 6.90545439e-01 1.33177578e+00
4.51100000e+10 6.90472780e-01 1.33170145e+00
4.51200000e+10 6.90400146e-01 1.33162715e+00
4.51300000e+10 6.90327537e-01 1.33155287e+00
4.51400000e+10 6.90254953e-01 1.33147862e+00
4.51500000e+10 6.90182394e-01 1.33140439e+00
4.51600000e+10 6.90109860e-01 1.33133019e+00
4.51700000e+10 6.90037351e-01 1.33125601e+00
4.51800000e+10 6.89964866e-01 1.33118186e+00
4.51900000e+10 6.89892407e-01 1.33110774e+00
4.52000000e+10 6.89819973e-01 1.33103364e+00
4.52100000e+10 6.89747563e-01 1.33095956e+00
4.52200000e+10 6.89675179e-01 1.33088551e+00
4.52300000e+10 6.89602819e-01 1.33081148e+00
4.52400000e+10 6.89530485e-01 1.33073748e+00
4.52500000e+10 6.89458175e-01 1.33066351e+00
4.52600000e+10 6.89385890e-01 1.33058956e+00
4.52700000e+10 6.89313629e-01 1.33051563e+00
4.52800000e+10 6.89241394e-01 1.33044173e+00
4.52900000e+10 6.89169183e-01 1.33036786e+00
4.53000000e+10 6.89096998e-01 1.33029401e+00
4.53100000e+10 6.89024837e-01 1.33022018e+00
4.53200000e+10 6.88952700e-01 1.33014638e+00
4.53300000e+10 6.88880589e-01 1.33007261e+00
4.53400000e+10 6.88808502e-01 1.32999886e+00
4.53500000e+10 6.88736440e-01 1.32992513e+00
4.53600000e+10 6.88664402e-01 1.32985143e+00
4.53700000e+10 6.88592390e-01 1.32977775e+00
4.53800000e+10 6.88520402e-01 1.32970410e+00
4.53900000e+10 6.88448439e-01 1.32963048e+00
4.54000000e+10 6.88376500e-01 1.32955688e+00
4.54100000e+10 6.88304586e-01 1.32948330e+00
4.54200000e+10 6.88232696e-01 1.32940975e+00
4.54300000e+10 6.88160832e-01 1.32933623e+00
4.54400000e+10 6.88088991e-01 1.32926272e+00
4.54500000e+10 6.88017176e-01 1.32918925e+00
4.54600000e+10 6.87945385e-01 1.32911580e+00
4.54700000e+10 6.87873618e-01 1.32904237e+00
4.54800000e+10 6.87801876e-01 1.32896897e+00
4.54900000e+10 6.87730159e-01 1.32889559e+00
4.55000000e+10 6.87658466e-01 1.32882224e+00
4.55100000e+10 6.87586798e-01 1.32874891e+00
4.55200000e+10 6.87515154e-01 1.32867561e+00
4.55300000e+10 6.87443534e-01 1.32860233e+00
4.55400000e+10 6.87371939e-01 1.32852907e+00
4.55500000e+10 6.87300369e-01 1.32845584e+00
4.55600000e+10 6.87228823e-01 1.32838264e+00
4.55700000e+10 6.87157301e-01 1.32830946e+00
4.55800000e+10 6.87085804e-01 1.32823631e+00
4.55900000e+10 6.87014331e-01 1.32816318e+00
4.56000000e+10 6.86942883e-01 1.32809007e+00
4.56100000e+10 6.86871459e-01 1.32801699e+00
4.56200000e+10 6.86800059e-01 1.32794393e+00
4.56300000e+10 6.86728683e-01 1.32787090e+00
4.56400000e+10 6.86657332e-01 1.32779789e+00
4.56500000e+10 6.86586006e-01 1.32772491e+00
4.56600000e+10 6.86514703e-01 1.32765195e+00
4.56700000e+10 6.86443425e-01 1.32757902e+00
4.56800000e+10 6.86372171e-01 1.32750611e+00
4.56900000e+10 6.86300942e-01 1.32743322e+00
4.57000000e+10 6.86229736e-01 1.32736036e+00
4.57100000e+10 6.86158555e-01 1.32728753e+00
4.57200000e+10 6.86087398e-01 1.32721472e+00
4.57300000e+10 6.86016266e-01 1.32714193e+00
4.57400000e+10 6.85945157e-01 1.32706917e+00
4.57500000e+10 6.85874073e-01 1.32699643e+00
4.57600000e+10 6.85803013e-01 1.32692371e+00
4.57700000e+10 6.85731977e-01 1.32685103e+00
4.57800000e+10 6.85660965e-01 1.32677836e+00
4.57900000e+10 6.85589977e-01 1.32670572e+00
4.58000000e+10 6.85519014e-01 1.32663310e+00
4.58100000e+10 6.85448074e-01 1.32656051e+00
4.58200000e+10 6.85377159e-01 1.32648794e+00
4.58300000e+10 6.85306268e-01 1.32641540e+00
4.58400000e+10 6.85235400e-01 1.32634288e+00
4.58500000e+10 6.85164557e-01 1.32627039e+00
4.58600000e+10 6.85093738e-01 1.32619792e+00
4.58700000e+10 6.85022943e-01 1.32612547e+00
4.58800000e+10 6.84952172e-01 1.32605305e+00
4.58900000e+10 6.84881425e-01 1.32598065e+00
4.59000000e+10 6.84810702e-01 1.32590828e+00
4.59100000e+10 6.84740003e-01 1.32583593e+00
4.59200000e+10 6.84669327e-01 1.32576360e+00
4.59300000e+10 6.84598676e-01 1.32569130e+00
4.59400000e+10 6.84528049e-01 1.32561903e+00
4.59500000e+10 6.84457446e-01 1.32554677e+00
4.59600000e+10 6.84386866e-01 1.32547455e+00
4.59700000e+10 6.84316311e-01 1.32540234e+00
4.59800000e+10 6.84245779e-01 1.32533016e+00
4.59900000e+10 6.84175271e-01 1.32525801e+00
4.60000000e+10 6.84104787e-01 1.32518587e+00
4.60100000e+10 6.84034327e-01 1.32511377e+00
4.60200000e+10 6.83963891e-01 1.32504168e+00
4.60300000e+10 6.83893479e-01 1.32496962e+00
4.60400000e+10 6.83823090e-01 1.32489759e+00
4.60500000e+10 6.83752725e-01 1.32482558e+00
4.60600000e+10 6.83682384e-01 1.32475359e+00
4.60700000e+10 6.83612067e-01 1.32468162e+00
4.60800000e+10 6.83541773e-01 1.32460968e+00
4.60900000e+10 6.83471504e-01 1.32453777e+00
4.61000000e+10 6.83401258e-01 1.32446588e+00
4.61100000e+10 6.83331035e-01 1.32439401e+00
4.61200000e+10 6.83260837e-01 1.32432217e+00
4.61300000e+10 6.83190662e-01 1.32425035e+00
4.61400000e+10 6.83120510e-01 1.32417855e+00
4.61500000e+10 6.83050383e-01 1.32410678e+00
4.61600000e+10 6.82980279e-01 1.32403503e+00
4.61700000e+10 6.82910199e-01 1.32396331e+00
4.61800000e+10 6.82840142e-01 1.32389160e+00
4.61900000e+10 6.82770109e-01 1.32381993e+00
4.62000000e+10 6.82700099e-01 1.32374828e+00
4.62100000e+10 6.82630114e-01 1.32367665e+00
4.62200000e+10 6.82560151e-01 1.32360504e+00
4.62300000e+10 6.82490213e-01 1.32353346e+00
4.62400000e+10 6.82420297e-01 1.32346190e+00
4.62500000e+10 6.82350406e-01 1.32339037e+00
4.62600000e+10 6.82280538e-01 1.32331886e+00
4.62700000e+10 6.82210693e-01 1.32324737e+00
4.62800000e+10 6.82140872e-01 1.32317591e+00
4.62900000e+10 6.82071074e-01 1.32310447e+00
4.63000000e+10 6.82001300e-01 1.32303306e+00
4.63100000e+10 6.81931550e-01 1.32296166e+00
4.63200000e+10 6.81861822e-01 1.32289030e+00
4.63300000e+10 6.81792119e-01 1.32281895e+00
4.63400000e+10 6.81722438e-01 1.32274763e+00
4.63500000e+10 6.81652781e-01 1.32267634e+00
4.63600000e+10 6.81583148e-01 1.32260506e+00
4.63700000e+10 6.81513538e-01 1.32253381e+00
4.63800000e+10 6.81443951e-01 1.32246259e+00
4.63900000e+10 6.81374387e-01 1.32239138e+00
4.64000000e+10 6.81304847e-01 1.32232021e+00
4.64100000e+10 6.81235331e-01 1.32224905e+00
4.64200000e+10 6.81165837e-01 1.32217792e+00
4.64300000e+10 6.81096367e-01 1.32210681e+00
4.64400000e+10 6.81026920e-01 1.32203573e+00
4.64500000e+10 6.80957497e-01 1.32196466e+00
4.64600000e+10 6.80888097e-01 1.32189363e+00
4.64700000e+10 6.80818720e-01 1.32182261e+00
4.64800000e+10 6.80749366e-01 1.32175162e+00
4.64900000e+10 6.80680035e-01 1.32168066e+00
4.65000000e+10 6.80610728e-01 1.32160971e+00
4.65100000e+10 6.80541444e-01 1.32153879e+00
4.65200000e+10 6.80472183e-01 1.32146790e+00
4.65300000e+10 6.80402946e-01 1.32139702e+00
4.65400000e+10 6.80333731e-01 1.32132617e+00
4.65500000e+10 6.80264540e-01 1.32125535e+00
4.65600000e+10 6.80195372e-01 1.32118454e+00
4.65700000e+10 6.80126227e-01 1.32111376e+00
4.65800000e+10 6.80057105e-01 1.32104301e+00
4.65900000e+10 6.79988006e-01 1.32097227e+00
4.66000000e+10 6.79918930e-01 1.32090156e+00
4.66100000e+10 6.79849878e-01 1.32083088e+00
4.66200000e+10 6.79780848e-01 1.32076021e+00
4.66300000e+10 6.79711842e-01 1.32068957e+00
4.66400000e+10 6.79642858e-01 1.32061896e+00
4.66500000e+10 6.79573898e-01 1.32054836e+00
4.66600000e+10 6.79504960e-01 1.32047779e+00
4.66700000e+10 6.79436046e-01 1.32040725e+00
4.66800000e+10 6.79367155e-01 1.32033672e+00
4.66900000e+10 6.79298286e-01 1.32026622e+00
4.67000000e+10 6.79229441e-01 1.32019575e+00
4.67100000e+10 6.79160619e-01 1.32012529e+00
4.67200000e+10 6.79091819e-01 1.32005486e+00
4.67300000e+10 6.79023043e-01 1.31998445e+00
4.67400000e+10 6.78954289e-01 1.31991407e+00
4.67500000e+10 6.78885558e-01 1.31984371e+00
4.67600000e+10 6.78816851e-01 1.31977337e+00
4.67700000e+10 6.78748166e-01 1.31970305e+00
4.67800000e+10 6.78679504e-01 1.31963276e+00
4.67900000e+10 6.78610865e-01 1.31956249e+00
4.68000000e+10 6.78542248e-01 1.31949225e+00
4.68100000e+10 6.78473655e-01 1.31942203e+00
4.68200000e+10 6.78405084e-01 1.31935183e+00
4.68300000e+10 6.78336537e-01 1.31928165e+00
4.68400000e+10 6.78268012e-01 1.31921150e+00
4.68500000e+10 6.78199509e-01 1.31914136e+00
4.68600000e+10 6.78131030e-01 1.31907126e+00
4.68700000e+10 6.78062573e-01 1.31900117e+00
4.68800000e+10 6.77994140e-01 1.31893111e+00
4.68900000e+10 6.77925728e-01 1.31886107e+00
4.69000000e+10 6.77857340e-01 1.31879106e+00
4.69100000e+10 6.77788974e-01 1.31872106e+00
4.69200000e+10 6.77720631e-01 1.31865109e+00
4.69300000e+10 6.77652311e-01 1.31858115e+00
4.69400000e+10 6.77584014e-01 1.31851122e+00
4.69500000e+10 6.77515739e-01 1.31844132e+00
4.69600000e+10 6.77447486e-01 1.31837145e+00
4.69700000e+10 6.77379257e-01 1.31830159e+00
4.69800000e+10 6.77311050e-01 1.31823176e+00
4.69900000e+10 6.77242866e-01 1.31816195e+00
4.70000000e+10 6.77174704e-01 1.31809216e+00
4.70100000e+10 6.77106565e-01 1.31802240e+00
4.70200000e+10 6.77038448e-01 1.31795266e+00
4.70300000e+10 6.76970354e-01 1.31788294e+00
4.70400000e+10 6.76902283e-01 1.31781324e+00
4.70500000e+10 6.76834234e-01 1.31774357e+00
4.70600000e+10 6.76766208e-01 1.31767392e+00
4.70700000e+10 6.76698204e-01 1.31760429e+00
4.70800000e+10 6.76630223e-01 1.31753469e+00
4.70900000e+10 6.76562264e-01 1.31746511e+00
4.71000000e+10 6.76494328e-01 1.31739555e+00
4.71100000e+10 6.76426414e-01 1.31732601e+00
4.71200000e+10 6.76358523e-01 1.31725650e+00
4.71300000e+10 6.76290654e-01 1.31718701e+00
4.71400000e+10 6.76222807e-01 1.31711754e+00
4.71500000e+10 6.76154984e-01 1.31704810e+00
4.71600000e+10 6.76087182e-01 1.31697867e+00
4.71700000e+10 6.76019403e-01 1.31690927e+00
4.71800000e+10 6.75951646e-01 1.31683989e+00
4.71900000e+10 6.75883912e-01 1.31677054e+00
4.72000000e+10 6.75816200e-01 1.31670121e+00
4.72100000e+10 6.75748510e-01 1.31663190e+00
4.72200000e+10 6.75680843e-01 1.31656261e+00
4.72300000e+10 6.75613198e-01 1.31649335e+00
4.72400000e+10 6.75545576e-01 1.31642410e+00
4.72500000e+10 6.75477975e-01 1.31635488e+00
4.72600000e+10 6.75410397e-01 1.31628569e+00
4.72700000e+10 6.75342842e-01 1.31621651e+00
4.72800000e+10 6.75275308e-01 1.31614736e+00
4.72900000e+10 6.75207797e-01 1.31607823e+00
4.73000000e+10 6.75140308e-01 1.31600912e+00
4.73100000e+10 6.75072842e-01 1.31594004e+00
4.73200000e+10 6.75005397e-01 1.31587098e+00
4.73300000e+10 6.74937975e-01 1.31580194e+00
4.73400000e+10 6.74870575e-01 1.31573292e+00
4.73500000e+10 6.74803198e-01 1.31566393e+00
4.73600000e+10 6.74735842e-01 1.31559495e+00
4.73700000e+10 6.74668509e-01 1.31552601e+00
4.73800000e+10 6.74601198e-01 1.31545708e+00
4.73900000e+10 6.74533909e-01 1.31538817e+00
4.74000000e+10 6.74466642e-01 1.31531929e+00
4.74100000e+10 6.74399397e-01 1.31525043e+00
4.74200000e+10 6.74332174e-01 1.31518159e+00
4.74300000e+10 6.74264974e-01 1.31511278e+00
4.74400000e+10 6.74197795e-01 1.31504398e+00
4.74500000e+10 6.74130639e-01 1.31497521e+00
4.74600000e+10 6.74063504e-01 1.31490646e+00
4.74700000e+10 6.73996392e-01 1.31483774e+00
4.74800000e+10 6.73929302e-01 1.31476903e+00
4.74900000e+10 6.73862234e-01 1.31470035e+00
4.75000000e+10 6.73795188e-01 1.31463169e+00
4.75100000e+10 6.73728164e-01 1.31456305e+00
4.75200000e+10 6.73661161e-01 1.31449444e+00
4.75300000e+10 6.73594181e-01 1.31442584e+00
4.75400000e+10 6.73527223e-01 1.31435727e+00
4.75500000e+10 6.73460287e-01 1.31428873e+00
4.75600000e+10 6.73393373e-01 1.31422020e+00
4.75700000e+10 6.73326480e-01 1.31415169e+00
4.75800000e+10 6.73259610e-01 1.31408321e+00
4.75900000e+10 6.73192762e-01 1.31401475e+00
4.76000000e+10 6.73125935e-01 1.31394631e+00
4.76100000e+10 6.73059130e-01 1.31387790e+00
4.76200000e+10 6.72992348e-01 1.31380951e+00
4.76300000e+10 6.72925587e-01 1.31374113e+00
4.76400000e+10 6.72858848e-01 1.31367278e+00
4.76500000e+10 6.72792131e-01 1.31360446e+00
4.76600000e+10 6.72725435e-01 1.31353615e+00
4.76700000e+10 6.72658762e-01 1.31346787e+00
4.76800000e+10 6.72592110e-01 1.31339961e+00
4.76900000e+10 6.72525480e-01 1.31333137e+00
4.77000000e+10 6.72458872e-01 1.31326315e+00
4.77100000e+10 6.72392286e-01 1.31319496e+00
4.77200000e+10 6.72325722e-01 1.31312678e+00
4.77300000e+10 6.72259179e-01 1.31305863e+00
4.77400000e+10 6.72192658e-01 1.31299050e+00
4.77500000e+10 6.72126159e-01 1.31292240e+00
4.77600000e+10 6.72059681e-01 1.31285431e+00
4.77700000e+10 6.71993225e-01 1.31278625e+00
4.77800000e+10 6.71926791e-01 1.31271821e+00
4.77900000e+10 6.71860379e-01 1.31265019e+00
4.78000000e+10 6.71793988e-01 1.31258219e+00
4.78100000e+10 6.71727619e-01 1.31251421e+00
4.78200000e+10 6.71661272e-01 1.31244626e+00
4.78300000e+10 6.71594946e-01 1.31237833e+00
4.78400000e+10 6.71528642e-01 1.31231042e+00
4.78500000e+10 6.71462359e-01 1.31224253e+00
4.78600000e+10 6.71396098e-01 1.31217466e+00
4.78700000e+10 6.71329859e-01 1.31210682e+00
4.78800000e+10 6.71263641e-01 1.31203900e+00
4.78900000e+10 6.71197445e-01 1.31197120e+00
4.79000000e+10 6.71131271e-01 1.31190342e+00
4.79100000e+10 6.71065118e-01 1.31183566e+00
4.79200000e+10 6.70998986e-01 1.31176792e+00
4.79300000e+10 6.70932877e-01 1.31170021e+00
4.79400000e+10 6.70866788e-01 1.31163252e+00
4.79500000e+10 6.70800721e-01 1.31156485e+00
4.79600000e+10 6.70734676e-01 1.31149720e+00
4.79700000e+10 6.70668652e-01 1.31142957e+00
4.79800000e+10 6.70602650e-01 1.31136197e+00
4.79900000e+10 6.70536669e-01 1.31129438e+00
4.80000000e+10 6.70470709e-01 1.31122682e+00
4.80100000e+10 6.70404771e-01 1.31115928e+00
4.80200000e+10 6.70338855e-01 1.31109176e+00
4.80300000e+10 6.70272960e-01 1.31102427e+00
4.80400000e+10 6.70207086e-01 1.31095679e+00
4.80500000e+10 6.70141234e-01 1.31088934e+00
4.80600000e+10 6.70075403e-01 1.31082191e+00
4.80700000e+10 6.70009593e-01 1.31075450e+00
4.80800000e+10 6.69943805e-01 1.31068711e+00
4.80900000e+10 6.69878038e-01 1.31061974e+00
4.81000000e+10 6.69812293e-01 1.31055240e+00
4.81100000e+10 6.69746569e-01 1.31048507e+00
4.81200000e+10 6.69680866e-01 1.31041777e+00
4.81300000e+10 6.69615184e-01 1.31035049e+00
4.81400000e+10 6.69549524e-01 1.31028323e+00
4.81500000e+10 6.69483885e-01 1.31021599e+00
4.81600000e+10 6.69418267e-01 1.31014878e+00
4.81700000e+10 6.69352671e-01 1.31008158e+00
4.81800000e+10 6.69287096e-01 1.31001441e+00
4.81900000e+10 6.69221542e-01 1.30994726e+00
4.82000000e+10 6.69156010e-01 1.30988012e+00
4.82100000e+10 6.69090498e-01 1.30981302e+00
4.82200000e+10 6.69025008e-01 1.30974593e+00
4.82300000e+10 6.68959539e-01 1.30967886e+00
4.82400000e+10 6.68894091e-01 1.30961182e+00
4.82500000e+10 6.68828665e-01 1.30954479e+00
4.82600000e+10 6.68763259e-01 1.30947779e+00
4.82700000e+10 6.68697875e-01 1.30941081e+00
4.82800000e+10 6.68632512e-01 1.30934385e+00
4.82900000e+10 6.68567170e-01 1.30927691e+00
4.83000000e+10 6.68501849e-01 1.30921000e+00
4.83100000e+10 6.68436549e-01 1.30914310e+00
4.83200000e+10 6.68371271e-01 1.30907623e+00
4.83300000e+10 6.68306013e-01 1.30900938e+00
4.83400000e+10 6.68240777e-01 1.30894255e+00
4.83500000e+10 6.68175561e-01 1.30887574e+00
4.83600000e+10 6.68110367e-01 1.30880895e+00
4.83700000e+10 6.68045194e-01 1.30874218e+00
4.83800000e+10 6.67980041e-01 1.30867543e+00
4.83900000e+10 6.67914910e-01 1.30860871e+00
4.84000000e+10 6.67849800e-01 1.30854201e+00
4.84100000e+10 6.67784711e-01 1.30847532e+00
4.84200000e+10 6.67719643e-01 1.30840866e+00
4.84300000e+10 6.67654595e-01 1.30834202e+00
4.84400000e+10 6.67589569e-01 1.30827540e+00
4.84500000e+10 6.67524564e-01 1.30820881e+00
4.84600000e+10 6.67459580e-01 1.30814223e+00
4.84700000e+10 6.67394616e-01 1.30807568e+00
4.84800000e+10 6.67329674e-01 1.30800914e+00
4.84900000e+10 6.67264752e-01 1.30794263e+00
4.85000000e+10 6.67199852e-01 1.30787614e+00
4.85100000e+10 6.67134972e-01 1.30780967e+00
4.85200000e+10 6.67070113e-01 1.30774322e+00
4.85300000e+10 6.67005275e-01 1.30767679e+00
4.85400000e+10 6.66940458e-01 1.30761038e+00
4.85500000e+10 6.66875662e-01 1.30754399e+00
4.85600000e+10 6.66810887e-01 1.30747763e+00
4.85700000e+10 6.66746132e-01 1.30741129e+00
4.85800000e+10 6.66681399e-01 1.30734496e+00
4.85900000e+10 6.66616686e-01 1.30727866e+00
4.86000000e+10 6.66551994e-01 1.30721238e+00
4.86100000e+10 6.66487322e-01 1.30714612e+00
4.86200000e+10 6.66422672e-01 1.30707988e+00
4.86300000e+10 6.66358042e-01 1.30701366e+00
4.86400000e+10 6.66293433e-01 1.30694747e+00
4.86500000e+10 6.66228845e-01 1.30688129e+00
4.86600000e+10 6.66164277e-01 1.30681513e+00
4.86700000e+10 6.66099731e-01 1.30674900e+00
4.86800000e+10 6.66035205e-01 1.30668289e+00
4.86900000e+10 6.65970699e-01 1.30661680e+00
4.87000000e+10 6.65906215e-01 1.30655072e+00
4.87100000e+10 6.65841751e-01 1.30648467e+00
4.87200000e+10 6.65777308e-01 1.30641864e+00
4.87300000e+10 6.65712885e-01 1.30635264e+00
4.87400000e+10 6.65648483e-01 1.30628665e+00
4.87500000e+10 6.65584102e-01 1.30622068e+00
4.87600000e+10 6.65519741e-01 1.30615474e+00
4.87700000e+10 6.65455401e-01 1.30608881e+00
4.87800000e+10 6.65391082e-01 1.30602291e+00
4.87900000e+10 6.65326783e-01 1.30595702e+00
4.88000000e+10 6.65262505e-01 1.30589116e+00
4.88100000e+10 6.65198247e-01 1.30582532e+00
4.88200000e+10 6.65134010e-01 1.30575950e+00
4.88300000e+10 6.65069793e-01 1.30569370e+00
4.88400000e+10 6.65005597e-01 1.30562792e+00
4.88500000e+10 6.64941422e-01 1.30556216e+00
4.88600000e+10 6.64877267e-01 1.30549642e+00
4.88700000e+10 6.64813133e-01 1.30543070e+00
4.88800000e+10 6.64749019e-01 1.30536501e+00
4.88900000e+10 6.64684925e-01 1.30529933e+00
4.89000000e+10 6.64620853e-01 1.30523368e+00
4.89100000e+10 6.64556800e-01 1.30516804e+00
4.89200000e+10 6.64492768e-01 1.30510243e+00
4.89300000e+10 6.64428757e-01 1.30503683e+00
4.89400000e+10 6.64364766e-01 1.30497126e+00
4.89500000e+10 6.64300795e-01 1.30490571e+00
4.89600000e+10 6.64236845e-01 1.30484018e+00
4.89700000e+10 6.64172915e-01 1.30477467e+00
4.89800000e+10 6.64109006e-01 1.30470918e+00
4.89900000e+10 6.64045117e-01 1.30464371e+00
4.90000000e+10 6.63981248e-01 1.30457826e+00
4.90100000e+10 6.63917400e-01 1.30451283e+00
4.90200000e+10 6.63853572e-01 1.30444742e+00
4.90300000e+10 6.63789765e-01 1.30438204e+00
4.90400000e+10 6.63725977e-01 1.30431667e+00
4.90500000e+10 6.63662211e-01 1.30425133e+00
4.90600000e+10 6.63598464e-01 1.30418600e+00
4.90700000e+10 6.63534738e-01 1.30412070e+00
4.90800000e+10 6.63471032e-01 1.30405541e+00
4.90900000e+10 6.63407346e-01 1.30399015e+00
4.91000000e+10 6.63343681e-01 1.30392491e+00
4.91100000e+10 6.63280036e-01 1.30385968e+00
4.91200000e+10 6.63216411e-01 1.30379448e+00
4.91300000e+10 6.63152807e-01 1.30372930e+00
4.91400000e+10 6.63089222e-01 1.30366414e+00
4.91500000e+10 6.63025658e-01 1.30359900e+00
4.91600000e+10 6.62962114e-01 1.30353388e+00
4.91700000e+10 6.62898591e-01 1.30346878e+00
4.91800000e+10 6.62835087e-01 1.30340370e+00
4.91900000e+10 6.62771604e-01 1.30333864e+00
4.92000000e+10 6.62708141e-01 1.30327360e+00
4.92100000e+10 6.62644698e-01 1.30320858e+00
4.92200000e+10 6.62581275e-01 1.30314358e+00
4.92300000e+10 6.62517873e-01 1.30307860e+00
4.92400000e+10 6.62454490e-01 1.30301365e+00
4.92500000e+10 6.62391128e-01 1.30294871e+00
4.92600000e+10 6.62327786e-01 1.30288379e+00
4.92700000e+10 6.62264464e-01 1.30281890e+00
4.92800000e+10 6.62201161e-01 1.30275402e+00
4.92900000e+10 6.62137880e-01 1.30268917e+00
4.93000000e+10 6.62074618e-01 1.30262433e+00
4.93100000e+10 6.62011376e-01 1.30255952e+00
4.93200000e+10 6.61948154e-01 1.30249472e+00
4.93300000e+10 6.61884952e-01 1.30242995e+00
4.93400000e+10 6.61821771e-01 1.30236519e+00
4.93500000e+10 6.61758609e-01 1.30230046e+00
4.93600000e+10 6.61695467e-01 1.30223574e+00
4.93700000e+10 6.61632346e-01 1.30217105e+00
4.93800000e+10 6.61569244e-01 1.30210638e+00
4.93900000e+10 6.61506163e-01 1.30204172e+00
4.94000000e+10 6.61443101e-01 1.30197709e+00
4.94100000e+10 6.61380059e-01 1.30191248e+00
4.94200000e+10 6.61317037e-01 1.30184789e+00
4.94300000e+10 6.61254036e-01 1.30178331e+00
4.94400000e+10 6.61191054e-01 1.30171876e+00
4.94500000e+10 6.61128092e-01 1.30165423e+00
4.94600000e+10 6.61065150e-01 1.30158972e+00
4.94700000e+10 6.61002228e-01 1.30152523e+00
4.94800000e+10 6.60939325e-01 1.30146075e+00
4.94900000e+10 6.60876443e-01 1.30139630e+00
4.95000000e+10 6.60813580e-01 1.30133187e+00
4.95100000e+10 6.60750738e-01 1.30126746e+00
4.95200000e+10 6.60687915e-01 1.30120307e+00
4.95300000e+10 6.60625112e-01 1.30113870e+00
4.95400000e+10 6.60562329e-01 1.30107435e+00
4.95500000e+10 6.60499566e-01 1.30101001e+00
4.95600000e+10 6.60436822e-01 1.30094570e+00
4.95700000e+10 6.60374099e-01 1.30088141e+00
4.95800000e+10 6.60311395e-01 1.30081714e+00
4.95900000e+10 6.60248711e-01 1.30075289e+00
4.96000000e+10 6.60186047e-01 1.30068866e+00
4.96100000e+10 6.60123402e-01 1.30062445e+00
4.96200000e+10 6.60060777e-01 1.30056026e+00
4.96300000e+10 6.59998172e-01 1.30049608e+00
4.96400000e+10 6.59935587e-01 1.30043193e+00
4.96500000e+10 6.59873021e-01 1.30036780e+00
4.96600000e+10 6.59810476e-01 1.30030369e+00
4.96700000e+10 6.59747949e-01 1.30023960e+00
4.96800000e+10 6.59685443e-01 1.30017553e+00
4.96900000e+10 6.59622956e-01 1.30011148e+00
4.97000000e+10 6.59560489e-01 1.30004744e+00
4.97100000e+10 6.59498042e-01 1.29998343e+00
4.97200000e+10 6.59435614e-01 1.29991944e+00
4.97300000e+10 6.59373206e-01 1.29985547e+00
4.97400000e+10 6.59310817e-01 1.29979152e+00
4.97500000e+10 6.59248448e-01 1.29972758e+00
4.97600000e+10 6.59186099e-01 1.29966367e+00
4.97700000e+10 6.59123770e-01 1.29959978e+00
4.97800000e+10 6.59061460e-01 1.29953590e+00
4.97900000e+10 6.58999169e-01 1.29947205e+00
4.98000000e+10 6.58936898e-01 1.29940822e+00
4.98100000e+10 6.58874647e-01 1.29934440e+00
4.98200000e+10 6.58812415e-01 1.29928061e+00
4.98300000e+10 6.58750203e-01 1.29921684e+00
4.98400000e+10 6.58688010e-01 1.29915308e+00
4.98500000e+10 6.58625837e-01 1.29908935e+00
4.98600000e+10 6.58563684e-01 1.29902563e+00
4.98700000e+10 6.58501549e-01 1.29896194e+00
4.98800000e+10 6.58439435e-01 1.29889826e+00
4.98900000e+10 6.58377340e-01 1.29883461e+00
4.99000000e+10 6.58315264e-01 1.29877097e+00
4.99100000e+10 6.58253208e-01 1.29870735e+00
4.99200000e+10 6.58191171e-01 1.29864376e+00
4.99300000e+10 6.58129154e-01 1.29858018e+00
4.99400000e+10 6.58067156e-01 1.29851662e+00
4.99500000e+10 6.58005178e-01 1.29845309e+00
4.99600000e+10 6.57943219e-01 1.29838957e+00
4.99700000e+10 6.57881279e-01 1.29832607e+00
4.99800000e+10 6.57819359e-01 1.29826259e+00
4.99900000e+10 6.57757458e-01 1.29819913e+00
5.00000000e+10 6.57695577e-01 1.29813569e+00
