#Parameters = {cpw=15; sigma_z=0.4; wakelength=200; xbeam=0; xtest=0; ybeam=0; ytest=0}
#"s / mm"	"Z [Real Part]"
#------------------------
-10.000000000000	1.5588782652629e-12
-9.970000000000	1.4358059774065e-12
-9.940000000000	3.5741284442752e-13
-9.910000000000	-1.9810177724944e-13
-9.880000000000	3.1367713500572e-13
-9.850000000000	1.1042628869533e-12
-9.820000000000	8.3963228764748e-13
-9.790000000000	-2.3595874503041e-14
-9.760000000000	-1.0006514924555e-12
-9.730000000000	-6.8748075024485e-13
-9.700000000000	2.9755548931343e-14
-9.670000000000	1.1423781833958e-12
-9.640000000000	1.4746887206064e-12
-9.610000000000	7.2905242578905e-13
-9.580000000000	3.2223001714188e-13
-9.550000000000	5.7339658436161e-13
-9.520000000000	8.3767439179208e-13
-9.490000000000	1.5956505866674e-12
-9.460000000000	1.2569449476925e-12
-9.430000000000	8.0572253479311e-13
-9.400000000000	6.8777268157042e-13
-9.370000000000	4.9776777830600e-13
-9.340000000000	8.7353606174178e-13
-9.310000000000	5.0531542394597e-13
-9.280000000000	7.6605565424141e-13
-9.250000000000	7.4192097072682e-13
-9.220000000000	6.5994981174083e-14
-9.190000000000	4.7239778508958e-13
-9.160000000000	5.0788608749592e-13
-9.130000000000	4.3890194319831e-13
-9.100000000000	1.2936585971355e-13
-9.070000000000	3.0791421539060e-13
-9.040000000000	3.3911309526372e-13
-9.010000000000	1.3990801310952e-12
-8.980000000000	2.3694931644390e-12
-8.950000000000	2.2000752771085e-12
-8.920000000000	1.4421504553428e-12
-8.890000000000	6.2569412728408e-13
-8.860000000000	7.8708355507909e-14
-8.830000000000	-1.7116310086468e-13
-8.800000000000	4.7557957767768e-13
-8.770000000000	2.0561090028636e-13
-8.740000000000	-5.6919447156465e-13
-8.710000000000	-2.8581077656271e-13
-8.680000000000	-1.0490107444408e-13
-8.650000000000	4.7777198177325e-13
-8.620000000000	8.9664329075235e-13
-8.590000000000	9.1702973057718e-13
-8.560000000000	7.7792124364740e-13
-8.530000000000	6.5767213729576e-13
-8.500000000000	6.4138019831691e-13
-8.470000000000	6.4607675389696e-13
-8.440000000000	-6.7300583210416e-14
-8.410000000000	-6.3046991894338e-13
-8.380000000000	-1.0687180346074e-12
-8.350000000000	-2.0687948073405e-12
-8.320000000000	-1.1864967727239e-12
-8.290000000000	-8.2864773275303e-13
-8.260000000000	-2.5819409519348e-13
-8.230000000000	3.2171077170738e-13
-8.200000000000	2.3521503296262e-13
-8.170000000000	3.7549445265214e-13
-8.140000000000	6.7434062093495e-13
-8.110000000000	7.4768547314712e-13
-8.080000000000	4.4626619849837e-13
-8.050000000000	2.8256553981739e-13
-8.020000000000	-6.2157423974536e-14
-7.990000000000	2.5190587529112e-13
-7.960000000000	3.3293698180993e-13
-7.930000000000	2.3167273234040e-13
-7.900000000000	-9.0346395048151e-14
-7.870000000000	-1.4914408205125e-12
-7.840000000000	-2.0247771357432e-12
-7.810000000000	-2.1521426351763e-12
-7.780000000000	-5.1531751616223e-13
-7.750000000000	-1.0641047696274e-13
-7.720000000000	9.5667412676771e-13
-7.690000000000	1.3827484402421e-12
-7.660000000000	1.8474080611811e-12
-7.630000000000	1.0581742041881e-12
-7.600000000000	1.8192899387410e-12
-7.570000000000	1.1139900269019e-12
-7.540000000000	-1.9402058780914e-13
-7.510000000000	-2.0572297668332e-14
-7.480000000000	-4.5383770953056e-13
-7.450000000000	1.0662752009178e-12
-7.420000000000	6.3122690727999e-13
-7.390000000000	-1.4524535554663e-13
-7.360000000000	-1.2569815658894e-12
-7.330000000000	-1.6180127454098e-12
-7.300000000000	-3.5391445076518e-14
-7.270000000000	1.0656174916843e-12
-7.240000000000	2.0906705547085e-12
-7.210000000000	1.5620178692558e-12
-7.180000000000	2.4570855486210e-12
-7.150000000000	1.3021284307821e-12
-7.120000000000	1.3650239459303e-12
-7.090000000000	4.2633963307530e-13
-7.060000000000	-4.5869105622509e-13
-7.030000000000	-3.7504237029144e-13
-7.000000000000	-4.4471165501899e-13
-6.970000000000	3.9183943362022e-13
-6.940000000000	6.7478399802871e-13
-6.910000000000	6.4866154531073e-13
-6.880000000000	-7.9963801534013e-13
-6.850000000000	-3.6244994726818e-13
-6.820000000000	-6.2655354200930e-13
-6.790000000000	-8.7126075770609e-13
-6.760000000000	-6.1206006132474e-13
-6.730000000000	-7.8770274162130e-13
-6.700000000000	1.4055338444642e-14
-6.670000000000	-1.7817474375024e-13
-6.640000000000	7.6621101902821e-13
-6.610000000000	-8.6755792826960e-14
-6.580000000000	-4.7453412669827e-13
-6.550000000000	-6.2221981995944e-13
-6.520000000000	-4.5870002540897e-13
-6.490000000000	-2.1587599866672e-13
-6.460000000000	1.4859386301592e-13
-6.430000000000	6.6763865615265e-13
-6.400000000000	4.5923133132518e-13
-6.370000000000	8.4194840131339e-13
-6.340000000000	9.3674737457697e-13
-6.310000000000	1.3534279547972e-12
-6.280000000000	8.5598994004240e-13
-6.250000000000	7.6491445915770e-14
-6.220000000000	-4.5245997674537e-13
-6.190000000000	-7.9266902777452e-13
-6.160000000000	-1.6244206799362e-13
-6.130000000000	5.2337243904435e-13
-6.100000000000	-5.2339720827849e-13
-6.070000000000	-3.1975542381387e-13
-6.040000000000	-9.3678967800665e-13
-6.010000000000	-1.7847700688027e-13
-5.980000000000	8.6424383431908e-13
-5.950000000000	1.2634283964786e-12
-5.920000000000	1.6958532409198e-12
-5.890000000000	9.1374013338981e-13
-5.860000000000	4.7920834847538e-13
-5.830000000000	2.4739706802049e-13
-5.800000000000	5.7256568720578e-13
-5.770000000000	-1.9141093929885e-13
-5.740000000000	-4.5418300787223e-13
-5.710000000000	-3.1633645444658e-13
-5.680000000000	-2.7794800503057e-13
-5.650000000000	5.9465292809798e-13
-5.620000000000	-1.5426260660350e-13
-5.590000000000	-3.8934910932611e-13
-5.560000000000	-1.4228970610036e-12
-5.530000000000	-1.0135182430682e-12
-5.500000000000	2.2435067247560e-14
-5.470000000000	7.1763186359991e-13
-5.440000000000	9.8402313702318e-13
-5.410000000000	5.1769010800451e-13
-5.380000000000	-3.0530037316977e-13
-5.350000000000	-2.3020213363145e-13
-5.320000000000	1.3506134677026e-13
-5.290000000000	-5.2533964310590e-13
-5.260000000000	-1.0514827734397e-12
-5.230000000000	-1.3707914567160e-12
-5.200000000000	-1.1357675623450e-12
-5.170000000000	-2.0292151686674e-13
-5.140000000000	7.9858337384194e-14
-5.110000000000	-2.7407052371531e-13
-5.080000000000	-6.1249771746081e-13
-5.050000000000	-1.1229484958554e-12
-5.020000000000	-8.0651673320799e-13
-4.990000000000	-2.4835636024361e-13
-4.960000000000	2.2698344309718e-13
-4.930000000000	1.2704322527927e-13
-4.900000000000	-4.6825196964957e-13
-4.870000000000	-3.4404294308714e-13
-4.840000000000	-4.5606649522953e-14
-4.810000000000	-8.9437337987775e-13
-4.780000000000	-2.1240359945506e-12
-4.750000000000	-2.7732389093986e-12
-4.720000000000	-2.6797465844246e-12
-4.690000000000	-1.3408063192173e-12
-4.660000000000	-8.4467193416971e-14
-4.630000000000	4.8860996211346e-13
-4.600000000000	2.2423840934229e-13
-4.570000000000	3.0314930378601e-13
-4.540000000000	-7.0806952725817e-13
-4.510000000000	-4.2990566303269e-13
-4.480000000000	-1.7167470741654e-13
-4.450000000000	3.6685527116779e-13
-4.420000000000	2.8517162463768e-13
-4.390000000000	3.6346353865523e-13
-4.360000000000	-4.1777841228270e-13
-4.330000000000	-7.4515673253806e-13
-4.300000000000	-9.1714090788452e-13
-4.270000000000	-8.5071037602143e-13
-4.240000000000	-1.8161957755268e-13
-4.210000000000	-1.0363603528710e-13
-4.180000000000	3.6210876409692e-13
-4.150000000000	5.7816481649713e-13
-4.120000000000	1.2897907270575e-12
-4.090000000000	1.8182888662463e-12
-4.060000000000	6.9481077373822e-13
-4.030000000000	-6.7808705280987e-13
-4.000000000000	2.9855566300769e-13
-3.970000000000	1.4084819178224e-12
-3.940000000000	2.6984548226158e-12
-3.910000000000	2.5614821749350e-12
-3.880000000000	1.8185497930392e-12
-3.850000000000	1.6522216226914e-12
-3.820000000000	4.4858065963425e-13
-3.790000000000	3.4203867355034e-13
-3.760000000000	1.2339322799133e-12
-3.730000000000	6.2595421065899e-14
-3.700000000000	-5.9118069016722e-13
-3.670000000000	-7.5592627783386e-13
-3.640000000000	4.7225381599557e-13
-3.610000000000	1.5517558711853e-12
-3.580000000000	1.8171512220899e-12
-3.550000000000	5.3754393713140e-14
-3.520000000000	4.5998397454087e-13
-3.490000000000	-1.1324198785874e-12
-3.460000000000	-2.9846296186509e-12
-3.430000000000	-7.5389203767666e-12
-3.400000000000	-1.8392244018762e-11
-3.370000000000	-3.6970015842523e-11
-3.340000000000	-7.0480705230284e-11
-3.310000000000	-1.2918886956298e-10
-3.280000000000	-2.3706804851428e-10
-3.250000000000	-4.3605496064206e-10
-3.220000000000	-8.0062221814765e-10
-3.190000000000	-1.4605386390954e-09
-3.160000000000	-2.6517860273806e-09
-3.130000000000	-4.7883429523239e-09
-3.100000000000	-8.5997660369673e-09
-3.070000000000	-1.5356348181315e-08
-3.040000000000	-2.7261352323818e-08
-3.010000000000	-4.8118396868710e-08
-2.980000000000	-8.4448166876577e-08
-2.950000000000	-1.4736720807636e-07
-2.920000000000	-2.5570771275392e-07
-2.890000000000	-4.4117334441273e-07
-2.860000000000	-7.5684525737718e-07
-2.830000000000	-1.2910032297944e-06
-2.800000000000	-2.1896177911642e-06
-2.770000000000	-3.6925779280261e-06
-2.740000000000	-6.1916970999045e-06
-2.710000000000	-1.0323030882689e-05
-2.680000000000	-1.7112802598528e-05
-2.650000000000	-2.8206564322594e-05
-2.620000000000	-4.6226712658265e-05
-2.590000000000	-7.5326586867678e-05
-2.560000000000	-1.2204348166425e-04
-2.530000000000	-1.9660315032583e-04
-2.500000000000	-3.1490129618119e-04
-2.470000000000	-5.0149311196194e-04
-2.440000000000	-7.9407303264752e-04
-2.410000000000	-1.2501416329556e-03
-2.380000000000	-1.9568591839498e-03
-2.350000000000	-3.0455079951314e-03
-2.320000000000	-4.7125708506707e-03
-2.290000000000	-7.2502356287893e-03
-2.260000000000	-1.1090227685871e-02
-2.230000000000	-1.6866341067223e-02
-2.200000000000	-2.5502999147708e-02
-2.170000000000	-3.8339761501535e-02
-2.140000000000	-5.7305071544877e-02
-2.110000000000	-8.5156902710842e-02
-2.080000000000	-1.2581353254051e-01
-2.050000000000	-1.8480470321261e-01
-2.020000000000	-2.6988218124665e-01
-1.990000000000	-3.9183948293604e-01
-1.960000000000	-5.6560354671862e-01
-1.930000000000	-8.1167663026289e-01
-1.900000000000	-1.1580248303480e+00
-1.870000000000	-1.6425303819811e+00
-1.840000000000	-2.3161481133306e+00
-1.810000000000	-3.2469316751800e+00
-1.780000000000	-4.5251216388966e+00
-1.750000000000	-6.2695140345301e+00
-1.720000000000	-8.6353526130374e+00
-1.690000000000	-1.1824008668422e+01
-1.660000000000	-1.6094725549721e+01
-1.630000000000	-2.1778707185790e+01
-1.600000000000	-2.9295816449194e+01
-1.570000000000	-3.9174114731979e+01
-1.540000000000	-5.2072412901384e+01
-1.510000000000	-6.8805909781324e+01
-1.480000000000	-9.0374861504109e+01
-1.450000000000	-1.1799604814745e+02
-1.420000000000	-1.5313657892010e+02
-1.390000000000	-1.9754930171188e+02
-1.360000000000	-2.5330875789014e+02
-1.330000000000	-3.2284625341365e+02
-1.300000000000	-4.0898221195773e+02
-1.270000000000	-5.1495354961635e+02
-1.240000000000	-6.4443338478836e+02
-1.210000000000	-8.0153999836596e+02
-1.180000000000	-9.9083162183036e+02
-1.150000000000	-1.2172833932950e+03
-1.120000000000	-1.4862427269455e+03
-1.090000000000	-1.8033594346319e+03
-1.060000000000	-2.1744872635055e+03
-1.030000000000	-2.6055541098628e+03
-1.000000000000	-3.1023990673191e+03
-0.970000000000	-3.6705756842983e+03
-0.940000000000	-4.3151223409831e+03
-0.910000000000	-5.0403024866303e+03
-0.880000000000	-5.8493195564084e+03
-0.850000000000	-6.7440136369856e+03
-0.820000000000	-7.7245492685117e+03
-0.790000000000	-8.7891060278958e+03
-0.760000000000	-9.9335855832924e+03
-0.730000000000	-1.1151350576703e+04
-0.700000000000	-1.2433011809646e+04
-0.670000000000	-1.3766280611475e+04
-0.640000000000	-1.5135902816530e+04
-0.610000000000	-1.6523689353777e+04
-0.580000000000	-1.7908655997507e+04
-0.550000000000	-1.9267281335557e+04
-0.520000000000	-2.0573887546856e+04
-0.490000000000	-2.1801143280727e+04
-0.460000000000	-2.2920682007965e+04
-0.430000000000	-2.3903822947767e+04
-0.400000000000	-2.4722375400747e+04
-0.370000000000	-2.5349501410516e+04
-0.340000000000	-2.5760606524566e+04
-0.310000000000	-2.5934224408675e+04
-0.280000000000	-2.5852858528384e+04
-0.250000000000	-2.5503743320393e+04
-0.220000000000	-2.4879488418175e+04
-0.190000000000	-2.3978572640355e+04
-0.160000000000	-2.2805659542766e+04
-0.130000000000	-2.1371713191775e+04
-0.100000000000	-1.9693901129392e+04
-0.070000000000	-1.7795280852502e+04
-0.040000000000	-1.5704276017164e+04
-0.010000000000	-1.3453958448328e+04
0.020000000000	-1.1081161313540e+04
0.050000000000	-8.6254569566822e+03
0.080000000000	-6.1280393970882e+03
0.110000000000	-3.6305559891222e+03
0.140000000000	-1.1739349412848e+03
0.170000000000	1.2027448106681e+03
0.200000000000	3.4632974656764e+03
0.230000000000	5.5753488274181e+03
0.260000000000	7.5110969260384e+03
0.290000000000	9.2478904675042e+03
0.320000000000	1.0768609876164e+04
0.350000000000	1.2061845195768e+04
0.380000000000	1.3121874472366e+04
0.410000000000	1.3948454940991e+04
0.440000000000	1.4546446925300e+04
0.470000000000	1.4925296477535e+04
0.500000000000	1.5098407189628e+04
0.530000000000	1.5082434170757e+04
0.560000000000	1.4896533909369e+04
0.590000000000	1.4561602728291e+04
0.620000000000	1.4099534005644e+04
0.650000000000	1.3532520551926e+04
0.680000000000	1.2882423833514e+04
0.710000000000	1.2170226466415e+04
0.740000000000	1.1415578919551e+04
0.770000000000	1.0636445987320e+04
0.800000000000	9.8488535956818e+03
0.830000000000	9.0667321171586e+03
0.860000000000	8.3018487461366e+03
0.890000000000	7.5638187187925e+03
0.920000000000	6.8601832806738e+03
0.950000000000	6.1965412818690e+03
0.980000000000	5.5767210408831e+03
1.010000000000	5.0029795550753e+03
1.040000000000	4.4762171166858e+03
1.070000000000	3.9961967774655e+03
1.100000000000	3.5617597503484e+03
1.130000000000	3.1710296112558e+03
1.160000000000	2.8215999517096e+03
1.190000000000	2.5107018375611e+03
1.220000000000	2.2353489775897e+03
1.250000000000	1.9924598477465e+03
1.280000000000	1.7789571238037e+03
1.310000000000	1.5918456376997e+03
1.340000000000	1.4282706973081e+03
1.370000000000	1.2855590142644e+03
1.400000000000	1.1612446968158e+03
1.430000000000	1.0530828163081e+03
1.460000000000	9.5905341104003e+02
1.490000000000	8.7735627790570e+02
1.520000000000	8.0640151597076e+02
1.550000000000	7.4479642759874e+02
1.580000000000	6.9132882266766e+02
1.610000000000	6.4494953814802e+02
1.640000000000	6.0475465400585e+02
1.670000000000	5.6996811199554e+02
1.700000000000	5.3992523878594e+02
1.730000000000	5.1405750244202e+02
1.760000000000	4.9187869127646e+02
1.790000000000	4.7297259451221e+02
1.820000000000	4.5698218197687e+02
1.850000000000	4.4360022148045e+02
1.880000000000	4.3256123368615e+02
1.910000000000	4.2363466131803e+02
1.940000000000	4.1661911888155e+02
1.970000000000	4.1133758753486e+02
2.000000000000	4.0763342463404e+02
2.030000000000	4.0536706656818e+02
2.060000000000	4.0441331504209e+02
2.090000000000	4.0465910962238e+02
2.120000000000	4.0600170216742e+02
2.150000000000	4.0834716104741e+02
2.180000000000	4.1160914440746e+02
2.210000000000	4.1570789190163e+02
2.240000000000	4.2056939323553e+02
2.270000000000	4.2612469950431e+02
2.300000000000	4.3230934977081e+02
2.330000000000	4.3906289070182e+02
2.360000000000	4.4632847149626e+02
2.390000000000	4.5405249992810e+02
2.420000000000	4.6218434821744e+02
2.450000000000	4.7067609975204e+02
2.480000000000	4.7948232951461e+02
2.510000000000	4.8855991251800e+02
2.540000000000	4.9786785568899e+02
2.570000000000	5.0736714953459e+02
2.600000000000	5.1702063662532e+02
2.630000000000	5.2679289447984e+02
2.660000000000	5.3665013086741e+02
2.690000000000	5.4656008988622e+02
2.720000000000	5.5649196744663e+02
2.750000000000	5.6641633500447e+02
2.780000000000	5.7630507056430e+02
2.810000000000	5.8613129611350e+02
2.840000000000	5.9586932076445e+02
2.870000000000	6.0549458897766e+02
2.900000000000	6.1498363331875e+02
2.930000000000	6.2431403126975e+02
2.960000000000	6.3346436567195e+02
2.990000000000	6.4241418842687e+02
3.020000000000	6.5114398712348e+02
3.050000000000	6.5963515429642e+02
3.080000000000	6.6786995905158e+02
3.110000000000	6.7583152082278e+02
3.140000000000	6.8350378504775e+02
3.170000000000	6.9087150057268e+02
3.200000000000	6.9792019861367e+02
3.230000000000	7.0463617311994e+02
3.260000000000	7.1100646239849e+02
3.290000000000	7.1701883187341e+02
3.320000000000	7.2266175786456e+02
3.350000000000	7.2792441228132e+02
3.380000000000	7.3279664813658e+02
3.410000000000	7.3726898579467e+02
3.440000000000	7.4133259987508e+02
3.470000000000	7.4497930674047e+02
3.500000000000	7.4820155250430e+02
3.530000000000	7.5099240149879e+02
3.560000000000	7.5334552514956e+02
3.590000000000	7.5525519120785e+02
3.620000000000	7.5671625329546e+02
3.650000000000	7.5772414072183e+02
3.680000000000	7.5827484853596e+02
3.710000000000	7.5836492777912e+02
3.740000000000	7.5799147590755e+02
3.770000000000	7.5715212735682e+02
3.800000000000	7.5584504422196e+02
3.830000000000	7.5406890702996e+02
3.860000000000	7.5182290558321e+02
3.890000000000	7.4910672985407e+02
3.920000000000	7.4592056091294e+02
3.950000000000	7.4226506187337e+02
3.980000000000	7.3814136883936e+02
4.010000000000	7.3355108184138e+02
4.040000000000	7.2849625574866e+02
4.070000000000	7.2297939114694e+02
4.100000000000	7.1700342517138e+02
4.130000000000	7.1057172228636e+02
4.160000000000	7.0368806500421e+02
4.190000000000	6.9635664453686e+02
4.220000000000	6.8858205137520e+02
4.250000000000	6.8036926579247e+02
4.280000000000	6.7172364826910e+02
4.310000000000	6.6265092983791e+02
4.340000000000	6.5315720234957e+02
4.370000000000	6.4324890865952e+02
4.400000000000	6.3293283273841e+02
4.430000000000	6.2221608970900e+02
4.460000000000	6.1110611581311e+02
4.490000000000	5.9961065831253e+02
4.520000000000	5.8773776532802e+02
4.550000000000	5.7549577562061e+02
4.580000000000	5.6289330831909e+02
4.610000000000	5.4993925259722e+02
4.640000000000	5.3664275730401e+02
4.670000000000	5.2301322054963e+02
4.700000000000	5.0906027924923e+02
4.730000000000	4.9479379862663e+02
4.760000000000	4.8022386167962e+02
4.790000000000	4.6536075860822e+02
4.820000000000	4.5021497620788e+02
4.850000000000	4.3479718722937e+02
4.880000000000	4.1911823970807e+02
4.910000000000	4.0318914626551e+02
4.940000000000	3.8702107338732e+02
4.970000000000	3.7062533068206e+02
5.000000000000	3.5401336012671e+02
5.030000000000	3.3719672530519e+02
5.060000000000	3.2018710064710e+02
5.090000000000	3.0299626067467e+02
5.120000000000	2.8563606926625e+02
5.150000000000	2.6811846894512e+02
5.180000000000	2.5045547020260e+02
5.210000000000	2.3265914086427e+02
5.240000000000	2.1474159550820e+02
5.270000000000	1.9671498494354e+02
5.300000000000	1.7859148575751e+02
5.330000000000	1.6038328993840e+02
5.360000000000	1.4210259458159e+02
5.390000000000	1.2376159168502e+02
5.420000000000	1.0537245804027e+02
5.450000000000	8.6947345224861e+01
5.480000000000	6.8498369700861e+01
5.510000000000	5.0037603025117e+01
5.540000000000	3.1577062175797e+01
5.570000000000	1.3128700000136e+01
5.600000000000	-5.2956042117488e+00
5.630000000000	-2.3684054022077e+01
5.660000000000	-4.2024945004547e+01
5.690000000000	-6.0306673762224e+01
5.720000000000	-7.8517746798782e+01
5.750000000000	-9.6646789237596e+01
5.780000000000	-1.1468255327031e+02
5.810000000000	-1.3261392537872e+02
5.840000000000	-1.5042993882708e+02
5.870000000000	-1.6811977716477e+02
5.900000000000	-1.8567278367504e+02
5.930000000000	-2.0307846906168e+02
5.960000000000	-2.2032651894366e+02
5.990000000000	-2.3740680115270e+02
6.020000000000	-2.5430937282829e+02
6.050000000000	-2.7102448730518e+02
6.080000000000	-2.8754260078848e+02
6.110000000000	-3.0385437881155e+02
6.140000000000	-3.1995070247232e+02
6.170000000000	-3.3582267444372e+02
6.200000000000	-3.5146162475443e+02
6.230000000000	-3.6685911633599e+02
6.260000000000	-3.8200695033331e+02
6.290000000000	-3.9689717117546e+02
6.320000000000	-4.1152207140416e+02
6.350000000000	-4.2587419625807e+02
6.380000000000	-4.3994634801088e+02
6.410000000000	-4.5373159006215e+02
6.440000000000	-4.6722325077981e+02
6.470000000000	-4.8041492709373e+02
6.500000000000	-4.9330048784003e+02
6.530000000000	-5.0587407685595e+02
6.560000000000	-5.1813011582522e+02
6.590000000000	-5.3006330687389e+02
6.620000000000	-5.4166863491658e+02
6.650000000000	-5.5294136975301e+02
6.680000000000	-5.6387706791446e+02
6.710000000000	-5.7447157425988e+02
6.740000000000	-5.8472102332099e+02
6.770000000000	-5.9462184039579e+02
6.800000000000	-6.0417074238981e+02
6.830000000000	-6.1336473840469e+02
6.860000000000	-6.2220113007343e+02
6.890000000000	-6.3067751164243e+02
6.920000000000	-6.3879176980044e+02
6.950000000000	-6.4654208325526e+02
6.980000000000	-6.5392692205926e+02
7.010000000000	-6.6094504668585e+02
7.040000000000	-6.6759550685908e+02
7.070000000000	-6.7387764013946e+02
7.100000000000	-6.7979107026953e+02
7.130000000000	-6.8533570528300e+02
7.160000000000	-6.9051173538186e+02
7.190000000000	-6.9531963058561e+02
7.220000000000	-6.9976013815746e+02
7.250000000000	-7.0383427981153e+02
7.280000000000	-7.0754334870586e+02
7.310000000000	-7.1088890622482e+02
7.340000000000	-7.1387277855532e+02
7.370000000000	-7.1649705305999e+02
7.400000000000	-7.1876407445119e+02
7.430000000000	-7.2067644076884e+02
7.460000000000	-7.2223699916558e+02
7.490000000000	-7.2344884150246e+02
7.520000000000	-7.2431529975882e+02
7.550000000000	-7.2483994126007e+02
7.580000000000	-7.2502656372775e+02
7.610000000000	-7.2487919015656e+02
7.640000000000	-7.2440206352345e+02
7.670000000000	-7.2359964133492e+02
7.700000000000	-7.2247659001839e+02
7.730000000000	-7.2103777916483e+02
7.760000000000	-7.1928827562944e+02
7.790000000000	-7.1723333749795e+02
7.820000000000	-7.1487840792602e+02
7.850000000000	-7.1222910885914e+02
7.880000000000	-7.0929123464064e+02
7.910000000000	-7.0607074551465e+02
7.940000000000	-7.0257376103110e+02
7.970000000000	-6.9880655335920e+02
8.000000000000	-6.9477554051543e+02
8.030000000000	-6.9048727951193e+02
8.060000000000	-6.8594845943076e+02
8.090000000000	-6.8116589442934e+02
8.120000000000	-6.7614651668226e+02
8.150000000000	-6.7089736926476e+02
8.180000000000	-6.6542559898305e+02
8.210000000000	-6.5973844915723e+02
8.240000000000	-6.5384325236251e+02
8.270000000000	-6.4774742313493e+02
8.300000000000	-6.4145845064819e+02
8.330000000000	-6.3498389136861e+02
8.360000000000	-6.2833136169528e+02
8.390000000000	-6.2150853059324e+02
8.420000000000	-6.1452311222715e+02
8.450000000000	-6.0738285860360e+02
8.480000000000	-6.0009555222963e+02
8.510000000000	-5.9266899879536e+02
8.540000000000	-5.8511101988812e+02
8.570000000000	-5.7742944574546e+02
8.600000000000	-5.6963210805363e+02
8.630000000000	-5.6172683279841e+02
8.660000000000	-5.5372143317406e+02
8.690000000000	-5.4562370255647e+02
8.720000000000	-5.3744140754584e+02
8.750000000000	-5.2918228108415e+02
8.780000000000	-5.2085401565259e+02
8.810000000000	-5.1246425655373e+02
8.840000000000	-5.0402059528350e+02
8.870000000000	-4.9553056299761e+02
8.900000000000	-4.8700162407747e+02
8.930000000000	-4.7844116980037e+02
8.960000000000	-4.6985651211882e+02
8.990000000000	-4.6125487755407e+02
9.020000000000	-4.5264340120864e+02
9.050000000000	-4.4402912090286e+02
9.080000000000	-4.3541897144032e+02
9.110000000000	-4.2681977900694e+02
9.140000000000	-4.1823825570852e+02
9.170000000000	-4.0968099425119e+02
9.200000000000	-4.0115446276926e+02
9.230000000000	-3.9266499980453e+02
9.260000000000	-3.8421880944126e+02
9.290000000000	-3.7582195660041e+02
9.320000000000	-3.6748036249702e+02
9.350000000000	-3.5919980026413e+02
9.380000000000	-3.5098589074690e+02
9.410000000000	-3.4284409847044e+02
9.440000000000	-3.3477972778466e+02
9.470000000000	-3.2679791919000e+02
9.500000000000	-3.1890364584736e+02
9.530000000000	-3.1110171027574e+02
9.560000000000	-3.0339674124096e+02
9.590000000000	-2.9579319083861e+02
9.620000000000	-2.8829533177388e+02
9.650000000000	-2.8090725484065e+02
9.680000000000	-2.7363286660174e+02
9.710000000000	-2.6647588727152e+02
9.740000000000	-2.5943984880165e+02
9.770000000000	-2.5252809317018e+02
9.800000000000	-2.4574377087349e+02
9.830000000000	-2.3908983962049e+02
9.860000000000	-2.3256906322751e+02
9.890000000000	-2.2618401071248e+02
9.920000000000	-2.1993705558629e+02
9.950000000000	-2.1383037533921e+02
9.980000000000	-2.0786595112001e+02
10.010000000000	-2.0204556760545e+02
10.040000000000	-1.9637081305790e+02
10.070000000000	-1.9084307956891e+02
10.100000000000	-1.8546356348719e+02
10.130000000000	-1.8023326589048e+02
10.160000000000	-1.7515299371331e+02
10.190000000000	-1.7022336055413e+02
10.220000000000	-1.6544478771505e+02
10.250000000000	-1.6081750562468e+02
10.280000000000	-1.5634155535571e+02
10.310000000000	-1.5201679032351e+02
10.340000000000	-1.4784287816554e+02
10.370000000000	-1.4381930280079e+02
10.400000000000	-1.3994536666838e+02
10.430000000000	-1.3622019314378e+02
10.460000000000	-1.3264272913095e+02
10.490000000000	-1.2921174782835e+02
10.520000000000	-1.2592585166646e+02
10.550000000000	-1.2278347541414e+02
10.580000000000	-1.1978288945091e+02
10.610000000000	-1.1692220320163e+02
10.640000000000	-1.1419936872974e+02
10.670000000000	-1.1161218448416e+02
10.700000000000	-1.0915829919452e+02
10.730000000000	-1.0683521590852e+02
10.760000000000	-1.0464029616427e+02
10.790000000000	-1.0257076429044e+02
10.820000000000	-1.0062371182617e+02
10.850000000000	-9.8796102053311e+01
10.880000000000	-9.7084774633299e+01
10.910000000000	-9.5486450341931e+01
10.940000000000	-9.3997735895580e+01
10.970000000000	-9.2615128863260e+01
11.000000000000	-9.1335022659367e+01
11.030000000000	-9.0153711612371e+01
11.060000000000	-8.9067396104928e+01
11.090000000000	-8.8072187780966e+01
11.120000000000	-8.7164114815282e+01
11.150000000000	-8.6339127241244e+01
11.180000000000	-8.5593102332326e+01
11.210000000000	-8.4921850033578e+01
11.240000000000	-8.4321118439596e+01
11.270000000000	-8.3786599316230e+01
11.300000000000	-8.3313933663821e+01
11.330000000000	-8.2898717320177e+01
11.360000000000	-8.2536506601518e+01
11.390000000000	-8.2222823979191e+01
11.420000000000	-8.1953163788934e+01
11.450000000000	-8.1722997968050e+01
11.480000000000	-8.1527781814073e+01
11.510000000000	-8.1362959756650e+01
11.540000000000	-8.1223971132794e+01
11.570000000000	-8.1106255954507e+01
11.600000000000	-8.1005260657351e+01
11.630000000000	-8.0916443818872e+01
11.660000000000	-8.0835281836838e+01
11.690000000000	-8.0757274558806e+01
11.720000000000	-8.0677950856339e+01
11.750000000000	-8.0592874138839e+01
11.780000000000	-8.0497647803299e+01
11.810000000000	-8.0387920616868e+01
11.840000000000	-8.0259392029185e+01
11.870000000000	-8.0107817410825e+01
11.900000000000	-7.9929013213359e+01
11.930000000000	-7.9718862045653e+01
11.960000000000	-7.9473317660602e+01
11.990000000000	-7.9188409846642e+01
12.020000000000	-7.8860249219381e+01
12.050000000000	-7.8485031910306e+01
12.080000000000	-7.8059044151625e+01
12.110000000000	-7.7578666758311e+01
12.140000000000	-7.7040379509977e+01
12.170000000000	-7.6440765435712e+01
12.200000000000	-7.5776515004311e+01
12.230000000000	-7.5044430220158e+01
12.260000000000	-7.4241428621865e+01
12.290000000000	-7.3364547176848e+01
12.320000000000	-7.2410946061280e+01
12.350000000000	-7.1377912311863e+01
12.380000000000	-7.0262863334401e+01
12.410000000000	-6.9063350254655e+01
12.440000000000	-6.7777061099436e+01
12.470000000000	-6.6401823800168e+01
12.500000000000	-6.4935609016400e+01
12.530000000000	-6.3376532782166e+01
12.560000000000	-6.1722858982586e+01
12.590000000000	-5.9973001670757e+01
12.620000000000	-5.8125527235274e+01
12.650000000000	-5.6179156426378e+01
12.680000000000	-5.4132766244279e+01
12.710000000000	-5.1985391687276e+01
12.740000000000	-4.9736227351302e+01
12.770000000000	-4.7384628867500e+01
12.800000000000	-4.4930114161733e+01
12.830000000000	-4.2372364520147e+01
12.860000000000	-3.9711225448374e+01
12.890000000000	-3.6946707318088e+01
12.920000000000	-3.4078985802534e+01
12.950000000000	-3.1108402110709e+01
12.980000000000	-2.8035463036666e+01
13.010000000000	-2.4860840844253e+01
13.040000000000	-2.1585373007772e+01
13.070000000000	-1.8210061824995e+01
13.100000000000	-1.4736073911431e+01
13.130000000000	-1.1164739574798e+01
13.160000000000	-7.4975520582282e+00
13.190000000000	-3.7361666318108e+00
13.220000000000	1.1760049341939e-01
13.250000000000	4.0617734557030e+00
13.280000000000	8.0942182590980e+00
13.310000000000	1.2212644529084e+01
13.340000000000	1.6414607507172e+01
13.370000000000	2.0697510270447e+01
13.400000000000	2.5058606149201e+01
13.430000000000	2.9495001306762e+01
13.460000000000	3.4003657442321e+01
13.490000000000	3.8581394580691e+01
13.520000000000	4.3224893922641e+01
13.550000000000	4.7930700744000e+01
13.580000000000	5.2695227348909e+01
13.610000000000	5.7514756099269e+01
13.640000000000	6.2385442555565e+01
13.670000000000	6.7303318771090e+01
13.700000000000	7.2264296780612e+01
13.730000000000	7.7264172315398e+01
13.760000000000	8.2298628760351e+01
13.790000000000	8.7363241348455e+01
13.820000000000	9.2453481566048e+01
13.850000000000	9.7564721723659e+01
13.880000000000	1.0269223963463e+02
13.910000000000	1.0783122334015e+02
13.940000000000	1.1297677582584e+02
13.970000000000	1.1812391969105e+02
14.000000000000	1.2326760175513e+02
14.030000000000	1.2840269761167e+02
14.060000000000	1.3352401616772e+02
14.090000000000	1.3862630422494e+02
14.120000000000	1.4370425117103e+02
14.150000000000	1.4875249384881e+02
14.180000000000	1.5376562165746e+02
14.210000000000	1.5873818191639e+02
14.240000000000	1.6366468549159e+02
14.270000000000	1.6853961264997e+02
14.300000000000	1.7335741907724e+02
14.330000000000	1.7811254197157e+02
14.360000000000	1.8279940611593e+02
14.390000000000	1.8741242983529e+02
14.420000000000	1.9194603076456e+02
14.450000000000	1.9639462065515e+02
14.480000000000	2.0075258592403e+02
14.510000000000	2.0501442372389e+02
14.540000000000	2.0917460216212e+02
14.570000000000	2.1322761448188e+02
14.600000000000	2.1716798405335e+02
14.630000000000	2.2099026952955e+02
14.660000000000	2.2468907023981e+02
14.690000000000	2.2825903185578e+02
14.720000000000	2.3169485231904e+02
14.750000000000	2.3499128797249e+02
14.780000000000	2.3814315979686e+02
14.810000000000	2.4114535962583e+02
14.840000000000	2.4399285620391e+02
14.870000000000	2.4668070096084e+02
14.900000000000	2.4920403340646e+02
14.930000000000	2.5155808609506e+02
14.960000000000	2.5373818916246e+02
14.990000000000	2.5573977449493e+02
15.020000000000	2.5755837963741e+02
15.050000000000	2.5918965158197e+02
15.080000000000	2.6062935059034e+02
15.110000000000	2.6187335419449e+02
15.140000000000	2.6291766148570e+02
15.170000000000	2.6375839775189e+02
15.200000000000	2.6439181945928e+02
15.230000000000	2.6481431950950e+02
15.260000000000	2.6502243264408e+02
15.290000000000	2.6501284082577e+02
15.320000000000	2.6478237840570e+02
15.350000000000	2.6432803689171e+02
15.380000000000	2.6364696916569e+02
15.410000000000	2.6273649305273e+02
15.440000000000	2.6159409421563e+02
15.470000000000	2.6021742842432e+02
15.500000000000	2.5860432332111e+02
15.530000000000	2.5675277985888e+02
15.560000000000	2.5466097362174e+02
15.590000000000	2.5232725624127e+02
15.620000000000	2.4975015709479e+02
15.650000000000	2.4692838541809e+02
15.680000000000	2.4386083289045e+02
15.710000000000	2.4054657666418e+02
15.740000000000	2.3698488272665e+02
15.770000000000	2.3317520941043e+02
15.800000000000	2.2911721081830e+02
15.830000000000	2.2481073991077e+02
15.860000000000	2.2025585101884e+02
15.890000000000	2.1545280159198e+02
15.920000000000	2.1040205306621e+02
15.950000000000	2.0510427082894e+02
15.980000000000	1.9956032335592e+02
16.010000000000	1.9377128068580e+02
16.040000000000	1.8773841246967e+02
16.070000000000	1.8146318587395e+02
16.100000000000	1.7494726362149e+02
16.130000000000	1.6819250242348e+02
16.160000000000	1.6120095198919e+02
16.190000000000	1.5397485470811e+02
16.220000000000	1.4651664599185e+02
16.250000000000	1.3882895515438e+02
16.280000000000	1.3091460661366e+02
16.310000000000	1.2277662112715e+02
16.340000000000	1.1441821673884e+02
16.370000000000	1.0584280912072e+02
16.400000000000	9.7054011037780e+01
16.430000000000	8.8055630747985e+01
16.460000000000	7.8851669256610e+01
16.490000000000	6.9446316465965e+01
16.520000000000	5.9843946381107e+01
16.550000000000	5.0049111634714e+01
16.580000000000	4.0066537666994e+01
16.610000000000	2.9901116929313e+01
16.640000000000	1.9557903468480e+01
16.670000000000	9.0421081928712e+00
16.700000000000	-1.6409049723482e+00
16.730000000000	-1.2485621954668e+01
16.760000000000	-2.3486380476188e+01
16.790000000000	-3.4637371246892e+01
16.820000000000	-4.5932638699777e+01
16.850000000000	-5.7366081637255e+01
16.880000000000	-6.8931454193926e+01
16.910000000000	-8.0622367508277e+01
16.940000000000	-9.2432292435952e+01
16.970000000000	-1.0435456353588e+02
17.000000000000	-1.1638238442940e+02
17.030000000000	-1.2850883448660e+02
17.060000000000	-1.4072687664984e+02
17.090000000000	-1.5302936607980e+02
17.120000000000	-1.6540905921823e+02
17.150000000000	-1.7785862281572e+02
17.180000000000	-1.9037064247803e+02
17.210000000000	-2.0293763034116e+02
17.240000000000	-2.1555203158701e+02
17.270000000000	-2.2820622964811e+02
17.300000000000	-2.4089255010551e+02
17.330000000000	-2.5360326344080e+02
17.360000000000	-2.6633058694466e+02
17.390000000000	-2.7906668619257e+02
17.420000000000	-2.9180367656166e+02
17.450000000000	-3.0453362527302e+02
17.480000000000	-3.1724855439906e+02
17.510000000000	-3.2994044518071e+02
17.540000000000	-3.4260124386336e+02
17.570000000000	-3.5522286909902e+02
17.600000000000	-3.6779722079239e+02
17.630000000000	-3.8031619010885e+02
17.660000000000	-3.9277167023133e+02
17.690000000000	-4.0515556736440e+02
17.720000000000	-4.1745981144876e+02
17.750000000000	-4.2967636607147e+02
17.780000000000	-4.4179723713548e+02
17.810000000000	-4.5381447997803e+02
17.840000000000	-4.6572020478823e+02
17.870000000000	-4.7750658035340e+02
17.900000000000	-4.8916583634097e+02
17.930000000000	-5.0069026448049e+02
17.960000000000	-5.1207221913084e+02
17.990000000000	-5.2330411778720e+02
18.020000000000	-5.3437844209452e+02
18.050000000000	-5.4528773988543e+02
18.080000000000	-5.5602462865649e+02
18.110000000000	-5.6658180074741e+02
18.140000000000	-5.7695203030830e+02
18.170000000000	-5.8712818194903e+02
18.200000000000	-5.9710322078177e+02
18.230000000000	-6.0687022341185e+02
18.260000000000	-6.1642238931951e+02
18.290000000000	-6.2575305201837e+02
18.320000000000	-6.3485568938045e+02
18.350000000000	-6.4372393258451e+02
18.380000000000	-6.5235157326609e+02
18.410000000000	-6.6073256861305e+02
18.440000000000	-6.6886104434339e+02
18.470000000000	-6.7673129570269e+02
18.500000000000	-6.8433778680751e+02
18.530000000000	-6.9167514881849e+02
18.560000000000	-6.9873817753801e+02
18.590000000000	-7.0552183107955e+02
18.620000000000	-7.1202122824469e+02
18.650000000000	-7.1823164816909e+02
18.680000000000	-7.2414853166828e+02
18.710000000000	-7.2976748453950e+02
18.740000000000	-7.3508428287481e+02
18.770000000000	-7.4009488023192e+02
18.800000000000	-7.4479541629322e+02
18.830000000000	-7.4918222658462e+02
18.860000000000	-7.5325185249637e+02
18.890000000000	-7.5700105099528e+02
18.920000000000	-7.6042680335523e+02
18.950000000000	-7.6352632228073e+02
18.980000000000	-7.6629705695719e+02
19.010000000000	-7.6873669573215e+02
19.040000000000	-7.7084316633784e+02
19.070000000000	-7.7261463378151e+02
19.100000000000	-7.7404949623523e+02
19.130000000000	-7.7514637943302e+02
19.160000000000	-7.7590413021202e+02
19.190000000000	-7.7632180990579e+02
19.220000000000	-7.7639868830279e+02
19.250000000000	-7.7613423882244e+02
19.280000000000	-7.7552813544006e+02
19.310000000000	-7.7458025172015e+02
19.340000000000	-7.7329066211284e+02
19.370000000000	-7.7165964544688e+02
19.400000000000	-7.6968769033690e+02
19.430000000000	-7.6737550203063e+02
19.460000000000	-7.6472401007195e+02
19.490000000000	-7.6173437606117e+02
19.520000000000	-7.5840800076389e+02
19.550000000000	-7.5474652985644e+02
19.580000000000	-7.5075185769680e+02
19.610000000000	-7.4642612866593e+02
19.640000000000	-7.4177173582135e+02
19.670000000000	-7.3679131682631e+02
19.700000000000	-7.3148774734321e+02
19.730000000000	-7.2586413229030e+02
19.760000000000	-7.1992379553670e+02
19.790000000000	-7.1367026873776e+02
19.820000000000	-7.0710728007915e+02
19.850000000000	-7.0023874369772e+02
19.880000000000	-6.9306875048114e+02
19.910000000000	-6.8560156082097e+02
19.940000000000	-6.7784159971686e+02
19.970000000000	-6.6979345441839e+02
20.000000000000	-6.6146187456299e+02
20.030000000000	-6.5285177454367e+02
20.060000000000	-6.4396823763752e+02
20.090000000000	-6.3481652126319e+02
20.120000000000	-6.2540206262527e+02
20.150000000000	-6.1573048395651e+02
20.180000000000	-6.0580759658804e+02
20.210000000000	-5.9563940316174e+02
20.240000000000	-5.8523209744117e+02
20.270000000000	-5.7459206136522e+02
20.300000000000	-5.6372585920673e+02
20.330000000000	-5.5264022892903e+02
20.360000000000	-5.4134207105624e+02
20.390000000000	-5.2983843557162e+02
20.420000000000	-5.1813650751427e+02
20.450000000000	-5.0624359204687e+02
20.480000000000	-4.9416709980597e+02
20.510000000000	-4.8191453332030e+02
20.540000000000	-4.6949347519241e+02
20.570000000000	-4.5691157859267e+02
20.600000000000	-4.4417656042465e+02
20.630000000000	-4.3129619730154e+02
20.660000000000	-4.1827832424326e+02
20.690000000000	-4.0513083578081e+02
20.720000000000	-3.9186168895724e+02
20.750000000000	-3.7847890755731e+02
20.780000000000	-3.6499058679492e+02
20.810000000000	-3.5140489764497e+02
20.840000000000	-3.3773009002887e+02
20.870000000000	-3.2397449414785e+02
20.900000000000	-3.1014651939937e+02
20.930000000000	-2.9625465049691e+02
20.960000000000	-2.8230744062946e+02
20.990000000000	-2.6831350172510e+02
21.020000000000	-2.5428149210751e+02
21.050000000000	-2.4022010203566e+02
21.080000000000	-2.2613803778181e+02
21.110000000000	-2.1204400501692e+02
21.140000000000	-1.9794669232806e+02
21.170000000000	-1.8385475568563e+02
21.200000000000	-1.6977680460824e+02
21.230000000000	-1.5572139064801e+02
21.260000000000	-1.4169699864578e+02
21.290000000000	-1.2771204099995e+02
21.320000000000	-1.1377485496841e+02
21.350000000000	-9.9893702798028e+01
21.380000000000	-8.6076774267009e+01
21.410000000000	-7.2332191048076e+01
21.440000000000	-5.8668012167258e+01
21.470000000000	-4.5092239754736e+01
21.500000000000	-3.1612824265558e+01
21.530000000000	-1.8237668390602e+01
21.560000000000	-4.9746289783778e+00
21.590000000000	8.1684835613722e+00
21.620000000000	2.1183908712164e+01
21.650000000000	3.4063942289384e+01
21.680000000000	4.6800945765868e+01
21.710000000000	5.9387358171660e+01
21.740000000000	7.1815710062129e+01
21.770000000000	8.4078638892369e+01
21.800000000000	9.6168905027532e+01
21.830000000000	1.0807940756569e+02
21.860000000000	1.1980319915579e+02
21.890000000000	1.3133349905755e+02
21.920000000000	1.4266370380758e+02
21.950000000000	1.5378739501830e+02
21.980000000000	1.6469834403139e+02
22.010000000000	1.7539051336176e+02
22.040000000000	1.8585805508565e+02
22.070000000000	1.9609530653304e+02
22.100000000000	2.0609678382468e+02
22.130000000000	2.1585717393579e+02
22.160000000000	2.2537132606231e+02
22.190000000000	2.3463424310469e+02
22.220000000000	2.4364107406697e+02
22.250000000000	2.5238710809605e+02
22.280000000000	2.6086777076357e+02
22.310000000000	2.6907862302923e+02
22.340000000000	2.7701536313108e+02
22.370000000000	2.8467383143883e+02
22.400000000000	2.9205001809492e+02
22.430000000000	2.9914007306965e+02
22.460000000000	3.0594031808387e+02
22.490000000000	3.1244725971788e+02
22.520000000000	3.1865760293667e+02
22.550000000000	3.2456826422530e+02
22.580000000000	3.3017638354618e+02
22.610000000000	3.3547933440046e+02
22.640000000000	3.4047473139437e+02
22.670000000000	3.4516043486855e+02
22.700000000000	3.4953455233513e+02
22.730000000000	3.5359543666946e+02
22.760000000000	3.5734168120855e+02
22.790000000000	3.6077211210224e+02
22.820000000000	3.6388577843359e+02
22.850000000000	3.6668194076073e+02
22.880000000000	3.6916005882521e+02
22.910000000000	3.7131977921520e+02
22.940000000000	3.7316092376431e+02
22.970000000000	3.7468347940879e+02
23.000000000000	3.7588759012061e+02
23.030000000000	3.7677355139081e+02
23.060000000000	3.7734180756338e+02
23.090000000000	3.7759295212826e+02
23.120000000000	3.7752773089496e+02
23.150000000000	3.7714704772602e+02
23.180000000000	3.7645197239348e+02
23.210000000000	3.7544375009263e+02
23.240000000000	3.7412381168222e+02
23.270000000000	3.7249378404662e+02
23.300000000000	3.7055549977538e+02
23.330000000000	3.6831100542937e+02
23.360000000000	3.6576256774641e+02
23.390000000000	3.6291267726289e+02
23.420000000000	3.5976404898379e+02
23.450000000000	3.5631961991161e+02
23.480000000000	3.5258254343344e+02
23.510000000000	3.4855618075355e+02
23.540000000000	3.4424408973395e+02
23.570000000000	3.3965001165783e+02
23.600000000000	3.3477785655034e+02
23.630000000000	3.2963168777125e+02
23.660000000000	3.2421570663065e+02
23.690000000000	3.1853423776902e+02
23.720000000000	3.1259171598880e+02
23.750000000000	3.0639267512914e+02
23.780000000000	2.9994173944509e+02
23.810000000000	2.9324361779545e+02
23.840000000000	2.8630310076897e+02
23.870000000000	2.7912506069799e+02
23.900000000000	2.7171445433205e+02
23.930000000000	2.6407632778238e+02
23.960000000000	2.5621582321100e+02
23.990000000000	2.4813818663312e+02
24.020000000000	2.3984877613513e+02
24.050000000000	2.3135306978563e+02
24.080000000000	2.2265667253559e+02
24.110000000000	2.1376532146370e+02
24.140000000000	2.0468488882080e+02
24.170000000000	1.9542138245677e+02
24.200000000000	1.8598094336643e+02
24.230000000000	1.7636984025871e+02
24.260000000000	1.6659446122544e+02
24.290000000000	1.5666130275294e+02
24.320000000000	1.4657695647080e+02
24.350000000000	1.3634809415988e+02
24.380000000000	1.2598145163824e+02
24.410000000000	1.1548381220375e+02
24.440000000000	1.0486199033378e+02
24.470000000000	9.4122816323170e+01
24.500000000000	8.3273122484603e+01
24.530000000000	7.2319731443490e+01
24.560000000000	6.1269446938290e+01
24.590000000000	5.0129047394056e+01
24.620000000000	3.8905282379983e+01
24.650000000000	2.7604871900089e+01
24.680000000000	1.6234508308472e+01
24.710000000000	4.8008604961371e+00
24.740000000000	-6.6894201273736e+00
24.770000000000	-1.8229692430394e+01
24.800000000000	-2.9813317769906e+01
24.830000000000	-4.1433652280376e+01
24.860000000000	-5.3084039894823e+01
24.890000000000	-6.4757806706136e+01
24.920000000000	-7.6448257197250e+01
24.950000000000	-8.8148672760547e+01
24.980000000000	-9.9852312796092e+01
25.010000000000	-1.1155241853254e+02
25.040000000000	-1.2324221956214e+02
25.070000000000	-1.3491494293017e+02
25.100000000000	-1.4656382447865e+02
25.130000000000	-1.5818212202050e+02
25.160000000000	-1.6976312982158e+02
25.190000000000	-1.8130019379767e+02
25.220000000000	-1.9278672679621e+02
25.250000000000	-2.0421622332904e+02
25.280000000000	-2.1558227315258e+02
25.310000000000	-2.2687857315399e+02
25.340000000000	-2.3809893709144e+02
25.370000000000	-2.4923730284936e+02
25.400000000000	-2.6028773699863e+02
25.430000000000	-2.7124443659086e+02
25.460000000000	-2.8210172825708e+02
25.490000000000	-2.9285406481773e+02
25.520000000000	-3.0349601973569e+02
25.550000000000	-3.1402227985023e+02
25.580000000000	-3.2442763691313e+02
25.610000000000	-3.3470697850314e+02
25.640000000000	-3.4485527892048e+02
25.670000000000	-3.5486759065606e+02
25.700000000000	-3.6473903699335e+02
25.730000000000	-3.7446480623420e+02
25.760000000000	-3.8404014794908e+02
25.790000000000	-3.9346037154033e+02
25.820000000000	-4.0272084728189e+02
25.850000000000	-4.1181700986564e+02
25.880000000000	-4.2074436435128e+02
25.910000000000	-4.2949849429020e+02
25.940000000000	-4.3807507167974e+02
25.970000000000	-4.4646986831037e+02
26.000000000000	-4.5467876799632e+02
26.030000000000	-4.6269777913644e+02
26.060000000000	-4.7052304703537e+02
26.090000000000	-4.7815086542843e+02
26.120000000000	-4.8557768669324e+02
26.150000000000	-4.9280013029703e+02
26.180000000000	-4.9981498911470e+02
26.210000000000	-5.0661923335673e+02
26.240000000000	-5.1321001196068e+02
26.270000000000	-5.1958465142177e+02
26.300000000000	-5.2574065215851e+02
26.330000000000	-5.3167568262578e+02
26.360000000000	-5.3738757149192e+02
26.390000000000	-5.4287429828532e+02
26.420000000000	-5.4813398298495e+02
26.450000000000	-5.5316487507427e+02
26.480000000000	-5.5796534259846e+02
26.510000000000	-5.6253386175800e+02
26.540000000000	-5.6686900753964e+02
26.570000000000	-5.7096944582850e+02
26.600000000000	-5.7483392736688e+02
26.630000000000	-5.7846128382907e+02
26.660000000000	-5.8185042617322e+02
26.690000000000	-5.8500034531552e+02
26.720000000000	-5.8791011505529e+02
26.750000000000	-5.9057889706815e+02
26.780000000000	-5.9300594768271e+02
26.810000000000	-5.9519062607067e+02
26.840000000000	-5.9713240341349e+02
26.870000000000	-5.9883087256425e+02
26.900000000000	-6.0028575770301e+02
26.930000000000	-6.0149692348714e+02
26.960000000000	-6.0246438322517e+02
26.990000000000	-6.0318830565070e+02
27.020000000000	-6.0366901993997e+02
27.050000000000	-6.0390701869852e+02
27.080000000000	-6.0390295873545e+02
27.110000000000	-6.0365765954409e+02
27.140000000000	-6.0317209951010e+02
27.170000000000	-6.0244740996892e+02
27.200000000000	-6.0148486732915e+02
27.230000000000	-6.0028588356250e+02
27.260000000000	-5.9885199543257e+02
27.290000000000	-5.9718485288813e+02
27.320000000000	-5.9528620708222e+02
27.350000000000	-5.9315789849227e+02
27.380000000000	-5.9080184560904e+02
27.410000000000	-5.8822003463335e+02
27.440000000000	-5.8541451057019e+02
27.470000000000	-5.8238737009818e+02
27.500000000000	-5.7914075618572e+02
27.530000000000	-5.7567685509709e+02
27.560000000000	-5.7199789541453e+02
27.590000000000	-5.6810614916208e+02
27.620000000000	-5.6400393489145e+02
27.650000000000	-5.5969362247965e+02
27.680000000000	-5.5517763932359e+02
27.710000000000	-5.5045847755762e+02
27.740000000000	-5.4553870187833e+02
27.770000000000	-5.4042095753996e+02
27.800000000000	-5.3510797808207e+02
27.830000000000	-5.2960259236963e+02
27.860000000000	-5.2390773056118e+02
27.890000000000	-5.1802642867254e+02
27.920000000000	-5.1196183146737e+02
27.950000000000	-5.0571719348020e+02
27.980000000000	-4.9929587805767e+02
28.010000000000	-4.9270135438806e+02
28.040000000000	-4.8593719257290e+02
28.070000000000	-4.7900705687577e+02
28.100000000000	-4.7191469735905e+02
28.130000000000	-4.6466394018616e+02
28.160000000000	-4.5725867692258e+02
28.190000000000	-4.4970285321177e+02
28.220000000000	-4.4200045722864e+02
28.250000000000	-4.3415550832410e+02
28.280000000000	-4.2617204626604e+02
28.310000000000	-4.1805412145754e+02
28.340000000000	-4.0980578647012e+02
28.370000000000	-4.0143108917238e+02
28.400000000000	-3.9293406766358e+02
28.430000000000	-3.8431874714108e+02
28.460000000000	-3.7558913874504e+02
28.490000000000	-3.6674924033579e+02
28.520000000000	-3.5780303907561e+02
28.550000000000	-3.4875451560914e+02
28.580000000000	-3.3960764957101e+02
28.610000000000	-3.3036642609675e+02
28.640000000000	-3.2103484297736e+02
28.670000000000	-3.1161691807837e+02
28.700000000000	-3.0211669664233e+02
28.730000000000	-2.9253825810759e+02
28.760000000000	-2.8288572210502e+02
28.790000000000	-2.7316325333511e+02
28.820000000000	-2.6337506507956e+02
28.850000000000	-2.5352542115964e+02
28.880000000000	-2.4361863621767e+02
28.910000000000	-2.3365907426446e+02
28.940000000000	-2.2365114550243e+02
28.970000000000	-2.1359930150003e+02
29.000000000000	-2.0350802885561e+02
29.030000000000	-1.9338184154649e+02
29.060000000000	-1.8322527220989e+02
29.090000000000	-1.7304286264501e+02
29.120000000000	-1.6283915385799e+02
29.150000000000	-1.5261867599202e+02
29.180000000000	-1.4238593849260e+02
29.210000000000	-1.3214542085123e+02
29.240000000000	-1.2190156424989e+02
29.270000000000	-1.1165876439325e+02
29.300000000000	-1.0142136576687e+02
29.330000000000	-9.1193657500387e+01
29.360000000000	-8.0979870945931e+01
29.390000000000	-7.0784179009035e+01
29.420000000000	-6.0610697194321e+01
29.450000000000	-5.0463486256066e+01
29.480000000000	-4.0346556277774e+01
29.510000000000	-3.0263871948443e+01
29.540000000000	-2.0219358758860e+01
29.570000000000	-1.0216909810853e+01
29.600000000000	-2.6039291645375e-01
29.630000000000	9.6463423375250e+00
29.660000000000	1.9499457872251e+01
29.690000000000	2.9295121036097e+01
29.720000000000	3.9029499416417e+01
29.750000000000	4.8698756759406e+01
29.780000000000	5.8299050167901e+01
29.810000000000	6.7826528698081e+01
29.840000000000	7.7277333425577e+01
29.870000000000	8.6647599000665e+01
29.900000000000	9.5933456662251e+01
29.930000000000	1.0513103863170e+02
29.960000000000	1.1423648376135e+02
29.990000000000	1.2324594426924e+02
30.020000000000	1.3215559335251e+02
30.050000000000	1.4096163343834e+02
30.080000000000	1.4966030480392e+02
30.110000000000	1.5824789427931e+02
30.140000000000	1.6672074373781e+02
30.170000000000	1.7507525808202e+02
30.200000000000	1.8330791244890e+02
30.230000000000	1.9141525838469e+02
30.260000000000	1.9939392878047e+02
30.290000000000	2.0724064140923e+02
30.320000000000	2.1495220096355e+02
30.350000000000	2.2252549955700e+02
30.380000000000	2.2995751571740e+02
30.410000000000	2.3724531196378e+02
30.440000000000	2.4438603111711e+02
30.470000000000	2.5137689154400e+02
30.500000000000	2.5821518157152e+02
30.530000000000	2.6489825333671e+02
30.560000000000	2.7142351634750e+02
30.590000000000	2.7778843103160e+02
30.620000000000	2.8399050253834e+02
30.650000000000	2.9002727503741e+02
30.680000000000	2.9589632672982e+02
30.710000000000	3.0159526575264e+02
30.740000000000	3.0712172712271e+02
30.770000000000	3.1247337082660e+02
30.800000000000	3.1764788112682e+02
30.830000000000	3.2264296711735e+02
30.860000000000	3.2745636452645e+02
30.890000000000	3.3208583873005e+02
30.920000000000	3.3652918890555e+02
30.950000000000	3.4078425322331e+02
30.980000000000	3.4484891494064e+02
31.010000000000	3.4872110923274e+02
31.040000000000	3.5239883056662e+02
31.070000000000	3.5588014039904e+02
31.100000000000	3.5916317496088e+02
31.130000000000	3.6224615287811e+02
31.160000000000	3.6512738237758e+02
31.190000000000	3.6780526783374e+02
31.220000000000	3.7027831543236e+02
31.250000000000	3.7254513775848e+02
31.280000000000	3.7460445715763e+02
31.310000000000	3.7645510776969e+02
31.340000000000	3.7809603619135e+02
31.370000000000	3.7952630078186e+02
31.400000000000	3.8074506968512e+02
31.430000000000	3.8175161769463e+02
31.460000000000	3.8254532213340e+02
31.490000000000	3.8312565795671e+02
31.520000000000	3.8349219230879e+02
31.550000000000	3.8364457877561e+02
31.580000000000	3.8358255157466e+02
31.610000000000	3.8330591991044e+02
31.640000000000	3.8281456270364e+02
31.670000000000	3.8210842387472e+02
31.700000000000	3.8118750833175e+02
31.730000000000	3.8005187878057e+02
31.760000000000	3.7870165344351e+02
31.790000000000	3.7713700477165e+02
31.820000000000	3.7535815908673e+02
31.850000000000	3.7336539720944e+02
31.880000000000	3.7115905624788e+02
31.910000000000	3.6873953217773e+02
31.940000000000	3.6610728336463e+02
31.970000000000	3.6326283490486e+02
32.000000000000	3.6020678368317e+02
32.030000000000	3.5693980402315e+02
32.060000000000	3.5346265378076e+02
32.090000000000	3.4977618070844e+02
32.120000000000	3.4588132889697e+02
32.150000000000	3.4177914508688e+02
32.180000000000	3.3747078463348e+02
32.210000000000	3.3295751691108e+02
32.240000000000	3.2824072995414e+02
32.270000000000	3.2332193415622e+02
32.300000000000	3.1820276488141e+02
32.330000000000	3.1288498388594e+02
32.360000000000	3.0737047949734e+02
32.390000000000	3.0166126555194e+02
32.420000000000	2.9575947914465e+02
32.450000000000	2.8966737729549e+02
32.480000000000	2.8338733267990e+02
32.510000000000	2.7692182860383e+02
32.540000000000	2.7027345342687e+02
32.570000000000	2.6344489464658e+02
32.600000000000	2.5643893285569e+02
32.630000000000	2.4925843577127e+02
32.660000000000	2.4190635251432e+02
32.690000000000	2.3438570829160e+02
32.720000000000	2.2669959960194e+02
32.750000000000	2.1885119005951e+02
32.780000000000	2.1084370689902e+02
32.810000000000	2.0268043820354e+02
32.840000000000	1.9436473087666e+02
32.870000000000	1.8589998936512e+02
32.900000000000	1.7728967512715e+02
32.930000000000	1.6853730683226e+02
32.960000000000	1.5964646126958e+02
32.990000000000	1.5062077493208e+02
33.020000000000	1.4146394623131e+02
33.050000000000	1.3217973828121e+02
33.080000000000	1.2277198216993e+02
33.110000000000	1.1324458061574e+02
33.140000000000	1.0360151187913e+02
33.170000000000	9.3846833779621e+01
33.200000000000	8.3984687645505e+01
33.230000000000	7.4019302010468e+01
33.260000000000	6.3954995864852e+01
33.290000000000	5.3796181273319e+01
33.320000000000	4.3547365185967e+01
33.350000000000	3.3213150296283e+01
33.380000000000	2.2798234835784e+01
33.410000000000	1.2307411239806e+01
33.440000000000	1.7455636685663e+00
33.470000000000	-8.8823355812447e+00
33.500000000000	-1.9571230689807e+01
33.530000000000	-3.0315987824621e+01
33.560000000000	-4.1111401385559e+01
33.590000000000	-5.1952200798460e+01
33.620000000000	-6.2833057659780e+01
33.650000000000	-7.3748593035885e+01
33.680000000000	-8.4693384732644e+01
33.710000000000	-9.5661974372484e+01
33.740000000000	-1.0664887414389e+02
33.770000000000	-1.1764857311960e+02
33.800000000000	-1.2865554307106e+02
33.830000000000	-1.3966424373538e+02
33.860000000000	-1.5066912751464e+02
33.890000000000	-1.6166464360515e+02
33.920000000000	-1.7264524156466e+02
33.950000000000	-1.8360537433038e+02
33.980000000000	-1.9453950070085e+02
34.010000000000	-2.0544208729183e+02
34.040000000000	-2.1630760997374e+02
34.070000000000	-2.2713055479748e+02
34.100000000000	-2.3790541841875e+02
34.130000000000	-2.4862670804000e+02
34.160000000000	-2.5928894090376e+02
34.190000000000	-2.6988664339165e+02
34.220000000000	-2.8041434980791e+02
34.250000000000	-2.9086660095248e+02
34.280000000000	-3.0123794261457e+02
34.310000000000	-3.1152292413947e+02
34.340000000000	-3.2171609723645e+02
34.370000000000	-3.3181201520139e+02
34.400000000000	-3.4180523272309e+02
34.430000000000	-3.5169030642532e+02
34.460000000000	-3.6146179626910e+02
34.490000000000	-3.7111426790190e+02
34.520000000000	-3.8064229599605e+02
34.550000000000	-3.9004046856971e+02
34.580000000000	-3.9930339223496e+02
34.610000000000	-4.0842569827268e+02
34.640000000000	-4.1740204939519e+02
34.670000000000	-4.2622714702967e+02
34.700000000000	-4.3489573893913e+02
34.730000000000	-4.4340262699330e+02
34.760000000000	-4.5174267491038e+02
34.790000000000	-4.5991081580950e+02
34.820000000000	-4.6790205944021e+02
34.850000000000	-4.7571149898788e+02
34.880000000000	-4.8333431738699e+02
34.910000000000	-4.9076579310645e+02
34.940000000000	-4.9800130539818e+02
34.970000000000	-5.0503633902068e+02
35.000000000000	-5.1186648846192e+02
35.030000000000	-5.1848746168989e+02
35.060000000000	-5.2489508345674e+02
35.090000000000	-5.3108529817341e+02
35.120000000000	-5.3705417236062e+02
35.150000000000	-5.4279789667018e+02
35.180000000000	-5.4831278746131e+02
35.210000000000	-5.5359528791245e+02
35.240000000000	-5.5864196865161e+02
35.270000000000	-5.6344952789833e+02
35.300000000000	-5.6801479112830e+02
35.330000000000	-5.7233471029554e+02
35.360000000000	-5.7640636267599e+02
35.390000000000	-5.8022694942601e+02
35.420000000000	-5.8379379397834e+02
35.450000000000	-5.8710434042106e+02
35.480000000000	-5.9015615202144e+02
35.510000000000	-5.9294691006146e+02
35.540000000000	-5.9547441314597e+02
35.570000000000	-5.9773657712575e+02
35.600000000000	-5.9973143574831e+02
35.630000000000	-6.0145714211010e+02
35.660000000000	-6.0291197093818e+02
35.690000000000	-6.0409432168088e+02
35.720000000000	-6.0500272233912e+02
35.750000000000	-6.0563583392726e+02
35.780000000000	-6.0599245541723e+02
35.810000000000	-6.0607152899587e+02
35.840000000000	-6.0587214545379e+02
35.870000000000	-6.0539354952549e+02
35.900000000000	-6.0463514501415e+02
35.930000000000	-6.0359649955874e+02
35.960000000000	-6.0227734893299e+02
35.990000000000	-6.0067760080171e+02
36.020000000000	-5.9879733789714e+02
36.050000000000	-5.9663682061195e+02
36.080000000000	-5.9419648903342e+02
36.110000000000	-5.9147696446381e+02
36.140000000000	-5.8847905043052e+02
36.170000000000	-5.8520373349405e+02
36.200000000000	-5.8165218341444e+02
36.230000000000	-5.7782575316745e+02
36.260000000000	-5.7372597862109e+02
36.290000000000	-5.6935457789224e+02
36.320000000000	-5.6471345036156e+02
36.350000000000	-5.5980467530700e+02
36.380000000000	-5.5463051010966e+02
36.410000000000	-5.4919338798775e+02
36.440000000000	-5.4349591522581e+02
36.470000000000	-5.3754086788649e+02
36.500000000000	-5.3133118801938e+02
36.530000000000	-5.2486997941330e+02
36.560000000000	-5.1816050297216e+02
36.590000000000	-5.1120617182604e+02
36.620000000000	-5.0401054631588e+02
36.650000000000	-4.9657732900832e+02
36.680000000000	-4.8891035990500e+02
36.710000000000	-4.8101361200658e+02
36.740000000000	-4.7289118737483e+02
36.770000000000	-4.6454731380866e+02
36.800000000000	-4.5598634221200e+02
36.830000000000	-4.4721274468766e+02
36.860000000000	-4.3823111334393e+02
36.890000000000	-4.2904615975391e+02
36.920000000000	-4.1966271496582e+02
36.950000000000	-4.1008572992791e+02
36.980000000000	-4.0032027616850e+02
37.010000000000	-3.9037154656005e+02
37.040000000000	-3.8024485599792e+02
37.070000000000	-3.6994564183848e+02
37.100000000000	-3.5947946396564e+02
37.130000000000	-3.4885200438747e+02
37.160000000000	-3.3806906630140e+02
37.190000000000	-3.2713657260522e+02
37.220000000000	-3.1606056386589e+02
37.250000000000	-3.0484719578857e+02
37.280000000000	-2.9350273624948e+02
37.310000000000	-2.8203356196769e+02
37.340000000000	-2.7044615489221e+02
37.370000000000	-2.5874709837198e+02
37.400000000000	-2.4694307315928e+02
37.430000000000	-2.3504085327430e+02
37.460000000000	-2.2304730173279e+02
37.490000000000	-2.1096936611370e+02
37.520000000000	-1.9881407392172e+02
37.550000000000	-1.8658852768463e+02
37.580000000000	-1.7429989971873e+02
37.610000000000	-1.6195542649863e+02
37.640000000000	-1.4956240258104e+02
37.670000000000	-1.3712817405462e+02
37.700000000000	-1.2466013151762e+02
37.730000000000	-1.1216570261999e+02
37.760000000000	-9.9652344242880e+01
37.790000000000	-8.7127534422877e+01
37.820000000000	-7.4598764157833e+01
37.850000000000	-6.2073529252215e+01
37.880000000000	-4.9559322370375e+01
37.910000000000	-3.7063625464630e+01
37.940000000000	-2.4593902731032e+01
37.970000000000	-1.2157594219806e+01
38.000000000000	2.3788980836157e-01
38.030000000000	1.2585173732361e+01
38.060000000000	2.4876920626394e+01
38.090000000000	3.7105835568338e+01
38.120000000000	4.9264668291546e+01
38.150000000000	6.1346215307881e+01
38.180000000000	7.3343321656444e+01
38.210000000000	8.5248882447310e+01
38.240000000000	9.7055844371299e+01
38.270000000000	1.0875720733569e+02
38.300000000000	1.2034602636297e+02
38.330000000000	1.3181541385791e+02
38.360000000000	1.4315854230995e+02
38.390000000000	1.5436864745713e+02
38.420000000000	1.6543903189801e+02
38.450000000000	1.7636306910303e+02
38.480000000000	1.8713420774891e+02
38.510000000000	1.9774597628193e+02
38.540000000000	2.0819198760918e+02
38.570000000000	2.1846594382070e+02
38.600000000000	2.2856164086009e+02
38.630000000000	2.3847297308371e+02
38.660000000000	2.4819393767680e+02
38.690000000000	2.5771863892588e+02
38.720000000000	2.6704129237674e+02
38.750000000000	2.7615622893337e+02
38.780000000000	2.8505789897245e+02
38.810000000000	2.9374087655833e+02
38.840000000000	3.0219986384353e+02
38.870000000000	3.1042969572919e+02
38.900000000000	3.1842534483989e+02
38.930000000000	3.2618192683830e+02
38.960000000000	3.3369470607100e+02
38.990000000000	3.4095910149950e+02
39.020000000000	3.4797069283348e+02
39.050000000000	3.5472522675041e+02
39.080000000000	3.6121862305959e+02
39.110000000000	3.6744698065165e+02
39.140000000000	3.7340658306948e+02
39.170000000000	3.7909390354302e+02
39.200000000000	3.8450560934902e+02
39.230000000000	3.8963856538645e+02
39.260000000000	3.9448983689639e+02
39.290000000000	3.9905669129951e+02
39.320000000000	4.0333659917025e+02
39.350000000000	4.0732723441267e+02
39.380000000000	4.1102647374285e+02
39.410000000000	4.1443239561525e+02
39.440000000000	4.1754327875235e+02
39.470000000000	4.2035760044626e+02
39.500000000000	4.2287403479774e+02
39.530000000000	4.2509145104287e+02
39.560000000000	4.2700891209067e+02
39.590000000000	4.2862567336108e+02
39.620000000000	4.2994118197226e+02
39.650000000000	4.3095507628532e+02
39.680000000000	4.3166718577485e+02
39.710000000000	4.3207753115949e+02
39.740000000000	4.3218632470112e+02
39.770000000000	4.3199397056505e+02
39.800000000000	4.3150106512931e+02
39.830000000000	4.3070839713758e+02
39.860000000000	4.2961694760751e+02
39.890000000000	4.2822788943137e+02
39.920000000000	4.2654258663742e+02
39.950000000000	4.2456259331440e+02
39.980000000000	4.2228965223502e+02
40.010000000000	4.1972569324469e+02
40.040000000000	4.1687283150479e+02
40.070000000000	4.1373336569490e+02
40.100000000000	4.1030977628319e+02
40.130000000000	4.0660472396765e+02
40.160000000000	4.0262104837485e+02
40.190000000000	3.9836176707672e+02
40.220000000000	3.9383007495316e+02
40.250000000000	3.8902934389050e+02
40.280000000000	3.8396312276680e+02
40.310000000000	3.7863513763733e+02
40.340000000000	3.7304929200112e+02
40.370000000000	3.6720966700418e+02
40.400000000000	3.6112052142004e+02
40.430000000000	3.5478629124445e+02
40.460000000000	3.4821158872942e+02
40.490000000000	3.4140120079980e+02
40.520000000000	3.3436008666459e+02
40.550000000000	3.2709337452382e+02
40.580000000000	3.1960635748198e+02
40.610000000000	3.1190448860252e+02
40.640000000000	3.0399337519643e+02
40.670000000000	2.9587877245733e+02
40.700000000000	2.8756657658767e+02
40.730000000000	2.7906281758293e+02
40.760000000000	2.7037365185032e+02
40.790000000000	2.6150535483551e+02
40.820000000000	2.5246431381562e+02
40.850000000000	2.4325702099026e+02
40.880000000000	2.3389006696717e+02
40.910000000000	2.2437013469864e+02
40.940000000000	2.1470399388173e+02
40.970000000000	2.0489849579351e+02
41.000000000000	1.9496056849631e+02
41.030000000000	1.8489721231799e+02
41.060000000000	1.7471549549357e+02
41.090000000000	1.6442254984574e+02
41.120000000000	1.5402556638558e+02
41.150000000000	1.4353179072880e+02
41.180000000000	1.3294851824624e+02
41.210000000000	1.2228308889844e+02
41.240000000000	1.1154288173881e+02
41.270000000000	1.0073530910633e+02
41.300000000000	8.9867810563091e+01
41.330000000000	7.8947846661744e+01
41.360000000000	6.7982892650210e+01
41.390000000000	5.6980432234523e+01
41.420000000000	4.5947951523768e+01
41.450000000000	3.4892933273728e+01
41.480000000000	2.3822851528533e+01
41.510000000000	1.2745166733432e+01
41.540000000000	1.6673213588040e+00
41.570000000000	-9.4032639618138e+00
41.600000000000	-2.0459193816052e+01
41.630000000000	-3.1493100993311e+01
41.660000000000	-4.2497649169160e+01
41.690000000000	-5.3465535427629e+01
41.720000000000	-6.4389492773145e+01
41.750000000000	-7.5262292790819e+01
41.780000000000	-8.6076748609551e+01
41.810000000000	-9.6825718306585e+01
41.840000000000	-1.0750210886609e+02
41.870000000000	-1.1809888076930e+02
41.900000000000	-1.2860905325258e+02
41.930000000000	-1.3902571022494e+02
41.960000000000	-1.4934200679170e+02
41.990000000000	-1.5955117628932e+02
42.020000000000	-1.6964653770114e+02
42.050000000000	-1.7962150329722e+02
42.080000000000	-1.8946958632629e+02
42.110000000000	-1.9918440858453e+02
42.140000000000	-2.0875970769494e+02
42.170000000000	-2.1818934395175e+02
42.200000000000	-2.2746730661461e+02
42.230000000000	-2.3658771957477e+02
42.260000000000	-2.4554484635771e+02
42.290000000000	-2.5433309446896e+02
42.320000000000	-2.6294701913033e+02
42.350000000000	-2.7138132648822e+02
42.380000000000	-2.7963087640246e+02
42.410000000000	-2.8769068494020e+02
42.440000000000	-2.9555592670538e+02
42.470000000000	-3.0322193712823e+02
42.500000000000	-3.1068421482392e+02
42.530000000000	-3.1793842410469e+02
42.560000000000	-3.2498039769883e+02
42.590000000000	-3.3180613969503e+02
42.620000000000	-3.3841182869501e+02
42.650000000000	-3.4479382112275e+02
42.680000000000	-3.5094865460957e+02
42.710000000000	-3.5687305135077e+02
42.740000000000	-3.6256392131500e+02
42.770000000000	-3.6801836518206e+02
42.800000000000	-3.7323367688861e+02
42.830000000000	-3.7820734567525e+02
42.860000000000	-3.8293705755005e+02
42.890000000000	-3.8742069611239e+02
42.920000000000	-3.9165634271505e+02
42.950000000000	-3.9564227597839e+02
42.980000000000	-3.9937697070777e+02
43.010000000000	-4.0285909629879e+02
43.040000000000	-4.0608751474522e+02
43.070000000000	-4.0906127838618e+02
43.100000000000	-4.1177962754376e+02
43.130000000000	-4.1424198820555e+02
43.160000000000	-4.1644796990074e+02
43.190000000000	-4.1839736390113e+02
43.220000000000	-4.2009014185294e+02
43.250000000000	-4.2152645491098e+02
43.280000000000	-4.2270663340772e+02
43.310000000000	-4.2363118704750e+02
43.340000000000	-4.2430080557394e+02
43.370000000000	-4.2471635981983e+02
43.400000000000	-4.2487890301579e+02
43.430000000000	-4.2478967220987e+02
43.460000000000	-4.2445008963583e+02
43.490000000000	-4.2386176386592e+02
43.520000000000	-4.2302649059249e+02
43.550000000000	-4.2194625290327e+02
43.580000000000	-4.2062322094429e+02
43.610000000000	-4.1905975090106e+02
43.640000000000	-4.1725838326918e+02
43.670000000000	-4.1522184042751e+02
43.700000000000	-4.1295302356651e+02
43.730000000000	-4.1045500905939e+02
43.760000000000	-4.0773104439034e+02
43.790000000000	-4.0478454377235e+02
43.820000000000	-4.0161908359413e+02
43.850000000000	-3.9823839783239e+02
43.880000000000	-3.9464637355245e+02
43.910000000000	-3.9084704659772e+02
43.940000000000	-3.8684459753986e+02
43.970000000000	-3.8264334792788e+02
44.000000000000	-3.7824775683911e+02
44.030000000000	-3.7366241770037e+02
44.060000000000	-3.6889205531615e+02
44.090000000000	-3.6394152301444e+02
44.120000000000	-3.5881579980152e+02
44.150000000000	-3.5351998740603e+02
44.180000000000	-3.4805930709008e+02
44.210000000000	-3.4243909611176e+02
44.240000000000	-3.3666480373818e+02
44.270000000000	-3.3074198673019e+02
44.300000000000	-3.2467630424816e+02
44.330000000000	-3.1847351216074e+02
44.360000000000	-3.1213945677283e+02
44.390000000000	-3.0568006802420e+02
44.420000000000	-2.9910135224284e+02
44.450000000000	-2.9240938456560e+02
44.480000000000	-2.8561030116172e+02
44.510000000000	-2.7871029140908e+02
44.540000000000	-2.7171559017970e+02
44.570000000000	-2.6463247038674e+02
44.600000000000	-2.5746723593248e+02
44.630000000000	-2.5022621517404e+02
44.660000000000	-2.4291575499352e+02
44.690000000000	-2.3554221552269e+02
44.720000000000	-2.2811196553238e+02
44.750000000000	-2.2063137845511e+02
44.780000000000	-2.1310682897116e+02
44.810000000000	-2.0554469006460e+02
44.840000000000	-1.9795133033532e+02
44.870000000000	-1.9033311160116e+02
44.900000000000	-1.8269638642244e+02
44.930000000000	-1.7504749550528e+02
44.960000000000	-1.6739276481670e+02
44.990000000000	-1.5973850229358e+02
45.020000000000	-1.5209099405927e+02
45.050000000000	-1.4445650010025e+02
45.080000000000	-1.3684124939565e+02
45.110000000000	-1.2925143453325e+02
45.140000000000	-1.2169320588255e+02
45.170000000000	-1.1417266542738e+02
45.200000000000	-1.0669586038325e+02
45.230000000000	-9.9268776738911e+01
45.260000000000	-9.1897332864930e+01
45.290000000000	-8.4587373325738e+01
45.320000000000	-7.7344663015680e+01
45.350000000000	-7.0174881716231e+01
45.380000000000	-6.3083619142043e+01
45.410000000000	-5.6076370510656e+01
45.440000000000	-4.9158532636633e+01
45.470000000000	-4.2335400517951e+01
45.500000000000	-3.5612164352929e+01
45.530000000000	-2.8993906901332e+01
45.560000000000	-2.2485601085160e+01
45.590000000000	-1.6092107713740e+01
45.620000000000	-9.8181732145318e+00
45.650000000000	-3.6684272555703e+00
45.680000000000	2.3526198427412e+00
45.710000000000	8.2405799905700e+00
45.740000000000	1.3991190566791e+01
45.770000000000	1.9600318045028e+01
45.800000000000	2.5063962010050e+01
45.830000000000	3.0378259535759e+01
45.860000000000	3.5539489865519e+01
45.890000000000	4.0544079307618e+01
45.920000000000	4.5388606234877e+01
45.950000000000	5.0069806059307e+01
45.980000000000	5.4584576041523e+01
46.010000000000	5.8929979791518e+01
46.040000000000	6.3103251322630e+01
46.070000000000	6.7101798534396e+01
46.100000000000	7.0923206021901e+01
46.130000000000	7.4565237138045e+01
46.160000000000	7.8025835269451e+01
46.190000000000	8.1303124324268e+01
46.220000000000	8.4395408468674e+01
46.250000000000	8.7301171185663e+01
46.280000000000	9.0019073762360e+01
46.310000000000	9.2547953338101e+01
46.340000000000	9.4886820663126e+01
46.370000000000	9.7034857725293e+01
46.400000000000	9.8991415399533e+01
46.430000000000	1.0075601126153e+02
46.460000000000	1.0232832768461e+02
46.490000000000	1.0370821030840e+02
46.520000000000	1.0489566693232e+02
46.550000000000	1.0589086684772e+02
46.580000000000	1.0669414058445e+02
46.610000000000	1.0730598001113e+02
46.640000000000	1.0772703869792e+02
46.670000000000	1.0795813242713e+02
46.700000000000	1.0800023972234e+02
46.730000000000	1.0785450226137e+02
46.760000000000	1.0752222504257e+02
46.790000000000	1.0700487618707e+02
46.820000000000	1.0630408627963e+02
46.850000000000	1.0542164717705e+02
46.880000000000	1.0435951024285e+02
46.910000000000	1.0311978399824e+02
46.940000000000	1.0170473121024e+02
46.970000000000	1.0011676546640e+02
47.000000000000	9.8358447310141e+01
47.030000000000	9.6432480030164e+01
47.060000000000	9.4341705210876e+01
47.090000000000	9.2089098158178e+01
47.120000000000	8.9677763315603e+01
47.150000000000	8.7110929780533e+01
47.180000000000	8.4391947019229e+01
47.210000000000	8.1524280863345e+01
47.240000000000	7.8511509850353e+01
47.270000000000	7.5357321946853e+01
47.300000000000	7.2065511667965e+01
47.330000000000	6.8639977579162e+01
47.360000000000	6.5084720140238e+01
47.390000000000	6.1403839825708e+01
47.420000000000	5.7601535433460e+01
47.450000000000	5.3682102474866e+01
47.480000000000	4.9649931526386e+01
47.510000000000	4.5509506415787e+01
47.540000000000	4.1265402116441e+01
47.570000000000	3.6922282230997e+01
47.600000000000	3.2484895961303e+01
47.630000000000	2.7958074483993e+01
47.660000000000	2.3346726679791e+01
47.690000000000	1.8655834197761e+01
47.720000000000	1.3890445871337e+01
47.750000000000	9.0556715389563e+00
47.780000000000	4.1566753558043e+00
47.810000000000	-8.0133128761444e-01
47.840000000000	-5.8130971018940e+00
47.870000000000	-1.0873338337914e+01
47.900000000000	-1.5976746172111e+01
47.930000000000	-2.1117993886661e+01
47.960000000000	-2.6291743708733e+01
47.990000000000	-3.1492653196771e+01
48.020000000000	-3.6715381092756e+01
48.050000000000	-4.1954592594877e+01
48.080000000000	-4.7204964042853e+01
48.110000000000	-5.2461187045224e+01
48.140000000000	-5.7717972111990e+01
48.170000000000	-6.2970051884372e+01
48.200000000000	-6.8212184074721e+01
48.230000000000	-7.3439154242109e+01
48.260000000000	-7.8645778532835e+01
48.290000000000	-8.3826906509602e+01
48.320000000000	-8.8977424179811e+01
48.350000000000	-9.4092257313143e+01
48.380000000000	-9.9166375113570e+01
48.410000000000	-1.0419479428254e+02
48.440000000000	-1.0917258348102e+02
48.470000000000	-1.1409486816955e+02
48.500000000000	-1.1895683577962e+02
48.530000000000	-1.2375374114771e+02
48.560000000000	-1.2848091212581e+02
48.590000000000	-1.3313375527053e+02
48.620000000000	-1.3770776150603e+02
48.650000000000	-1.4219851165498e+02
48.680000000000	-1.4660168173553e+02
48.710000000000	-1.5091304793032e+02
48.740000000000	-1.5512849114592e+02
48.770000000000	-1.5924400109645e+02
48.800000000000	-1.6325567986316e+02
48.830000000000	-1.6715974490216e+02
48.860000000000	-1.7095253149373e+02
48.890000000000	-1.7463049464934e+02
48.920000000000	-1.7819021051454e+02
48.950000000000	-1.8162837732722e+02
48.980000000000	-1.8494181601038e+02
49.010000000000	-1.8812747049489e+02
49.040000000000	-1.9118240788033e+02
49.070000000000	-1.9410381854942e+02
49.100000000000	-1.9688901635322e+02
49.130000000000	-1.9953543899491e+02
49.160000000000	-2.0204064864669e+02
49.190000000000	-2.0440233297651e+02
49.220000000000	-2.0661830661077e+02
49.250000000000	-2.0868651301906e+02
49.280000000000	-2.1060502686092e+02
49.310000000000	-2.1237205674815e+02
49.340000000000	-2.1398594835488e+02
49.370000000000	-2.1544518777892e+02
49.400000000000	-2.1674840503415e+02
49.430000000000	-2.1789437753742e+02
49.460000000000	-2.1888203344539e+02
49.490000000000	-2.1971045469778e+02
49.520000000000	-2.2037887963428e+02
49.550000000000	-2.2088670507068e+02
49.580000000000	-2.2123348774681e+02
49.610000000000	-2.2141894508981e+02
49.640000000000	-2.2144295527177e+02
49.670000000000	-2.2130555657607e+02
49.700000000000	-2.2100694612080e+02
49.730000000000	-2.2054747801741e+02
49.760000000000	-2.1992766106684e+02
49.790000000000	-2.1914815611165e+02
49.820000000000	-2.1820977317100e+02
49.850000000000	-2.1711346848545e+02
49.880000000000	-2.1586034159002e+02
49.910000000000	-2.1445163251943e+02
49.940000000000	-2.1288871922860e+02
49.970000000000	-2.1117311528732e+02
50.000000000000	-2.0930646788195e+02
50.030000000000	-2.0729055613043e+02
50.060000000000	-2.0512728969257e+02
50.090000000000	-2.0281870763516e+02
50.120000000000	-2.0036697749391e+02
50.150000000000	-1.9777439446023e+02
50.180000000000	-1.9504338061187e+02
50.210000000000	-1.9217648410203e+02
50.240000000000	-1.8917637822108e+02
50.270000000000	-1.8604586024816e+02
50.300000000000	-1.8278785001655e+02
50.330000000000	-1.7940538812557e+02
50.360000000000	-1.7590163374289e+02
50.390000000000	-1.7227986195416e+02
50.420000000000	-1.6854346063137e+02
50.450000000000	-1.6469592680725e+02
50.480000000000	-1.6074086255976e+02
50.510000000000	-1.5668197042876e+02
50.540000000000	-1.5252304840461e+02
50.570000000000	-1.4826798454669e+02
50.600000000000	-1.4392075130600e+02
50.630000000000	-1.3948539964123e+02
50.660000000000	-1.3496605302883e+02
50.690000000000	-1.3036690147557e+02
50.720000000000	-1.2569219564406e+02
50.750000000000	-1.2094624119888e+02
50.780000000000	-1.1613339347101e+02
50.810000000000	-1.1125805252300e+02
50.840000000000	-1.0632465867563e+02
50.870000000000	-1.0133768853136e+02
50.900000000000	-9.6301651500103e+01
50.930000000000	-9.1221086802798e+01
50.960000000000	-8.6100560897901e+01
50.990000000000	-8.0944665248599e+01
51.020000000000	-7.5758014325967e+01
51.050000000000	-7.0545243726963e+01
51.080000000000	-6.5311008277511e+01
51.110000000000	-6.0059979990882e+01
51.140000000000	-5.4796845759977e+01
51.170000000000	-4.9526304678682e+01
51.200000000000	-4.4253064910916e+01
51.230000000000	-3.8981840054873e+01
51.260000000000	-3.3717344981944e+01
51.290000000000	-2.8464291163003e+01
51.320000000000	-2.3227381526468e+01
51.350000000000	-1.8011304920944e+01
51.380000000000	-1.2820730278234e+01
51.410000000000	-7.6603005888242e+00
51.440000000000	-2.5346268106652e+00
51.470000000000	2.5517181669921e+00
51.500000000000	7.5942053896053e+00
51.530000000000	1.2588355431160e+01
51.560000000000	1.7529743632330e+01
51.590000000000	2.2414004921566e+01
51.620000000000	2.7236838181792e+01
51.650000000000	3.1994010149589e+01
51.680000000000	3.6681358856602e+01
51.710000000000	4.1294796643048e+01
51.740000000000	4.5830312789772e+01
51.770000000000	5.0283975827731e+01
51.800000000000	5.4651935591981e+01
51.830000000000	5.8930425091426e+01
51.860000000000	6.3115762266238e+01
51.890000000000	6.7204351702499e+01
51.920000000000	7.1192686369214e+01
51.950000000000	7.5077349436559e+01
51.980000000000	7.8855016227053e+01
52.010000000000	8.2522456343158e+01
52.040000000000	8.6076536005977e+01
52.070000000000	8.9514220630086e+01
52.100000000000	9.2832577648987e+01
52.130000000000	9.6028779594014e+01
52.160000000000	9.9100107416682e+01
52.190000000000	1.0204395403052e+02
52.220000000000	1.0485782803367e+02
52.250000000000	1.0753935755827e+02
52.280000000000	1.1008629417840e+02
52.310000000000	1.1249651679485e+02
52.340000000000	1.1476803540485e+02
52.370000000000	1.1689899465805e+02
52.400000000000	1.1888767709817e+02
52.430000000000	1.2073250599329e+02
52.460000000000	1.2243204766757e+02
52.490000000000	1.2398501326249e+02
52.520000000000	1.2539025987681e+02
52.550000000000	1.2664679106003e+02
52.580000000000	1.2775375666203e+02
52.610000000000	1.2871045207174e+02
52.640000000000	1.2951631690600e+02
52.670000000000	1.3017093323623e+02
52.700000000000	1.3067402346125e+02
52.730000000000	1.3102544795013e+02
52.760000000000	1.3122520258602e+02
52.790000000000	1.3127341634110e+02
52.820000000000	1.3117034900420e+02
52.850000000000	1.3091638916540e+02
52.880000000000	1.3051205253914e+02
52.910000000000	1.2995798067872e+02
52.940000000000	1.2925494010433e+02
52.970000000000	1.2840382183402e+02
53.000000000000	1.2740564127713e+02
53.030000000000	1.2626153842161e+02
53.060000000000	1.2497277822545e+02
53.090000000000	1.2354075110612e+02
53.120000000000	1.2196697341459e+02
53.150000000000	1.2025308777919e+02
53.180000000000	1.1840086321183e+02
53.210000000000	1.1641219488202e+02
53.240000000000	1.1428910348223e+02
53.270000000000	1.1203373413017e+02
53.300000000000	1.0964835477694e+02
53.330000000000	1.0713535411358e+02
53.360000000000	1.0449723899080e+02
53.390000000000	1.0173663138580e+02
53.420000000000	9.8856264965383e+01
53.450000000000	9.5858981306747e+01
53.480000000000	9.2747725846443e+01
53.510000000000	8.9525543605140e+01
53.540000000000	8.6195574800877e+01
53.570000000000	8.2761050377727e+01
53.600000000000	7.9225287527065e+01
53.630000000000	7.5591685252841e+01
53.660000000000	7.1863720028432e+01
53.690000000000	6.8044941586229e+01
53.720000000000	6.4138968874979e+01
53.750000000000	6.0149486214061e+01
53.780000000000	5.6080239667958e+01
53.810000000000	5.1935033657983e+01
53.840000000000	4.7717727821007e+01
53.870000000000	4.3432234116586e+01
53.900000000000	3.9082514173861e+01
53.930000000000	3.4672576858146e+01
53.960000000000	3.0206476024583e+01
53.990000000000	2.5688308413019e+01
54.020000000000	2.1122211625545e+01
54.050000000000	1.6512362116656e+01
54.080000000000	1.1862973117234e+01
54.110000000000	7.1782924083998e+00
54.140000000000	2.4625998607323e+00
54.170000000000	-2.2797953408350e+00
54.200000000000	-7.0445578558216e+00
54.230000000000	-1.1827329784475e+01
54.260000000000	-1.6623734734774e+01
54.290000000000	-2.1429382369503e+01
54.320000000000	-2.6239873416405e+01
54.350000000000	-3.1050805097845e+01
54.380000000000	-3.5857776910933e+01
54.410000000000	-4.0656396666963e+01
54.440000000000	-4.5442286681602e+01
54.470000000000	-5.0211089995993e+01
54.500000000000	-5.4958476504662e+01
54.530000000000	-5.9680148869420e+01
54.560000000000	-6.4371848108869e+01
54.590000000000	-6.9029358770393e+01
54.620000000000	-7.3648513614256e+01
54.650000000000	-7.8225197766177e+01
54.680000000000	-8.2755352323745e+01
54.710000000000	-8.7234977431265e+01
54.740000000000	-9.1660134865247e+01
54.770000000000	-9.6026950196725e+01
54.800000000000	-1.0033161461578e+02
54.830000000000	-1.0457038651649e+02
54.860000000000	-1.0873959294680e+02
54.890000000000	-1.1283563102691e+02
54.920000000000	-1.1685496943260e+02
54.950000000000	-1.2079415002676e+02
54.980000000000	-1.2464978970488e+02
55.010000000000	-1.2841858249980e+02
55.040000000000	-1.3209730196887e+02
55.070000000000	-1.3568280386541e+02
55.100000000000	-1.3917202907600e+02
55.130000000000	-1.4256200678872e+02
55.160000000000	-1.4584985784413e+02
55.190000000000	-1.4903279821221e+02
55.220000000000	-1.5210814253400e+02
55.250000000000	-1.5507330766647e+02
55.280000000000	-1.5792581617188e+02
55.310000000000	-1.6066329969828e+02
55.340000000000	-1.6328350220428e+02
55.370000000000	-1.6578428298859e+02
55.400000000000	-1.6816361949098e+02
55.430000000000	-1.7041960983726e+02
55.460000000000	-1.7255047510504e+02
55.490000000000	-1.7455456128995e+02
55.520000000000	-1.7643034095438e+02
55.550000000000	-1.7817641454222e+02
55.580000000000	-1.7979151134540e+02
55.610000000000	-1.8127449011119e+02
55.640000000000	-1.8262433928394e+02
55.670000000000	-1.8384017688200e+02
55.700000000000	-1.8492125001981e+02
55.730000000000	-1.8586693409615e+02
55.760000000000	-1.8667673168235e+02
55.790000000000	-1.8735027115742e+02
55.820000000000	-1.8788730514974e+02
55.850000000000	-1.8828770885583e+02
55.880000000000	-1.8855147831484e+02
55.910000000000	-1.8867872872103e+02
55.940000000000	-1.8866969285597e+02
55.970000000000	-1.8852471971535e+02
56.000000000000	-1.8824427339427e+02
56.030000000000	-1.8782893227766e+02
56.060000000000	-1.8727938856234e+02
56.090000000000	-1.8659644811323e+02
56.120000000000	-1.8578103063164e+02
56.150000000000	-1.8483417008879e+02
56.180000000000	-1.8375701535528e+02
56.210000000000	-1.8255083093816e+02
56.240000000000	-1.8121699772356e+02
56.270000000000	-1.7975701361471e+02
56.300000000000	-1.7817249395426e+02
56.330000000000	-1.7646517162519e+02
56.360000000000	-1.7463689673709e+02
56.390000000000	-1.7268963582228e+02
56.420000000000	-1.7062547048888e+02
56.450000000000	-1.6844659550396e+02
56.480000000000	-1.6615531630666e+02
56.510000000000	-1.6375404597861e+02
56.540000000000	-1.6124530172364e+02
56.570000000000	-1.5863170093053e+02
56.600000000000	-1.5591595690866e+02
56.630000000000	-1.5310087439770e+02
56.660000000000	-1.5018934495643e+02
56.690000000000	-1.4718434233409e+02
56.720000000000	-1.4408891791927e+02
56.750000000000	-1.4090619634831e+02
56.780000000000	-1.3763937133754e+02
56.810000000000	-1.3429170178377e+02
56.840000000000	-1.3086650815602e+02
56.870000000000	-1.2736716918076e+02
56.900000000000	-1.2379711880424e+02
56.930000000000	-1.2015984339925e+02
56.960000000000	-1.1645887917216e+02
56.990000000000	-1.1269780971854e+02
57.020000000000	-1.0888026367269e+02
57.050000000000	-1.0500991239765e+02
57.080000000000	-1.0109046766691e+02
57.110000000000	-9.7125679295821e+01
57.140000000000	-9.3119332689497e+01
57.170000000000	-8.9075246282086e+01
57.200000000000	-8.4997268850375e+01
57.230000000000	-8.0889276690702e+01
57.260000000000	-7.6755170652283e+01
57.290000000000	-7.2598873022002e+01
57.320000000000	-6.8424324255722e+01
57.350000000000	-6.4235479549717e+01
57.380000000000	-6.0036305243943e+01
57.410000000000	-5.5830775047133e+01
57.440000000000	-5.1622866073285e+01
57.470000000000	-4.7416554680682e+01
57.500000000000	-4.3215812108749e+01
57.530000000000	-3.9024599914915e+01
57.560000000000	-3.4846865223342e+01
57.590000000000	-3.0686535808979e+01
57.620000000000	-2.6547515053590e+01
57.650000000000	-2.2433676823507e+01
57.680000000000	-1.8348860331173e+01
57.710000000000	-1.4296865052409e+01
57.740000000000	-1.0281445777824e+01
57.770000000000	-6.3063078787723e+00
57.800000000000	-2.3751250659057e+00
57.830000000000	1.5085167067991e+00
57.860000000000	5.3410952771887e+00
57.890000000000	9.1191436135247e+00
57.920000000000	1.2839262231251e+01
57.950000000000	1.6498121451720e+01
57.980000000000	2.0092463217659e+01
58.010000000000	2.3619102515264e+01
58.040000000000	2.7074928472424e+01
58.070000000000	3.0456905218375e+01
58.100000000000	3.3762072600900e+01
58.130000000000	3.6987546862245e+01
58.160000000000	4.0130521373928e+01
58.190000000000	4.3188267523618e+01
58.220000000000	4.6158135834492e+01
58.250000000000	4.9037557380148e+01
58.280000000000	5.1824045536846e+01
58.310000000000	5.4515198091377e+01
58.340000000000	5.7108699698348e+01
58.370000000000	5.9602324656851e+01
58.400000000000	6.1993939954700e+01
58.430000000000	6.4281508510095e+01
58.460000000000	6.6463092526648e+01
58.490000000000	6.8536856869197e+01
58.520000000000	7.0501072364833e+01
58.550000000000	7.2354118936490e+01
58.580000000000	7.4094488484617e+01
58.610000000000	7.5720787445316e+01
58.640000000000	7.7231738969850e+01
58.670000000000	7.8626184689226e+01
58.700000000000	7.9903086047355e+01
58.730000000000	8.1061525205568e+01
58.760000000000	8.2100705538672e+01
58.790000000000	8.3019951757244e+01
58.820000000000	8.3818709701426e+01
58.850000000000	8.4496545857887e+01
58.880000000000	8.5053146653515e+01
58.910000000000	8.5488317577369e+01
58.940000000000	8.5801982176904e+01
58.970000000000	8.5994180966658e+01
59.000000000000	8.6065070278406e+01
59.030000000000	8.6014921072530e+01
59.060000000000	8.5844117722123e+01
59.090000000000	8.5553156774932e+01
59.120000000000	8.5142645694456e+01
59.150000000000	8.4613301580329e+01
59.180000000000	8.3965949869705e+01
59.210000000000	8.3201523024914e+01
59.240000000000	8.2321059217652e+01
59.270000000000	8.1325701025259e+01
59.300000000000	8.0216694159142e+01
59.330000000000	7.8995386248228e+01
59.360000000000	7.7663225700484e+01
59.390000000000	7.6221760662508e+01
59.420000000000	7.4672638090851e+01
59.450000000000	7.3017602939056e+01
59.480000000000	7.1258497452246e+01
59.510000000000	6.9397260547058e+01
59.540000000000	6.7435927240291e+01
59.570000000000	6.5376628075831e+01
59.600000000000	6.3221588487771e+01
59.630000000000	6.0973128029255e+01
59.660000000000	5.8633659392498e+01
59.690000000000	5.6205687146199e+01
59.720000000000	5.3691806122642e+01
59.750000000000	5.1094699397770e+01
59.780000000000	4.8417135823092e+01
59.810000000000	4.5661967087346e+01
59.840000000000	4.2832124307345e+01
59.870000000000	3.9930614169801e+01
59.900000000000	3.6960514667925e+01
59.930000000000	3.3924970496562e+01
59.960000000000	3.0827188186379e+01
59.990000000000	2.7670431070072e+01
60.020000000000	2.4458014180875e+01
60.050000000000	2.1193299185415e+01
60.080000000000	1.7879689449043e+01
60.110000000000	1.4520625322436e+01
60.140000000000	1.1119579724180e+01
60.170000000000	7.6800540758572e+00
60.200000000000	4.2055746252936e+00
60.230000000000	6.9968917095206e-01
60.260000000000	-2.8340358223231e+00
60.290000000000	-6.3920177478579e+00
60.320000000000	-9.9706600730526e+00
60.350000000000	-1.3566354313791e+01
60.380000000000	-1.7175481846075e+01
60.410000000000	-2.0794415640371e+01
60.440000000000	-2.4419522005411e+01
60.470000000000	-2.8047162424319e+01
60.500000000000	-3.1673695556986e+01
60.530000000000	-3.5295479469484e+01
60.560000000000	-3.8908874134866e+01
60.590000000000	-4.2510244231187e+01
60.620000000000	-4.6095962243260e+01
60.650000000000	-4.9662411856055e+01
60.680000000000	-5.3205991610788e+01
60.710000000000	-5.6723118781188e+01
60.740000000000	-6.0210233417469e+01
60.770000000000	-6.3663802500252e+01
60.800000000000	-6.7080324145764e+01
60.830000000000	-7.0456331807116e+01
60.860000000000	-7.3788398423450e+01
60.890000000000	-7.7073140478484e+01
60.920000000000	-8.0307221941172e+01
60.950000000000	-8.3487358072639e+01
60.980000000000	-8.6610319093990e+01
61.010000000000	-8.9672933717995e+01
61.040000000000	-9.2672092553128e+01
61.070000000000	-9.5604751390665e+01
61.100000000000	-9.8467934384381e+01
61.130000000000	-1.0125873712818e+02
61.160000000000	-1.0397432963046e+02
61.190000000000	-1.0661195917620e+02
61.220000000000	-1.0916895305962e+02
61.250000000000	-1.1164272116336e+02
61.280000000000	-1.1403075835497e+02
61.310000000000	-1.1633064666972e+02
61.340000000000	-1.1854005725023e+02
61.370000000000	-1.2065675201896e+02
61.400000000000	-1.2267858506837e+02
61.430000000000	-1.2460350376568e+02
61.460000000000	-1.2642954958325e+02
61.490000000000	-1.2815485868040e+02
61.520000000000	-1.2977766227720e+02
61.550000000000	-1.3129628687381e+02
61.580000000000	-1.3270915437853e+02
61.610000000000	-1.3401478221461e+02
61.640000000000	-1.3521178347671e+02
61.670000000000	-1.3629886720542e+02
61.700000000000	-1.3727483883975e+02
61.730000000000	-1.3813860089543e+02
61.760000000000	-1.3888915390085e+02
61.790000000000	-1.3952559760415e+02
61.820000000000	-1.4004713244482e+02
61.850000000000	-1.4045306126375e+02
61.880000000000	-1.4074279120655e+02
61.910000000000	-1.4091583575880e+02
61.940000000000	-1.4097181683893e+02
61.970000000000	-1.4091046686541e+02
62.000000000000	-1.4073163071060e+02
62.030000000000	-1.4043526745417e+02
62.060000000000	-1.4002145185409e+02
62.090000000000	-1.3949037546261e+02
62.120000000000	-1.3884234732488e+02
62.150000000000	-1.3807779422255e+02
62.180000000000	-1.3719726046217e+02
62.210000000000	-1.3620140712182e+02
62.240000000000	-1.3509101086744e+02
62.270000000000	-1.3386696232071e+02
62.300000000000	-1.3253026403902e+02
62.330000000000	-1.3108202817131e+02
62.360000000000	-1.2952347386386e+02
62.390000000000	-1.2785592449598e+02
62.420000000000	-1.2608080482705e+02
62.450000000000	-1.2419963813347e+02
62.480000000000	-1.2221404340658e+02
62.510000000000	-1.2012573267135e+02
62.540000000000	-1.1793650847164e+02
62.570000000000	-1.1564826155095e+02
62.600000000000	-1.1326296874057e+02
62.630000000000	-1.1078269104953e+02
62.660000000000	-1.0820957193505e+02
62.690000000000	-1.0554583571900e+02
62.720000000000	-1.0279378610578e+02
62.750000000000	-9.9955804751553e+01
62.780000000000	-9.7034349833009e+01
62.810000000000	-9.4031954566927e+01
62.840000000000	-9.0951225638186e+01
62.870000000000	-8.7794841503710e+01
62.900000000000	-8.4565550551231e+01
62.930000000000	-8.1266169104201e+01
62.960000000000	-7.7899579275865e+01
62.990000000000	-7.4468726685554e+01
63.020000000000	-7.0976618057604e+01
63.050000000000	-6.7426318727153e+01
63.080000000000	-6.3820950077253e+01
63.110000000000	-6.0163686928263e+01
63.140000000000	-5.6457754893798e+01
63.170000000000	-5.2706427708523e+01
63.200000000000	-4.8913024522831e+01
63.230000000000	-4.5080907149150e+01
63.260000000000	-4.1213477235525e+01
63.290000000000	-3.7314173335533e+01
63.320000000000	-3.3386467840072e+01
63.350000000000	-2.9433863737152e+01
63.380000000000	-2.5459891170368e+01
63.410000000000	-2.1468103775310e+01
63.440000000000	-1.7462074784972e+01
63.470000000000	-1.3445392909710e+01
63.500000000000	-9.4216580128246e+00
63.530000000000	-5.3944766186544e+00
63.560000000000	-1.3674573044608e+00
63.590000000000	2.6557939606618e+00
63.620000000000	6.6716784581993e+00
63.650000000000	1.0676609268113e+01
63.680000000000	1.4667015646889e+01
63.710000000000	1.8639347165688e+01
63.740000000000	2.2590077548226e+01
63.770000000000	2.6515708161547e+01
63.800000000000	3.0412771129441e+01
63.830000000000	3.4277832056613e+01
63.860000000000	3.8107492371080e+01
63.890000000000	4.1898391310939e+01
63.920000000000	4.5647207599137e+01
63.950000000000	4.9350660864572e+01
63.980000000000	5.3005512879494e+01
64.010000000000	5.6608568690750e+01
64.040000000000	6.0156677725963e+01
64.070000000000	6.3646734954745e+01
64.100000000000	6.7075682180111e+01
64.130000000000	7.0440509526195e+01
64.160000000000	7.3738257176166e+01
64.190000000000	7.6966017399212e+01
64.220000000000	8.0120936888554e+01
64.250000000000	8.3200219414409e+01
64.280000000000	8.6201128777647e+01
64.310000000000	8.9120992032339e+01
64.340000000000	9.1957202929430e+01
64.370000000000	9.4707225520262e+01
64.400000000000	9.7368597848182e+01
64.430000000000	9.9938935649697e+01
64.460000000000	1.0241593598406e+02
64.490000000000	1.0479738071177e+02
64.520000000000	1.0708113974847e+02
64.550000000000	1.0926517403074e+02
64.580000000000	1.1134753814348e+02
64.610000000000	1.1332638257499e+02
64.640000000000	1.1519995558324e+02
64.670000000000	1.1696660467521e+02
64.700000000000	1.1862477771870e+02
64.730000000000	1.2017302372141e+02
64.760000000000	1.2160999332476e+02
64.790000000000	1.2293443906842e+02
64.820000000000	1.2414521548565e+02
64.850000000000	1.2524127908903e+02
64.880000000000	1.2622168830077e+02
64.910000000000	1.2708560337285e+02
64.940000000000	1.2783228632991e+02
64.970000000000	1.2846110095358e+02
65.000000000000	1.2897151281217e+02
65.030000000000	1.2936308932605e+02
65.060000000000	1.2963549984661e+02
65.090000000000	1.2978851571883e+02
65.120000000000	1.2982201029211e+02
65.150000000000	1.2973595884432e+02
65.180000000000	1.2953043838752e+02
65.210000000000	1.2920562733182e+02
65.240000000000	1.2876180499447e+02
65.270000000000	1.2819935095366e+02
65.300000000000	1.2751874425964e+02
65.330000000000	1.2672056252776e+02
65.360000000000	1.2580548094786e+02
65.390000000000	1.2477427125138e+02
65.420000000000	1.2362780068004e+02
65.450000000000	1.2236703099865e+02
65.480000000000	1.2099301758835e+02
65.510000000000	1.1950690864718e+02
65.540000000000	1.1790994451170e+02
65.570000000000	1.1620345709883e+02
65.600000000000	1.1438886945115e+02
65.630000000000	1.1246769535374e+02
65.660000000000	1.1044153897750e+02
65.690000000000	1.0831209449287e+02
65.720000000000	1.0608114559134e+02
65.750000000000	1.0375056484918e+02
65.780000000000	1.0132231286969e+02
65.810000000000	9.8798437146396e+01
65.840000000000	9.6181070599357e+01
65.870000000000	9.3472429750153e+01
65.900000000000	9.0674812516278e+01
65.930000000000	8.7790595622555e+01
65.960000000000	8.4822231643968e+01
65.990000000000	8.1772245710533e+01
66.020000000000	7.8643231919138e+01
66.050000000000	7.5437849509290e+01
66.080000000000	7.2158818868580e+01
66.110000000000	6.8808917439188e+01
66.140000000000	6.5390975598683e+01
66.170000000000	6.1907872586879e+01
66.200000000000	5.8362532545609e+01
66.230000000000	5.4757920730527e+01
66.260000000000	5.1097039943857e+01
66.290000000000	4.7382927224735e+01
66.320000000000	4.3618650820338e+01
66.350000000000	3.9807307446688e+01
66.380000000000	3.5952019833565e+01
66.410000000000	3.2055934534078e+01
66.440000000000	2.8122219966489e+01
66.470000000000	2.4154064648767e+01
66.500000000000	2.0154675549436e+01
66.530000000000	1.6127276547001e+01
66.560000000000	1.2075106882803e+01
66.590000000000	8.0014195659754e+00
66.620000000000	3.9094796702490e+00
66.650000000000	-1.9743753280034e-01
66.680000000000	-4.3160486482742e+00
66.710000000000	-8.4430644723651e+00
66.740000000000	-1.2575192564570e+01
66.770000000000	-1.6709140080301e+01
66.800000000000	-2.0841616850921e+01
66.830000000000	-2.4969338683514e+01
66.860000000000	-2.9089030839830e+01
66.890000000000	-3.3197431643735e+01
66.920000000000	-3.7291296160082e+01
66.950000000000	-4.1367399885460e+01
66.980000000000	-4.5422542393194e+01
67.010000000000	-4.9453550881000e+01
67.040000000000	-5.3457283579311e+01
67.070000000000	-5.7430632990757e+01
67.100000000000	-6.1370528945411e+01
67.130000000000	-6.5273941470966e+01
67.160000000000	-6.9137883490787e+01
67.190000000000	-7.2959413374379e+01
67.220000000000	-7.6735637373320e+01
67.250000000000	-8.0463711980318e+01
67.280000000000	-8.4140846249359e+01
67.310000000000	-8.7764304110910e+01
67.340000000000	-9.1331406708371e+01
67.370000000000	-9.4839534770941e+01
67.400000000000	-9.8286131025184e+01
67.430000000000	-1.0166870263381e+02
67.460000000000	-1.0498482363705e+02
67.490000000000	-1.0823213736064e+02
67.520000000000	-1.1140835874606e+02
67.550000000000	-1.1451127655403e+02
67.580000000000	-1.1753875539185e+02
67.610000000000	-1.2048873751925e+02
67.640000000000	-1.2335924439537e+02
67.670000000000	-1.2614837794117e+02
67.700000000000	-1.2885432150549e+02
67.730000000000	-1.3147534053883e+02
67.760000000000	-1.3400978299442e+02
67.790000000000	-1.3645607949122e+02
67.820000000000	-1.3881274328598e+02
67.850000000000	-1.4107837011154e+02
67.880000000000	-1.4325163794415e+02
67.910000000000	-1.4533130676491e+02
67.940000000000	-1.4731621837783e+02
67.970000000000	-1.4920529634119e+02
68.000000000000	-1.5099754605880e+02
68.030000000000	-1.5269205506568e+02
68.060000000000	-1.5428799352823e+02
68.090000000000	-1.5578461496347e+02
68.120000000000	-1.5718125716683e+02
68.150000000000	-1.5847734332333e+02
68.180000000000	-1.5967238326404e+02
68.210000000000	-1.6076597481919e+02
68.240000000000	-1.6175780521128e+02
68.270000000000	-1.6264765242657e+02
68.300000000000	-1.6343538650152e+02
68.330000000000	-1.6412097066156e+02
68.360000000000	-1.6470446225358e+02
68.390000000000	-1.6518601341969e+02
68.420000000000	-1.6556587146791e+02
68.450000000000	-1.6584437890586e+02
68.480000000000	-1.6602197311398e+02
68.510000000000	-1.6609918564728e+02
68.540000000000	-1.6607664116653e+02
68.570000000000	-1.6595505601198e+02
68.600000000000	-1.6573523644453e+02
68.630000000000	-1.6541807658964e+02
68.660000000000	-1.6500455612914e+02
68.690000000000	-1.6449573779350e+02
68.720000000000	-1.6389276471275e+02
68.750000000000	-1.6319685768752e+02
68.780000000000	-1.6240931244186e+02
68.810000000000	-1.6153149691696e+02
68.840000000000	-1.6056484865946e+02
68.870000000000	-1.5951087234931e+02
68.900000000000	-1.5837113750141e+02
68.930000000000	-1.5714727636207e+02
68.960000000000	-1.5584098200707e+02
68.990000000000	-1.5445400663326e+02
69.020000000000	-1.5298816002136e+02
69.050000000000	-1.5144530813503e+02
69.080000000000	-1.4982737181095e+02
69.110000000000	-1.4813632548790e+02
69.140000000000	-1.4637419591976e+02
69.170000000000	-1.4454306081872e+02
69.200000000000	-1.4264504738030e+02
69.230000000000	-1.4068233065113e+02
69.260000000000	-1.3865713171260e+02
69.290000000000	-1.3657171566780e+02
69.320000000000	-1.3442838943439e+02
69.350000000000	-1.3222949936055e+02
69.380000000000	-1.2997742869419e+02
69.410000000000	-1.2767459494558e+02
69.440000000000	-1.2532344718984e+02
69.470000000000	-1.2292646335768e+02
69.500000000000	-1.2048614756027e+02
69.530000000000	-1.1800502748747e+02
69.560000000000	-1.1548565190823e+02
69.590000000000	-1.1293058828923e+02
69.620000000000	-1.1034242053305e+02
69.650000000000	-1.0772374682319e+02
69.680000000000	-1.0507717754919e+02
69.710000000000	-1.0240533327458e+02
69.740000000000	-9.9710842702197e+01
69.770000000000	-9.6996340588076e+01
69.800000000000	-9.4264465555176e+01
69.830000000000	-9.1517857763472e+01
69.860000000000	-8.8759156401367e+01
69.890000000000	-8.5990996975388e+01
69.920000000000	-8.3216008389268e+01
69.950000000000	-8.0436809818783e+01
69.980000000000	-7.7656007404053e+01
70.010000000000	-7.4876190795188e+01
70.040000000000	-7.2099929599225e+01
70.070000000000	-6.9329769785512e+01
70.100000000000	-6.6568230112247e+01
70.130000000000	-6.3817798638842e+01
70.160000000000	-6.1080929386725e+01
70.190000000000	-5.8360039205644e+01
70.220000000000	-5.5657504893891e+01
70.250000000000	-5.2975660609581e+01
70.280000000000	-5.0316795597303e+01
70.310000000000	-4.7683152240622e+01
70.340000000000	-4.5076924437100e+01
70.370000000000	-4.2500256279330e+01
70.400000000000	-3.9955241013771e+01
70.430000000000	-3.7443920239362e+01
70.460000000000	-3.4968283300336e+01
70.490000000000	-3.2530266822642e+01
70.520000000000	-3.0131754340940e+01
70.550000000000	-2.7774575963070e+01
70.580000000000	-2.5460508021143e+01
70.610000000000	-2.3191272662588e+01
70.640000000000	-2.0968537340301e+01
70.670000000000	-1.8793914168180e+01
70.700000000000	-1.6668959116346e+01
70.730000000000	-1.4595171029164e+01
70.760000000000	-1.2573990458237e+01
70.790000000000	-1.0606798307972e+01
70.820000000000	-8.6949143181322e+00
70.850000000000	-6.8395953970714e+00
70.880000000000	-5.0420338002903e+00
70.910000000000	-3.3033552491444e+00
70.940000000000	-1.6246169951178e+00
70.970000000000	-6.8058864152292e-03
71.000000000000	1.5491635111453e+00
71.030000000000	3.0424506853487e+00
71.060000000000	4.4722907879813e+00
71.090000000000	5.8379960347369e+00
71.120000000000	7.1389568508867e+00
71.150000000000	8.3746427274430e+00
71.180000000000	9.5446027633685e+00
71.210000000000	1.0648465882023e+01
71.240000000000	1.1685940723801e+01
71.270000000000	1.2656815231024e+01
71.300000000000	1.3560955954577e+01
71.330000000000	1.4398307123629e+01
71.360000000000	1.5168889529025e+01
71.390000000000	1.5872799276891e+01
71.420000000000	1.6510206471009e+01
71.450000000000	1.7081353880392e+01
71.480000000000	1.7586555642247e+01
71.510000000000	1.8026196040575e+01
71.540000000000	1.8400728387789e+01
71.570000000000	1.8710674021904e+01
71.600000000000	1.8956621416359e+01
71.630000000000	1.9139225384513e+01
71.660000000000	1.9259206347767e+01
71.690000000000	1.9317349626056e+01
71.720000000000	1.9314504703073e+01
71.750000000000	1.9251584416590e+01
71.780000000000	1.9129564026703e+01
71.810000000000	1.8949480121595e+01
71.840000000000	1.8712429330850e+01
71.870000000000	1.8419566829495e+01
71.900000000000	1.8072104630738e+01
71.930000000000	1.7671309680468e+01
71.960000000000	1.7218501780740e+01
71.990000000000	1.6715051381491e+01
72.020000000000	1.6162377288732e+01
72.050000000000	1.5561944342580e+01
72.080000000000	1.4915261119565e+01
72.110000000000	1.4223877710474e+01
72.140000000000	1.3489383618021e+01
72.170000000000	1.2713405808337e+01
72.200000000000	1.1897606937613e+01
72.230000000000	1.1043683761088e+01
72.260000000000	1.0153365717018e+01
72.290000000000	9.2284136644414e+00
72.320000000000	8.2706187412103e+00
72.350000000000	7.2818012988873e+00
72.380000000000	6.2638098641732e+00
72.410000000000	5.2185200729133e+00
72.440000000000	4.1478335225931e+00
72.470000000000	3.0536764923992e+00
72.500000000000	1.9379984860793e+00
72.530000000000	8.0277056150769e-01
72.560000000000	-3.5001657858155e-01
72.590000000000	-1.5183547486015e+00
72.620000000000	-2.7002206965223e+00
72.650000000000	-3.8935787646504e+00
72.680000000000	-5.0963837736173e+00
72.710000000000	-6.3065840990973e+00
72.740000000000	-7.5221249029653e+00
72.770000000000	-8.7409514751143e+00
72.800000000000	-9.9610126387340e+00
72.830000000000	-1.1180264170652e+01
72.860000000000	-1.2396672189059e+01
72.890000000000	-1.3608216463562e+01
72.920000000000	-1.4812893606398e+01
72.950000000000	-1.6008720108807e+01
72.980000000000	-1.7193735192423e+01
73.010000000000	-1.8366003451989e+01
73.040000000000	-1.9523617272379e+01
73.070000000000	-2.0664699009690e+01
73.100000000000	-2.1787402933001e+01
73.130000000000	-2.2889916930023e+01
73.160000000000	-2.3970463986501e+01
73.190000000000	-2.5027303455518e+01
73.220000000000	-2.6058732139028e+01
73.250000000000	-2.7063085209596e+01
73.280000000000	-2.8038737005492e+01
73.310000000000	-2.8984101736529e+01
73.340000000000	-2.9897634141241e+01
73.370000000000	-3.0777830137618e+01
73.400000000000	-3.1623227509546e+01
73.430000000000	-3.2432406668904e+01
73.460000000000	-3.3203991528831e+01
73.490000000000	-3.3936650517019e+01
73.520000000000	-3.4629097749066e+01
73.550000000000	-3.5280094371292e+01
73.580000000000	-3.5888450070625e+01
73.610000000000	-3.6453024736688e+01
73.640000000000	-3.6972730249162e+01
73.670000000000	-3.7446532352468e+01
73.700000000000	-3.7873452570967e+01
73.730000000000	-3.8252570111782e+01
73.760000000000	-3.8583023699678e+01
73.790000000000	-3.8864013289671e+01
73.820000000000	-3.9094801607994e+01
73.850000000000	-3.9274715480716e+01
73.880000000000	-3.9403146920943e+01
73.910000000000	-3.9479553959347e+01
73.940000000000	-3.9503461217753e+01
73.970000000000	-3.9474460240318e+01
74.000000000000	-3.9392209610518e+01
74.030000000000	-3.9256434893318e+01
74.060000000000	-3.9066928449859e+01
74.090000000000	-3.8823549175951e+01
74.120000000000	-3.8526222215380e+01
74.150000000000	-3.8174938694537e+01
74.180000000000	-3.7769755516538e+01
74.210000000000	-3.7310795241638e+01
74.240000000000	-3.6798246067132e+01
74.270000000000	-3.6232361905458e+01
74.300000000000	-3.5613462544789e+01
74.330000000000	-3.4941933863352e+01
74.360000000000	-3.4218228057974e+01
74.390000000000	-3.3442863839738e+01
74.420000000000	-3.2616426545589e+01
74.450000000000	-3.1739568114604e+01
74.480000000000	-3.0813006881274e+01
74.510000000000	-2.9837527145127e+01
74.540000000000	-2.8813978485943e+01
74.570000000000	-2.7743274805707e+01
74.600000000000	-2.6626393091550e+01
74.630000000000	-2.5464371907359e+01
74.660000000000	-2.4258309634503e+01
74.690000000000	-2.3009362493527e+01
74.720000000000	-2.1718742388071e+01
74.750000000000	-2.0387714619024e+01
74.780000000000	-1.9017595520956e+01
74.810000000000	-1.7609750073878e+01
74.840000000000	-1.6165589541534e+01
74.870000000000	-1.4686569182929e+01
74.900000000000	-1.3174186077076e+01
74.930000000000	-1.1629977092415e+01
74.960000000000	-1.0055517022637e+01
74.990000000000	-8.4524169003229e+00
75.020000000000	-6.8223224894735e+00
75.050000000000	-5.1669129481436e+00
75.080000000000	-3.4878996436156e+00
75.110000000000	-1.7870250950659e+00
75.140000000000	-6.6062013355221e-02
75.170000000000	1.6731876032363e+00
75.200000000000	3.4288933335431e+00
75.230000000000	5.1991972238912e+00
75.260000000000	6.9822147241716e+00
75.290000000000	8.7760357068093e+00
75.320000000000	1.0578725599662e+01
75.350000000000	1.2388326659439e+01
75.380000000000	1.4202859407633e+01
75.410000000000	1.6020324246093e+01
75.440000000000	1.7838703264358e+01
75.470000000000	1.9655962245812e+01
75.500000000000	2.1470052874637e+01
75.530000000000	2.3278915140441e+01
75.560000000000	2.5080479932172e+01
75.590000000000	2.6872671807637e+01
75.620000000000	2.8653411919465e+01
75.650000000000	3.0420621072900e+01
75.680000000000	3.2172222885394e+01
75.710000000000	3.3906147013029e+01
75.740000000000	3.5620332404376e+01
75.770000000000	3.7312730539186e+01
75.800000000000	3.8981308607409e+01
75.830000000000	4.0624052584075e+01
75.860000000000	4.2238970157671e+01
75.890000000000	4.3824093474144e+01
75.920000000000	4.5377481665466e+01
75.950000000000	4.6897223140700e+01
75.980000000000	4.8381437628419e+01
76.010000000000	4.9828277971366e+01
76.040000000000	5.1235931686923e+01
76.070000000000	5.2602622319212e+01
76.100000000000	5.3926610619704e+01
76.130000000000	5.5206195602071e+01
76.160000000000	5.6439715522993e+01
76.190000000000	5.7625548843052e+01
76.220000000000	5.8762115220431e+01
76.250000000000	5.9847876584824e+01
76.280000000000	6.0881338330011e+01
76.310000000000	6.1861050651639e+01
76.340000000000	6.2785610042610e+01
76.370000000000	6.3653660943314e+01
76.400000000000	6.4463897528821e+01
76.430000000000	6.5215065601366e+01
76.460000000000	6.5905964545019e+01
76.490000000000	6.6535449291329e+01
76.520000000000	6.7102432240549e+01
76.550000000000	6.7605885083156e+01
76.580000000000	6.8044840470680e+01
76.610000000000	6.8418393493017e+01
76.640000000000	6.8725702930718e+01
76.670000000000	6.8965992264298e+01
76.700000000000	6.9138550437258e+01
76.730000000000	6.9242732384251e+01
76.760000000000	6.9277959349340e+01
76.790000000000	6.9243719030786e+01
76.820000000000	6.9139565597403e+01
76.850000000000	6.8965119626638e+01
76.880000000000	6.8720068016071e+01
76.910000000000	6.8404163917808e+01
76.940000000000	6.8017226739722e+01
76.970000000000	6.7559142249078e+01
77.000000000000	6.7029862803469e+01
77.030000000000	6.6429407721959e+01
77.060000000000	6.5757863796737e+01
77.090000000000	6.5015385933204e+01
77.120000000000	6.4202197895002e+01
77.150000000000	6.3318593120750e+01
77.180000000000	6.2364935571585e+01
77.210000000000	6.1341660563489e+01
77.240000000000	6.0249275535872e+01
77.270000000000	5.9088360708154e+01
77.300000000000	5.7859569578882e+01
77.330000000000	5.6563629227045e+01
77.360000000000	5.5201340382327e+01
77.390000000000	5.3773577239575e+01
77.420000000000	5.2281287002231e+01
77.450000000000	5.0725489149349e+01
77.480000000000	4.9107274430508e+01
77.510000000000	4.7427803601980e+01
77.540000000000	4.5688305925392e+01
77.570000000000	4.3890077456566e+01
77.600000000000	4.2034479156995e+01
77.630000000000	4.0122934863284e+01
77.660000000000	3.8156929151082e+01
77.690000000000	3.6138005129483e+01
77.720000000000	3.4067762199958e+01
77.750000000000	3.1947853810833e+01
77.780000000000	2.9779985234509e+01
77.810000000000	2.7565911390400e+01
77.840000000000	2.5307434732236e+01
77.870000000000	2.3006403214168e+01
77.900000000000	2.0664708346294e+01
77.930000000000	1.8284283346713e+01
77.960000000000	1.5867101394139e+01
77.990000000000	1.3415173982273e+01
78.020000000000	1.0930549374472e+01
78.050000000000	8.4153111544079e+00
78.080000000000	5.8715768655074e+00
78.110000000000	3.3014967285658e+00
78.140000000000	7.0725242323212e-01
78.170000000000	-1.9089440850086e+00
78.200000000000	-4.5448516948921e+00
78.230000000000	-7.1982013230737e+00
78.260000000000	-9.8666970916032e+00
78.290000000000	-1.2548017581906e+01
78.320000000000	-1.5239817189216e+01
78.350000000000	-1.7939727610863e+01
78.380000000000	-2.0645359499175e+01
78.410000000000	-2.3354304304920e+01
78.440000000000	-2.6064136330185e+01
78.470000000000	-2.8772415000514e+01
78.500000000000	-3.1476687355630e+01
78.530000000000	-3.4174490746560e+01
78.560000000000	-3.6863355715372e+01
78.590000000000	-3.9540809022844e+01
78.620000000000	-4.2204376780030e+01
78.650000000000	-4.4851587632837e+01
78.680000000000	-4.7479975944790e+01
78.710000000000	-5.0087084922902e+01
78.740000000000	-5.2670469634928e+01
78.770000000000	-5.5227699873248e+01
78.800000000000	-5.7756362830835e+01
78.830000000000	-6.0254065567367e+01
78.860000000000	-6.2718437257842e+01
78.890000000000	-6.5147131230723e+01
78.920000000000	-6.7537826816728e+01
78.950000000000	-6.9888231041737e+01
78.980000000000	-7.2196080206844e+01
79.010000000000	-7.4459141404814e+01
79.040000000000	-7.6675214024314e+01
79.070000000000	-7.8842131291572e+01
79.100000000000	-8.0957761893275e+01
79.130000000000	-8.3020011715519e+01
79.160000000000	-8.5026825721866e+01
79.190000000000	-8.6976189980239e+01
79.220000000000	-8.8866133834430e+01
79.250000000000	-9.0694732202502e+01
79.280000000000	-9.2460107972325e+01
79.310000000000	-9.4160434454755e+01
79.340000000000	-9.5793937848078e+01
79.370000000000	-9.7358899663749e+01
79.400000000000	-9.8853659063264e+01
79.430000000000	-1.0027661505890e+02
79.460000000000	-1.0162622853424e+02
79.490000000000	-1.0290102406235e+02
79.520000000000	-1.0409959148645e+02
79.550000000000	-1.0522058724346e+02
79.580000000000	-1.0626273545192e+02
79.610000000000	-1.0722482875729e+02
79.640000000000	-1.0810572895722e+02
79.670000000000	-1.0890436743380e+02
79.700000000000	-1.0961974542626e+02
79.730000000000	-1.1025093418166e+02
79.760000000000	-1.1079707502345e+02
79.790000000000	-1.1125737937779e+02
79.820000000000	-1.1163112879546e+02
79.850000000000	-1.1191767500342e+02
79.880000000000	-1.1211644001488e+02
79.910000000000	-1.1222691631998e+02
79.940000000000	-1.1224866717220e+02
79.970000000000	-1.1218132697762e+02
80.000000000000	-1.1202460178659e+02
80.030000000000	-1.1177826988003e+02
80.060000000000	-1.1144218243597e+02
80.090000000000	-1.1101626425659e+02
80.120000000000	-1.1050051453151e+02
80.150000000000	-1.0989500761063e+02
80.180000000000	-1.0919989375820e+02
80.210000000000	-1.0841539986000e+02
80.240000000000	-1.0754183005685e+02
80.270000000000	-1.0657956627998e+02
80.300000000000	-1.0552906866689e+02
80.330000000000	-1.0439087583989e+02
80.360000000000	-1.0316560503331e+02
80.390000000000	-1.0185395205856e+02
80.420000000000	-1.0045669109993e+02
80.450000000000	-9.8974674336081e+01
80.480000000000	-9.7408831384880e+01
80.510000000000	-9.5760168570546e+01
80.540000000000	-9.4029768013515e+01
80.570000000000	-9.2218786544558e+01
80.600000000000	-9.0328454445932e+01
80.630000000000	-8.8360074023822e+01
80.660000000000	-8.6315018018389e+01
80.690000000000	-8.4194727860313e+01
80.720000000000	-8.2000711786019e+01
80.750000000000	-7.9734542827571e+01
80.780000000000	-7.7397856697377e+01
80.810000000000	-7.4992349592036e+01
80.840000000000	-7.2519775943516e+01
80.870000000000	-6.9981946148864e+01
80.900000000000	-6.7380724311415e+01
80.930000000000	-6.4718026026594e+01
80.960000000000	-6.1995816243505e+01
80.990000000000	-5.9216107229532e+01
81.020000000000	-5.6380956658977e+01
81.050000000000	-5.3492465838734e+01
81.080000000000	-5.0552778074310e+01
81.110000000000	-4.7564077169010e+01
81.140000000000	-4.4528586038232e+01
81.170000000000	-4.1448565410655e+01
81.200000000000	-3.8326312579272e+01
81.230000000000	-3.5164160158629e+01
81.260000000000	-3.1964474800907e+01
81.290000000000	-2.8729655822988e+01
81.320000000000	-2.5462133699762e+01
81.350000000000	-2.2164368385413e+01
81.380000000000	-1.8838847434009e+01
81.410000000000	-1.5488083902742e+01
81.440000000000	-1.2114614034776e+01
81.470000000000	-8.7209947328448e+00
81.500000000000	-5.3098008484153e+00
81.530000000000	-1.8836223233573e+00
81.560000000000	1.5549387693692e+00
81.590000000000	5.0032712331552e+00
81.620000000000	8.4587577478710e+00
81.650000000000	1.1918777808632e+01
81.680000000000	1.5380710554254e+01
81.710000000000	1.8841937445023e+01
81.740000000000	2.2299844760496e+01
81.770000000000	2.5751825901057e+01
81.800000000000	2.9195283490606e+01
81.830000000000	3.2627631291214e+01
81.860000000000	3.6046295952764e+01
81.890000000000	3.9448718630792e+01
81.920000000000	4.2832356513159e+01
81.950000000000	4.6194684300626e+01
81.980000000000	4.9533195687597e+01
82.010000000000	5.2845404887359e+01
82.040000000000	5.6128848241472e+01
82.070000000000	5.9381085945929e+01
82.100000000000	6.2599703917982e+01
82.130000000000	6.5782315817748e+01
82.160000000000	6.8926565228489e+01
82.190000000000	7.2030127989476e+01
82.220000000000	7.5090714666046e+01
82.250000000000	7.8106073133386e+01
82.280000000000	8.1073991243920e+01
82.310000000000	8.3992299543251e+01
82.340000000000	8.6858873996460e+01
82.370000000000	8.9671638685240e+01
82.400000000000	9.2428568436814e+01
82.430000000000	9.5127691347580e+01
82.460000000000	9.7767091168064e+01
82.490000000000	1.0034490952050e+02
82.520000000000	1.0285934792619e+02
82.550000000000	1.0530866962633e+02
82.580000000000	1.0769120118689e+02
82.610000000000	1.1000533388544e+02
82.640000000000	1.1224952488423e+02
82.670000000000	1.1442229820057e+02
82.700000000000	1.1652224549080e+02
82.730000000000	1.1854802666851e+02
82.760000000000	1.2049837038080e+02
82.790000000000	1.2237207436821e+02
82.820000000000	1.2416800573401e+02
82.850000000000	1.2588510114779e+02
82.880000000000	1.2752236700593e+02
82.910000000000	1.2907887956852e+02
82.940000000000	1.3055378508858e+02
82.970000000000	1.3194629994532e+02
83.000000000000	1.3325571078942e+02
83.030000000000	1.3448137470458e+02
83.060000000000	1.3562271938652e+02
83.090000000000	1.3667924333868e+02
83.120000000000	1.3765051608208e+02
83.150000000000	1.3853617837667e+02
83.180000000000	1.3933594245113e+02
83.210000000000	1.4004959223893e+02
83.240000000000	1.4067698361916e+02
83.270000000000	1.4121804466091e+02
83.300000000000	1.4167277587045e+02
83.330000000000	1.4204125043970e+02
83.360000000000	1.4232361449316e+02
83.390000000000	1.4252008732796e+02
83.420000000000	1.4263096163870e+02
83.450000000000	1.4265660371460e+02
83.480000000000	1.4259745359238e+02
83.510000000000	1.4245402514390e+02
83.540000000000	1.4222690607396e+02
83.570000000000	1.4191675780091e+02
83.600000000000	1.4152431519136e+02
83.630000000000	1.4105038612105e+02
83.660000000000	1.4049585083661e+02
83.690000000000	1.3986166109779e+02
83.720000000000	1.3914883908693e+02
83.750000000000	1.3835847608118e+02
83.780000000000	1.3749173089298e+02
83.810000000000	1.3654982808935e+02
83.840000000000	1.3553405604851e+02
83.870000000000	1.3444576482259e+02
83.900000000000	1.3328636392153e+02
83.930000000000	1.3205732003051e+02
83.960000000000	1.3076015471952e+02
83.990000000000	1.2939644219462e+02
84.020000000000	1.2796780713606e+02
84.050000000000	1.2647592265951e+02
84.080000000000	1.2492250842654e+02
84.110000000000	1.2330932891705e+02
84.140000000000	1.2163819186265e+02
84.170000000000	1.1991094682616e+02
84.200000000000	1.1812948389936e+02
84.230000000000	1.1629573248034e+02
84.260000000000	1.1441166008420e+02
84.290000000000	1.1247927113591e+02
84.320000000000	1.1050060569408e+02
84.350000000000	1.0847773805714e+02
84.380000000000	1.0641277521060e+02
84.410000000000	1.0430785508339e+02
84.440000000000	1.0216514459331e+02
84.470000000000	9.9986837474762e+01
84.500000000000	9.7775151895159e+01
84.530000000000	9.5532327879002e+01
84.560000000000	9.3260624569740e+01
84.590000000000	9.0962317368138e+01
84.620000000000	8.8639694991858e+01
84.650000000000	8.6295056503942e+01
84.680000000000	8.3930708357789e+01
84.710000000000	8.1548961503394e+01
84.740000000000	7.9152128594399e+01
84.770000000000	7.6742521328354e+01
84.800000000000	7.4322447944265e+01
84.830000000000	7.1894210892394e+01
84.860000000000	6.9460104682176e+01
84.890000000000	6.7022413905381e+01
84.920000000000	6.4583411423719e+01
84.950000000000	6.2145356703431e+01
84.980000000000	5.9710494273921e+01
85.010000000000	5.7281052283627e+01
85.040000000000	5.4859241123904e+01
85.070000000000	5.2447252090703e+01
85.100000000000	5.0047256054353e+01
85.130000000000	4.7661402109448e+01
85.160000000000	4.5291816179761e+01
85.190000000000	4.2940599556999e+01
85.220000000000	4.0609827356940e+01
85.250000000000	3.8301546881756e+01
85.280000000000	3.6017775883068e+01
85.310000000000	3.3760500726050e+01
85.340000000000	3.1531674460560e+01
85.370000000000	2.9333214810518e+01
85.400000000000	2.7167002097278e+01
85.430000000000	2.5034877116401e+01
85.460000000000	2.2938638989740e+01
85.490000000000	2.0880043016094e+01
85.520000000000	1.8860798543766e+01
85.550000000000	1.6882566887274e+01
85.580000000000	1.4946959308306e+01
85.610000000000	1.3055535078098e+01
85.640000000000	1.1209799634876e+01
85.670000000000	9.4112028463680e+00
85.700000000000	7.6611373837546e+00
85.730000000000	5.9609372102736e+00
85.760000000000	4.3118761851857e+00
85.790000000000	2.7151667821060e+00
85.820000000000	1.1719589199736e+00
85.850000000000	-3.1666109499129e-01
85.880000000000	-1.7496715170545e+00
85.910000000000	-3.1261159977784e+00
85.940000000000	-4.4451043094742e+00
85.970000000000	-5.7058129512707e+00
86.000000000000	-6.9074856325263e+00
86.030000000000	-8.0494336278145e+00
86.060000000000	-9.1310359981252e+00
86.090000000000	-1.0151739674510e+01
86.120000000000	-1.1111059403146e+01
86.150000000000	-1.2008577554617e+01
86.180000000000	-1.2843943804947e+01
86.210000000000	-1.3616874701239e+01
86.240000000000	-1.4327153130170e+01
86.270000000000	-1.4974627712700e+01
86.300000000000	-1.5559212152557e+01
86.330000000000	-1.6080884568896e+01
86.360000000000	-1.6539686844540e+01
86.390000000000	-1.6935724020156e+01
86.420000000000	-1.7269163761284e+01
86.450000000000	-1.7540235919520e+01
86.480000000000	-1.7749232201412e+01
86.510000000000	-1.7896505949245e+01
86.540000000000	-1.7982472027429e+01
86.570000000000	-1.8007606797391e+01
86.600000000000	-1.7972448153436e+01
86.630000000000	-1.7877595582968e+01
86.660000000000	-1.7723710207284e+01
86.690000000000	-1.7511514754820e+01
86.720000000000	-1.7241793417436e+01
86.750000000000	-1.6915391542570e+01
86.780000000000	-1.6533215119724e+01
86.810000000000	-1.6096230028489e+01
86.840000000000	-1.5605461026765e+01
86.870000000000	-1.5061990471001e+01
86.900000000000	-1.4466956774496e+01
86.930000000000	-1.3821552623781e+01
86.960000000000	-1.3127022986043e+01
86.990000000000	-1.2384662951296e+01
87.020000000000	-1.1595815460892e+01
87.050000000000	-1.0761868978358e+01
87.080000000000	-9.8842551590946e+00
87.110000000000	-8.9644465722719e+00
87.140000000000	-8.0039545215390e+00
87.170000000000	-7.0043270014053e+00
87.200000000000	-5.9671468143361e+00
87.230000000000	-4.8940298603740e+00
87.260000000000	-3.7866235976748e+00
87.290000000000	-2.6466056595556e+00
87.320000000000	-1.4756826023701e+00
87.350000000000	-2.7558874951267e-01
87.380000000000	9.5191490943902e-01
87.410000000000	2.2050418087958e+00
87.440000000000	3.4819809307208e+00
87.470000000000	4.7808980053170e+00
87.500000000000	6.0999368242582e+00
87.530000000000	7.4372206986008e+00
87.560000000000	8.7908540834360e+00
87.590000000000	1.0158924383259e+01
87.620000000000	1.1539503943066e+01
87.650000000000	1.2930652221658e+01
87.680000000000	1.4330418135823e+01
87.710000000000	1.5736842557317e+01
87.740000000000	1.7147960938976e+01
87.770000000000	1.8561806042017e+01
87.800000000000	1.9976410733602e+01
87.830000000000	2.1389810822016e+01
87.860000000000	2.2800047896307e+01
87.890000000000	2.4205172137853e+01
87.920000000000	2.5603245073034e+01
87.950000000000	2.6992342238806e+01
87.980000000000	2.8370555736618e+01
88.010000000000	2.9735996654414e+01
88.040000000000	3.1086797341556e+01
88.070000000000	3.2421113527025e+01
88.100000000000	3.3737126277106e+01
88.130000000000	3.5033043790892e+01
88.160000000000	3.6307103058052e+01
88.190000000000	3.7557571366180e+01
88.220000000000	3.8782747684641e+01
88.250000000000	3.9980963957328e+01
88.280000000000	4.1150586313615e+01
88.310000000000	4.2290016223802e+01
88.340000000000	4.3397691620935e+01
88.370000000000	4.4472088008814e+01
88.400000000000	4.5511719572619e+01
88.430000000000	4.6515140304554e+01
88.460000000000	4.7480945152261e+01
88.490000000000	4.8407771193032e+01
88.520000000000	4.9294298832403e+01
88.550000000000	5.0139253021880e+01
88.580000000000	5.0941404487654e+01
88.610000000000	5.1699570960332e+01
88.640000000000	5.2412618395209e+01
88.670000000000	5.3079462173216e+01
88.700000000000	5.3699068274412e+01
88.730000000000	5.4270454418460e+01
88.760000000000	5.4792691169641e+01
88.790000000000	5.5264903007184e+01
88.820000000000	5.5686269364732e+01
88.850000000000	5.6056025645120e+01
88.880000000000	5.6373464218086e+01
88.910000000000	5.6637935408724e+01
88.940000000000	5.6848848483307e+01
88.970000000000	5.7005672636578e+01
89.000000000000	5.7107937980727e+01
89.030000000000	5.7155236531414e+01
89.060000000000	5.7147223180658e+01
89.090000000000	5.7083616640611e+01
89.120000000000	5.6964200336848e+01
89.150000000000	5.6788823225129e+01
89.180000000000	5.6557400502439e+01
89.210000000000	5.6269914181587e+01
89.240000000000	5.5926413499410e+01
89.270000000000	5.5527015131548e+01
89.300000000000	5.5071903192061e+01
89.330000000000	5.4561329003444e+01
89.360000000000	5.3995610631674e+01
89.390000000000	5.3375132191033e+01
89.420000000000	5.2700342934081e+01
89.450000000000	5.1971756152461e+01
89.480000000000	5.1189947923379e+01
89.510000000000	5.0355555743977e+01
89.540000000000	4.9469277100680e+01
89.570000000000	4.8531868022497e+01
89.600000000000	4.7544141665949e+01
89.630000000000	4.6506966974739e+01
89.660000000000	4.5421267449704e+01
89.690000000000	4.4288020054424e+01
89.720000000000	4.3108254269883e+01
89.750000000000	4.1883051298522e+01
89.780000000000	4.0613543404854e+01
89.810000000000	3.9300913367527e+01
89.840000000000	3.7946394007182e+01
89.870000000000	3.6551267746401e+01
89.900000000000	3.5116866153128e+01
89.930000000000	3.3644569417439e+01
89.960000000000	3.2135805713504e+01
89.990000000000	3.0592050403878e+01
90.020000000000	2.9014825051348e+01
90.050000000000	2.7405696213848e+01
90.080000000000	2.5766274009542e+01
90.110000000000	2.4098210451363e+01
90.140000000000	2.2403197561919e+01
90.170000000000	2.0682965290266e+01
90.200000000000	1.8939279260604e+01
90.230000000000	1.7173938389329e+01
90.260000000000	1.5388772410530e+01
90.290000000000	1.3585639351096e+01
90.320000000000	1.1766422995208e+01
90.350000000000	9.9330303744481e+00
90.380000000000	8.0873893146032e+00
90.410000000000	6.2314460639274e+00
90.440000000000	4.3671630207456e+00
90.470000000000	2.4965165713708e+00
90.500000000000	6.2149504271375e-01
90.530000000000	-1.2559032319056e+00
90.560000000000	-3.1336717402256e+00
90.590000000000	-5.0097975222912e+00
90.620000000000	-6.8822628189868e+00
90.650000000000	-8.7490466535290e+00
90.680000000000	-1.0608126362930e+01
90.710000000000	-1.2457479097160e+01
90.740000000000	-1.4295083303901e+01
90.770000000000	-1.6118920216476e+01
90.800000000000	-1.7926975361884e+01
90.830000000000	-1.9717240104682e+01
90.860000000000	-2.1487713240955e+01
90.890000000000	-2.3236402654543e+01
90.920000000000	-2.4961327045247e+01
90.950000000000	-2.6660517735700e+01
90.980000000000	-2.8332020560227e+01
91.010000000000	-2.9973897835359e+01
91.040000000000	-3.1584230407767e+01
91.070000000000	-3.3161119771673e+01
91.100000000000	-3.4702690244289e+01
91.130000000000	-3.6207091184828e+01
91.160000000000	-3.7672499240440e+01
91.190000000000	-3.9097120600955e+01
91.220000000000	-4.0479193243950e+01
91.250000000000	-4.1816989152180e+01
91.280000000000	-4.3108816486909e+01
91.310000000000	-4.4353021702912e+01
91.340000000000	-4.5547991593756e+01
91.370000000000	-4.6692155259131e+01
91.400000000000	-4.7783985989207e+01
91.430000000000	-4.8822003063989e+01
91.460000000000	-4.9804773468185e+01
91.490000000000	-5.0730913523991e+01
91.520000000000	-5.1599090445296e+01
91.550000000000	-5.2408023817048e+01
91.580000000000	-5.3156487002949e+01
91.610000000000	-5.3843308483366e+01
91.640000000000	-5.4467373123422e+01
91.670000000000	-5.5027623369061e+01
91.700000000000	-5.5523060366579e+01
91.730000000000	-5.5952744998987e+01
91.760000000000	-5.6315798831024e+01
91.790000000000	-5.6611404953671e+01
91.820000000000	-5.6838808719130e+01
91.850000000000	-5.6997318358275e+01
91.880000000000	-5.7086305474842e+01
91.910000000000	-5.7105205413882e+01
91.940000000000	-5.7053517506169e+01
91.970000000000	-5.6930805195187e+01
92.000000000000	-5.6736696058449e+01
92.030000000000	-5.6470881740119e+01
92.060000000000	-5.6133117816564e+01
92.090000000000	-5.5723223620188e+01
92.120000000000	-5.5241082049341e+01
92.150000000000	-5.4686639392790e+01
92.180000000000	-5.4059905196042e+01
92.210000000000	-5.3360952193542e+01
92.240000000000	-5.2589916325532e+01
92.270000000000	-5.1746996851263e+01
92.300000000000	-5.0832456561777e+01
92.330000000000	-4.9846622085974e+01
92.360000000000	-4.8789884273944e+01
92.390000000000	-4.7662698632068e+01
92.420000000000	-4.6465585776031e+01
92.450000000000	-4.5199131861225e+01
92.480000000000	-4.3863988944609e+01
92.510000000000	-4.2460875235205e+01
92.540000000000	-4.0990575184706e+01
92.570000000000	-3.9453939376440e+01
92.600000000000	-3.7851884182192e+01
92.630000000000	-3.6185391162087e+01
92.660000000000	-3.4455506195397e+01
92.690000000000	-3.2663338342818e+01
92.720000000000	-3.0810058453580e+01
92.750000000000	-2.8896897543111e+01
92.780000000000	-2.6925144977618e+01
92.810000000000	-2.4896146510478e+01
92.840000000000	-2.2811302220912e+01
92.870000000000	-2.0672064407795e+01
92.900000000000	-1.8479935490470e+01
92.930000000000	-1.6236465964110e+01
92.960000000000	-1.3943252450040e+01
92.990000000000	-1.1601935871882e+01
93.020000000000	-9.2141997772185e+00
93.050000000000	-6.7817688126142e+00
93.080000000000	-4.3064073478904e+00
93.110000000000	-1.7899182346216e+00
93.140000000000	7.6585832556960e-01
93.170000000000	3.3590458346282e+00
93.200000000000	5.9877325100191e+00
93.230000000000	8.6499722936410e+00
93.260000000000	1.1343785895840e+01
93.290000000000	1.4067161910012e+01
93.320000000000	1.6818058028655e+01
93.350000000000	1.9594402385705e+01
93.380000000000	2.2394095043232e+01
93.410000000000	2.5215009633313e+01
93.440000000000	2.8054995159089e+01
93.470000000000	3.0911877952462e+01
93.500000000000	3.3783463780428e+01
93.530000000000	3.6667540087467e+01
93.560000000000	3.9561878357870e+01
93.590000000000	4.2464236579374e+01
93.620000000000	4.5372361787849e+01
93.650000000000	4.8283992671819e+01
93.680000000000	5.1196862215396e+01
93.710000000000	5.4108700358229e+01
93.740000000000	5.7017236651703e+01
93.770000000000	5.9920202891460e+01
93.800000000000	6.2815335707514e+01
93.830000000000	6.5700379094858e+01
93.860000000000	6.8573086869394e+01
93.890000000000	7.1431225036483e+01
93.920000000000	7.4272574062286e+01
93.950000000000	7.7094931041274e+01
93.980000000000	7.9896111756927e+01
94.010000000000	8.2673952636277e+01
94.040000000000	8.5426312602709e+01
94.070000000000	8.8151074834814e+01
94.100000000000	9.0846148442038e+01
94.130000000000	9.3509470070196e+01
94.160000000000	9.6139005451292e+01
94.190000000000	9.8732750912614e+01
94.220000000000	1.0128873485955e+02
94.250000000000	1.0380501924518e+02
94.280000000000	1.0627970103740e+02
94.310000000000	1.0871091369150e+02
94.340000000000	1.1109682863297e+02
94.370000000000	1.1343565675153e+02
94.400000000000	1.1572564990470e+02
94.430000000000	1.1796510242569e+02
94.460000000000	1.2015235262856e+02
94.490000000000	1.2228578430168e+02
94.520000000000	1.2436382818002e+02
94.550000000000	1.2638496338663e+02
94.580000000000	1.2834771883499e+02
94.610000000000	1.3025067458503e+02
94.640000000000	1.3209246314844e+02
94.670000000000	1.3387177074108e+02
94.700000000000	1.3558733848325e+02
94.730000000000	1.3723796355122e+02
94.760000000000	1.3882250028584e+02
94.790000000000	1.4033986126585e+02
94.820000000000	1.4178901835451e+02
94.850000000000	1.4316900372839e+02
94.880000000000	1.4447891089641e+02
94.910000000000	1.4571789571512e+02
94.940000000000	1.4688517740358e+02
94.970000000000	1.4798003955736e+02
95.000000000000	1.4900183115678e+02
95.030000000000	1.4994996755980e+02
95.060000000000	1.5082393146521e+02
95.090000000000	1.5162327382718e+02
95.120000000000	1.5234761469861e+02
95.150000000000	1.5299664397807e+02
95.180000000000	1.5357012203389e+02
95.210000000000	1.5406788017939e+02
95.240000000000	1.5448982097576e+02
95.270000000000	1.5483591834293e+02
95.300000000000	1.5510621746476e+02
95.330000000000	1.5530083448240e+02
95.360000000000	1.5541995597754e+02
95.390000000000	1.5546383825664e+02
95.420000000000	1.5543280645586e+02
95.450000000000	1.5532725349447e+02
95.480000000000	1.5514763891188e+02
95.510000000000	1.5489448762779e+02
95.540000000000	1.5456838866849e+02
95.570000000000	1.5416999390178e+02
95.600000000000	1.5370001682091e+02
95.630000000000	1.5315923141225e+02
95.660000000000	1.5254847113392e+02
95.690000000000	1.5186862802295e+02
95.720000000000	1.5112065193722e+02
95.750000000000	1.5030554992715e+02
95.780000000000	1.4942438572040e+02
95.810000000000	1.4847827929237e+02
95.840000000000	1.4746840648685e+02
95.870000000000	1.4639599864424e+02
95.900000000000	1.4526234219188e+02
95.930000000000	1.4406877815002e+02
95.960000000000	1.4281670150999e+02
95.990000000000	1.4150756044623e+02
96.020000000000	1.4014285533230e+02
96.050000000000	1.3872413754013e+02
96.080000000000	1.3725300801326e+02
96.110000000000	1.3573111561541e+02
96.140000000000	1.3416015526681e+02
96.170000000000	1.3254186588976e+02
96.200000000000	1.3087802819278e+02
96.230000000000	1.2917046232767e+02
96.260000000000	1.2742102545724e+02
96.290000000000	1.2563160927120e+02
96.320000000000	1.2380413748645e+02
96.350000000000	1.2194056336391e+02
96.380000000000	1.2004286726902e+02
96.410000000000	1.1811305429677e+02
96.440000000000	1.1615315197610e+02
96.470000000000	1.1416520806183e+02
96.500000000000	1.1215128841715e+02
96.530000000000	1.1011347498462e+02
96.560000000000	1.0805386384026e+02
96.590000000000	1.0597456332264e+02
96.620000000000	1.0387769222729e+02
96.650000000000	1.0176537805624e+02
96.680000000000	9.9639755311989e+01
96.710000000000	9.7502963825813e+01
96.740000000000	9.5357147110302e+01
96.770000000000	9.3204450726420e+01
96.800000000000	9.1047020654593e+01
96.830000000000	8.8887001662584e+01
96.860000000000	8.6726535660069e+01
96.890000000000	8.4567760025506e+01
96.920000000000	8.2412805900724e+01
96.950000000000	8.0263796442229e+01
96.980000000000	7.8122845021231e+01
97.010000000000	7.5992053365927e+01
97.040000000000	7.3873509641863e+01
97.070000000000	7.1769286469010e+01
97.100000000000	6.9681438877534e+01
97.130000000000	6.7612002207754e+01
97.160000000000	6.5562989963242e+01
97.190000000000	6.3536391629348e+01
97.220000000000	6.1534170472036e+01
97.250000000000	5.9558261333914e+01
97.280000000000	5.7610568445299e+01
97.310000000000	5.5692963268175e+01
97.340000000000	5.3807282389914e+01
97.370000000000	5.1955325481604e+01
97.400000000000	5.0138853333195e+01
97.430000000000	4.8359585974303e+01
97.460000000000	4.6619200885994e+01
97.490000000000	4.4919331305184e+01
97.520000000000	4.3261564619905e+01
97.550000000000	4.1647440850748e+01
97.580000000000	4.0078451211475e+01
97.610000000000	3.8556036740339e+01
97.640000000000	3.7081586992979e+01
97.670000000000	3.5656438788091e+01
97.700000000000	3.4281874998163e+01
97.730000000000	3.2959123379494e+01
97.760000000000	3.1689355438178e+01
97.790000000000	3.0473685331713e+01
97.820000000000	2.9313168808985e+01
97.850000000000	2.8208802194569e+01
97.880000000000	2.7161521426082e+01
97.910000000000	2.6172201155728e+01
97.940000000000	2.5241653928813e+01
97.970000000000	2.4370629452757e+01
98.000000000000	2.3559813969846e+01
98.030000000000	2.2809829745566e+01
98.060000000000	2.2121234681899e+01
98.090000000000	2.1494522061389e+01
98.120000000000	2.0930120423425e+01
98.150000000000	2.0428393569165e+01
98.180000000000	1.9989640686188e+01
98.210000000000	1.9614096578683e+01
98.240000000000	1.9301931984131e+01
98.270000000000	1.9053253953445e+01
98.300000000000	1.8868106268718e+01
98.330000000000	1.8746469871446e+01
98.360000000000	1.8688263274496e+01
98.390000000000	1.8693342933441e+01
98.420000000000	1.8761503556892e+01
98.450000000000	1.8892478341340e+01
98.480000000000	1.9085939123099e+01
98.510000000000	1.9341496448177e+01
98.540000000000	1.9658699569496e+01
98.570000000000	2.0037036389477e+01
98.600000000000	2.0475933373901e+01
98.630000000000	2.0974755469601e+01
98.660000000000	2.1532806063430e+01
98.690000000000	2.2149327022639e+01
98.720000000000	2.2823498857000e+01
98.750000000000	2.3554441040647e+01
98.780000000000	2.4341212526671e+01
98.810000000000	2.5182812480266e+01
98.840000000000	2.6078181247121e+01
98.870000000000	2.7026201563294e+01
98.900000000000	2.8025700001700e+01
98.930000000000	2.9075448639341e+01
98.960000000000	3.0174166919199e+01
98.990000000000	3.1320523672100e+01
99.020000000000	3.2513139257327e+01
99.050000000000	3.3750587776844e+01
99.080000000000	3.5031399316947e+01
99.110000000000	3.6354062172937e+01
99.140000000000	3.7717025017029e+01
99.170000000000	3.9118698976535e+01
99.200000000000	4.0557459598146e+01
99.230000000000	4.2031648683953e+01
99.260000000000	4.3539575995084e+01
99.290000000000	4.5079520828744e+01
99.320000000000	4.6649733483299e+01
99.350000000000	4.8248436633271e+01
99.380000000000	4.9873826641325e+01
99.410000000000	5.1524074837289e+01
99.440000000000	5.3197328794922e+01
99.470000000000	5.4891713635678e+01
99.500000000000	5.6605333385526e+01
99.530000000000	5.8336272406216e+01
99.560000000000	6.0082596917056e+01
99.590000000000	6.1842356617468e+01
99.620000000000	6.3613586415105e+01
99.650000000000	6.5394308259327e+01
99.680000000000	6.7182533075824e+01
99.710000000000	6.8976262795082e+01
99.740000000000	7.0773492465432e+01
99.770000000000	7.2572212440308e+01
99.800000000000	7.4370410629060e+01
99.830000000000	7.6166074800709e+01
99.860000000000	7.7957194930407e+01
99.890000000000	7.9741765578570e+01
99.920000000000	8.1517788292670e+01
99.950000000000	8.3283274021353e+01
99.980000000000	8.5036245529825e+01
100.010000000000	8.6774739804544e+01
100.040000000000	8.8496810434219e+01
100.070000000000	9.0200529953236e+01
100.100000000000	9.1883992133145e+01
100.130000000000	9.3545314207919e+01
100.160000000000	9.5182639019638e+01
100.190000000000	9.6794137072917e+01
100.220000000000	9.8378008489083e+01
100.250000000000	9.9932484854384e+01
100.280000000000	1.0145583096044e+02
100.310000000000	1.0294634643925e+02
100.340000000000	1.0440236729921e+02
100.370000000000	1.0582226737207e+02
100.400000000000	1.0720445968395e+02
100.430000000000	1.0854739776522e+02
100.460000000000	1.0984957691505e+02
100.490000000000	1.1110953543587e+02
100.520000000000	1.1232585585154e+02
100.550000000000	1.1349716612034e+02
100.580000000000	1.1462214085046e+02
100.610000000000	1.1569950252197e+02
100.640000000000	1.1672802271495e+02
100.670000000000	1.1770652333966e+02
100.700000000000	1.1863387786128e+02
100.730000000000	1.1950901250874e+02
100.760000000000	1.2033090745551e+02
100.790000000000	1.2109859795913e+02
100.820000000000	1.2181117544637e+02
100.850000000000	1.2246778853201e+02
100.880000000000	1.2306764396085e+02
100.910000000000	1.2361000746527e+02
100.940000000000	1.2409420453358e+02
100.970000000000	1.2451962108749e+02
101.000000000000	1.2488570407071e+02
101.030000000000	1.2519196195349e+02
101.060000000000	1.2543796516103e+02
101.090000000000	1.2562334643613e+02
101.120000000000	1.2574779316119e+02
101.150000000000	1.2581103711054e+02
101.180000000000	1.2581293401929e+02
101.210000000000	1.2575336877979e+02
101.240000000000	1.2563228986553e+02
101.270000000000	1.2544970955572e+02
101.300000000000	1.2520570416871e+02
101.330000000000	1.2490041430524e+02
101.360000000000	1.2453404509776e+02
101.390000000000	1.2410686645784e+02
101.420000000000	1.2361921330848e+02
101.450000000000	1.2307148578411e+02
101.480000000000	1.2246414937739e+02
101.510000000000	1.2179773500915e+02
101.540000000000	1.2107283899622e+02
101.570000000000	1.2029012289195e+02
101.600000000000	1.1945031317579e+02
101.630000000000	1.1855420077099e+02
101.660000000000	1.1760264037444e+02
101.690000000000	1.1659654958833e+02
101.720000000000	1.1553690785021e+02
101.750000000000	1.1442475516597e+02
101.780000000000	1.1326119065776e+02
101.810000000000	1.1204737094693e+02
101.840000000000	1.1078450839886e+02
101.870000000000	1.0947386926257e+02
101.900000000000	1.0811677174195e+02
101.930000000000	1.0671458403827e+02
101.960000000000	1.0526872240328e+02
101.990000000000	1.0378064924048e+02
102.020000000000	1.0225187128770e+02
102.050000000000	1.0068393790761e+02
102.080000000000	9.9078439505006e+01
102.110000000000	9.7437006080144e+01
102.140000000000	9.5761305917333e+01
102.170000000000	9.4053044398135e+01
102.200000000000	9.2313962918756e+01
102.230000000000	9.0545837883029e+01
102.260000000000	8.8750479735873e+01
102.290000000000	8.6929731997787e+01
102.320000000000	8.5085470259248e+01
102.350000000000	8.3219601094749e+01
102.380000000000	8.1334060859748e+01
102.410000000000	7.9430814339670e+01
102.440000000000	7.7511853227795e+01
102.470000000000	7.5579194418048e+01
102.500000000000	7.3634878108449e+01
102.530000000000	7.1680965720758e+01
102.560000000000	6.9719537650988e+01
102.590000000000	6.7752690873210e+01
102.620000000000	6.5782536425098e+01
102.650000000000	6.3811196807659e+01
102.680000000000	6.1840803333154e+01
102.710000000000	5.9873493454847e+01
102.740000000000	5.7911408109657e+01
102.770000000000	5.5956689100787e+01
102.800000000000	5.4011476542166e+01
102.830000000000	5.2077906380772e+01
102.860000000000	5.0158108007022e+01
102.890000000000	4.8254201957967e+01
102.920000000000	4.6368297713343e+01
102.950000000000	4.4502491580909e+01
102.980000000000	4.2658864665093e+01
103.010000000000	4.0839480911681e+01
103.040000000000	3.9046385221021e+01
103.070000000000	3.7281601622804e+01
103.100000000000	3.5547131506461e+01
103.130000000000	3.3844951902462e+01
103.160000000000	3.2177013810819e+01
103.190000000000	3.0545240573836e+01
103.220000000000	2.8951526290281e+01
103.250000000000	2.7397734267766e+01
103.280000000000	2.5885695509181e+01
103.310000000000	2.4417207227718e+01
103.340000000000	2.2994031383551e+01
103.370000000000	2.1617893233888e+01
103.400000000000	2.0290479887113e+01
103.430000000000	1.9013438851372e+01
103.460000000000	1.7788376568376e+01
103.490000000000	1.6616856924525e+01
103.520000000000	1.5500399733638e+01
103.550000000000	1.4440479188551e+01
103.580000000000	1.3438522282432e+01
103.610000000000	1.2495907204494e+01
103.640000000000	1.1613961718672e+01
103.670000000000	1.0793961537388e+01
103.700000000000	1.0037128705420e+01
103.730000000000	9.3446300109813e+00
103.760000000000	8.7175754420891e+00
103.790000000000	8.1570167062511e+00
103.820000000000	7.6639458302652e+00
103.850000000000	7.2392938547860e+00
103.880000000000	6.8839296353204e+00
103.910000000000	6.5986587577960e+00
103.940000000000	6.3842225730483e+00
103.970000000000	6.2412973507238e+00
104.000000000000	6.1704935495550e+00
104.030000000000	6.1723551978159e+00
104.060000000000	6.2473593752729e+00
104.090000000000	6.3959157861744e+00
104.120000000000	6.6183664118043e+00
104.150000000000	6.9149852308804e+00
104.180000000000	7.2859779965909e+00
104.210000000000	7.7314820601597e+00
104.240000000000	8.2515662325667e+00
104.270000000000	8.8462306781727e+00
104.300000000000	9.5154068365167e+00
104.330000000000	1.0258957371256e+01
104.360000000000	1.1076676148084e+01
104.390000000000	1.1968288246240e+01
104.420000000000	1.2933450010895e+01
104.450000000000	1.3971749156051e+01
104.480000000000	1.5082704929465e+01
104.510000000000	1.6265768352406e+01
104.540000000000	1.7520322547548e+01
104.570000000000	1.8845683168022e+01
104.600000000000	2.0241098939294e+01
104.630000000000	2.1705752323364e+01
104.660000000000	2.3238760311577e+01
104.690000000000	2.4839175348364e+01
104.720000000000	2.6505986383717e+01
104.750000000000	2.8238120047189e+01
104.780000000000	3.0034441931315e+01
104.810000000000	3.1893757967624e+01
104.840000000000	3.3814815874416e+01
104.870000000000	3.5796306652469e+01
104.900000000000	3.7836866103027e+01
104.930000000000	3.9935076342212e+01
104.960000000000	4.2089467287325e+01
104.990000000000	4.4298518093458e+01
105.020000000000	4.6560658523392e+01
105.050000000000	4.8874270239545e+01
105.080000000000	5.1237688013597e+01
105.110000000000	5.3649200856918e+01
105.140000000000	5.6107053082495e+01
105.170000000000	5.8609445316418e+01
105.200000000000	6.1154535483469e+01
105.230000000000	6.3740439796547e+01
105.260000000000	6.6365233783302e+01
105.290000000000	6.9026953384856e+01
105.320000000000	7.1723596161001e+01
105.350000000000	7.4453122633459e+01
105.380000000000	7.7213457793883e+01
105.410000000000	8.0002492796522e+01
105.440000000000	8.2818086847150e+01
105.470000000000	8.5658069292238e+01
105.500000000000	8.8520241891387e+01
105.530000000000	9.1402381275164e+01
105.560000000000	9.4302241544530e+01
105.590000000000	9.7217556984063e+01
105.620000000000	1.0014604485091e+02
105.650000000000	1.0308540819623e+02
105.680000000000	1.0603333867604e+02
105.710000000000	1.0898751930999e+02
105.740000000000	1.1194562715117e+02
105.770000000000	1.1490533583632e+02
105.800000000000	1.1786431799404e+02
105.830000000000	1.2082024749789e+02
105.860000000000	1.2377080156099e+02
105.890000000000	1.2671366267803e+02
105.920000000000	1.2964652042925e+02
105.950000000000	1.3256707316789e+02
105.980000000000	1.3547302961779e+02
106.010000000000	1.3836211041042e+02
106.040000000000	1.4123204959159e+02
106.070000000000	1.4408059612604e+02
106.100000000000	1.4690551542498e+02
106.130000000000	1.4970459091619e+02
106.160000000000	1.5247562567065e+02
106.190000000000	1.5521644409308e+02
106.220000000000	1.5792489367746e+02
106.250000000000	1.6059884682311e+02
106.280000000000	1.6323620270245e+02
106.310000000000	1.6583488916817e+02
106.340000000000	1.6839286468606e+02
106.370000000000	1.7090812027934e+02
106.400000000000	1.7337868147132e+02
106.430000000000	1.7580261021526e+02
106.460000000000	1.7817800680258e+02
106.490000000000	1.8050301174376e+02
106.520000000000	1.8277580761825e+02
106.550000000000	1.8499462089221e+02
106.580000000000	1.8715772370406e+02
106.610000000000	1.8926343561796e+02
106.640000000000	1.9131012534516e+02
106.670000000000	1.9329621243157e+02
106.700000000000	1.9522016890812e+02
106.730000000000	1.9708052089796e+02
106.760000000000	1.9887585017275e+02
106.790000000000	2.0060479564764e+02
106.820000000000	2.0226605480399e+02
106.850000000000	2.0385838502750e+02
106.880000000000	2.0538060485050e+02
106.910000000000	2.0683159508824e+02
106.940000000000	2.0821029986117e+02
106.970000000000	2.0951572749853e+02
107.000000000000	2.1074695132184e+02
107.030000000000	2.1190311031056e+02
107.060000000000	2.1298340965585e+02
107.090000000000	2.1398712121118e+02
107.120000000000	2.1491358385143e+02
107.150000000000	2.1576220375299e+02
107.180000000000	2.1653245460856e+02
107.210000000000	2.1722387778959e+02
107.240000000000	2.1783608246787e+02
107.270000000000	2.1836874570607e+02
107.300000000000	2.1882161252403e+02
107.330000000000	2.1919449594485e+02
107.360000000000	2.1948727702171e+02
107.390000000000	2.1969990484366e+02
107.420000000000	2.1983239651585e+02
107.450000000000	2.1988483710804e+02
107.480000000000	2.1985737956336e+02
107.510000000000	2.1975024455887e+02
107.540000000000	2.1956372030904e+02
107.570000000000	2.1929816230364e+02
107.600000000000	2.1895399297233e+02
107.630000000000	2.1853170126950e+02
107.660000000000	2.1803184217436e+02
107.690000000000	2.1745503610298e+02
107.720000000000	2.1680196823105e+02
107.750000000000	2.1607338772794e+02
107.780000000000	2.1527010690487e+02
107.810000000000	2.1439300028208e+02
107.840000000000	2.1344300358167e+02
107.870000000000	2.1242111265508e+02
107.900000000000	2.1132838235516e+02
107.930000000000	2.1016592536458e+02
107.960000000000	2.0893491099259e+02
107.990000000000	2.0763656395257e+02
108.020000000000	2.0627216313191e+02
108.050000000000	2.0484304036474e+02
108.080000000000	2.0335057921551e+02
108.110000000000	2.0179621377886e+02
108.140000000000	2.0018142749746e+02
108.170000000000	1.9850775199584e+02
108.200000000000	1.9677676592371e+02
108.230000000000	1.9499009379857e+02
108.260000000000	1.9314940483321e+02
108.290000000000	1.9125641173084e+02
108.320000000000	1.8931286942834e+02
108.350000000000	1.8732057376659e+02
108.380000000000	1.8528136006765e+02
108.410000000000	1.8319710159933e+02
108.440000000000	1.8106970791112e+02
108.470000000000	1.7890112302928e+02
108.500000000000	1.7669332350413e+02
108.530000000000	1.7444831630876e+02
108.560000000000	1.7216813659472e+02
108.590000000000	1.6985484531728e+02
108.620000000000	1.6751052674888e+02
108.650000000000	1.6513728590573e+02
108.680000000000	1.6273724591686e+02
108.710000000000	1.6031254536876e+02
108.740000000000	1.5786533566040e+02
108.770000000000	1.5539777840363e+02
108.800000000000	1.5291204290189e+02
108.830000000000	1.5041030373680e+02
108.860000000000	1.4789473848654e+02
108.890000000000	1.4536752559305e+02
108.920000000000	1.4283084238733e+02
108.950000000000	1.4028686327319e+02
108.980000000000	1.3773775806123e+02
109.010000000000	1.3518569043640e+02
109.040000000000	1.3263281653517e+02
109.070000000000	1.3008128360224e+02
109.100000000000	1.2753322869292e+02
109.130000000000	1.2499077738512e+02
109.160000000000	1.2245604246571e+02
109.190000000000	1.1993112255837e+02
109.220000000000	1.1741810066545e+02
109.250000000000	1.1491904260267e+02
109.280000000000	1.1243599531404e+02
109.310000000000	1.0997098506292e+02
109.340000000000	1.0752601550432e+02
109.370000000000	1.0510306565214e+02
109.400000000000	1.0270408776234e+02
109.430000000000	1.0033100515890e+02
109.460000000000	9.7985710033284e+01
109.490000000000	9.5670061249643e+01
109.520000000000	9.3385882187500e+01
109.550000000000	9.1134958650752e+01
109.580000000000	8.8919036867490e+01
109.610000000000	8.6739821599206e+01
109.640000000000	8.4598974371364e+01
109.670000000000	8.2498111830473e+01
109.700000000000	8.0438804226333e+01
109.730000000000	7.8422574012608e+01
109.760000000000	7.6450894554548e+01
109.790000000000	7.4525188931275e+01
109.820000000000	7.2646828814755e+01
109.850000000000	7.0817133408399e+01
109.880000000000	6.9037368451205e+01
109.910000000000	6.7308745254894e+01
109.940000000000	6.5632419782696e+01
109.970000000000	6.4009491766246e+01
110.000000000000	6.2441003863975e+01
110.030000000000	6.0927940867572e+01
110.060000000000	5.9471228965546e+01
110.090000000000	5.8071735073947e+01
110.120000000000	5.6730266244161e+01
110.150000000000	5.5447569156254e+01
110.180000000000	5.4224329703778e+01
110.210000000000	5.3061172672691e+01
110.240000000000	5.1958661513185e+01
110.270000000000	5.0917298199458e+01
110.300000000000	4.9937523168887e+01
110.330000000000	4.9019715329311e+01
110.360000000000	4.8164192121239e+01
110.390000000000	4.7371209621086e+01
110.420000000000	4.6640962672038e+01
110.450000000000	4.5973585030794e+01
110.480000000000	4.5369149521046e+01
110.510000000000	4.4827668187981e+01
110.540000000000	4.4349092451921e+01
110.570000000000	4.3933313263120e+01
110.600000000000	4.3580161263538e+01
110.630000000000	4.3289406964516e+01
110.660000000000	4.3060760951786e+01
110.690000000000	4.2893874130722e+01
110.720000000000	4.2788338025268e+01
110.750000000000	4.2743685143519e+01
110.780000000000	4.2759389421586e+01
110.810000000000	4.2834866755301e+01
110.840000000000	4.2969475626757e+01
110.870000000000	4.3162517829749e+01
110.900000000000	4.3413239295231e+01
110.930000000000	4.3720831015054e+01
110.960000000000	4.4084430059657e+01
110.990000000000	4.4503120683192e+01
111.020000000000	4.4975935507890e+01
111.050000000000	4.5501856778206e+01
111.080000000000	4.6079817674617e+01
111.110000000000	4.6708703676686e+01
111.140000000000	4.7387353965232e+01
111.170000000000	4.8114562854046e+01
111.200000000000	4.8889081242576e+01
111.230000000000	4.9709618082351e+01
111.260000000000	5.0574841851499e+01
111.290000000000	5.1483382033645e+01
111.320000000000	5.2433830599582e+01
111.350000000000	5.3424743492359e+01
111.380000000000	5.4454642118836e+01
111.410000000000	5.5522014852944e+01
111.440000000000	5.6625318558059e+01
111.470000000000	5.7762980137601e+01
111.500000000000	5.8933398124157e+01
111.530000000000	6.0134944318062e+01
111.560000000000	6.1365965486050e+01
111.590000000000	6.2624785129601e+01
111.620000000000	6.3909705330579e+01
111.650000000000	6.5219008679042e+01
111.680000000000	6.6550960284601e+01
111.710000000000	6.7903809868740e+01
111.740000000000	6.9275793931226e+01
111.770000000000	7.0665137979449e+01
111.800000000000	7.2070058805540e+01
111.830000000000	7.3488766792639e+01
111.860000000000	7.4919468229016e+01
111.890000000000	7.6360367607079e+01
111.920000000000	7.7809669883762e+01
111.950000000000	7.9265582679528e+01
111.980000000000	8.0726318395042e+01
112.010000000000	8.2190096227654e+01
112.040000000000	8.3655144073941e+01
112.070000000000	8.5119700309326e+01
112.100000000000	8.6582015441364e+01
112.130000000000	8.8040353639037e+01
112.160000000000	8.9492994146204e+01
112.190000000000	9.0938232593011e+01
112.220000000000	9.2374382223999e+01
112.250000000000	9.3799775065952e+01
112.280000000000	9.5212763061591e+01
112.310000000000	9.6611719197159e+01
112.340000000000	9.7995038652328e+01
112.370000000000	9.9361139999746e+01
112.400000000000	1.0070846647889e+02
112.430000000000	1.0203548736470e+02
112.460000000000	1.0334069944600e+02
112.490000000000	1.0462262862185e+02
112.520000000000	1.0587983161680e+02
112.550000000000	1.0711089780788e+02
112.580000000000	1.0831445114844e+02
112.610000000000	1.0948915216642e+02
112.640000000000	1.1063370000847e+02
112.670000000000	1.1174683449609e+02
112.700000000000	1.1282733815669e+02
112.730000000000	1.1387403819152e+02
112.760000000000	1.1488580834276e+02
112.790000000000	1.1586157062578e+02
112.820000000000	1.1680029689686e+02
112.850000000000	1.1770101023413e+02
112.880000000000	1.1856278611672e+02
112.910000000000	1.1938475339646e+02
112.940000000000	1.2016609506487e+02
112.970000000000	1.2090604882697e+02
113.000000000000	1.2160390750072e+02
113.030000000000	1.2225901926690e+02
113.060000000000	1.2287078779845e+02
113.090000000000	1.2343867230029e+02
113.120000000000	1.2396218749067e+02
113.150000000000	1.2444090355270e+02
113.180000000000	1.2487444608124e+02
113.210000000000	1.2526249604454e+02
113.240000000000	1.2560478977413e+02
113.270000000000	1.2590111898955e+02
113.300000000000	1.2615133085816e+02
113.330000000000	1.2635532808433e+02
113.360000000000	1.2651306901749e+02
113.390000000000	1.2662456776507e+02
113.420000000000	1.2668989429444e+02
113.450000000000	1.2670917450769e+02
113.480000000000	1.2668259027396e+02
113.510000000000	1.2661037940662e+02
113.540000000000	1.2649283557553e+02
113.570000000000	1.2633030814839e+02
113.600000000000	1.2612320195886e+02
113.630000000000	1.2587197700266e+02
113.660000000000	1.2557714806536e+02
113.690000000000	1.2523928428778e+02
113.720000000000	1.2485900867525e+02
113.750000000000	1.2443699755725e+02
113.780000000000	1.2397398000219e+02
113.810000000000	1.2347073719037e+02
113.840000000000	1.2292810174551e+02
113.870000000000	1.2234695702224e+02
113.900000000000	1.2172823634481e+02
113.930000000000	1.2107292218944e+02
113.960000000000	1.2038204530176e+02
113.990000000000	1.1965668373989e+02
114.020000000000	1.1889796183435e+02
114.050000000000	1.1810704905707e+02
114.080000000000	1.1728515879454e+02
114.110000000000	1.1643354702258e+02
114.140000000000	1.1555351088196e+02
114.170000000000	1.1464638717049e+02
114.200000000000	1.1371355073754e+02
114.230000000000	1.1275641281318e+02
114.260000000000	1.1177641927612e+02
114.290000000000	1.1077504887550e+02
114.320000000000	1.0975381142166e+02
114.350000000000	1.0871424596000e+02
114.380000000000	1.0765791894040e+02
114.410000000000	1.0658642239268e+02
114.440000000000	1.0550137211545e+02
114.470000000000	1.0440440588320e+02
114.500000000000	1.0329718167324e+02
114.530000000000	1.0218137591140e+02
114.560000000000	1.0105868173356e+02
114.590000000000	9.9930807257705e+01
114.620000000000	9.8799473860878e+01
114.650000000000	9.7666414454363e+01
114.680000000000	9.6533371750840e+01
114.710000000000	9.5402096517658e+01
114.740000000000	9.4274345811257e+01
114.770000000000	9.3151881188795e+01
114.800000000000	9.2036466894165e+01
114.830000000000	9.0929868016710e+01
114.860000000000	8.9833848622024e+01
114.890000000000	8.8750169855296e+01
114.920000000000	8.7680588018625e+01
114.950000000000	8.6626852624850e+01
114.980000000000	8.5590704431450e+01
115.010000000000	8.4573873459359e+01
115.040000000000	8.3578077002780e+01
115.070000000000	8.2605017637428e+01
115.100000000000	8.1656381236019e+01
115.130000000000	8.0733835000979e+01
115.160000000000	7.9839025525350e+01
115.190000000000	7.8973576893367e+01
115.220000000000	7.8139088832244e+01
115.250000000000	7.7337134926034e+01
115.280000000000	7.6569260901114e+01
115.310000000000	7.5836982990812e+01
115.340000000000	7.5141786384034e+01
115.370000000000	7.4485123759559e+01
115.400000000000	7.3868413904250e+01
115.430000000000	7.3293040409787e+01
115.460000000000	7.2760350439174e+01
115.490000000000	7.2271653551235e+01
115.520000000000	7.1828220568919e+01
115.550000000000	7.1431282475640e+01
115.580000000000	7.1082029323214e+01
115.610000000000	7.0781609135241e+01
115.640000000000	7.0531126791104e+01
115.670000000000	7.0331642877931e+01
115.700000000000	7.0184172500917e+01
115.730000000000	7.0089684046042e+01
115.760000000000	7.0049097893376e+01
115.790000000000	7.0063285083571e+01
115.820000000000	7.0133065944637e+01
115.850000000000	7.0259208690419e+01
115.880000000000	7.0442428006275e+01
115.910000000000	7.0683383640939e+01
115.940000000000	7.0982679026446e+01
115.970000000000	7.1340859950000e+01
116.000000000000	7.1758413302764e+01
116.030000000000	7.2235765930562e+01
116.060000000000	7.2773283610384e+01
116.090000000000	7.3371270174298e+01
116.120000000000	7.4029966798989e+01
116.150000000000	7.4749551474657e+01
116.180000000000	7.5530138661708e+01
116.210000000000	7.6371779137554e+01
116.240000000000	7.7274460029445e+01
116.270000000000	7.8238105022733e+01
116.300000000000	7.9262574727750e+01
116.330000000000	8.0347667182955e+01
116.360000000000	8.1493118467566e+01
116.390000000000	8.2698603393793e+01
116.420000000000	8.3963736247361e+01
116.450000000000	8.5288071545378e+01
116.480000000000	8.6671104782816e+01
116.510000000000	8.8112273142808e+01
116.540000000000	8.9610956151469e+01
116.570000000000	9.1166476264614e+01
116.600000000000	9.2778099381212e+01
116.630000000000	9.4445035286092e+01
116.660000000000	9.6166438031858e+01
116.690000000000	9.7941406276576e+01
116.720000000000	9.9768983599183e+01
116.750000000000	1.0164815881829e+02
116.780000000000	1.0357786634184e+02
116.810000000000	1.0555698657507e+02
116.840000000000	1.0758434641184e+02
116.870000000000	1.0965871983100e+02
116.900000000000	1.1177882861384e+02
116.930000000000	1.1394334319264e+02
116.960000000000	1.1615088363395e+02
116.990000000000	1.1840002075330e+02
117.020000000000	1.2068927735271e+02
117.050000000000	1.2301712956693e+02
117.080000000000	1.2538200830165e+02
117.110000000000	1.2778230074456e+02
117.140000000000	1.3021635193048e+02
117.170000000000	1.3268246634312e+02
117.200000000000	1.3517890953900e+02
117.230000000000	1.3770390978317e+02
117.260000000000	1.4025565969079e+02
117.290000000000	1.4283231787348e+02
117.320000000000	1.4543201059387e+02
117.350000000000	1.4805283343550e+02
117.380000000000	1.5069285299787e+02
117.410000000000	1.5335010862784e+02
117.440000000000	1.5602261419866e+02
117.470000000000	1.5870835994647e+02
117.500000000000	1.6140531437139e+02
117.530000000000	1.6411142620696e+02
117.560000000000	1.6682462645730e+02
117.590000000000	1.6954283049691e+02
117.620000000000	1.7226394022397e+02
117.650000000000	1.7498584625408e+02
117.680000000000	1.7770643013859e+02
117.710000000000	1.8042356659020e+02
117.740000000000	1.8313512569797e+02
117.770000000000	1.8583897511471e+02
117.800000000000	1.8853298220214e+02
117.830000000000	1.9121501612209e+02
117.860000000000	1.9388294986626e+02
117.890000000000	1.9653466222090e+02
117.920000000000	1.9916803966779e+02
117.950000000000	2.0178097822637e+02
117.980000000000	2.0437138524572e+02
118.010000000000	2.0693718115745e+02
118.040000000000	2.0947630120207e+02
118.070000000000	2.1198669714184e+02
118.100000000000	2.1446633897236e+02
118.130000000000	2.1691321664333e+02
118.160000000000	2.1932534179665e+02
118.190000000000	2.2170074952683e+02
118.220000000000	2.2403750016567e+02
118.250000000000	2.2633368108988e+02
118.280000000000	2.2858740854749e+02
118.310000000000	2.3079682949671e+02
118.340000000000	2.3296012344893e+02
118.370000000000	2.3507550430684e+02
118.400000000000	2.3714122218804e+02
118.430000000000	2.3915556522489e+02
118.460000000000	2.4111686133281e+02
118.490000000000	2.4302347993620e+02
118.520000000000	2.4487383364736e+02
118.550000000000	2.4666637989745e+02
118.580000000000	2.4839962250535e+02
118.610000000000	2.5007211318634e+02
118.640000000000	2.5168245299563e+02
118.670000000000	2.5322929370347e+02
118.700000000000	2.5471133909923e+02
118.730000000000	2.5612734622212e+02
118.760000000000	2.5747612651698e+02
118.790000000000	2.5875654691465e+02
118.820000000000	2.5996753083763e+02
118.850000000000	2.6110805913323e+02
118.880000000000	2.6217717093833e+02
118.910000000000	2.6317396448173e+02
118.940000000000	2.6409759783161e+02
118.970000000000	2.6494728959726e+02
119.000000000000	2.6572231959509e+02
119.030000000000	2.6642202948927e+02
119.060000000000	2.6704582341657e+02
119.090000000000	2.6759316860412e+02
119.120000000000	2.6806359598589e+02
119.150000000000	2.6845670082151e+02
119.180000000000	2.6877214331709e+02
119.210000000000	2.6900964924420e+02
119.240000000000	2.6916901054913e+02
119.270000000000	2.6925008594127e+02
119.300000000000	2.6925280144604e+02
119.330000000000	2.6917715090567e+02
119.360000000000	2.6902319640933e+02
119.390000000000	2.6879106863407e+02
119.420000000000	2.6848096707797e+02
119.450000000000	2.6809316016888e+02
119.480000000000	2.6762798523422e+02
119.510000000000	2.6708584832066e+02
119.540000000000	2.6646722385606e+02
119.570000000000	2.6577265415042e+02
119.600000000000	2.6500274873652e+02
119.630000000000	2.6415818355597e+02
119.660000000000	2.6323969999979e+02
119.690000000000	2.6224810381730e+02
119.720000000000	2.6118426391004e+02
119.750000000000	2.6004911103061e+02
119.780000000000	2.5884363640838e+02
119.810000000000	2.5756889032558e+02
119.840000000000	2.5622598066758e+02
119.870000000000	2.5481607147093e+02
119.900000000000	2.5334038149124e+02
119.930000000000	2.5180018281065e+02
119.960000000000	2.5019679950102e+02
119.990000000000	2.4853160635505e+02
120.020000000000	2.4680602769222e+02
120.050000000000	2.4502153624107e+02
120.080000000000	2.4317965209350e+02
120.110000000000	2.4128194172080e+02
120.140000000000	2.3933001703587e+02
120.170000000000	2.3732553448092e+02
120.200000000000	2.3527019411646e+02
120.230000000000	2.3316573868439e+02
120.260000000000	2.3101395261720e+02
120.290000000000	2.2881666096547e+02
120.320000000000	2.2657572821809e+02
120.350000000000	2.2429305699310e+02
120.380000000000	2.2197058658221e+02
120.410000000000	2.1961029133783e+02
120.440000000000	2.1721417889842e+02
120.470000000000	2.1478428825499e+02
120.500000000000	2.1232268766837e+02
120.530000000000	2.0983147245335e+02
120.560000000000	2.0731276265094e+02
120.590000000000	2.0476870061415e+02
120.620000000000	2.0220144853506e+02
120.650000000000	1.9961318594162e+02
120.680000000000	1.9700610719191e+02
120.710000000000	1.9438241899079e+02
120.740000000000	1.9174433795029e+02
120.770000000000	1.8909408821006e+02
120.800000000000	1.8643389912895e+02
120.830000000000	1.8376600305291e+02
120.860000000000	1.8109263315921e+02
120.890000000000	1.7841602137206e+02
120.920000000000	1.7573839634101e+02
120.950000000000	1.7306198147065e+02
120.980000000000	1.7038899298899e+02
121.010000000000	1.6772163804173e+02
121.040000000000	1.6506211280078e+02
121.070000000000	1.6241260057764e+02
121.100000000000	1.5977526993509e+02
121.130000000000	1.5715227279411e+02
121.160000000000	1.5454574253619e+02
121.190000000000	1.5195779210462e+02
121.220000000000	1.4939051211082e+02
121.250000000000	1.4684596895376e+02
121.280000000000	1.4432620296160e+02
121.310000000000	1.4183322656445e+02
121.340000000000	1.3936902250678e+02
121.370000000000	1.3693554210575e+02
121.400000000000	1.3453470355986e+02
121.430000000000	1.3216839030960e+02
121.460000000000	1.2983844944870e+02
121.490000000000	1.2754669018254e+02
121.520000000000	1.2529488232745e+02
121.550000000000	1.2308475484365e+02
121.580000000000	1.2091799439338e+02
121.610000000000	1.1879624391618e+02
121.640000000000	1.1672110121383e+02
121.670000000000	1.1469411753960e+02
121.700000000000	1.1271679618842e+02
121.730000000000	1.1079059108763e+02
121.760000000000	1.0891690539070e+02
121.790000000000	1.0709709007947e+02
121.820000000000	1.0533244258293e+02
121.850000000000	1.0362420542266e+02
121.880000000000	1.0197356489664e+02
121.910000000000	1.0038164981361e+02
121.940000000000	9.8849530290319e+01
121.970000000000	9.7378216622712e+01
122.000000000000	9.5968658240884e+01
122.030000000000	9.4621742755441e+01
122.060000000000	9.3338295100479e+01
122.090000000000	9.2119076776050e+01
122.120000000000	9.0964785190524e+01
122.150000000000	8.9876053101215e+01
122.180000000000	8.8853448149945e+01
122.210000000000	8.7897472489042e+01
122.240000000000	8.7008562492535e+01
122.270000000000	8.6187088547123e+01
122.300000000000	8.5433354917576e+01
122.330000000000	8.4747599681643e+01
122.360000000000	8.4129994730039e+01
122.390000000000	8.3580645827561e+01
122.420000000000	8.3099592731783e+01
122.450000000000	8.2686809365996e+01
122.480000000000	8.2342204043044e+01
122.510000000000	8.2065619736652e+01
122.540000000000	8.1856834396556e+01
122.570000000000	8.1715561303660e+01
122.600000000000	8.1641449461418e+01
122.630000000000	8.1634084019936e+01
122.660000000000	8.1692986729981e+01
122.690000000000	8.1817616425203e+01
122.720000000000	8.2007369532432e+01
122.750000000000	8.2261580611856e+01
122.780000000000	8.2579522931059e+01
122.810000000000	8.2960409081545e+01
122.840000000000	8.3403391634520e+01
122.870000000000	8.3907563868618e+01
122.900000000000	8.4471960559690e+01
122.930000000000	8.5095558854314e+01
122.960000000000	8.5777279237196e+01
122.990000000000	8.6515986602738e+01
123.020000000000	8.7310491439151e+01
123.050000000000	8.8159551130611e+01
123.080000000000	8.9061871379534e+01
123.110000000000	9.0016107747288e+01
123.140000000000	9.1020867307646e+01
123.170000000000	9.2074710403575e+01
123.200000000000	9.3176152494467e+01
123.230000000000	9.4323666078096e+01
123.260000000000	9.5515682669488e+01
123.290000000000	9.6750594817590e+01
123.320000000000	9.8026758140262e+01
123.350000000000	9.9342493358556e+01
123.380000000000	1.0069608831253e+02
123.410000000000	1.0208579994285e+02
123.440000000000	1.0350985622484e+02
123.470000000000	1.0496645804498e+02
123.500000000000	1.0645378101281e+02
123.530000000000	1.0796997720504e+02
123.560000000000	1.0951317684230e+02
123.590000000000	1.1108148990254e+02
123.620000000000	1.1267300767872e+02
123.650000000000	1.1428580429197e+02
123.680000000000	1.1591793817401e+02
123.710000000000	1.1756745353584e+02
123.740000000000	1.1923238184126e+02
123.770000000000	1.2091074330541e+02
123.800000000000	1.2260054843894e+02
123.830000000000	1.2429979965789e+02
123.860000000000	1.2600649297822e+02
123.890000000000	1.2771861981083e+02
123.920000000000	1.2943416886984e+02
123.950000000000	1.3115112820199e+02
123.980000000000	1.3286748733986e+02
124.010000000000	1.3458123957549e+02
124.040000000000	1.3629038434502e+02
124.070000000000	1.3799292970875e+02
124.100000000000	1.3968689490540e+02
124.130000000000	1.4137031295461e+02
124.160000000000	1.4304123327798e+02
124.190000000000	1.4469772430693e+02
124.220000000000	1.4633787604479e+02
124.250000000000	1.4795980255219e+02
124.280000000000	1.4956164432716e+02
124.310000000000	1.5114157055638e+02
124.340000000000	1.5269778121933e+02
124.370000000000	1.5422850903442e+02
124.400000000000	1.5573202124293e+02
124.430000000000	1.5720662123459e+02
124.460000000000	1.5865065002535e+02
124.490000000000	1.6006248760404e+02
124.520000000000	1.6144055416990e+02
124.550000000000	1.6278331128580e+02
124.580000000000	1.6408926297387e+02
124.610000000000	1.6535695677993e+02
124.640000000000	1.6658498483084e+02
124.670000000000	1.6777198490527e+02
124.700000000000	1.6891664153342e+02
124.730000000000	1.7001768713521e+02
124.760000000000	1.7107390320007e+02
124.790000000000	1.7208412150514e+02
124.820000000000	1.7304722536280e+02
124.850000000000	1.7396215088351e+02
124.880000000000	1.7482788823609e+02
124.910000000000	1.7564348288557e+02
124.940000000000	1.7640803678778e+02
124.970000000000	1.7712070952092e+02
125.000000000000	1.7778071933663e+02
125.030000000000	1.7838734411644e+02
125.060000000000	1.7893992222401e+02
125.090000000000	1.7943785324818e+02
125.120000000000	1.7988059863689e+02
125.150000000000	1.8026768222632e+02
125.180000000000	1.8059869067386e+02
125.210000000000	1.8087327380601e+02
125.240000000000	1.8109114489445e+02
125.270000000000	1.8125208087384e+02
125.300000000000	1.8135592251417e+02
125.330000000000	1.8140257455891e+02
125.360000000000	1.8139200583714e+02
125.390000000000	1.8132424935451e+02
125.420000000000	1.8119940236410e+02
125.450000000000	1.8101762641421e+02
125.480000000000	1.8077914736669e+02
125.510000000000	1.8048425537621e+02
125.540000000000	1.8013330481880e+02
125.570000000000	1.7972671415661e+02
125.600000000000	1.7926496572574e+02
125.630000000000	1.7874860543487e+02
125.660000000000	1.7817824236444e+02
125.690000000000	1.7755454825848e+02
125.720000000000	1.7687825690501e+02
125.750000000000	1.7615016340406e+02
125.780000000000	1.7537112332639e+02
125.810000000000	1.7454205176894e+02
125.840000000000	1.7366392231634e+02
125.870000000000	1.7273776591933e+02
125.900000000000	1.7176466970258e+02
125.930000000000	1.7074577571423e+02
125.960000000000	1.6968227962912e+02
125.990000000000	1.6857542941576e+02
126.020000000000	1.6742652397530e+02
126.050000000000	1.6623691175800e+02
126.080000000000	1.6500798936017e+02
126.110000000000	1.6374120010181e+02
126.140000000000	1.6243803258327e+02
126.170000000000	1.6110001921741e+02
126.200000000000	1.5972873473282e+02
126.230000000000	1.5832579464344e+02
126.260000000000	1.5689285368026e+02
126.290000000000	1.5543160418187e+02
126.320000000000	1.5394377444172e+02
126.350000000000	1.5243112701172e+02
126.380000000000	1.5089545696310e+02
126.410000000000	1.4933859010696e+02
126.440000000000	1.4776238117732e+02
126.470000000000	1.4616871198058e+02
126.500000000000	1.4455948951442e+02
126.530000000000	1.4293664405904e+02
126.560000000000	1.4130212724251e+02
126.590000000000	1.3965791008088e+02
126.620000000000	1.3800598099228e+02
126.650000000000	1.3634834378376e+02
126.680000000000	1.3468701560844e+02
126.710000000000	1.3302402489087e+02
126.740000000000	1.3136140921885e+02
126.770000000000	1.2970121320124e+02
126.800000000000	1.2804548629267e+02
126.830000000000	1.2639628058865e+02
126.860000000000	1.2475564859636e+02
126.890000000000	1.2312564098912e+02
126.920000000000	1.2150830435434e+02
126.950000000000	1.1990567894656e+02
126.980000000000	1.1831979645779e+02
127.010000000000	1.1675267781797e+02
127.040000000000	1.1520633103725e+02
127.070000000000	1.1368274910067e+02
127.100000000000	1.1218390792352e+02
127.130000000000	1.1071176437248e+02
127.160000000000	1.0926825435558e+02
127.190000000000	1.0785529098174e+02
127.220000000000	1.0647476278247e+02
127.250000000000	1.0512853199216e+02
127.280000000000	1.0381843287716e+02
127.310000000000	1.0254627010349e+02
127.340000000000	1.0131381713140e+02
127.370000000000	1.0012281462510e+02
127.400000000000	9.8974968865952e+01
127.430000000000	9.7871950158410e+01
127.460000000000	9.6815391219324e+01
127.490000000000	9.5806885542831e+01
127.520000000000	9.4847985735237e+01
127.550000000000	9.3940201816461e+01
127.580000000000	9.3084999487097e+01
127.610000000000	9.2283798362709e+01
127.640000000000	9.1537970179656e+01
127.670000000000	9.0848836979441e+01
127.700000000000	9.0217669281348e+01
127.730000000000	8.9645684255733e+01
127.760000000000	8.9134043912890e+01
127.790000000000	8.8683853324586e+01
127.820000000000	8.8296158897221e+01
127.850000000000	8.7971946716736e+01
127.880000000000	8.7712140985975e+01
127.910000000000	8.7517602574815e+01
127.940000000000	8.7389127702133e+01
127.970000000000	8.7327446766365e+01
128.000000000000	8.7333223338168e+01
128.030000000000	8.7407053324553e+01
128.060000000000	8.7549464308931e+01
128.090000000000	8.7760915066185e+01
128.120000000000	8.8041795246231e+01
128.150000000000	8.8392425214047e+01
128.180000000000	8.8813056029086e+01
128.210000000000	8.9303869542668e+01
128.240000000000	8.9864978588729e+01
128.270000000000	9.0496427241337e+01
128.300000000000	9.1198191111909e+01
128.330000000000	9.1970177660090e+01
128.360000000000	9.2812226494839e+01
128.390000000000	9.3724109646144e+01
128.420000000000	9.4705531792910e+01
128.450000000000	9.5756130438510e+01
128.480000000000	9.6875476031954e+01
128.510000000000	9.8063072039166e+01
128.540000000000	9.9318354975170e+01
128.570000000000	1.0064069441349e+02
128.600000000000	1.0202939299359e+02
128.630000000000	1.0348368645042e+02
128.660000000000	1.0500274369155e+02
128.690000000000	1.0658566694768e+02
128.720000000000	1.0823149202030e+02
128.750000000000	1.0993918864759e+02
128.780000000000	1.1170766100477e+02
128.810000000000	1.1353574835024e+02
128.840000000000	1.1542222582260e+02
128.870000000000	1.1736580538767e+02
128.900000000000	1.1936513692896e+02
128.930000000000	1.2141880946957e+02
128.960000000000	1.2352535250972e+02
128.990000000000	1.2568323746074e+02
129.020000000000	1.2789087915540e+02
129.050000000000	1.3014663741379e+02
129.080000000000	1.3244881864593e+02
129.110000000000	1.3479567747442e+02
129.140000000000	1.3718541836449e+02
129.170000000000	1.3961619725278e+02
129.200000000000	1.4208612317118e+02
129.230000000000	1.4459325986652e+02
129.260000000000	1.4713562742129e+02
129.290000000000	1.4971120388421e+02
129.320000000000	1.5231792692229e+02
129.350000000000	1.5495369550735e+02
129.380000000000	1.5761637165073e+02
129.410000000000	1.6030378219899e+02
129.440000000000	1.6301372070149e+02
129.470000000000	1.6574394935790e+02
129.500000000000	1.6849220105025e+02
129.530000000000	1.7125618145986e+02
129.560000000000	1.7403357126546e+02
129.590000000000	1.7682202841442e+02
129.620000000000	1.7961919045583e+02
129.650000000000	1.8242267692059e+02
129.680000000000	1.8523009173208e+02
129.710000000000	1.8803902562972e+02
129.740000000000	1.9084705858782e+02
129.770000000000	1.9365176221359e+02
129.800000000000	1.9645070211005e+02
129.830000000000	1.9924144019310e+02
129.860000000000	2.0202153695551e+02
129.890000000000	2.0478855367480e+02
129.920000000000	2.0754005456598e+02
129.950000000000	2.1027360888429e+02
129.980000000000	2.1298679298581e+02
130.010000000000	2.1567719235687e+02
130.040000000000	2.1834240362410e+02
130.070000000000	2.2098003655766e+02
130.100000000000	2.2358771607929e+02
130.130000000000	2.2616308428498e+02
130.160000000000	2.2870380248983e+02
130.190000000000	2.3120755329896e+02
130.220000000000	2.3367204270558e+02
130.250000000000	2.3609500221332e+02
130.280000000000	2.3847419097730e+02
130.310000000000	2.4080739795572e+02
130.340000000000	2.4309244406222e+02
130.370000000000	2.4532718430825e+02
130.400000000000	2.4750950992515e+02
130.430000000000	2.4963735045614e+02
130.460000000000	2.5170867581038e+02
130.490000000000	2.5372149827303e+02
130.520000000000	2.5567387446764e+02
130.550000000000	2.5756390726902e+02
130.580000000000	2.5938974766672e+02
130.610000000000	2.6114959658036e+02
130.640000000000	2.6284170662839e+02
130.670000000000	2.6446438385187e+02
130.700000000000	2.6601598939392e+02
130.730000000000	2.6749494113386e+02
130.760000000000	2.6889971527359e+02
130.790000000000	2.7022884787181e+02
130.820000000000	2.7148093631982e+02
130.850000000000	2.7265464075172e+02
130.880000000000	2.7374868538104e+02
130.910000000000	2.7476185975581e+02
130.940000000000	2.7569301992543e+02
130.970000000000	2.7654108951410e+02
131.000000000000	2.7730506069812e+02
131.030000000000	2.7798399508725e+02
131.060000000000	2.7857702451332e+02
131.090000000000	2.7908335173222e+02
131.120000000000	2.7950225104827e+02
131.150000000000	2.7983306887151e+02
131.180000000000	2.8007522422014e+02
131.210000000000	2.8022820918032e+02
131.240000000000	2.8029158933486e+02
131.270000000000	2.8026500417084e+02
131.300000000000	2.8014816747376e+02
131.330000000000	2.7994086771269e+02
131.360000000000	2.7964296841791e+02
131.390000000000	2.7925440854864e+02
131.420000000000	2.7877520284545e+02
131.450000000000	2.7820544215896e+02
131.480000000000	2.7754529374192e+02
131.510000000000	2.7679500150131e+02
131.540000000000	2.7595488617997e+02
131.570000000000	2.7502534546831e+02
131.600000000000	2.7400685402597e+02
131.630000000000	2.7289996340135e+02
131.660000000000	2.7170530183743e+02
131.690000000000	2.7042357395385e+02
131.720000000000	2.6905556029719e+02
131.750000000000	2.6760211675384e+02
131.780000000000	2.6606417382214e+02
131.810000000000	2.6444273574299e+02
131.840000000000	2.6273887949095e+02
131.870000000000	2.6095375363040e+02
131.900000000000	2.5908857704442e+02
131.930000000000	2.5714463754631e+02
131.960000000000	2.5512329038682e+02
131.990000000000	2.5302595667228e+02
132.020000000000	2.5085412171078e+02
132.050000000000	2.4860933330529e+02
132.080000000000	2.4629320001341e+02
132.110000000000	2.4390738939324e+02
132.140000000000	2.4145362625444e+02
132.170000000000	2.3893369093127e+02
132.200000000000	2.3634941759221e+02
132.230000000000	2.3370269259666e+02
132.260000000000	2.3099545290528e+02
132.290000000000	2.2822968454550e+02
132.320000000000	2.2540742112896e+02
132.350000000000	2.2253074241236e+02
132.380000000000	2.1960177288873e+02
132.410000000000	2.1662268039231e+02
132.440000000000	2.1359567469679e+02
132.470000000000	2.1052300608516e+02
132.500000000000	2.0740696386849e+02
132.530000000000	2.0424987483178e+02
132.560000000000	2.0105410158688e+02
132.590000000000	1.9782204081586e+02
132.620000000000	1.9455612139223e+02
132.650000000000	1.9125880237262e+02
132.680000000000	1.8793257085681e+02
132.710000000000	1.8457993971989e+02
132.740000000000	1.8120344522560e+02
132.770000000000	1.7780564453517e+02
132.800000000000	1.7438911312990e+02
132.830000000000	1.7095644216925e+02
132.860000000000	1.6751023580791e+02
132.890000000000	1.6405310849620e+02
132.920000000000	1.6058768228742e+02
132.950000000000	1.5711658417393e+02
132.980000000000	1.5364244347058e+02
133.010000000000	1.5016788926018e+02
133.040000000000	1.4669554791126e+02
133.070000000000	1.4322804067325e+02
133.100000000000	1.3976798134931e+02
133.130000000000	1.3631797404269e+02
133.160000000000	1.3288061096823e+02
133.190000000000	1.2945847031772e+02
133.220000000000	1.2605411416591e+02
133.250000000000	1.2267008640290e+02
133.280000000000	1.1930891067922e+02
133.310000000000	1.1597308835129e+02
133.340000000000	1.1266509641739e+02
133.370000000000	1.0938738543768e+02
133.400000000000	1.0614237743521e+02
133.430000000000	1.0293246377928e+02
133.460000000000	9.9760003056082e+01
133.490000000000	9.6627318935122e+01
133.520000000000	9.3536698043180e+01
133.550000000000	9.0490387859307e+01
133.580000000000	8.7490594645886e+01
133.610000000000	8.4539481430863e+01
133.640000000000	8.1639166055484e+01
133.670000000000	7.8791719300159e+01
133.700000000000	7.5999163098430e+01
133.730000000000	7.3263468845923e+01
133.760000000000	7.0586555807401e+01
133.790000000000	6.7970289621295e+01
133.820000000000	6.5416480897311e+01
133.850000000000	6.2926883899275e+01
133.880000000000	6.0503195302539e+01
133.910000000000	5.8147053013141e+01
133.940000000000	5.5860035034787e+01
133.970000000000	5.3643658369551e+01
134.000000000000	5.1499377939085e+01
134.030000000000	4.9428585515112e+01
134.060000000000	4.7432608650745e+01
134.090000000000	4.5512709607812e+01
134.120000000000	4.3670084279364e+01
134.150000000000	4.1905861110841e+01
134.180000000000	4.0221100027522e+01
134.210000000000	3.8616791379655e+01
134.240000000000	3.7093854919732e+01
134.270000000000	3.5653138828469e+01
134.300000000000	3.4295418807175e+01
134.330000000000	3.3021397253891e+01
134.360000000000	3.1831702539442e+01
134.390000000000	3.0726888397017e+01
134.420000000000	2.9707433435548e+01
134.450000000000	2.8773740783148e+01
134.480000000000	2.7926137862548e+01
134.510000000000	2.7164876296137e+01
134.540000000000	2.6490131934233e+01
134.570000000000	2.5902004996934e+01
134.600000000000	2.5400520317438e+01
134.630000000000	2.4985627673424e+01
134.660000000000	2.4657202192805e+01
134.690000000000	2.4415044821052e+01
134.720000000000	2.4258882839067e+01
134.750000000000	2.4188370423122e+01
134.780000000000	2.4203089241353e+01
134.810000000000	2.4302549084406e+01
134.840000000000	2.4486188530791e+01
134.870000000000	2.4753375649964e+01
134.900000000000	2.5103408747993e+01
134.930000000000	2.5535517161628e+01
134.960000000000	2.6048862106750e+01
134.990000000000	2.6642537586427e+01
135.020000000000	2.7315571362418e+01
135.050000000000	2.8066925992081e+01
135.080000000000	2.8895499930466e+01
135.110000000000	2.9800128695279e+01
135.140000000000	3.0779586090576e+01
135.170000000000	3.1832585483718e+01
135.200000000000	3.2957781129474e+01
135.230000000000	3.4153769535241e+01
135.260000000000	3.5419090862194e+01
135.290000000000	3.6752230358621e+01
135.320000000000	3.8151619823684e+01
135.350000000000	3.9615639102009e+01
135.380000000000	4.1142617611755e+01
135.410000000000	4.2730835910745e+01
135.440000000000	4.4378527306749e+01
135.470000000000	4.6083879518908e+01
135.500000000000	4.7845036397306e+01
135.530000000000	4.9660099707188e+01
135.560000000000	5.1527130982798e+01
135.590000000000	5.3444153453963e+01
135.620000000000	5.5409154046142e+01
135.650000000000	5.7420085452042e+01
135.680000000000	5.9474868270458e+01
135.710000000000	6.1571393205611e+01
135.740000000000	6.3707523318401e+01
135.770000000000	6.5881096319667e+01
135.800000000000	6.8089926893365e+01
135.830000000000	7.0331809044134e+01
135.860000000000	7.2604518452180e+01
135.890000000000	7.4905814826665e+01
135.920000000000	7.7233444253165e+01
135.950000000000	7.9585141524358e+01
135.980000000000	8.1958632448351e+01
136.010000000000	8.4351636129215e+01
136.040000000000	8.6761867215265e+01
136.070000000000	8.9187038111153e+01
136.100000000000	9.1624861150357e+01
136.130000000000	9.4073050725018e+01
136.160000000000	9.6529325370438e+01
136.190000000000	9.8991409802070e+01
136.220000000000	1.0145703690356e+02
136.250000000000	1.0392394966543e+02
136.280000000000	1.0638990307528e+02
136.310000000000	1.0885266596234e+02
136.340000000000	1.1131002280062e+02
136.370000000000	1.1375977547765e+02
136.400000000000	1.1619974503698e+02
136.430000000000	1.1862777340507e+02
136.460000000000	1.2104172511399e+02
136.490000000000	1.2343948903200e+02
136.520000000000	1.2581898011424e+02
136.550000000000	1.2817814118412e+02
136.580000000000	1.3051494475451e+02
136.610000000000	1.3282739489465e+02
136.640000000000	1.3511352914516e+02
136.670000000000	1.3737142047939e+02
136.700000000000	1.3959917930487e+02
136.730000000000	1.4179495549427e+02
136.760000000000	1.4395694043092e+02
136.790000000000	1.4608336905048e+02
136.820000000000	1.4817252185781e+02
136.850000000000	1.5022272689600e+02
136.880000000000	1.5223236164453e+02
136.910000000000	1.5419985482403e+02
136.940000000000	1.5612368808728e+02
136.970000000000	1.5800239757921e+02
137.000000000000	1.5983457535306e+02
137.030000000000	1.6161887063429e+02
137.060000000000	1.6335399092961e+02
137.090000000000	1.6503870298358e+02
137.120000000000	1.6667183359059e+02
137.150000000000	1.6825227027461e+02
137.180000000000	1.6977896185283e+02
137.210000000000	1.7125091890232e+02
137.240000000000	1.7266721415003e+02
137.270000000000	1.7402698280703e+02
137.300000000000	1.7532942286652e+02
137.330000000000	1.7657379538315e+02
137.360000000000	1.7775942474760e+02
137.390000000000	1.7888569896656e+02
137.420000000000	1.7995206995331e+02
137.450000000000	1.8095805382959e+02
137.480000000000	1.8190323123442e+02
137.510000000000	1.8278724763173e+02
137.540000000000	1.8360981360455e+02
137.570000000000	1.8437070512144e+02
137.600000000000	1.8506976375891e+02
137.630000000000	1.8570689686338e+02
137.660000000000	1.8628207763662e+02
137.690000000000	1.8679534513075e+02
137.720000000000	1.8724680414096e+02
137.750000000000	1.8763662498766e+02
137.780000000000	1.8796504318323e+02
137.810000000000	1.8823235898235e+02
137.840000000000	1.8843893681861e+02
137.870000000000	1.8858520463346e+02
137.900000000000	1.8867165310650e+02
137.930000000000	1.8869883479814e+02
137.960000000000	1.8866736321733e+02
137.990000000000	1.8857791182769e+02
138.020000000000	1.8843121300489e+02
138.050000000000	1.8822805695777e+02
138.080000000000	1.8796929062340e+02
138.110000000000	1.8765581654474e+02
138.140000000000	1.8728859173637e+02
138.170000000000	1.8686862654144e+02
138.200000000000	1.8639698347956e+02
138.230000000000	1.8587477608287e+02
138.260000000000	1.8530316771474e+02
138.290000000000	1.8468337036353e+02
138.320000000000	1.8401664340212e+02
138.350000000000	1.8330429230323e+02
138.380000000000	1.8254766730021e+02
138.410000000000	1.8174816198379e+02
138.440000000000	1.8090721182635e+02
138.470000000000	1.8002629262774e+02
138.500000000000	1.7910691887891e+02
138.530000000000	1.7815064204259e+02
138.560000000000	1.7715904875370e+02
138.590000000000	1.7613375894485e+02
138.620000000000	1.7507642390537e+02
138.650000000000	1.7398872428459e+02
138.680000000000	1.7287236805165e+02
138.710000000000	1.7172908842540e+02
138.740000000000	1.7056064178747e+02
138.770000000000	1.6936880559135e+02
138.800000000000	1.6815537627844e+02
138.830000000000	1.6692216720981e+02
138.860000000000	1.6567100662015e+02
138.890000000000	1.6440373559678e+02
138.920000000000	1.6312220608453e+02
138.950000000000	1.6182827891401e+02
138.980000000000	1.6052382184900e+02
139.010000000000	1.5921070764708e+02
139.040000000000	1.5789081212691e+02
139.070000000000	1.5656601223563e+02
139.100000000000	1.5523818411065e+02
139.130000000000	1.5390920113173e+02
139.160000000000	1.5258093196105e+02
139.190000000000	1.5125523857154e+02
139.220000000000	1.4993397426572e+02
139.250000000000	1.4861898168967e+02
139.280000000000	1.4731209084839e+02
139.310000000000	1.4601511712982e+02
139.340000000000	1.4472985934526e+02
139.370000000000	1.4345809779359e+02
139.400000000000	1.4220159235560e+02
139.430000000000	1.4096208062309e+02
139.460000000000	1.3974127606550e+02
139.490000000000	1.3854086623442e+02
139.520000000000	1.3736251100444e+02
139.550000000000	1.3620784084668e+02
139.580000000000	1.3507845513041e+02
139.610000000000	1.3397592044718e+02
139.640000000000	1.3290176895229e+02
139.670000000000	1.3185749671941e+02
139.700000000000	1.3084456210547e+02
139.730000000000	1.2986438412569e+02
139.760000000000	1.2891834084080e+02
139.790000000000	1.2800776776145e+02
139.820000000000	1.2713395627734e+02
139.850000000000	1.2629815212091e+02
139.880000000000	1.2550155387678e+02
139.910000000000	1.2474531154946e+02
139.940000000000	1.2403052520151e+02
139.970000000000	1.2335824367359e+02
140.000000000000	1.2272946339647e+02
140.030000000000	1.2214512730261e+02
140.060000000000	1.2160612384222e+02
140.090000000000	1.2111328610595e+02
140.120000000000	1.2066739105318e+02
140.150000000000	1.2026915884165e+02
140.180000000000	1.1991925225479e+02
140.210000000000	1.1961827621554e+02
140.240000000000	1.1936677737907e+02
140.270000000000	1.1916524379449e+02
140.300000000000	1.1901410462577e+02
140.330000000000	1.1891372992238e+02
140.360000000000	1.1886443043132e+02
140.390000000000	1.1886645744318e+02
140.420000000000	1.1892000266646e+02
140.450000000000	1.1902519812562e+02
140.480000000000	1.1918211607964e+02
140.510000000000	1.1939076895919e+02
140.540000000000	1.1965110932166e+02
140.570000000000	1.1996302982426e+02
140.600000000000	1.2032636321626e+02
140.630000000000	1.2074088235268e+02
140.660000000000	1.2120630023233e+02
140.690000000000	1.2172227006433e+02
140.720000000000	1.2228838536845e+02
140.750000000000	1.2290418011548e+02
140.780000000000	1.2356912891534e+02
140.810000000000	1.2428264726152e+02
140.840000000000	1.2504409184168e+02
140.870000000000	1.2585276092449e+02
140.900000000000	1.2670789483358e+02
140.930000000000	1.2760867651862e+02
140.960000000000	1.2855423223344e+02
140.990000000000	1.2954363232894e+02
141.020000000000	1.3057589216719e+02
141.050000000000	1.3164997316000e+02
141.080000000000	1.3276478393277e+02
141.110000000000	1.3391918161085e+02
141.140000000000	1.3511197322247e+02
141.170000000000	1.3634191720918e+02
141.200000000000	1.3760772503161e+02
141.230000000000	1.3890806285620e+02
141.260000000000	1.4024155330668e+02
141.290000000000	1.4160677726280e+02
141.320000000000	1.4300227568910e+02
141.350000000000	1.4442655147645e+02
141.380000000000	1.4587807128101e+02
141.410000000000	1.4735526734688e+02
141.440000000000	1.4885653930179e+02
141.470000000000	1.5038025591789e+02
141.500000000000	1.5192475683353e+02
141.530000000000	1.5348835423503e+02
141.560000000000	1.5506933450138e+02
141.590000000000	1.5666595981754e+02
141.620000000000	1.5827646976534e+02
141.650000000000	1.5989908290279e+02
141.680000000000	1.6153199834478e+02
141.710000000000	1.6317339735842e+02
141.740000000000	1.6482144498683e+02
141.770000000000	1.6647429171418e+02
141.800000000000	1.6813007518326e+02
141.830000000000	1.6978692197457e+02
141.860000000000	1.7144294945330e+02
141.890000000000	1.7309626768680e+02
141.920000000000	1.7474498143225e+02
141.950000000000	1.7638719219007e+02
141.980000000000	1.7802100031568e+02
142.010000000000	1.7964450717900e+02
142.040000000000	1.8125581735876e+02
142.070000000000	1.8285304085690e+02
142.100000000000	1.8443429531749e+02
142.130000000000	1.8599770823448e+02
142.160000000000	1.8754141913335e+02
142.190000000000	1.8906358171324e+02
142.220000000000	1.9056236593822e+02
142.250000000000	1.9203596006903e+02
142.280000000000	1.9348257262942e+02
142.310000000000	1.9490043430459e+02
142.340000000000	1.9628779977163e+02
142.370000000000	1.9764294946532e+02
142.400000000000	1.9896419128458e+02
142.430000000000	2.0024986224699e+02
142.460000000000	2.0149833010037e+02
142.490000000000	2.0270799490097e+02
142.520000000000	2.0387729056820e+02
142.550000000000	2.0500468642563e+02
142.580000000000	2.0608868873657e+02
142.610000000000	2.0712784224162e+02
142.640000000000	2.0812073170318e+02
142.670000000000	2.0906598345984e+02
142.700000000000	2.0996226699084e+02
142.730000000000	2.1080829648805e+02
142.760000000000	2.1160283242998e+02
142.790000000000	2.1234468314979e+02
142.820000000000	2.1303270638665e+02
142.850000000000	2.1366581080783e+02
142.880000000000	2.1424295748738e+02
142.910000000000	2.1476316132665e+02
142.940000000000	2.1522549240152e+02
142.970000000000	2.1562907722257e+02
143.000000000000	2.1597309989561e+02
143.030000000000	2.1625680317265e+02
143.060000000000	2.1647948938652e+02
143.090000000000	2.1664052126563e+02
143.120000000000	2.1673932262934e+02
143.150000000000	2.1677537896812e+02
143.180000000000	2.1674823791601e+02
143.210000000000	2.1665750962601e+02
143.240000000000	2.1650286706114e+02
143.270000000000	2.1628404621527e+02
143.300000000000	2.1600084627791e+02
143.330000000000	2.1565312975678e+02
143.360000000000	2.1524082256993e+02
143.390000000000	2.1476391411688e+02
143.420000000000	2.1422245733504e+02
143.450000000000	2.1361656874432e+02
143.480000000000	2.1294642847898e+02
143.510000000000	2.1221228030287e+02
143.540000000000	2.1141443160082e+02
143.570000000000	2.1055325333728e+02
143.600000000000	2.0962917997128e+02
143.630000000000	2.0864270931712e+02
143.660000000000	2.0759440233994e+02
143.690000000000	2.0648488287710e+02
143.720000000000	2.0531483727808e+02
143.750000000000	2.0408501395798e+02
143.780000000000	2.0279622286262e+02
143.810000000000	2.0144933484552e+02
143.840000000000	2.0004528095967e+02
143.870000000000	1.9858505166868e+02
143.900000000000	1.9706969598319e+02
143.930000000000	1.9550032052891e+02
143.960000000000	1.9387808855247e+02
143.990000000000	1.9220421887019e+02
144.020000000000	1.9047998476375e+02
144.050000000000	1.8870671282468e+02
144.080000000000	1.8688578174808e+02
144.110000000000	1.8501862107376e+02
144.140000000000	1.8310670987208e+02
144.170000000000	1.8115157537053e+02
144.200000000000	1.7915479151706e+02
144.230000000000	1.7711797747637e+02
144.260000000000	1.7504279605683e+02
144.290000000000	1.7293095206721e+02
144.320000000000	1.7078419060449e+02
144.350000000000	1.6860429527676e+02
144.380000000000	1.6639308636717e+02
144.410000000000	1.6415241894737e+02
144.440000000000	1.6188418095043e+02
144.470000000000	1.5959027975859e+02
144.500000000000	1.5727267195980e+02
144.530000000000	1.5493333768371e+02
144.560000000000	1.5257427666584e+02
144.590000000000	1.5019751163800e+02
144.620000000000	1.4780508637625e+02
144.650000000000	1.4539906376825e+02
144.680000000000	1.4298152390036e+02
144.710000000000	1.4055456216243e+02
144.740000000000	1.3812028736624e+02
144.770000000000	1.3568081987201e+02
144.800000000000	1.3323828971654e+02
144.830000000000	1.3079483473624e+02
144.860000000000	1.2835259867903e+02
144.890000000000	1.2591372929977e+02
144.920000000000	1.2348037643534e+02
144.950000000000	1.2105469005727e+02
144.980000000000	1.1863881830104e+02
145.010000000000	1.1623490547298e+02
145.040000000000	1.1384509003658e+02
145.070000000000	1.1147150258093e+02
145.100000000000	1.0911626377404e+02
145.130000000000	1.0678148230403e+02
145.160000000000	1.0446925281020e+02
145.190000000000	1.0218165380560e+02
145.220000000000	9.9920745591770e+01
145.250000000000	9.7688568165454e+01
145.280000000000	9.5487139116919e+01
145.310000000000	9.3318451519090e+01
145.340000000000	9.1184471807416e+01
145.370000000000	8.9087137651151e+01
145.400000000000	8.7028355818389e+01
145.430000000000	8.5010000038963e+01
145.460000000000	8.3033908871633e+01
145.490000000000	8.1101883584351e+01
145.520000000000	7.9215686058557e+01
145.550000000000	7.7377036730530e+01
145.580000000000	7.5587612584163e+01
145.610000000000	7.3849045210392e+01
145.640000000000	7.2162918948434e+01
145.670000000000	7.0530769123144e+01
145.700000000000	6.8954080391137e+01
145.730000000000	6.7434285205746e+01
145.760000000000	6.5972762407835e+01
145.790000000000	6.4570835945847e+01
145.820000000000	6.3229773724611e+01
145.850000000000	6.1950786578483e+01
145.880000000000	6.0735027360751e+01
145.910000000000	5.9583590137787e+01
145.940000000000	5.8497509473769e+01
145.970000000000	5.7477759789670e+01
146.000000000000	5.6525254779089e+01
146.030000000000	5.5640846863117e+01
146.060000000000	5.4825326667051e+01
146.090000000000	5.4079422503301e+01
146.120000000000	5.3403799847073e+01
146.150000000000	5.2799060794517e+01
146.180000000000	5.2265743496597e+01
146.210000000000	5.1804321566007e+01
146.240000000000	5.1415203458707e+01
146.270000000000	5.1098731835931e+01
146.300000000000	5.0855182916594e+01
146.330000000000	5.0684765833671e+01
146.360000000000	5.0587622011115e+01
146.390000000000	5.0563824580062e+01
146.420000000000	5.0613377854271e+01
146.450000000000	5.0736216884844e+01
146.480000000000	5.0932207113316e+01
146.510000000000	5.1201144140099e+01
146.540000000000	5.1542753622246e+01
146.570000000000	5.1956691310668e+01
146.600000000000	5.2442543232498e+01
146.630000000000	5.2999826019674e+01
146.660000000000	5.3627987380119e+01
146.690000000000	5.4326406703532e+01
146.720000000000	5.5094395790108e+01
146.750000000000	5.5931199687567e+01
146.780000000000	5.6835997619962e+01
146.810000000000	5.7807903990920e+01
146.840000000000	5.8845969444266e+01
146.870000000000	5.9949181966290e+01
146.900000000000	6.1116468016117e+01
146.930000000000	6.2346693673539e+01
146.960000000000	6.3638665797030e+01
146.990000000000	6.4991133188187e+01
147.020000000000	6.6402787762387e+01
147.050000000000	6.7872265728593e+01
147.080000000000	6.9398148784148e+01
147.110000000000	7.0978965332415e+01
147.140000000000	7.2613191732742e+01
147.170000000000	7.4299253592936e+01
147.200000000000	7.6035527114500e+01
147.230000000000	7.7820340500353e+01
147.260000000000	7.9651975433534e+01
147.290000000000	8.1528668633822e+01
147.320000000000	8.3448613497089e+01
147.350000000000	8.5409961820056e+01
147.380000000000	8.7410825610595e+01
147.410000000000	8.9449278981276e+01
147.440000000000	9.1523360121421e+01
147.470000000000	9.3631073340645e+01
147.500000000000	9.5770391174810e+01
147.530000000000	9.7939256543560e+01
147.560000000000	1.0013558494739e+02
147.590000000000	1.0235726669133e+02
147.620000000000	1.0460216912201e+02
147.650000000000	1.0686813886539e+02
147.680000000000	1.0915300405327e+02
147.710000000000	1.1145457652829e+02
147.740000000000	1.1377065401928e+02
147.770000000000	1.1609902228139e+02
147.800000000000	1.1843745719819e+02
147.830000000000	1.2078372684622e+02
147.860000000000	1.2313559352506e+02
147.890000000000	1.2549081575908e+02
147.920000000000	1.2784715027905e+02
147.950000000000	1.3020235399357e+02
147.980000000000	1.3255418596110e+02
148.010000000000	1.3490040937340e+02
148.040000000000	1.3723879356041e+02
148.070000000000	1.3956711602487e+02
148.100000000000	1.4188316451257e+02
148.130000000000	1.4418473912136e+02
148.160000000000	1.4646965444845e+02
148.190000000000	1.4873574177257e+02
148.220000000000	1.5098085126400e+02
148.250000000000	1.5320285421312e+02
148.280000000000	1.5539964526556e+02
148.310000000000	1.5756914465125e+02
148.340000000000	1.5970930039357e+02
148.370000000000	1.6181809048602e+02
148.400000000000	1.6389352502458e+02
148.430000000000	1.6593364828626e+02
148.460000000000	1.6793654074698e+02
148.490000000000	1.6990032103473e+02
148.520000000000	1.7182314781692e+02
148.550000000000	1.7370322162351e+02
148.580000000000	1.7553878660996e+02
148.610000000000	1.7732813226541e+02
148.640000000000	1.7906959507231e+02
148.670000000000	1.8076156012395e+02
148.700000000000	1.8240246270504e+02
148.730000000000	1.8399078983926e+02
148.760000000000	1.8552508180512e+02
148.790000000000	1.8700393361918e+02
148.820000000000	1.8842599648318e+02
148.850000000000	1.8978997918980e+02
148.880000000000	1.9109464947573e+02
148.910000000000	1.9233883531647e+02
148.940000000000	1.9352142615034e+02
148.970000000000	1.9464137402257e+02
149.000000000000	1.9569769464041e+02
149.030000000000	1.9668946833257e+02
149.060000000000	1.9761584090857e+02
149.090000000000	1.9847602441689e+02
149.120000000000	1.9926929780341e+02
149.150000000000	1.9999500747525e+02
149.180000000000	2.0065256777735e+02
149.210000000000	2.0124146139136e+02
149.240000000000	2.0176123966757e+02
149.270000000000	2.0221152290116e+02
149.300000000000	2.0259200056341e+02
149.330000000000	2.0290243149713e+02
149.360000000000	2.0314264408375e+02
149.390000000000	2.0331253638646e+02
149.420000000000	2.0341207627144e+02
149.450000000000	2.0344130150576e+02
149.480000000000	2.0340031982827e+02
149.510000000000	2.0328930898685e+02
149.540000000000	2.0310851673441e+02
149.570000000000	2.0285826077411e+02
149.600000000000	2.0253892864464e+02
149.630000000000	2.0215097753621e+02
149.660000000000	2.0169493402929e+02
149.690000000000	2.0117139374924e+02
149.720000000000	2.0058102093194e+02
149.750000000000	1.9992454789726e+02
149.780000000000	1.9920277442914e+02
149.810000000000	1.9841656706235e+02
149.840000000000	1.9756685827755e+02
149.870000000000	1.9665464560671e+02
149.900000000000	1.9568099065159e+02
149.930000000000	1.9464701801766e+02
149.960000000000	1.9355391416562e+02
149.990000000000	1.9240292618210e+02
150.020000000000	1.9119536047025e+02
150.050000000000	1.8993258136072e+02
150.080000000000	1.8861600964293e+02
150.110000000000	1.8724712101671e+02
150.140000000000	1.8582744446467e+02
150.170000000000	1.8435856054675e+02
150.200000000000	1.8284209961943e+02
150.230000000000	1.8127973998384e+02
150.260000000000	1.7967320596881e+02
150.290000000000	1.7802426595657e+02
150.320000000000	1.7633473036099e+02
150.350000000000	1.7460644956916e+02
150.380000000000	1.7284131185871e+02
150.410000000000	1.7104124130342e+02
150.440000000000	1.6920819567965e+02
150.470000000000	1.6734416438534e+02
150.500000000000	1.6545116638172e+02
150.530000000000	1.6353124816596e+02
150.560000000000	1.6158648178028e+02
150.590000000000	1.5961896286006e+02
150.620000000000	1.5763080872035e+02
150.650000000000	1.5562415647703e+02
150.680000000000	1.5360116119555e+02
150.710000000000	1.5156399405768e+02
150.740000000000	1.4951484053414e+02
150.770000000000	1.4745589854924e+02
150.800000000000	1.4538937662287e+02
150.830000000000	1.4331749197443e+02
150.860000000000	1.4124246857439e+02
150.890000000000	1.3916653513004e+02
150.920000000000	1.3709192299453e+02
150.950000000000	1.3502086399108e+02
150.980000000000	1.3295558814796e+02
151.010000000000	1.3089832134353e+02
151.040000000000	1.2885128286576e+02
151.070000000000	1.2681668289422e+02
151.100000000000	1.2479671991770e+02
151.130000000000	1.2279357810416e+02
151.160000000000	1.2080942464303e+02
151.190000000000	1.1884640708264e+02
151.220000000000	1.1690665068672e+02
151.250000000000	1.1499225583418e+02
151.280000000000	1.1310529548558e+02
151.310000000000	1.1124781273710e+02
151.340000000000	1.0942181847984e+02
151.370000000000	1.0762928917753e+02
151.400000000000	1.0587216477114e+02
151.430000000000	1.0415234671309e+02
151.460000000000	1.0247169612857e+02
151.490000000000	1.0083203209618e+02
151.520000000000	9.9235130035701e+01
151.550000000000	9.7682720187228e+01
151.580000000000	9.6176486163314e+01
151.610000000000	9.4718063554847e+01
151.640000000000	9.3309038571338e+01
151.670000000000	9.1950946697846e+01
151.700000000000	9.0645271353234e+01
151.730000000000	8.9393442537921e+01
151.760000000000	8.8196835463414e+01
151.790000000000	8.7056769160309e+01
151.820000000000	8.5974505065946e+01
151.850000000000	8.4951245597162e+01
151.880000000000	8.3988132717364e+01
151.910000000000	8.3086246510193e+01
151.940000000000	8.2246603774352e+01
151.970000000000	8.1470156655582e+01
152.000000000000	8.0757791332234e+01
152.030000000000	8.0110326770588e+01
152.060000000000	7.9528513564970e+01
152.090000000000	7.9013032876020e+01
152.120000000000	7.8564495478258e+01
152.150000000000	7.8183440925577e+01
152.180000000000	7.7870336840559e+01
152.210000000000	7.7625578330712e+01
152.240000000000	7.7449487531993e+01
152.270000000000	7.7342313277367e+01
152.300000000000	7.7304230885804e+01
152.330000000000	7.7335342065018e+01
152.360000000000	7.7435674919511e+01
152.390000000000	7.7605184054164e+01
152.420000000000	7.7843750762663e+01
152.450000000000	7.8151183289621e+01
152.480000000000	7.8527217155245e+01
152.510000000000	7.8971515531914e+01
152.540000000000	7.9483669663058e+01
152.570000000000	8.0063199316139e+01
152.600000000000	8.0709553263477e+01
152.630000000000	8.1422109786858e+01
152.660000000000	8.2200177204357e+01
152.690000000000	8.3042994420397e+01
152.720000000000	8.3949731502668e+01
152.750000000000	8.4919490291909e+01
152.780000000000	8.5951305052638e+01
152.810000000000	8.7044143174475e+01
152.840000000000	8.8196905934691e+01
152.870000000000	8.9408429332873e+01
152.900000000000	9.0677485008102e+01
152.930000000000	9.2002781247893e+01
152.960000000000	9.3382964096192e+01
152.990000000000	9.4816618565368e+01
153.020000000000	9.6302269954309e+01
153.050000000000	9.7838385271751e+01
153.080000000000	9.9423374760995e+01
153.110000000000	1.0105559351953e+02
153.140000000000	1.0273334320617e+02
153.170000000000	1.0445487381859e+02
153.200000000000	1.0621838554304e+02
153.230000000000	1.0802203065344e+02
153.260000000000	1.0986391545326e+02
153.290000000000	1.1174210225167e+02
153.320000000000	1.1365461136622e+02
153.350000000000	1.1559942314750e+02
153.380000000000	1.1757448002353e+02
153.410000000000	1.1957768856419e+02
153.440000000000	1.2160692156798e+02
153.470000000000	1.2366002017507e+02
153.500000000000	1.2573479601150e+02
153.530000000000	1.2782903336953e+02
153.560000000000	1.2994049142854e+02
153.590000000000	1.3206690651929e+02
153.620000000000	1.3420599443285e+02
153.650000000000	1.3635545277246e+02
153.680000000000	1.3851296334455e+02
153.710000000000	1.4067619458236e+02
153.740000000000	1.4284280399340e+02
153.770000000000	1.4501044062035e+02
153.800000000000	1.4717674750400e+02
153.830000000000	1.4933936413686e+02
153.860000000000	1.5149592889663e+02
153.890000000000	1.5364408145055e+02
153.920000000000	1.5578146512372e+02
153.950000000000	1.5790572922775e+02
153.980000000000	1.6001453134883e+02
154.010000000000	1.6210553959778e+02
154.040000000000	1.6417643482753e+02
154.070000000000	1.6622491282574e+02
154.100000000000	1.6824868649207e+02
154.130000000000	1.7024548801043e+02
154.160000000000	1.7221307102610e+02
154.190000000000	1.7414921283684e+02
154.220000000000	1.7605171660479e+02
154.250000000000	1.7791841359349e+02
154.280000000000	1.7974716543117e+02
154.310000000000	1.8153586639805e+02
154.340000000000	1.8328244573231e+02
154.370000000000	1.8498486994643e+02
154.400000000000	1.8664114514314e+02
154.430000000000	1.8824931931901e+02
154.460000000000	1.8980748464247e+02
154.490000000000	1.9131377969378e+02
154.520000000000	1.9276639165468e+02
154.550000000000	1.9416355843776e+02
154.580000000000	1.9550357074714e+02
154.610000000000	1.9678477406453e+02
154.640000000000	1.9800557055732e+02
154.670000000000	1.9916442090724e+02
154.700000000000	2.0025984606003e+02
154.730000000000	2.0129042889795e+02
154.760000000000	2.0225481583741e+02
154.790000000000	2.0315171835397e+02
154.820000000000	2.0397991443672e+02
154.850000000000	2.0473824997235e+02
154.880000000000	2.0542564005846e+02
154.910000000000	2.0604107024367e+02
154.940000000000	2.0658359769079e+02
154.970000000000	2.0705235225821e+02
155.000000000000	2.0744653749368e+02
155.030000000000	2.0776543153471e+02
155.060000000000	2.0800838791027e+02
155.090000000000	2.0817483623931e+02
155.120000000000	2.0826428282375e+02
155.150000000000	2.0827631113535e+02
155.180000000000	2.0821058219870e+02
155.210000000000	2.0806683487482e+02
155.240000000000	2.0784488605254e+02
155.270000000000	2.0754463075698e+02
155.300000000000	2.0716604218582e+02
155.330000000000	2.0670917168536e+02
155.360000000000	2.0617414867840e+02
155.390000000000	2.0556118055541e+02
155.420000000000	2.0487055253932e+02
155.450000000000	2.0410262753202e+02
155.480000000000	2.0325784594845e+02
155.510000000000	2.0233672554086e+02
155.540000000000	2.0133986121302e+02
155.570000000000	2.0026792482081e+02
155.600000000000	1.9912166495263e+02
155.630000000000	1.9790190668034e+02
155.660000000000	1.9660955126913e+02
155.690000000000	1.9524557583315e+02
155.720000000000	1.9381103292213e+02
155.750000000000	1.9230705002412e+02
155.780000000000	1.9073482896942e+02
155.810000000000	1.8909564522140e+02
155.840000000000	1.8739084704162e+02
155.870000000000	1.8562185451825e+02
155.900000000000	1.8379015844960e+02
155.930000000000	1.8189731907728e+02
155.960000000000	1.7994496466700e+02
155.990000000000	1.7793478993835e+02
156.020000000000	1.7586855434882e+02
156.050000000000	1.7374808024069e+02
156.080000000000	1.7157525086297e+02
156.110000000000	1.6935200828354e+02
156.140000000000	1.6708035120901e+02
156.170000000000	1.6476233273158e+02
156.200000000000	1.6240005802306e+02
156.230000000000	1.5999568199584e+02
156.260000000000	1.5755140694994e+02
156.290000000000	1.5506948022274e+02
156.320000000000	1.5255219185537e+02
156.350000000000	1.5000187228620e+02
156.380000000000	1.4742089007750e+02
156.410000000000	1.4481164967756e+02
156.440000000000	1.4217658921575e+02
156.470000000000	1.3951817832462e+02
156.500000000000	1.3683891597963e+02
156.530000000000	1.3414132834441e+02
156.560000000000	1.3142796660815e+02
156.590000000000	1.2870140480077e+02
156.620000000000	1.2596423757206e+02
156.650000000000	1.2321907792237e+02
156.680000000000	1.2046855487412e+02
156.710000000000	1.1771531107659e+02
156.740000000000	1.1496200033926e+02
156.770000000000	1.1221128509233e+02
156.800000000000	1.0946583377654e+02
156.830000000000	1.0672831816732e+02
156.860000000000	1.0400141064127e+02
156.890000000000	1.0128778139515e+02
156.920000000000	9.8590095629450e+01
156.950000000000	9.5911010709718e+01
156.980000000000	9.3253173319466e+01
157.010000000000	9.0619216618601e+01
157.040000000000	8.8011757420754e+01
157.070000000000	8.5433393402023e+01
157.100000000000	8.2886700352317e+01
157.130000000000	8.0374229478820e+01
157.160000000000	7.7898504769196e+01
157.190000000000	7.5462020420004e+01
157.220000000000	7.3067238333612e+01
157.250000000000	7.0716585684615e+01
157.280000000000	6.8412452554472e+01
157.310000000000	6.6157189631124e+01
157.340000000000	6.3953105968326e+01
157.370000000000	6.1802466798015e+01
157.400000000000	5.9707491387814e+01
157.430000000000	5.7670350935199e+01
157.460000000000	5.5693166489344e+01
157.490000000000	5.3778006893572e+01
157.520000000000	5.1926886741504e+01
157.550000000000	5.0141764337882e+01
157.580000000000	4.8424539665806e+01
157.610000000000	4.6777052356827e+01
157.640000000000	4.5201079666463e+01
157.670000000000	4.3698334459926e+01
157.700000000000	4.2270463215687e+01
157.730000000000	4.0919044056978e+01
157.760000000000	3.9645584823377e+01
157.790000000000	3.8451521196142e+01
157.820000000000	3.7338214891738e+01
157.850000000000	3.6306951938022e+01
157.880000000000	3.5358941046769e+01
157.910000000000	3.4495312094675e+01
157.940000000000	3.3717114722750e+01
157.970000000000	3.3025317061233e+01
158.000000000000	3.2420804583962e+01
158.030000000000	3.1904379092838e+01
158.060000000000	3.1476757829645e+01
158.090000000000	3.1138572709504e+01
158.120000000000	3.0890369667609e+01
158.150000000000	3.0732608108964e+01
158.180000000000	3.0665660449664e+01
158.210000000000	3.0689811737933e+01
158.240000000000	3.0805259343678e+01
158.270000000000	3.1012112706655e+01
158.300000000000	3.1310393135462e+01
158.330000000000	3.1700033652158e+01
158.360000000000	3.2180878880329e+01
158.390000000000	3.2752684977537e+01
158.420000000000	3.3415119616114e+01
158.450000000000	3.4167762018907e+01
158.480000000000	3.5010103058786e+01
158.510000000000	3.5941545432090e+01
158.540000000000	3.6961403916838e+01
158.570000000000	3.8068905726273e+01
158.600000000000	3.9263190967186e+01
158.630000000000	4.0543313210568e+01
158.660000000000	4.1908240179695e+01
158.690000000000	4.3356854557722e+01
158.720000000000	4.4887954913793e+01
158.750000000000	4.6500256743506e+01
158.780000000000	4.8192393616802e+01
158.810000000000	4.9962918424009e+01
158.840000000000	5.1810304709144e+01
158.870000000000	5.3732948078822e+01
158.900000000000	5.5729167675169e+01
158.930000000000	5.7797207702085e+01
158.960000000000	5.9935238996007e+01
158.990000000000	6.2141360634648e+01
159.020000000000	6.4413601580078e+01
159.050000000000	6.6749922355496e+01
159.080000000000	6.9148216758078e+01
159.110000000000	7.1606313612974e+01
159.140000000000	7.4121978575653e+01
159.170000000000	7.6692915991364e+01
159.200000000000	7.9316770821095e+01
159.230000000000	8.1991130643255e+01
159.260000000000	8.4713527739308e+01
159.290000000000	8.7481441269875e+01
159.320000000000	9.0292299545453e+01
159.350000000000	9.3143482393224e+01
159.380000000000	9.6032323618574e+01
159.410000000000	9.8956113557102e+01
159.440000000000	1.0191210171032e+02
159.470000000000	1.0489749945621e+02
159.500000000000	1.0790948282425e+02
159.530000000000	1.1094519532352e+02
159.560000000000	1.1400175081267e+02
159.590000000000	1.1707623640037e+02
159.620000000000	1.2016571536662e+02
159.650000000000	1.2326723009601e+02
159.680000000000	1.2637780501622e+02
159.710000000000	1.2949444953675e+02
159.740000000000	1.3261416098445e+02
159.770000000000	1.3573392753430e+02
159.800000000000	1.3885073113501e+02
159.830000000000	1.4196155042994e+02
159.860000000000	1.4506336367417e+02
159.890000000000	1.4815315164881e+02
159.920000000000	1.5122790057299e+02
159.950000000000	1.5428460501339e+02
159.980000000000	1.5732027079020e+02
160.010000000000	1.6033191787739e+02
160.040000000000	1.6331658329388e+02
160.070000000000	1.6627132398164e+02
160.100000000000	1.6919321966565e+02
160.130000000000	1.7207937569041e+02
160.160000000000	1.7492692582762e+02
160.190000000000	1.7773303504979e+02
160.220000000000	1.8049490226526e+02
160.250000000000	1.8320976301083e+02
160.280000000000	1.8587489209960e+02
160.310000000000	1.8848760622243e+02
160.340000000000	1.9104526650313e+02
160.370000000000	1.9354528100823e+02
160.400000000000	1.9598510721357e+02
160.430000000000	1.9836225443038e+02
160.460000000000	2.0067428619438e+02
160.490000000000	2.0291882262128e+02
160.520000000000	2.0509354273203e+02
160.550000000000	2.0719618675094e+02
160.580000000000	2.0922455837874e+02
160.610000000000	2.1117652704199e+02
160.640000000000	2.1305003011920e+02
160.670000000000	2.1484307514249e+02
160.700000000000	2.1655374197284e+02
160.730000000000	2.1818018494522e+02
160.760000000000	2.1972063497882e+02
160.790000000000	2.2117340164615e+02
160.820000000000	2.2253687519375e+02
160.850000000000	2.2380952850575e+02
160.880000000000	2.2498991900078e+02
160.910000000000	2.2607669045180e+02
160.940000000000	2.2706857471769e+02
160.970000000000	2.2796439337538e+02
161.000000000000	2.2876305924118e+02
161.030000000000	2.2946357777085e+02
161.060000000000	2.3006504832875e+02
161.090000000000	2.3056666531815e+02
161.120000000000	2.3096771916706e+02
161.150000000000	2.3126759716620e+02
161.180000000000	2.3146578415897e+02
161.210000000000	2.3156186308613e+02
161.240000000000	2.3155551539108e+02
161.270000000000	2.3144652129463e+02
161.300000000000	2.3123475995023e+02
161.330000000000	2.3092020949287e+02
161.360000000000	2.3050294699552e+02
161.390000000000	2.2998314834726e+02
161.420000000000	2.2936108806643e+02
161.450000000000	2.2863713906028e+02
161.480000000000	2.2781177234013e+02
161.510000000000	2.2688555669803e+02
161.540000000000	2.2585915834714e+02
161.570000000000	2.2473334052472e+02
161.600000000000	2.2350896305300e+02
161.630000000000	2.2218698185027e+02
161.660000000000	2.2076844838217e+02
161.690000000000	2.1925450904174e+02
161.720000000000	2.1764640444603e+02
161.750000000000	2.1594546863749e+02
161.780000000000	2.1415312817948e+02
161.810000000000	2.1227090113676e+02
161.840000000000	2.1030039593601e+02
161.870000000000	2.0824331010005e+02
161.900000000000	2.0610142885665e+02
161.930000000000	2.0387662362261e+02
161.960000000000	2.0157085036717e+02
161.990000000000	1.9918614785993e+02
162.020000000000	1.9672463581027e+02
162.050000000000	1.9418851290564e+02
162.080000000000	1.9158005475650e+02
162.110000000000	1.8890161175543e+02
162.140000000000	1.8615560685768e+02
162.170000000000	1.8334453328947e+02
162.200000000000	1.8047095219012e+02
162.230000000000	1.7753749019292e+02
162.260000000000	1.7454683694969e+02
162.290000000000	1.7150174260303e+02
162.320000000000	1.6840501521041e+02
162.350000000000	1.6525951812383e+02
162.380000000000	1.6206816732869e+02
162.410000000000	1.5883392874540e+02
162.440000000000	1.5555981549699e+02
162.470000000000	1.5224888514564e+02
162.500000000000	1.4890423690031e+02
162.530000000000	1.4552900879737e+02
162.560000000000	1.4212637485483e+02
162.590000000000	1.3869954220027e+02
162.620000000000	1.3525174817132e+02
162.650000000000	1.3178625738700e+02
162.680000000000	1.2830635878744e+02
162.710000000000	1.2481536263925e+02
162.740000000000	1.2131659750348e+02
162.770000000000	1.1781340716389e+02
162.800000000000	1.1430914751358e+02
162.830000000000	1.1080718339917e+02
162.860000000000	1.0731088542321e+02
162.890000000000	1.0382362670688e+02
162.920000000000	1.0034877961677e+02
162.950000000000	9.6889712461183e+01
162.980000000000	9.3449786162881e+01
163.010000000000	9.0032350916430e+01
163.040000000000	8.6640742839185e+01
163.070000000000	8.3278280625518e+01
163.100000000000	7.9948262213882e+01
163.130000000000	7.6653961475905e+01
163.160000000000	7.3398624935930e+01
163.190000000000	7.0185468528267e+01
163.220000000000	6.7017674397978e+01
163.250000000000	6.3898387749509e+01
163.280000000000	6.0830713745906e+01
163.310000000000	5.7817714459834e+01
163.340000000000	5.4862405876362e+01
163.370000000000	5.1967754946455e+01
163.400000000000	4.9136676689515e+01
163.430000000000	4.6372031342981e+01
163.460000000000	4.3676621557191e+01
163.490000000000	4.1053189634241e+01
163.520000000000	3.8504414810400e+01
163.550000000000	3.6032910582714e+01
163.580000000000	3.3641222081753e+01
163.610000000000	3.1331823493722e+01
163.640000000000	2.9107115536432e+01
163.670000000000	2.6969422994695e+01
163.700000000000	2.4920992321633e+01
163.730000000000	2.2963989312755e+01
163.760000000000	2.1100496859898e+01
163.790000000000	1.9332512791722e+01
163.820000000000	1.7661947806735e+01
163.850000000000	1.6090623503685e+01
163.880000000000	1.4620270512701e+01
163.910000000000	1.3252526728892e+01
163.940000000000	1.1988935648277e+01
163.970000000000	1.0830944804183e+01
164.000000000000	9.7799043006104e+00
164.030000000000	8.8370654377494e+00
164.060000000000	8.0035794239162e+00
164.090000000000	7.2804961677968e+00
164.120000000000	6.6687631450254e+00
164.150000000000	6.1692243338555e+00
164.180000000000	5.7826192159636e+00
164.210000000000	5.5095818401342e+00
164.240000000000	5.3506399486400e+00
164.270000000000	5.3062141683645e+00
164.300000000000	5.3766172709705e+00
164.330000000000	5.5620535084756e+00
164.360000000000	5.8626180323343e+00
164.390000000000	6.2782964053690e+00
164.420000000000	6.8089642165278e+00
164.450000000000	7.4543868084628e+00
164.480000000000	8.2142191272336e+00
164.510000000000	9.0880057021813e+00
164.540000000000	1.0075180762230e+01
164.570000000000	1.1175068492716e+01
164.600000000000	1.2386883434478e+01
164.630000000000	1.3709731024561e+01
164.660000000000	1.5142608275678e+01
164.690000000000	1.6684404589636e+01
164.720000000000	1.8333902698515e+01
164.750000000000	2.0089779726440e+01
164.780000000000	2.1950608364462e+01
164.810000000000	2.3914858151260e+01
164.840000000000	2.5980896853106e+01
164.870000000000	2.8146991937630e+01
164.900000000000	3.0411312137270e+01
164.930000000000	3.2771929099766e+01
164.960000000000	3.5226819124416e+01
164.990000000000	3.7773864984008e+01
165.020000000000	4.0410857833079e+01
165.050000000000	4.3135499203654e+01
165.080000000000	4.5945403089377e+01
165.110000000000	4.8838098118386e+01
165.140000000000	5.1811029814251e+01
165.170000000000	5.4861562942907e+01
165.200000000000	5.7986983941874e+01
165.230000000000	6.1184503426492e+01
165.260000000000	6.4451258766364e+01
165.290000000000	6.7784316723981e+01
165.320000000000	7.1180676146764e+01
165.350000000000	7.4637270703544e+01
165.380000000000	7.8150971656929e+01
165.410000000000	8.1718590664005e+01
165.440000000000	8.5336882599513e+01
165.470000000000	8.9002548397665e+01
165.500000000000	9.2712237911224e+01
165.530000000000	9.6462552788988e+01
165.560000000000	1.0025004937537e+02
165.590000000000	1.0407124163792e+02
165.620000000000	1.0792260413042e+02
165.650000000000	1.1180057500034e+02
165.680000000000	1.1570155904997e+02
165.710000000000	1.1962193086009e+02
165.740000000000	1.2355803798425e+02
165.770000000000	1.2750620421980e+02
165.800000000000	1.3146273295986e+02
165.830000000000	1.3542391062760e+02
165.860000000000	1.3938601019154e+02
165.890000000000	1.4334529475784e+02
165.920000000000	1.4729802123267e+02
165.950000000000	1.5124044404572e+02
165.980000000000	1.5516881892376e+02
166.010000000000	1.5907940670183e+02
166.040000000000	1.6296847715861e+02
166.070000000000	1.6683231286223e+02
166.100000000000	1.7066721301261e+02
166.130000000000	1.7446949726590e+02
166.160000000000	1.7823550953111e+02
166.190000000000	1.8196162172633e+02
166.220000000000	1.8564423747767e+02
166.250000000000	1.8927979575964e+02
166.280000000000	1.9286477446424e+02
166.310000000000	1.9639569389240e+02
166.340000000000	1.9986912016195e+02
166.370000000000	2.0328166852798e+02
166.400000000000	2.0663000661256e+02
166.430000000000	2.0991085754292e+02
166.460000000000	2.1312100299838e+02
166.490000000000	2.1625728616846e+02
166.520000000000	2.1931661462578e+02
166.550000000000	2.2229596311946e+02
166.580000000000	2.2519237629548e+02
166.610000000000	2.2800297135182e+02
166.640000000000	2.3072494063653e+02
166.670000000000	2.3335555419705e+02
166.700000000000	2.3589216228832e+02
166.730000000000	2.3833219784639e+02
166.760000000000	2.4067317893227e+02
166.790000000000	2.4291271114885e+02
166.820000000000	2.4504849003106e+02
166.850000000000	2.4707830340687e+02
166.880000000000	2.4900003372393e+02
166.910000000000	2.5081166033420e+02
166.940000000000	2.5251126172682e+02
166.970000000000	2.5409701769760e+02
167.000000000000	2.5556721144255e+02
167.030000000000	2.5692023156251e+02
167.060000000000	2.5815457396621e+02
167.090000000000	2.5926884365987e+02
167.120000000000	2.6026175641295e+02
167.150000000000	2.6113214029180e+02
167.180000000000	2.6187893705457e+02
167.210000000000	2.6250120340351e+02
167.240000000000	2.6299811209261e+02
167.270000000000	2.6336895289077e+02
167.300000000000	2.6361313340245e+02
167.330000000000	2.6373017974893e+02
167.360000000000	2.6371973711475e+02
167.390000000000	2.6358157016424e+02
167.420000000000	2.6331556333356e+02
167.450000000000	2.6292172100389e+02
167.480000000000	2.6240016756096e+02
167.510000000000	2.6175114734626e+02
167.540000000000	2.6097502450453e+02
167.570000000000	2.6007228273192e+02
167.600000000000	2.5904352492871e+02
167.630000000000	2.5788947275995e+02
167.660000000000	2.5661096612678e+02
167.690000000000	2.5520896255069e+02
167.720000000000	2.5368453647216e+02
167.750000000000	2.5203887846431e+02
167.780000000000	2.5027329436142e+02
167.810000000000	2.4838920430086e+02
167.840000000000	2.4638814167624e+02
167.870000000000	2.4427175199821e+02
167.900000000000	2.4204179165860e+02
167.930000000000	2.3970012659252e+02
167.960000000000	2.3724873083254e+02
167.990000000000	2.3468968494875e+02
168.020000000000	2.3202517436853e+02
168.050000000000	2.2925748757051e+02
168.080000000000	2.2638901414805e+02
168.110000000000	2.2342224273902e+02
168.140000000000	2.2035975882046e+02
168.170000000000	2.1720424236879e+02
168.200000000000	2.1395846538852e+02
168.230000000000	2.1062528931469e+02
168.260000000000	2.0720766229666e+02
168.290000000000	2.0370861637273e+02
168.320000000000	2.0013126454669e+02
168.350000000000	1.9647879777874e+02
168.380000000000	1.9275448190360e+02
168.410000000000	1.8896165448853e+02
168.440000000000	1.8510372164353e+02
168.470000000000	1.8118415479434e+02
168.500000000000	1.7720648742741e+02
168.530000000000	1.7317431181337e+02
168.560000000000	1.6909127571354e+02
168.590000000000	1.6496107907090e+02
168.620000000000	1.6078747068476e+02
168.650000000000	1.5657424486603e+02
168.680000000000	1.5232523806792e+02
168.710000000000	1.4804432548570e+02
168.740000000000	1.4373541761817e+02
168.770000000000	1.3940245678343e+02
168.800000000000	1.3504941358210e+02
168.830000000000	1.3068028330212e+02
168.860000000000	1.2629908226126e+02
168.890000000000	1.2190984408526e+02
168.920000000000	1.1751661592259e+02
168.950000000000	1.1312345459903e+02
168.980000000000	1.0873442271843e+02
169.010000000000	1.0435358471834e+02
169.040000000000	9.9985002891880e+01
169.070000000000	9.5632733388761e+01
169.100000000000	9.1300822210024e+01
169.130000000000	8.6993301211505e+01
169.160000000000	8.2714184131195e+01
169.190000000000	7.8467462654686e+01
169.220000000000	7.4257102531502e+01
169.250000000000	7.0087039752894e+01
169.280000000000	6.5961176798937e+01
169.310000000000	6.1883378959652e+01
169.340000000000	5.7857470731572e+01
169.370000000000	5.3887232287805e+01
169.400000000000	4.9976396016559e+01
169.430000000000	4.6128643120444e+01
169.460000000000	4.2347600266888e+01
169.490000000000	3.8636836278737e+01
169.520000000000	3.4999858853979e+01
169.550000000000	3.1440111304142e+01
169.580000000000	2.7960969302718e+01
169.610000000000	2.4565737637468e+01
169.640000000000	2.1257646963878e+01
169.670000000000	1.8039850560782e+01
169.700000000000	1.4915421093249e+01
169.730000000000	1.1887347391915e+01
169.760000000000	8.9585312616014e+00
169.790000000000	6.1317843351421e+00
169.820000000000	3.4098249906417e+00
169.850000000000	7.9527535162280e-01
169.880000000000	-1.7093416103328e+00
169.910000000000	-4.1016048518482e+00
169.940000000000	-6.3791978963074e+00
169.970000000000	-8.5399113210502e+00
170.000000000000	-1.0581645083220e+01
170.030000000000	-1.2502410678314e+01
170.060000000000	-1.4300333129758e+01
170.090000000000	-1.5973652811913e+01
170.120000000000	-1.7520727112596e+01
170.150000000000	-1.8940031944204e+01
170.180000000000	-2.0230163114744e+01
170.210000000000	-2.1389837571265e+01
170.240000000000	-2.2417894528407e+01
170.270000000000	-2.3313296494036e+01
170.300000000000	-2.4075130202350e+01
170.330000000000	-2.4702607462472e+01
170.360000000000	-2.5195065927787e+01
170.390000000000	-2.5551969788256e+01
170.420000000000	-2.5772910384883e+01
170.450000000000	-2.5857606742797e+01
170.480000000000	-2.5805906019723e+01
170.510000000000	-2.5617783849216e+01
170.540000000000	-2.5293344596400e+01
170.570000000000	-2.4832821492100e+01
170.600000000000	-2.4236576650165e+01
170.630000000000	-2.3505100959190e+01
170.660000000000	-2.2639013844157e+01
170.690000000000	-2.1639062895763e+01
170.720000000000	-2.0506123367464e+01
170.750000000000	-1.9241197542502e+01
170.780000000000	-1.7845413975029e+01
170.810000000000	-1.6320026610693e+01
170.840000000000	-1.4666413792881e+01
170.870000000000	-1.2886077160662e+01
170.900000000000	-1.0980640443927e+01
170.930000000000	-8.9518481598298e+00
170.960000000000	-6.8015642130069e+00
170.990000000000	-4.5317703999683e+00
171.020000000000	-2.1445648160899e+00
171.050000000000	3.5783983836338e-01
171.080000000000	2.9731180581364e+00
171.110000000000	5.6988334449025e+00
171.140000000000	8.5324407376119e+00
171.170000000000	1.1471287967412e+01
171.200000000000	1.4512618742381e+01
171.230000000000	1.7653574665867e+01
171.260000000000	2.0891197890275e+01
171.290000000000	2.4222433806087e+01
171.320000000000	2.7644133863651e+01
171.350000000000	3.1153058523198e+01
171.380000000000	3.4745880326699e+01
171.410000000000	3.8419187083838e+01
171.440000000000	4.2169485163207e+01
171.470000000000	4.5993202879464e+01
171.500000000000	4.9886693966993e+01
171.530000000000	5.3846241130972e+01
171.560000000000	5.7868059667164e+01
171.590000000000	6.1948301142521e+01
171.620000000000	6.6083057129373e+01
171.650000000000	7.0268362986648e+01
171.680000000000	7.4500201682069e+01
171.710000000000	7.8774507649797e+01
171.740000000000	8.3087170678145e+01
171.770000000000	8.7434039822182e+01
171.800000000000	9.1810927336265e+01
171.830000000000	9.6213612621626e+01
171.860000000000	1.0063784618447e+02
171.890000000000	1.0507935360052e+02
171.920000000000	1.0953383948262e+02
171.950000000000	1.1399699144898e+02
171.980000000000	1.1846448409050e+02
172.010000000000	1.2293198293723e+02
172.040000000000	1.2739514842469e+02
172.070000000000	1.3184963986237e+02
172.100000000000	1.3629111940731e+02
172.130000000000	1.4071525604623e+02
172.160000000000	1.4511772958997e+02
172.190000000000	1.4949423468338e+02
172.220000000000	1.5384048483313e+02
172.250000000000	1.5815221645456e+02
172.280000000000	1.6242519293690e+02
172.310000000000	1.6665520872442e+02
172.340000000000	1.7083809340896e+02
172.370000000000	1.7496971582727e+02
172.400000000000	1.7904598815491e+02
172.430000000000	1.8306286998692e+02
172.460000000000	1.8701637239457e+02
172.490000000000	1.9090256194689e+02
172.520000000000	1.9471756468590e+02
172.550000000000	1.9845757004467e+02
172.580000000000	2.0211883469849e+02
172.610000000000	2.0569768634055e+02
172.640000000000	2.0919052737492e+02
172.670000000000	2.1259383852096e+02
172.700000000000	2.1590418232504e+02
172.730000000000	2.1911820657615e+02
172.760000000000	2.2223264762353e+02
172.790000000000	2.2524433359495e+02
172.820000000000	2.2815018751473e+02
172.850000000000	2.3094723032129e+02
172.880000000000	2.3363258378373e+02
172.910000000000	2.3620347331731e+02
172.940000000000	2.3865723069768e+02
172.970000000000	2.4099129667371e+02
173.000000000000	2.4320322347888e+02
173.030000000000	2.4529067724154e+02
173.060000000000	2.4725144029444e+02
173.090000000000	2.4908341338438e+02
173.120000000000	2.5078461778296e+02
173.150000000000	2.5235319729980e+02
173.180000000000	2.5378742019962e+02
173.210000000000	2.5508568102411e+02
173.240000000000	2.5624650231984e+02
173.270000000000	2.5726853627190e+02
173.300000000000	2.5815056624288e+02
173.330000000000	2.5889150821494e+02
173.360000000000	2.5949041213189e+02
173.390000000000	2.5994646313656e+02
173.420000000000	2.6025898269724e+02
173.450000000000	2.6042742961601e+02
173.480000000000	2.6045140091035e+02
173.510000000000	2.6033063255919e+02
173.540000000000	2.6006500010389e+02
173.570000000000	2.5965451909522e+02
173.600000000000	2.5909934537803e+02
173.630000000000	2.5839977520673e+02
173.660000000000	2.5755624518640e+02
173.690000000000	2.5656933203667e+02
173.720000000000	2.5543975217790e+02
173.750000000000	2.5416836114210e+02
173.780000000000	2.5275615281332e+02
173.810000000000	2.5120425850518e+02
173.840000000000	2.4951394588511e+02
173.870000000000	2.4768661775669e+02
173.900000000000	2.4572381071270e+02
173.930000000000	2.4362719367178e+02
173.960000000000	2.4139856631145e+02
173.990000000000	2.3903985740909e+02
174.020000000000	2.3655312310102e+02
174.050000000000	2.3394054506721e+02
174.080000000000	2.3120442864665e+02
174.110000000000	2.2834720088532e+02
174.140000000000	2.2537140851557e+02
174.170000000000	2.2227971586274e+02
174.200000000000	2.1907490267231e+02
174.230000000000	2.1575986184848e+02
174.260000000000	2.1233759709389e+02
174.290000000000	2.0881122043919e+02
174.320000000000	2.0518394965155e+02
174.350000000000	2.0145910551186e+02
174.380000000000	1.9764010895232e+02
174.410000000000	1.9373047804844e+02
174.440000000000	1.8973382486225e+02
174.470000000000	1.8565385213715e+02
174.500000000000	1.8149434984782e+02
174.530000000000	1.7725919161239e+02
174.560000000000	1.7295233097675e+02
174.590000000000	1.6857779758400e+02
174.620000000000	1.6413969324364e+02
174.650000000000	1.5964218791666e+02
174.680000000000	1.5508951563317e+02
174.710000000000	1.5048597035889e+02
174.740000000000	1.4583590182578e+02
174.770000000000	1.4114371134013e+02
174.800000000000	1.3641384757989e+02
174.830000000000	1.3165080238680e+02
174.860000000000	1.2685910656219e+02
174.890000000000	1.2204332566696e+02
174.920000000000	1.1720805582309e+02
174.950000000000	1.1235791951430e+02
174.980000000000	1.0749756137959e+02
175.010000000000	1.0263164399201e+02
175.040000000000	9.7764843614395e+01
175.070000000000	9.2901845923612e+01
175.100000000000	8.8047341696015e+01
175.130000000000	8.3206022448238e+01
175.160000000000	7.8382576029771e+01
175.190000000000	7.3581682166694e+01
175.220000000000	6.8808007958917e+01
175.250000000000	6.4066203336558e+01
175.280000000000	5.9360896484212e+01
175.310000000000	5.4696689244544e+01
175.340000000000	5.0078152514881e+01
175.370000000000	4.5509821651932e+01
175.400000000000	4.0996191900488e+01
175.430000000000	3.6541713861889e+01
175.460000000000	3.2150789016867e+01
175.490000000000	2.7827765315945e+01
175.520000000000	2.3576932848159e+01
175.550000000000	1.9402519596163e+01
175.580000000000	1.5308687282937e+01
175.610000000000	1.1299527312447e+01
175.640000000000	7.3790568039832e+00
175.670000000000	3.5512147175819e+00
175.700000000000	-1.8014193359861e-01
175.730000000000	-3.8112417891500e+00
175.760000000000	-7.3384027710562e+00
175.790000000000	-1.0758035642164e+01
175.820000000000	-1.4066647497556e+01
175.850000000000	-1.7260845191333e+01
175.880000000000	-2.0337338699415e+01
175.910000000000	-2.3292944416712e+01
175.940000000000	-2.6124588384933e+01
175.970000000000	-2.8829309445187e+01
176.000000000000	-3.1404262307707e+01
176.030000000000	-3.3846720529703e+01
176.060000000000	-3.6154079391509e+01
176.090000000000	-3.8323858660876e+01
176.120000000000	-4.0353705235587e+01
176.150000000000	-4.2241395655507e+01
176.180000000000	-4.3984838476561e+01
176.210000000000	-4.5582076500920e+01
176.240000000000	-4.7031288859814e+01
176.270000000000	-4.8330792947597e+01
176.300000000000	-4.9479046207878e+01
176.330000000000	-5.0474647774546e+01
176.360000000000	-5.1316339972180e+01
176.390000000000	-5.2003009681552e+01
176.420000000000	-5.2533689576590e+01
176.450000000000	-5.2907559239207e+01
176.480000000000	-5.3123946157893e+01
176.510000000000	-5.3182326614851e+01
176.540000000000	-5.3082326464882e+01
176.570000000000	-5.2823721807340e+01
176.600000000000	-5.2406439550346e+01
176.630000000000	-5.1830557864352e+01
176.660000000000	-5.1096306520155e+01
176.690000000000	-5.0204067104771e+01
176.720000000000	-4.9154373107337e+01
176.750000000000	-4.7947909866473e+01
176.780000000000	-4.6585514370301e+01
176.810000000000	-4.5068174900746e+01
176.840000000000	-4.3397030514575e+01
176.870000000000	-4.1573370354916e+01
176.900000000000	-3.9598632788651e+01
176.930000000000	-3.7474404366793e+01
176.960000000000	-3.5202418606838e+01
176.990000000000	-3.2784554597797e+01
177.020000000000	-3.0222835430269e+01
177.050000000000	-2.7519426455228e+01
177.080000000000	-2.4676633376260e+01
177.110000000000	-2.1696900180924e+01
177.140000000000	-1.8582806917371e+01
177.170000000000	-1.5337067322840e+01
177.200000000000	-1.1962526310830e+01
177.230000000000	-8.4621573240435e+00
177.260000000000	-4.8390595602965e+00
177.290000000000	-1.0964550787618e+00
177.320000000000	2.7623142058390e+00
177.350000000000	6.7337896332833e+00
177.380000000000	1.0814399004298e+01
177.410000000000	1.5000459875414e+01
177.440000000000	1.9288182934456e+01
177.470000000000	2.3673675449334e+01
177.500000000000	2.8152944783501e+01
177.530000000000	3.2721901972479e+01
177.560000000000	3.7376365357245e+01
177.590000000000	4.2112064272032e+01
177.620000000000	4.6924642785790e+01
177.650000000000	5.1809663498598e+01
177.680000000000	5.6762611396228e+01
177.710000000000	6.1778897767546e+01
177.740000000000	6.6853864190902e+01
177.770000000000	7.1982786596196e+01
177.800000000000	7.7160879409744e+01
177.830000000000	8.2383299788247e+01
177.860000000000	8.7645151947199e+01
177.890000000000	9.2941491587376e+01
177.920000000000	9.8267330420568e+01
177.950000000000	1.0361764079338e+02
177.980000000000	1.0898736040520e+02
178.010000000000	1.1437139711361e+02
178.040000000000	1.1976463381850e+02
178.070000000000	1.2516193341350e+02
178.100000000000	1.3055814379275e+02
178.130000000000	1.3594810289918e+02
178.160000000000	1.4132664380096e+02
178.190000000000	1.4668859978256e+02
178.220000000000	1.5202880943780e+02
178.250000000000	1.5734212175338e+02
178.280000000000	1.6262340117242e+02
178.310000000000	1.6786753262928e+02
178.340000000000	1.7306942654801e+02
178.370000000000	1.7822402379769e+02
178.400000000000	1.8332630059952e+02
178.430000000000	1.8837127338053e+02
178.460000000000	1.9335400356953e+02
178.490000000000	1.9826960233165e+02
178.520000000000	2.0311323523734e+02
178.550000000000	2.0788012686265e+02
178.580000000000	2.1256556531778e+02
178.610000000000	2.1716490670132e+02
178.640000000000	2.2167357947853e+02
178.670000000000	2.2608708878277e+02
178.700000000000	2.3040102064053e+02
178.730000000000	2.3461104612110e+02
178.760000000000	2.3871292541370e+02
178.790000000000	2.4270251183512e+02
178.820000000000	2.4657575577204e+02
178.850000000000	2.5032870856211e+02
178.880000000000	2.5395752631782e+02
178.910000000000	2.5745847369629e+02
178.940000000000	2.6082792761682e+02
178.970000000000	2.6406238092635e+02
179.000000000000	2.6715844601075e+02
179.030000000000	2.7011285834738e+02
179.060000000000	2.7292247999203e+02
179.090000000000	2.7558430299059e+02
179.120000000000	2.7809545270404e+02
179.150000000000	2.8045319103260e+02
179.180000000000	2.8265491952604e+02
179.210000000000	2.8469818236336e+02
179.240000000000	2.8658066918636e+02
179.270000000000	2.8830021777381e+02
179.300000000000	2.8985481654288e+02
179.330000000000	2.9124260686714e+02
179.360000000000	2.9246188520278e+02
179.390000000000	2.9351110501784e+02
179.420000000000	2.9438887852189e+02
179.450000000000	2.9509397819714e+02
179.480000000000	2.9562533813424e+02
179.510000000000	2.9598205517897e+02
179.540000000000	2.9616338989802e+02
179.570000000000	2.9616876737328e+02
179.600000000000	2.9599777783555e+02
179.630000000000	2.9565017714839e+02
179.660000000000	2.9512588715283e+02
179.690000000000	2.9442499588264e+02
179.720000000000	2.9354775765856e+02
179.750000000000	2.9249459306810e+02
179.780000000000	2.9126608883521e+02
179.810000000000	2.8986299758205e+02
179.840000000000	2.8828623748256e+02
179.870000000000	2.8653689180508e+02
179.900000000000	2.8461620833914e+02
179.930000000000	2.8252559869974e+02
179.960000000000	2.8026663750038e+02
179.990000000000	2.7784106138563e+02
180.020000000000	2.7525076791274e+02
180.050000000000	2.7249781427228e+02
180.080000000000	2.6958441583780e+02
180.110000000000	2.6651294453610e+02
180.140000000000	2.6328592703087e+02
180.170000000000	2.5990604271476e+02
180.200000000000	2.5637612150751e+02
180.230000000000	2.5269914146025e+02
180.260000000000	2.4887822616925e+02
180.290000000000	2.4491664200506e+02
180.320000000000	2.4081779516591e+02
180.350000000000	2.3658522856647e+02
180.380000000000	2.3222261857518e+02
180.410000000000	2.2773377161451e+02
180.440000000000	2.2312262063962e+02
180.470000000000	2.1839322151038e+02
180.500000000000	2.1354974927135e+02
180.530000000000	2.0859649435261e+02
180.560000000000	2.0353785870232e+02
180.590000000000	1.9837835185934e+02
180.620000000000	1.9312258697087e+02
180.650000000000	1.8777527675743e+02
180.680000000000	1.8234122942392e+02
180.710000000000	1.7682534451277e+02
180.740000000000	1.7123260869244e+02
180.770000000000	1.6556809147299e+02
180.800000000000	1.5983694083900e+02
180.830000000000	1.5404437878961e+02
180.860000000000	1.4819569677649e+02
180.890000000000	1.4229625103136e+02
180.920000000000	1.3635145777720e+02
180.950000000000	1.3036678832001e+02
180.980000000000	1.2434776402106e+02
181.010000000000	1.1829995115356e+02
181.040000000000	1.1222895565066e+02
181.070000000000	1.0614041775576e+02
181.100000000000	1.0004000658860e+02
181.130000000000	9.3933414643209e+01
181.160000000000	8.7826352235690e+01
181.190000000000	8.1724541920294e+01
181.220000000000	7.5633712892526e+01
181.250000000000	6.9559595397147e+01
181.280000000000	6.3507915157252e+01
181.310000000000	5.7484387838459e+01
181.340000000000	5.1494713559415e+01
181.370000000000	4.5544571456968e+01
181.400000000000	3.9639614311058e+01
181.430000000000	3.3785463231583e+01
181.460000000000	2.7987702406614e+01
181.490000000000	2.2251873909233e+01
181.520000000000	1.6583472558557e+01
181.550000000000	1.0987940829446e+01
181.580000000000	5.4706638052529e+00
181.610000000000	3.6964168264536e-02
181.640000000000	-5.3079027764893e+00
181.670000000000	-1.0558754046570e+01
181.700000000000	-1.5710483897354e+01
181.730000000000	-2.0758068705378e+01
181.760000000000	-2.5696571815691e+01
181.790000000000	-3.0521148346706e+01
181.820000000000	-3.5227049943987e+01
181.850000000000	-3.9809629472635e+01
181.880000000000	-4.4264345636735e+01
181.910000000000	-4.8586767513677e+01
181.940000000000	-5.2772578991516e+01
181.970000000000	-5.6817583097805e+01
182.000000000000	-6.0717706210091e+01
182.030000000000	-6.4469002140021e+01
182.060000000000	-6.8067656085080e+01
182.090000000000	-7.1509988444764e+01
182.120000000000	-7.4792458500104e+01
182.150000000000	-7.7911667957996e+01
182.180000000000	-8.0864364363541e+01
182.210000000000	-8.3647444384992e+01
182.240000000000	-8.6257956976614e+01
182.270000000000	-8.8693106424614e+01
182.300000000000	-9.0950255280666e+01
182.330000000000	-9.3026927185907e+01
182.360000000000	-9.4920809586363e+01
182.390000000000	-9.6629756338176e+01
182.420000000000	-9.8151790198419e+01
182.450000000000	-9.9485105194614e+01
182.480000000000	-1.0062806886351e+02
182.510000000000	-1.0157922434787e+02
182.540000000000	-1.0233729233838e+02
182.570000000000	-1.0290117284740e+02
182.600000000000	-1.0326994680102e+02
182.630000000000	-1.0344287743712e+02
182.660000000000	-1.0341941149849e+02
182.690000000000	-1.0319918021214e+02
182.720000000000	-1.0278200004900e+02
182.750000000000	-1.0216787326052e+02
182.780000000000	-1.0135698819193e+02
182.810000000000	-1.0034971937455e+02
182.840000000000	-9.9146627402184e+01
182.870000000000	-9.7748458598364e+01
182.900000000000	-9.6156144483092e+01
182.930000000000	-9.4370801048412e+01
182.960000000000	-9.2393727852736e+01
182.990000000000	-9.0226406943662e+01
183.020000000000	-8.7870501618611e+01
183.050000000000	-8.5327855031662e+01
183.080000000000	-8.2600488654094e+01
183.110000000000	-7.9690600594920e+01
183.140000000000	-7.6600563786561e+01
183.170000000000	-7.3332924039828e+01
183.200000000000	-6.9890397971381e+01
183.230000000000	-6.6275870806045e+01
183.260000000000	-6.2492394055607e+01
183.290000000000	-5.8543183075209e+01
183.320000000000	-5.4431614497774e+01
183.350000000000	-5.0161223546372e+01
183.380000000000	-4.5735701223769e+01
183.410000000000	-4.1158891377735e+01
183.440000000000	-3.6434787639839e+01
183.470000000000	-3.1567530234794e+01
183.500000000000	-2.6561402654913e+01
183.530000000000	-2.1420828199432e+01
183.560000000000	-1.6150366368073e+01
183.590000000000	-1.0754709105852e+01
183.620000000000	-5.2386768936173e+00
183.650000000000	3.9278532088560e-01
183.680000000000	6.1346123552813e+00
183.710000000000	1.1981623190638e+01
183.740000000000	1.7928525535778e+01
183.770000000000	2.3969920555901e+01
183.800000000000	3.0100307761081e+01
183.830000000000	3.6314090047375e+01
183.860000000000	4.2605578880968e+01
183.890000000000	4.8968999613182e+01
183.920000000000	5.5398496912497e+01
183.950000000000	6.1888140298413e+01
183.980000000000	6.8431929761249e+01
184.010000000000	7.5023801451989e+01
184.040000000000	8.1657633427055e+01
184.070000000000	8.8327251434004e+01
184.100000000000	9.5026434725919e+01
184.130000000000	1.0174892189419e+02
184.160000000000	1.0848841671159e+02
184.190000000000	1.1523859397952e+02
184.220000000000	1.2199310537526e+02
184.250000000000	1.2874558529661e+02
184.280000000000	1.3548965670268e+02
184.310000000000	1.4221893695000e+02
184.340000000000	1.4892704362384e+02
184.370000000000	1.5560760036467e+02
184.400000000000	1.6225424268913e+02
184.430000000000	1.6886062380461e+02
184.460000000000	1.7542042041622e+02
184.490000000000	1.8192733852396e+02
184.520000000000	1.8837511920789e+02
184.550000000000	1.9475754439844e+02
184.580000000000	2.0106844262919e+02
184.610000000000	2.0730169476902e+02
184.640000000000	2.1345123973090e+02
184.670000000000	2.1951108015461e+02
184.700000000000	2.2547528806070e+02
184.730000000000	2.3133801047317e+02
184.760000000000	2.3709347500808e+02
184.790000000000	2.4273599542508e+02
184.820000000000	2.4825997713825e+02
184.850000000000	2.5365992268194e+02
184.880000000000	2.5893043712645e+02
184.910000000000	2.6406623343699e+02
184.940000000000	2.6906213776866e+02
184.970000000000	2.7391309468862e+02
185.000000000000	2.7861417231568e+02
185.030000000000	2.8316056736648e+02
185.060000000000	2.8754761009697e+02
185.090000000000	2.9177076912711e+02
185.120000000000	2.9582565613685e+02
185.150000000000	2.9970803042168e+02
185.180000000000	3.0341380329681e+02
185.210000000000	3.0693904233985e+02
185.240000000000	3.1027997546333e+02
185.270000000000	3.1343299481015e+02
185.300000000000	3.1639466046650e+02
185.330000000000	3.1916170398915e+02
185.360000000000	3.2173103174544e+02
185.390000000000	3.2409972806667e+02
185.420000000000	3.2626505821662e+02
185.450000000000	3.2822447117911e+02
185.480000000000	3.2997560226885e+02
185.510000000000	3.3151627557115e+02
185.540000000000	3.3284450621597e+02
185.570000000000	3.3395850249205e+02
185.600000000000	3.3485666780595e+02
185.630000000000	3.3553760249052e+02
185.660000000000	3.3600010546558e+02
185.690000000000	3.3624317575260e+02
185.720000000000	3.3626601384338e+02
185.750000000000	3.3606802292113e+02
185.780000000000	3.3564880993082e+02
185.810000000000	3.3500818649389e+02
185.840000000000	3.3414616966145e+02
185.870000000000	3.3306298249872e+02
185.900000000000	3.3175905449298e+02
185.930000000000	3.3023502177683e+02
185.960000000000	3.2849172715867e+02
185.990000000000	3.2653021995277e+02
186.020000000000	3.2435175560199e+02
186.050000000000	3.2195779508775e+02
186.080000000000	3.1935000412282e+02
186.110000000000	3.1653025212457e+02
186.140000000000	3.1350061096805e+02
186.170000000000	3.1026335352006e+02
186.200000000000	3.0682095195727e+02
186.230000000000	3.0317607587322e+02
186.260000000000	2.9933159018047e+02
186.290000000000	2.9529055281532e+02
186.320000000000	2.9105621225356e+02
186.350000000000	2.8663200484614e+02
186.380000000000	2.8202155198349e+02
186.410000000000	2.7722865709725e+02
186.440000000000	2.7225730250724e+02
186.470000000000	2.6711164612057e+02
186.500000000000	2.6179601798815e+02
186.530000000000	2.5631491672307e+02
186.560000000000	2.5067300578305e+02
186.590000000000	2.4487510961808e+02
186.620000000000	2.3892620968301e+02
186.650000000000	2.3283144031349e+02
186.680000000000	2.2659608446318e+02
186.710000000000	2.2022556929935e+02
186.740000000000	2.1372546165457e+02
186.770000000000	2.0710146333179e+02
186.800000000000	2.0035940626161e+02
186.830000000000	1.9350524751108e+02
186.860000000000	1.8654506414511e+02
186.890000000000	1.7948504794259e+02
186.920000000000	1.7233149997109e+02
186.950000000000	1.6509082502545e+02
186.980000000000	1.5776952593659e+02
187.010000000000	1.5037419775821e+02
187.040000000000	1.4291152183965e+02
187.070000000000	1.3538825979404e+02
187.100000000000	1.2781124737062e+02
187.130000000000	1.2018738824066e+02
187.160000000000	1.1252364770607e+02
187.190000000000	1.0482704633931e+02
187.220000000000	9.7104653563326e+01
187.250000000000	8.9363581179260e+01
187.280000000000	8.1610976849994e+01
187.310000000000	7.3854017546619e+01
187.340000000000	6.6099902965219e+01
187.370000000000	5.8355848920818e+01
187.400000000000	5.0629080725147e+01
187.430000000000	4.2926826555011e+01
187.460000000000	3.5256310817390e+01
187.490000000000	2.7624747517320e+01
187.520000000000	2.0039333634447e+01
187.550000000000	1.2507242513295e+01
187.580000000000	5.0356172723303e+00
187.610000000000	-2.3684357640629e+00
187.640000000000	-9.6978536064490e+00
187.670000000000	-1.6945623110480e+01
187.700000000000	-2.4104787452990e+01
187.730000000000	-3.1168452570361e+01
187.760000000000	-3.8129793555677e+01
187.790000000000	-4.4982044396818e+01
187.820000000000	-5.1718485218541e+01
187.850000000000	-5.8332596443379e+01
187.880000000000	-6.4817892998532e+01
187.910000000000	-7.1167990195503e+01
187.940000000000	-7.7376609778130e+01
187.970000000000	-8.3437585891184e+01
188.000000000000	-8.9344870962891e+01
188.030000000000	-9.5092541495120e+01
188.060000000000	-1.0067480375555e+02
188.090000000000	-1.0608599936689e+02
188.120000000000	-1.1132061078919e+02
188.150000000000	-1.1637326669180e+02
188.180000000000	-1.2123874721252e+02
188.210000000000	-1.2591198910204e+02
188.240000000000	-1.3038809075145e+02
188.270000000000	-1.3466231710085e+02
188.300000000000	-1.3873010442640e+02
188.330000000000	-1.4258706500184e+02
188.360000000000	-1.4622899162992e+02
188.390000000000	-1.4965186203704e+02
188.420000000000	-1.5285184312388e+02
188.450000000000	-1.5582529506278e+02
188.480000000000	-1.5856877523222e+02
188.510000000000	-1.6107904197812e+02
188.540000000000	-1.6335305819153e+02
188.570000000000	-1.6538799469302e+02
188.600000000000	-1.6718123341493e+02
188.630000000000	-1.6873037037446e+02
188.660000000000	-1.7003321843196e+02
188.690000000000	-1.7108780983119e+02
188.720000000000	-1.7189239852024e+02
188.750000000000	-1.7244546225326e+02
188.780000000000	-1.7274570447541e+02
188.810000000000	-1.7279205599362e+02
188.840000000000	-1.7258367643707e+02
188.870000000000	-1.7211995551081e+02
188.900000000000	-1.7140051404558e+02
188.930000000000	-1.7042520484614e+02
188.960000000000	-1.6919411333889e+02
188.990000000000	-1.6770755801854e+02
189.020000000000	-1.6596609069213e+02
189.050000000000	-1.6397049651759e+02
189.080000000000	-1.6172179383351e+02
189.110000000000	-1.5922123377608e+02
189.140000000000	-1.5647029967993e+02
189.170000000000	-1.5347070625992e+02
189.200000000000	-1.5022439857224e+02
189.230000000000	-1.4673355075492e+02
189.260000000000	-1.4300056454960e+02
189.290000000000	-1.3902806760810e+02
189.320000000000	-1.3481891158948e+02
189.350000000000	-1.3037617005443e+02
189.380000000000	-1.2570313616512e+02
189.410000000000	-1.2080332019905e+02
189.440000000000	-1.1568044688519e+02
189.470000000000	-1.1033845257026e+02
189.500000000000	-1.0478148222126e+02
189.530000000000	-9.9013886268776e+01
189.560000000000	-9.3040217293195e+01
189.590000000000	-8.6865226553907e+01
189.620000000000	-8.0493860358726e+01
189.650000000000	-7.3931256269376e+01
189.680000000000	-6.7182739136773e+01
189.710000000000	-6.0253816959159e+01
189.740000000000	-5.3150176555634e+01
189.770000000000	-4.5877679048490e+01
189.800000000000	-3.8442355148662e+01
189.830000000000	-3.0850400240687e+01
189.860000000000	-2.3108169266245e+01
189.890000000000	-1.5222171407822e+01
189.920000000000	-7.1990645772372e+00
189.950000000000	9.5435028327313e-01
189.980000000000	9.2311350773276e+00
190.010000000000	1.7624220595535e+01
190.040000000000	2.6126412707851e+01
190.070000000000	3.4730398692177e+01
190.100000000000	4.3428753684443e+01
190.130000000000	5.2213947236019e+01
190.160000000000	6.1078349965028e+01
190.190000000000	7.0014240290044e+01
190.220000000000	7.9013811236393e+01
190.250000000000	8.8069177307031e+01
190.280000000000	9.7172381412088e+01
190.310000000000	1.0631540185242e+02
190.340000000000	1.1549015935425e+02
190.370000000000	1.2468852415229e+02
190.400000000000	1.3390232311946e+02
190.430000000000	1.4312334694123e+02
190.460000000000	1.5234335733207e+02
190.490000000000	1.6155409429068e+02
190.520000000000	1.7074728339013e+02
190.550000000000	1.7991464309768e+02
190.580000000000	1.8904789211809e+02
190.610000000000	1.9813875675394e+02
190.640000000000	2.0717897827530e+02
190.670000000000	2.1616032029123e+02
190.700000000000	2.2507457611540e+02
190.730000000000	2.3391357611865e+02
190.760000000000	2.4266919506150e+02
190.790000000000	2.5133335940081e+02
190.820000000000	2.5989805456502e+02
190.850000000000	2.6835533219406e+02
190.880000000000	2.7669731733988e+02
190.910000000000	2.8491621562463e+02
190.940000000000	2.9300432035407e+02
190.970000000000	3.0095401958328e+02
191.000000000000	3.0875780313201e+02
191.030000000000	3.1640826954630e+02
191.060000000000	3.2389813300218e+02
191.090000000000	3.3122023014618e+02
191.120000000000	3.3836752686628e+02
191.150000000000	3.4533312498542e+02
191.180000000000	3.5211026886840e+02
191.210000000000	3.5869235193194e+02
191.240000000000	3.6507292304610e+02
191.270000000000	3.7124569281503e+02
191.300000000000	3.7720453972388e+02
191.330000000000	3.8294351613910e+02
191.360000000000	3.8845685414922e+02
191.390000000000	3.9373897123414e+02
191.420000000000	3.9878447575187e+02
191.450000000000	4.0358817223343e+02
191.480000000000	4.0814506647799e+02
191.510000000000	4.1245037044264e+02
191.540000000000	4.1649950692327e+02
191.570000000000	4.2028811402508e+02
191.600000000000	4.2381204942325e+02
191.630000000000	4.2706739441623e+02
191.660000000000	4.3005045777549e+02
191.690000000000	4.3275777939656e+02
191.720000000000	4.3518613375692e+02
191.750000000000	4.3733253318597e+02
191.780000000000	4.3919423095237e+02
191.810000000000	4.4076872417238e+02
191.840000000000	4.4205375654212e+02
191.870000000000	4.4304732089420e+02
191.900000000000	4.4374766157800e+02
191.930000000000	4.4415327666014e+02
191.960000000000	4.4426291994019e+02
191.990000000000	4.4407560277473e+02
192.020000000000	4.4359059570143e+02
192.050000000000	4.4280742985358e+02
192.080000000000	4.4172589815538e+02
192.110000000000	4.4034605628763e+02
192.140000000000	4.3866822341484e+02
192.170000000000	4.3669298266271e+02
192.200000000000	4.3442118134343e+02
192.230000000000	4.3185393091875e+02
192.260000000000	4.2899260669904e+02
192.290000000000	4.2583884727713e+02
192.320000000000	4.2239455369777e+02
192.350000000000	4.1866188836565e+02
192.380000000000	4.1464327369718e+02
192.410000000000	4.1034139052285e+02
192.440000000000	4.0575917624829e+02
192.470000000000	4.0089982278298e+02
192.500000000000	3.9576677424642e+02
192.530000000000	3.9036372446083e+02
192.560000000000	3.8469461423938e+02
192.590000000000	3.7876362847768e+02
192.620000000000	3.7257519305482e+02
192.650000000000	3.6613397154828e+02
192.680000000000	3.5944486176535e+02
192.710000000000	3.5251299209135e+02
192.740000000000	3.4534371765299e+02
192.770000000000	3.3794261629346e+02
192.800000000000	3.3031548435444e+02
192.830000000000	3.2246833225928e+02
192.860000000000	3.1440737989121e+02
192.890000000000	3.0613905176085e+02
192.920000000000	2.9766997195836e+02
192.950000000000	2.8900695888672e+02
192.980000000000	2.8015701977557e+02
193.010000000000	2.7112734497671e+02
193.040000000000	2.6192530204591e+02
193.070000000000	2.5255842961812e+02
193.100000000000	2.4303443108620e+02
193.130000000000	2.3336116809574e+02
193.160000000000	2.2354665387025e+02
193.190000000000	2.1359904638302e+02
193.220000000000	2.0352664139211e+02
193.250000000000	1.9333786535522e+02
193.280000000000	1.8304126824034e+02
193.310000000000	1.7264551624710e+02
193.340000000000	1.6215938445139e+02
193.370000000000	1.5159174938385e+02
193.400000000000	1.4095158155043e+02
193.430000000000	1.3024793790036e+02
193.460000000000	1.1948995424487e+02
193.490000000000	1.0868683762751e+02
193.520000000000	9.7847858645448e+01
193.550000000000	8.6982343719586e+01
193.580000000000	7.6099667310845e+01
193.610000000000	6.5209244079708e+01
193.640000000000	5.4320520986470e+01
193.670000000000	4.3442969330403e+01
193.700000000000	3.2586076727585e+01
193.730000000000	2.1759339028487e+01
193.760000000000	1.0972252178298e+01
193.790000000000	2.3430402512991e-01
193.820000000000	-1.0445033916995e+01
193.850000000000	-2.1056314741343e+01
193.880000000000	-3.1590124447204e+01
193.910000000000	-4.2037090251680e+01
193.940000000000	-5.2387888900944e+01
193.970000000000	-6.2633254966557e+01
194.000000000000	-7.2763989111529e+01
194.030000000000	-8.2770966311048e+01
194.060000000000	-9.2645144012881e+01
194.090000000000	-1.0237757022348e+02
194.120000000000	-1.1195939150653e+02
194.150000000000	-1.2138186088277e+02
194.180000000000	-1.3063634562123e+02
194.210000000000	-1.3971433491448e+02
194.240000000000	-1.4860744743218e+02
194.270000000000	-1.5730743874980e+02
194.300000000000	-1.6580620865070e+02
194.330000000000	-1.7409580830193e+02
194.360000000000	-1.8216844730493e+02
194.390000000000	-1.9001650062324e+02
194.420000000000	-1.9763251538931e+02
194.450000000000	-2.0500921759216e+02
194.480000000000	-2.1213951864670e+02
194.510000000000	-2.1901652184385e+02
194.540000000000	-2.2563352867899e+02
194.570000000000	-2.3198404505420e+02
194.600000000000	-2.3806178734735e+02
194.630000000000	-2.4386068833958e+02
194.660000000000	-2.4937490299047e+02
194.690000000000	-2.5459881404936e+02
194.720000000000	-2.5952703749012e+02
194.750000000000	-2.6415442775648e+02
194.780000000000	-2.6847608280572e+02
194.810000000000	-2.7248734893868e+02
194.840000000000	-2.7618382540610e+02
194.870000000000	-2.7956136878222e+02
194.900000000000	-2.8261609709880e+02
194.930000000000	-2.8534439373421e+02
194.960000000000	-2.8774291105392e+02
194.990000000000	-2.8980857380020e+02
195.020000000000	-2.9153858222996e+02
195.050000000000	-2.9293041500011e+02
195.080000000000	-2.9398183180071e+02
195.110000000000	-2.9469087573592e+02
195.140000000000	-2.9505587545284e+02
195.170000000000	-2.9507544701827e+02
195.200000000000	-2.9474849554322e+02
195.230000000000	-2.9407421655495e+02
195.260000000000	-2.9305209711675e+02
195.290000000000	-2.9168191669585e+02
195.320000000000	-2.8996374778088e+02
195.350000000000	-2.8789795625106e+02
195.380000000000	-2.8548520150029e+02
195.410000000000	-2.8272643632081e+02
195.440000000000	-2.7962290655157e+02
195.470000000000	-2.7617615049772e+02
195.500000000000	-2.7238799812758e+02
195.530000000000	-2.6826057005372e+02
195.560000000000	-2.6379627630400e+02
195.590000000000	-2.5899781488709e+02
195.620000000000	-2.5386817015573e+02
195.650000000000	-2.4841061096840e+02
195.680000000000	-2.4262868864802e+02
195.710000000000	-2.3652623473354e+02
195.740000000000	-2.3010735851820e+02
195.770000000000	-2.2337644436572e+02
195.800000000000	-2.1633814879448e+02
195.830000000000	-2.0899739731858e+02
195.860000000000	-2.0135938103474e+02
195.890000000000	-1.9342955294457e+02
195.920000000000	-1.8521362400350e+02
195.950000000000	-1.7671755889015e+02
195.980000000000	-1.6794757149275e+02
196.010000000000	-1.5891012011309e+02
196.040000000000	-1.4961190239208e+02
196.070000000000	-1.4005984996511e+02
196.100000000000	-1.3026112285841e+02
196.130000000000	-1.2022310364152e+02
196.160000000000	-1.0995339135241e+02
196.190000000000	-9.9459795214244e+01
196.220000000000	-8.8750328162653e+01
196.250000000000	-7.7833200202790e+01
196.280000000000	-6.6716811613782e+01
196.310000000000	-5.5409746016585e+01
196.340000000000	-4.3920763319047e+01
196.370000000000	-3.2258792548793e+01
196.400000000000	-2.0432924582015e+01
196.430000000000	-8.4524047735066e+00
196.460000000000	3.6733745086563e+00
196.490000000000	1.5934881445278e+01
196.520000000000	2.8322452426659e+01
196.550000000000	4.0826299803138e+01
196.580000000000	5.3436519741807e+01
196.610000000000	6.6143100182694e+01
196.640000000000	7.8935928896675e+01
196.670000000000	9.1804801644764e+01
196.700000000000	1.0473943043685e+02
196.730000000000	1.1772945188608e+02
196.760000000000	1.3076443565390e+02
196.790000000000	1.4383389297875e+02
196.820000000000	1.5692728528050e+02
196.850000000000	1.7003403283133e+02
196.880000000000	1.8314352348298e+02
196.910000000000	1.9624512144006e+02
196.940000000000	2.0932817606836e+02
196.970000000000	2.2238203072785e+02
197.000000000000	2.3539603161995e+02
197.030000000000	2.4835953663922e+02
197.060000000000	2.6126192422064e+02
197.090000000000	2.7409260217404e+02
197.120000000000	2.8684101649860e+02
197.150000000000	2.9949666017066e+02
197.180000000000	3.1204908189927e+02
197.210000000000	3.2448789484460e+02
197.240000000000	3.3680278529444e+02
197.270000000000	3.4898352129489e+02
197.300000000000	3.6101996123106e+02
197.330000000000	3.7290206235347e+02
197.360000000000	3.8461988924559e+02
197.390000000000	3.9616362222708e+02
197.420000000000	4.0752356568665e+02
197.450000000000	4.1869015633711e+02
197.480000000000	4.2965397138438e+02
197.510000000000	4.4040573660078e+02
197.540000000000	4.5093633429183e+02
197.570000000000	4.6123681114491e+02
197.600000000000	4.7129838594733e+02
197.630000000000	4.8111245716049e+02
197.660000000000	4.9067061033733e+02
197.690000000000	4.9996462536973e+02
197.720000000000	5.0898648355399e+02
197.750000000000	5.1772837446285e+02
197.780000000000	5.2618270261443e+02
197.810000000000	5.3434209393021e+02
197.840000000000	5.4219940197588e+02
197.870000000000	5.4974771398145e+02
197.900000000000	5.5698035663888e+02
197.930000000000	5.6389090167768e+02
197.960000000000	5.7047317122058e+02
197.990000000000	5.7672124292309e+02
198.020000000000	5.8262945490139e+02
198.050000000000	5.8819241045384e+02
198.080000000000	5.9340498258090e+02
198.110000000000	5.9826231830795e+02
198.140000000000	6.0275984281412e+02
198.170000000000	6.0689326336855e+02
198.200000000000	6.1065857307386e+02
198.230000000000	6.1405205441410e+02
198.260000000000	6.1707028260253e+02
198.290000000000	6.1971012872237e+02
198.320000000000	6.2196876265192e+02
198.350000000000	6.2384365576387e+02
198.380000000000	6.2533258338781e+02
198.410000000000	6.2643362702443e+02
198.440000000000	6.2714517630013e+02
198.470000000000	6.2746593065136e+02
198.500000000000	6.2739490072940e+02
198.530000000000	6.2693140951782e+02
198.560000000000	6.2607509315712e+02
198.590000000000	6.2482590147291e+02
198.620000000000	6.2318409820683e+02
198.650000000000	6.2115026095126e+02
198.680000000000	6.1872528079133e+02
198.710000000000	6.1591036165954e+02
198.740000000000	6.1270701940982e+02
198.770000000000	6.0911708061926e+02
198.800000000000	6.0514268112593e+02
198.830000000000	6.0078626431222e+02
198.860000000000	5.9605057914206e+02
198.890000000000	5.9093867796059e+02
198.920000000000	5.8545391406311e+02
198.950000000000	5.7959993903938e+02
198.980000000000	5.7338069989747e+02
199.010000000000	5.6680043597003e+02
199.040000000000	5.5986367560379e+02
199.070000000000	5.5257523263213e+02
199.100000000000	5.4494020262859e+02
199.130000000000	5.3696395893881e+02
199.160000000000	5.2865214848715e+02
199.190000000000	5.2001068735456e+02
199.220000000000	5.1104575612417e+02
199.250000000000	5.0176379499209e+02
199.280000000000	4.9217149864195e+02
199.310000000000	4.8227581088340e+02
199.340000000000	4.7208391905646e+02
199.370000000000	4.6160324820593e+02
199.400000000000	4.5084145503189e+02
199.430000000000	4.3980642162406e+02
199.460000000000	4.2850624899007e+02
199.490000000000	4.1694925038838e+02
199.520000000000	4.0514394447779e+02
199.550000000000	3.9309904829579e+02
199.580000000000	3.8082347007799e+02
199.610000000000	3.6832630193020e+02
199.640000000000	3.5561681236355e+02
199.670000000000	3.4270443870232e+02
199.700000000000	3.2959877937214e+02
199.730000000000	3.1630958607488e+02
199.760000000000	3.0284675585537e+02
199.790000000000	2.8922032306361e+02
199.820000000000	2.7544045121535e+02
199.850000000000	2.6151742475315e+02
199.880000000000	2.4746164071030e+02
199.910000000000	2.3328360027965e+02
199.940000000000	2.1899390029005e+02
199.970000000000	2.0460322459437e+02
200.000000000000	1.9012233537311e+02
