#Parameters = {cpw=15; sigma_z=0.4; wakelength=200; xbeam=0; xtest=0; ybeam=0; ytest=0}
# Total transverse dipolar wake, x-plane
# RF/BPM beta factors are dimensionless: sum(beta_i/<beta>)
#"s / mm"	"W_perp_total [V/pC/m]"
#------------------------
-10.000000000000	2.3263866225701e-13
-9.970000000000	2.0442721564116e-13
-9.940000000000	4.0185122515452e-13
-9.910000000000	-4.8474746387202e-13
-9.880000000000	-1.4509778060660e-12
-9.850000000000	-9.6381490983098e-13
-9.820000000000	-1.1378865887166e-12
-9.790000000000	-4.5899575051626e-13
-9.760000000000	2.9800755924668e-13
-9.730000000000	1.0133914099425e-14
-9.700000000000	2.0746060848198e-13
-9.670000000000	-3.3091165994791e-13
-9.640000000000	-5.3728968532916e-13
-9.610000000000	4.7957441939242e-13
-9.580000000000	4.6577352576203e-13
-9.550000000000	2.8237933823035e-13
-9.520000000000	5.5424991097066e-13
-9.490000000000	-2.0244204401866e-14
-9.460000000000	4.2485972849393e-13
-9.430000000000	6.8662923466703e-13
-9.400000000000	2.7376890391545e-13
-9.370000000000	5.1712857888452e-13
-9.340000000000	1.6211371355926e-13
-9.310000000000	7.3429240045977e-13
-9.280000000000	1.0620582700695e-12
-9.250000000000	1.0948036584115e-12
-9.220000000000	5.3688517463921e-13
-9.190000000000	-4.1197593388257e-13
-9.160000000000	-4.4932168923253e-13
-9.130000000000	6.4722812150225e-13
-9.100000000000	4.7236441955736e-13
-9.070000000000	-9.3688473366338e-13
-9.040000000000	5.0636762342594e-14
-9.010000000000	4.9516998263604e-14
-8.980000000000	-1.5840591356160e-13
-8.950000000000	-1.0333279690763e-12
-8.920000000000	-8.6920110112656e-13
-8.890000000000	-5.0335841045783e-13
-8.860000000000	-3.2785156881888e-13
-8.830000000000	9.1214174725358e-13
-8.800000000000	-1.2868614745144e-14
-8.770000000000	6.5619550927641e-13
-8.740000000000	9.6319323650763e-13
-8.710000000000	3.3260195763081e-13
-8.680000000000	-1.0328000660907e-12
-8.650000000000	-9.9052180729415e-13
-8.620000000000	-5.8179069872817e-13
-8.590000000000	9.8880336561466e-15
-8.560000000000	5.7402089111948e-13
-8.530000000000	2.1878075836559e-14
-8.500000000000	-5.5294407774643e-13
-8.470000000000	-2.2418541016684e-12
-8.440000000000	-8.8783647495144e-13
-8.410000000000	-6.9973457135075e-13
-8.380000000000	-1.8890491459829e-13
-8.350000000000	9.2367290425026e-15
-8.320000000000	-4.8453210646043e-13
-8.290000000000	7.4036139302519e-13
-8.260000000000	1.0686694870988e-12
-8.230000000000	9.5961308012250e-13
-8.200000000000	1.3281154843252e-13
-8.170000000000	2.0550772370278e-13
-8.140000000000	3.3489432156298e-13
-8.110000000000	-3.7917348402767e-13
-8.080000000000	-1.1454557671579e-12
-8.050000000000	-1.0174225625653e-12
-8.020000000000	-6.8291754917996e-13
-7.990000000000	-7.7086207650508e-13
-7.960000000000	-1.1337115673420e-12
-7.930000000000	-1.3606592776436e-12
-7.900000000000	-5.3520838901576e-13
-7.870000000000	1.3459872985012e-13
-7.840000000000	-1.2916188982472e-13
-7.810000000000	5.8808737014429e-13
-7.780000000000	1.0641827940908e-13
-7.750000000000	-1.3191839443133e-12
-7.720000000000	-1.9607479454293e-12
-7.690000000000	-6.7353894947074e-13
-7.660000000000	-5.3346429879185e-13
-7.630000000000	-1.8680088839057e-12
-7.600000000000	-8.4992512363932e-13
-7.570000000000	-8.5461063375960e-13
-7.540000000000	-5.0630169443524e-13
-7.510000000000	-1.3764069709999e-12
-7.480000000000	-1.5346616024389e-12
-7.450000000000	-7.8851734647678e-13
-7.420000000000	-5.2569670268513e-13
-7.390000000000	-1.1198444887926e-12
-7.360000000000	-2.2828024781462e-13
-7.330000000000	-6.7893719935437e-13
-7.300000000000	-2.9073056189899e-13
-7.270000000000	-9.5076996198902e-13
-7.240000000000	-9.1840904758822e-13
-7.210000000000	-8.0839810787735e-13
-7.180000000000	-6.8571627039314e-13
-7.150000000000	-1.6952159197642e-12
-7.120000000000	-1.5247786176547e-12
-7.090000000000	-6.6025546155762e-13
-7.060000000000	2.7591123388365e-13
-7.030000000000	-1.9466494608919e-12
-7.000000000000	-1.6042036539665e-12
-6.970000000000	-9.7864879016028e-14
-6.940000000000	-4.2925986697985e-13
-6.910000000000	-9.3268941874310e-13
-6.880000000000	-9.4750792132761e-13
-6.850000000000	-9.0831066956914e-13
-6.820000000000	-3.3265890050152e-13
-6.790000000000	-1.9802231045921e-12
-6.760000000000	-7.9294683130016e-13
-6.730000000000	-5.7450344336631e-13
-6.700000000000	-3.9501936807362e-13
-6.670000000000	7.8180941379061e-13
-6.640000000000	4.0875309173602e-13
-6.610000000000	1.1124339601755e-12
-6.580000000000	-4.9371775961901e-13
-6.550000000000	6.8959396571871e-13
-6.520000000000	-8.4615625666397e-13
-6.490000000000	-1.9977953242843e-13
-6.460000000000	-4.1818617781167e-13
-6.430000000000	6.5934148659268e-13
-6.400000000000	1.5963424274824e-12
-6.370000000000	6.6102290743463e-14
-6.340000000000	3.0603328729974e-13
-6.310000000000	-9.3172235671561e-13
-6.280000000000	-1.4657840994145e-13
-6.250000000000	2.5883928374192e-13
-6.220000000000	4.9220668728342e-13
-6.190000000000	-1.8962613607545e-13
-6.160000000000	-1.4152130053618e-12
-6.130000000000	1.3392203058666e-13
-6.100000000000	5.5521987708924e-13
-6.070000000000	2.0107355198973e-13
-6.040000000000	-1.7947011324199e-13
-6.010000000000	9.6048280387722e-14
-5.980000000000	-8.8420065059748e-13
-5.950000000000	3.8643293080517e-13
-5.920000000000	-6.1147842785520e-13
-5.890000000000	-7.9385913577408e-13
-5.860000000000	-6.5885511721132e-13
-5.830000000000	-1.6032342104261e-12
-5.800000000000	-1.7417279271264e-12
-5.770000000000	-8.5309770142155e-13
-5.740000000000	-5.3575811957289e-13
-5.710000000000	-9.2806973547202e-13
-5.680000000000	-1.0590809486841e-12
-5.650000000000	-4.3175623729197e-13
-5.620000000000	-4.6319747666058e-13
-5.590000000000	-1.5654619873851e-12
-5.560000000000	-2.0086686890271e-12
-5.530000000000	-9.3856178916694e-13
-5.500000000000	-1.3625822317653e-12
-5.470000000000	-1.5372469385536e-12
-5.440000000000	-1.7975320056764e-12
-5.410000000000	-2.6781519766389e-13
-5.380000000000	-2.4037713713820e-13
-5.350000000000	-1.4633118353608e-12
-5.320000000000	-1.5643425843589e-12
-5.290000000000	-4.4224062482840e-13
-5.260000000000	-6.2596343790187e-13
-5.230000000000	-1.2329191162564e-12
-5.200000000000	-7.3724182460423e-13
-5.170000000000	-3.3439589239575e-13
-5.140000000000	1.9606275614702e-14
-5.110000000000	-2.5624627451953e-13
-5.080000000000	-6.7514099233720e-13
-5.050000000000	-8.3838174758314e-13
-5.020000000000	-7.1443751686351e-13
-4.990000000000	-6.9436517159109e-13
-4.960000000000	-1.4128606616856e-12
-4.930000000000	-1.0048821053111e-12
-4.900000000000	-9.7866603258681e-13
-4.870000000000	-1.3180367252194e-12
-4.840000000000	-5.5797798385020e-13
-4.810000000000	-3.9993269908584e-13
-4.780000000000	-6.1268084491610e-13
-4.750000000000	-3.2261696647248e-13
-4.720000000000	-3.9902231266280e-13
-4.690000000000	-1.0299004605410e-13
-4.660000000000	-2.4919002481845e-13
-4.630000000000	-5.1515252203690e-13
-4.600000000000	6.1749940991998e-14
-4.570000000000	6.5688379974613e-13
-4.540000000000	-4.1530297555984e-13
-4.510000000000	-6.5639496806105e-14
-4.480000000000	-2.1969222679862e-13
-4.450000000000	4.2969345070781e-13
-4.420000000000	1.6827314950019e-12
-4.390000000000	9.5777068521288e-14
-4.360000000000	-8.7029896576598e-14
-4.330000000000	1.2032846738539e-12
-4.300000000000	2.0738053207236e-12
-4.270000000000	2.3432717758750e-12
-4.240000000000	2.7076384654664e-12
-4.210000000000	1.4531945945078e-12
-4.180000000000	1.3612992428367e-12
-4.150000000000	1.0104956694204e-12
-4.120000000000	4.4354192665006e-13
-4.090000000000	1.1130517046941e-12
-4.060000000000	1.4466145340633e-12
-4.030000000000	5.9439574031077e-13
-4.000000000000	-7.5421004534961e-13
-3.970000000000	1.2733568542697e-12
-3.940000000000	1.4440869596559e-12
-3.910000000000	6.7158419572050e-13
-3.880000000000	2.4059682555210e-13
-3.850000000000	5.6443521512243e-13
-3.820000000000	1.1570111218932e-12
-3.790000000000	4.7038823415920e-13
-3.760000000000	7.8174813828725e-13
-3.730000000000	-1.0641592165906e-13
-3.700000000000	6.3569038590095e-13
-3.670000000000	5.2232604703780e-13
-3.640000000000	-5.8578734270513e-14
-3.610000000000	1.1595139617723e-12
-3.580000000000	2.1884817139466e-12
-3.550000000000	2.2983030286467e-12
-3.520000000000	-4.7961851423926e-13
-3.490000000000	3.1193252341954e-13
-3.460000000000	3.8686648561749e-13
-3.430000000000	2.0204501356608e-13
-3.400000000000	1.5679768074304e-12
-3.370000000000	3.8140091828493e-12
-3.340000000000	7.7973214993169e-12
-3.310000000000	1.3989680263497e-11
-3.280000000000	2.5841889339638e-11
-3.250000000000	4.7682785910740e-11
-3.220000000000	8.8165980103567e-11
-3.190000000000	1.6072255359770e-10
-3.160000000000	2.9329908214774e-10
-3.130000000000	5.3526032140844e-10
-3.100000000000	9.6748138012316e-10
-3.070000000000	1.7444732663452e-09
-3.040000000000	3.1248939089597e-09
-3.010000000000	5.5705512907554e-09
-2.980000000000	9.8717989153514e-09
-2.950000000000	1.7399022889998e-08
-2.920000000000	3.0493065323549e-08
-2.890000000000	5.3142851800391e-08
-2.860000000000	9.2102806415104e-08
-2.830000000000	1.5873249039106e-07
-2.800000000000	2.7203378072276e-07
-2.770000000000	4.6360950804824e-07
-2.740000000000	7.8568521121015e-07
-2.710000000000	1.3240714147980e-06
-2.680000000000	2.2189256962784e-06
-2.650000000000	3.6977800754891e-06
-2.620000000000	6.1278223479169e-06
-2.590000000000	1.0098065046190e-05
-2.560000000000	1.6547667650018e-05
-2.530000000000	2.6965088643185e-05
-2.500000000000	4.3695149168919e-05
-2.470000000000	7.0409413649311e-05
-2.440000000000	1.1282210725075e-04
-2.410000000000	1.7977259302263e-04
-2.380000000000	2.8485141353792e-04
-2.350000000000	4.4882673602700e-04
-2.320000000000	7.0324123588207e-04
-2.290000000000	1.0957084724353e-03
-2.260000000000	1.6976595698714e-03
-2.230000000000	2.6155974142769e-03
-2.200000000000	4.0073355664023e-03
-2.170000000000	6.1052696363463e-03
-2.140000000000	9.2494971295056e-03
-2.110000000000	1.3934626643615e-02
-2.080000000000	2.0875471914698e-02
-2.050000000000	3.1098599100583e-02
-2.020000000000	4.6068992902968e-02
-1.990000000000	6.7864052860787e-02
-1.960000000000	9.9410867330494e-02
-1.930000000000	1.4480739795543e-01
-1.900000000000	2.0975401244739e-01
-1.870000000000	3.0212890461249e-01
-1.840000000000	4.3274950916733e-01
-1.810000000000	6.1637220642213e-01
-1.780000000000	8.7299452930657e-01
-1.750000000000	1.2295377769834e+00
-1.720000000000	1.7220033505429e+00
-1.690000000000	2.3982130641419e+00
-1.660000000000	3.3212617740230e+00
-1.630000000000	4.5738293019095e+00
-1.600000000000	6.2635169209917e+00
-1.570000000000	8.5293904062133e+00
-1.540000000000	1.1549925240231e+01
-1.510000000000	1.5552558029919e+01
-1.480000000000	2.0825049139987e+01
-1.450000000000	2.7728852224474e+01
-1.420000000000	3.6714663648850e+01
-1.390000000000	4.8340285449991e+01
-1.360000000000	6.3290876135339e+01
-1.330000000000	8.2401581107221e+01
-1.300000000000	1.0668242610265e+02
-1.270000000000	1.3734522084975e+02
-1.240000000000	1.7583205543261e+02
-1.210000000000	2.2384477950367e+02
-1.180000000000	2.8337463739033e+02
-1.150000000000	3.5673099563106e+02
-1.120000000000	4.4656785160735e+02
-1.090000000000	5.5590656371412e+02
-1.060000000000	6.8815300891331e+02
-1.030000000000	8.4710716931769e+02
-1.000000000000	1.0369629947812e+03
-0.970000000000	1.2622963040741e+03
-0.940000000000	1.5280384944227e+03
-0.910000000000	1.8394339485701e+03
-0.880000000000	2.2019792783097e+03
-0.850000000000	2.6213429377809e+03
-0.820000000000	3.1032642868759e+03
-0.790000000000	3.6534318852809e+03
-0.760000000000	4.2773416419959e+03
-0.730000000000	4.9801364140959e+03
-0.700000000000	5.7664297111791e+03
-0.670000000000	6.6401172763427e+03
-0.640000000000	7.6041814282052e+03
-0.610000000000	8.6604941004471e+03
-0.580000000000	9.8096254386430e+03
-0.550000000000	1.1050665539604e+04
-0.520000000000	1.2381067378727e+04
-0.490000000000	1.3796519105386e+04
-0.460000000000	1.5290853646301e+04
-0.430000000000	1.6856002909435e+04
-0.400000000000	1.8482002814431e+04
-0.370000000000	2.0157053901495e+04
-0.340000000000	2.1867640426324e+04
-0.310000000000	2.3598708697174e+04
-0.280000000000	2.5333903038526e+04
-0.250000000000	2.7055855281949e+04
-0.220000000000	2.8746521211552e+04
-0.190000000000	3.0387555060575e+04
-0.160000000000	3.1960711099336e+04
-0.130000000000	3.3448259697107e+04
-0.100000000000	3.4833404089458e+04
-0.070000000000	3.6100683521660e+04
-0.040000000000	3.7236348520824e+04
-0.010000000000	3.8228694791903e+04
0.020000000000	3.9068343615314e+04
0.050000000000	3.9748458588755e+04
0.080000000000	4.0264891010457e+04
0.110000000000	4.0616249023405e+04
0.140000000000	4.0803888686244e+04
0.170000000000	4.0831828249472e+04
0.200000000000	4.0706589935115e+04
0.230000000000	4.0436976291131e+04
0.260000000000	4.0033790581778e+04
0.290000000000	3.9509512570037e+04
0.320000000000	3.8877942367221e+04
0.350000000000	3.8153825722448e+04
0.380000000000	3.7352474191928e+04
0.410000000000	3.6489393091937e+04
0.440000000000	3.5579929059342e+04
0.470000000000	3.4638947506049e+04
0.500000000000	3.3680548365337e+04
0.530000000000	3.2717826407678e+04
0.560000000000	3.1762680174422e+04
0.590000000000	3.0825671359121e+04
0.620000000000	2.9915934367178e+04
0.650000000000	2.9041133897508e+04
0.680000000000	2.8207466787095e+04
0.710000000000	2.7419703090272e+04
0.740000000000	2.6681260455002e+04
0.770000000000	2.5994305312115e+04
0.800000000000	2.5359874193659e+04
0.830000000000	2.4778008609922e+04
0.860000000000	2.4247897295303e+04
0.890000000000	2.3768020226621e+04
0.920000000000	2.3336289565401e+04
0.950000000000	2.2950183519776e+04
0.980000000000	2.2606870007056e+04
1.010000000000	2.2303317876016e+04
1.040000000000	2.2036394277808e+04
1.070000000000	2.1802947524713e+04
1.100000000000	2.1599875424513e+04
1.130000000000	2.1424179612272e+04
1.160000000000	2.1273006816155e+04
1.190000000000	2.1143678292030e+04
1.220000000000	2.1033708851081e+04
1.250000000000	2.0940816997840e+04
1.280000000000	2.0862927707520e+04
1.310000000000	2.0798169317641e+04
1.340000000000	2.0744865905548e+04
1.370000000000	2.0701526386087e+04
1.400000000000	2.0666831405915e+04
1.430000000000	2.0639618944711e+04
1.460000000000	2.0618869642786e+04
1.490000000000	2.0603691248350e+04
1.520000000000	2.0593304398833e+04
1.550000000000	2.0587029451202e+04
1.580000000000	2.0584273590961e+04
1.610000000000	2.0584519360398e+04
1.640000000000	2.0587314370329e+04
1.670000000000	2.0592262190196e+04
1.700000000000	2.0599014371374e+04
1.730000000000	2.0607263531154e+04
1.760000000000	2.0616737407845e+04
1.790000000000	2.0627193788734e+04
1.820000000000	2.0638416210256e+04
1.850000000000	2.0650210332060e+04
1.880000000000	2.0662400892155e+04
1.910000000000	2.0674829157879e+04
1.940000000000	2.0687350796076e+04
1.970000000000	2.0699834094903e+04
2.000000000000	2.0712158478594e+04
2.030000000000	2.0724213264925e+04
2.060000000000	2.0735896622846e+04
2.090000000000	2.0747114694677e+04
2.120000000000	2.0757780853290e+04
2.150000000000	2.0767815069937e+04
2.180000000000	2.0777143372797e+04
2.210000000000	2.0785697380024e+04
2.240000000000	2.0793413894155e+04
2.270000000000	2.0800234547230e+04
2.300000000000	2.0806105488058e+04
2.330000000000	2.0810977104685e+04
2.360000000000	2.0814803776460e+04
2.390000000000	2.0817543651169e+04
2.420000000000	2.0819158443525e+04
2.450000000000	2.0819613251990e+04
2.480000000000	2.0818876391463e+04
2.510000000000	2.0816919239740e+04
2.540000000000	2.0813716096051e+04
2.570000000000	2.0809244050209e+04
2.600000000000	2.0803482861162e+04
2.630000000000	2.0796414843879e+04
2.660000000000	2.0788024763680e+04
2.690000000000	2.0778299737233e+04
2.720000000000	2.0767229139522e+04
2.750000000000	2.0754804516203e+04
2.780000000000	2.0741019500811e+04
2.810000000000	2.0725869736366e+04
2.840000000000	2.0709352800948e+04
2.870000000000	2.0691468136887e+04
2.900000000000	2.0672216983225e+04
2.930000000000	2.0651602311172e+04
2.960000000000	2.0629628762276e+04
2.990000000000	2.0606302589075e+04
3.020000000000	2.0581631598014e+04
3.050000000000	2.0555625094439e+04
3.080000000000	2.0528293829484e+04
3.110000000000	2.0499649948697e+04
3.140000000000	2.0469706942266e+04
3.170000000000	2.0438479596707e+04
3.200000000000	2.0405983947897e+04
3.230000000000	2.0372237235359e+04
3.260000000000	2.0337257857678e+04
3.290000000000	2.0301065328985e+04
3.320000000000	2.0263680236410e+04
3.350000000000	2.0225124198449e+04
3.380000000000	2.0185419824158e+04
3.410000000000	2.0144590673145e+04
3.440000000000	2.0102661216269e+04
3.470000000000	2.0059656797039e+04
3.500000000000	2.0015603593629e+04
3.530000000000	1.9970528581501e+04
3.560000000000	1.9924459496587e+04
3.590000000000	1.9877424798991e+04
3.620000000000	1.9829453637204e+04
3.650000000000	1.9780575812784e+04
3.680000000000	1.9730821745492e+04
3.710000000000	1.9680222438858e+04
3.740000000000	1.9628809446169e+04
3.770000000000	1.9576614836844e+04
3.800000000000	1.9523671163209e+04
3.830000000000	1.9470011427633e+04
3.860000000000	1.9415669050038e+04
3.890000000000	1.9360677835766e+04
3.920000000000	1.9305071943788e+04
3.950000000000	1.9248885855270e+04
3.980000000000	1.9192154342467e+04
4.010000000000	1.9134912437967e+04
4.040000000000	1.9077195404262e+04
4.070000000000	1.9019038703663e+04
4.100000000000	1.8960477968547e+04
4.130000000000	1.8901548971938e+04
4.160000000000	1.8842287598437e+04
4.190000000000	1.8782729815478e+04
4.220000000000	1.8722911644950e+04
4.250000000000	1.8662869135143e+04
4.280000000000	1.8602638333068e+04
4.310000000000	1.8542255257121e+04
4.340000000000	1.8481755870112e+04
4.370000000000	1.8421176052664e+04
4.400000000000	1.8360551576981e+04
4.430000000000	1.8299918080994e+04
4.460000000000	1.8239311042893e+04
4.490000000000	1.8178765756043e+04
4.520000000000	1.8118317304301e+04
4.550000000000	1.8058000537725e+04
4.580000000000	1.7997850048700e+04
4.610000000000	1.7937900148461e+04
4.640000000000	1.7878184844049e+04
4.670000000000	1.7818737815679e+04
4.700000000000	1.7759592394544e+04
4.730000000000	1.7700781541049e+04
4.760000000000	1.7642337823490e+04
4.790000000000	1.7584293397182e+04
4.820000000000	1.7526679984038e+04
4.850000000000	1.7469528852608e+04
4.880000000000	1.7412870798588e+04
4.910000000000	1.7356736125801e+04
4.940000000000	1.7301154627655e+04
4.970000000000	1.7246155569094e+04
5.000000000000	1.7191767669035e+04
5.030000000000	1.7138019083307e+04
5.060000000000	1.7084937388092e+04
5.090000000000	1.7032549563881e+04
5.120000000000	1.6980881979945e+04
5.150000000000	1.6929960379319e+04
5.180000000000	1.6879809864326e+04
5.210000000000	1.6830454882621e+04
5.240000000000	1.6781919213773e+04
5.270000000000	1.6734225956386e+04
5.300000000000	1.6687397515764e+04
5.330000000000	1.6641455592119e+04
5.360000000000	1.6596421169329e+04
5.390000000000	1.6552314504247e+04
5.420000000000	1.6509155116568e+04
5.450000000000	1.6466961779240e+04
5.480000000000	1.6425752509452e+04
5.510000000000	1.6385544560165e+04
5.540000000000	1.6346354412210e+04
5.570000000000	1.6308197766955e+04
5.600000000000	1.6271089539526e+04
5.630000000000	1.6235043852599e+04
5.660000000000	1.6200074030751e+04
5.690000000000	1.6166192595386e+04
5.720000000000	1.6133411260215e+04
5.750000000000	1.6101740927309e+04
5.780000000000	1.6071191684302e+04
5.810000000000	1.6041772807793e+04
5.840000000000	1.6013492738652e+04
5.870000000000	1.5986359104161e+04
5.900000000000	1.5960378708650e+04
5.930000000000	1.5935557532916e+04
5.960000000000	1.5911900734184e+04
5.990000000000	1.5889412646632e+04
6.020000000000	1.5868096782451e+04
6.050000000000	1.5847955833457e+04
6.080000000000	1.5828991673240e+04
6.110000000000	1.5811205359845e+04
6.140000000000	1.5794597138986e+04
6.170000000000	1.5779166447784e+04
6.200000000000	1.5764911919028e+04
6.230000000000	1.5751831385945e+04
6.260000000000	1.5739921887481e+04
6.290000000000	1.5729179674083e+04
6.320000000000	1.5719600213978e+04
6.350000000000	1.5711178199940e+04
6.380000000000	1.5703907556531e+04
6.410000000000	1.5697781447831e+04
6.440000000000	1.5692792285617e+04
6.470000000000	1.5688931738015e+04
6.500000000000	1.5686190738594e+04
6.530000000000	1.5684559495903e+04
6.560000000000	1.5684027503449e+04
6.590000000000	1.5684583550089e+04
6.620000000000	1.5686215730850e+04
6.650000000000	1.5688911458147e+04
6.680000000000	1.5692657473409e+04
6.710000000000	1.5697439859084e+04
6.740000000000	1.5703244051029e+04
6.770000000000	1.5710054851272e+04
6.800000000000	1.5717856441129e+04
6.830000000000	1.5726632394668e+04
6.860000000000	1.5736365692518e+04
6.890000000000	1.5747038736000e+04
6.920000000000	1.5758633361579e+04
6.950000000000	1.5771130855616e+04
6.980000000000	1.5784511969418e+04
7.010000000000	1.5798756934570e+04
7.040000000000	1.5813845478533e+04
7.070000000000	1.5829756840503e+04
7.100000000000	1.5846469787523e+04
7.130000000000	1.5863962630814e+04
7.160000000000	1.5882213242345e+04
7.190000000000	1.5901199071602e+04
7.220000000000	1.5920897162557e+04
7.250000000000	1.5941284170828e+04
7.280000000000	1.5962336381006e+04
7.310000000000	1.5984029724144e+04
7.340000000000	1.6006339795398e+04
7.370000000000	1.6029241871799e+04
7.400000000000	1.6052710930157e+04
7.430000000000	1.6076721665065e+04
7.460000000000	1.6101248507007e+04
7.490000000000	1.6126265640558e+04
7.520000000000	1.6151747022642e+04
7.550000000000	1.6177666400862e+04
7.580000000000	1.6203997331876e+04
7.610000000000	1.6230713199800e+04
7.640000000000	1.6257787234639e+04
7.670000000000	1.6285192530725e+04
7.700000000000	1.6312902065149e+04
7.730000000000	1.6340888716179e+04
7.760000000000	1.6369125281645e+04
7.790000000000	1.6397584497286e+04
7.820000000000	1.6426239055042e+04
7.850000000000	1.6455061621277e+04
7.880000000000	1.6484024854927e+04
7.910000000000	1.6513101425560e+04
7.940000000000	1.6542264031326e+04
7.970000000000	1.6571485416807e+04
8.000000000000	1.6600738390729e+04
8.030000000000	1.6629995843552e+04
8.060000000000	1.6659230764898e+04
8.090000000000	1.6688416260838e+04
8.120000000000	1.6717525570993e+04
8.150000000000	1.6746532085471e+04
8.180000000000	1.6775409361605e+04
8.210000000000	1.6804131140487e+04
8.240000000000	1.6832671363302e+04
8.270000000000	1.6861004187429e+04
8.300000000000	1.6889104002316e+04
8.330000000000	1.6916945445112e+04
8.360000000000	1.6944503416049e+04
8.390000000000	1.6971753093558e+04
8.420000000000	1.6998669949121e+04
8.450000000000	1.7025229761843e+04
8.480000000000	1.7051408632733e+04
8.510000000000	1.7077182998693e+04
8.540000000000	1.7102529646200e+04
8.570000000000	1.7127425724681e+04
8.600000000000	1.7151848759562e+04
8.630000000000	1.7175776664999e+04
8.660000000000	1.7199187756271e+04
8.690000000000	1.7222060761833e+04
8.720000000000	1.7244374835022e+04
8.750000000000	1.7266109565419e+04
8.780000000000	1.7287244989839e+04
8.810000000000	1.7307761602968e+04
8.840000000000	1.7327640367626e+04
8.870000000000	1.7346862724656e+04
8.900000000000	1.7365410602434e+04
8.930000000000	1.7383266425989e+04
8.960000000000	1.7400413125749e+04
8.990000000000	1.7416834145873e+04
9.020000000000	1.7432513452205e+04
9.050000000000	1.7447435539819e+04
9.080000000000	1.7461585440160e+04
9.110000000000	1.7474948727780e+04
9.140000000000	1.7487511526668e+04
9.170000000000	1.7499260516164e+04
9.200000000000	1.7510182936465e+04
9.230000000000	1.7520266593708e+04
9.260000000000	1.7529499864645e+04
9.290000000000	1.7537871700902e+04
9.320000000000	1.7545371632807e+04
9.350000000000	1.7551989772819e+04
9.380000000000	1.7557716818521e+04
9.410000000000	1.7562544055211e+04
9.440000000000	1.7566463358061e+04
9.470000000000	1.7569467193871e+04
9.500000000000	1.7571548622404e+04
9.530000000000	1.7572701297304e+04
9.560000000000	1.7572919466614e+04
9.590000000000	1.7572197972869e+04
9.620000000000	1.7570532252795e+04
9.650000000000	1.7567918336602e+04
9.680000000000	1.7564352846871e+04
9.710000000000	1.7559832997054e+04
9.740000000000	1.7554356589571e+04
9.770000000000	1.7547922013522e+04
9.800000000000	1.7540528242019e+04
9.830000000000	1.7532174829128e+04
9.860000000000	1.7522861906442e+04
9.890000000000	1.7512590179282e+04
9.920000000000	1.7501360922523e+04
9.950000000000	1.7489175976074e+04
9.980000000000	1.7476037739985e+04
10.010000000000	1.7461949169214e+04
10.040000000000	1.7446913768045e+04
10.070000000000	1.7430935584163e+04
10.100000000000	1.7414019202399e+04
10.130000000000	1.7396169739465e+04
10.160000000000	1.7377392833869e+04
10.190000000000	1.7357694640259e+04
10.220000000000	1.7337081822998e+04
10.250000000000	1.7315561547508e+04
10.280000000000	1.7293141472142e+04
10.310000000000	1.7269829739763e+04
10.340000000000	1.7245634969051e+04
10.370000000000	1.7220566245535e+04
10.400000000000	1.7194633112361e+04
10.430000000000	1.7167845560806e+04
10.460000000000	1.7140214020554e+04
10.490000000000	1.7111749349726e+04
10.520000000000	1.7082462824688e+04
10.550000000000	1.7052366129640e+04
10.580000000000	1.7021471346003e+04
10.610000000000	1.6989790941597e+04
10.640000000000	1.6957337759640e+04
10.670000000000	1.6924125007565e+04
10.700000000000	1.6890166245670e+04
10.730000000000	1.6855475375608e+04
10.760000000000	1.6820066628727e+04
10.790000000000	1.6783954554277e+04
10.820000000000	1.6747154007485e+04
10.850000000000	1.6709680137505e+04
10.880000000000	1.6671548375269e+04
10.910000000000	1.6632774421229e+04
10.940000000000	1.6593374233009e+04
10.970000000000	1.6553364012981e+04
11.000000000000	1.6512760195763e+04
11.030000000000	1.6471579435650e+04
11.060000000000	1.6429838594005e+04
11.090000000000	1.6387554726589e+04
11.120000000000	1.6344745070865e+04
11.150000000000	1.6301427033280e+04
11.180000000000	1.6257618176514e+04
11.210000000000	1.6213336206745e+04
11.240000000000	1.6168598960893e+04
11.270000000000	1.6123424393890e+04
11.300000000000	1.6077830565968e+04
11.330000000000	1.6031835629973e+04
11.360000000000	1.5985457818722e+04
11.390000000000	1.5938715432409e+04
11.420000000000	1.5891626826072e+04
11.450000000000	1.5844210397122e+04
11.480000000000	1.5796484572962e+04
11.510000000000	1.5748467798682e+04
11.540000000000	1.5700178524856e+04
11.570000000000	1.5651635195451e+04
11.600000000000	1.5602856235837e+04
11.630000000000	1.5553860040927e+04
11.660000000000	1.5504664963449e+04
11.690000000000	1.5455289302346e+04
11.720000000000	1.5405751291328e+04
11.750000000000	1.5356069087568e+04
11.780000000000	1.5306260760559e+04
11.810000000000	1.5256344281136e+04
11.840000000000	1.5206337510661e+04
11.870000000000	1.5156258190396e+04
11.900000000000	1.5106123931049e+04
11.930000000000	1.5055952202517e+04
11.960000000000	1.5005760323820e+04
11.990000000000	1.4955565453239e+04
12.020000000000	1.4905384578660e+04
12.050000000000	1.4855234508127e+04
12.080000000000	1.4805131860618e+04
12.110000000000	1.4755093057037e+04
12.140000000000	1.4705134311435e+04
12.170000000000	1.4655271622469e+04
12.200000000000	1.4605520765089e+04
12.230000000000	1.4555897282481e+04
12.260000000000	1.4506416478249e+04
12.290000000000	1.4457093408860e+04
12.320000000000	1.4407942876340e+04
12.350000000000	1.4358979421243e+04
12.380000000000	1.4310217315882e+04
12.410000000000	1.4261670557828e+04
12.440000000000	1.4213352863686e+04
12.470000000000	1.4165277663141e+04
12.500000000000	1.4117458093274e+04
12.530000000000	1.4069906993163e+04
12.560000000000	1.4022636898744e+04
12.590000000000	1.3975660037963e+04
12.620000000000	1.3928988326197e+04
12.650000000000	1.3882633361958e+04
12.680000000000	1.3836606422879e+04
12.710000000000	1.3790918461982e+04
12.740000000000	1.3745580104237e+04
12.770000000000	1.3700601643397e+04
12.800000000000	1.3655993039132e+04
12.830000000000	1.3611763914435e+04
12.860000000000	1.3567923553317e+04
12.890000000000	1.3524480898784e+04
12.920000000000	1.3481444551087e+04
12.950000000000	1.3438822766242e+04
12.980000000000	1.3396623454829e+04
13.010000000000	1.3354854181056e+04
13.040000000000	1.3313522162084e+04
13.070000000000	1.3272634267633e+04
13.100000000000	1.3232197019843e+04
13.130000000000	1.3192216593410e+04
13.160000000000	1.3152698815986e+04
13.190000000000	1.3113649168845e+04
13.220000000000	1.3075072787814e+04
13.250000000000	1.3036974464461e+04
13.280000000000	1.2999358647538e+04
13.310000000000	1.2962229444667e+04
13.340000000000	1.2925590624269e+04
13.370000000000	1.2889445617718e+04
13.400000000000	1.2853797521725e+04
13.430000000000	1.2818649100935e+04
13.460000000000	1.2784002790746e+04
13.490000000000	1.2749860700328e+04
13.520000000000	1.2716224615869e+04
13.550000000000	1.2683096004017e+04
13.580000000000	1.2650476015543e+04
13.610000000000	1.2618365489210e+04
13.640000000000	1.2586764955844e+04
13.670000000000	1.2555674642618e+04
13.700000000000	1.2525094477515e+04
13.730000000000	1.2495024093987e+04
13.760000000000	1.2465462835783e+04
13.790000000000	1.2436409761936e+04
13.820000000000	1.2407863651900e+04
13.850000000000	1.2379823010829e+04
13.880000000000	1.2352286074986e+04
13.910000000000	1.2325250817274e+04
13.940000000000	1.2298714952897e+04
13.970000000000	1.2272675945142e+04
14.000000000000	1.2247131011279e+04
14.030000000000	1.2222077128594e+04
14.060000000000	1.2197511040540e+04
14.090000000000	1.2173429263010e+04
14.120000000000	1.2149828090723e+04
14.150000000000	1.2126703603717e+04
14.180000000000	1.2104051673926e+04
14.210000000000	1.2081867971839e+04
14.240000000000	1.2060147973214e+04
14.270000000000	1.2038886965828e+04
14.300000000000	1.2018080056261e+04
14.330000000000	1.1997722176696e+04
14.360000000000	1.1977808091718e+04
14.390000000000	1.1958332405137e+04
14.420000000000	1.1939289566803e+04
14.450000000000	1.1920673927553e+04
14.480000000000	1.1902479832143e+04
14.510000000000	1.1884701070903e+04
14.540000000000	1.1867331546194e+04
14.570000000000	1.1850365040851e+04
14.600000000000	1.1833795225136e+04
14.630000000000	1.1817615663694e+04
14.660000000000	1.1801819822503e+04
14.690000000000	1.1786401075789e+04
14.720000000000	1.1771352712900e+04
14.750000000000	1.1756667945106e+04
14.780000000000	1.1742339912320e+04
14.810000000000	1.1728361689723e+04
14.840000000000	1.1714726294295e+04
14.870000000000	1.1701426691248e+04
14.900000000000	1.1688455800380e+04
14.930000000000	1.1675806502340e+04
14.960000000000	1.1663471644846e+04
14.990000000000	1.1651444048836e+04
15.020000000000	1.1639716514584e+04
15.050000000000	1.1628281827764e+04
15.080000000000	1.1617132765472e+04
15.110000000000	1.1606262102178e+04
15.140000000000	1.1595662615597e+04
15.170000000000	1.1585327092455e+04
15.200000000000	1.1575248334119e+04
15.230000000000	1.1565419162077e+04
15.260000000000	1.1555832423235e+04
15.290000000000	1.1546480995034e+04
15.320000000000	1.1537357790370e+04
15.350000000000	1.1528455762329e+04
15.380000000000	1.1519767908746e+04
15.410000000000	1.1511287276615e+04
15.440000000000	1.1503006966357e+04
15.470000000000	1.1494920135985e+04
15.500000000000	1.1487020005173e+04
15.530000000000	1.1479299859245e+04
15.560000000000	1.1471753053080e+04
15.590000000000	1.1464373014937e+04
15.620000000000	1.1457153250172e+04
15.650000000000	1.1450087344830e+04
15.680000000000	1.1443168969072e+04
15.710000000000	1.1436391880428e+04
15.740000000000	1.1429749926825e+04
15.770000000000	1.1423237049386e+04
15.800000000000	1.1416847284989e+04
15.830000000000	1.1410574768574e+04
15.860000000000	1.1404413735232e+04
15.890000000000	1.1398358522080e+04
15.920000000000	1.1392403569961e+04
15.950000000000	1.1386543425005e+04
15.980000000000	1.1380772740074e+04
16.010000000000	1.1375086276137e+04
16.040000000000	1.1369478903569e+04
16.070000000000	1.1363945603404e+04
16.100000000000	1.1358481468521e+04
16.130000000000	1.1353081704755e+04
16.160000000000	1.1347741631895e+04
16.190000000000	1.1342456684549e+04
16.220000000000	1.1337222412815e+04
16.250000000000	1.1332034482755e+04
16.280000000000	1.1326888676624e+04
16.310000000000	1.1321780892842e+04
16.340000000000	1.1316707145724e+04
16.370000000000	1.1311663564963e+04
16.400000000000	1.1306646394907e+04
16.430000000000	1.1301651993669e+04
16.460000000000	1.1296676832109e+04
16.490000000000	1.1291717492738e+04
16.520000000000	1.1286770668591e+04
16.550000000000	1.1281833162100e+04
16.580000000000	1.1276901883979e+04
16.610000000000	1.1271973852147e+04
16.640000000000	1.1267046190648e+04
16.670000000000	1.1262116128569e+04
16.700000000000	1.1257180998900e+04
16.730000000000	1.1252238237297e+04
16.760000000000	1.1247285380711e+04
16.790000000000	1.1242320065824e+04
16.820000000000	1.1237340027279e+04
16.850000000000	1.1232343095687e+04
16.880000000000	1.1227327195406e+04
16.910000000000	1.1222290342121e+04
16.940000000000	1.1217230640257e+04
16.970000000000	1.1212146280282e+04
17.000000000000	1.1207035535958e+04
17.030000000000	1.1201896761590e+04
17.060000000000	1.1196728389340e+04
17.090000000000	1.1191528926652e+04
17.120000000000	1.1186296953797e+04
17.150000000000	1.1181031121573e+04
17.180000000000	1.1175730149129e+04
17.210000000000	1.1170392821897e+04
17.240000000000	1.1165017989580e+04
17.270000000000	1.1159604564146e+04
17.300000000000	1.1154151517771e+04
17.330000000000	1.1148657880672e+04
17.360000000000	1.1143122738801e+04
17.390000000000	1.1137545231356e+04
17.420000000000	1.1131924548110e+04
17.450000000000	1.1126259926581e+04
17.480000000000	1.1120550649058e+04
17.510000000000	1.1114796039553e+04
17.540000000000	1.1108995460742e+04
17.570000000000	1.1103148310949e+04
17.600000000000	1.1097254021274e+04
17.630000000000	1.1091312052888e+04
17.660000000000	1.1085321894577e+04
17.690000000000	1.1079283060533e+04
17.720000000000	1.1073195088411e+04
17.750000000000	1.1067057537628e+04
17.780000000000	1.1060869987856e+04
17.810000000000	1.1054632037663e+04
17.840000000000	1.1048343303230e+04
17.870000000000	1.1042003417070e+04
17.900000000000	1.1035612026691e+04
17.930000000000	1.1029168793151e+04
17.960000000000	1.1022673389464e+04
17.990000000000	1.1016125498857e+04
18.020000000000	1.1009524812888e+04
18.050000000000	1.1002871029457e+04
18.080000000000	1.0996163850786e+04
18.110000000000	1.0989402981420e+04
18.140000000000	1.0982588126342e+04
18.170000000000	1.0975718989290e+04
18.200000000000	1.0968795271329e+04
18.230000000000	1.0961816669747e+04
18.260000000000	1.0954782877311e+04
18.290000000000	1.0947693581883e+04
18.320000000000	1.0940548466381e+04
18.350000000000	1.0933347209049e+04
18.380000000000	1.0926089483959e+04
18.410000000000	1.0918774961681e+04
18.440000000000	1.0911403310025e+04
18.470000000000	1.0903974194772e+04
18.500000000000	1.0896487280330e+04
18.530000000000	1.0888942230247e+04
18.560000000000	1.0881338707557e+04
18.590000000000	1.0873676374949e+04
18.620000000000	1.0865954894787e+04
18.650000000000	1.0858173929020e+04
18.680000000000	1.0850333139058e+04
18.710000000000	1.0842432185702e+04
18.740000000000	1.0834470729208e+04
18.770000000000	1.0826448429579e+04
18.800000000000	1.0818364947504e+04
18.830000000000	1.0810219944439e+04
18.860000000000	1.0802013084594e+04
18.890000000000	1.0793744036747e+04
18.920000000000	1.0785412476263e+04
18.950000000000	1.0777018087566e+04
18.980000000000	1.0768560566864e+04
19.010000000000	1.0760039625042e+04
19.040000000000	1.0751454990615e+04
19.070000000000	1.0742806412643e+04
19.100000000000	1.0734093663532e+04
19.130000000000	1.0725316541636e+04
19.160000000000	1.0716474873621e+04
19.190000000000	1.0707568516577e+04
19.220000000000	1.0698597359889e+04
19.250000000000	1.0689561326907e+04
19.280000000000	1.0680460376487e+04
19.310000000000	1.0671294504490e+04
19.340000000000	1.0662063745331e+04
19.370000000000	1.0652768173681e+04
19.400000000000	1.0643407906416e+04
19.430000000000	1.0633983104872e+04
19.460000000000	1.0624493977482e+04
19.490000000000	1.0614940782785e+04
19.520000000000	1.0605323832825e+04
19.550000000000	1.0595643496886e+04
19.580000000000	1.0585900205483e+04
19.610000000000	1.0576094454544e+04
19.640000000000	1.0566226809650e+04
19.670000000000	1.0556297910231e+04
19.700000000000	1.0546308473610e+04
19.730000000000	1.0536259298793e+04
19.760000000000	1.0526151269933e+04
19.790000000000	1.0515985359418e+04
19.820000000000	1.0505762630564e+04
19.850000000000	1.0495484239929e+04
19.880000000000	1.0485151439301e+04
19.910000000000	1.0474765577420e+04
19.940000000000	1.0464328101543e+04
19.970000000000	1.0453840558938e+04
20.000000000000	1.0443304598437e+04
20.030000000000	1.0432721972134e+04
20.060000000000	1.0422094537315e+04
20.090000000000	1.0411424258681e+04
20.120000000000	1.0400713210905e+04
20.150000000000	1.0389963581507e+04
20.180000000000	1.0379177674019e+04
20.210000000000	1.0368357911380e+04
20.240000000000	1.0357506839462e+04
20.270000000000	1.0346627130621e+04
20.300000000000	1.0335721587155e+04
20.330000000000	1.0324793144545e+04
20.360000000000	1.0313844874365e+04
20.390000000000	1.0302879986778e+04
20.420000000000	1.0291901832542e+04
20.450000000000	1.0280913904482e+04
20.480000000000	1.0269919838446e+04
20.510000000000	1.0258923413745e+04
20.540000000000	1.0247928553168e+04
20.570000000000	1.0236939322631e+04
20.600000000000	1.0225959930588e+04
20.630000000000	1.0214994727308e+04
20.660000000000	1.0204048204128e+04
20.690000000000	1.0193124992807e+04
20.720000000000	1.0182229865049e+04
20.750000000000	1.0171367732277e+04
20.780000000000	1.0160543645673e+04
20.810000000000	1.0149762796495e+04
20.840000000000	1.0139030516637e+04
20.870000000000	1.0128352279353e+04
20.900000000000	1.0117733700064e+04
20.930000000000	1.0107180537136e+04
20.960000000000	1.0096698692493e+04
20.990000000000	1.0086294211954e+04
21.020000000000	1.0075973285172e+04
21.050000000000	1.0065742245075e+04
21.080000000000	1.0055607566728e+04
21.110000000000	1.0045575865583e+04
21.140000000000	1.0035653895101e+04
21.170000000000	1.0025848543760e+04
21.200000000000	1.0016166831524e+04
21.230000000000	1.0006615905840e+04
21.260000000000	9.9972030372842e+03
21.290000000000	9.9879356149688e+03
21.320000000000	9.9788211418429e+03
21.350000000000	9.9698672300043e+03
21.380000000000	9.9610815961334e+03
21.410000000000	9.9524720571340e+03
21.440000000000	9.9440465260391e+03
21.470000000000	9.9358130082093e+03
21.500000000000	9.9277795978118e+03
21.530000000000	9.9199544745415e+03
21.560000000000	9.9123459005078e+03
21.590000000000	9.9049622171914e+03
21.620000000000	9.8978118423554e+03
21.650000000000	9.8909032667850e+03
21.680000000000	9.8842450507309e+03
21.710000000000	9.8778458199432e+03
21.740000000000	9.8717142611961e+03
21.770000000000	9.8658591172325e+03
21.800000000000	9.8602891810873e+03
21.830000000000	9.8550132897808e+03
21.860000000000	9.8500403174114e+03
21.890000000000	9.8453791677058e+03
21.920000000000	9.8410387661174e+03
21.950000000000	9.8370280515857e+03
21.980000000000	9.8333559680832e+03
22.010000000000	9.8300314560852e+03
22.040000000000	9.8270634440947e+03
22.070000000000	9.8244608403411e+03
22.100000000000	9.8222325247562e+03
22.130000000000	9.8203873412987e+03
22.160000000000	9.8189340906744e+03
22.190000000000	9.8178815234583e+03
22.220000000000	9.8172383335963e+03
22.250000000000	9.8170131522292e+03
22.280000000000	9.8172145417561e+03
22.310000000000	9.8178509900294e+03
22.340000000000	9.8189309045650e+03
22.370000000000	9.8204626066404e+03
22.400000000000	9.8224543251624e+03
22.430000000000	9.8249141901938e+03
22.460000000000	9.8278502260522e+03
22.490000000000	9.8312703439194e+03
22.520000000000	9.8351823339293e+03
22.550000000000	9.8395938567399e+03
22.580000000000	9.8445124346246e+03
22.610000000000	9.8499454421521e+03
22.640000000000	9.8559000965528e+03
22.670000000000	9.8623834478876e+03
22.700000000000	9.8694023691538e+03
22.730000000000	9.8769635464654e+03
22.760000000000	9.8850734694425e+03
22.790000000000	9.8937384219370e+03
22.820000000000	9.9029644731963e+03
22.850000000000	9.9127574695483e+03
22.880000000000	9.9231230266565e+03
22.910000000000	9.9340665223616e+03
22.940000000000	9.9455930900951e+03
22.970000000000	9.9577076128167e+03
23.000000000000	9.9704147173974e+03
23.030000000000	9.9837187693530e+03
23.060000000000	9.9976238678096e+03
23.090000000000	1.0012133840581e+04
23.120000000000	1.0027252239308e+04
23.150000000000	1.0042982334373e+04
23.180000000000	1.0059327109250e+04
23.210000000000	1.0076289255445e+04
23.240000000000	1.0093871166371e+04
23.270000000000	1.0112074931065e+04
23.300000000000	1.0130902327568e+04
23.330000000000	1.0150354816006e+04
23.360000000000	1.0170433531464e+04
23.390000000000	1.0191139276750e+04
23.420000000000	1.0212472515170e+04
23.450000000000	1.0234433363455e+04
23.480000000000	1.0257021584963e+04
23.510000000000	1.0280236583301e+04
23.540000000000	1.0304077396487e+04
23.570000000000	1.0328542691735e+04
23.600000000000	1.0353630760958e+04
23.630000000000	1.0379339517026e+04
23.660000000000	1.0405666490785e+04
23.690000000000	1.0432608828837e+04
23.720000000000	1.0460163292013e+04
23.750000000000	1.0488326254472e+04
23.780000000000	1.0517093703326e+04
23.810000000000	1.0546461238681e+04
23.840000000000	1.0576424073957e+04
23.870000000000	1.0606977036375e+04
23.900000000000	1.0638114567492e+04
23.930000000000	1.0669830723674e+04
23.960000000000	1.0702119176424e+04
23.990000000000	1.0734973212509e+04
24.020000000000	1.0768385733865e+04
24.050000000000	1.0802349257257e+04
24.080000000000	1.0836855913751e+04
24.110000000000	1.0871897448050e+04
24.140000000000	1.0907465217775e+04
24.170000000000	1.0943550192804e+04
24.200000000000	1.0980142954791e+04
24.230000000000	1.1017233696981e+04
24.260000000000	1.1054812224473e+04
24.290000000000	1.1092867955018e+04
24.320000000000	1.1131389920487e+04
24.350000000000	1.1170366769078e+04
24.380000000000	1.1209786768320e+04
24.410000000000	1.1249637808914e+04
24.440000000000	1.1289907409407e+04
24.470000000000	1.1330582721664e+04
24.500000000000	1.1371650537088e+04
24.530000000000	1.1413097293499e+04
24.560000000000	1.1454909082570e+04
24.590000000000	1.1497071657703e+04
24.620000000000	1.1539570442216e+04
24.650000000000	1.1582390537718e+04
24.680000000000	1.1625516732546e+04
24.710000000000	1.1668933510162e+04
24.740000000000	1.1712625057419e+04
24.770000000000	1.1756575272625e+04
24.800000000000	1.1800767773373e+04
24.830000000000	1.1845185904122e+04
24.860000000000	1.1889812743547e+04
24.890000000000	1.1934631111704e+04
24.920000000000	1.1979623577085e+04
24.950000000000	1.2024772463641e+04
24.980000000000	1.2070059857898e+04
25.010000000000	1.2115467616261e+04
25.040000000000	1.2160977372635e+04
25.070000000000	1.2206570546473e+04
25.100000000000	1.2252228351346e+04
25.130000000000	1.2297931804133e+04
25.160000000000	1.2343661734880e+04
25.190000000000	1.2389398797375e+04
25.220000000000	1.2435123480445e+04
25.250000000000	1.2480816119963e+04
25.280000000000	1.2526456911509e+04
25.310000000000	1.2572025923629e+04
25.340000000000	1.2617503111583e+04
25.370000000000	1.2662868331489e+04
25.400000000000	1.2708101354728e+04
25.430000000000	1.2753181882484e+04
25.460000000000	1.2798089560302e+04
25.490000000000	1.2842803992534e+04
25.520000000000	1.2887304756563e+04
25.550000000000	1.2931571416724e+04
25.580000000000	1.2975583537845e+04
25.610000000000	1.3019320698369e+04
25.640000000000	1.3062762503036e+04
25.670000000000	1.3105888595138e+04
25.700000000000	1.3148678668376e+04
25.730000000000	1.3191112478387e+04
25.760000000000	1.3233169854005e+04
25.790000000000	1.3274830708371e+04
25.820000000000	1.3316075049968e+04
25.850000000000	1.3356882993712e+04
25.880000000000	1.3397234772186e+04
25.910000000000	1.3437110747127e+04
25.940000000000	1.3476491421235e+04
25.970000000000	1.3515357450386e+04
26.000000000000	1.3553689656276e+04
26.030000000000	1.3591469039520e+04
26.060000000000	1.3628676793211e+04
26.090000000000	1.3665294316878e+04
26.120000000000	1.3701303230825e+04
26.150000000000	1.3736685390732e+04
26.180000000000	1.3771422902452e+04
26.210000000000	1.3805498136875e+04
26.240000000000	1.3838893744752e+04
26.270000000000	1.3871592671341e+04
26.300000000000	1.3903578170768e+04
26.330000000000	1.3934833819979e+04
26.360000000000	1.3965343532195e+04
26.390000000000	1.3995091569763e+04
26.420000000000	1.4024062556372e+04
26.450000000000	1.4052241488558e+04
26.480000000000	1.4079613746513e+04
26.510000000000	1.4106165104185e+04
26.540000000000	1.4131881738715e+04
26.570000000000	1.4156750239259e+04
26.600000000000	1.4180757615267e+04
26.630000000000	1.4203891304315e+04
26.660000000000	1.4226139179575e+04
26.690000000000	1.4247489557034e+04
26.720000000000	1.4267931202560e+04
26.750000000000	1.4287453338910e+04
26.780000000000	1.4306045652754e+04
26.810000000000	1.4323698301806e+04
26.840000000000	1.4340401922084e+04
26.870000000000	1.4356147635345e+04
26.900000000000	1.4370927056691e+04
26.930000000000	1.4384732302336e+04
26.960000000000	1.4397555997474e+04
26.990000000000	1.4409391284215e+04
27.020000000000	1.4420231829484e+04
27.050000000000	1.4430071832802e+04
27.080000000000	1.4438906033839e+04
27.110000000000	1.4446729719639e+04
27.140000000000	1.4453538731394e+04
27.170000000000	1.4459329470669e+04
27.200000000000	1.4464098904976e+04
27.230000000000	1.4467844572617e+04
27.260000000000	1.4470564586721e+04
27.290000000000	1.4472257638428e+04
27.320000000000	1.4472922999191e+04
27.350000000000	1.4472560522194e+04
27.380000000000	1.4471170642899e+04
27.410000000000	1.4468754378762e+04
27.440000000000	1.4465313328174e+04
27.470000000000	1.4460849668857e+04
27.500000000000	1.4455366155090e+04
27.530000000000	1.4448866115175e+04
27.560000000000	1.4441353448112e+04
27.590000000000	1.4432832619976e+04
27.620000000000	1.4423308660124e+04
27.650000000000	1.4412787157282e+04
27.680000000000	1.4401274255585e+04
27.710000000000	1.4388776650632e+04
27.740000000000	1.4375301585588e+04
27.770000000000	1.4360856847364e+04
27.800000000000	1.4345450762865e+04
27.830000000000	1.4329092195274e+04
27.860000000000	1.4311790540358e+04
27.890000000000	1.4293555722702e+04
27.920000000000	1.4274398191832e+04
27.950000000000	1.4254328918113e+04
27.980000000000	1.4233359388361e+04
28.010000000000	1.4211501601047e+04
28.040000000000	1.4188768061025e+04
28.070000000000	1.4165171773680e+04
28.100000000000	1.4140726238429e+04
28.130000000000	1.4115445441501e+04
28.160000000000	1.4089343847951e+04
28.190000000000	1.4062436392872e+04
28.220000000000	1.4034738471793e+04
28.250000000000	1.4006265930275e+04
28.280000000000	1.3977035052719e+04
28.310000000000	1.3947062550454e+04
28.340000000000	1.3916365549140e+04
28.370000000000	1.3884961575606e+04
28.400000000000	1.3852868544170e+04
28.430000000000	1.3820104742582e+04
28.460000000000	1.3786688817670e+04
28.490000000000	1.3752639760800e+04
28.520000000000	1.3717976893259e+04
28.550000000000	1.3682719851638e+04
28.580000000000	1.3646888573310e+04
28.610000000000	1.3610503282064e+04
28.640000000000	1.3573584473934e+04
28.670000000000	1.3536152903276e+04
28.700000000000	1.3498229569074e+04
28.730000000000	1.3459835701502e+04
28.760000000000	1.3420992748686e+04
28.790000000000	1.3381722363648e+04
28.820000000000	1.3342046391365e+04
28.850000000000	1.3301986855891e+04
28.880000000000	1.3261565947457e+04
28.910000000000	1.3220806009477e+04
28.940000000000	1.3179729525391e+04
28.970000000000	1.3138359105259e+04
29.000000000000	1.3096717472045e+04
29.030000000000	1.3054827447523e+04
29.060000000000	1.3012711937764e+04
29.090000000000	1.2970393918166e+04
29.120000000000	1.2927896418007e+04
29.150000000000	1.2885242504518e+04
29.180000000000	1.2842455266493e+04
29.210000000000	1.2799557797470e+04
29.240000000000	1.2756573178534e+04
29.270000000000	1.2713524460802e+04
29.300000000000	1.2670434647677e+04
29.330000000000	1.2627326676957e+04
29.360000000000	1.2584223402890e+04
29.390000000000	1.2541147578293e+04
29.420000000000	1.2498121836816e+04
29.450000000000	1.2455168675457e+04
29.480000000000	1.2412310437418e+04
29.510000000000	1.2369569295384e+04
29.540000000000	1.2326967235274e+04
29.570000000000	1.2284526040534e+04
29.600000000000	1.2242267276993e+04
29.630000000000	1.2200212278308e+04
29.660000000000	1.2158382131981e+04
29.690000000000	1.2116797665955e+04
29.720000000000	1.2075479435739e+04
29.750000000000	1.2034447712032e+04
29.780000000000	1.1993722468783e+04
29.810000000000	1.1953323371634e+04
29.840000000000	1.1913269766676e+04
29.870000000000	1.1873580669444e+04
29.900000000000	1.1834274754101e+04
29.930000000000	1.1795370342717e+04
29.960000000000	1.1756885394614e+04
29.990000000000	1.1718837495695e+04
30.020000000000	1.1681243847741e+04
30.050000000000	1.1644121257627e+04
30.080000000000	1.1607486126447e+04
30.110000000000	1.1571354438547e+04
30.140000000000	1.1535741750477e+04
30.170000000000	1.1500663179888e+04
30.200000000000	1.1466133394424e+04
30.230000000000	1.1432166600656e+04
30.260000000000	1.1398776533137e+04
30.290000000000	1.1365976443646e+04
30.320000000000	1.1333779090718e+04
30.350000000000	1.1302196729530e+04
30.380000000000	1.1271241102253e+04
30.410000000000	1.1240923428934e+04
30.440000000000	1.1211254398997e+04
30.470000000000	1.1182244163428e+04
30.500000000000	1.1153902327702e+04
30.530000000000	1.1126237945487e+04
30.560000000000	1.1099259513158e+04
30.590000000000	1.1072974965136e+04
30.620000000000	1.1047391670037e+04
30.650000000000	1.1022516427627e+04
30.680000000000	1.0998355466535e+04
30.710000000000	1.0974914442708e+04
30.740000000000	1.0952198438518e+04
30.770000000000	1.0930211962508e+04
30.800000000000	1.0908958949664e+04
30.830000000000	1.0888442762186e+04
30.860000000000	1.0868666190657e+04
30.890000000000	1.0849631455569e+04
30.920000000000	1.0831340209111e+04
30.950000000000	1.0813793537186e+04
30.980000000000	1.0796991961579e+04
31.010000000000	1.0780935442249e+04
31.040000000000	1.0765623379693e+04
31.070000000000	1.0751054617366e+04
31.100000000000	1.0737227444148e+04
31.130000000000	1.0724139596843e+04
31.160000000000	1.0711788262744e+04
31.190000000000	1.0700170082282e+04
31.220000000000	1.0689281151792e+04
31.250000000000	1.0679117026466e+04
31.280000000000	1.0669672723538e+04
31.310000000000	1.0660942725764e+04
31.340000000000	1.0652920985292e+04
31.370000000000	1.0645600927960e+04
31.400000000000	1.0638975458113e+04
31.430000000000	1.0633036963991e+04
31.460000000000	1.0627777323746e+04
31.490000000000	1.0623187912128e+04
31.520000000000	1.0619259607870e+04
31.550000000000	1.0615982801787e+04
31.580000000000	1.0613347405604e+04
31.610000000000	1.0611342861485e+04
31.640000000000	1.0609958152248e+04
31.670000000000	1.0609181812235e+04
31.700000000000	1.0609001938780e+04
31.730000000000	1.0609406204235e+04
31.760000000000	1.0610381868479e+04
31.790000000000	1.0611915791898e+04
31.820000000000	1.0613994448610e+04
31.850000000000	1.0616603939953e+04
31.880000000000	1.0619730008457e+04
31.910000000000	1.0623358051695e+04
31.940000000000	1.0627473136282e+04
31.970000000000	1.0632060011904e+04
32.000000000000	1.0637103125287e+04
32.030000000000	1.0642586634077e+04
32.060000000000	1.0648494420592e+04
32.090000000000	1.0654810105395e+04
32.120000000000	1.0661517060684e+04
32.150000000000	1.0668598423479e+04
32.180000000000	1.0676037108616e+04
32.210000000000	1.0683815821556e+04
32.240000000000	1.0691917071036e+04
32.270000000000	1.0700323181606e+04
32.300000000000	1.0709016306084e+04
32.330000000000	1.0717978437996e+04
32.360000000000	1.0727191424047e+04
32.390000000000	1.0736636976685e+04
32.420000000000	1.0746296686815e+04
32.450000000000	1.0756152036711e+04
32.480000000000	1.0766184413175e+04
32.510000000000	1.0776375120975e+04
32.540000000000	1.0786705396591e+04
32.570000000000	1.0797156422279e+04
32.600000000000	1.0807709340451e+04
32.630000000000	1.0818345268366e+04
32.660000000000	1.0829045313108e+04
32.690000000000	1.0839790586808e+04
32.720000000000	1.0850562222088e+04
32.750000000000	1.0861341387656e+04
32.780000000000	1.0872109304013e+04
32.810000000000	1.0882847259205e+04
32.840000000000	1.0893536624566e+04
32.870000000000	1.0904158870375e+04
32.900000000000	1.0914695581386e+04
32.930000000000	1.0925128472141e+04
32.960000000000	1.0935439402027e+04
32.990000000000	1.0945610390006e+04
33.020000000000	1.0955623628970e+04
33.050000000000	1.0965461499658e+04
33.080000000000	1.0975106584105e+04
33.110000000000	1.0984541678569e+04
33.140000000000	1.0993749805917e+04
33.170000000000	1.1002714227441e+04
33.200000000000	1.1011418454094e+04
33.230000000000	1.1019846257149e+04
33.260000000000	1.1027981678292e+04
33.290000000000	1.1035809039166e+04
33.320000000000	1.1043312950404e+04
33.350000000000	1.1050478320194e+04
33.380000000000	1.1057290362423e+04
33.410000000000	1.1063734604454e+04
33.440000000000	1.1069796894598e+04
33.470000000000	1.1075463409334e+04
33.500000000000	1.1080720660338e+04
33.530000000000	1.1085555501352e+04
33.560000000000	1.1089955134966e+04
33.590000000000	1.1093907119307e+04
33.620000000000	1.1097399374688e+04
33.650000000000	1.1100420190211e+04
33.680000000000	1.1102958230319e+04
33.710000000000	1.1105002541307e+04
33.740000000000	1.1106542557746e+04
33.770000000000	1.1107568108809e+04
33.800000000000	1.1108069424465e+04
33.830000000000	1.1108037141485e+04
33.860000000000	1.1107462309243e+04
33.890000000000	1.1106336395246e+04
33.920000000000	1.1104651290365e+04
33.950000000000	1.1102399313706e+04
33.980000000000	1.1099573217092e+04
34.010000000000	1.1096166189105e+04
34.040000000000	1.1092171858645e+04
34.070000000000	1.1087584297971e+04
34.100000000000	1.1082398025179e+04
34.130000000000	1.1076608006091e+04
34.160000000000	1.1070209655518e+04
34.190000000000	1.1063198837868e+04
34.220000000000	1.1055571867087e+04
34.250000000000	1.1047325505913e+04
34.280000000000	1.1038456964446e+04
34.310000000000	1.1028963898023e+04
34.340000000000	1.1018844404444e+04
34.370000000000	1.1008097020536e+04
34.400000000000	1.0996720718127e+04
34.430000000000	1.0984714899453e+04
34.460000000000	1.0972079392063e+04
34.490000000000	1.0958814443279e+04
34.520000000000	1.0944920714272e+04
34.550000000000	1.0930399273832e+04
34.580000000000	1.0915251591876e+04
34.610000000000	1.0899479532775e+04
34.640000000000	1.0883085348545e+04
34.670000000000	1.0866071671940e+04
34.700000000000	1.0848441509507e+04
34.730000000000	1.0830198234602e+04
34.760000000000	1.0811345580405e+04
34.790000000000	1.0791887632929e+04
34.820000000000	1.0771828824023e+04
34.850000000000	1.0751173924358e+04
34.880000000000	1.0729928036387e+04
34.910000000000	1.0708096587244e+04
34.940000000000	1.0685685321567e+04
34.970000000000	1.0662700294221e+04
35.000000000000	1.0639147862890e+04
35.030000000000	1.0615034680505e+04
35.060000000000	1.0590367687505e+04
35.090000000000	1.0565154103875e+04
35.120000000000	1.0539401420960e+04
35.150000000000	1.0513117393028e+04
35.180000000000	1.0486310028544e+04
35.210000000000	1.0458987581155e+04
35.240000000000	1.0431158540348e+04
35.270000000000	1.0402831621771e+04
35.300000000000	1.0374015757195e+04
35.330000000000	1.0344720084115e+04
35.360000000000	1.0314953934962e+04
35.390000000000	1.0284726825955e+04
35.420000000000	1.0254048445568e+04
35.450000000000	1.0222928642652e+04
35.480000000000	1.0191377414225e+04
35.510000000000	1.0159404892968e+04
35.540000000000	1.0127021334469e+04
35.570000000000	1.0094237104278e+04
35.600000000000	1.0061062664810e+04
35.630000000000	1.0027508562197e+04
35.660000000000	9.9935854131122e+03
35.690000000000	9.9593038916802e+03
35.720000000000	9.9246747165018e+03
35.750000000000	9.8897086378764e+03
35.780000000000	9.8544164252683e+03
35.810000000000	9.8188088550630e+03
35.840000000000	9.7828966986499e+03
35.870000000000	9.7466907108568e+03
35.900000000000	9.7102016187518e+03
35.930000000000	9.6734401108175e+03
35.960000000000	9.6364168264968e+03
35.990000000000	9.5991423460989e+03
36.020000000000	9.5616271810530e+03
36.050000000000	9.5238817644899e+03
36.080000000000	9.4859164421322e+03
36.110000000000	9.4477414634734e+03
36.140000000000	9.4093669733091e+03
36.170000000000	9.3708030031701e+03
36.200000000000	9.3320594634987e+03
36.230000000000	9.2931461357108e+03
36.260000000000	9.2540726645163e+03
36.290000000000	9.2148485504259e+03
36.320000000000	9.1754831424185e+03
36.350000000000	9.1359856307522e+03
36.380000000000	9.0963650399010e+03
36.410000000000	9.0566302215985e+03
36.440000000000	9.0167898479702e+03
36.470000000000	8.9768524047382e+03
36.500000000000	8.9368261844826e+03
36.530000000000	8.8967192799481e+03
36.560000000000	8.8565395773925e+03
36.590000000000	8.8162947499734e+03
36.620000000000	8.7759922511863e+03
36.650000000000	8.7356393083667e+03
36.680000000000	8.6952429162851e+03
36.710000000000	8.6548098308671e+03
36.740000000000	8.6143465630826e+03
36.770000000000	8.5738593730504e+03
36.800000000000	8.5333542644148e+03
36.830000000000	8.4928369790474e+03
36.860000000000	8.4523129921306e+03
36.890000000000	8.4117875076781e+03
36.920000000000	8.3712654545384e+03
36.950000000000	8.3307514829260e+03
36.980000000000	8.2902499615119e+03
37.010000000000	8.2497649750995e+03
37.040000000000	8.2093003228980e+03
37.070000000000	8.1688595173996e+03
37.100000000000	8.1284457838553e+03
37.130000000000	8.0880620603358e+03
37.160000000000	8.0477109983595e+03
37.190000000000	8.0073949640633e+03
37.220000000000	7.9671160398880e+03
37.250000000000	7.9268760267521e+03
37.280000000000	7.8866764466816e+03
37.310000000000	7.8465185458709e+03
37.340000000000	7.8064032981456e+03
37.370000000000	7.7663314088027e+03
37.400000000000	7.7263033188043e+03
37.430000000000	7.6863192093001e+03
37.460000000000	7.6463790064576e+03
37.490000000000	7.6064823865742e+03
37.520000000000	7.5666287814477e+03
37.550000000000	7.5268173839784e+03
37.580000000000	7.4870471539747e+03
37.610000000000	7.4473168241319e+03
37.640000000000	7.4076249061555e+03
37.670000000000	7.3679696969970e+03
37.700000000000	7.3283492851742e+03
37.730000000000	7.2887615571501e+03
37.760000000000	7.2492042037486e+03
37.790000000000	7.2096747265918e+03
37.820000000000	7.1701704445507e+03
37.850000000000	7.1306885002097e+03
37.880000000000	7.0912258663523e+03
37.910000000000	7.0517793524871e+03
37.940000000000	7.0123456114386e+03
37.970000000000	6.9729211460345e+03
38.000000000000	6.9335023159279e+03
38.030000000000	6.8940853445944e+03
38.060000000000	6.8546663265449e+03
38.090000000000	6.8152412347943e+03
38.120000000000	6.7758059286215e+03
38.150000000000	6.7363561616496e+03
38.180000000000	6.6968875902696e+03
38.210000000000	6.6573957824181e+03
38.240000000000	6.6178762267153e+03
38.270000000000	6.5783243419542e+03
38.300000000000	6.5387354869282e+03
38.330000000000	6.4991049705731e+03
38.360000000000	6.4594280623939e+03
38.390000000000	6.4197000031440e+03
38.420000000000	6.3799160157179e+03
38.450000000000	6.3400713162215e+03
38.480000000000	6.3001611251813e+03
38.510000000000	6.2601806788562e+03
38.540000000000	6.2201252406202e+03
38.570000000000	6.1799901123829e+03
38.600000000000	6.1397706460210e+03
38.630000000000	6.0994622547940e+03
38.660000000000	6.0590604247202e+03
38.690000000000	6.0185607258886e+03
38.720000000000	5.9779588236820e+03
38.750000000000	5.9372504898861e+03
38.780000000000	5.8964316136573e+03
38.810000000000	5.8554982123192e+03
38.840000000000	5.8144464419564e+03
38.870000000000	5.7732726077722e+03
38.900000000000	5.7319731741769e+03
38.930000000000	5.6905447745718e+03
38.960000000000	5.6489842207993e+03
38.990000000000	5.6072885122294e+03
39.020000000000	5.5654548444602e+03
39.050000000000	5.5234806176163e+03
39.080000000000	5.4813634442358e+03
39.110000000000	5.4391011567460e+03
39.140000000000	5.3966918145353e+03
39.170000000000	5.3541337106395e+03
39.200000000000	5.3114253780652e+03
39.230000000000	5.2685655957827e+03
39.260000000000	5.2255533944226e+03
39.290000000000	5.1823880617140e+03
39.320000000000	5.1390691477033e+03
39.350000000000	5.0955964697878e+03
39.380000000000	5.0519701175984e+03
39.410000000000	5.0081904577549e+03
39.440000000000	4.9642581385136e+03
39.470000000000	4.9201740943177e+03
39.500000000000	4.8759395502503e+03
39.530000000000	4.8315560263854e+03
39.560000000000	4.7870253420201e+03
39.590000000000	4.7423496197691e+03
39.620000000000	4.6975312894945e+03
39.650000000000	4.6525730920423e+03
39.680000000000	4.6074780827566e+03
39.710000000000	4.5622496347406e+03
39.740000000000	4.5168914418370e+03
39.770000000000	4.4714075213036e+03
39.800000000000	4.4258022161613e+03
39.830000000000	4.3800801971985e+03
39.860000000000	4.3342464646162e+03
39.890000000000	4.2883063493034e+03
39.920000000000	4.2422655137335e+03
39.950000000000	4.1961299524723e+03
39.980000000000	4.1499059922908e+03
40.010000000000	4.1036002918703e+03
40.040000000000	4.0572198410908e+03
40.070000000000	4.0107719598858e+03
40.100000000000	3.9642642966467e+03
40.130000000000	3.9177048261590e+03
40.160000000000	3.8711018470449e+03
40.190000000000	3.8244639786941e+03
40.220000000000	3.7778001576581e+03
40.250000000000	3.7311196334898e+03
40.280000000000	3.6844319640130e+03
40.310000000000	3.6377470100095e+03
40.340000000000	3.5910749293238e+03
40.370000000000	3.5444261703856e+03
40.400000000000	3.4978114651669e+03
40.430000000000	3.4512418215930e+03
40.460000000000	3.4047285154709e+03
40.490000000000	3.3582830818551e+03
40.520000000000	3.3119173060155e+03
40.550000000000	3.2656432141151e+03
40.580000000000	3.2194730634494e+03
40.610000000000	3.1734193324373e+03
40.640000000000	3.1274947103812e+03
40.670000000000	3.0817120870422e+03
40.700000000000	3.0360845420686e+03
40.730000000000	2.9906253343124e+03
40.760000000000	2.9453478910551e+03
40.790000000000	2.9002657971614e+03
40.820000000000	2.8553927841648e+03
40.850000000000	2.8107427192893e+03
40.880000000000	2.7663295943956e+03
40.910000000000	2.7221675148456e+03
40.940000000000	2.6782706882678e+03
40.970000000000	2.6346534132096e+03
41.000000000000	2.5913300676622e+03
41.030000000000	2.5483150974457e+03
41.060000000000	2.5056230044438e+03
41.090000000000	2.4632683346854e+03
41.120000000000	2.4212656662701e+03
41.150000000000	2.3796295971417e+03
41.180000000000	2.3383747327164e+03
41.210000000000	2.2975156733752e+03
41.240000000000	2.2570670018308e+03
41.270000000000	2.2170432703804e+03
41.300000000000	2.1774589880542e+03
41.330000000000	2.1383286076684e+03
41.360000000000	2.0996665127856e+03
41.390000000000	2.0614870045866e+03
41.420000000000	2.0238042886497e+03
41.450000000000	1.9866324616326e+03
41.480000000000	1.9499854978492e+03
41.510000000000	1.9138772357312e+03
41.540000000000	1.8783213641639e+03
41.570000000000	1.8433314086895e+03
41.600000000000	1.8089207175690e+03
41.630000000000	1.7751024477037e+03
41.660000000000	1.7418895504194e+03
41.690000000000	1.7092947571245e+03
41.720000000000	1.6773305648616e+03
41.750000000000	1.6460092217791e+03
41.780000000000	1.6153427125579e+03
41.810000000000	1.5853427438359e+03
41.840000000000	1.5560207296788e+03
41.870000000000	1.5273877771493e+03
41.900000000000	1.4994546720324e+03
41.930000000000	1.4722318647717e+03
41.960000000000	1.4457294566726e+03
41.990000000000	1.4199571864235e+03
42.020000000000	1.3949244169816e+03
42.050000000000	1.3706401228617e+03
42.080000000000	1.3471128778594e+03
42.110000000000	1.3243508432302e+03
42.140000000000	1.3023617563394e+03
42.170000000000	1.2811529197869e+03
42.200000000000	1.2607311910061e+03
42.230000000000	1.2411029723280e+03
42.260000000000	1.2222742015003e+03
42.290000000000	1.2042503426465e+03
42.320000000000	1.1870363776498e+03
42.350000000000	1.1706367979492e+03
42.380000000000	1.1550555967363e+03
42.410000000000	1.1402962615440e+03
42.440000000000	1.1263617672248e+03
42.470000000000	1.1132545693185e+03
42.500000000000	1.1009765978127e+03
42.530000000000	1.0895292513055e+03
42.560000000000	1.0789133915775e+03
42.590000000000	1.0691293385861e+03
42.620000000000	1.0601768658909e+03
42.650000000000	1.0520551965196e+03
42.680000000000	1.0447629992806e+03
42.710000000000	1.0382983855247e+03
42.740000000000	1.0326589063545e+03
42.770000000000	1.0278415502761e+03
42.800000000000	1.0238427412815e+03
42.830000000000	1.0206583373504e+03
42.860000000000	1.0182836293517e+03
42.890000000000	1.0167133403289e+03
42.920000000000	1.0159416251489e+03
42.950000000000	1.0159620704975e+03
42.980000000000	1.0167676952055e+03
43.010000000000	1.0183509508953e+03
43.040000000000	1.0207037229422e+03
43.070000000000	1.0238173317498e+03
43.100000000000	1.0276825343484e+03
43.130000000000	1.0322895263298e+03
43.160000000000	1.0376279441409e+03
43.190000000000	1.0436868677627e+03
43.220000000000	1.0504548238083e+03
43.250000000000	1.0579197890766e+03
43.280000000000	1.0660691945992e+03
43.310000000000	1.0748899302194e+03
43.340000000000	1.0843683497394e+03
43.370000000000	1.0944902766690e+03
43.400000000000	1.1052410106004e+03
43.430000000000	1.1166053342313e+03
43.460000000000	1.1285675210458e+03
43.490000000000	1.1411113436574e+03
43.520000000000	1.1542200828079e+03
43.550000000000	1.1678765370095e+03
43.580000000000	1.1820630328089e+03
43.610000000000	1.1967614356477e+03
43.640000000000	1.2119531612892e+03
43.670000000000	1.2276191877792e+03
43.700000000000	1.2437400679077e+03
43.730000000000	1.2602959421399e+03
43.760000000000	1.2772665519885e+03
43.790000000000	1.2946312537999e+03
43.820000000000	1.3123690329349e+03
43.850000000000	1.3304585183249e+03
43.880000000000	1.3488779973933e+03
43.910000000000	1.3676054313303e+03
43.940000000000	1.3866184707166e+03
43.970000000000	1.4058944714890e+03
44.000000000000	1.4254105112450e+03
44.030000000000	1.4451434058781e+03
44.060000000000	1.4650697265374e+03
44.090000000000	1.4851658168988e+03
44.120000000000	1.5054078107328e+03
44.150000000000	1.5257716497475e+03
44.180000000000	1.5462331016844e+03
44.210000000000	1.5667677786357e+03
44.240000000000	1.5873511555509e+03
44.270000000000	1.6079585888977e+03
44.300000000000	1.6285653354390e+03
44.330000000000	1.6491465710878e+03
44.360000000000	1.6696774098047e+03
44.390000000000	1.6901329225008e+03
44.420000000000	1.7104881559185e+03
44.450000000000	1.7307181514627e+03
44.480000000000	1.7507979639633e+03
44.510000000000	1.7707026803573e+03
44.540000000000	1.7904074382843e+03
44.570000000000	1.8098874445974e+03
44.600000000000	1.8291179937973e+03
44.630000000000	1.8480744864047e+03
44.660000000000	1.8667324472876e+03
44.690000000000	1.8850675439665e+03
44.720000000000	1.9030556049192e+03
44.750000000000	1.9206726379053e+03
44.780000000000	1.9378948483343e+03
44.810000000000	1.9546986577526e+03
44.840000000000	1.9710607221126e+03
44.870000000000	1.9869579505304e+03
44.900000000000	2.0023675238194e+03
44.930000000000	2.0172669131384e+03
44.960000000000	2.0316338986591e+03
44.990000000000	2.0454465882286e+03
45.020000000000	2.0586834359888e+03
45.050000000000	2.0713232609168e+03
45.080000000000	2.0833452652448e+03
45.110000000000	2.0947290527168e+03
45.140000000000	2.1054546466432e+03
45.170000000000	2.1155025077140e+03
45.200000000000	2.1248535515376e+03
45.230000000000	2.1334891658745e+03
45.260000000000	2.1413912275426e+03
45.290000000000	2.1485421189742e+03
45.320000000000	2.1549247444109e+03
45.350000000000	2.1605225457259e+03
45.380000000000	2.1653195178664e+03
45.410000000000	2.1693002239116e+03
45.440000000000	2.1724498097414e+03
45.470000000000	2.1747540183100e+03
45.500000000000	2.1761992035201e+03
45.530000000000	2.1767723436851e+03
45.560000000000	2.1764610545698e+03
45.590000000000	2.1752536019899e+03
45.620000000000	2.1731389139531e+03
45.650000000000	2.1701065923144e+03
45.680000000000	2.1661469239203e+03
45.710000000000	2.1612508912109e+03
45.740000000000	2.1554101822483e+03
45.770000000000	2.1486172001388e+03
45.800000000000	2.1408650718186e+03
45.830000000000	2.1321476561724e+03
45.860000000000	2.1224595514603e+03
45.890000000000	2.1117961020306e+03
45.920000000000	2.1001534043044e+03
45.950000000000	2.0875283120207e+03
45.980000000000	2.0739184407423e+03
46.010000000000	2.0593221716255e+03
46.040000000000	2.0437386544669e+03
46.070000000000	2.0271678100460e+03
46.100000000000	2.0096103317875e+03
46.130000000000	1.9910676867720e+03
46.160000000000	1.9715421161285e+03
46.190000000000	1.9510366348393e+03
46.220000000000	1.9295550309933e+03
46.250000000000	1.9071018645149e+03
46.280000000000	1.8836824653980e+03
46.310000000000	1.8593029314652e+03
46.340000000000	1.8339701256681e+03
46.370000000000	1.8076916729366e+03
46.400000000000	1.7804759565797e+03
46.430000000000	1.7523321142310e+03
46.460000000000	1.7232700333286e+03
46.490000000000	1.6933003461126e+03
46.520000000000	1.6624344241199e+03
46.550000000000	1.6306843721556e+03
46.580000000000	1.5980630217175e+03
46.610000000000	1.5645839238544e+03
46.640000000000	1.5302613414395e+03
46.670000000000	1.4951102408461e+03
46.700000000000	1.4591462830161e+03
46.730000000000	1.4223858139194e+03
46.760000000000	1.3848458544048e+03
46.790000000000	1.3465440894514e+03
46.820000000000	1.3074988568333e+03
46.850000000000	1.2677291352110e+03
46.880000000000	1.2272545316714e+03
46.910000000000	1.1860952687337e+03
46.940000000000	1.1442721708427e+03
46.970000000000	1.1018066503693e+03
47.000000000000	1.0587206931336e+03
47.030000000000	1.0150368434671e+03
47.060000000000	9.7077818882440e+02
47.090000000000	9.2596834395201e+02
47.120000000000	8.8063143461836e+02
47.150000000000	8.3479208090570e+02
47.180000000000	7.8847538006098e+02
47.210000000000	7.4170688890111e+02
47.240000000000	6.9451260576573e+02
47.270000000000	6.4691895201066e+02
47.300000000000	5.9895275303507e+02
47.330000000000	5.5064121883746e+02
47.360000000000	5.0201192409747e+02
47.390000000000	4.5309278778510e+02
47.420000000000	4.0391205230300e+02
47.450000000000	3.5449826217296e+02
47.480000000000	3.0488024228433e+02
47.510000000000	2.5508707572785e+02
47.540000000000	2.0514808124538e+02
47.570000000000	1.5509279033172e+02
47.600000000000	1.0495092403092e+02
47.630000000000	5.4752369473338e+01
47.660000000000	4.5271562038460e+00
47.690000000000	-4.5694567647051e+01
47.720000000000	-9.5882559296781e+01
47.750000000000	-1.4600650529799e+02
47.780000000000	-1.9603604553166e+02
47.810000000000	-2.4594079716251e+02
47.840000000000	-2.9569037851915e+02
47.870000000000	-3.4525443286777e+02
47.900000000000	-3.9460265205560e+02
47.930000000000	-4.4370480000718e+02
47.960000000000	-4.9253073606391e+02
47.990000000000	-5.4105043816256e+02
48.020000000000	-5.8923402585406e+02
48.050000000000	-6.3705178316663e+02
48.080000000000	-6.8447418131980e+02
48.110000000000	-7.3147190129542e+02
48.140000000000	-7.7801585627100e+02
48.170000000000	-8.2407721391754e+02
48.200000000000	-8.6962741856066e+02
48.230000000000	-9.1463821319848e+02
48.260000000000	-9.5908166136588e+02
48.290000000000	-1.0029301688287e+03
48.320000000000	-1.0461565050874e+03
48.350000000000	-1.0887338246661e+03
48.380000000000	-1.1306356881590e+03
48.410000000000	-1.1718360830059e+03
48.440000000000	-1.2123094439650e+03
48.470000000000	-1.2520306732565e+03
48.500000000000	-1.2909751603460e+03
48.530000000000	-1.3291188013446e+03
48.560000000000	-1.3664380180025e+03
48.590000000000	-1.4029097762787e+03
48.620000000000	-1.4385116044717e+03
48.650000000000	-1.4732216109022e+03
48.680000000000	-1.5070185011419e+03
48.710000000000	-1.5398815947849e+03
48.740000000000	-1.5717908417654e+03
48.770000000000	-1.6027268382229e+03
48.800000000000	-1.6326708419217e+03
48.830000000000	-1.6616047872318e+03
48.860000000000	-1.6895112996764e+03
48.890000000000	-1.7163737100531e+03
48.920000000000	-1.7421760681331e+03
48.950000000000	-1.7669031559389e+03
48.980000000000	-1.7905405005999e+03
49.010000000000	-1.8130743867789e+03
49.040000000000	-1.8344918686589e+03
49.070000000000	-1.8547807814752e+03
49.100000000000	-1.8739297525702e+03
49.130000000000	-1.8919282119241e+03
49.160000000000	-1.9087664022187e+03
49.190000000000	-1.9244353882807e+03
49.220000000000	-1.9389270658998e+03
49.250000000000	-1.9522341700462e+03
49.280000000000	-1.9643502823906e+03
49.310000000000	-1.9752698381039e+03
49.340000000000	-1.9849881319030e+03
49.370000000000	-1.9935013233117e+03
49.400000000000	-2.0008064411133e+03
49.430000000000	-2.0069013869768e+03
49.460000000000	-2.0117849382467e+03
49.490000000000	-2.0154567498945e+03
49.520000000000	-2.0179173556344e+03
49.550000000000	-2.0191681682166e+03
49.580000000000	-2.0192114789143e+03
49.610000000000	-2.0180504562253e+03
49.640000000000	-2.0156891438143e+03
49.670000000000	-2.0121324577196e+03
49.700000000000	-2.0073861828521e+03
49.730000000000	-2.0014569688091e+03
49.760000000000	-1.9943523250259e+03
49.790000000000	-1.9860806152813e+03
49.820000000000	-1.9766510515724e+03
49.850000000000	-1.9660736873662e+03
49.880000000000	-1.9543594102331e+03
49.910000000000	-1.9415199338641e+03
49.940000000000	-1.9275677894675e+03
49.970000000000	-1.9125163165422e+03
50.000000000000	-1.8963796530208e+03
50.030000000000	-1.8791727247774e+03
50.060000000000	-1.8609112344947e+03
50.090000000000	-1.8416116498870e+03
50.120000000000	-1.8212911912807e+03
50.150000000000	-1.7999678185530e+03
50.180000000000	-1.7776602174371e+03
50.210000000000	-1.7543877852045e+03
50.240000000000	-1.7301706157388e+03
50.270000000000	-1.7050294840192e+03
50.300000000000	-1.6789858300373e+03
50.330000000000	-1.6520617421704e+03
50.360000000000	-1.6242799400405e+03
50.390000000000	-1.5956637568897e+03
50.420000000000	-1.5662371215004e+03
50.450000000000	-1.5360245396968e+03
50.480000000000	-1.5050510754554e+03
50.510000000000	-1.4733423316597e+03
50.540000000000	-1.4409244305264e+03
50.570000000000	-1.4078239937324e+03
50.600000000000	-1.3740681222650e+03
50.630000000000	-1.3396843760196e+03
50.660000000000	-1.3047007531570e+03
50.690000000000	-1.2691456692362e+03
50.720000000000	-1.2330479361275e+03
50.750000000000	-1.1964367407085e+03
50.780000000000	-1.1593416233421e+03
50.810000000000	-1.1217924561287e+03
50.840000000000	-1.0838194209260e+03
50.870000000000	-1.0454529871242e+03
50.900000000000	-1.0067238891667e+03
50.930000000000	-9.6766310380532e+02
50.960000000000	-9.2830182708309e+02
50.990000000000	-8.8867145104010e+02
51.020000000000	-8.4880354014316e+02
51.050000000000	-8.0872980744590e+02
51.080000000000	-7.6848209049203e+02
51.110000000000	-7.2809232698106e+02
51.140000000000	-6.8759253022241e+02
51.170000000000	-6.4701476440942e+02
51.200000000000	-6.0639111974968e+02
51.230000000000	-5.6575368749230e+02
51.260000000000	-5.2513453489452e+02
51.290000000000	-4.8456568017166e+02
51.320000000000	-4.4407906747321e+02
51.350000000000	-4.0370654192667e+02
51.380000000000	-3.6347982478691e+02
51.410000000000	-3.2343048872532e+02
51.440000000000	-2.8358993328822e+02
51.470000000000	-2.4398936054913e+02
51.500000000000	-2.0465975097447e+02
51.530000000000	-1.6563183951830e+02
51.560000000000	-1.2693609195728e+02
51.590000000000	-8.8602681474693e+01
51.620000000000	-5.0661465499858e+01
51.650000000000	-1.3141962808694e+01
51.680000000000	2.3926669109100e+01
51.710000000000	6.0515656409637e+01
51.740000000000	9.6596630973258e+01
51.770000000000	1.3214165219120e+02
51.800000000000	1.6712322844777e+02
51.830000000000	2.0151433828212e+02
51.860000000000	2.3528845121124e+02
51.890000000000	2.6841954819262e+02
51.920000000000	3.0088214170308e+02
51.950000000000	3.3265129540775e+02
51.980000000000	3.6370264339128e+02
52.010000000000	3.9401240892254e+02
52.040000000000	4.2355742272250e+02
52.070000000000	4.5231514070486e+02
52.100000000000	4.8026366115909e+02
52.130000000000	5.0738174134580e+02
52.160000000000	5.3364881347586e+02
52.190000000000	5.5904500004622e+02
52.220000000000	5.8355112850812e+02
52.250000000000	6.0714874524594e+02
52.280000000000	6.2982012884928e+02
52.310000000000	6.5154830266491e+02
52.340000000000	6.7231704662003e+02
52.370000000000	6.9211090831353e+02
52.400000000000	7.1091521337734e+02
52.430000000000	7.2871607511501e+02
52.460000000000	7.4550040342958e+02
52.490000000000	7.6125591305680e+02
52.520000000000	7.7597113112360e+02
52.550000000000	7.8963540405308e+02
52.580000000000	8.0223890383890e+02
52.610000000000	8.1377263371117e+02
52.640000000000	8.2422843321399e+02
52.670000000000	8.3359898271199e+02
52.700000000000	8.4187780733868e+02
52.730000000000	8.4905928039455e+02
52.760000000000	8.5513862619718e+02
52.790000000000	8.6011192237971e+02
52.820000000000	8.6397610162878e+02
52.850000000000	8.6672895284764e+02
52.880000000000	8.6836912172635e+02
52.910000000000	8.6889611069778e+02
52.940000000000	8.6831027825681e+02
52.970000000000	8.6661283761960e+02
53.000000000000	8.6380585470144e+02
53.030000000000	8.5989224539398e+02
53.060000000000	8.5487577212659e+02
53.090000000000	8.4876103970107e+02
53.120000000000	8.4155349039424e+02
53.150000000000	8.3325939832830e+02
53.180000000000	8.2388586311421e+02
53.210000000000	8.1344080277833e+02
53.240000000000	8.0193294598672e+02
53.270000000000	7.8937182358522e+02
53.300000000000	7.7576775947539e+02
53.330000000000	7.6113186084838e+02
53.360000000000	7.4547600779875e+02
53.390000000000	7.2881284233998e+02
53.420000000000	7.1115575684229e+02
53.450000000000	6.9251888191446e+02
53.480000000000	6.7291707375006e+02
53.510000000000	6.5236590087907e+02
53.540000000000	6.3088163052392e+02
53.570000000000	6.0848121435647e+02
53.600000000000	5.8518227377851e+02
53.630000000000	5.6100308470648e+02
53.660000000000	5.3596256186411e+02
53.690000000000	5.1008024258544e+02
53.720000000000	4.8337627012989e+02
53.750000000000	4.5587137651073e+02
53.780000000000	4.2758686483744e+02
53.810000000000	3.9854459117342e+02
53.840000000000	3.6876694590995e+02
53.870000000000	3.3827683465901e+02
53.900000000000	3.0709765866808e+02
53.930000000000	2.7525329476226e+02
53.960000000000	2.4276807482092e+02
53.990000000000	2.0966676479932e+02
54.020000000000	1.7597454330861e+02
54.050000000000	1.4171697977173e+02
54.080000000000	1.0692001217691e+02
54.110000000000	7.1609924454932e+01
54.140000000000	3.5813323510838e+01
54.170000000000	-4.4288405500288e-01
54.200000000000	-3.7131515497326e+01
54.230000000000	-7.4225135706255e+01
54.260000000000	-1.1169608117275e+02
54.290000000000	-1.4951648409406e+02
54.320000000000	-1.8765829657351e+02
54.350000000000	-2.2609331487105e+02
54.380000000000	-2.6479320366263e+02
54.410000000000	-3.0372952027108e+02
54.440000000000	-3.4287373883536e+02
54.470000000000	-3.8219727439077e+02
54.500000000000	-4.2167150683793e+02
54.530000000000	-4.6126780478486e+02
54.560000000000	-5.0095754925159e+02
54.590000000000	-5.4071215723163e+02
54.620000000000	-5.8050310510890e+02
54.650000000000	-6.2030195193177e+02
54.680000000000	-6.6008036254700e+02
54.710000000000	-6.9981013059722e+02
54.740000000000	-7.3946320138478e+02
54.770000000000	-7.7901169460215e+02
54.800000000000	-8.1842792692659e+02
54.830000000000	-8.5768443447251e+02
54.860000000000	-8.9675399509096e+02
54.890000000000	-9.3560965050115e+02
54.920000000000	-9.7422472823441e+02
54.950000000000	-1.0125728633677e+03
54.980000000000	-1.0506280200196e+03
55.010000000000	-1.0883645125809e+03
55.040000000000	-1.1257570266484e+03
55.070000000000	-1.1627806396325e+03
55.100000000000	-1.1994108410070e+03
55.130000000000	-1.2356235521742e+03
55.160000000000	-1.2713951459170e+03
55.190000000000	-1.3067024654146e+03
55.220000000000	-1.3415228428004e+03
55.250000000000	-1.3758341172449e+03
55.280000000000	-1.4096146525468e+03
55.310000000000	-1.4428433542216e+03
55.340000000000	-1.4754996860775e+03
55.370000000000	-1.5075636862716e+03
55.400000000000	-1.5390159828401e+03
55.430000000000	-1.5698378087010e+03
55.460000000000	-1.6000110161243e+03
55.490000000000	-1.6295180906710e+03
55.520000000000	-1.6583421646004e+03
55.550000000000	-1.6864670297454e+03
55.580000000000	-1.7138771498596e+03
55.610000000000	-1.7405576724361e+03
55.640000000000	-1.7664944400032e+03
55.670000000000	-1.7916740008969e+03
55.700000000000	-1.8160836195147e+03
55.730000000000	-1.8397112860503e+03
55.760000000000	-1.8625457257110e+03
55.790000000000	-1.8845764074141e+03
55.820000000000	-1.9057935519584e+03
55.850000000000	-1.9261881396651e+03
55.880000000000	-1.9457519174739e+03
55.910000000000	-1.9644774054842e+03
55.940000000000	-1.9823579029206e+03
55.970000000000	-1.9993874935036e+03
56.000000000000	-2.0155610502018e+03
56.030000000000	-2.0308742393401e+03
56.060000000000	-2.0453235240381e+03
56.090000000000	-2.0589061669518e+03
56.120000000000	-2.0716202322949e+03
56.150000000000	-2.0834645871163e+03
56.180000000000	-2.0944389018162e+03
56.210000000000	-2.1045436498857e+03
56.240000000000	-2.1137801068618e+03
56.270000000000	-2.1221503484946e+03
56.300000000000	-2.1296572481301e+03
56.330000000000	-2.1363044733177e+03
56.360000000000	-2.1420964816564e+03
56.390000000000	-2.1470385159004e+03
56.420000000000	-2.1511365983467e+03
56.450000000000	-2.1543975245319e+03
56.480000000000	-2.1568288562642e+03
56.510000000000	-2.1584389140218e+03
56.540000000000	-2.1592367687424e+03
56.570000000000	-2.1592322330310e+03
56.600000000000	-2.1584358518074e+03
56.630000000000	-2.1568588924140e+03
56.660000000000	-2.1545133341971e+03
56.690000000000	-2.1514118575749e+03
56.720000000000	-2.1475678325982e+03
56.750000000000	-2.1429953070071e+03
56.780000000000	-2.1377089937871e+03
56.810000000000	-2.1317242582209e+03
56.840000000000	-2.1250571044352e+03
56.870000000000	-2.1177241614413e+03
56.900000000000	-2.1097426686654e+03
56.930000000000	-2.1011304609715e+03
56.960000000000	-2.0919059531781e+03
56.990000000000	-2.0820881240729e+03
57.020000000000	-2.0716964999352e+03
57.050000000000	-2.0607511375756e+03
57.080000000000	-2.0492726069077e+03
57.110000000000	-2.0372819730680e+03
57.140000000000	-2.0248007781032e+03
57.170000000000	-2.0118510222456e+03
57.200000000000	-1.9984551447997e+03
57.230000000000	-1.9846360046628e+03
57.260000000000	-1.9704168605053e+03
57.290000000000	-1.9558213506357e+03
57.320000000000	-1.9408734725758e+03
57.350000000000	-1.9255975623741e+03
57.380000000000	-1.9100182736823e+03
57.410000000000	-1.8941605566251e+03
57.440000000000	-1.8780496364881e+03
57.470000000000	-1.8617109922552e+03
57.500000000000	-1.8451703350210e+03
57.530000000000	-1.8284535863074e+03
57.560000000000	-1.8115868563115e+03
57.590000000000	-1.7945964221109e+03
57.620000000000	-1.7775087058493e+03
57.650000000000	-1.7603502529260e+03
57.680000000000	-1.7431477102061e+03
57.710000000000	-1.7259278042687e+03
57.740000000000	-1.7087173197025e+03
57.770000000000	-1.6915430774590e+03
57.800000000000	-1.6744319556601e+03
57.830000000000	-1.6574107920457e+03
57.860000000000	-1.6405063732163e+03
57.890000000000	-1.6237454501511e+03
57.920000000000	-1.6071547027843e+03
57.950000000000	-1.5907607186919e+03
57.980000000000	-1.5745899718194e+03
58.010000000000	-1.5586688012499e+03
58.040000000000	-1.5430233900132e+03
58.070000000000	-1.5276797439415e+03
58.100000000000	-1.5126636705809e+03
58.130000000000	-1.4980007581740e+03
58.160000000000	-1.4837163547335e+03
58.190000000000	-1.4698355472286e+03
58.220000000000	-1.4563831409168e+03
58.250000000000	-1.4433836388492e+03
58.280000000000	-1.4308612215865e+03
58.310000000000	-1.4188397271610e+03
58.340000000000	-1.4073426313209e+03
58.370000000000	-1.3963930280945e+03
58.400000000000	-1.3860136107061e+03
58.430000000000	-1.3762266528771e+03
58.460000000000	-1.3670539905395e+03
58.490000000000	-1.3585170039853e+03
58.520000000000	-1.3506366004708e+03
58.550000000000	-1.3434331972924e+03
58.580000000000	-1.3369267053413e+03
58.610000000000	-1.3311365131464e+03
58.640000000000	-1.3260814714061e+03
58.670000000000	-1.3217798780115e+03
58.700000000000	-1.3182494635578e+03
58.730000000000	-1.3155073773430e+03
58.760000000000	-1.3135701738504e+03
58.790000000000	-1.3124537997152e+03
58.820000000000	-1.3121735811719e+03
58.850000000000	-1.3127442119869e+03
58.880000000000	-1.3141797418776e+03
58.910000000000	-1.3164935654244e+03
58.940000000000	-1.3196984114816e+03
58.970000000000	-1.3238063330977e+03
59.000000000000	-1.3288286979545e+03
59.030000000000	-1.3347761793348e+03
59.060000000000	-1.3416587476332e+03
59.090000000000	-1.3494856624191e+03
59.120000000000	-1.3582654650643e+03
59.150000000000	-1.3680059719475e+03
59.180000000000	-1.3787142682461e+03
59.210000000000	-1.3903967023249e+03
59.240000000000	-1.4030588807343e+03
59.270000000000	-1.4167056638271e+03
59.300000000000	-1.4313411620035e+03
59.330000000000	-1.4469687325964e+03
59.360000000000	-1.4635909774059e+03
59.390000000000	-1.4812097408941e+03
59.420000000000	-1.4998261090486e+03
59.450000000000	-1.5194404089253e+03
59.480000000000	-1.5400522088762e+03
59.510000000000	-1.5616603194689e+03
59.540000000000	-1.5842627950996e+03
59.570000000000	-1.6078569362999e+03
59.600000000000	-1.6324392927335e+03
59.630000000000	-1.6580056668735e+03
59.660000000000	-1.6845511183492e+03
59.690000000000	-1.7120699689452e+03
59.720000000000	-1.7405558082323e+03
59.750000000000	-1.7700014998067e+03
59.780000000000	-1.8003991881099e+03
59.810000000000	-1.8317403058026e+03
59.840000000000	-1.8640155816614e+03
59.870000000000	-1.8972150489707e+03
59.900000000000	-1.9313280543819e+03
59.930000000000	-1.9663432672141e+03
59.960000000000	-2.0022486891747e+03
59.990000000000	-2.0390316644812e+03
60.020000000000	-2.0766788903707e+03
60.050000000000	-2.1151764279870e+03
60.080000000000	-2.1545097136410e+03
60.110000000000	-2.1946635704425e+03
60.140000000000	-2.2356222203081e+03
60.170000000000	-2.2773692963479e+03
60.200000000000	-2.3198878556416e+03
60.230000000000	-2.3631603924106e+03
60.260000000000	-2.4071688515950e+03
60.290000000000	-2.4518946428435e+03
60.320000000000	-2.4973186549202e+03
60.350000000000	-2.5434212705322e+03
60.380000000000	-2.5901823815752e+03
60.410000000000	-2.6375814047923e+03
60.440000000000	-2.6855972978371e+03
60.470000000000	-2.7342085757251e+03
60.500000000000	-2.7833933276579e+03
60.530000000000	-2.8331292341960e+03
60.560000000000	-2.8833935847575e+03
60.590000000000	-2.9341632954140e+03
60.620000000000	-2.9854149269570e+03
60.650000000000	-3.0371247032055e+03
60.680000000000	-3.0892685295254e+03
60.710000000000	-3.1418220115348e+03
60.740000000000	-3.1947604739691e+03
60.770000000000	-3.2480589796818e+03
60.800000000000	-3.3016923487606e+03
60.830000000000	-3.3556351777401e+03
60.860000000000	-3.4098618588941e+03
60.890000000000	-3.4643465995937e+03
60.920000000000	-3.5190634417185e+03
60.950000000000	-3.5739862811085e+03
60.980000000000	-3.6290888870469e+03
61.010000000000	-3.6843449217626e+03
61.040000000000	-3.7397279599424e+03
61.070000000000	-3.7952115082421e+03
61.100000000000	-3.8507690247857e+03
61.130000000000	-3.9063739386415e+03
61.160000000000	-3.9619996692648e+03
61.190000000000	-4.0176196458955e+03
61.220000000000	-4.0732073269015e+03
61.250000000000	-4.1287362190569e+03
61.280000000000	-4.1841798967477e+03
61.310000000000	-4.2395120210964e+03
61.340000000000	-4.2947063589988e+03
61.370000000000	-4.3497368020672e+03
61.400000000000	-4.4045773854734e+03
61.430000000000	-4.4592023066855e+03
61.460000000000	-4.5135859440922e+03
61.490000000000	-4.5677028755047e+03
61.520000000000	-4.6215278965275e+03
61.550000000000	-4.6750360387839e+03
61.580000000000	-4.7282025879806e+03
61.610000000000	-4.7810031017921e+03
61.640000000000	-4.8334134275428e+03
61.670000000000	-4.8854097196603e+03
61.700000000000	-4.9369684568724e+03
61.730000000000	-4.9880664591174e+03
61.760000000000	-5.0386809041348e+03
61.790000000000	-5.0887893437053e+03
61.820000000000	-5.1383697195069e+03
61.850000000000	-5.1874003785585e+03
61.880000000000	-5.2358600882200e+03
61.910000000000	-5.2837280507272e+03
61.940000000000	-5.3309839172381e+03
61.970000000000	-5.3776078013741e+03
62.000000000000	-5.4235802922461e+03
62.030000000000	-5.4688824669551e+03
62.060000000000	-5.5134959025680e+03
62.090000000000	-5.5574026875674e+03
62.120000000000	-5.6005854327729e+03
62.150000000000	-5.6430272817588e+03
62.180000000000	-5.6847119208472e+03
62.210000000000	-5.7256235884474e+03
62.240000000000	-5.7657470840500e+03
62.270000000000	-5.8050677767227e+03
62.300000000000	-5.8435716131553e+03
62.330000000000	-5.8812451252621e+03
62.360000000000	-5.9180754373484e+03
62.390000000000	-5.9540502728450e+03
62.420000000000	-5.9891579606092e+03
62.450000000000	-6.0233874407915e+03
62.480000000000	-6.0567282702600e+03
62.510000000000	-6.0891706275745e+03
62.540000000000	-6.1207053174989e+03
62.570000000000	-6.1513237750383e+03
62.600000000000	-6.1810180689895e+03
62.630000000000	-6.2097809049886e+03
62.660000000000	-6.2376056280461e+03
62.690000000000	-6.2644862245548e+03
62.720000000000	-6.2904173237647e+03
62.750000000000	-6.3153941987163e+03
62.780000000000	-6.3394127666281e+03
62.810000000000	-6.3624695887396e+03
62.840000000000	-6.3845618696082e+03
62.870000000000	-6.4056874558672e+03
62.900000000000	-6.4258448344488e+03
62.930000000000	-6.4450331302809e+03
62.960000000000	-6.4632521034668e+03
62.990000000000	-6.4805021459561e+03
63.020000000000	-6.4967842777181e+03
63.050000000000	-6.5121001424258e+03
63.080000000000	-6.5264520026614e+03
63.110000000000	-6.5398427346520e+03
63.140000000000	-6.5522758225451e+03
63.170000000000	-6.5637553522334e+03
63.200000000000	-6.5742860047395e+03
63.230000000000	-6.5838730491709e+03
63.260000000000	-6.5925223352580e+03
63.290000000000	-6.6002402854894e+03
63.320000000000	-6.6070338868573e+03
63.350000000000	-6.6129106822332e+03
63.380000000000	-6.6178787613879e+03
63.410000000000	-6.6219467516776e+03
63.440000000000	-6.6251238084130e+03
63.470000000000	-6.6274196049312e+03
63.500000000000	-6.6288443223881e+03
63.530000000000	-6.6294086392874e+03
63.560000000000	-6.6291237207596e+03
63.590000000000	-6.6280012076026e+03
63.620000000000	-6.6260532050927e+03
63.650000000000	-6.6232922715686e+03
63.680000000000	-6.6197314067913e+03
63.710000000000	-6.6153840400782e+03
63.740000000000	-6.6102640182053e+03
63.770000000000	-6.6043855930735e+03
63.800000000000	-6.5977634091287e+03
63.830000000000	-6.5904124905301e+03
63.860000000000	-6.5823482280574e+03
63.890000000000	-6.5735863657507e+03
63.920000000000	-6.5641429872809e+03
63.950000000000	-6.5540345020479e+03
63.980000000000	-6.5432776310101e+03
64.010000000000	-6.5318893922518e+03
64.040000000000	-6.5198870862990e+03
64.070000000000	-6.5072882812007e+03
64.100000000000	-6.4941107973915e+03
64.130000000000	-6.4803726923627e+03
64.160000000000	-6.4660922451647e+03
64.190000000000	-6.4512879407721e+03
64.220000000000	-6.4359784543407e+03
64.250000000000	-6.4201826353886e+03
64.280000000000	-6.4039194919334e+03
64.310000000000	-6.3872081746157e+03
64.340000000000	-6.3700679608391e+03
64.370000000000	-6.3525182389530e+03
64.400000000000	-6.3345784925030e+03
64.430000000000	-6.3162682845688e+03
64.460000000000	-6.2976072422072e+03
64.490000000000	-6.2786150410129e+03
64.520000000000	-6.2593113898068e+03
64.550000000000	-6.2397160154574e+03
64.580000000000	-6.2198486478385e+03
64.610000000000	-6.1997290049244e+03
64.640000000000	-6.1793767780204e+03
64.670000000000	-6.1588116171279e+03
64.700000000000	-6.1380531164413e+03
64.730000000000	-6.1171207999769e+03
64.760000000000	-6.0960341073325e+03
64.790000000000	-6.0748123795814e+03
64.820000000000	-6.0534748453043e+03
64.850000000000	-6.0320406067668e+03
64.880000000000	-6.0105286262518e+03
64.910000000000	-5.9889577125582e+03
64.940000000000	-5.9673465076805e+03
64.970000000000	-5.9457134736816e+03
65.000000000000	-5.9240768797779e+03
65.030000000000	-5.9024547896482e+03
65.060000000000	-5.8808650489856e+03
65.090000000000	-5.8593252733025e+03
65.120000000000	-5.8378528360055e+03
65.150000000000	-5.8164648567487e+03
65.180000000000	-5.7951781900773e+03
65.210000000000	-5.7740094143702e+03
65.240000000000	-5.7529748210891e+03
65.270000000000	-5.7320904043422e+03
65.300000000000	-5.7113718507702e+03
65.330000000000	-5.6908345297616e+03
65.360000000000	-5.6704934840071e+03
65.390000000000	-5.6503634204022e+03
65.420000000000	-5.6304587013083e+03
65.450000000000	-5.6107933361852e+03
65.480000000000	-5.5913809736060e+03
65.510000000000	-5.5722348936691e+03
65.540000000000	-5.5533680008178e+03
65.570000000000	-5.5347928170817e+03
65.600000000000	-5.5165214757485e+03
65.630000000000	-5.4985657154753e+03
65.660000000000	-5.4809368748445e+03
65.690000000000	-5.4636458873678e+03
65.720000000000	-5.4467032769352e+03
65.750000000000	-5.4301191537063e+03
65.780000000000	-5.4139032104343e+03
65.810000000000	-5.3980647192122e+03
65.840000000000	-5.3826125286261e+03
65.870000000000	-5.3675550613001e+03
65.900000000000	-5.3529003118145e+03
65.930000000000	-5.3386558449794e+03
65.960000000000	-5.3248287944440e+03
65.990000000000	-5.3114258616268e+03
66.020000000000	-5.2984533149492e+03
66.050000000000	-5.2859169893598e+03
66.080000000000	-5.2738222861394e+03
66.110000000000	-5.2621741729786e+03
66.140000000000	-5.2509771843255e+03
66.170000000000	-5.2402354220004e+03
66.200000000000	-5.2299525560820e+03
66.230000000000	-5.2201318260697e+03
66.260000000000	-5.2107760423289e+03
66.290000000000	-5.2018875878295e+03
66.320000000000	-5.1934684201876e+03
66.350000000000	-5.1855200740224e+03
66.380000000000	-5.1780436636385e+03
66.410000000000	-5.1710398860451e+03
66.440000000000	-5.1645090243187e+03
66.470000000000	-5.1584509512919e+03
66.500000000000	-5.1528651337002e+03
66.530000000000	-5.1477506365488e+03
66.560000000000	-5.1431061279021e+03
66.590000000000	-5.1389298840259e+03
66.620000000000	-5.1352197948629e+03
66.650000000000	-5.1319733698372e+03
66.680000000000	-5.1291877439750e+03
66.710000000000	-5.1268596843216e+03
66.740000000000	-5.1249855966384e+03
66.770000000000	-5.1235615323573e+03
66.800000000000	-5.1225831957745e+03
66.830000000000	-5.1220459514614e+03
66.860000000000	-5.1219448318746e+03
66.890000000000	-5.1222745451463e+03
66.920000000000	-5.1230294830405e+03
66.950000000000	-5.1242037290603e+03
66.980000000000	-5.1257910666960e+03
67.010000000000	-5.1277849878052e+03
67.040000000000	-5.1301787011187e+03
67.070000000000	-5.1329651408655e+03
67.100000000000	-5.1361369755165e+03
67.130000000000	-5.1396866166395e+03
67.160000000000	-5.1436062278670e+03
67.190000000000	-5.1478877339695e+03
67.220000000000	-5.1525228300320e+03
67.250000000000	-5.1575029907278e+03
67.280000000000	-5.1628194796818e+03
67.310000000000	-5.1684633589163e+03
67.340000000000	-5.1744254983689e+03
67.370000000000	-5.1806965854735e+03
67.400000000000	-5.1872671347934e+03
67.430000000000	-5.1941274976966e+03
67.460000000000	-5.2012678720638e+03
67.490000000000	-5.2086783120219e+03
67.520000000000	-5.2163487376945e+03
67.550000000000	-5.2242689449662e+03
67.580000000000	-5.2324286152560e+03
67.610000000000	-5.2408173252991e+03
67.640000000000	-5.2494245569363e+03
67.670000000000	-5.2582397069105e+03
67.700000000000	-5.2672520966724e+03
67.730000000000	-5.2764509821943e+03
67.760000000000	-5.2858255637905e+03
67.790000000000	-5.2953649959431e+03
67.820000000000	-5.3050583971268e+03
67.850000000000	-5.3148948596247e+03
67.880000000000	-5.3248634593251e+03
67.910000000000	-5.3349532654853e+03
67.940000000000	-5.3451533504449e+03
67.970000000000	-5.3554527992696e+03
68.000000000000	-5.3658407193047e+03
68.030000000000	-5.3763062496135e+03
68.060000000000	-5.3868385702778e+03
68.090000000000	-5.3974269115367e+03
68.120000000000	-5.4080605627380e+03
68.150000000000	-5.4187288810836e+03
68.180000000000	-5.4294213001448e+03
68.210000000000	-5.4401273381336e+03
68.240000000000	-5.4508366059133e+03
68.270000000000	-5.4615388147377e+03
68.300000000000	-5.4722237837128e+03
68.330000000000	-5.4828814469746e+03
68.360000000000	-5.4935018605853e+03
68.390000000000	-5.5040752091472e+03
68.420000000000	-5.5145918121434e+03
68.450000000000	-5.5250421300099e+03
68.480000000000	-5.5354167699509e+03
68.510000000000	-5.5457064915073e+03
68.540000000000	-5.5559022118911e+03
68.570000000000	-5.5659950110962e+03
68.600000000000	-5.5759761367983e+03
68.630000000000	-5.5858370090542e+03
68.660000000000	-5.5955692248084e+03
68.690000000000	-5.6051645622152e+03
68.720000000000	-5.6146149847801e+03
68.750000000000	-5.6239126453233e+03
68.780000000000	-5.6330498897637e+03
68.810000000000	-5.6420192607208e+03
68.840000000000	-5.6508135009288e+03
68.870000000000	-5.6594255564540e+03
68.900000000000	-5.6678485797060e+03
68.930000000000	-5.6760759322309e+03
68.960000000000	-5.6841011872756e+03
68.990000000000	-5.6919181321094e+03
69.020000000000	-5.6995207700926e+03
69.050000000000	-5.7069033224820e+03
69.080000000000	-5.7140602299636e+03
69.110000000000	-5.7209861539087e+03
69.140000000000	-5.7276759773481e+03
69.170000000000	-5.7341248056649e+03
69.200000000000	-5.7403279670072e+03
69.230000000000	-5.7462810124262e+03
69.260000000000	-5.7519797157455e+03
69.290000000000	-5.7574200731701e+03
69.320000000000	-5.7625983026438e+03
69.350000000000	-5.7675108429654e+03
69.380000000000	-5.7721543526717e+03
69.410000000000	-5.7765257086969e+03
69.440000000000	-5.7806220048149e+03
69.470000000000	-5.7844405498709e+03
69.500000000000	-5.7879788658078e+03
69.530000000000	-5.7912346854899e+03
69.560000000000	-5.7942059503274e+03
69.590000000000	-5.7968908077036e+03
69.620000000000	-5.7992876082080e+03
69.650000000000	-5.8013949026772e+03
69.680000000000	-5.8032114390488e+03
69.710000000000	-5.8047361590339e+03
69.740000000000	-5.8059681946149e+03
69.770000000000	-5.8069068643798e+03
69.800000000000	-5.8075516697028e+03
69.830000000000	-5.8079022907868e+03
69.860000000000	-5.8079585825806e+03
69.890000000000	-5.8077205705878e+03
69.920000000000	-5.8071884465831e+03
69.950000000000	-5.8063625642517e+03
69.980000000000	-5.8052434347664e+03
70.010000000000	-5.8038317223158e+03
70.040000000000	-5.8021282395935e+03
70.070000000000	-5.8001339432570e+03
70.100000000000	-5.7978499293618e+03
70.130000000000	-5.7952774287714e+03
70.160000000000	-5.7924178025445e+03
70.190000000000	-5.7892725372937e+03
70.220000000000	-5.7858432405119e+03
70.250000000000	-5.7821316358573e+03
70.280000000000	-5.7781395583887e+03
70.310000000000	-5.7738689497425e+03
70.340000000000	-5.7693218532413e+03
70.370000000000	-5.7645004089262e+03
70.400000000000	-5.7594068485061e+03
70.430000000000	-5.7540434902189e+03
70.460000000000	-5.7484127336023e+03
70.490000000000	-5.7425170541735e+03
70.520000000000	-5.7363589980219e+03
70.550000000000	-5.7299411763193e+03
70.580000000000	-5.7232662597580e+03
70.610000000000	-5.7163369729257e+03
70.640000000000	-5.7091560886330e+03
70.670000000000	-5.7017264222080e+03
70.700000000000	-5.6940508257760e+03
70.730000000000	-5.6861321825420e+03
70.760000000000	-5.6779734010970e+03
70.790000000000	-5.6695774097543e+03
70.820000000000	-5.6609471509719e+03
70.850000000000	-5.6520855758763e+03
70.880000000000	-5.6429956387941e+03
70.910000000000	-5.6336802919779e+03
70.940000000000	-5.6241424804386e+03
70.970000000000	-5.6143851369167e+03
71.000000000000	-5.6044111770032e+03
71.030000000000	-5.5942234944168e+03
71.060000000000	-5.5838249564399e+03
71.090000000000	-5.5732183995151e+03
71.120000000000	-5.5624066250010e+03
71.150000000000	-5.5513923950818e+03
71.180000000000	-5.5401784288262e+03
71.210000000000	-5.5287673983883e+03
71.240000000000	-5.5171619253414e+03
71.270000000000	-5.5053645771385e+03
71.300000000000	-5.4933778636902e+03
71.330000000000	-5.4812042340549e+03
71.360000000000	-5.4688460732362e+03
71.390000000000	-5.4563056990850e+03
71.420000000000	-5.4435853593062e+03
71.450000000000	-5.4306872285719e+03
71.480000000000	-5.4176134057460e+03
71.510000000000	-5.4043659112259e+03
71.540000000000	-5.3909466844106e+03
71.570000000000	-5.3773575813029e+03
71.600000000000	-5.3636003722556e+03
71.630000000000	-5.3496767398713e+03
71.660000000000	-5.3355882770632e+03
71.690000000000	-5.3213364852845e+03
71.720000000000	-5.3069227729303e+03
71.750000000000	-5.2923484539171e+03
71.780000000000	-5.2776147464393e+03
71.810000000000	-5.2627227719025e+03
71.840000000000	-5.2476735540319e+03
71.870000000000	-5.2324680181523e+03
71.900000000000	-5.2171069906356e+03
71.930000000000	-5.2015911985131e+03
71.960000000000	-5.1859212692478e+03
71.990000000000	-5.1700977306674e+03
72.020000000000	-5.1541210110551e+03
72.050000000000	-5.1379914394005e+03
72.080000000000	-5.1217092458140e+03
72.110000000000	-5.1052745621087e+03
72.140000000000	-5.0886874225565e+03
72.170000000000	-5.0719477648247e+03
72.200000000000	-5.0550554311009e+03
72.230000000000	-5.0380101694140e+03
72.260000000000	-5.0208116351562e+03
72.290000000000	-5.0034593928129e+03
72.320000000000	-4.9859529179018e+03
72.350000000000	-4.9682915991226e+03
72.380000000000	-4.9504747407153e+03
72.410000000000	-4.9325015650215e+03
72.440000000000	-4.9143712152409e+03
72.470000000000	-4.8960827583719e+03
72.500000000000	-4.8776351883242e+03
72.530000000000	-4.8590274291863e+03
72.560000000000	-4.8402583386322e+03
72.590000000000	-4.8213267114485e+03
72.620000000000	-4.8022312831646e+03
72.650000000000	-4.7829707337659e+03
72.680000000000	-4.7635436914748e+03
72.710000000000	-4.7439487365815e+03
72.740000000000	-4.7241844053108e+03
72.770000000000	-4.7042491937129e+03
72.800000000000	-4.6841415615671e+03
72.830000000000	-4.6638599362916e+03
72.860000000000	-4.6434027168533e+03
72.890000000000	-4.6227682776757e+03
72.920000000000	-4.6019549725432e+03
72.950000000000	-4.5809611385037e+03
72.980000000000	-4.5597850997727e+03
73.010000000000	-4.5384251716425e+03
73.040000000000	-4.5168796644031e+03
73.070000000000	-4.4951468872808e+03
73.100000000000	-4.4732251523999e+03
73.130000000000	-4.4511127787761e+03
73.160000000000	-4.4288080963460e+03
73.190000000000	-4.4063094500394e+03
73.220000000000	-4.3836152038985e+03
73.250000000000	-4.3607237452463e+03
73.280000000000	-4.3376334889075e+03
73.310000000000	-4.3143428814794e+03
73.340000000000	-4.2908504056520e+03
73.370000000000	-4.2671545845713e+03
73.400000000000	-4.2432539862394e+03
73.430000000000	-4.2191472279424e+03
73.460000000000	-4.1948329806941e+03
73.490000000000	-4.1703099736825e+03
73.520000000000	-4.1455769987053e+03
73.550000000000	-4.1206329145773e+03
73.580000000000	-4.0954766514952e+03
73.610000000000	-4.0701072153422e+03
73.640000000000	-4.0445236919185e+03
73.670000000000	-4.0187252510830e+03
73.700000000000	-3.9927111507931e+03
73.730000000000	-3.9664807410348e+03
73.760000000000	-3.9400334676330e+03
73.790000000000	-3.9133688759377e+03
73.820000000000	-3.8864866143846e+03
73.850000000000	-3.8593864379283e+03
73.880000000000	-3.8320682113495e+03
73.910000000000	-3.8045319124403e+03
73.940000000000	-3.7767776350699e+03
73.970000000000	-3.7488055921352e+03
74.000000000000	-3.7206161183989e+03
74.030000000000	-3.6922096732181e+03
74.060000000000	-3.6635868431638e+03
74.090000000000	-3.6347483445301e+03
74.120000000000	-3.6056950257326e+03
74.150000000000	-3.5764278695882e+03
74.180000000000	-3.5469479954751e+03
74.210000000000	-3.5172566613625e+03
74.240000000000	-3.4873552657053e+03
74.270000000000	-3.4572453491962e+03
74.300000000000	-3.4269285963675e+03
74.330000000000	-3.3964068370397e+03
74.360000000000	-3.3656820476110e+03
74.390000000000	-3.3347563521867e+03
74.420000000000	-3.3036320235495e+03
74.450000000000	-3.2723114839725e+03
74.480000000000	-3.2407973058796e+03
74.510000000000	-3.2090922123597e+03
74.540000000000	-3.1771990775424e+03
74.570000000000	-3.1451209268434e+03
74.600000000000	-3.1128609370884e+03
74.630000000000	-3.0804224365235e+03
74.660000000000	-3.0478089047208e+03
74.690000000000	-3.0150239723830e+03
74.720000000000	-2.9820714210536e+03
74.750000000000	-2.9489551827327e+03
74.780000000000	-2.9156793393994e+03
74.810000000000	-2.8822481224374e+03
74.840000000000	-2.8486659119587e+03
74.870000000000	-2.8149372360180e+03
74.900000000000	-2.7810667697098e+03
74.930000000000	-2.7470593341360e+03
74.960000000000	-2.7129198952334e+03
74.990000000000	-2.6786535624495e+03
75.020000000000	-2.6442655872543e+03
75.050000000000	-2.6097613614765e+03
75.080000000000	-2.5751464154552e+03
75.110000000000	-2.5404264159965e+03
75.140000000000	-2.5056071641056e+03
75.170000000000	-2.4706945926073e+03
75.200000000000	-2.4356947634289e+03
75.230000000000	-2.4006138647475e+03
75.260000000000	-2.3654582079239e+03
75.290000000000	-2.3302342242316e+03
75.320000000000	-2.2949484613919e+03
75.350000000000	-2.2596075799238e+03
75.380000000000	-2.2242183493204e+03
75.410000000000	-2.1887876440608e+03
75.440000000000	-2.1533224394743e+03
75.470000000000	-2.1178298074685e+03
75.500000000000	-2.0823169121360e+03
75.530000000000	-2.0467910052568e+03
75.560000000000	-2.0112594217080e+03
75.590000000000	-1.9757295747976e+03
75.620000000000	-1.9402089515362e+03
75.650000000000	-1.9047051078576e+03
75.680000000000	-1.8692256638019e+03
75.710000000000	-1.8337782986703e+03
75.740000000000	-1.7983707461598e+03
75.770000000000	-1.7630107894837e+03
75.800000000000	-1.7277062564832e+03
75.830000000000	-1.6924650147303e+03
75.860000000000	-1.6572949666234e+03
75.890000000000	-1.6222040444723e+03
75.920000000000	-1.5872002055683e+03
75.950000000000	-1.5522914272353e+03
75.980000000000	-1.5174857018546e+03
76.010000000000	-1.4827910318566e+03
76.040000000000	-1.4482154246732e+03
76.070000000000	-1.4137668876457e+03
76.100000000000	-1.3794534228827e+03
76.130000000000	-1.3452830220664e+03
76.160000000000	-1.3112636612064e+03
76.190000000000	-1.2774032953441e+03
76.220000000000	-1.2437098532111e+03
76.250000000000	-1.2101912318497e+03
76.280000000000	-1.1768552912040e+03
76.310000000000	-1.1437098486942e+03
76.340000000000	-1.1107626737838e+03
76.370000000000	-1.0780214825551e+03
76.400000000000	-1.0454939323039e+03
76.430000000000	-1.0131876161665e+03
76.460000000000	-9.8111005778946e+02
76.490000000000	-9.4926870605109e+02
76.520000000000	-9.1767092984254e+02
76.550000000000	-8.8632401291285e+02
76.580000000000	-8.5523514878171e+02
76.610000000000	-8.2441143572100e+02
76.640000000000	-7.9385987180541e+02
76.670000000000	-7.6358735003104e+02
76.700000000000	-7.3360065350114e+02
76.730000000000	-7.0390645067788e+02
76.760000000000	-6.7451129070007e+02
76.790000000000	-6.4542159876840e+02
76.820000000000	-6.1664367160068e+02
76.850000000000	-5.8818367296212e+02
76.880000000000	-5.6004762927735e+02
76.910000000000	-5.3224142533273e+02
76.940000000000	-5.0477080007951e+02
76.970000000000	-4.7764134254901e+02
77.000000000000	-4.5085848789260e+02
77.030000000000	-4.2442751355911e+02
77.060000000000	-3.9835353562215e+02
77.090000000000	-3.7264150526897e+02
77.120000000000	-3.4729620546138e+02
77.150000000000	-3.2232224777706e+02
77.180000000000	-2.9772406943803e+02
77.210000000000	-2.7350593052984e+02
77.240000000000	-2.4967191141312e+02
77.270000000000	-2.2622591032644e+02
77.300000000000	-2.0317164117670e+02
77.330000000000	-1.8051263151113e+02
77.360000000000	-1.5825222066331e+02
77.390000000000	-1.3639355806356e+02
77.420000000000	-1.1493960170340e+02
77.450000000000	-9.3893116743038e+01
77.480000000000	-7.3256674250502e+01
77.510000000000	-5.3032650061812e+01
77.540000000000	-3.3223223752119e+01
77.570000000000	-1.3830377708878e+01
77.600000000000	5.1441037001320e+00
77.630000000000	2.3698634869646e+01
77.660000000000	4.1831829614304e+01
77.690000000000	5.9542501742530e+01
77.720000000000	7.6829665546820e+01
77.750000000000	9.3692536208697e+01
77.780000000000	1.1013053011496e+02
77.810000000000	1.2614326508042e+02
77.840000000000	1.4173056047126e+02
77.870000000000	1.5689243722198e+02
77.900000000000	1.7162911773848e+02
77.930000000000	1.8594102567909e+02
77.960000000000	1.9982878560545e+02
77.990000000000	2.1329322249474e+02
78.020000000000	2.2633536110508e+02
78.050000000000	2.3895642518656e+02
78.080000000000	2.5115783653045e+02
78.110000000000	2.6294121385018e+02
78.140000000000	2.7430837148882e+02
78.170000000000	2.8526131794853e+02
78.200000000000	2.9580225423950e+02
78.230000000000	3.0593357204695e+02
78.260000000000	3.1565785171699e+02
78.290000000000	3.2497786006383e+02
78.320000000000	3.3389654800319e+02
78.350000000000	3.4241704801839e+02
78.380000000000	3.5054267146798e+02
78.410000000000	3.5827690574517e+02
78.440000000000	3.6562341130108e+02
78.470000000000	3.7258601854467e+02
78.500000000000	3.7916872463305e+02
78.530000000000	3.8537569016565e+02
78.560000000000	3.9121123579551e+02
78.590000000000	3.9667983876980e+02
78.620000000000	4.0178612941003e+02
78.650000000000	4.0653488754081e+02
78.680000000000	4.1093103887335e+02
78.710000000000	4.1497965134786e+02
78.740000000000	4.1868593143656e+02
78.770000000000	4.2205522040671e+02
78.800000000000	4.2509299054160e+02
78.830000000000	4.2780484131557e+02
78.860000000000	4.3019649551889e+02
78.890000000000	4.3227379532766e+02
78.920000000000	4.3404269831484e+02
78.950000000000	4.3550927339892e+02
78.980000000000	4.3667969672883e+02
79.010000000000	4.3756024750505e+02
79.040000000000	4.3815730373921e+02
79.070000000000	4.3847733795628e+02
79.100000000000	4.3852691284539e+02
79.130000000000	4.3831267686704e+02
79.160000000000	4.3784135982535e+02
79.190000000000	4.3711976841477e+02
79.220000000000	4.3615478175071e+02
79.250000000000	4.3495334689302e+02
79.280000000000	4.3352247437021e+02
79.310000000000	4.3186923371084e+02
79.340000000000	4.3000074898684e+02
79.370000000000	4.2792419437139e+02
79.400000000000	4.2564678971217e+02
79.430000000000	4.2317579611872e+02
79.460000000000	4.2051851155917e+02
79.490000000000	4.1768226646981e+02
79.520000000000	4.1467441936551e+02
79.550000000000	4.1150235243837e+02
79.580000000000	4.0817346715671e+02
79.610000000000	4.0469517984789e+02
79.640000000000	4.0107491726385e+02
79.670000000000	3.9732011212674e+02
79.700000000000	3.9343819865397e+02
79.730000000000	3.8943660806367e+02
79.760000000000	3.8532276406362e+02
79.790000000000	3.8110407832893e+02
79.820000000000	3.7678794597529e+02
79.850000000000	3.7238174103694e+02
79.880000000000	3.6789281195956e+02
79.910000000000	3.6332847711992e+02
79.940000000000	3.5869602038479e+02
79.970000000000	3.5400268672222e+02
80.000000000000	3.4925567787835e+02
80.030000000000	3.4446214813260e+02
80.060000000000	3.3962920014358e+02
80.090000000000	3.3476388089674e+02
80.120000000000	3.2987317776372e+02
80.150000000000	3.2496401468190e+02
80.180000000000	3.2004324846056e+02
80.210000000000	3.1511766521879e+02
80.240000000000	3.1019397695832e+02
80.270000000000	3.0527881827251e+02
80.300000000000	3.0037874319152e+02
80.330000000000	2.9550022216189e+02
80.360000000000	2.9064963915770e+02
80.390000000000	2.8583328891905e+02
80.420000000000	2.8105737431323e+02
80.450000000000	2.7632800381251e+02
80.480000000000	2.7165118908260e+02
80.510000000000	2.6703284267496e+02
80.540000000000	2.6247877581607e+02
80.570000000000	2.5799469628662e+02
80.600000000000	2.5358620638350e+02
80.630000000000	2.4925880095766e+02
80.660000000000	2.4501786552121e+02
80.690000000000	2.4086867441727e+02
80.720000000000	2.3681638904715e+02
80.750000000000	2.3286605614974e+02
80.780000000000	2.2902260612927e+02
80.810000000000	2.2529085142865e+02
80.840000000000	2.2167548494703e+02
80.870000000000	2.1818107850164e+02
80.900000000000	2.1481208133567e+02
80.930000000000	2.1157281867551e+02
80.960000000000	2.0846749034216e+02
80.990000000000	2.0550016942329e+02
81.020000000000	2.0267480101308e+02
81.050000000000	1.9999520102841e+02
81.080000000000	1.9746505510977e+02
81.110000000000	1.9508791761543e+02
81.140000000000	1.9286721071680e+02
81.170000000000	1.9080622360181e+02
81.200000000000	1.8890811179128e+02
81.230000000000	1.8717589657187e+02
81.260000000000	1.8561246454640e+02
81.290000000000	1.8422056730049e+02
81.320000000000	1.8300282118185e+02
81.350000000000	1.8196170718670e+02
81.380000000000	1.8109957094576e+02
81.410000000000	1.8041862280123e+02
81.440000000000	1.7992093796507e+02
81.470000000000	1.7960845674913e+02
81.500000000000	1.7948298485760e+02
81.530000000000	1.7954619373374e+02
81.560000000000	1.7979962095399e+02
81.590000000000	1.8024467066447e+02
81.620000000000	1.8088261405677e+02
81.650000000000	1.8171458988235e+02
81.680000000000	1.8274160500617e+02
81.710000000000	1.8396453500233e+02
81.740000000000	1.8538412479546e+02
81.770000000000	1.8700098935219e+02
81.800000000000	1.8881561442749e+02
81.830000000000	1.9082835736985e+02
81.860000000000	1.9303944798868e+02
81.890000000000	1.9544898948569e+02
81.920000000000	1.9805695945018e+02
81.950000000000	2.0086321091659e+02
81.980000000000	2.0386747348023e+02
82.010000000000	2.0706935446522e+02
82.040000000000	2.1046834013719e+02
82.070000000000	2.1406379695135e+02
82.100000000000	2.1785497282582e+02
82.130000000000	2.2184099842925e+02
82.160000000000	2.2602088847169e+02
82.190000000000	2.3039354298783e+02
82.220000000000	2.3495774860257e+02
82.250000000000	2.3971217977004e+02
82.280000000000	2.4465539997845e+02
82.310000000000	2.4978586291505e+02
82.340000000000	2.5510191358742e+02
82.370000000000	2.6060178939913e+02
82.400000000000	2.6628362117998e+02
82.430000000000	2.7214543417295e+02
82.460000000000	2.7818514898182e+02
82.490000000000	2.8440058248501e+02
82.520000000000	2.9078944872259e+02
82.550000000000	2.9734935976440e+02
82.580000000000	3.0407782656804e+02
82.610000000000	3.1097225983566e+02
82.640000000000	3.1802997087878e+02
82.670000000000	3.2524817249951e+02
82.700000000000	3.3262397989642e+02
82.730000000000	3.4015441160194e+02
82.760000000000	3.4783639045699e+02
82.790000000000	3.5566674462742e+02
82.820000000000	3.6364220866502e+02
82.850000000000	3.7175942461458e+02
82.880000000000	3.8001494316697e+02
82.910000000000	3.8840522485665e+02
82.940000000000	3.9692664130102e+02
82.970000000000	4.0557547647775e+02
83.000000000000	4.1434792803548e+02
83.030000000000	4.2324010863255e+02
83.060000000000	4.3224804729796e+02
83.090000000000	4.4136769080839e+02
83.120000000000	4.5059490507526e+02
83.150000000000	4.5992547653524e+02
83.180000000000	4.6935511353822e+02
83.210000000000	4.7887944772664e+02
83.240000000000	4.8849403540024e+02
83.270000000000	4.9819435886064e+02
83.300000000000	5.0797582773047e+02
83.330000000000	5.1783378024189e+02
83.360000000000	5.2776348449031e+02
83.390000000000	5.3776013964905e+02
83.420000000000	5.4781887714204e+02
83.450000000000	5.5793476177207e+02
83.480000000000	5.6810279280355e+02
83.510000000000	5.7831790499986e+02
83.540000000000	5.8857496961660e+02
83.570000000000	5.9886879535404e+02
83.600000000000	6.0919412927332e+02
83.630000000000	6.1954565768258e+02
83.660000000000	6.2991800700078e+02
83.690000000000	6.4030574460822e+02
83.720000000000	6.5070337969352e+02
83.750000000000	6.6110536410781e+02
83.780000000000	6.7150609323640e+02
83.810000000000	6.8189990691449e+02
83.840000000000	6.9228109031581e+02
83.870000000000	7.0264387498314e+02
83.900000000000	7.1298243984656e+02
83.930000000000	7.2329091231286e+02
83.960000000000	7.3356336941314e+02
83.990000000000	7.4379383900799e+02
84.020000000000	7.5397630104784e+02
84.050000000000	7.6410468888430e+02
84.080000000000	7.7417289062683e+02
84.110000000000	7.8417475053800e+02
84.140000000000	7.9410407046040e+02
84.170000000000	8.0395461126857e+02
84.200000000000	8.1372009433989e+02
84.230000000000	8.2339420304001e+02
84.260000000000	8.3297058422001e+02
84.290000000000	8.4244284972460e+02
84.320000000000	8.5180457791269e+02
84.350000000000	8.6104931519398e+02
84.380000000000	8.7017057758677e+02
84.410000000000	8.7916185230410e+02
84.440000000000	8.8801659937598e+02
84.470000000000	8.9672825331641e+02
84.500000000000	9.0529022484336e+02
84.530000000000	9.1369590265978e+02
84.560000000000	9.2193865530220e+02
84.590000000000	9.3001183306220e+02
84.620000000000	9.3790876998416e+02
84.650000000000	9.4562278594065e+02
84.680000000000	9.5314718878499e+02
84.710000000000	9.6047527657837e+02
84.740000000000	9.6760033988734e+02
84.770000000000	9.7451566414608e+02
84.800000000000	9.8121453207668e+02
84.830000000000	9.8769022616009e+02
84.860000000000	9.9393603115012e+02
84.890000000000	9.9994523662311e+02
84.920000000000	1.0057111395563e+03
84.950000000000	1.0112270469291e+03
84.980000000000	1.0164862783417e+03
85.010000000000	1.0214821686489e+03
85.040000000000	1.0262080706050e+03
85.070000000000	1.0306573575223e+03
85.100000000000	1.0348234259409e+03
85.130000000000	1.0386996983159e+03
85.160000000000	1.0422796257232e+03
85.190000000000	1.0455566905922e+03
85.220000000000	1.0485244094690e+03
85.250000000000	1.0511763358196e+03
85.280000000000	1.0535060628808e+03
85.310000000000	1.0555072265644e+03
85.340000000000	1.0571735084268e+03
85.370000000000	1.0584986387078e+03
85.400000000000	1.0594763994479e+03
85.430000000000	1.0601006276896e+03
85.460000000000	1.0603652187667e+03
85.490000000000	1.0602641296871e+03
85.520000000000	1.0597913826100e+03
85.550000000000	1.0589410684184e+03
85.580000000000	1.0577073503880e+03
85.610000000000	1.0560844679484e+03
85.640000000000	1.0540667405358e+03
85.670000000000	1.0516485715321e+03
85.700000000000	1.0488244522855e+03
85.730000000000	1.0455889662077e+03
85.760000000000	1.0419367929407e+03
85.790000000000	1.0378627125878e+03
85.820000000000	1.0333616100005e+03
85.850000000000	1.0284284791156e+03
85.880000000000	1.0230584273339e+03
85.910000000000	1.0172466799343e+03
85.940000000000	1.0109885845144e+03
85.970000000000	1.0042796154508e+03
86.000000000000	9.9711537837072e+02
86.030000000000	9.8949161462640e+02
86.060000000000	9.8140420576490e+02
86.090000000000	9.7284917798448e+02
86.120000000000	9.6382270656985e+02
86.150000000000	9.5432112029816e+02
86.180000000000	9.4434090580897e+02
86.210000000000	9.3387871193116e+02
86.240000000000	9.2293135396149e+02
86.270000000000	9.1149581789028e+02
86.300000000000	8.9956926457104e+02
86.330000000000	8.8714903383250e+02
86.360000000000	8.7423264853277e+02
86.390000000000	8.6081781855691e+02
86.420000000000	8.4690244476073e+02
86.450000000000	8.3248462286427e+02
86.480000000000	8.1756264729958e+02
86.510000000000	8.0213501501758e+02
86.540000000000	7.8620042925876e+02
86.570000000000	7.6975780329168e+02
86.600000000000	7.5280626412248e+02
86.630000000000	7.3534515617669e+02
86.660000000000	7.1737404495310e+02
86.690000000000	6.9889272064690e+02
86.720000000000	6.7990120173741e+02
86.750000000000	6.6039973853292e+02
86.780000000000	6.4038881666374e+02
86.810000000000	6.1986916051197e+02
86.840000000000	5.9884173656578e+02
86.870000000000	5.7730775668487e+02
86.900000000000	5.5526868126348e+02
86.930000000000	5.3272622227814e+02
86.960000000000	5.0968234620778e+02
86.990000000000	4.8613927681575e+02
87.020000000000	4.6209949778526e+02
87.050000000000	4.3756575520148e+02
87.080000000000	4.1254105987655e+02
87.110000000000	3.8702868951533e+02
87.140000000000	3.6103219072227e+02
87.170000000000	3.3455538085119e+02
87.200000000000	3.0760234970105e+02
87.230000000000	2.8017746106143e+02
87.260000000000	2.5228535411162e+02
87.290000000000	2.2393094467672e+02
87.320000000000	1.9511942634297e+02
87.350000000000	1.6585627143338e+02
87.380000000000	1.3614723184299e+02
87.410000000000	1.0599833973093e+02
87.440000000000	7.5415908064787e+01
87.470000000000	4.4406531010594e+01
87.500000000000	1.2977084160316e+01
87.530000000000	-1.8865275412718e+01
87.560000000000	-5.1113109281443e+01
87.590000000000	-8.3758697986831e+01
87.620000000000	-1.1679404156546e+02
87.650000000000	-1.5021086029459e+02
87.680000000000	-1.8400059566520e+02
87.710000000000	-2.1815441159349e+02
87.740000000000	-2.5266319587917e+02
87.770000000000	-2.8751756191832e+02
87.800000000000	-3.2270785067629e+02
87.830000000000	-3.5822413292483e+02
87.860000000000	-3.9405621174551e+02
87.890000000000	-4.3019362529991e+02
87.920000000000	-4.6662564986512e+02
87.950000000000	-5.0334130313150e+02
87.980000000000	-5.4032934775794e+02
88.010000000000	-5.7757829517894e+02
88.040000000000	-6.1507640965569e+02
88.070000000000	-6.5281171256410e+02
88.100000000000	-6.9077198691025e+02
88.130000000000	-7.2894478205773e+02
88.160000000000	-7.6731741868555e+02
88.190000000000	-8.0587699393599e+02
88.220000000000	-8.4461038674214e+02
88.250000000000	-8.8350426336050e+02
88.280000000000	-9.2254508307873e+02
88.310000000000	-9.6171910409952e+02
88.340000000000	-1.0010123895964e+03
88.370000000000	-1.0404108139393e+03
88.400000000000	-1.0799000690889e+03
88.430000000000	-1.1194656711580e+03
88.460000000000	-1.1590929671411e+03
88.490000000000	-1.1987671418137e+03
88.520000000000	-1.2384732248008e+03
88.550000000000	-1.2781960978174e+03
88.580000000000	-1.3179205020817e+03
88.610000000000	-1.3576310459024e+03
88.640000000000	-1.3973122124406e+03
88.670000000000	-1.4369483676476e+03
88.700000000000	-1.4765237683772e+03
88.730000000000	-1.5160225706741e+03
88.760000000000	-1.5554288382366e+03
88.790000000000	-1.5947265510528e+03
88.820000000000	-1.6338996142101e+03
88.850000000000	-1.6729318668759e+03
88.880000000000	-1.7118070914490e+03
88.910000000000	-1.7505090228803e+03
88.940000000000	-1.7890213581596e+03
88.970000000000	-1.8273277659699e+03
89.000000000000	-1.8654118965033e+03
89.030000000000	-1.9032573914383e+03
89.060000000000	-1.9408478940729e+03
89.090000000000	-1.9781670596095e+03
89.120000000000	-2.0151985655861e+03
89.150000000000	-2.0519261224441e+03
89.180000000000	-2.0883334842256e+03
89.210000000000	-2.1244044593885e+03
89.240000000000	-2.1601229217267e+03
89.270000000000	-2.1954728213816e+03
89.300000000000	-2.2304381959302e+03
89.330000000000	-2.2650031815329e+03
89.360000000000	-2.2991520241247e+03
89.390000000000	-2.3328690906331e+03
89.420000000000	-2.3661388802060e+03
89.450000000000	-2.3989460354343e+03
89.480000000000	-2.4312753535554e+03
89.510000000000	-2.4631117976239e+03
89.540000000000	-2.4944405076408e+03
89.570000000000	-2.5252468116314e+03
89.600000000000	-2.5555162366661e+03
89.630000000000	-2.5852345198202e+03
89.660000000000	-2.6143876190704e+03
89.690000000000	-2.6429617241259e+03
89.720000000000	-2.6709432671952e+03
89.750000000000	-2.6983189336886e+03
89.780000000000	-2.7250756728545e+03
89.810000000000	-2.7512007083516e+03
89.840000000000	-2.7766815487518e+03
89.870000000000	-2.8015059979714e+03
89.900000000000	-2.8256621656248e+03
89.930000000000	-2.8491384772904e+03
89.960000000000	-2.8719236846816e+03
89.990000000000	-2.8940068757068e+03
90.020000000000	-2.9153774844074e+03
90.050000000000	-2.9360253007571e+03
90.080000000000	-2.9559404803055e+03
90.110000000000	-2.9751135536515e+03
90.140000000000	-2.9935354357284e+03
90.170000000000	-3.0111974348867e+03
90.200000000000	-3.0280912617591e+03
90.230000000000	-3.0442090378960e+03
90.260000000000	-3.0595433041593e+03
90.290000000000	-3.0740870288665e+03
90.320000000000	-3.0878336156768e+03
90.350000000000	-3.1007769112143e+03
90.380000000000	-3.1129112124228e+03
90.410000000000	-3.1242312736511e+03
90.440000000000	-3.1347323134659e+03
90.470000000000	-3.1444100211906e+03
90.500000000000	-3.1532605631698e+03
90.530000000000	-3.1612805887592e+03
90.560000000000	-3.1684672360379e+03
90.590000000000	-3.1748181372437e+03
90.620000000000	-3.1803314239287e+03
90.650000000000	-3.1850057318312e+03
90.680000000000	-3.1888402054633e+03
90.710000000000	-3.1918345024063e+03
90.740000000000	-3.1939887973117e+03
90.770000000000	-3.1953037855996e+03
90.800000000000	-3.1957806868487e+03
90.830000000000	-3.1954212478692e+03
90.860000000000	-3.1942277454505e+03
90.890000000000	-3.1922029887737e+03
90.920000000000	-3.1893503214797e+03
90.950000000000	-3.1856736233821e+03
90.980000000000	-3.1811773118138e+03
91.010000000000	-3.1758663425985e+03
91.040000000000	-3.1697462106335e+03
91.070000000000	-3.1628229500772e+03
91.100000000000	-3.1551031341295e+03
91.130000000000	-3.1465938743970e+03
91.160000000000	-3.1373028198367e+03
91.190000000000	-3.1272381552695e+03
91.220000000000	-3.1164085994611e+03
91.250000000000	-3.1048234027637e+03
91.280000000000	-3.0924923443181e+03
91.310000000000	-3.0794257288144e+03
91.340000000000	-3.0656343828105e+03
91.370000000000	-3.0511296506101e+03
91.400000000000	-3.0359233897024e+03
91.430000000000	-3.0200279657657e+03
91.460000000000	-3.0034562472383e+03
91.490000000000	-2.9862215994613e+03
91.520000000000	-2.9683378783972e+03
91.550000000000	-2.9498194239293e+03
91.580000000000	-2.9306810527470e+03
91.610000000000	-2.9109380508221e+03
91.640000000000	-2.8906061654833e+03
91.670000000000	-2.8697015970927e+03
91.700000000000	-2.8482409903330e+03
91.730000000000	-2.8262414251111e+03
91.760000000000	-2.8037204070863e+03
91.790000000000	-2.7806958578298e+03
91.820000000000	-2.7571861046250e+03
91.850000000000	-2.7332098699164e+03
91.880000000000	-2.7087862604164e+03
91.910000000000	-2.6839347558783e+03
91.940000000000	-2.6586751975453e+03
91.970000000000	-2.6330277762836e+03
92.000000000000	-2.6070130204080e+03
92.030000000000	-2.5806517832078e+03
92.060000000000	-2.5539652301790e+03
92.090000000000	-2.5269748259707e+03
92.120000000000	-2.4997023210470e+03
92.150000000000	-2.4721697380722e+03
92.180000000000	-2.4443993580187e+03
92.210000000000	-2.4164137060009e+03
92.240000000000	-2.3882355368367e+03
92.270000000000	-2.3598878203357e+03
92.300000000000	-2.3313937263170e+03
92.330000000000	-2.3027766093566e+03
92.360000000000	-2.2740599932663e+03
92.390000000000	-2.2452675553090e+03
92.420000000000	-2.2164231101542e+03
92.450000000000	-2.1875505935801e+03
92.480000000000	-2.1586740459275e+03
92.510000000000	-2.1298175953605e+03
92.540000000000	-2.1010054408463e+03
92.570000000000	-2.0722618349814e+03
92.600000000000	-2.0436110666236e+03
92.630000000000	-2.0150774433637e+03
92.660000000000	-1.9866852738560e+03
92.690000000000	-1.9584588500308e+03
92.720000000000	-1.9304224292103e+03
92.750000000000	-1.9026002161475e+03
92.780000000000	-1.8750163450104e+03
92.810000000000	-1.8476948613273e+03
92.840000000000	-1.8206597039115e+03
92.870000000000	-1.7939346867786e+03
92.900000000000	-1.7675434810685e+03
92.930000000000	-1.7415095969827e+03
92.960000000000	-1.7158563657457e+03
92.990000000000	-1.6906069215950e+03
93.020000000000	-1.6657841838091e+03
93.050000000000	-1.6414108387761e+03
93.080000000000	-1.6175093221094e+03
93.110000000000	-1.5941018008175e+03
93.140000000000	-1.5712101555334e+03
93.170000000000	-1.5488559628131e+03
93.200000000000	-1.5270604775132e+03
93.230000000000	-1.5058446152594e+03
93.260000000000	-1.4852289350196e+03
93.290000000000	-1.4652336217976e+03
93.320000000000	-1.4458784694639e+03
93.350000000000	-1.4271828637419e+03
93.380000000000	-1.4091657653701e+03
93.410000000000	-1.3918456934591e+03
93.440000000000	-1.3752407090644e+03
93.470000000000	-1.3593683989959e+03
93.500000000000	-1.3442458598836e+03
93.530000000000	-1.3298896825198e+03
93.560000000000	-1.3163159364967e+03
93.590000000000	-1.3035401551572e+03
93.620000000000	-1.2915773208761e+03
93.650000000000	-1.2804418506878e+03
93.680000000000	-1.2701475822743e+03
93.710000000000	-1.2607077603280e+03
93.740000000000	-1.2521350233011e+03
93.770000000000	-1.2444413905511e+03
93.800000000000	-1.2376382498945e+03
93.830000000000	-1.2317363455745e+03
93.860000000000	-1.2267457666514e+03
93.890000000000	-1.2226759358215e+03
93.920000000000	-1.2195355986699e+03
93.950000000000	-1.2173328133610e+03
93.980000000000	-1.2160749407710e+03
94.010000000000	-1.2157686350668e+03
94.040000000000	-1.2164198347329e+03
94.070000000000	-1.2180337540506e+03
94.100000000000	-1.2206148750333e+03
94.130000000000	-1.2241669398215e+03
94.160000000000	-1.2286929435410e+03
94.190000000000	-1.2341951276310e+03
94.220000000000	-1.2406749736467e+03
94.250000000000	-1.2481331975420e+03
94.280000000000	-1.2565697444404e+03
94.310000000000	-1.2659837839006e+03
94.340000000000	-1.2763737056840e+03
94.370000000000	-1.2877371160327e+03
94.400000000000	-1.3000708344648e+03
94.430000000000	-1.3133708910957e+03
94.460000000000	-1.3276325244915e+03
94.490000000000	-1.3428501800637e+03
94.520000000000	-1.3590175090084e+03
94.550000000000	-1.3761273678006e+03
94.580000000000	-1.3941718182444e+03
94.610000000000	-1.4131421280882e+03
94.640000000000	-1.4330287722070e+03
94.670000000000	-1.4538214343562e+03
94.700000000000	-1.4755090095021e+03
94.730000000000	-1.4980796067294e+03
94.760000000000	-1.5215205527325e+03
94.790000000000	-1.5458183958895e+03
94.820000000000	-1.5709589109239e+03
94.850000000000	-1.5969271041552e+03
94.880000000000	-1.6237072193402e+03
94.910000000000	-1.6512827441063e+03
94.940000000000	-1.6796364169783e+03
94.970000000000	-1.7087502349978e+03
95.000000000000	-1.7386054619357e+03
95.030000000000	-1.7691826370957e+03
95.060000000000	-1.8004615847053e+03
95.090000000000	-1.8324214238910e+03
95.120000000000	-1.8650405792320e+03
95.150000000000	-1.8982967918842e+03
95.180000000000	-1.9321671312659e+03
95.210000000000	-1.9666280072952e+03
95.240000000000	-2.0016551831663e+03
95.270000000000	-2.0372237886512e+03
95.300000000000	-2.0733083339131e+03
95.330000000000	-2.1098827238150e+03
95.360000000000	-2.1469202727089e+03
95.390000000000	-2.1843937196894e+03
95.420000000000	-2.2222752442960e+03
95.450000000000	-2.2605364826510e+03
95.480000000000	-2.2991485440177e+03
95.510000000000	-2.3380820277686e+03
95.540000000000	-2.3773070407519e+03
95.570000000000	-2.4167932150484e+03
95.600000000000	-2.4565097261106e+03
95.630000000000	-2.4964253112789e+03
95.660000000000	-2.5365082886693e+03
95.690000000000	-2.5767265764288e+03
95.720000000000	-2.6170477123542e+03
95.750000000000	-2.6574388738700e+03
95.780000000000	-2.6978668983609e+03
95.810000000000	-2.7382983038509e+03
95.840000000000	-2.7786993100224e+03
95.870000000000	-2.8190358595644e+03
95.900000000000	-2.8592736398368e+03
95.930000000000	-2.8993781048362e+03
95.960000000000	-2.9393144974464e+03
95.990000000000	-2.9790478719533e+03
96.020000000000	-3.0185431168032e+03
96.050000000000	-3.0577649775828e+03
96.080000000000	-3.0966780801962e+03
96.110000000000	-3.1352469542145e+03
96.140000000000	-3.1734360563764e+03
96.170000000000	-3.2112097942133e+03
96.200000000000	-3.2485325497791e+03
96.230000000000	-3.2853687034615e+03
96.260000000000	-3.3216826578572e+03
96.290000000000	-3.3574388616907e+03
96.320000000000	-3.3926018337611e+03
96.350000000000	-3.4271361869027e+03
96.380000000000	-3.4610066519433e+03
96.410000000000	-3.4941781016497e+03
96.440000000000	-3.5266155746462e+03
96.470000000000	-3.5582842992965e+03
96.500000000000	-3.5891497175358e+03
96.530000000000	-3.6191775086425e+03
96.560000000000	-3.6483336129381e+03
96.590000000000	-3.6765842554024e+03
96.620000000000	-3.7038959691928e+03
96.650000000000	-3.7302356190528e+03
96.680000000000	-3.7555704245975e+03
96.710000000000	-3.7798679834621e+03
96.740000000000	-3.8030962942963e+03
96.770000000000	-3.8252237795920e+03
96.800000000000	-3.8462193083274e+03
96.830000000000	-3.8660522184025e+03
96.860000000000	-3.8846923388665e+03
96.890000000000	-3.9021100119047e+03
96.920000000000	-3.9182761145675e+03
96.950000000000	-3.9331620802253e+03
96.980000000000	-3.9467399197290e+03
97.010000000000	-3.9589822422546e+03
97.040000000000	-3.9698622758121e+03
97.070000000000	-3.9793538873967e+03
97.100000000000	-3.9874316027635e+03
97.130000000000	-3.9940706258019e+03
97.160000000000	-3.9992468574932e+03
97.190000000000	-4.0029369144295e+03
97.220000000000	-4.0051181468760e+03
97.250000000000	-4.0057686563591e+03
97.280000000000	-4.0048673127651e+03
97.310000000000	-4.0023937709319e+03
97.340000000000	-3.9983284867219e+03
97.370000000000	-3.9926527325630e+03
97.400000000000	-3.9853486124449e+03
97.430000000000	-3.9763990763620e+03
97.460000000000	-3.9657879341921e+03
97.490000000000	-3.9534998690022e+03
97.520000000000	-3.9395204497734e+03
97.550000000000	-3.9238361435384e+03
97.580000000000	-3.9064343269214e+03
97.610000000000	-3.8873032970767e+03
97.640000000000	-3.8664322820172e+03
97.670000000000	-3.8438114503265e+03
97.700000000000	-3.8194319202491e+03
97.730000000000	-3.7932857681518e+03
97.760000000000	-3.7653660363507e+03
97.790000000000	-3.7356667402980e+03
97.820000000000	-3.7041828751252e+03
97.850000000000	-3.6709104215352e+03
97.880000000000	-3.6358463510430e+03
97.910000000000	-3.5989886305593e+03
97.940000000000	-3.5603362263155e+03
97.970000000000	-3.5198891071293e+03
98.000000000000	-3.4776482470088e+03
98.030000000000	-3.4336156270958e+03
98.060000000000	-3.3877942369486e+03
98.090000000000	-3.3401880751657e+03
98.120000000000	-3.2908021493509e+03
98.150000000000	-3.2396424754229e+03
98.180000000000	-3.1867160762686e+03
98.210000000000	-3.1320309797441e+03
98.240000000000	-3.0755962160211e+03
98.270000000000	-3.0174218142825e+03
98.300000000000	-2.9575187987629e+03
98.330000000000	-2.8958991841362e+03
98.360000000000	-2.8325759702467e+03
98.390000000000	-2.7675631361807e+03
98.420000000000	-2.7008756336774e+03
98.450000000000	-2.6325293798751e+03
98.480000000000	-2.5625412493892e+03
98.510000000000	-2.4909290657208e+03
98.540000000000	-2.4177115919934e+03
98.570000000000	-2.3429085210180e+03
98.600000000000	-2.2665404646876e+03
98.630000000000	-2.1886289427042e+03
98.660000000000	-2.1091963706451e+03
98.690000000000	-2.0282660473739e+03
98.720000000000	-1.9458621418095e+03
98.750000000000	-1.8620096790630e+03
98.780000000000	-1.7767345259587e+03
98.810000000000	-1.6900633759564e+03
98.840000000000	-1.6020237334903e+03
98.870000000000	-1.5126438977478e+03
98.900000000000	-1.4219529459040e+03
98.930000000000	-1.3299807158338e+03
98.960000000000	-1.2367577883208e+03
98.990000000000	-1.1423154687799e+03
99.020000000000	-1.0466857685125e+03
99.050000000000	-9.4990138550841e+02
99.080000000000	-8.5199568480915e+02
99.110000000000	-7.5300267844505e+02
99.140000000000	-6.5295700495603e+02
99.170000000000	-5.5189390850725e+02
99.200000000000	-4.4984921760642e+02
99.230000000000	-3.4685932343194e+02
99.260000000000	-2.4296115777990e+02
99.290000000000	-1.3819217063786e+02
99.320000000000	-3.2590307395271e+01
99.350000000000	7.3806014299998e+01
99.380000000000	1.8095792802618e+02
99.410000000000	2.8882614240022e+02
99.440000000000	3.9737096520370e+02
99.470000000000	5.0655232780389e+02
99.500000000000	6.1632980985363e+02
99.530000000000	7.2666266424727e+02
99.560000000000	8.3750984231422e+02
99.590000000000	9.4883001922656e+02
99.620000000000	1.0605816195985e+03
99.650000000000	1.1727228432544e+03
99.680000000000	1.2852116911415e+03
99.710000000000	1.3980059913664e+03
99.740000000000	1.5110634253286e+03
99.770000000000	1.6243415539310e+03
99.800000000000	1.7377978438438e+03
99.830000000000	1.8513896937995e+03
99.860000000000	1.9650744608979e+03
99.890000000000	2.0788094868991e+03
99.920000000000	2.1925521244843e+03
99.950000000000	2.3062597634644e+03
99.980000000000	2.4198898569158e+03
100.010000000000	2.5333999472256e+03
100.040000000000	2.6467476920283e+03
100.070000000000	2.7598908900143e+03
100.100000000000	2.8727875065980e+03
100.130000000000	2.9853956994257e+03
100.160000000000	3.0976738437113e+03
100.190000000000	3.2095805573852e+03
100.220000000000	3.3210747260430e+03
100.250000000000	3.4321155276816e+03
100.280000000000	3.5426624572101e+03
100.310000000000	3.6526753507247e+03
100.340000000000	3.7621144095330e+03
100.370000000000	3.8709402239180e+03
100.400000000000	3.9791137966264e+03
100.430000000000	4.0865965660698e+03
100.460000000000	4.1933504292243e+03
100.490000000000	4.2993377642115e+03
100.520000000000	4.4045214525503e+03
100.550000000000	4.5088649010583e+03
100.580000000000	4.6123320633903e+03
100.610000000000	4.7148874611954e+03
100.640000000000	4.8164962048765e+03
100.670000000000	4.9171240139357e+03
100.700000000000	5.0167372368892e+03
100.730000000000	5.1153028707354e+03
100.760000000000	5.2127885799613e+03
100.790000000000	5.3091627150718e+03
100.820000000000	5.4043943306286e+03
100.850000000000	5.4984532027839e+03
100.880000000000	5.5913098462973e+03
100.910000000000	5.6829355310232e+03
100.940000000000	5.7733022978567e+03
100.970000000000	5.8623829741269e+03
101.000000000000	5.9501511884267e+03
101.030000000000	6.0365813848684e+03
101.060000000000	6.1216488367550e+03
101.090000000000	6.2053296596554e+03
101.120000000000	6.2876006370548e+03
101.150000000000	6.3684389720481e+03
101.180000000000	6.4478241719189e+03
101.210000000000	6.5257358416636e+03
101.240000000000	6.6021544846695e+03
101.270000000000	6.6770615120071e+03
101.300000000000	6.7504392510603e+03
101.330000000000	6.8222709534841e+03
101.360000000000	6.8925408024849e+03
101.390000000000	6.9612339194146e+03
101.420000000000	7.0283363696763e+03
101.450000000000	7.0938351679345e+03
101.480000000000	7.1577182826312e+03
101.510000000000	7.2199746398045e+03
101.540000000000	7.2805941262126e+03
101.570000000000	7.3395675917652e+03
101.600000000000	7.3968868512671e+03
101.630000000000	7.4525446854801e+03
101.660000000000	7.5065348415096e+03
101.690000000000	7.5588520325254e+03
101.720000000000	7.6094919368246e+03
101.750000000000	7.6584511962459e+03
101.780000000000	7.7057274139460e+03
101.810000000000	7.7513191515452e+03
101.840000000000	7.7952259256511e+03
101.870000000000	7.8374482037691e+03
101.900000000000	7.8779873996037e+03
101.930000000000	7.9168458677568e+03
101.960000000000	7.9540268978262e+03
101.990000000000	7.9895347079064e+03
102.020000000000	8.0233744374928e+03
102.050000000000	8.0555521397893e+03
102.080000000000	8.0860747734194e+03
102.110000000000	8.1149501935387e+03
102.140000000000	8.1421871423515e+03
102.170000000000	8.1677952390280e+03
102.200000000000	8.1917849690274e+03
102.230000000000	8.2141676728274e+03
102.260000000000	8.2349555340672e+03
102.290000000000	8.2541615671101e+03
102.320000000000	8.2717996040355e+03
102.350000000000	8.2878842810735e+03
102.380000000000	8.3024310244941e+03
102.410000000000	8.3154560359696e+03
102.440000000000	8.3269762774267e+03
102.470000000000	8.3370094554082e+03
102.500000000000	8.3455740049635e+03
102.530000000000	8.3526890730908e+03
102.560000000000	8.3583745017484e+03
102.590000000000	8.3626508104582e+03
102.620000000000	8.3655391785187e+03
102.650000000000	8.3670614268472e+03
102.680000000000	8.3672399994674e+03
102.710000000000	8.3660979446587e+03
102.740000000000	8.3636588957827e+03
102.770000000000	8.3599470517989e+03
102.800000000000	8.3549871574833e+03
102.830000000000	8.3488044833625e+03
102.860000000000	8.3414248053727e+03
102.890000000000	8.3328743842582e+03
102.920000000000	8.3231799447169e+03
102.950000000000	8.3123686543083e+03
102.980000000000	8.3004681021324e+03
103.010000000000	8.2875062772951e+03
103.040000000000	8.2735115471697e+03
103.070000000000	8.2585126354712e+03
103.100000000000	8.2425386001549e+03
103.130000000000	8.2256188111544e+03
103.160000000000	8.2077829279746e+03
103.190000000000	8.1890608771539e+03
103.220000000000	8.1694828296122e+03
103.250000000000	8.1490791779000e+03
103.280000000000	8.1278805133663e+03
103.310000000000	8.1059176032618e+03
103.340000000000	8.0832213677952e+03
103.370000000000	8.0598228571613e+03
103.400000000000	8.0357532285602e+03
103.430000000000	8.0110437232268e+03
103.460000000000	7.9857256434912e+03
103.490000000000	7.9598303298911e+03
103.520000000000	7.9333891383575e+03
103.550000000000	7.9064334174949e+03
103.580000000000	7.8789944859778e+03
103.610000000000	7.8511036100856e+03
103.640000000000	7.8227919813958e+03
103.670000000000	7.7940906946565e+03
103.700000000000	7.7650307258579e+03
103.730000000000	7.7356429105218e+03
103.760000000000	7.7059579222254e+03
103.790000000000	7.6760062513773e+03
103.820000000000	7.6458181842602e+03
103.850000000000	7.6154237823550e+03
103.880000000000	7.5848528619593e+03
103.910000000000	7.5541349741127e+03
103.940000000000	7.5232993848403e+03
103.970000000000	7.4923750557267e+03
104.000000000000	7.4613906248294e+03
104.030000000000	7.4303743879433e+03
104.060000000000	7.3993542802262e+03
104.090000000000	7.3683578581949e+03
104.120000000000	7.3374122821035e+03
104.150000000000	7.3065442987113e+03
104.180000000000	7.2757802244541e+03
104.210000000000	7.2451459290259e+03
104.240000000000	7.2146668193826e+03
104.270000000000	7.1843678241783e+03
104.300000000000	7.1542733786419e+03
104.330000000000	7.1244074099057e+03
104.360000000000	7.0947933227944e+03
104.390000000000	7.0654539860829e+03
104.420000000000	7.0364117192311e+03
104.450000000000	7.0076882796041e+03
104.480000000000	6.9793048501834e+03
104.510000000000	6.9512820277763e+03
104.540000000000	6.9236398117277e+03
104.570000000000	6.8963975931397e+03
104.600000000000	6.8695741446023e+03
104.630000000000	6.8431876104384e+03
104.660000000000	6.8172554974655e+03
104.690000000000	6.7917946662760e+03
104.720000000000	6.7668213230387e+03
104.750000000000	6.7423510118221e+03
104.780000000000	6.7183986074424e+03
104.810000000000	6.6949783088374e+03
104.840000000000	6.6721036329693e+03
104.870000000000	6.6497874092603e+03
104.900000000000	6.6280417745624e+03
104.930000000000	6.6068781686693e+03
104.960000000000	6.5863073303710e+03
104.990000000000	6.5663392940609e+03
105.020000000000	6.5469833868976e+03
105.050000000000	6.5282482265290e+03
105.080000000000	6.5101417193826e+03
105.110000000000	6.4926710595285e+03
105.140000000000	6.4758427281169e+03
105.170000000000	6.4596624933940e+03
105.200000000000	6.4441354112963e+03
105.230000000000	6.4292658266226e+03
105.260000000000	6.4150573747817e+03
105.290000000000	6.4015129841085e+03
105.320000000000	6.3886348787438e+03
105.350000000000	6.3764245820671e+03
105.380000000000	6.3648829206721e+03
105.410000000000	6.3540100288719e+03
105.440000000000	6.3438053537207e+03
105.470000000000	6.3342676605433e+03
105.500000000000	6.3253950389296e+03
105.530000000000	6.3171849092305e+03
105.560000000000	6.3096340294999e+03
105.590000000000	6.3027385028792e+03
105.620000000000	6.2964937854181e+03
105.650000000000	6.2908946943186e+03
105.680000000000	6.2859354165932e+03
105.710000000000	6.2816095181307e+03
105.740000000000	6.2779099531628e+03
105.770000000000	6.2748290741283e+03
105.800000000000	6.2723586419296e+03
105.830000000000	6.2704898365799e+03
105.860000000000	6.2692132682370e+03
105.890000000000	6.2685189886202e+03
105.920000000000	6.2683965028068e+03
105.950000000000	6.2688347814020e+03
105.980000000000	6.2698222730762e+03
106.010000000000	6.2713469174603e+03
106.040000000000	6.2733961583897e+03
106.070000000000	6.2759569574859e+03
106.100000000000	6.2790158080599e+03
106.130000000000	6.2825587493256e+03
106.160000000000	6.2865713809048e+03
106.190000000000	6.2910388776086e+03
106.220000000000	6.2959460044773e+03
106.250000000000	6.3012771320598e+03
106.280000000000	6.3070162519171e+03
106.310000000000	6.3131469923296e+03
106.340000000000	6.3196526341929e+03
106.370000000000	6.3265161270830e+03
106.400000000000	6.3337201054763e+03
106.430000000000	6.3412469051059e+03
106.460000000000	6.3490785794398e+03
106.490000000000	6.3571969162647e+03
106.520000000000	6.3655834543594e+03
106.550000000000	6.3742195002435e+03
106.580000000000	6.3830861449845e+03
106.610000000000	6.3921642810504e+03
106.640000000000	6.4014346191908e+03
106.670000000000	6.4108777053329e+03
106.700000000000	6.4204739374783e+03
106.730000000000	6.4302035825860e+03
106.760000000000	6.4400467934289e+03
106.790000000000	6.4499836254113e+03
106.820000000000	6.4599940533352e+03
106.850000000000	6.4700579881048e+03
106.880000000000	6.4801552933582e+03
106.910000000000	6.4902658020180e+03
106.940000000000	6.5003693327507e+03
106.970000000000	6.5104457063265e+03
107.000000000000	6.5204747618721e+03
107.030000000000	6.5304363730081e+03
107.060000000000	6.5403104638618e+03
107.090000000000	6.5500770249490e+03
107.120000000000	6.5597161289145e+03
107.150000000000	6.5692079461222e+03
107.180000000000	6.5785327600865e+03
107.210000000000	6.5876709827327e+03
107.240000000000	6.5966031694775e+03
107.270000000000	6.6053100341170e+03
107.300000000000	6.6137724635117e+03
107.330000000000	6.6219715320564e+03
107.360000000000	6.6298885159229e+03
107.390000000000	6.6375049070651e+03
107.420000000000	6.6448024269729e+03
107.450000000000	6.6517630401661e+03
107.480000000000	6.6583689674157e+03
107.510000000000	6.6646026986832e+03
107.540000000000	6.6704470057676e+03
107.570000000000	6.6758849546512e+03
107.600000000000	6.6808999175347e+03
107.630000000000	6.6854755845540e+03
107.660000000000	6.6895959751699e+03
107.690000000000	6.6932454492241e+03
107.720000000000	6.6964087176537e+03
107.750000000000	6.6990708528574e+03
107.780000000000	6.7012172987079e+03
107.810000000000	6.7028338802022e+03
107.840000000000	6.7039068127457e+03
107.870000000000	6.7044227110630e+03
107.900000000000	6.7043685977296e+03
107.930000000000	6.7037319113192e+03
107.960000000000	6.7025005141597e+03
107.990000000000	6.7006626996938e+03
108.020000000000	6.6982071994372e+03
108.050000000000	6.6951231895290e+03
108.080000000000	6.6914002968707e+03
108.110000000000	6.6870286048465e+03
108.140000000000	6.6819986586224e+03
108.170000000000	6.6763014700192e+03
108.200000000000	6.6699285219575e+03
108.230000000000	6.6628717724716e+03
108.260000000000	6.6551236582921e+03
108.290000000000	6.6466770979977e+03
108.320000000000	6.6375254947374e+03
108.350000000000	6.6276627385263e+03
108.380000000000	6.6170832081199e+03
108.410000000000	6.6057817724718e+03
108.440000000000	6.5937537917818e+03
108.470000000000	6.5809951181433e+03
108.500000000000	6.5675020957961e+03
108.530000000000	6.5532715609961e+03
108.560000000000	6.5383008415090e+03
108.590000000000	6.5225877557383e+03
108.620000000000	6.5061306114943e+03
108.650000000000	6.4889282044143e+03
108.680000000000	6.4709798160380e+03
108.710000000000	6.4522852115451e+03
108.740000000000	6.4328446371599e+03
108.770000000000	6.4126588172237e+03
108.800000000000	6.3917289509395e+03
108.830000000000	6.3700567087876e+03
108.860000000000	6.3476442286118e+03
108.890000000000	6.3244941113773e+03
108.920000000000	6.3006094165962e+03
108.950000000000	6.2759936574222e+03
108.980000000000	6.2506507954120e+03
109.010000000000	6.2245852349546e+03
109.040000000000	6.1978018173697e+03
109.070000000000	6.1703058146786e+03
109.100000000000	6.1421029230524e+03
109.130000000000	6.1131992559435e+03
109.160000000000	6.0836013369106e+03
109.190000000000	6.0533160921462e+03
109.220000000000	6.0223508427207e+03
109.250000000000	5.9907132965544e+03
109.280000000000	5.9584115401350e+03
109.310000000000	5.9254540299944e+03
109.340000000000	5.8918495839608e+03
109.370000000000	5.8576073722023e+03
109.400000000000	5.8227369080773e+03
109.430000000000	5.7872480388053e+03
109.460000000000	5.7511509359719e+03
109.490000000000	5.7144560858803e+03
109.520000000000	5.6771742797592e+03
109.550000000000	5.6393166038371e+03
109.580000000000	5.6008944292911e+03
109.610000000000	5.5619194020775e+03
109.640000000000	5.5224034326509e+03
109.670000000000	5.4823586855774e+03
109.700000000000	5.4417975690484e+03
109.730000000000	5.4007327243006e+03
109.760000000000	5.3591770149492e+03
109.790000000000	5.3171435162379e+03
109.820000000000	5.2746455042180e+03
109.850000000000	5.2316964448716e+03
109.880000000000	5.1883099831546e+03
109.910000000000	5.1444999320089e+03
109.940000000000	5.1002802613306e+03
109.970000000000	5.0556650869066e+03
110.000000000000	5.0106686593318e+03
110.030000000000	4.9653053529121e+03
110.060000000000	4.9195896545647e+03
110.090000000000	4.8735361527232e+03
110.120000000000	4.8271595262544e+03
110.150000000000	4.7804745333974e+03
110.180000000000	4.7334960007288e+03
110.210000000000	4.6862388121656e+03
110.240000000000	4.6387178980100e+03
110.270000000000	4.5909482240463e+03
110.300000000000	4.5429447806973e+03
110.330000000000	4.4947225722490e+03
110.360000000000	4.4462966061527e+03
110.390000000000	4.3976818824158e+03
110.420000000000	4.3488933830900e+03
110.450000000000	4.2999460618691e+03
110.480000000000	4.2508548338077e+03
110.510000000000	4.2016345651715e+03
110.540000000000	4.1523000634321e+03
110.570000000000	4.1028660674160e+03
110.600000000000	4.0533472376204e+03
110.630000000000	4.0037581467045e+03
110.660000000000	3.9541132701669e+03
110.690000000000	3.9044269772171e+03
110.720000000000	3.8547135218500e+03
110.750000000000	3.8049870341282e+03
110.780000000000	3.7552615116803e+03
110.810000000000	3.7055508114184e+03
110.840000000000	3.6558686414804e+03
110.870000000000	3.6062285533994e+03
110.900000000000	3.5566439345052e+03
110.930000000000	3.5071280005577e+03
110.960000000000	3.4576937886180e+03
110.990000000000	3.4083541501558e+03
111.020000000000	3.3591217443979e+03
111.050000000000	3.3100090319180e+03
111.080000000000	3.2610282684701e+03
111.110000000000	3.2121914990678e+03
111.140000000000	3.1635105523101e+03
111.170000000000	3.1149970349573e+03
111.200000000000	3.0666623267564e+03
111.230000000000	3.0185175755207e+03
111.260000000000	2.9705736924616e+03
111.290000000000	2.9228413477775e+03
111.320000000000	2.8753309664987e+03
111.350000000000	2.8280527245902e+03
111.380000000000	2.7810165453123e+03
111.410000000000	2.7342320958402e+03
111.440000000000	2.6877087841413e+03
111.470000000000	2.6414557561092e+03
111.500000000000	2.5954818929541e+03
111.530000000000	2.5497958088458e+03
111.560000000000	2.5044058488076e+03
111.590000000000	2.4593200868578e+03
111.620000000000	2.4145463243943e+03
111.650000000000	2.3700920888189e+03
111.680000000000	2.3259646323964e+03
111.710000000000	2.2821709313441e+03
111.740000000000	2.2387176851476e+03
111.770000000000	2.1956113160987e+03
111.800000000000	2.1528579690511e+03
111.830000000000	2.1104635113920e+03
111.860000000000	2.0684335332262e+03
111.890000000000	2.0267733477718e+03
111.920000000000	1.9854879919666e+03
111.950000000000	1.9445822272842e+03
111.980000000000	1.9040605407618e+03
112.010000000000	1.8639271462402e+03
112.040000000000	1.8241859858168e+03
112.070000000000	1.7848407315142e+03
112.100000000000	1.7458947871654e+03
112.130000000000	1.7073512905164e+03
112.160000000000	1.6692131155469e+03
112.190000000000	1.6314828750088e+03
112.220000000000	1.5941629231806e+03
112.250000000000	1.5572553588345e+03
112.280000000000	1.5207620284126e+03
112.310000000000	1.4846845294059e+03
112.340000000000	1.4490242139284e+03
112.370000000000	1.4137821924781e+03
112.400000000000	1.3789593378731e+03
112.430000000000	1.3445562893537e+03
112.460000000000	1.3105734568346e+03
112.490000000000	1.2770110252973e+03
112.520000000000	1.2438689593072e+03
112.550000000000	1.2111470076418e+03
112.580000000000	1.1788447080186e+03
112.610000000000	1.1469613919085e+03
112.640000000000	1.1154961894250e+03
112.670000000000	1.0844480342785e+03
112.700000000000	1.0538156687878e+03
112.730000000000	1.0235976489431e+03
112.760000000000	9.9379234951460e+02
112.790000000000	9.6439796920432e+02
112.820000000000	9.3541253583977e+02
112.850000000000	9.0683391160864e+02
112.880000000000	8.7865979833544e+02
112.910000000000	8.5088774280107e+02
112.940000000000	8.2351514210647e+02
112.970000000000	7.9653924908151e+02
113.000000000000	7.6995717773906e+02
113.030000000000	7.4376590877390e+02
113.060000000000	7.1796229510414e+02
113.090000000000	6.9254306745219e+02
113.120000000000	6.6750483996032e+02
113.150000000000	6.4284411583466e+02
113.180000000000	6.1855729301009e+02
113.210000000000	5.9464066982736e+02
113.240000000000	5.7109045071313e+02
113.270000000000	5.4790275185247e+02
113.300000000000	5.2507360684373e+02
113.330000000000	5.0259897232534e+02
113.360000000000	4.8047473356424e+02
113.390000000000	4.5869670999629e+02
113.420000000000	4.3726066070983e+02
113.450000000000	4.1616228986359e+02
113.480000000000	3.9539725203167e+02
113.510000000000	3.7496115746853e+02
113.540000000000	3.5484957728764e+02
113.570000000000	3.3505804854807e+02
113.600000000000	3.1558207924372e+02
113.630000000000	2.9641715319013e+02
113.660000000000	2.7755873480401e+02
113.690000000000	2.5900227377089e+02
113.720000000000	2.4074320959641e+02
113.750000000000	2.2277697603675e+02
113.780000000000	2.0509900540407e+02
113.810000000000	1.8770473274304e+02
113.840000000000	1.7058959987500e+02
113.870000000000	1.5374905930638e+02
113.900000000000	1.3717857799942e+02
113.930000000000	1.2087364100299e+02
113.960000000000	1.0482975494267e+02
113.990000000000	8.9042451369921e+01
114.020000000000	7.3507289970636e+01
114.050000000000	5.8219861634400e+01
114.080000000000	4.3175791386181e+01
114.110000000000	2.8370741182533e+01
114.140000000000	1.3800412579906e+01
114.170000000000	-5.3945074531292e-01
114.200000000000	-1.4653060583192e+01
114.230000000000	-2.8544581912493e+01
114.260000000000	-4.2218130747169e+01
114.290000000000	-5.5677772105114e+01
114.320000000000	-6.8927518099078e+01
114.350000000000	-8.1971326149646e+01
114.380000000000	-9.4813097320442e+01
114.410000000000	-1.0745667477625e+02
114.440000000000	-1.1990584236497e+02
114.470000000000	-1.3216432332456e+02
114.500000000000	-1.4423577911602e+02
114.530000000000	-1.5612380838361e+02
114.560000000000	-1.6783194604300e+02
114.590000000000	-1.7936366249807e+02
114.620000000000	-1.9072236298653e+02
114.650000000000	-2.0191138705418e+02
114.680000000000	-2.1293400815737e+02
114.710000000000	-2.2379343339260e+02
114.740000000000	-2.3449280335214e+02
114.770000000000	-2.4503519210400e+02
114.800000000000	-2.5542360729426e+02
114.830000000000	-2.6566099036995e+02
114.860000000000	-2.7575021691981e+02
114.890000000000	-2.8569409713072e+02
114.920000000000	-2.9549537635691e+02
114.950000000000	-3.0515673579950e+02
114.980000000000	-3.1468079329322e+02
115.010000000000	-3.2407010419765e+02
115.040000000000	-3.3332716238992e+02
115.070000000000	-3.4245440135621e+02
115.100000000000	-3.5145419537900e+02
115.130000000000	-3.6032886081754e+02
115.160000000000	-3.6908065747905e+02
115.190000000000	-3.7771179007820e+02
115.220000000000	-3.8622440978275e+02
115.250000000000	-3.9462061584344e+02
115.280000000000	-4.0290245730608e+02
115.310000000000	-4.1107193480418e+02
115.340000000000	-4.1913100243016e+02
115.370000000000	-4.2708156968306e+02
115.400000000000	-4.3492550349032e+02
115.430000000000	-4.4266463030099e+02
115.460000000000	-4.5030073824668e+02
115.490000000000	-4.5783557936636e+02
115.520000000000	-4.6527087188990e+02
115.550000000000	-4.7260830257474e+02
115.580000000000	-4.7984952908896e+02
115.610000000000	-4.8699618243337e+02
115.640000000000	-4.9404986939438e+02
115.670000000000	-5.0101217501889e+02
115.700000000000	-5.0788466510188e+02
115.730000000000	-5.1466888867717e+02
115.760000000000	-5.2136638050162e+02
115.790000000000	-5.2797866352342e+02
115.820000000000	-5.3450725132520e+02
115.850000000000	-5.4095365053350e+02
115.880000000000	-5.4731936318671e+02
115.910000000000	-5.5360588905469e+02
115.940000000000	-5.5981472790436e+02
115.970000000000	-5.6594738170659e+02
116.000000000000	-5.7200535678103e+02
116.030000000000	-5.7799016587702e+02
116.060000000000	-5.8390333018946e+02
116.090000000000	-5.8974638131012e+02
116.120000000000	-5.9552086311560e+02
116.150000000000	-6.0122833359394e+02
116.180000000000	-6.0687036661266e+02
116.210000000000	-6.1244855363092e+02
116.240000000000	-6.1796450535900e+02
116.270000000000	-6.2341985336747e+02
116.300000000000	-6.2881625164818e+02
116.330000000000	-6.3415537812822e+02
116.360000000000	-6.3943893613683e+02
116.390000000000	-6.4466865582403e+02
116.420000000000	-6.4984629552843e+02
116.450000000000	-6.5497364309004e+02
116.480000000000	-6.6005251710281e+02
116.510000000000	-6.6508476810024e+02
116.540000000000	-6.7007227966649e+02
116.570000000000	-6.7501696946472e+02
116.600000000000	-6.7992079017390e+02
116.630000000000	-6.8478573032549e+02
116.660000000000	-6.8961381503164e+02
116.690000000000	-6.9440710659715e+02
116.720000000000	-6.9916770500859e+02
116.750000000000	-7.0389774829516e+02
116.780000000000	-7.0859941275712e+02
116.810000000000	-7.1327491305920e+02
116.840000000000	-7.1792650218790e+02
116.870000000000	-7.2255647127266e+02
116.900000000000	-7.2716714927253e+02
116.930000000000	-7.3176090253032e+02
116.960000000000	-7.3634013419746e+02
116.990000000000	-7.4090728353287e+02
117.020000000000	-7.4546482507941e+02
117.050000000000	-7.5001526772142e+02
117.080000000000	-7.5456115362644e+02
117.110000000000	-7.5910505707406e+02
117.140000000000	-7.6364958317419e+02
117.170000000000	-7.6819736647656e+02
117.200000000000	-7.7275106947305e+02
117.230000000000	-7.7731338099412e+02
117.260000000000	-7.8188701450036e+02
117.290000000000	-7.8647470627044e+02
117.320000000000	-7.9107921348680e+02
117.350000000000	-7.9570331222092e+02
117.380000000000	-8.0034979532034e+02
117.410000000000	-8.0502147020021e+02
117.440000000000	-8.0972115654275e+02
117.470000000000	-8.1445168390836e+02
117.500000000000	-8.1921588926252e+02
117.530000000000	-8.2401661442301e+02
117.560000000000	-8.2885670343188e+02
117.590000000000	-8.3373899985643e+02
117.620000000000	-8.3866634402355e+02
117.650000000000	-8.4364157019058e+02
117.680000000000	-8.4866750365613e+02
117.710000000000	-8.5374695781279e+02
117.740000000000	-8.5888273114360e+02
117.770000000000	-8.6407760416300e+02
117.800000000000	-8.6933433630276e+02
117.830000000000	-8.7465566274266e+02
117.860000000000	-8.8004429118559e+02
117.890000000000	-8.8550289857649e+02
117.920000000000	-8.9103412776500e+02
117.950000000000	-8.9664058411153e+02
117.980000000000	-9.0232483203744e+02
118.010000000000	-9.0808939152038e+02
118.040000000000	-9.1393673453670e+02
118.070000000000	-9.1986928145365e+02
118.100000000000	-9.2588939737474e+02
118.130000000000	-9.3199938844267e+02
118.160000000000	-9.3820149810445e+02
118.190000000000	-9.4449790334444e+02
118.220000000000	-9.5089071089081e+02
118.250000000000	-9.5738195340177e+02
118.280000000000	-9.6397358563749e+02
118.310000000000	-9.7066748062423e+02
118.340000000000	-9.7746542581646e+02
118.370000000000	-9.8436911926322e+02
118.400000000000	-9.9138016578423e+02
118.430000000000	-9.9850007316161e+02
118.460000000000	-1.0057302483472e+03
118.490000000000	-1.0130719937089e+03
118.520000000000	-1.0205265033082e+03
118.550000000000	-1.0280948591874e+03
118.580000000000	-1.0357780277245e+03
118.610000000000	-1.0435768560261e+03
118.640000000000	-1.0514920683707e+03
118.670000000000	-1.0595242627076e+03
118.700000000000	-1.0676739072161e+03
118.730000000000	-1.0759413369297e+03
118.760000000000	-1.0843267504292e+03
118.790000000000	-1.0928302066102e+03
118.820000000000	-1.1014516215291e+03
118.850000000000	-1.1101907653323e+03
118.880000000000	-1.1190472592730e+03
118.910000000000	-1.1280205728208e+03
118.940000000000	-1.1371100208685e+03
118.970000000000	-1.1463147610423e+03
119.000000000000	-1.1556337911191e+03
119.030000000000	-1.1650659465592e+03
119.060000000000	-1.1746098981573e+03
119.090000000000	-1.1842641498205e+03
119.120000000000	-1.1940270364785e+03
119.150000000000	-1.2038967221313e+03
119.180000000000	-1.2138711980423e+03
119.210000000000	-1.2239482810802e+03
119.240000000000	-1.2341256122166e+03
119.270000000000	-1.2444006551823e+03
119.300000000000	-1.2547706952860e+03
119.330000000000	-1.2652328383993e+03
119.360000000000	-1.2757840101071e+03
119.390000000000	-1.2864209550259e+03
119.420000000000	-1.2971402362885e+03
119.450000000000	-1.3079382351943e+03
119.480000000000	-1.3188111510216e+03
119.510000000000	-1.3297550010014e+03
119.540000000000	-1.3407656204464e+03
119.570000000000	-1.3518386630334e+03
119.600000000000	-1.3629696012355e+03
119.630000000000	-1.3741537268992e+03
119.660000000000	-1.3853861519637e+03
119.690000000000	-1.3966618093209e+03
119.720000000000	-1.4079754538114e+03
119.750000000000	-1.4193216633583e+03
119.780000000000	-1.4306948402363e+03
119.810000000000	-1.4420892124777e+03
119.840000000000	-1.4534988354167e+03
119.870000000000	-1.4649175933755e+03
119.900000000000	-1.4763392014946e+03
119.930000000000	-1.4877572077125e+03
119.960000000000	-1.4991649948998e+03
119.990000000000	-1.5105557831533e+03
120.020000000000	-1.5219226322555e+03
120.050000000000	-1.5332584443057e+03
120.080000000000	-1.5445559665273e+03
120.110000000000	-1.5558077942571e+03
120.140000000000	-1.5670063741196e+03
120.170000000000	-1.5781440073892e+03
120.200000000000	-1.5892128535424e+03
120.230000000000	-1.6002049339980e+03
120.260000000000	-1.6111121360456e+03
120.290000000000	-1.6219262169582e+03
120.320000000000	-1.6326388082826e+03
120.350000000000	-1.6432414203039e+03
120.380000000000	-1.6537254466734e+03
120.410000000000	-1.6640821691938e+03
120.440000000000	-1.6743027627503e+03
120.470000000000	-1.6843783003793e+03
120.500000000000	-1.6942997584647e+03
120.530000000000	-1.7040580220510e+03
120.560000000000	-1.7136438902670e+03
120.590000000000	-1.7230480818493e+03
120.620000000000	-1.7322612407604e+03
120.650000000000	-1.7412739418953e+03
120.680000000000	-1.7500766968716e+03
120.710000000000	-1.7586599598985e+03
120.740000000000	-1.7670141337251e+03
120.770000000000	-1.7751295756623e+03
120.800000000000	-1.7829966036804e+03
120.830000000000	-1.7906055025797e+03
120.860000000000	-1.7979465302344e+03
120.890000000000	-1.8050099239088e+03
120.920000000000	-1.8117859066446e+03
120.950000000000	-1.8182646937181e+03
120.980000000000	-1.8244364991653e+03
121.010000000000	-1.8302915423729e+03
121.040000000000	-1.8358200547303e+03
121.070000000000	-1.8410122863412e+03
121.100000000000	-1.8458585127883e+03
121.130000000000	-1.8503490419484e+03
121.160000000000	-1.8544742208519e+03
121.190000000000	-1.8582244425814e+03
121.220000000000	-1.8615901532052e+03
121.250000000000	-1.8645618587408e+03
121.280000000000	-1.8671301321415e+03
121.310000000000	-1.8692856203035e+03
121.340000000000	-1.8710190510873e+03
121.370000000000	-1.8723212403487e+03
121.400000000000	-1.8731830989747e+03
121.430000000000	-1.8735956399188e+03
121.460000000000	-1.8735499852309e+03
121.490000000000	-1.8730373730749e+03
121.520000000000	-1.8720491647294e+03
121.550000000000	-1.8705768515629e+03
121.580000000000	-1.8686120619777e+03
121.610000000000	-1.8661465683142e+03
121.640000000000	-1.8631722937065e+03
121.670000000000	-1.8596813188830e+03
121.700000000000	-1.8556658889003e+03
121.730000000000	-1.8511184198033e+03
121.760000000000	-1.8460315052030e+03
121.790000000000	-1.8403979227611e+03
121.820000000000	-1.8342106405759e+03
121.850000000000	-1.8274628234593e+03
121.880000000000	-1.8201478390992e+03
121.910000000000	-1.8122592641000e+03
121.940000000000	-1.8037908898958e+03
121.970000000000	-1.7947367285301e+03
122.000000000000	-1.7850910182986e+03
122.030000000000	-1.7748482292502e+03
122.060000000000	-1.7640030685424e+03
122.090000000000	-1.7525504856490e+03
122.120000000000	-1.7404856774150e+03
122.150000000000	-1.7278040929583e+03
122.180000000000	-1.7145014384131e+03
122.210000000000	-1.7005736815137e+03
122.240000000000	-1.6860170560149e+03
122.270000000000	-1.6708280659463e+03
122.300000000000	-1.6550034896984e+03
122.330000000000	-1.6385403839357e+03
122.360000000000	-1.6214360873349e+03
122.390000000000	-1.6036882241456e+03
122.420000000000	-1.5852947075687e+03
122.450000000000	-1.5662537429515e+03
122.480000000000	-1.5465638307951e+03
122.510000000000	-1.5262237695714e+03
122.540000000000	-1.5052326583479e+03
122.570000000000	-1.4835898992162e+03
122.600000000000	-1.4612951995219e+03
122.630000000000	-1.4383485738933e+03
122.660000000000	-1.4147503460661e+03
122.690000000000	-1.3905011505013e+03
122.720000000000	-1.3656019337948e+03
122.750000000000	-1.3400539558753e+03
122.780000000000	-1.3138587909889e+03
122.810000000000	-1.2870183284651e+03
122.840000000000	-1.2595347732881e+03
122.870000000000	-1.2314106464202e+03
122.900000000000	-1.2026487849310e+03
122.930000000000	-1.1732523419076e+03
122.960000000000	-1.1432247861515e+03
122.990000000000	-1.1125699016644e+03
123.020000000000	-1.0812917869266e+03
123.050000000000	-1.0493948539697e+03
123.080000000000	-1.0168838272479e+03
123.110000000000	-9.8376374231067e+02
123.140000000000	-9.5003994428047e+02
123.170000000000	-9.1571808613770e+02
123.200000000000	-8.8080412681637e+02
123.230000000000	-8.4530432911169e+02
123.260000000000	-8.0922525740105e+02
123.290000000000	-7.7257377517904e+02
123.320000000000	-7.3535704240629e+02
123.350000000000	-6.9758251267131e+02
123.380000000000	-6.5925793016375e+02
123.410000000000	-6.2039132645731e+02
123.440000000000	-5.8099101709978e+02
123.470000000000	-5.4106559800779e+02
123.500000000000	-5.0062394166355e+02
123.530000000000	-4.5967519311104e+02
123.560000000000	-4.1822876574973e+02
123.590000000000	-3.7629433692389e+02
123.620000000000	-3.3388184330668e+02
123.650000000000	-2.9100147607873e+02
123.680000000000	-2.4766367590208e+02
123.710000000000	-2.0387912769136e+02
123.740000000000	-1.5965875518538e+02
123.770000000000	-1.1501371532328e+02
123.800000000000	-6.9955392430936e+01
123.830000000000	-2.4495392224896e+01
123.860000000000	2.1354464358805e+01
123.890000000000	6.7582147501318e+01
123.920000000000	1.1417542499318e+02
123.950000000000	1.6112186887127e+02
123.980000000000	2.0840886218963e+02
124.010000000000	2.5602360591250e+02
124.040000000000	3.0395312591836e+02
124.070000000000	3.5218428010453e+02
124.100000000000	4.0070376558195e+02
124.130000000000	4.4949812595145e+02
124.160000000000	4.9855375865326e+02
124.190000000000	5.4785692238367e+02
124.220000000000	5.9739374457338e+02
124.250000000000	6.4715022892414e+02
124.280000000000	6.9711226300122e+02
124.310000000000	7.4726562588039e+02
124.340000000000	7.9759599584950e+02
124.370000000000	8.4808895816480e+02
124.400000000000	8.9873001286291e+02
124.430000000000	9.4950458262896e+02
124.460000000000	1.0003980207216e+03
124.490000000000	1.0513956189548e+03
124.520000000000	1.1024826157341e+03
124.550000000000	1.1536442041474e+03
124.580000000000	1.2048655401034e+03
124.610000000000	1.2561317505167e+03
124.640000000000	1.3074279415303e+03
124.670000000000	1.3587392067695e+03
124.700000000000	1.4100506356196e+03
124.730000000000	1.4613473215171e+03
124.760000000000	1.5126143702456e+03
124.790000000000	1.5638369082268e+03
124.820000000000	1.6150000907966e+03
124.850000000000	1.6660891104565e+03
124.880000000000	1.7170892050931e+03
124.910000000000	1.7679856661547e+03
124.940000000000	1.8187638467804e+03
124.970000000000	1.8694091698730e+03
125.000000000000	1.9199071361106e+03
125.030000000000	1.9702433318905e+03
125.060000000000	2.0204034372023e+03
125.090000000000	2.0703732334236e+03
125.120000000000	2.1201386110352e+03
125.150000000000	2.1696855772514e+03
125.180000000000	2.2190002635599e+03
125.210000000000	2.2680689331671e+03
125.240000000000	2.3168779883440e+03
125.270000000000	2.3654139776665e+03
125.300000000000	2.4136636031443e+03
125.330000000000	2.4616137272323e+03
125.360000000000	2.5092513797185e+03
125.390000000000	2.5565637644815e+03
125.420000000000	2.6035382661112e+03
125.450000000000	2.6501624563882e+03
125.480000000000	2.6964241006138e+03
125.510000000000	2.7423111637882e+03
125.540000000000	2.7878118166318e+03
125.570000000000	2.8329144414454e+03
125.600000000000	2.8776076378078e+03
125.630000000000	2.9218802281087e+03
125.660000000000	2.9657212629149e+03
125.690000000000	3.0091200261707e+03
125.720000000000	3.0520660402308e+03
125.750000000000	3.0945490707273e+03
125.780000000000	3.1365591312701e+03
125.810000000000	3.1780864879817e+03
125.840000000000	3.2191216638655e+03
125.870000000000	3.2596554430090e+03
125.900000000000	3.2996788746199e+03
125.930000000000	3.3391832768950e+03
125.960000000000	3.3781602407196e+03
125.990000000000	3.4166016331975e+03
126.020000000000	3.4544996010074e+03
126.050000000000	3.4918465735855e+03
126.080000000000	3.5286352661308e+03
126.110000000000	3.5648586824314e+03
126.140000000000	3.6005101175101e+03
126.170000000000	3.6355831600866e+03
126.200000000000	3.6700716948562e+03
126.230000000000	3.7039699045829e+03
126.260000000000	3.7372722720055e+03
126.290000000000	3.7699735815580e+03
126.320000000000	3.8020689209028e+03
126.350000000000	3.8335536822763e+03
126.380000000000	3.8644235636481e+03
126.410000000000	3.8946745696930e+03
126.440000000000	3.9243030125768e+03
126.470000000000	3.9533055125553e+03
126.500000000000	3.9816789983871e+03
126.530000000000	4.0094207075605e+03
126.560000000000	4.0365281863346e+03
126.590000000000	4.0629992895955e+03
126.620000000000	4.0888321805272e+03
126.650000000000	4.1140253300992e+03
126.680000000000	4.1385775163709e+03
126.710000000000	4.1624878236155e+03
126.740000000000	4.1857556412630e+03
126.770000000000	4.2083806626664e+03
126.800000000000	4.2303628836919e+03
126.830000000000	4.2517026011358e+03
126.860000000000	4.2724004109697e+03
126.890000000000	4.2924572064181e+03
126.920000000000	4.3118741758674e+03
126.950000000000	4.3306528006112e+03
126.980000000000	4.3487948524318e+03
127.010000000000	4.3663023910195e+03
127.040000000000	4.3831777612312e+03
127.070000000000	4.3994235901887e+03
127.100000000000	4.4150427842186e+03
127.130000000000	4.4300385256358e+03
127.160000000000	4.4444142693628e+03
127.190000000000	4.4581737393978e+03
127.220000000000	4.4713209251349e+03
127.250000000000	4.4838600775241e+03
127.280000000000	4.4957957050865e+03
127.310000000000	4.5071325697842e+03
127.340000000000	4.5178756827506e+03
127.370000000000	4.5280302998851e+03
127.400000000000	4.5376019173203e+03
127.430000000000	4.5465962667661e+03
127.460000000000	4.5550193107391e+03
127.490000000000	4.5628772376855e+03
127.520000000000	4.5701764570042e+03
127.550000000000	4.5769235939794e+03
127.580000000000	4.5831254846313e+03
127.610000000000	4.5887891704913e+03
127.640000000000	4.5939218933130e+03
127.670000000000	4.5985310897232e+03
127.700000000000	4.6026243858228e+03
127.730000000000	4.6062095917430e+03
127.760000000000	4.6092946961632e+03
127.790000000000	4.6118878607954e+03
127.820000000000	4.6139974148390e+03
127.850000000000	4.6156318494106e+03
127.880000000000	4.6167998119486e+03
127.910000000000	4.6175101005964e+03
127.940000000000	4.6177716585628e+03
127.970000000000	4.6175935684590e+03
128.000000000000	4.6169850466127e+03
128.030000000000	4.6159554373549e+03
128.060000000000	4.6145142072803e+03
128.090000000000	4.6126709394767e+03
128.120000000000	4.6104353277236e+03
128.150000000000	4.6078171706579e+03
128.180000000000	4.6048263659059e+03
128.210000000000	4.6014729041829e+03
128.240000000000	4.5977668633620e+03
128.270000000000	4.5937184025137e+03
128.300000000000	4.5893377559230e+03
128.330000000000	4.5846352270875e+03
128.360000000000	4.5796211827037e+03
128.390000000000	4.5743060466506e+03
128.420000000000	4.5687002939778e+03
128.450000000000	4.5628144449083e+03
128.480000000000	4.5566590588653e+03
128.510000000000	4.5502447285329e+03
128.540000000000	4.5435820739593e+03
128.570000000000	4.5366817367121e+03
128.600000000000	4.5295543740923e+03
128.630000000000	4.5222106534149e+03
128.660000000000	4.5146612463605e+03
128.690000000000	4.5069168234030e+03
128.720000000000	4.4989880483153e+03
128.750000000000	4.4908855727554e+03
128.780000000000	4.4826200309339e+03
128.810000000000	4.4742020343610e+03
128.840000000000	4.4656421666739e+03
128.870000000000	4.4569509785429e+03
128.900000000000	4.4481389826532e+03
128.930000000000	4.4392166487631e+03
128.960000000000	4.4301943988367e+03
128.990000000000	4.4210826022497e+03
129.020000000000	4.4118915710692e+03
129.050000000000	4.4026315554077e+03
129.080000000000	4.3933127388524e+03
129.110000000000	4.3839452339716e+03
129.140000000000	4.3745390778994e+03
129.170000000000	4.3651042280023e+03
129.200000000000	4.3556505576300e+03
129.230000000000	4.3461878519510e+03
129.260000000000	4.3367258038781e+03
129.290000000000	4.3272740100824e+03
129.320000000000	4.3178419670995e+03
129.350000000000	4.3084390675272e+03
129.380000000000	4.2990745963152e+03
129.410000000000	4.2897577271462e+03
129.440000000000	4.2804975189068e+03
129.470000000000	4.2713029122478e+03
129.500000000000	4.2621827262310e+03
129.530000000000	4.2531456550608e+03
129.560000000000	4.2442002648994e+03
129.590000000000	4.2353549907630e+03
129.620000000000	4.2266181334981e+03
129.650000000000	4.2179978568377e+03
129.680000000000	4.2095021845355e+03
129.710000000000	4.2011389975812e+03
129.740000000000	4.1929160314954e+03
129.770000000000	4.1848408737073e+03
129.800000000000	4.1769209610179e+03
129.830000000000	4.1691635771503e+03
129.860000000000	4.1615758503903e+03
129.890000000000	4.1541647513219e+03
129.920000000000	4.1469370906581e+03
129.950000000000	4.1398995171719e+03
129.980000000000	4.1330585157288e+03
130.010000000000	4.1264204054219e+03
130.040000000000	4.1199913378114e+03
130.070000000000	4.1137772952686e+03
130.100000000000	4.1077840894227e+03
130.130000000000	4.1020173597110e+03
130.160000000000	4.0964825720283e+03
130.190000000000	4.0911850174756e+03
130.220000000000	4.0861298112035e+03
130.250000000000	4.0813218913484e+03
130.280000000000	4.0767660180582e+03
130.310000000000	4.0724667726051e+03
130.340000000000	4.0684285565823e+03
130.370000000000	4.0646555911829e+03
130.400000000000	4.0611519165580e+03
130.430000000000	4.0579213912538e+03
130.460000000000	4.0549676917240e+03
130.490000000000	4.0522943119182e+03
130.520000000000	4.0499045629437e+03
130.550000000000	4.0478015727998e+03
130.580000000000	4.0459882861830e+03
130.610000000000	4.0444674643627e+03
130.640000000000	4.0432416851241e+03
130.670000000000	4.0423133427777e+03
130.700000000000	4.0416846482334e+03
130.730000000000	4.0413576291367e+03
130.760000000000	4.0413341300659e+03
130.790000000000	4.0416158127871e+03
130.820000000000	4.0422041565672e+03
130.850000000000	4.0431004585410e+03
130.880000000000	4.0443058341344e+03
130.910000000000	4.0458212175388e+03
130.940000000000	4.0476473622395e+03
130.970000000000	4.0497848415962e+03
131.000000000000	4.0522340494745e+03
131.030000000000	4.0549952009296e+03
131.060000000000	4.0580683329406e+03
131.090000000000	4.0614533051948e+03
131.120000000000	4.0651498009217e+03
131.150000000000	4.0691573277743e+03
131.180000000000	4.0734752187558e+03
131.210000000000	4.0781026331900e+03
131.240000000000	4.0830385577318e+03
131.270000000000	4.0882818074143e+03
131.300000000000	4.0938310267295e+03
131.330000000000	4.0996846907389e+03
131.360000000000	4.1058411062094e+03
131.390000000000	4.1122984127721e+03
131.420000000000	4.1190545840998e+03
131.450000000000	4.1261074291019e+03
131.480000000000	4.1334545931363e+03
131.510000000000	4.1410935592203e+03
131.540000000000	4.1490216492754e+03
131.570000000000	4.1572360253708e+03
131.600000000000	4.1657336909824e+03
131.630000000000	4.1745114922684e+03
131.660000000000	4.1835661193605e+03
131.690000000000	4.1928941076755e+03
131.720000000000	4.2024918392500e+03
131.750000000000	4.2123555441006e+03
131.780000000000	4.2224813016150e+03
131.810000000000	4.2328650419765e+03
131.840000000000	4.2435025476254e+03
131.870000000000	4.2543894547622e+03
131.900000000000	4.2655212548936e+03
131.930000000000	4.2768932964261e+03
131.960000000000	4.2885007863074e+03
131.990000000000	4.3003387917181e+03
132.020000000000	4.3124022418143e+03
132.050000000000	4.3246859295201e+03
132.080000000000	4.3371845133692e+03
132.110000000000	4.3498925193940e+03
132.140000000000	4.3628043430582e+03
132.170000000000	4.3759142512305e+03
132.200000000000	4.3892163841941e+03
132.230000000000	4.4027047576870e+03
132.260000000000	4.4163732649695e+03
132.290000000000	4.4302156789117e+03
132.320000000000	4.4442256540969e+03
132.350000000000	4.4583967289376e+03
132.380000000000	4.4727223277972e+03
132.410000000000	4.4871957631182e+03
132.440000000000	4.5018102375513e+03
132.470000000000	4.5165588460871e+03
132.500000000000	4.5314345781902e+03
132.530000000000	4.5464303199363e+03
132.560000000000	4.5615388561571e+03
132.590000000000	4.5767528725950e+03
132.620000000000	4.5920649580739e+03
132.650000000000	4.6074676066900e+03
132.680000000000	4.6229532200300e+03
132.710000000000	4.6385141094220e+03
132.740000000000	4.6541424982248e+03
132.770000000000	4.6698305241610e+03
132.800000000000	4.6855702417003e+03
132.830000000000	4.7013536244945e+03
132.860000000000	4.7171725678707e+03
132.890000000000	4.7330188913816e+03
132.920000000000	4.7488843414167e+03
132.950000000000	4.7647605938730e+03
132.980000000000	4.7806392568853e+03
133.010000000000	4.7965118736140e+03
133.040000000000	4.8123699250884e+03
133.070000000000	4.8282048331030e+03
133.100000000000	4.8440079631638e+03
133.130000000000	4.8597706274821e+03
133.160000000000	4.8754840880125e+03
133.190000000000	4.8911395595334e+03
133.220000000000	4.9067282127676e+03
133.250000000000	4.9222411775418e+03
133.280000000000	4.9376695459840e+03
133.310000000000	4.9530043757592e+03
133.340000000000	4.9682366933419e+03
133.370000000000	4.9833574973277e+03
133.400000000000	4.9983577617837e+03
133.430000000000	5.0132284396387e+03
133.460000000000	5.0279604661136e+03
133.490000000000	5.0425447621939e+03
133.520000000000	5.0569722381419e+03
133.550000000000	5.0712337970522e+03
133.580000000000	5.0853203384455e+03
133.610000000000	5.0992227619033e+03
133.640000000000	5.1129319707399e+03
133.670000000000	5.1264388757098e+03
133.700000000000	5.1397343987491e+03
133.730000000000	5.1528094767472e+03
133.760000000000	5.1656550653470e+03
133.790000000000	5.1782621427711e+03
133.820000000000	5.1906217136712e+03
133.850000000000	5.2027248129991e+03
133.880000000000	5.2145625098977e+03
133.910000000000	5.2261259116123e+03
133.940000000000	5.2374061674202e+03
133.970000000000	5.2483944725802e+03
134.000000000000	5.2590820723037e+03
134.030000000000	5.2694602657468e+03
134.060000000000	5.2795204100288e+03
134.090000000000	5.2892539242756e+03
134.120000000000	5.2986522936942e+03
134.150000000000	5.3077070736773e+03
134.180000000000	5.3164098939422e+03
134.210000000000	5.3247524627048e+03
134.240000000000	5.3327265708886e+03
134.270000000000	5.3403240963711e+03
134.300000000000	5.3475370082635e+03
134.330000000000	5.3543573712255e+03
134.360000000000	5.3607773498100e+03
134.390000000000	5.3667892128352e+03
134.420000000000	5.3723853377808e+03
134.450000000000	5.3775582152026e+03
134.480000000000	5.3823004531614e+03
134.510000000000	5.3866047816611e+03
134.540000000000	5.3904640570906e+03
134.570000000000	5.3938712666652e+03
134.600000000000	5.3968195328640e+03
134.630000000000	5.3993021178566e+03
134.660000000000	5.4013124279194e+03
134.690000000000	5.4028440178356e+03
134.720000000000	5.4038905952776e+03
134.750000000000	5.4044460251697e+03
134.780000000000	5.4045043340289e+03
134.810000000000	5.4040597142820e+03
134.840000000000	5.4031065285569e+03
134.870000000000	5.4016393139473e+03
134.900000000000	5.3996527862466e+03
134.930000000000	5.3971418441506e+03
134.960000000000	5.3941015734244e+03
134.990000000000	5.3905272510317e+03
135.020000000000	5.3864143492225e+03
135.050000000000	5.3817585395753e+03
135.080000000000	5.3765556969910e+03
135.110000000000	5.3708019036335e+03
135.140000000000	5.3644934528141e+03
135.170000000000	5.3576268528165e+03
135.200000000000	5.3501988306570e+03
135.230000000000	5.3422063357791e+03
135.260000000000	5.3336465436769e+03
135.290000000000	5.3245168594464e+03
135.320000000000	5.3148149212588e+03
135.350000000000	5.3045386037561e+03
135.380000000000	5.2936860213616e+03
135.410000000000	5.2822555315055e+03
135.440000000000	5.2702457377587e+03
135.470000000000	5.2576554928715e+03
135.500000000000	5.2444839017138e+03
135.530000000000	5.2307303241093e+03
135.560000000000	5.2163943775604e+03
135.590000000000	5.2014759398579e+03
135.620000000000	5.1859751515697e+03
135.650000000000	5.1698924184036e+03
135.680000000000	5.1532284134386e+03
135.710000000000	5.1359840792202e+03
135.740000000000	5.1181606297159e+03
135.770000000000	5.0997595521252e+03
135.800000000000	5.0807826085460e+03
135.830000000000	5.0612318374812e+03
135.860000000000	5.0411095552014e+03
135.890000000000	5.0204183569534e+03
135.920000000000	4.9991611180096e+03
135.950000000000	4.9773409945627e+03
135.980000000000	4.9549614244638e+03
136.010000000000	4.9320261278043e+03
136.040000000000	4.9085391073399e+03
136.070000000000	4.8845046487596e+03
136.100000000000	4.8599273207968e+03
136.130000000000	4.8348119751861e+03
136.160000000000	4.8091637464629e+03
136.190000000000	4.7829880516088e+03
136.220000000000	4.7562905895413e+03
136.250000000000	4.7290773404492e+03
136.280000000000	4.7013545649729e+03
136.310000000000	4.6731288032297e+03
136.340000000000	4.6444068736842e+03
136.370000000000	4.6151958718615e+03
136.400000000000	4.5855031689037e+03
136.430000000000	4.5553364099663e+03
136.460000000000	4.5247035124535e+03
136.490000000000	4.4936126640881e+03
136.520000000000	4.4620723208133e+03
136.550000000000	4.4300912045228e+03
136.580000000000	4.3976783006135e+03
136.610000000000	4.3648428553572e+03
136.640000000000	4.3315943730862e+03
136.670000000000	4.2979426131883e+03
136.700000000000	4.2638975869062e+03
136.730000000000	4.2294695539385e+03
136.760000000000	4.1946690188388e+03
136.790000000000	4.1595067272104e+03
136.820000000000	4.1239936616963e+03
136.850000000000	4.0881410377644e+03
136.880000000000	4.0519602992887e+03
136.910000000000	4.0154631139302e+03
136.940000000000	3.9786613683203e+03
136.970000000000	3.9415671630521e+03
137.000000000000	3.9041928074852e+03
137.030000000000	3.8665508143695e+03
137.060000000000	3.8286538942967e+03
137.090000000000	3.7905149499837e+03
137.120000000000	3.7521470703972e+03
137.150000000000	3.7135635247249e+03
137.180000000000	3.6747777561985e+03
137.210000000000	3.6358033757762e+03
137.240000000000	3.5966541556867e+03
137.270000000000	3.5573440228395e+03
137.300000000000	3.5178870521056e+03
137.330000000000	3.4782974594683e+03
137.360000000000	3.4385895950470e+03
137.390000000000	3.3987779359958e+03
137.420000000000	3.3588770792747e+03
137.450000000000	3.3189017342973e+03
137.480000000000	3.2788667154533e+03
137.510000000000	3.2387869345073e+03
137.540000000000	3.1986773928754e+03
137.570000000000	3.1585531737814e+03
137.600000000000	3.1184294342959e+03
137.630000000000	3.0783213972600e+03
137.660000000000	3.0382443430998e+03
137.690000000000	2.9982136015353e+03
137.720000000000	2.9582445431901e+03
137.750000000000	2.9183525711067e+03
137.780000000000	2.8785531121755e+03
137.810000000000	2.8388616084836e+03
137.840000000000	2.7992935085897e+03
137.870000000000	2.7598642587332e+03
137.900000000000	2.7205892939830e+03
137.930000000000	2.6814840293337e+03
137.960000000000	2.6425638507545e+03
137.990000000000	2.6038441061969e+03
138.020000000000	2.5653400965668e+03
138.050000000000	2.5270670666666e+03
138.080000000000	2.4890401961107e+03
138.110000000000	2.4512745902212e+03
138.140000000000	2.4137852709060e+03
138.170000000000	2.3765871675261e+03
138.200000000000	2.3396951077555e+03
138.230000000000	2.3031238084384e+03
138.260000000000	2.2668878664498e+03
138.290000000000	2.2310017495651e+03
138.320000000000	2.1954797873444e+03
138.350000000000	2.1603361620382e+03
138.380000000000	2.1255848995226e+03
138.410000000000	2.0912398602715e+03
138.440000000000	2.0573147303734e+03
138.470000000000	2.0238230126029e+03
138.500000000000	1.9907780175549e+03
138.530000000000	1.9581928548516e+03
138.560000000000	1.9260804244311e+03
138.590000000000	1.8944534079265e+03
138.620000000000	1.8633242601460e+03
138.650000000000	1.8327052006600e+03
138.680000000000	1.8026082055060e+03
138.710000000000	1.7730449990174e+03
138.740000000000	1.7440270457830e+03
138.770000000000	1.7155655427452e+03
138.800000000000	1.6876714114408e+03
138.830000000000	1.6603552903914e+03
138.860000000000	1.6336275276478e+03
138.890000000000	1.6074981734936e+03
138.920000000000	1.5819769733124e+03
138.950000000000	1.5570733606236e+03
138.980000000000	1.5327964502916e+03
139.010000000000	1.5091550319130e+03
139.040000000000	1.4861575633881e+03
139.070000000000	1.4638121646804e+03
139.100000000000	1.4421266117715e+03
139.130000000000	1.4211083308165e+03
139.160000000000	1.4007643925056e+03
139.190000000000	1.3811015066385e+03
139.220000000000	1.3621260169166e+03
139.250000000000	1.3438438959597e+03
139.280000000000	1.3262607405515e+03
139.310000000000	1.3093817671201e+03
139.340000000000	1.2932118074567e+03
139.370000000000	1.2777553046782e+03
139.400000000000	1.2630163094366e+03
139.430000000000	1.2489984763788e+03
139.460000000000	1.2357050608608e+03
139.490000000000	1.2231389159188e+03
139.520000000000	1.2113024894998e+03
139.550000000000	1.2001978219558e+03
139.580000000000	1.1898265438041e+03
139.610000000000	1.1801898737563e+03
139.640000000000	1.1712886170195e+03
139.670000000000	1.1631231638739e+03
139.700000000000	1.1556934885281e+03
139.730000000000	1.1489991482565e+03
139.760000000000	1.1430392828215e+03
139.790000000000	1.1378126141823e+03
139.820000000000	1.1333174464932e+03
139.850000000000	1.1295516663922e+03
139.880000000000	1.1265127435813e+03
139.910000000000	1.1241977316983e+03
139.940000000000	1.1226032694796e+03
139.970000000000	1.1217255822132e+03
140.000000000000	1.1215604834805e+03
140.030000000000	1.1221033771827e+03
140.060000000000	1.1233492598527e+03
140.090000000000	1.1252927232462e+03
140.120000000000	1.1279279572113e+03
140.150000000000	1.1312487528346e+03
140.180000000000	1.1352485058532e+03
140.210000000000	1.1399202203461e+03
140.240000000000	1.1452565126875e+03
140.270000000000	1.1512496157669e+03
140.300000000000	1.1578913834745e+03
140.330000000000	1.1651732954494e+03
140.360000000000	1.1730864620915e+03
140.390000000000	1.1816216298342e+03
140.420000000000	1.1907691866798e+03
140.450000000000	1.2005191679959e+03
140.480000000000	1.2108612625716e+03
140.510000000000	1.2217848189350e+03
140.540000000000	1.2332788519298e+03
140.570000000000	1.2453320495496e+03
140.600000000000	1.2579327800296e+03
140.630000000000	1.2710690991941e+03
140.660000000000	1.2847287580559e+03
140.690000000000	1.2988992106663e+03
140.720000000000	1.3135676222131e+03
140.750000000000	1.3287208773599e+03
140.780000000000	1.3443455888254e+03
140.810000000000	1.3604281061948e+03
140.840000000000	1.3769545249587e+03
140.870000000000	1.3939106957720e+03
140.900000000000	1.4112822339248e+03
140.930000000000	1.4290545290177e+03
140.960000000000	1.4472127548310e+03
140.990000000000	1.4657418793792e+03
141.020000000000	1.4846266751394e+03
141.050000000000	1.5038517294426e+03
141.080000000000	1.5234014550174e+03
141.110000000000	1.5432601006746e+03
141.140000000000	1.5634117621203e+03
141.170000000000	1.5838403928888e+03
141.200000000000	1.6045298153819e+03
141.230000000000	1.6254637320062e+03
141.260000000000	1.6466257363989e+03
141.290000000000	1.6679993247319e+03
141.320000000000	1.6895679070878e+03
141.350000000000	1.7113148188987e+03
141.380000000000	1.7332233324427e+03
141.410000000000	1.7552766683907e+03
141.440000000000	1.7774580073991e+03
141.470000000000	1.7997505017415e+03
141.500000000000	1.8221372869764e+03
141.530000000000	1.8446014936443e+03
141.560000000000	1.8671262589898e+03
141.590000000000	1.8896947387031e+03
141.620000000000	1.9122901186753e+03
141.650000000000	1.9348956267615e+03
141.680000000000	1.9574945445435e+03
141.710000000000	1.9800702190862e+03
141.740000000000	2.0026060746776e+03
141.770000000000	2.0250856245449e+03
141.800000000000	2.0474924825350e+03
141.830000000000	2.0698103747519e+03
141.860000000000	2.0920231511365e+03
141.890000000000	2.1141147969809e+03
141.920000000000	2.1360694443639e+03
141.950000000000	2.1578713834969e+03
141.980000000000	2.1795050739688e+03
142.010000000000	2.2009551558789e+03
142.040000000000	2.2222064608476e+03
142.070000000000	2.2432440228935e+03
142.100000000000	2.2640530891696e+03
142.130000000000	2.2846191305471e+03
142.160000000000	2.3049278520406e+03
142.190000000000	2.3249652030664e+03
142.220000000000	2.3447173875258e+03
142.250000000000	2.3641708737079e+03
142.280000000000	2.3833124040052e+03
142.310000000000	2.4021290044356e+03
142.340000000000	2.4206079939638e+03
142.370000000000	2.4387369936187e+03
142.400000000000	2.4565039353971e+03
142.430000000000	2.4738970709501e+03
142.460000000000	2.4909049800442e+03
142.490000000000	2.5075165787907e+03
142.520000000000	2.5237211276357e+03
142.550000000000	2.5395082391037e+03
142.580000000000	2.5548678852877e+03
142.610000000000	2.5697904050758e+03
142.640000000000	2.5842665111097e+03
142.670000000000	2.5982872964634e+03
142.700000000000	2.6118442410382e+03
142.730000000000	2.6249292176630e+03
142.760000000000	2.6375344978952e+03
142.790000000000	2.6496527575148e+03
142.820000000000	2.6612770817047e+03
142.850000000000	2.6724009699143e+03
142.880000000000	2.6830183403989e+03
142.910000000000	2.6931235344343e+03
142.940000000000	2.7027113202018e+03
142.970000000000	2.7117768963421e+03
143.000000000000	2.7203158951780e+03
143.030000000000	2.7283243856044e+03
143.060000000000	2.7357988756468e+03
143.090000000000	2.7427363146878e+03
143.120000000000	2.7491340953643e+03
143.150000000000	2.7549900551349e+03
143.180000000000	2.7603024775196e+03
143.210000000000	2.7650700930124e+03
143.240000000000	2.7692920796668e+03
143.270000000000	2.7729680633562e+03
143.300000000000	2.7760981177065e+03
143.330000000000	2.7786827637025e+03
143.360000000000	2.7807229689661e+03
143.390000000000	2.7822201467048e+03
143.420000000000	2.7831761543298e+03
143.450000000000	2.7835932917423e+03
143.480000000000	2.7834742992862e+03
143.510000000000	2.7828223553665e+03
143.540000000000	2.7816410737338e+03
143.570000000000	2.7799345004337e+03
143.600000000000	2.7777071104229e+03
143.630000000000	2.7749638038536e+03
143.660000000000	2.7717099020281e+03
143.690000000000	2.7679511430267e+03
143.720000000000	2.7636936770129e+03
143.750000000000	2.7589440612198e+03
143.780000000000	2.7537092546235e+03
143.810000000000	2.7479966123064e+03
143.840000000000	2.7418138795183e+03
143.870000000000	2.7351691854395e+03
143.900000000000	2.7280710366512e+03
143.930000000000	2.7205283103194e+03
143.960000000000	2.7125502470991e+03
143.990000000000	2.7041464437619e+03
144.020000000000	2.6953268455552e+03
144.050000000000	2.6861017382986e+03
144.080000000000	2.6764817402220e+03
144.110000000000	2.6664777935550e+03
144.140000000000	2.6561011558707e+03
144.170000000000	2.6453633911948e+03
144.200000000000	2.6342763608845e+03
144.230000000000	2.6228522142870e+03
144.260000000000	2.6111033791851e+03
144.290000000000	2.5990425520387e+03
144.320000000000	2.5866826880304e+03
144.350000000000	2.5740369909244e+03
144.380000000000	2.5611189027472e+03
144.410000000000	2.5479420932981e+03
144.440000000000	2.5345204494988e+03
144.470000000000	2.5208679600902e+03
144.500000000000	2.5069989899809e+03
144.530000000000	2.4929280605746e+03
144.560000000000	2.4786698181441e+03
144.590000000000	2.4642390706445e+03
144.620000000000	2.4496507762499e+03
144.650000000000	2.4349200317803e+03
144.680000000000	2.4200620610250e+03
144.710000000000	2.4050922029694e+03
144.740000000000	2.3900258999341e+03
144.770000000000	2.3748786856336e+03
144.800000000000	2.3596661731644e+03
144.830000000000	2.3444040429310e+03
144.860000000000	2.3291080305209e+03
144.890000000000	2.3137939145376e+03
144.920000000000	2.2984775044045e+03
144.950000000000	2.2831746281491e+03
144.980000000000	2.2679011201803e+03
145.010000000000	2.2526728090706e+03
145.040000000000	2.2375055053549e+03
145.070000000000	2.2224149893570e+03
145.100000000000	2.2074169990577e+03
145.130000000000	2.1925272180146e+03
145.160000000000	2.1777612633465e+03
145.190000000000	2.1631346737933e+03
145.220000000000	2.1486628978637e+03
145.250000000000	2.1343612820827e+03
145.280000000000	2.1202450593486e+03
145.310000000000	2.1063293374129e+03
145.340000000000	2.0926290874930e+03
145.370000000000	2.0791591330292e+03
145.400000000000	2.0659341385964e+03
145.430000000000	2.0529685989816e+03
145.460000000000	2.0402768284357e+03
145.490000000000	2.0278729501104e+03
145.520000000000	2.0157708856875e+03
145.550000000000	2.0039843452095e+03
145.580000000000	1.9925268171179e+03
145.610000000000	1.9814115585054e+03
145.640000000000	1.9706515855883e+03
145.670000000000	1.9602596644014e+03
145.700000000000	1.9502483017223e+03
145.730000000000	1.9406297362256e+03
145.760000000000	1.9314159298712e+03
145.790000000000	1.9226185595293e+03
145.820000000000	1.9142490088430e+03
145.850000000000	1.9063183603336e+03
145.880000000000	1.8988373877481e+03
145.910000000000	1.8918165486556e+03
145.940000000000	1.8852659772926e+03
145.970000000000	1.8791954776657e+03
146.000000000000	1.8736145169125e+03
146.030000000000	1.8685322189311e+03
146.060000000000	1.8639573582803e+03
146.090000000000	1.8598983543618e+03
146.120000000000	1.8563632658898e+03
146.150000000000	1.8533597856561e+03
146.180000000000	1.8508952356017e+03
146.210000000000	1.8489765622004e+03
146.240000000000	1.8476103321645e+03
146.270000000000	1.8468027284806e+03
146.300000000000	1.8465595467823e+03
146.330000000000	1.8468861920668e+03
146.360000000000	1.8477876757610e+03
146.390000000000	1.8492686131417e+03
146.420000000000	1.8513332211132e+03
146.450000000000	1.8539853163452e+03
146.480000000000	1.8572283137698e+03
146.510000000000	1.8610652254403e+03
146.540000000000	1.8654986597474e+03
146.570000000000	1.8705308209927e+03
146.600000000000	1.8761635093146e+03
146.630000000000	1.8823981209640e+03
146.660000000000	1.8892356489249e+03
146.690000000000	1.8966766838759e+03
146.720000000000	1.9047214154878e+03
146.750000000000	1.9133696340536e+03
146.780000000000	1.9226207324465e+03
146.810000000000	1.9324737084019e+03
146.840000000000	1.9429271671218e+03
146.870000000000	1.9539793241962e+03
146.900000000000	1.9656280088405e+03
146.930000000000	1.9778706674466e+03
146.960000000000	1.9907043674440e+03
146.990000000000	2.0041258014696e+03
147.020000000000	2.0181312918430e+03
147.050000000000	2.0327167953441e+03
147.080000000000	2.0478779082909e+03
147.110000000000	2.0636098719106e+03
147.140000000000	2.0799075780030e+03
147.170000000000	2.0967655748882e+03
147.200000000000	2.1141780736333e+03
147.230000000000	2.1321389545525e+03
147.260000000000	2.1506417739719e+03
147.290000000000	2.1696797712527e+03
147.320000000000	2.1892458760633e+03
147.350000000000	2.2093327158928e+03
147.380000000000	2.2299326237963e+03
147.410000000000	2.2510376463637e+03
147.440000000000	2.2726395519022e+03
147.470000000000	2.2947298388246e+03
147.500000000000	2.3172997442332e+03
147.530000000000	2.3403402526914e+03
147.560000000000	2.3638421051753e+03
147.590000000000	2.3877958081961e+03
147.620000000000	2.4121916430854e+03
147.650000000000	2.4370196754384e+03
147.680000000000	2.4622697647045e+03
147.710000000000	2.4879315739217e+03
147.740000000000	2.5139945795860e+03
147.770000000000	2.5404480816510e+03
147.800000000000	2.5672812136496e+03
147.830000000000	2.5944829529325e+03
147.860000000000	2.6220421310151e+03
147.890000000000	2.6499474440274e+03
147.920000000000	2.6781874632564e+03
147.950000000000	2.7067506457751e+03
147.980000000000	2.7356253451464e+03
148.010000000000	2.7647998221944e+03
148.040000000000	2.7942622558305e+03
148.070000000000	2.8240007539241e+03
148.100000000000	2.8540033642072e+03
148.130000000000	2.8842580851984e+03
148.160000000000	2.9147528771363e+03
148.190000000000	2.9454756729090e+03
148.220000000000	2.9764143889675e+03
148.250000000000	3.0075569362111e+03
148.280000000000	3.0388912308327e+03
148.310000000000	3.0704052051138e+03
148.340000000000	3.1020868181571e+03
148.370000000000	3.1339240665475e+03
148.400000000000	3.1659049949322e+03
148.430000000000	3.1980177065089e+03
148.460000000000	3.2302503734157e+03
148.490000000000	3.2625912470124e+03
148.520000000000	3.2950286680456e+03
148.550000000000	3.3275510766891e+03
148.580000000000	3.3601470224520e+03
148.610000000000	3.3928051739451e+03
148.640000000000	3.4255143284975e+03
148.670000000000	3.4582634216155e+03
148.700000000000	3.4910415362738e+03
148.730000000000	3.5238379120306e+03
148.760000000000	3.5566419539585e+03
148.790000000000	3.5894432413830e+03
148.820000000000	3.6222315364176e+03
148.850000000000	3.6549967922775e+03
148.880000000000	3.6877291614012e+03
148.910000000000	3.7204190033260e+03
148.940000000000	3.7530568923384e+03
148.970000000000	3.7856336248845e+03
149.000000000000	3.8181402267390e+03
149.030000000000	3.8505679599232e+03
149.060000000000	3.8829083293705e+03
149.090000000000	3.9151530893330e+03
149.120000000000	3.9472942495255e+03
149.150000000000	3.9793240810021e+03
149.180000000000	4.0112351217607e+03
149.210000000000	4.0430201820717e+03
149.240000000000	4.0746723495235e+03
149.270000000000	4.1061849937825e+03
149.300000000000	4.1375517710594e+03
149.330000000000	4.1687666282779e+03
149.360000000000	4.1998238069390e+03
149.390000000000	4.2307178466752e+03
149.420000000000	4.2614435884894e+03
149.450000000000	4.2919961776729e+03
149.480000000000	4.3223710663977e+03
149.510000000000	4.3525640159792e+03
149.540000000000	4.3825710988052e+03
149.570000000000	4.4123886999288e+03
149.600000000000	4.4420135183240e+03
149.630000000000	4.4714425678014e+03
149.660000000000	4.5006731775853e+03
149.690000000000	4.5297029925518e+03
149.720000000000	4.5585299731295e+03
149.750000000000	4.5871523948646e+03
149.780000000000	4.6155688476522e+03
149.810000000000	4.6437782346382e+03
149.840000000000	4.6717797707925e+03
149.870000000000	4.6995729811593e+03
149.900000000000	4.7271576987871e+03
149.930000000000	4.7545340623422e+03
149.960000000000	4.7817025134110e+03
149.990000000000	4.8086637934938e+03
150.020000000000	4.8354189406967e+03
150.050000000000	4.8619692861252e+03
150.080000000000	4.8883164499846e+03
150.110000000000	4.9144623373936e+03
150.140000000000	4.9404091339153e+03
150.170000000000	4.9661593008119e+03
150.200000000000	4.9917155700295e+03
150.230000000000	5.0170809389171e+03
150.260000000000	5.0422586646871e+03
150.290000000000	5.0672522586220e+03
150.320000000000	5.0920654800335e+03
150.350000000000	5.1167023299780e+03
150.380000000000	5.1411670447348e+03
150.410000000000	5.1654640890500e+03
150.440000000000	5.1895981491520e+03
150.470000000000	5.2135741255418e+03
150.500000000000	5.2373971255616e+03
150.530000000000	5.2610724557472e+03
150.560000000000	5.2846056139667e+03
150.590000000000	5.3080022813497e+03
150.620000000000	5.3312683140127e+03
150.650000000000	5.3544097345852e+03
150.680000000000	5.3774327235415e+03
150.710000000000	5.4003436103459e+03
150.740000000000	5.4231488644184e+03
150.770000000000	5.4458550859283e+03
150.800000000000	5.4684689964270e+03
150.830000000000	5.4909974293283e+03
150.860000000000	5.5134473202499e+03
150.890000000000	5.5358256972258e+03
150.920000000000	5.5581396708058e+03
150.950000000000	5.5803964240528e+03
150.980000000000	5.6026032024551e+03
151.010000000000	5.6247673037665e+03
151.040000000000	5.6468960677895e+03
151.070000000000	5.6689968661169e+03
151.100000000000	5.6910770918446e+03
151.130000000000	5.7131441492714e+03
151.160000000000	5.7352054435967e+03
151.190000000000	5.7572683706296e+03
151.220000000000	5.7793403065203e+03
151.250000000000	5.8014285975234e+03
151.280000000000	5.8235405498024e+03
151.310000000000	5.8456834192841e+03
151.340000000000	5.8678644015685e+03
151.370000000000	5.8900906219025e+03
151.400000000000	5.9123691252221e+03
151.430000000000	5.9347068662692e+03
151.460000000000	5.9571106997889e+03
151.490000000000	5.9795873708127e+03
151.520000000000	6.0021435050341e+03
151.550000000000	6.0247855992835e+03
151.580000000000	6.0475200121095e+03
151.610000000000	6.0703529544759e+03
151.640000000000	6.0932904805828e+03
151.670000000000	6.1163384788220e+03
151.700000000000	6.1395026628768e+03
151.730000000000	6.1627885629798e+03
151.760000000000	6.1862015173367e+03
151.790000000000	6.2097466637307e+03
151.820000000000	6.2334289313193e+03
151.850000000000	6.2572530326327e+03
151.880000000000	6.2812234557884e+03
151.910000000000	6.3053444569300e+03
151.940000000000	6.3296200529015e+03
151.970000000000	6.3540540141664e+03
152.000000000000	6.3786498579790e+03
152.030000000000	6.4034108418174e+03
152.060000000000	6.4283399570818e+03
152.090000000000	6.4534399230678e+03
152.120000000000	6.4787131812168e+03
152.150000000000	6.5041618896497e+03
152.180000000000	6.5297879179874e+03
152.210000000000	6.5555928424622e+03
152.240000000000	6.5815779413232e+03
152.270000000000	6.6077441905383e+03
152.300000000000	6.6340922597966e+03
152.330000000000	6.6606225088147e+03
152.360000000000	6.6873349839483e+03
152.390000000000	6.7142294151139e+03
152.420000000000	6.7413052130236e+03
152.450000000000	6.7685614667365e+03
152.480000000000	6.7959969415305e+03
152.510000000000	6.8236100770982e+03
152.540000000000	6.8513989860727e+03
152.570000000000	6.8793614528851e+03
152.600000000000	6.9074949329603e+03
152.630000000000	6.9357965522532e+03
152.660000000000	6.9642631071320e+03
152.690000000000	6.9928910646092e+03
152.720000000000	7.0216765629265e+03
152.750000000000	7.0506154124935e+03
152.780000000000	7.0797030971851e+03
152.810000000000	7.1089347759967e+03
152.840000000000	7.1383052850585e+03
152.870000000000	7.1678091400082e+03
152.900000000000	7.1974405387214e+03
152.930000000000	7.2271933643966e+03
152.960000000000	7.2570611889924e+03
152.990000000000	7.2870372770132e+03
153.020000000000	7.3171145896388e+03
153.050000000000	7.3472857891934e+03
153.080000000000	7.3775432439490e+03
153.110000000000	7.4078790332573e+03
153.140000000000	7.4382849530082e+03
153.170000000000	7.4687525213964e+03
153.200000000000	7.4992729850128e+03
153.230000000000	7.5298373252388e+03
153.260000000000	7.5604362649413e+03
153.290000000000	7.5910602754661e+03
153.320000000000	7.6216995839232e+03
153.350000000000	7.6523441807594e+03
153.380000000000	7.6829838276118e+03
153.410000000000	7.7136080654380e+03
153.440000000000	7.7442062229154e+03
153.470000000000	7.7747674251049e+03
153.500000000000	7.8052806023706e+03
153.530000000000	7.8357344995487e+03
153.560000000000	7.8661176853587e+03
153.590000000000	7.8964185620459e+03
153.620000000000	7.9266253752498e+03
153.650000000000	7.9567262240870e+03
153.680000000000	7.9867090714396e+03
153.710000000000	8.0165617544414e+03
153.740000000000	8.0462719951504e+03
153.770000000000	8.0758274114004e+03
153.800000000000	8.1052155278208e+03
153.830000000000	8.1344237870172e+03
153.860000000000	8.1634395609032e+03
153.890000000000	8.1922501621748e+03
153.920000000000	8.2208428559191e+03
153.950000000000	8.2492048713476e+03
153.980000000000	8.2773234136466e+03
154.010000000000	8.3051856759335e+03
154.040000000000	8.3327788513110e+03
154.070000000000	8.3600901450067e+03
154.100000000000	8.3871067865894e+03
154.130000000000	8.4138160422480e+03
154.160000000000	8.4402052271222e+03
154.190000000000	8.4662617176713e+03
154.220000000000	8.4919729640670e+03
154.250000000000	8.5173265025974e+03
154.280000000000	8.5423099680669e+03
154.310000000000	8.5669111061776e+03
154.340000000000	8.5911177858790e+03
154.370000000000	8.6149180116710e+03
154.400000000000	8.6382999358464e+03
154.430000000000	8.6612518706611e+03
154.460000000000	8.6837623004178e+03
154.490000000000	8.7058198934526e+03
154.520000000000	8.7274135140117e+03
154.550000000000	8.7485322340096e+03
154.580000000000	8.7691653446561e+03
154.610000000000	8.7893023679436e+03
154.640000000000	8.8089330679855e+03
154.670000000000	8.8280474621952e+03
154.700000000000	8.8466358322974e+03
154.730000000000	8.8646887351628e+03
154.760000000000	8.8821970134559e+03
154.790000000000	8.8991518060889e+03
154.820000000000	8.9155445584705e+03
154.850000000000	8.9313670325423e+03
154.880000000000	8.9466113165935e+03
154.910000000000	8.9612698348439e+03
154.940000000000	8.9753353567887e+03
154.970000000000	8.9888010062949e+03
155.000000000000	9.0016602704424e+03
155.030000000000	9.0139070081012e+03
155.060000000000	9.0255354582370e+03
155.090000000000	9.0365402479388e+03
155.120000000000	9.0469164001602e+03
155.150000000000	9.0566593411669e+03
155.180000000000	9.0657649076852e+03
155.210000000000	9.0742293537410e+03
155.240000000000	9.0820493571853e+03
155.270000000000	9.0892220258953e+03
155.300000000000	9.0957449036447e+03
155.330000000000	9.1016159756349e+03
155.360000000000	9.1068336736766e+03
155.390000000000	9.1113968810150e+03
155.420000000000	9.1153049367874e+03
155.450000000000	9.1185576401053e+03
155.480000000000	9.1211552537506e+03
155.510000000000	9.1230985074778e+03
155.540000000000	9.1243886009127e+03
155.570000000000	9.1250272060409e+03
155.600000000000	9.1250164692766e+03
155.630000000000	9.1243590131075e+03
155.660000000000	9.1230579373090e+03
155.690000000000	9.1211168197238e+03
155.720000000000	9.1185397166034e+03
155.750000000000	9.1153311625103e+03
155.780000000000	9.1114961697793e+03
155.810000000000	9.1070402275386e+03
155.840000000000	9.1019693002934e+03
155.870000000000	9.0962898260719e+03
155.900000000000	9.0900087141413e+03
155.930000000000	9.0831333422938e+03
155.960000000000	9.0756715537117e+03
155.990000000000	9.0676316534134e+03
156.020000000000	9.0590224042894e+03
156.050000000000	9.0498530227315e+03
156.080000000000	9.0401331738631e+03
156.110000000000	9.0298729663743e+03
156.140000000000	9.0190829469691e+03
156.170000000000	9.0077740944278e+03
156.200000000000	8.9959578132899e+03
156.230000000000	8.9836459271600e+03
156.260000000000	8.9708506716418e+03
156.290000000000	8.9575846869008e+03
156.320000000000	8.9438610098589e+03
156.350000000000	8.9296930660234e+03
156.380000000000	8.9150946609514e+03
156.410000000000	8.9000799713522e+03
156.440000000000	8.8846635358307e+03
156.470000000000	8.8688602452732e+03
156.500000000000	8.8526853328814e+03
156.530000000000	8.8361543638571e+03
156.560000000000	8.8192832247439e+03
156.590000000000	8.8020881124332e+03
156.620000000000	8.7845855228393e+03
156.650000000000	8.7667922392557e+03
156.680000000000	8.7487253203976e+03
156.710000000000	8.7304020881456e+03
156.740000000000	8.7118401149963e+03
156.770000000000	8.6930572112357e+03
156.800000000000	8.6740714118443e+03
156.830000000000	8.6549009631466e+03
156.860000000000	8.6355643092184e+03
156.890000000000	8.6160800780622e+03
156.920000000000	8.5964670675644e+03
156.950000000000	8.5767442312454e+03
156.980000000000	8.5569306638144e+03
157.010000000000	8.5370455865413e+03
157.040000000000	8.5171083324561e+03
157.070000000000	8.4971383313871e+03
157.100000000000	8.4771550948490e+03
157.130000000000	8.4571782007923e+03
157.160000000000	8.4372272782242e+03
157.190000000000	8.4173219917106e+03
157.220000000000	8.3974820257733e+03
157.250000000000	8.3777270691903e+03
157.280000000000	8.3580767992118e+03
157.310000000000	8.3385508657041e+03
157.340000000000	8.3191688752324e+03
157.370000000000	8.2999503750961e+03
157.400000000000	8.2809148373289e+03
157.430000000000	8.2620816426774e+03
157.460000000000	8.2434700645721e+03
157.490000000000	8.2250992531083e+03
157.520000000000	8.2069882190490e+03
157.550000000000	8.1891558178614e+03
157.580000000000	8.1716207338123e+03
157.610000000000	8.1544014641325e+03
157.640000000000	8.1375163032664e+03
157.670000000000	8.1209833272244e+03
157.700000000000	8.1048203780518e+03
157.730000000000	8.0890450484318e+03
157.760000000000	8.0736746664353e+03
157.790000000000	8.0587262804329e+03
157.820000000000	8.0442166441825e+03
157.850000000000	8.0301622021050e+03
157.880000000000	8.0165790747610e+03
157.910000000000	8.0034830445389e+03
157.940000000000	7.9908895415666e+03
157.970000000000	7.9788136298559e+03
158.000000000000	7.9672699936914e+03
158.030000000000	7.9562729242719e+03
158.060000000000	7.9458363066150e+03
158.090000000000	7.9359736067346e+03
158.120000000000	7.9266978591009e+03
158.150000000000	7.9180216543934e+03
158.180000000000	7.9099571275564e+03
158.210000000000	7.9025159461687e+03
158.240000000000	7.8957092991380e+03
158.270000000000	7.8895478857312e+03
158.300000000000	7.8840419049519e+03
158.330000000000	7.8792010452773e+03
158.360000000000	7.8750344747648e+03
158.390000000000	7.8715508315409e+03
158.420000000000	7.8687582146818e+03
158.450000000000	7.8666641754974e+03
158.480000000000	7.8652757092274e+03
158.510000000000	7.8645992471601e+03
158.540000000000	7.8646406491802e+03
158.570000000000	7.8654051967552e+03
158.600000000000	7.8668975863663e+03
158.630000000000	7.8691219233902e+03
158.660000000000	7.8720817164361e+03
158.690000000000	7.8757798721457e+03
158.720000000000	7.8802186904574e+03
158.750000000000	7.8853998603410e+03
158.780000000000	7.8913244560066e+03
158.810000000000	7.8979929335906e+03
158.840000000000	7.9054051283238e+03
158.870000000000	7.9135602521850e+03
158.900000000000	7.9224568920436e+03
158.930000000000	7.9320930082954e+03
158.960000000000	7.9424659339952e+03
158.990000000000	7.9535723744894e+03
159.020000000000	7.9654084075525e+03
159.050000000000	7.9779694840294e+03
159.080000000000	7.9912504289858e+03
159.110000000000	8.0052454433689e+03
159.140000000000	8.0199481061783e+03
159.170000000000	8.0353513771466e+03
159.200000000000	8.0514475999302e+03
159.230000000000	8.0682285058056e+03
159.260000000000	8.0856852178711e+03
159.290000000000	8.1038082557481e+03
159.320000000000	8.1225875407782e+03
159.350000000000	8.1420124017114e+03
159.380000000000	8.1620715808791e+03
159.410000000000	8.1827532408465e+03
159.440000000000	8.2040449715385e+03
159.470000000000	8.2259337978320e+03
159.500000000000	8.2484061876093e+03
159.530000000000	8.2714480602662e+03
159.560000000000	8.2950447956688e+03
159.590000000000	8.3191812435517e+03
159.620000000000	8.3438417333548e+03
159.650000000000	8.3690100844886e+03
159.680000000000	8.3946696170261e+03
159.710000000000	8.4208031628117e+03
159.740000000000	8.4473930769837e+03
159.770000000000	8.4744212499019e+03
159.800000000000	8.5018691194733e+03
159.830000000000	8.5297176838711e+03
159.860000000000	8.5579475146351e+03
159.890000000000	8.5865387701498e+03
159.920000000000	8.6154712094877e+03
159.950000000000	8.6447242066111e+03
159.980000000000	8.6742767649220e+03
160.010000000000	8.7041075321509e+03
160.040000000000	8.7341948155725e+03
160.070000000000	8.7645165975401e+03
160.100000000000	8.7950505513263e+03
160.130000000000	8.8257740572592e+03
160.160000000000	8.8566642191427e+03
160.190000000000	8.8876978809495e+03
160.220000000000	8.9188516437745e+03
160.250000000000	8.9501018830361e+03
160.280000000000	8.9814247659130e+03
160.310000000000	9.0127962690036e+03
160.340000000000	9.0441921961942e+03
160.370000000000	9.0755881967216e+03
160.400000000000	9.1069597834162e+03
160.430000000000	9.1382823511112e+03
160.460000000000	9.1695311951998e+03
160.490000000000	9.2006815303284e+03
160.520000000000	9.2317085092058e+03
160.550000000000	9.2625872415130e+03
160.580000000000	9.2932928128976e+03
160.610000000000	9.3238003040331e+03
160.640000000000	9.3540848097277e+03
160.670000000000	9.3841214580633e+03
160.700000000000	9.4138854295484e+03
160.730000000000	9.4433519762669e+03
160.760000000000	9.4724964410047e+03
160.790000000000	9.5012942763385e+03
160.820000000000	9.5297210636689e+03
160.850000000000	9.5577525321816e+03
160.880000000000	9.5853645777221e+03
160.910000000000	9.6125332815663e+03
160.940000000000	9.6392349290744e+03
160.970000000000	9.6654460282130e+03
161.000000000000	9.6911433279309e+03
161.030000000000	9.7163038363781e+03
161.060000000000	9.7409048389529e+03
161.090000000000	9.7649239161664e+03
161.120000000000	9.7883389613134e+03
161.150000000000	9.8111281979373e+03
161.180000000000	9.8332701970786e+03
161.210000000000	9.8547438942961e+03
161.240000000000	9.8755286064494e+03
161.270000000000	9.8956040482319e+03
161.300000000000	9.9149503484423e+03
161.330000000000	9.9335480659826e+03
161.360000000000	9.9513782055707e+03
161.390000000000	9.9684222331538e+03
161.420000000000	9.9846620910095e+03
161.450000000000	1.0000080212522e+04
161.480000000000	1.0014659536615e+04
161.510000000000	1.0028383521835e+04
161.540000000000	1.0041236160062e+04
161.570000000000	1.0053201989838e+04
161.600000000000	1.0064266109297e+04
161.630000000000	1.0074414188695e+04
161.660000000000	1.0083632482500e+04
161.690000000000	1.0091907841068e+04
161.720000000000	1.0099227721855e+04
161.750000000000	1.0105580200190e+04
161.780000000000	1.0110953979572e+04
161.810000000000	1.0115338401500e+04
161.840000000000	1.0118723454822e+04
161.870000000000	1.0121099784595e+04
161.900000000000	1.0122458700453e+04
161.930000000000	1.0122792184472e+04
161.960000000000	1.0122092898532e+04
161.990000000000	1.0120354191166e+04
162.020000000000	1.0117570103893e+04
162.050000000000	1.0113735377032e+04
162.080000000000	1.0108845454982e+04
162.110000000000	1.0102896490981e+04
162.140000000000	1.0095885351322e+04
162.170000000000	1.0087809619029e+04
162.200000000000	1.0078667596992e+04
162.230000000000	1.0068458310553e+04
162.260000000000	1.0057181509539e+04
162.290000000000	1.0044837669742e+04
162.320000000000	1.0031427993837e+04
162.350000000000	1.0016954411752e+04
162.380000000000	1.0001419580458e+04
162.410000000000	9.9848268832155e+03
162.440000000000	9.9671804282400e+03
162.470000000000	9.9484850468126e+03
162.500000000000	9.9287462908209e+03
162.530000000000	9.9079704297359e+03
162.560000000000	9.8861644470243e+03
162.590000000000	9.8633360359986e+03
162.620000000000	9.8394935951058e+03
162.650000000000	9.8146462226587e+03
162.680000000000	9.7888037110126e+03
162.710000000000	9.7619765401916e+03
162.740000000000	9.7341758709703e+03
162.770000000000	9.7054135374150e+03
162.800000000000	9.6757020388926e+03
162.830000000000	9.6450545315532e+03
162.860000000000	9.6134848192944e+03
162.890000000000	9.5810073442148e+03
162.920000000000	9.5476371765671e+03
162.950000000000	9.5133900042173e+03
162.980000000000	9.4782821216216e+03
163.010000000000	9.4423304183283e+03
163.040000000000	9.4055523670168e+03
163.070000000000	9.3679660110800e+03
163.100000000000	9.3295899517637e+03
163.130000000000	9.2904433348692e+03
163.160000000000	9.2505458370314e+03
163.190000000000	9.2099176515811e+03
163.220000000000	9.1685794740026e+03
163.250000000000	9.1265524869952e+03
163.280000000000	9.0838583451515e+03
163.310000000000	9.0405191592607e+03
163.340000000000	8.9965574802509e+03
163.370000000000	8.9519962827789e+03
163.400000000000	8.9068589484827e+03
163.430000000000	8.8611692489072e+03
163.460000000000	8.8149513281156e+03
163.490000000000	8.7682296850021e+03
163.520000000000	8.7210291553176e+03
163.550000000000	8.6733748934228e+03
163.580000000000	8.6252923537843e+03
163.610000000000	8.5768072722264e+03
163.640000000000	8.5279456469553e+03
163.670000000000	8.4787337193690e+03
163.700000000000	8.4291979546692e+03
163.730000000000	8.3793650222889e+03
163.760000000000	8.3292617761518e+03
163.790000000000	8.2789152347777e+03
163.820000000000	8.2283525612502e+03
163.850000000000	8.1776010430595e+03
163.880000000000	8.1266880718378e+03
163.910000000000	8.0756411230015e+03
163.940000000000	8.0244877353149e+03
163.970000000000	7.9732554903925e+03
164.000000000000	7.9219719921548e+03
164.030000000000	7.8706648462541e+03
164.060000000000	7.8193616394870e+03
164.090000000000	7.7680899192099e+03
164.120000000000	7.7168771727758e+03
164.150000000000	7.6657508070088e+03
164.180000000000	7.6147381277337e+03
164.210000000000	7.5638663193806e+03
164.240000000000	7.5131624246788e+03
164.270000000000	7.4626533244615e+03
164.300000000000	7.4123657175956e+03
164.330000000000	7.3623261010549e+03
164.360000000000	7.3125607501534e+03
164.390000000000	7.2630956989552e+03
164.420000000000	7.2139567208746e+03
164.450000000000	7.1651693094840e+03
164.480000000000	7.1167586595408e+03
164.510000000000	7.0687496482499e+03
164.540000000000	7.0211668167725e+03
164.570000000000	6.9740343519956e+03
164.600000000000	6.9273760685732e+03
164.630000000000	6.8812153912524e+03
164.660000000000	6.8355753374952e+03
164.690000000000	6.7904785004090e+03
164.720000000000	6.7459470319967e+03
164.750000000000	6.7020026267387e+03
164.780000000000	6.6586665055185e+03
164.810000000000	6.6159593999049e+03
164.840000000000	6.5739015368017e+03
164.870000000000	6.5325126234778e+03
164.900000000000	6.4918118329902e+03
164.930000000000	6.4518177900108e+03
164.960000000000	6.4125485570702e+03
164.990000000000	6.3740216212295e+03
165.020000000000	6.3362538811916e+03
165.050000000000	6.2992616348631e+03
165.080000000000	6.2630605673774e+03
165.110000000000	6.2276657395903e+03
165.140000000000	6.1930915770558e+03
165.170000000000	6.1593518594949e+03
165.200000000000	6.1264597107640e+03
165.230000000000	6.0944275893334e+03
165.260000000000	6.0632672792850e+03
165.290000000000	6.0329898818366e+03
165.320000000000	6.0036058074025e+03
165.350000000000	5.9751247681984e+03
165.380000000000	5.9475557713972e+03
165.410000000000	5.9209071128463e+03
165.440000000000	5.8951863713500e+03
165.470000000000	5.8704004035275e+03
165.500000000000	5.8465553392491e+03
165.530000000000	5.8236565776594e+03
165.560000000000	5.8017087837893e+03
165.590000000000	5.7807158857620e+03
165.620000000000	5.7606810725949e+03
165.650000000000	5.7416067925989e+03
165.680000000000	5.7234947523760e+03
165.710000000000	5.7063459164132e+03
165.740000000000	5.6901605072716e+03
165.770000000000	5.6749380063681e+03
165.800000000000	5.6606771553445e+03
165.830000000000	5.6473759580215e+03
165.860000000000	5.6350316829306e+03
165.890000000000	5.6236408664190e+03
165.920000000000	5.6131993163224e+03
165.950000000000	5.6037021161975e+03
165.980000000000	5.5951436301109e+03
166.010000000000	5.5875175079757e+03
166.040000000000	5.5808166914310e+03
166.070000000000	5.5750334202589e+03
166.100000000000	5.5701592393318e+03
166.130000000000	5.5661850060873e+03
166.160000000000	5.5631008985201e+03
166.190000000000	5.5608964236912e+03
166.220000000000	5.5595604267480e+03
166.250000000000	5.5590811004481e+03
166.280000000000	5.5594459951817e+03
166.310000000000	5.5606420294906e+03
166.340000000000	5.5626555010737e+03
166.370000000000	5.5654720982782e+03
166.400000000000	5.5690769120656e+03
166.430000000000	5.5734544484507e+03
166.460000000000	5.5785886414024e+03
166.490000000000	5.5844628662024e+03
166.520000000000	5.5910599532511e+03
166.550000000000	5.5983622023129e+03
166.580000000000	5.6063513971915e+03
166.610000000000	5.6150088208229e+03
166.640000000000	5.6243152707768e+03
166.670000000000	5.6342510751528e+03
166.700000000000	5.6447961088572e+03
166.730000000000	5.6559298102486e+03
166.760000000000	5.6676311981351e+03
166.790000000000	5.6798788891084e+03
166.820000000000	5.6926511151995e+03
166.850000000000	5.7059257418374e+03
166.880000000000	5.7196802860963e+03
166.910000000000	5.7338919352128e+03
166.940000000000	5.7485375653570e+03
166.970000000000	5.7635937606400e+03
167.000000000000	5.7790368323425e+03
167.030000000000	5.7948428383467e+03
167.060000000000	5.8109876027570e+03
167.090000000000	5.8274467356929e+03
167.120000000000	5.8441956532389e+03
167.150000000000	5.8612095975369e+03
167.180000000000	5.8784636570053e+03
167.210000000000	5.8959327866705e+03
167.240000000000	5.9135918285956e+03
167.270000000000	5.9314155323921e+03
167.300000000000	5.9493785757980e+03
167.330000000000	5.9674555853090e+03
167.360000000000	5.9856211568461e+03
167.390000000000	6.0038498764438e+03
167.420000000000	6.0221163409440e+03
167.450000000000	6.0403951786779e+03
167.480000000000	6.0586610701212e+03
167.510000000000	6.0768887685047e+03
167.540000000000	6.0950531203630e+03
167.570000000000	6.1131290860068e+03
167.600000000000	6.1310917598989e+03
167.630000000000	6.1489163909184e+03
167.660000000000	6.1665784024958e+03
167.690000000000	6.1840534126017e+03
167.720000000000	6.2013172535717e+03
167.750000000000	6.2183459917515e+03
167.780000000000	6.2351159469450e+03
167.810000000000	6.2516037116483e+03
167.840000000000	6.2677861700550e+03
167.870000000000	6.2836405168153e+03
167.900000000000	6.2991442755350e+03
167.930000000000	6.3142753169987e+03
167.960000000000	6.3290118771027e+03
167.990000000000	6.3433325744855e+03
168.020000000000	6.3572164278402e+03
168.050000000000	6.3706428728985e+03
168.080000000000	6.3835917790734e+03
168.110000000000	6.3960434657489e+03
168.140000000000	6.4079787182063e+03
168.170000000000	6.4193788031759e+03
168.200000000000	6.4302254840046e+03
168.230000000000	6.4405010354281e+03
168.260000000000	6.4501882579387e+03
168.290000000000	6.4592704917387e+03
168.320000000000	6.4677316302685e+03
168.350000000000	6.4755561333002e+03
168.380000000000	6.4827290395856e+03
168.410000000000	6.4892359790499e+03
168.440000000000	6.4950631845182e+03
168.470000000000	6.5001975029662e+03
168.500000000000	6.5046264062843e+03
168.530000000000	6.5083380015444e+03
168.560000000000	6.5113210407588e+03
168.590000000000	6.5135649301236e+03
168.620000000000	6.5150597387353e+03
168.650000000000	6.5157962067725e+03
168.680000000000	6.5157657531362e+03
168.710000000000	6.5149604825398e+03
168.740000000000	6.5133731920442e+03
168.770000000000	6.5109973770316e+03
168.800000000000	6.5078272366144e+03
168.830000000000	6.5038576784752e+03
168.860000000000	6.4990843231356e+03
168.890000000000	6.4935035076515e+03
168.920000000000	6.4871122887336e+03
168.950000000000	6.4799084452928e+03
168.980000000000	6.4718904804098e+03
169.010000000000	6.4630576227284e+03
169.040000000000	6.4534098272741e+03
169.070000000000	6.4429477756967e+03
169.100000000000	6.4316728759388e+03
169.130000000000	6.4195872613292e+03
169.160000000000	6.4066937891033e+03
169.190000000000	6.3929960383489e+03
169.220000000000	6.3784983073808e+03
169.250000000000	6.3632056105412e+03
169.280000000000	6.3471236744309e+03
169.310000000000	6.3302589335691e+03
169.340000000000	6.3126185254858e+03
169.370000000000	6.2942102852483e+03
169.400000000000	6.2750427394250e+03
169.430000000000	6.2551250994909e+03
169.460000000000	6.2344672546794e+03
169.490000000000	6.2130797642861e+03
169.520000000000	6.1909738494322e+03
169.550000000000	6.1681613842954e+03
169.580000000000	6.1446548868158e+03
169.610000000000	6.1204675088888e+03
169.640000000000	6.0956130260535e+03
169.670000000000	6.0701058266879e+03
169.700000000000	6.0439609007227e+03
169.730000000000	6.0171938278844e+03
169.760000000000	5.9898207654794e+03
169.790000000000	5.9618584357294e+03
169.820000000000	5.9333241126702e+03
169.850000000000	5.9042356086228e+03
169.880000000000	5.8746112602485e+03
169.910000000000	5.8444699141953e+03
169.940000000000	5.8138309123466e+03
169.970000000000	5.7827140766804e+03
170.000000000000	5.7511396937475e+03
170.030000000000	5.7191284987778e+03
170.060000000000	5.6867016594241e+03
170.090000000000	5.6538807591521e+03
170.120000000000	5.6206877802871e+03
170.150000000000	5.5871450867281e+03
170.180000000000	5.5532754063409e+03
170.210000000000	5.5191018130424e+03
170.240000000000	5.4846477085903e+03
170.270000000000	5.4499368040916e+03
170.300000000000	5.4149931012457e+03
170.330000000000	5.3798408733384e+03
170.360000000000	5.3445046460019e+03
170.390000000000	5.3090091777611e+03
170.420000000000	5.2733794403797e+03
170.450000000000	5.2376405990271e+03
170.480000000000	5.2018179922849e+03
170.510000000000	5.1659371120004e+03
170.540000000000	5.1300235830236e+03
170.570000000000	5.0941031428289e+03
170.600000000000	5.0582016210453e+03
170.630000000000	5.0223449189121e+03
170.660000000000	4.9865589886763e+03
170.690000000000	4.9508698129478e+03
170.720000000000	4.9153033840318e+03
170.750000000000	4.8798856832513e+03
170.780000000000	4.8446426602803e+03
170.810000000000	4.8096002125018e+03
170.840000000000	4.7747841644088e+03
170.870000000000	4.7402202470660e+03
170.900000000000	4.7059340776465e+03
170.930000000000	4.6719511390643e+03
170.960000000000	4.6382967597163e+03
170.990000000000	4.6049960933514e+03
171.020000000000	4.5720740990846e+03
171.050000000000	4.5395555215682e+03
171.080000000000	4.5074648713400e+03
171.110000000000	4.4758264053594e+03
171.140000000000	4.4446641077472e+03
171.170000000000	4.4140016707434e+03
171.200000000000	4.3838624758938e+03
171.230000000000	4.3542695754797e+03
171.260000000000	4.3252456742022e+03
171.290000000000	4.2968131111319e+03
171.320000000000	4.2689938419367e+03
171.350000000000	4.2418094213979e+03
171.380000000000	4.2152809862269e+03
171.410000000000	4.1894292381925e+03
171.440000000000	4.1642744275713e+03
171.470000000000	4.1398363369318e+03
171.500000000000	4.1161342652643e+03
171.530000000000	4.0931870124684e+03
171.560000000000	4.0710128642089e+03
171.590000000000	4.0496295771534e+03
171.620000000000	4.0290543646020e+03
171.650000000000	4.0093038825220e+03
171.680000000000	3.9903942159984e+03
171.710000000000	3.9723408661125e+03
171.740000000000	3.9551587372594e+03
171.770000000000	3.9388621249159e+03
171.800000000000	3.9234647038700e+03
171.830000000000	3.9089795169216e+03
171.860000000000	3.8954189640667e+03
171.890000000000	3.8827947921737e+03
171.920000000000	3.8711180851615e+03
171.950000000000	3.8603992546900e+03
171.980000000000	3.8506480313702e+03
172.010000000000	3.8418734565031e+03
172.040000000000	3.8340838743548e+03
172.070000000000	3.8272869249745e+03
172.100000000000	3.8214895375610e+03
172.130000000000	3.8166979243838e+03
172.160000000000	3.8129175752634e+03
172.190000000000	3.8101532526126e+03
172.220000000000	3.8084089870442e+03
172.250000000000	3.8076880735446e+03
172.280000000000	3.8079930682167e+03
172.310000000000	3.8093257855913e+03
172.340000000000	3.8116872965081e+03
172.370000000000	3.8150779265659e+03
172.400000000000	3.8194972551414e+03
172.430000000000	3.8249441149755e+03
172.460000000000	3.8314165923275e+03
172.490000000000	3.8389120276937e+03
172.520000000000	3.8474270170926e+03
172.550000000000	3.8569574139114e+03
172.580000000000	3.8674983313163e+03
172.610000000000	3.8790441452220e+03
172.640000000000	3.8915884978201e+03
172.670000000000	3.9051243016633e+03
172.700000000000	3.9196437443042e+03
172.730000000000	3.9351382934838e+03
172.760000000000	3.9515987028686e+03
172.790000000000	3.9690150183300e+03
172.820000000000	3.9873765847636e+03
172.850000000000	4.0066720534425e+03
172.880000000000	4.0268893898997e+03
172.910000000000	4.0480158823320e+03
172.940000000000	4.0700381505216e+03
172.970000000000	4.0929421552661e+03
173.000000000000	4.1167132083101e+03
173.030000000000	4.1413359827704e+03
173.060000000000	4.1667945240467e+03
173.090000000000	4.1930722612076e+03
173.120000000000	4.2201520188431e+03
173.150000000000	4.2480160293737e+03
173.180000000000	4.2766459458055e+03
173.210000000000	4.3060228549188e+03
173.240000000000	4.3361272908820e+03
173.270000000000	4.3669392492751e+03
173.300000000000	4.3984382015141e+03
173.330000000000	4.4306031096608e+03
173.360000000000	4.4634124416086e+03
173.390000000000	4.4968441866280e+03
173.420000000000	4.5308758712618e+03
173.450000000000	4.5654845755563e+03
173.480000000000	4.6006469496145e+03
173.510000000000	4.6363392304612e+03
173.540000000000	4.6725372592046e+03
173.570000000000	4.7092164984851e+03
173.600000000000	4.7463520501966e+03
173.630000000000	4.7839186734701e+03
173.660000000000	4.8218908029061e+03
173.690000000000	4.8602425670455e+03
173.720000000000	4.8989478070649e+03
173.750000000000	4.9379800956856e+03
173.780000000000	4.9773127562830e+03
173.810000000000	5.0169188821830e+03
173.840000000000	5.0567713561319e+03
173.870000000000	5.0968428699264e+03
173.900000000000	5.1371059441877e+03
173.930000000000	5.1775329482647e+03
173.960000000000	5.2180961202511e+03
173.990000000000	5.2587675870981e+03
174.020000000000	5.2995193848068e+03
174.050000000000	5.3403234786825e+03
174.080000000000	5.3811517836332e+03
174.110000000000	5.4219761844935e+03
174.140000000000	5.4627685563577e+03
174.170000000000	5.5035007849032e+03
174.200000000000	5.5441447866876e+03
174.230000000000	5.5846725294014e+03
174.260000000000	5.6250560520625e+03
174.290000000000	5.6652674851346e+03
174.320000000000	5.7052790705550e+03
174.350000000000	5.7450631816591e+03
174.380000000000	5.7845923429851e+03
174.410000000000	5.8238392499490e+03
174.440000000000	5.8627767883741e+03
174.470000000000	5.9013780538655e+03
174.500000000000	5.9396163710149e+03
174.530000000000	5.9774653124253e+03
174.560000000000	6.0148987175431e+03
174.590000000000	6.0518907112847e+03
174.620000000000	6.0884157224453e+03
174.650000000000	6.1244485018771e+03
174.680000000000	6.1599641404239e+03
174.710000000000	6.1949380865971e+03
174.740000000000	6.2293461639813e+03
174.770000000000	6.2631645883530e+03
174.800000000000	6.2963699845020e+03
174.830000000000	6.3289394027311e+03
174.860000000000	6.3608503350334e+03
174.890000000000	6.3920807309283e+03
174.920000000000	6.4226090129368e+03
174.950000000000	6.4524140916888e+03
174.980000000000	6.4814753806491e+03
175.010000000000	6.5097728104500e+03
175.040000000000	6.5372868428196e+03
175.070000000000	6.5639984840965e+03
175.100000000000	6.5898892983207e+03
175.130000000000	6.6149414198933e+03
175.160000000000	6.6391375657968e+03
175.190000000000	6.6624610473691e+03
175.220000000000	6.6848957816247e+03
175.250000000000	6.7064263021169e+03
175.280000000000	6.7270377693354e+03
175.310000000000	6.7467159806321e+03
175.340000000000	6.7654473796716e+03
175.370000000000	6.7832190653982e+03
175.400000000000	6.8000188005150e+03
175.430000000000	6.8158350194682e+03
175.460000000000	6.8306568359304e+03
175.490000000000	6.8444740497776e+03
175.520000000000	6.8572771535521e+03
175.550000000000	6.8690573384072e+03
175.580000000000	6.8798064995265e+03
175.610000000000	6.8895172410126e+03
175.640000000000	6.8981828802423e+03
175.670000000000	6.9057974516811e+03
175.700000000000	6.9123557101568e+03
175.730000000000	6.9178531335865e+03
175.760000000000	6.9222859251589e+03
175.790000000000	6.9256510149669e+03
175.820000000000	6.9279460610935e+03
175.850000000000	6.9291694501503e+03
175.880000000000	6.9293202972701e+03
175.910000000000	6.9283984455549e+03
175.940000000000	6.9264044649828e+03
175.970000000000	6.9233396507754e+03
176.000000000000	6.9192060212297e+03
176.030000000000	6.9140063150172e+03
176.060000000000	6.9077439879537e+03
176.090000000000	6.9004232092440e+03
176.120000000000	6.8920488572048e+03
176.150000000000	6.8826265144700e+03
176.180000000000	6.8721624626827e+03
176.210000000000	6.8606636766778e+03
176.240000000000	6.8481378181606e+03
176.270000000000	6.8345932288866e+03
176.300000000000	6.8200389233465e+03
176.330000000000	6.8044845809651e+03
176.360000000000	6.7879405378190e+03
176.390000000000	6.7704177778803e+03
176.420000000000	6.7519279237955e+03
176.450000000000	6.7324832272071e+03
176.480000000000	6.7120965586278e+03
176.510000000000	6.6907813968761e+03
176.540000000000	6.6685518180854e+03
176.570000000000	6.6454224842939e+03
176.600000000000	6.6214086316301e+03
176.630000000000	6.5965260581015e+03
176.660000000000	6.5707911109998e+03
176.690000000000	6.5442206739318e+03
176.720000000000	6.5168321534888e+03
176.750000000000	6.4886434655636e+03
176.780000000000	6.4596730213263e+03
176.810000000000	6.4299397128689e+03
176.840000000000	6.3994628985301e+03
176.870000000000	6.3682623879081e+03
176.900000000000	6.3363584265732e+03
176.930000000000	6.3037716804895e+03
176.960000000000	6.2705232201561e+03
176.990000000000	6.2366345044770e+03
177.020000000000	6.2021273643720e+03
177.050000000000	6.1670239861375e+03
177.080000000000	6.1313468945698e+03
177.110000000000	6.0951189358618e+03
177.140000000000	6.0583632602849e+03
177.170000000000	6.0211033046694e+03
177.200000000000	5.9833627746953e+03
177.230000000000	5.9451656270072e+03
177.260000000000	5.9065360511675e+03
177.290000000000	5.8674984514610e+03
177.320000000000	5.8280774285671e+03
177.350000000000	5.7882977611124e+03
177.380000000000	5.7481843871212e+03
177.410000000000	5.7077623853782e+03
177.440000000000	5.6670569567198e+03
177.470000000000	5.6260934052704e+03
177.500000000000	5.5848971196400e+03
177.530000000000	5.5434935540999e+03
177.560000000000	5.5019082097534e+03
177.590000000000	5.4601666157173e+03
177.620000000000	5.4182943103315e+03
177.650000000000	5.3763168224135e+03
177.680000000000	5.3342596525718e+03
177.710000000000	5.2921482545954e+03
177.740000000000	5.2500080169334e+03
177.770000000000	5.2078642442798e+03
177.800000000000	5.1657421392748e+03
177.830000000000	5.1236667843387e+03
177.860000000000	5.0816631236482e+03
177.890000000000	5.0397559452678e+03
177.920000000000	4.9979698634466e+03
177.950000000000	4.9563293010935e+03
177.980000000000	4.9148584724376e+03
178.010000000000	4.8735813658884e+03
178.040000000000	4.8325217271017e+03
178.070000000000	4.7917030422664e+03
178.100000000000	4.7511485216177e+03
178.130000000000	4.7108810831911e+03
178.160000000000	4.6709233368269e+03
178.190000000000	4.6312975684353e+03
178.220000000000	4.5920257245353e+03
178.250000000000	4.5531293970768e+03
178.280000000000	4.5146298085601e+03
178.310000000000	4.4765477974606e+03
178.340000000000	4.4389038039742e+03
178.370000000000	4.4017178560917e+03
178.400000000000	4.3650095560152e+03
178.430000000000	4.3287980669258e+03
178.460000000000	4.2931021001156e+03
178.490000000000	4.2579399024911e+03
178.520000000000	4.2233292444612e+03
178.550000000000	4.1892874082173e+03
178.580000000000	4.1558311764149e+03
178.610000000000	4.1229768212668e+03
178.640000000000	4.0907400940539e+03
178.670000000000	4.0591362150636e+03
178.700000000000	4.0281798639616e+03
178.730000000000	3.9978851706031e+03
178.760000000000	3.9682657062920e+03
178.790000000000	3.9393344754886e+03
178.820000000000	3.9111039079757e+03
178.850000000000	3.8835858514813e+03
178.880000000000	3.8567915647652e+03
178.910000000000	3.8307317111690e+03
178.940000000000	3.8054163526315e+03
178.970000000000	3.7808549441721e+03
179.000000000000	3.7570563288398e+03
179.030000000000	3.7340287331307e+03
179.060000000000	3.7117797628724e+03
179.090000000000	3.6903163995758e+03
179.120000000000	3.6696449972529e+03
179.150000000000	3.6497712796984e+03
179.180000000000	3.6307003382593e+03
179.210000000000	3.6124366300370e+03
179.240000000000	3.5949839765820e+03
179.270000000000	3.5783455630517e+03
179.300000000000	3.5625239378384e+03
179.330000000000	3.5475210126682e+03
179.360000000000	3.5333380631724e+03
179.390000000000	3.5199757299326e+03
179.420000000000	3.5074340199996e+03
179.450000000000	3.4957123088871e+03
179.480000000000	3.4848093430395e+03
179.510000000000	3.4747232427737e+03
179.540000000000	3.4654515056921e+03
179.570000000000	3.4569910105662e+03
179.600000000000	3.4493380216858e+03
179.630000000000	3.4424881936708e+03
179.660000000000	3.4364365767398e+03
179.690000000000	3.4311776224306e+03
179.720000000000	3.4267051897647e+03
179.750000000000	3.4230125518490e+03
179.780000000000	3.4200924029073e+03
179.810000000000	3.4179368657315e+03
179.840000000000	3.4165374995448e+03
179.870000000000	3.4158853082672e+03
179.900000000000	3.4159707491736e+03
179.930000000000	3.4167837419359e+03
179.960000000000	3.4183136780383e+03
179.990000000000	3.4205494305577e+03
180.020000000000	3.4234793642991e+03
180.050000000000	3.4270913462773e+03
180.080000000000	3.4313727565366e+03
180.110000000000	3.4363104992987e+03
180.140000000000	3.4418910144310e+03
180.170000000000	3.4481002892276e+03
180.200000000000	3.4549238704925e+03
180.230000000000	3.4623468769190e+03
180.260000000000	3.4703540117546e+03
180.290000000000	3.4789295757434e+03
180.320000000000	3.4880574803361e+03
180.350000000000	3.4977212611581e+03
180.380000000000	3.5079040917244e+03
180.410000000000	3.5185887973915e+03
180.440000000000	3.5297578695327e+03
180.470000000000	3.5413934799257e+03
180.500000000000	3.5534774953388e+03
180.530000000000	3.5659914923024e+03
180.560000000000	3.5789167720509e+03
180.590000000000	3.5922343756216e+03
180.620000000000	3.6059250990948e+03
180.650000000000	3.6199695089615e+03
180.680000000000	3.6343479576025e+03
180.710000000000	3.6490405988665e+03
180.740000000000	3.6640274037314e+03
180.770000000000	3.6792881760358e+03
180.800000000000	3.6948025682683e+03
180.830000000000	3.7105500974012e+03
180.860000000000	3.7265101607578e+03
180.890000000000	3.7426620519012e+03
180.920000000000	3.7589849765347e+03
180.950000000000	3.7754580684029e+03
180.980000000000	3.7920604051837e+03
181.010000000000	3.8087710243622e+03
181.040000000000	3.8255689390751e+03
181.070000000000	3.8424331539170e+03
181.100000000000	3.8593426806976e+03
181.130000000000	3.8762765541397e+03
181.160000000000	3.8932138475067e+03
181.190000000000	3.9101336881479e+03
181.220000000000	3.9270152729490e+03
181.250000000000	3.9438378836768e+03
181.280000000000	3.9605809022031e+03
181.310000000000	3.9772238255959e+03
181.340000000000	3.9937462810626e+03
181.370000000000	4.0101280407342e+03
181.400000000000	4.0263490362733e+03
181.430000000000	4.0423893732960e+03
181.460000000000	4.0582293455914e+03
181.490000000000	4.0738494491289e+03
181.520000000000	4.0892303958389e+03
181.550000000000	4.1043531271572e+03
181.580000000000	4.1191988273211e+03
181.610000000000	4.1337489364077e+03
181.640000000000	4.1479851631057e+03
181.670000000000	4.1618894972106e+03
181.700000000000	4.1754442218362e+03
181.730000000000	4.1886319253351e+03
181.760000000000	4.2014355129196e+03
181.790000000000	4.2138382179779e+03
181.820000000000	4.2258236130779e+03
181.850000000000	4.2373756206522e+03
181.880000000000	4.2484785233588e+03
181.910000000000	4.2591169741101e+03
181.940000000000	4.2692760057645e+03
181.970000000000	4.2789410404746e+03
182.000000000000	4.2880978986854e+03
182.030000000000	4.2967328077764e+03
182.060000000000	4.3048324103423e+03
182.090000000000	4.3123837721065e+03
182.120000000000	4.3193743894612e+03
182.150000000000	4.3257921966316e+03
182.180000000000	4.3316255724572e+03
182.210000000000	4.3368633467891e+03
182.240000000000	4.3414948064981e+03
182.270000000000	4.3455097010927e+03
182.300000000000	4.3488982479436e+03
182.330000000000	4.3516511371155e+03
182.360000000000	4.3537595358021e+03
182.390000000000	4.3552150923668e+03
182.420000000000	4.3560099399861e+03
182.450000000000	4.3561366998971e+03
182.480000000000	4.3555884842472e+03
182.510000000000	4.3543588985467e+03
182.540000000000	4.3524420437227e+03
182.570000000000	4.3498325177735e+03
182.600000000000	4.3465254170229e+03
182.630000000000	4.3425163369716e+03
182.660000000000	4.3378013727459e+03
182.690000000000	4.3323771191409e+03
182.720000000000	4.3262406702569e+03
182.750000000000	4.3193896187279e+03
182.780000000000	4.3118220545418e+03
182.810000000000	4.3035365634504e+03
182.840000000000	4.2945322249708e+03
182.870000000000	4.2848086099785e+03
182.900000000000	4.2743657778935e+03
182.930000000000	4.2632042734626e+03
182.960000000000	4.2513251231408e+03
182.990000000000	4.2387298310760e+03
183.020000000000	4.2254203747028e+03
183.050000000000	4.2113991999502e+03
183.080000000000	4.1966692160703e+03
183.110000000000	4.1812337900962e+03
183.140000000000	4.1650967409354e+03
183.170000000000	4.1482623331085e+03
183.200000000000	4.1307352701410e+03
183.230000000000	4.1125206876185e+03
183.260000000000	4.0936241459143e+03
183.290000000000	4.0740516225991e+03
183.320000000000	4.0538095045429e+03
183.350000000000	4.0329045797198e+03
183.380000000000	4.0113440287250e+03
183.410000000000	3.9891354160145e+03
183.440000000000	3.9662866808786e+03
183.470000000000	3.9428061281592e+03
183.500000000000	3.9187024187138e+03
183.530000000000	3.8939845596496e+03
183.560000000000	3.8686618943269e+03
183.590000000000	3.8427440921423e+03
183.620000000000	3.8162411381011e+03
183.650000000000	3.7891633221881e+03
183.680000000000	3.7615212285439e+03
183.710000000000	3.7333257244547e+03
183.740000000000	3.7045879491633e+03
183.770000000000	3.6753193025089e+03
183.800000000000	3.6455314334027e+03
183.830000000000	3.6152362281485e+03
183.860000000000	3.5844457986148e+03
183.890000000000	3.5531724702674e+03
183.920000000000	3.5214287700726e+03
183.950000000000	3.4892274142785e+03
183.980000000000	3.4565812960861e+03
184.010000000000	3.4235034732207e+03
184.040000000000	3.3900071554146e+03
184.070000000000	3.3561056918134e+03
184.100000000000	3.3218125583180e+03
184.130000000000	3.2871413448754e+03
184.160000000000	3.2521057427312e+03
184.190000000000	3.2167195316571e+03
184.220000000000	3.1809965671662e+03
184.250000000000	3.1449507677303e+03
184.280000000000	3.1085961020105e+03
184.310000000000	3.0719465761159e+03
184.340000000000	3.0350162209019e+03
184.370000000000	2.9978190793194e+03
184.400000000000	2.9603691938290e+03
184.430000000000	2.9226805938898e+03
184.460000000000	2.8847672835351e+03
184.490000000000	2.8466432290451e+03
184.520000000000	2.8083223467280e+03
184.550000000000	2.7698184908197e+03
184.580000000000	2.7311454415103e+03
184.610000000000	2.6923168931101e+03
184.640000000000	2.6533464423611e+03
184.670000000000	2.6142475769055e+03
184.700000000000	2.5750336639179e+03
184.730000000000	2.5357179389113e+03
184.760000000000	2.4963134947224e+03
184.790000000000	2.4568332706871e+03
184.820000000000	2.4172900420102e+03
184.850000000000	2.3776964093392e+03
184.880000000000	2.3380647885472e+03
184.910000000000	2.2984074007334e+03
184.940000000000	2.2587362624471e+03
184.970000000000	2.2190631761414e+03
185.000000000000	2.1793997208654e+03
185.030000000000	2.1397572431999e+03
185.060000000000	2.1001468484450e+03
185.090000000000	2.0605793920658e+03
185.120000000000	2.0210654714051e+03
185.150000000000	1.9816154176691e+03
185.180000000000	1.9422392881948e+03
185.210000000000	1.9029468590066e+03
185.240000000000	1.8637476176700e+03
185.270000000000	1.8246507564503e+03
185.300000000000	1.7856651657831e+03
185.330000000000	1.7467994280651e+03
185.360000000000	1.7080618117719e+03
185.390000000000	1.6694602659079e+03
185.420000000000	1.6310024147972e+03
185.450000000000	1.5926955532180e+03
185.480000000000	1.5545466418877e+03
185.510000000000	1.5165623033014e+03
185.540000000000	1.4787488179272e+03
185.570000000000	1.4411121207623e+03
185.600000000000	1.4036577982498e+03
185.630000000000	1.3663910855594e+03
185.660000000000	1.3293168642316e+03
185.690000000000	1.2924396601849e+03
185.720000000000	1.2557636420877e+03
185.750000000000	1.2192926200912e+03
185.780000000000	1.1830300449243e+03
185.810000000000	1.1469790073485e+03
185.840000000000	1.1111422379701e+03
185.870000000000	1.0755221074093e+03
185.900000000000	1.0401206268245e+03
185.930000000000	1.0049394487883e+03
185.960000000000	9.6997986851538e+02
185.990000000000	9.3524282543886e+02
186.020000000000	9.0072890513482e+02
186.050000000000	8.6643834159170e+02
186.080000000000	8.3237101982338e+02
186.110000000000	7.9852647882395e+02
186.140000000000	7.6490391486148e+02
186.170000000000	7.3150218510877e+02
186.200000000000	6.9831981160733e+02
186.230000000000	6.6535498556266e+02
186.260000000000	6.3260557196586e+02
186.290000000000	6.0006911453789e+02
186.320000000000	5.6774284099181e+02
186.350000000000	5.3562366860757e+02
186.380000000000	5.0370821011333e+02
186.410000000000	4.7199277986708e+02
186.440000000000	4.4047340033158e+02
186.470000000000	4.0914580883561e+02
186.500000000000	3.7800546461293e+02
186.530000000000	3.4704755611174e+02
186.560000000000	3.1626700856610e+02
186.590000000000	2.8565849182035e+02
186.620000000000	2.5521642839869e+02
186.650000000000	2.2493500181105e+02
186.680000000000	1.9480816508636e+02
186.710000000000	1.6482964952539e+02
186.740000000000	1.3499297366433e+02
186.770000000000	1.0529145244138e+02
186.800000000000	7.5718206557061e+01
186.830000000000	4.6266172021610e+01
186.860000000000	1.6928109880349e+01
186.890000000000	-1.2303383890973e+01
186.920000000000	-4.1435868328850e+01
186.950000000000	-7.0477047271095e+01
186.980000000000	-9.9434759001145e+01
187.010000000000	-1.2831696575643e+02
187.040000000000	-1.5713174310961e+02
187.070000000000	-1.8588726923228e+02
187.100000000000	-2.1459181405114e+02
187.130000000000	-2.4325372830618e+02
187.160000000000	-2.7188143252150e+02
187.190000000000	-3.0048340589949e+02
187.220000000000	-3.2906817514896e+02
187.250000000000	-3.5764430325859e+02
187.280000000000	-3.8622037822661e+02
187.310000000000	-4.1480500175883e+02
187.340000000000	-4.4340677794592e+02
187.370000000000	-4.7203430193191e+02
187.400000000000	-5.0069614858614e+02
187.430000000000	-5.2940086118968e+02
187.460000000000	-5.5815694014873e+02
187.490000000000	-5.8697283174705e+02
187.520000000000	-6.1585691694839e+02
187.550000000000	-6.4481750026182e+02
187.580000000000	-6.7386279868055e+02
187.610000000000	-7.0300093070693e+02
187.640000000000	-7.3223990547388e+02
187.670000000000	-7.6158761197408e+02
187.700000000000	-7.9105180840845e+02
187.730000000000	-8.2064011166346e+02
187.760000000000	-8.5035998692792e+02
187.790000000000	-8.8021875841501e+02
187.820000000000	-9.1022362220296e+02
187.850000000000	-9.4038145116397e+02
187.880000000000	-9.7069900257744e+02
187.910000000000	-1.0011828325123e+03
187.940000000000	-1.0318392864793e+03
187.970000000000	-1.0626744902867e+03
188.000000000000	-1.0936943411078e+03
188.030000000000	-1.1249044987675e+03
188.060000000000	-1.1563103772565e+03
188.090000000000	-1.1879171364798e+03
188.120000000000	-1.2197296742491e+03
188.150000000000	-1.2517526185227e+03
188.180000000000	-1.2839903199029e+03
188.210000000000	-1.3164468443961e+03
188.240000000000	-1.3491259664413e+03
188.270000000000	-1.3820311622142e+03
188.300000000000	-1.4151656032112e+03
188.330000000000	-1.4485321501196e+03
188.360000000000	-1.4821333469797e+03
188.390000000000	-1.5159714156412e+03
188.420000000000	-1.5500482505238e+03
188.450000000000	-1.5843654136816e+03
188.480000000000	-1.6189241301813e+03
188.510000000000	-1.6537252837961e+03
188.540000000000	-1.6887694130223e+03
188.570000000000	-1.7240567074242e+03
188.600000000000	-1.7595870043118e+03
188.630000000000	-1.7953597857583e+03
188.660000000000	-1.8313741759608e+03
188.690000000000	-1.8676289389522e+03
188.720000000000	-1.9041224766669e+03
188.750000000000	-1.9408528273664e+03
188.780000000000	-1.9778176644280e+03
188.810000000000	-2.0150142955014e+03
188.840000000000	-2.0524396620354e+03
188.870000000000	-2.0900903391770e+03
188.900000000000	-2.1279625360458e+03
188.930000000000	-2.1660520963841e+03
188.960000000000	-2.2043544995840e+03
188.990000000000	-2.2428648620917e+03
189.020000000000	-2.2815779391881e+03
189.050000000000	-2.3204881271468e+03
189.080000000000	-2.3595894657672e+03
189.110000000000	-2.3988756412822e+03
189.140000000000	-2.4383399896386e+03
189.170000000000	-2.4779755001498e+03
189.200000000000	-2.5177748195160e+03
189.230000000000	-2.5577302562132e+03
189.260000000000	-2.5978337852444e+03
189.290000000000	-2.6380770532518e+03
189.320000000000	-2.6784513839863e+03
189.350000000000	-2.7189477841280e+03
189.380000000000	-2.7595569494543e+03
189.410000000000	-2.8002692713488e+03
189.440000000000	-2.8410748436454e+03
189.470000000000	-2.8819634698005e+03
189.500000000000	-2.9229246703844e+03
189.530000000000	-2.9639476908876e+03
189.560000000000	-3.0050215098298e+03
189.590000000000	-3.0461348471657e+03
189.620000000000	-3.0872761729801e+03
189.650000000000	-3.1284337164610e+03
189.680000000000	-3.1695954751457e+03
189.710000000000	-3.2107492244307e+03
189.740000000000	-3.2518825273374e+03
189.770000000000	-3.2929827445277e+03
189.800000000000	-3.3340370445609e+03
189.830000000000	-3.3750324143866e+03
189.860000000000	-3.4159556700656e+03
189.890000000000	-3.4567934677120e+03
189.920000000000	-3.4975323146513e+03
189.950000000000	-3.5381585807850e+03
189.980000000000	-3.5786585101554e+03
190.010000000000	-3.6190182327025e+03
190.040000000000	-3.6592237762045e+03
190.070000000000	-3.6992610783917e+03
190.100000000000	-3.7391159992251e+03
190.130000000000	-3.7787743333286e+03
190.160000000000	-3.8182218225644e+03
190.190000000000	-3.8574441687391e+03
190.220000000000	-3.8964270464299e+03
190.250000000000	-3.9351561159173e+03
190.280000000000	-3.9736170362132e+03
190.310000000000	-4.0117954781706e+03
190.340000000000	-4.0496771376634e+03
190.370000000000	-4.0872477488230e+03
190.400000000000	-4.1244930973195e+03
190.430000000000	-4.1613990336746e+03
190.460000000000	-4.1979514865952e+03
190.490000000000	-4.2341364763132e+03
190.520000000000	-4.2699401279214e+03
190.550000000000	-4.3053486846933e+03
190.580000000000	-4.3403485213729e+03
190.610000000000	-4.3749261574247e+03
190.640000000000	-4.4090682702311e+03
190.670000000000	-4.4427617082244e+03
190.700000000000	-4.4759935039435e+03
190.730000000000	-4.5087508870008e+03
190.760000000000	-4.5410212969507e+03
190.790000000000	-4.5727923960443e+03
190.820000000000	-4.6040520818625e+03
190.850000000000	-4.6347884998134e+03
190.880000000000	-4.6649900554842e+03
190.910000000000	-4.6946454268364e+03
190.940000000000	-4.7237435762338e+03
190.970000000000	-4.7522737622925e+03
191.000000000000	-4.7802255515437e+03
191.030000000000	-4.8075888298982e+03
191.060000000000	-4.8343538139044e+03
191.090000000000	-4.8605110617883e+03
191.120000000000	-4.8860514842688e+03
191.150000000000	-4.9109663551362e+03
191.180000000000	-4.9352473215859e+03
191.210000000000	-4.9588864142988e+03
191.240000000000	-4.9818760572564e+03
191.270000000000	-5.0042090772832e+03
191.300000000000	-5.0258787133058e+03
191.330000000000	-5.0468786253183e+03
191.360000000000	-5.0672029030443e+03
191.390000000000	-5.0868460742861e+03
191.420000000000	-5.1058031129487e+03
191.450000000000	-5.1240694467308e+03
191.480000000000	-5.1416409644706e+03
191.510000000000	-5.1585140231377e+03
191.540000000000	-5.1746854544613e+03
191.570000000000	-5.1901525711839e+03
191.600000000000	-5.2049131729339e+03
191.630000000000	-5.2189655517075e+03
191.660000000000	-5.2323084969518e+03
191.690000000000	-5.2449413002441e+03
191.720000000000	-5.2568637595592e+03
191.750000000000	-5.2680761831205e+03
191.780000000000	-5.2785793928302e+03
191.810000000000	-5.2883747272740e+03
191.840000000000	-5.2974640442981e+03
191.870000000000	-5.3058497231549e+03
191.900000000000	-5.3135346662156e+03
191.930000000000	-5.3205223002485e+03
191.960000000000	-5.3268165772601e+03
191.990000000000	-5.3324219749002e+03
192.020000000000	-5.3373434964269e+03
192.050000000000	-5.3415866702332e+03
192.080000000000	-5.3451575489332e+03
192.110000000000	-5.3480627080062e+03
192.140000000000	-5.3503092439981e+03
192.170000000000	-5.3519047722834e+03
192.200000000000	-5.3528574243782e+03
192.230000000000	-5.3531758448106e+03
192.260000000000	-5.3528691875459e+03
192.290000000000	-5.3519471119657e+03
192.320000000000	-5.3504197784020e+03
192.350000000000	-5.3482978432253e+03
192.380000000000	-5.3455924534894e+03
192.410000000000	-5.3423152411329e+03
192.440000000000	-5.3384783167403e+03
192.470000000000	-5.3340942628658e+03
192.500000000000	-5.3291761269224e+03
192.530000000000	-5.3237374136411e+03
192.560000000000	-5.3177920771053e+03
192.590000000000	-5.3113545123648e+03
192.620000000000	-5.3044395466367e+03
192.650000000000	-5.2970624300983e+03
192.680000000000	-5.2892388262804e+03
192.710000000000	-5.2809848020667e+03
192.740000000000	-5.2723168173078e+03
192.770000000000	-5.2632517140567e+03
192.800000000000	-5.2538067054331e+03
192.830000000000	-5.2439993641254e+03
192.860000000000	-5.2338476105354e+03
192.890000000000	-5.2233697005760e+03
192.920000000000	-5.2125842131271e+03
192.950000000000	-5.2015100371580e+03
192.980000000000	-5.1901663585235e+03
193.010000000000	-5.1785726464419e+03
193.040000000000	-5.1667486396620e+03
193.070000000000	-5.1547143323276e+03
193.100000000000	-5.1424899595493e+03
193.130000000000	-5.1300959826915e+03
193.160000000000	-5.1175530743854e+03
193.190000000000	-5.1048821032795e+03
193.220000000000	-5.0921041185375e+03
193.250000000000	-5.0792403340978e+03
193.280000000000	-5.0663121127065e+03
193.310000000000	-5.0533409497375e+03
193.340000000000	-5.0403484568149e+03
193.370000000000	-5.0273563452522e+03
193.400000000000	-5.0143864093217e+03
193.430000000000	-5.0014605093728e+03
193.460000000000	-4.9886005548103e+03
193.490000000000	-4.9758284869521e+03
193.520000000000	-4.9631662617779e+03
193.550000000000	-4.9506358325859e+03
193.580000000000	-4.9382591325719e+03
193.610000000000	-4.9260580573435e+03
193.640000000000	-4.9140544473853e+03
193.670000000000	-4.9022700704872e+03
193.700000000000	-4.8907266041491e+03
193.730000000000	-4.8794456179756e+03
193.760000000000	-4.8684485560734e+03
193.790000000000	-4.8577567194622e+03
193.820000000000	-4.8473912485151e+03
193.850000000000	-4.8373731054368e+03
193.880000000000	-4.8277230567959e+03
193.910000000000	-4.8184616561215e+03
193.940000000000	-4.8096092265788e+03
193.970000000000	-4.8011858437355e+03
194.000000000000	-4.7932113184333e+03
194.030000000000	-4.7857051797785e+03
194.060000000000	-4.7786866582646e+03
194.090000000000	-4.7721746690423e+03
194.120000000000	-4.7661877953509e+03
194.150000000000	-4.7607442721259e+03
194.180000000000	-4.7558619697976e+03
194.210000000000	-4.7515583782947e+03
194.240000000000	-4.7478505912691e+03
194.270000000000	-4.7447552905548e+03
194.300000000000	-4.7422887308755e+03
194.330000000000	-4.7404667248156e+03
194.360000000000	-4.7393046280666e+03
194.390000000000	-4.7388173249630e+03
194.420000000000	-4.7390192143189e+03
194.450000000000	-4.7399241955792e+03
194.480000000000	-4.7415456552940e+03
194.510000000000	-4.7438964539302e+03
194.540000000000	-4.7469889130293e+03
194.570000000000	-4.7508348027216e+03
194.600000000000	-4.7554453296084e+03
194.630000000000	-4.7608311250213e+03
194.660000000000	-4.7670022336687e+03
194.690000000000	-4.7739681026806e+03
194.720000000000	-4.7817375710609e+03
194.750000000000	-4.7903188595579e+03
194.780000000000	-4.7997195609636e+03
194.810000000000	-4.8099466308528e+03
194.840000000000	-4.8210063787706e+03
194.870000000000	-4.8329044598814e+03
194.900000000000	-4.8456458670874e+03
194.930000000000	-4.8592349236272e+03
194.960000000000	-4.8736752761656e+03
194.990000000000	-4.8889698883810e+03
195.020000000000	-4.9051210350620e+03
195.050000000000	-4.9221302967195e+03
195.080000000000	-4.9399985547229e+03
195.110000000000	-4.9587259869665e+03
195.140000000000	-4.9783120640735e+03
195.170000000000	-4.9987555461428e+03
195.200000000000	-5.0200544800438e+03
195.230000000000	-5.0422061972643e+03
195.260000000000	-5.0652073123141e+03
195.290000000000	-5.0890537216895e+03
195.320000000000	-5.1137406034003e+03
195.350000000000	-5.1392624170614e+03
195.380000000000	-5.1656129045508e+03
195.410000000000	-5.1927850912345e+03
195.440000000000	-5.2207712877585e+03
195.470000000000	-5.2495630924063e+03
195.500000000000	-5.2791513940225e+03
195.530000000000	-5.3095263754974e+03
195.560000000000	-5.3406775178118e+03
195.590000000000	-5.3725936046386e+03
195.620000000000	-5.4052627274951e+03
195.650000000000	-5.4386722914447e+03
195.680000000000	-5.4728090213402e+03
195.710000000000	-5.5076589686059e+03
195.740000000000	-5.5432075185535e+03
195.770000000000	-5.5794393982250e+03
195.800000000000	-5.6163386847607e+03
195.830000000000	-5.6538888142862e+03
195.860000000000	-5.6920725913139e+03
195.890000000000	-5.7308721986565e+03
195.920000000000	-5.7702692078477e+03
195.950000000000	-5.8102445900665e+03
195.980000000000	-5.8507787275625e+03
196.010000000000	-5.8918514255763e+03
196.040000000000	-5.9334419247537e+03
196.070000000000	-5.9755289140460e+03
196.100000000000	-6.0180905440939e+03
196.130000000000	-6.0611044410863e+03
196.160000000000	-6.1045477210897e+03
196.190000000000	-6.1483970048367e+03
196.220000000000	-6.1926284329683e+03
196.250000000000	-6.2372176817160e+03
196.280000000000	-6.2821399790156e+03
196.310000000000	-6.3273701210382e+03
196.340000000000	-6.3728824891267e+03
196.370000000000	-6.4186510671226e+03
196.400000000000	-6.4646494590710e+03
196.430000000000	-6.5108509072863e+03
196.460000000000	-6.5572283107647e+03
196.490000000000	-6.6037542439291e+03
196.520000000000	-6.6504009756876e+03
196.550000000000	-6.6971404887959e+03
196.580000000000	-6.7439444995018e+03
196.610000000000	-6.7907844774615e+03
196.640000000000	-6.8376316659090e+03
196.670000000000	-6.8844571020658e+03
196.700000000000	-6.9312316377752e+03
196.730000000000	-6.9779259603448e+03
196.760000000000	-7.0245106135843e+03
196.790000000000	-7.0709560190216e+03
196.820000000000	-7.1172324972826e+03
196.850000000000	-7.1633102896198e+03
196.880000000000	-7.2091595795730e+03
196.910000000000	-7.2547505147473e+03
196.940000000000	-7.3000532286922e+03
196.970000000000	-7.3450378628651e+03
197.000000000000	-7.3896745886646e+03
197.030000000000	-7.4339336295152e+03
197.060000000000	-7.4777852829883e+03
197.090000000000	-7.5211999429427e+03
197.120000000000	-7.5641481216682e+03
197.150000000000	-7.6066004720151e+03
197.180000000000	-7.6485278094936e+03
197.210000000000	-7.6899011343271e+03
197.240000000000	-7.7306916534415e+03
197.270000000000	-7.7708708023763e+03
197.300000000000	-7.8104102670991e+03
197.330000000000	-7.8492820057097e+03
197.360000000000	-7.8874582700151e+03
197.390000000000	-7.9249116269628e+03
197.420000000000	-7.9616149799130e+03
197.450000000000	-7.9975415897366e+03
197.480000000000	-8.0326650957213e+03
197.510000000000	-8.0669595362714e+03
197.540000000000	-8.1003993693834e+03
197.570000000000	-8.1329594928823e+03
197.600000000000	-8.1646152644029e+03
197.630000000000	-8.1953425210975e+03
197.660000000000	-8.2251175990553e+03
197.690000000000	-8.2539173524156e+03
197.720000000000	-8.2817191721579e+03
197.750000000000	-8.3085010045526e+03
197.780000000000	-8.3342413692542e+03
197.810000000000	-8.3589193770211e+03
197.840000000000	-8.3825147470446e+03
197.870000000000	-8.4050078238718e+03
197.900000000000	-8.4263795939048e+03
197.930000000000	-8.4466117014626e+03
197.960000000000	-8.4656864643895e+03
197.990000000000	-8.4835868891966e+03
198.020000000000	-8.5002966857230e+03
198.050000000000	-8.5158002813038e+03
198.080000000000	-8.5300828344337e+03
198.110000000000	-8.5431302479145e+03
198.140000000000	-8.5549291814769e+03
198.170000000000	-8.5654670638669e+03
198.200000000000	-8.5747321043876e+03
198.230000000000	-8.5827133038881e+03
198.260000000000	-8.5894004651918e+03
198.290000000000	-8.5947842029558e+03
198.320000000000	-8.5988559529547e+03
198.350000000000	-8.6016079807808e+03
198.380000000000	-8.6030333899532e+03
198.410000000000	-8.6031261294300e+03
198.440000000000	-8.6018810005149e+03
198.470000000000	-8.5992936631522e+03
198.500000000000	-8.5953606416021e+03
198.530000000000	-8.5900793294907e+03
198.560000000000	-8.5834479942273e+03
198.590000000000	-8.5754657807826e+03
198.620000000000	-8.5661327148224e+03
198.650000000000	-8.5554497051908e+03
198.680000000000	-8.5434185457385e+03
198.710000000000	-8.5300419164921e+03
198.740000000000	-8.5153233841600e+03
198.770000000000	-8.4992674019742e+03
198.800000000000	-8.4818793088640e+03
198.830000000000	-8.4631653279620e+03
198.860000000000	-8.4431325644428e+03
198.890000000000	-8.4217890026926e+03
198.920000000000	-8.3991435028149e+03
198.950000000000	-8.3752057964713e+03
198.980000000000	-8.3499864820615e+03
199.010000000000	-8.3234970192470e+03
199.040000000000	-8.2957497228204e+03
199.070000000000	-8.2667577559265e+03
199.100000000000	-8.2365351226388e+03
199.130000000000	-8.2050966598971e+03
199.160000000000	-8.1724580288115e+03
199.190000000000	-8.1386357053373e+03
199.220000000000	-8.1036469703286e+03
199.250000000000	-8.0675098989735e+03
199.280000000000	-8.0302433496204e+03
199.310000000000	-7.9918669519993e+03
199.340000000000	-7.9524010948455e+03
199.370000000000	-7.9118669129341e+03
199.400000000000	-7.8702862735309e+03
199.430000000000	-7.8276817622698e+03
199.460000000000	-7.7840766684640e+03
199.490000000000	-7.7394949698624e+03
199.520000000000	-7.6939613168588e+03
199.550000000000	-7.6475010161670e+03
199.580000000000	-7.6001400139731e+03
199.610000000000	-7.5519048785760e+03
199.640000000000	-7.5028227825308e+03
199.670000000000	-7.4529214843073e+03
199.700000000000	-7.4022293094785e+03
199.730000000000	-7.3507751314530e+03
199.760000000000	-7.2985883517667e+03
199.790000000000	-7.2456988799480e+03
199.820000000000	-7.1921371129726e+03
199.850000000000	-7.1379339143233e+03
199.880000000000	-7.0831205926697e+03
199.910000000000	-7.0277288801844e+03
199.940000000000	-6.9717909105108e+03
199.970000000000	-6.9153391963993e+03
200.000000000000	-6.8584066070272e+03
