# Freq(GHz) Re(Z) Im(Z)
0.000000e+00 -2.589576e-08 -6.504431e+04
1.250313e-02 3.754034e+06 4.543412e+06
2.500625e-02 2.596907e+06 3.390218e+06
3.750938e-02 2.094708e+06 2.893490e+06
5.001250e-02 1.800084e+06 2.604880e+06
6.251563e-02 1.605725e+06 2.416913e+06
7.501875e-02 1.460245e+06 2.278081e+06
8.752188e-02 1.345453e+06 2.170160e+06
1.000250e-01 1.252380e+06 2.084157e+06
1.125281e-01 1.175587e+06 2.014644e+06
1.250313e-01 1.109987e+06 1.956485e+06
1.375344e-01 1.052973e+06 1.907058e+06
1.500375e-01 1.002920e+06 1.864727e+06
1.625406e-01 9.586661e+05 1.828332e+06
1.750438e-01 9.190941e+05 1.796720e+06
1.875469e-01 8.832568e+05 1.768932e+06
2.000500e-01 8.508638e+05 1.744664e+06
2.125531e-01 8.212889e+05 1.723283e+06
2.250563e-01 7.941268e+05 1.704358e+06
2.375594e-01 7.691714e+05 1.687668e+06
2.500625e-01 7.462647e+05 1.673043e+06
2.625656e-01 7.260511e+05 1.660993e+06
2.750688e-01 7.085239e+05 1.651506e+06
2.875719e-01 6.923936e+05 1.643383e+06
3.000750e-01 6.776633e+05 1.636611e+06
3.125781e-01 6.641638e+05 1.630994e+06
3.250813e-01 6.517712e+05 1.626398e+06
3.375844e-01 6.404325e+05 1.622756e+06
3.500875e-01 6.301243e+05 1.620028e+06
3.625906e-01 6.208890e+05 1.618216e+06
3.750938e-01 6.125692e+05 1.617164e+06
3.875969e-01 6.051086e+05 1.616800e+06
4.001000e-01 5.984787e+05 1.617076e+06
4.126032e-01 5.927267e+05 1.617986e+06
4.251063e-01 5.877980e+05 1.619489e+06
4.376094e-01 5.836304e+05 1.621505e+06
4.501125e-01 5.802728e+05 1.624059e+06
4.626157e-01 5.777239e+05 1.627086e+06
4.751188e-01 5.759063e+05 1.630531e+06
4.876219e-01 5.748055e+05 1.634359e+06
5.001250e-01 5.744147e+05 1.638539e+06
5.126282e-01 5.753152e+05 1.643072e+06
5.251313e-01 5.788415e+05 1.647709e+06
5.376344e-01 5.833653e+05 1.652574e+06
5.501375e-01 5.885854e+05 1.657681e+06
5.626407e-01 5.946904e+05 1.663118e+06
5.751438e-01 6.015077e+05 1.668761e+06
5.876469e-01 6.090170e+05 1.674562e+06
6.001500e-01 6.173299e+05 1.680600e+06
6.126532e-01 6.264780e+05 1.686787e+06
6.251563e-01 6.363387e+05 1.693062e+06
6.376594e-01 6.470665e+05 1.699547e+06
6.501625e-01 6.585359e+05 1.706077e+06
6.626657e-01 6.709231e+05 1.712685e+06
6.751688e-01 6.841582e+05 1.719375e+06
6.876719e-01 6.981795e+05 1.726046e+06
7.001750e-01 7.131550e+05 1.732819e+06
7.126782e-01 7.290633e+05 1.739497e+06
7.251813e-01 7.459569e+05 1.746219e+06
7.376844e-01 7.637377e+05 1.752843e+06
7.501875e-01 7.825367e+05 1.759435e+06
7.626907e-01 8.025123e+05 1.765786e+06
7.751938e-01 8.242440e+05 1.771049e+06
7.876969e-01 8.476741e+05 1.775201e+06
8.002001e-01 8.722713e+05 1.779213e+06
8.127032e-01 8.981861e+05 1.782963e+06
8.252063e-01 9.253800e+05 1.786534e+06
8.377094e-01 9.538214e+05 1.789811e+06
8.502126e-01 9.836960e+05 1.792863e+06
8.627157e-01 1.015147e+06 1.795476e+06
8.752188e-01 1.048207e+06 1.797825e+06
8.877219e-01 1.082817e+06 1.799726e+06
9.002251e-01 1.119207e+06 1.801244e+06
9.127282e-01 1.157681e+06 1.802193e+06
9.252313e-01 1.198127e+06 1.802620e+06
9.377344e-01 1.240715e+06 1.802512e+06
9.502376e-01 1.285558e+06 1.801718e+06
9.627407e-01 1.333320e+06 1.800204e+06
9.752438e-01 1.383744e+06 1.797883e+06
9.877469e-01 1.437125e+06 1.794741e+06
1.000250e+00 1.493794e+06 1.790684e+06
1.012753e+00 1.554522e+06 1.785401e+06
1.025256e+00 1.619146e+06 1.778497e+06
1.037759e+00 1.687792e+06 1.769032e+06
1.050263e+00 1.761349e+06 1.757810e+06
1.062766e+00 1.841392e+06 1.744803e+06
1.075269e+00 1.927819e+06 1.729954e+06
1.087772e+00 2.021554e+06 1.713093e+06
1.100275e+00 2.123817e+06 1.693907e+06
1.112778e+00 2.237319e+06 1.671618e+06
1.125281e+00 2.362500e+06 1.646252e+06
1.137784e+00 2.501365e+06 1.617291e+06
1.150288e+00 2.656801e+06 1.584011e+06
1.162791e+00 2.835317e+06 1.544961e+06
1.175294e+00 3.038924e+06 1.499749e+06
1.187797e+00 3.273594e+06 1.447087e+06
1.200300e+00 3.548474e+06 1.385186e+06
1.212803e+00 3.883651e+06 1.309961e+06
1.225306e+00 4.290892e+06 1.219625e+06
1.237809e+00 4.796776e+06 1.109921e+06
1.250313e+00 5.446684e+06 9.741761e+05
1.262816e+00 6.352988e+06 7.979887e+05
1.275319e+00 7.640684e+06 5.734966e+05
1.287822e+00 9.605467e+06 2.900530e+05
1.300325e+00 1.301451e+07 -2.249770e+04
1.312828e+00 2.166803e+07 5.203583e+05
1.325331e+00 4.990966e+07 2.651475e+07
1.337834e+00 -1.194006e+07 4.230474e+07
1.350338e+00 -1.932123e+07 1.431737e+07
1.362841e+00 -1.181955e+07 8.297530e+06
1.375344e+00 -8.223340e+06 6.117917e+06
1.387847e+00 -6.162206e+06 5.046598e+06
1.400350e+00 -4.844511e+06 4.426756e+06
1.412853e+00 -3.959330e+06 4.040266e+06
1.425356e+00 -3.293733e+06 3.762603e+06
1.437859e+00 -2.775029e+06 3.553987e+06
1.450363e+00 -2.360729e+06 3.392349e+06
1.462866e+00 -2.028019e+06 3.266005e+06
1.475369e+00 -1.747163e+06 3.161276e+06
1.487872e+00 -1.506487e+06 3.072840e+06
1.500375e+00 -1.298106e+06 2.997215e+06
1.512878e+00 -1.117889e+06 2.932453e+06
1.525381e+00 -9.573408e+05 2.875045e+06
1.537884e+00 -8.134854e+05 2.823819e+06
1.550388e+00 -6.844788e+05 2.778157e+06
1.562891e+00 -5.684901e+05 2.737061e+06
1.575394e+00 -4.619859e+05 2.699138e+06
1.587897e+00 -3.636736e+05 2.663876e+06
1.600400e+00 -2.726109e+05 2.630939e+06
1.612903e+00 -1.884920e+05 2.600129e+06
1.625406e+00 -1.096770e+05 2.570850e+06
1.637909e+00 -3.556918e+04 2.542871e+06
1.650413e+00 3.426301e+04 2.516047e+06
1.662916e+00 9.991291e+04 2.490298e+06
1.675419e+00 1.622713e+05 2.465308e+06
1.687922e+00 2.216482e+05 2.440961e+06
1.700425e+00 2.782507e+05 2.417171e+06
1.712928e+00 3.321244e+05 2.393930e+06
1.725431e+00 3.837838e+05 2.371042e+06
1.737934e+00 4.334038e+05 2.348442e+06
1.750438e+00 4.810891e+05 2.326077e+06
1.762941e+00 5.268436e+05 2.303942e+06
1.775444e+00 5.710233e+05 2.281947e+06
1.787947e+00 6.137144e+05 2.260037e+06
1.800450e+00 6.549126e+05 2.239156e+06
1.812953e+00 6.946096e+05 2.218740e+06
1.825456e+00 7.331388e+05 2.198356e+06
1.837959e+00 7.705172e+05 2.177935e+06
1.850463e+00 8.067720e+05 2.157451e+06
1.862966e+00 8.418559e+05 2.136876e+06
1.875469e+00 8.759754e+05 2.116217e+06
1.887972e+00 9.091929e+05 2.095479e+06
1.900475e+00 9.414850e+05 2.074611e+06
1.912978e+00 9.728024e+05 2.053587e+06
1.925481e+00 1.003296e+06 2.032414e+06
1.937984e+00 1.033009e+06 2.011102e+06
1.950488e+00 1.061955e+06 1.989649e+06
1.962991e+00 1.090055e+06 1.968003e+06
1.975494e+00 1.117432e+06 1.946179e+06
1.987997e+00 1.144104e+06 1.924175e+06
2.000500e+00 1.170078e+06 1.901995e+06
2.013003e+00 1.195321e+06 1.879632e+06
2.025506e+00 1.219909e+06 1.857079e+06
2.038010e+00 1.243852e+06 1.834337e+06
2.050513e+00 1.267354e+06 1.811551e+06
2.063016e+00 1.290934e+06 1.789117e+06
2.075519e+00 1.313940e+06 1.766530e+06
2.088022e+00 1.336343e+06 1.743754e+06
2.100525e+00 1.358128e+06 1.720781e+06
2.113028e+00 1.379247e+06 1.697597e+06
2.125531e+00 1.399784e+06 1.674228e+06
2.138035e+00 1.419770e+06 1.650703e+06
2.150538e+00 1.439177e+06 1.627006e+06
2.163041e+00 1.457943e+06 1.603109e+06
2.175544e+00 1.476145e+06 1.579040e+06
2.188047e+00 1.493788e+06 1.554803e+06
2.200550e+00 1.510858e+06 1.530398e+06
2.213053e+00 1.527337e+06 1.505848e+06
2.225556e+00 1.543267e+06 1.481143e+06
2.238060e+00 1.558649e+06 1.456289e+06
2.250563e+00 1.573465e+06 1.431283e+06
2.263066e+00 1.587667e+06 1.406121e+06
2.275569e+00 1.601339e+06 1.380837e+06
2.288072e+00 1.614496e+06 1.355450e+06
2.300575e+00 1.627122e+06 1.329925e+06
2.313078e+00 1.639818e+06 1.303983e+06
2.325581e+00 1.652261e+06 1.277813e+06
2.338085e+00 1.664171e+06 1.251541e+06
2.350588e+00 1.675539e+06 1.225180e+06
2.363091e+00 1.686330e+06 1.198742e+06
2.375594e+00 1.696592e+06 1.172221e+06
2.388097e+00 1.706325e+06 1.145626e+06
2.400600e+00 1.715509e+06 1.118960e+06
2.413103e+00 1.724100e+06 1.092225e+06
2.425606e+00 1.732173e+06 1.065444e+06
2.438110e+00 1.739748e+06 1.038643e+06
2.450613e+00 1.746779e+06 1.011801e+06
2.463116e+00 1.753224e+06 9.849253e+05
2.475619e+00 1.759149e+06 9.580263e+05
2.488122e+00 1.764557e+06 9.311116e+05
2.500625e+00 1.769426e+06 9.041887e+05
2.513128e+00 1.773742e+06 8.772914e+05
2.525631e+00 1.777550e+06 8.504074e+05
2.538135e+00 1.780846e+06 8.235387e+05
2.550638e+00 1.783612e+06 7.966932e+05
2.563141e+00 1.785839e+06 7.696307e+05
2.575644e+00 1.787648e+06 7.419142e+05
2.588147e+00 1.788962e+06 7.142526e+05
2.600650e+00 1.789775e+06 6.866694e+05
2.613153e+00 1.790027e+06 6.591567e+05
2.625656e+00 1.789784e+06 6.317150e+05
2.638160e+00 1.789047e+06 6.043515e+05
2.650663e+00 1.787797e+06 5.770778e+05
2.663166e+00 1.785999e+06 5.499097e+05
2.675669e+00 1.783731e+06 5.228577e+05
2.688172e+00 1.780994e+06 4.959293e+05
2.700675e+00 1.777757e+06 4.691229e+05
2.713178e+00 1.773986e+06 4.424565e+05
2.725681e+00 1.769743e+06 4.159227e+05
2.738185e+00 1.765031e+06 3.895285e+05
2.750688e+00 1.759832e+06 3.632878e+05
2.763191e+00 1.754129e+06 3.372336e+05
2.775694e+00 1.747981e+06 3.113551e+05
2.788197e+00 1.741380e+06 2.856453e+05
2.800700e+00 1.734307e+06 2.601195e+05
2.813203e+00 1.726660e+06 2.347418e+05
2.825706e+00 1.718172e+06 2.092512e+05
2.838210e+00 1.709031e+06 1.837929e+05
2.850713e+00 1.699443e+06 1.585539e+05
2.863216e+00 1.689393e+06 1.335689e+05
2.875719e+00 1.678920e+06 1.088006e+05
2.888222e+00 1.668026e+06 8.425467e+04
2.900725e+00 1.656698e+06 5.994840e+04
2.913228e+00 1.644911e+06 3.590518e+04
2.925731e+00 1.632718e+06 1.210315e+04
2.938235e+00 1.620125e+06 -1.145248e+04
2.950738e+00 1.607135e+06 -3.472432e+04
2.963241e+00 1.593714e+06 -5.770312e+04
2.975744e+00 1.579907e+06 -8.041833e+04
2.988247e+00 1.565720e+06 -1.028654e+05
3.000750e+00 1.551137e+06 -1.250259e+05
3.013253e+00 1.536141e+06 -1.468756e+05
3.025756e+00 1.520779e+06 -1.684424e+05
3.038260e+00 1.505058e+06 -1.897202e+05
3.050763e+00 1.488985e+06 -2.106704e+05
3.063266e+00 1.472521e+06 -2.312907e+05
3.075769e+00 1.455432e+06 -2.514954e+05
3.088272e+00 1.437592e+06 -2.712265e+05
3.100775e+00 1.419355e+06 -2.906172e+05
3.113278e+00 1.400749e+06 -3.096624e+05
3.125781e+00 1.381817e+06 -3.283943e+05
3.138285e+00 1.362566e+06 -3.468078e+05
3.150788e+00 1.343001e+06 -3.648666e+05
3.163291e+00 1.323088e+06 -3.825681e+05
3.175794e+00 1.302867e+06 -3.999466e+05
3.188297e+00 1.282341e+06 -4.170003e+05
3.200800e+00 1.261499e+06 -4.337101e+05
3.213303e+00 1.240327e+06 -4.500552e+05
3.225806e+00 1.218861e+06 -4.660714e+05
3.238310e+00 1.197106e+06 -4.817583e+05
3.250813e+00 1.175066e+06 -4.970788e+05
3.263316e+00 1.152712e+06 -5.120294e+05
3.275819e+00 1.130076e+06 -5.266503e+05
3.288322e+00 1.107159e+06 -5.409419e+05
3.300825e+00 1.083947e+06 -5.548868e+05
3.313328e+00 1.060426e+06 -5.684682e+05
3.325831e+00 1.036616e+06 -5.816471e+05
3.338335e+00 1.012463e+06 -5.940425e+05
3.350838e+00 9.879970e+05 -6.059049e+05
3.363341e+00 9.632312e+05 -6.174019e+05
3.375844e+00 9.381815e+05 -6.285845e+05
3.388347e+00 9.128450e+05 -6.394564e+05
3.400850e+00 8.872006e+05 -6.500050e+05
3.413353e+00 8.612269e+05 -6.602197e+05
3.425856e+00 8.349496e+05 -6.701396e+05
3.438360e+00 8.083608e+05 -6.797710e+05
3.450863e+00 7.814328e+05 -6.891046e+05
3.463366e+00 7.541479e+05 -6.981234e+05
3.475869e+00 7.265243e+05 -7.068710e+05
3.488372e+00 6.985405e+05 -7.153640e+05
3.500875e+00 6.701572e+05 -7.235995e+05
3.513378e+00 6.413313e+05 -7.315790e+05
3.525881e+00 6.120827e+05 -7.393418e+05
3.538385e+00 5.823860e+05 -7.469025e+05
3.550888e+00 5.521827e+05 -7.542662e+05
3.563391e+00 5.214087e+05 -7.614459e+05
3.575894e+00 4.900879e+05 -7.684715e+05
3.588397e+00 4.583968e+05 -7.751901e+05
3.600900e+00 4.262912e+05 -7.815862e+05
3.613403e+00 3.934178e+05 -7.878906e+05
3.625906e+00 3.597557e+05 -7.941647e+05
3.638410e+00 3.252293e+05 -8.004442e+05
3.650913e+00 2.896878e+05 -8.067756e+05
3.663416e+00 2.529619e+05 -8.132189e+05
3.675919e+00 2.150346e+05 -8.198225e+05
3.688422e+00 1.757707e+05 -8.266459e+05
3.700925e+00 1.349153e+05 -8.337736e+05
3.713428e+00 9.215039e+04 -8.413386e+05
3.725931e+00 4.740568e+04 -8.494111e+05
3.738435e+00 4.076608e+02 -8.581113e+05
3.750938e+00 -4.935531e+04 -8.676419e+05
3.763441e+00 -1.024878e+05 -8.782543e+05
3.775944e+00 -1.592119e+05 -8.900851e+05
3.788447e+00 -2.201360e+05 -9.034044e+05
3.800950e+00 -2.863835e+05 -9.186890e+05
3.813453e+00 -3.593423e+05 -9.365427e+05
3.825956e+00 -4.397541e+05 -9.573482e+05
3.838460e+00 -5.292437e+05 -9.818687e+05
3.850963e+00 -6.303685e+05 -1.011671e+06
3.863466e+00 -7.476579e+05 -1.048529e+06
3.875969e+00 -8.842550e+05 -1.093999e+06
3.888472e+00 -1.046164e+06 -1.151090e+06
3.900975e+00 -1.245181e+06 -1.225818e+06
3.913478e+00 -1.500140e+06 -1.328285e+06
3.925981e+00 -1.832009e+06 -1.470843e+06
3.938485e+00 -2.283076e+06 -1.679284e+06
3.950988e+00 -2.956347e+06 -2.021948e+06
3.963491e+00 -4.105072e+06 -2.696841e+06
3.975994e+00 -6.324841e+06 -4.333703e+06
3.988497e+00 -1.157901e+07 -1.101258e+07
4.001000e+00 1.992815e+07 -3.512042e+07
4.013503e+00 1.324671e+07 -3.112656e+05
4.026007e+00 6.912969e+06 7.005295e+05
4.038510e+00 4.637997e+06 5.620168e+05
4.051013e+00 3.525896e+06 4.013667e+05
4.063516e+00 2.871387e+06 2.815974e+05
4.076019e+00 2.420638e+06 1.918098e+05
4.088522e+00 2.091684e+06 1.238358e+05
4.101025e+00 1.844455e+06 7.229063e+04
4.113528e+00 1.652335e+06 3.275868e+04
4.126032e+00 1.495077e+06 1.559987e+03
4.138535e+00 1.363832e+06 -2.313460e+04
4.151038e+00 1.253545e+06 -4.238407e+04
4.163541e+00 1.159687e+06 -5.722387e+04
4.176044e+00 1.077587e+06 -6.882511e+04
4.188547e+00 1.005094e+06 -7.772851e+04
4.201050e+00 9.410231e+05 -8.422109e+04
4.213553e+00 8.840575e+05 -8.865137e+04
4.226057e+00 8.325131e+05 -9.149509e+04
4.238560e+00 7.856312e+05 -9.296472e+04
4.251063e+00 7.430406e+05 -9.316422e+04
4.263566e+00 7.042353e+05 -9.224116e+04
4.276069e+00 6.684440e+05 -9.042550e+04
4.288572e+00 6.353339e+05 -8.781893e+04
4.301075e+00 6.047764e+05 -8.446502e+04
4.313578e+00 5.765404e+05 -8.043858e+04
4.326082e+00 5.502085e+05 -7.586838e+04
4.338585e+00 5.256196e+05 -7.080281e+04
4.351088e+00 5.027023e+05 -6.528683e+04
4.363591e+00 4.810469e+05 -5.958854e+04
4.376094e+00 4.606667e+05 -5.358124e+04
4.388597e+00 4.415124e+05 -4.726513e+04
4.401100e+00 4.235773e+05 -4.065358e+04
4.413603e+00 4.067943e+05 -3.377558e+04
4.426107e+00 3.909938e+05 -2.668198e+04
4.438610e+00 3.761178e+05 -1.939611e+04
4.451113e+00 3.621751e+05 -1.192835e+04
4.463616e+00 3.491245e+05 -4.300101e+03
4.476119e+00 3.368473e+05 3.458047e+03
4.488622e+00 3.253133e+05 1.133673e+04
4.501125e+00 3.145271e+05 1.931546e+04
4.513628e+00 3.044617e+05 2.737762e+04
4.526132e+00 2.950253e+05 3.550153e+04
4.538635e+00 2.861912e+05 4.367402e+04
4.551138e+00 2.779770e+05 5.188438e+04
4.563641e+00 2.703635e+05 6.011917e+04
4.576144e+00 2.632779e+05 6.836443e+04
4.588647e+00 2.567006e+05 7.660977e+04
4.601150e+00 2.506407e+05 8.484788e+04
4.613653e+00 2.449214e+05 9.314598e+04
4.626157e+00 2.394497e+05 1.015209e+05
4.638660e+00 2.344210e+05 1.098631e+05
4.651163e+00 2.298460e+05 1.181536e+05
4.663666e+00 2.257128e+05 1.263821e+05
4.676169e+00 2.219710e+05 1.345458e+05
4.688672e+00 2.186082e+05 1.426375e+05
4.701175e+00 2.156403e+05 1.506436e+05
4.713678e+00 2.130570e+05 1.585554e+05
4.726182e+00 2.108150e+05 1.663737e+05
4.738685e+00 2.089038e+05 1.740926e+05
4.751188e+00 2.073377e+05 1.816975e+05
4.763691e+00 2.061071e+05 1.891807e+05
4.776194e+00 2.051789e+05 1.965505e+05
4.788697e+00 2.045471e+05 2.038053e+05
4.801200e+00 2.042165e+05 2.109220e+05
4.813703e+00 2.041782e+05 2.178942e+05
4.826207e+00 2.043995e+05 2.247285e+05
4.838710e+00 2.048719e+05 2.314207e+05
4.851213e+00 2.056060e+05 2.379547e+05
4.863716e+00 2.065948e+05 2.444002e+05
4.876219e+00 2.078137e+05 2.509392e+05
4.888722e+00 2.092507e+05 2.573912e+05
4.901225e+00 2.109128e+05 2.636684e+05
4.913728e+00 2.127913e+05 2.697662e+05
4.926232e+00 2.148613e+05 2.756956e+05
4.938735e+00 2.171246e+05 2.814632e+05
4.951238e+00 2.195804e+05 2.870441e+05
4.963741e+00 2.222183e+05 2.924333e+05
4.976244e+00 2.250166e+05 2.976433e+05
4.988747e+00 2.279682e+05 3.026717e+05
5.001250e+00 2.310777e+05 3.075013e+05
5.013753e+00 2.343368e+05 3.121298e+05
5.026257e+00 2.377267e+05 3.165708e+05
5.038760e+00 2.412406e+05 3.208228e+05
5.051263e+00 2.448812e+05 3.248683e+05
5.063766e+00 2.486404e+05 3.287062e+05
5.076269e+00 2.525020e+05 3.323510e+05
5.088772e+00 2.564596e+05 3.358019e+05
5.101275e+00 2.605238e+05 3.390512e+05
5.113778e+00 2.646822e+05 3.420916e+05
5.126282e+00 2.690951e+05 3.450081e+05
5.138785e+00 2.737444e+05 3.477955e+05
5.151288e+00 2.784616e+05 3.503691e+05
5.163791e+00 2.832392e+05 3.527299e+05
5.176294e+00 2.880663e+05 3.548937e+05
5.188797e+00 2.929368e+05 3.568607e+05
5.201300e+00 2.978478e+05 3.586142e+05
5.213803e+00 3.027920e+05 3.601558e+05
5.226307e+00 3.077608e+05 3.615019e+05
5.238810e+00 3.127486e+05 3.626530e+05
5.251313e+00 3.177505e+05 3.635930e+05
5.263816e+00 3.227656e+05 3.643303e+05
5.276319e+00 3.277861e+05 3.648799e+05
5.288822e+00 3.328024e+05 3.652384e+05
5.301325e+00 3.378078e+05 3.653904e+05
5.313828e+00 3.427961e+05 3.653393e+05
5.326332e+00 3.477631e+05 3.651014e+05
5.338835e+00 3.527038e+05 3.646781e+05
5.351338e+00 3.576100e+05 3.640550e+05
5.363841e+00 3.624760e+05 3.632361e+05
5.376344e+00 3.673621e+05 3.621775e+05
5.388847e+00 3.723699e+05 3.607787e+05
5.401350e+00 3.773657e+05 3.591452e+05
5.413853e+00 3.823000e+05 3.573251e+05
5.426357e+00 3.871723e+05 3.553338e+05
5.438860e+00 3.919857e+05 3.531812e+05
5.451363e+00 3.967239e+05 3.508493e+05
5.463866e+00 4.013805e+05 3.483412e+05
5.476369e+00 4.059570e+05 3.456721e+05
5.488872e+00 4.104492e+05 3.428444e+05
5.501375e+00 4.148447e+05 3.398467e+05
5.513878e+00 4.191404e+05 3.366848e+05
5.526382e+00 4.233391e+05 3.333730e+05
5.538885e+00 4.274372e+05 3.299141e+05
5.551388e+00 4.314210e+05 3.262978e+05
5.563891e+00 4.352881e+05 3.225304e+05
5.576394e+00 4.390431e+05 3.186252e+05
5.588897e+00 4.426825e+05 3.145854e+05
5.601400e+00 4.461915e+05 3.104019e+05
5.613903e+00 4.495738e+05 3.060859e+05
5.626407e+00 4.528344e+05 3.016495e+05
5.638910e+00 4.558939e+05 2.968614e+05
5.651413e+00 4.587630e+05 2.917979e+05
5.663916e+00 4.614853e+05 2.866064e+05
5.676419e+00 4.640692e+05 2.813036e+05
5.688922e+00 4.665121e+05 2.758927e+05
5.701425e+00 4.687972e+05 2.703673e+05
5.713928e+00 4.709250e+05 2.647336e+05
5.726432e+00 4.729034e+05 2.590024e+05
5.738935e+00 4.747299e+05 2.531768e+05
5.751438e+00 4.763874e+05 2.472515e+05
5.763941e+00 4.778770e+05 2.412327e+05
5.776444e+00 4.792071e+05 2.351299e+05
5.788947e+00 4.803761e+05 2.289462e+05
5.801450e+00 4.813726e+05 2.226849e+05
5.813953e+00 4.821934e+05 2.163458e+05
5.826457e+00 4.828461e+05 2.099360e+05
5.838960e+00 4.833290e+05 2.034583e+05
5.851463e+00 4.836232e+05 1.969096e+05
5.863966e+00 4.837312e+05 1.902953e+05
5.876469e+00 4.836631e+05 1.836224e+05
5.888972e+00 4.833441e+05 1.768788e+05
5.901475e+00 4.825175e+05 1.700134e+05
5.913978e+00 4.814713e+05 1.630894e+05
5.926482e+00 4.802413e+05 1.561178e+05
5.938985e+00 4.788259e+05 1.491011e+05
5.951488e+00 4.772042e+05 1.420372e+05
5.963991e+00 4.753798e+05 1.349301e+05
5.976494e+00 4.733638e+05 1.277845e+05
5.988997e+00 4.711592e+05 1.206074e+05
6.001500e+00 4.687419e+05 1.133948e+05
6.014004e+00 4.661128e+05 1.061462e+05
6.026507e+00 4.632825e+05 9.886521e+04
6.039010e+00 4.602488e+05 9.155262e+04
6.051513e+00 4.569877e+05 8.420601e+04
6.064016e+00 4.535029e+05 7.682682e+04
6.076519e+00 4.498051e+05 6.941706e+04
6.089022e+00 4.458909e+05 6.197640e+04
6.101525e+00 4.417338e+05 5.450078e+04
6.114029e+00 4.373370e+05 4.699000e+04
6.126532e+00 4.327103e+05 3.944440e+04
6.139035e+00 4.278490e+05 3.186184e+04
6.151538e+00 4.225371e+05 2.443940e+04
6.164041e+00 4.168594e+05 1.708326e+04
6.176544e+00 4.109267e+05 9.678820e+03
6.189047e+00 4.047388e+05 2.228774e+03
6.201550e+00 3.982512e+05 -5.286964e+03
6.214054e+00 3.914625e+05 -1.287435e+04
6.226557e+00 3.843791e+05 -2.053820e+04
6.239060e+00 3.769885e+05 -2.828794e+04
6.251563e+00 3.692417e+05 -3.614616e+04
6.264066e+00 3.611329e+05 -4.412410e+04
6.276569e+00 3.526638e+05 -5.223071e+04
6.289072e+00 3.438137e+05 -6.048368e+04
6.301575e+00 3.345131e+05 -6.892295e+04
6.314079e+00 3.247465e+05 -7.756969e+04
6.326582e+00 3.145066e+05 -8.644121e+04
6.339085e+00 3.037562e+05 -9.557005e+04
6.351588e+00 2.923882e+05 -1.050299e+05
6.364091e+00 2.803664e+05 -1.148608e+05
6.376594e+00 2.676641e+05 -1.250984e+05
6.389097e+00 2.542154e+05 -1.358004e+05
6.401600e+00 2.398533e+05 -1.470434e+05
6.414104e+00 2.245733e+05 -1.586434e+05
6.426607e+00 2.081984e+05 -1.710209e+05
6.439110e+00 1.905768e+05 -1.843136e+05
6.451613e+00 1.713453e+05 -1.988289e+05
6.464116e+00 1.502939e+05 -2.147707e+05
6.476619e+00 1.272083e+05 -2.323516e+05
6.489122e+00 1.017101e+05 -2.519246e+05
6.501625e+00 7.293550e+04 -2.742738e+05
6.514129e+00 4.025092e+04 -3.000197e+05
6.526632e+00 2.927069e+03 -3.298904e+05
6.539135e+00 -4.025541e+04 -3.650857e+05
6.551638e+00 -9.207251e+04 -4.083348e+05
6.564141e+00 -1.552114e+05 -4.624489e+05
6.576644e+00 -2.333138e+05 -5.313707e+05
6.589147e+00 -3.327594e+05 -6.221598e+05
6.601650e+00 -4.695861e+05 -7.532676e+05
6.614154e+00 -6.675750e+05 -9.553057e+05
6.626657e+00 -9.723231e+05 -1.294896e+06
6.639160e+00 -1.493485e+06 -1.966514e+06
6.651663e+00 -2.432342e+06 -4.564943e+06
6.664166e+00 3.652201e+06 -6.120098e+06
6.676669e+00 7.388673e+06 9.749269e+05
6.689172e+00 3.018295e+06 1.445264e+06
6.701675e+00 2.009536e+06 1.045704e+06
6.714179e+00 1.550495e+06 8.109296e+05
6.726682e+00 1.278053e+06 6.578826e+05
6.739185e+00 1.098259e+06 5.515605e+05
6.751688e+00 9.741637e+05 4.760539e+05
6.764191e+00 8.813050e+05 4.189781e+05
6.776694e+00 8.079214e+05 3.739053e+05
6.789197e+00 7.483062e+05 3.375940e+05
6.801700e+00 6.996068e+05 3.084325e+05
6.814204e+00 6.584776e+05 2.843567e+05
6.826707e+00 6.228608e+05 2.640602e+05
6.839210e+00 5.916251e+05 2.468195e+05
6.851713e+00 5.642568e+05 2.323233e+05
6.864216e+00 5.398232e+05 2.199438e+05
6.876719e+00 5.176935e+05 2.092498e+05
6.889222e+00 4.975105e+05 1.999978e+05
6.901725e+00 4.791525e+05 1.921143e+05
6.914229e+00 4.623369e+05 1.852537e+05
6.926732e+00 4.469067e+05 1.791250e+05
6.939235e+00 4.325501e+05 1.737925e+05
6.951738e+00 4.192230e+05 1.692624e+05
6.964241e+00 4.067495e+05 1.654019e+05
6.976744e+00 3.950018e+05 1.621137e+05
6.989247e+00 3.839109e+05 1.593450e+05
7.001750e+00 3.734810e+05 1.571002e+05
7.014254e+00 3.636142e+05 1.553016e+05
7.026757e+00 3.542391e+05 1.538919e+05
7.039260e+00 3.453250e+05 1.528468e+05
7.051763e+00 3.368811e+05 1.521704e+05
7.064266e+00 3.288459e+05 1.518114e+05
7.076769e+00 3.211751e+05 1.517327e+05
7.089272e+00 3.138481e+05 1.519154e+05
7.101775e+00 3.068826e+05 1.523688e+05
7.114279e+00 3.002372e+05 1.530577e+05
7.126782e+00 2.938821e+05 1.539561e+05
7.139285e+00 2.878049e+05 1.550510e+05
7.151788e+00 2.820245e+05 1.563507e+05
7.164291e+00 2.765003e+05 1.577947e+05
7.176794e+00 2.711573e+05 1.591784e+05
7.189297e+00 2.660133e+05 1.605821e+05
7.201800e+00 2.611253e+05 1.621422e+05
7.214304e+00 2.564688e+05 1.638383e+05
7.226807e+00 2.520273e+05 1.656559e+05
7.239310e+00 2.477953e+05 1.675871e+05
7.251813e+00 2.437920e+05 1.696367e+05
7.264316e+00 2.399995e+05 1.717913e+05
7.276819e+00 2.364049e+05 1.740402e+05
7.289322e+00 2.330010e+05 1.763734e+05
7.301825e+00 2.298064e+05 1.787936e+05
7.314329e+00 2.268029e+05 1.812879e+05
7.326832e+00 2.239789e+05 1.838470e+05
7.339335e+00 2.213315e+05 1.864656e+05
7.351838e+00 2.188786e+05 1.891441e+05
7.364341e+00 2.166037e+05 1.918723e+05
7.376844e+00 2.144963e+05 1.946428e+05
7.389347e+00 2.125542e+05 1.974507e+05
7.401850e+00 2.107946e+05 2.002947e+05
7.414354e+00 2.092019e+05 2.031667e+05
7.426857e+00 2.076267e+05 2.060294e+05
7.439360e+00 2.059941e+05 2.088620e+05
7.451863e+00 2.045005e+05 2.117017e+05
7.464366e+00 2.031637e+05 2.145499e+05
7.476869e+00 2.019751e+05 2.174017e+05
7.489372e+00 2.009326e+05 2.202532e+05
7.501875e+00 2.000541e+05 2.231019e+05
7.514379e+00 1.993264e+05 2.259445e+05
7.526882e+00 1.987377e+05 2.287741e+05
7.539385e+00 1.982859e+05 2.315868e+05
7.551888e+00 1.979857e+05 2.343760e+05
7.564391e+00 1.978229e+05 2.371392e+05
7.576894e+00 1.977899e+05 2.398739e+05
7.589397e+00 1.978845e+05 2.425765e+05
7.601900e+00 1.981200e+05 2.452389e+05
7.614404e+00 1.984830e+05 2.478602e+05
7.626907e+00 1.989663e+05 2.504388e+05
7.639410e+00 1.995673e+05 2.529714e+05
7.651913e+00 2.002983e+05 2.554484e+05
7.664416e+00 2.011463e+05 2.578706e+05
7.676919e+00 2.020948e+05 2.602477e+05
7.689422e+00 2.029567e+05 2.627846e+05
7.701925e+00 2.038759e+05 2.653206e+05
7.714429e+00 2.049009e+05 2.677894e+05
7.726932e+00 2.060253e+05 2.701906e+05
7.739435e+00 2.072463e+05 2.725218e+05
7.751938e+00 2.085776e+05 2.747750e+05
7.764441e+00 2.100046e+05 2.769513e+05
7.776944e+00 2.115196e+05 2.790495e+05
7.789447e+00 2.131199e+05 2.810675e+05
7.801950e+00 2.148132e+05 2.829920e+05
7.814454e+00 2.165885e+05 2.848283e+05
7.826957e+00 2.184399e+05 2.865773e+05
7.839460e+00 2.203648e+05 2.882371e+05
7.851963e+00 2.223689e+05 2.897937e+05
7.864466e+00 2.244423e+05 2.912535e+05
7.876969e+00 2.265796e+05 2.926182e+05
7.889472e+00 2.287777e+05 2.938859e+05
7.901975e+00 2.310410e+05 2.950421e+05
7.914479e+00 2.333604e+05 2.960944e+05
7.926982e+00 2.357308e+05 2.970448e+05
7.939485e+00 2.381949e+05 2.980288e+05
7.951988e+00 2.407898e+05 2.991358e+05
7.964491e+00 2.434301e+05 3.001416e+05
7.976994e+00 2.461083e+05 3.010402e+05
7.989497e+00 2.488214e+05 3.018305e+05
8.002001e+00 2.515723e+05 3.024992e+05
8.014504e+00 2.543551e+05 3.030569e+05
8.027007e+00 2.571624e+05 3.035032e+05
8.039510e+00 2.599911e+05 3.038374e+05
8.052013e+00 2.628400e+05 3.040437e+05
8.064516e+00 2.657037e+05 3.041327e+05
8.077019e+00 2.685785e+05 3.041075e+05
8.089522e+00 2.714610e+05 3.039678e+05
8.102026e+00 2.743484e+05 3.036974e+05
8.114529e+00 2.772366e+05 3.033080e+05
8.127032e+00 2.801221e+05 3.028028e+05
8.139535e+00 2.830019e+05 3.021816e+05
8.152038e+00 2.858711e+05 3.014287e+05
8.164541e+00 2.887270e+05 3.005559e+05
8.177044e+00 2.915667e+05 2.995670e+05
8.189547e+00 2.943871e+05 2.984620e+05
8.202051e+00 2.975320e+05 2.973053e+05
8.214554e+00 3.007073e+05 2.960426e+05
8.227057e+00 3.038530e+05 2.946643e+05
8.239560e+00 3.069659e+05 2.931708e+05
8.252063e+00 3.100375e+05 2.915467e+05
8.264566e+00 3.130706e+05 2.898072e+05
8.277069e+00 3.160635e+05 2.879566e+05
8.289572e+00 3.190104e+05 2.859926e+05
8.302076e+00 3.219009e+05 2.839002e+05
8.314579e+00 3.247369e+05 2.816926e+05
8.327082e+00 3.275169e+05 2.793734e+05
8.339585e+00 3.302377e+05 2.769436e+05
8.352088e+00 3.328873e+05 2.743884e+05
8.364591e+00 3.354692e+05 2.717212e+05
8.377094e+00 3.379820e+05 2.689457e+05
8.389597e+00 3.404228e+05 2.660626e+05
8.402101e+00 3.427777e+05 2.630582e+05
8.414604e+00 3.450518e+05 2.599453e+05
8.427107e+00 3.472441e+05 2.567278e+05
8.439610e+00 3.493518e+05 2.534066e+05
8.452113e+00 3.514761e+05 2.498530e+05
8.464616e+00 3.536935e+05 2.460113e+05
8.477119e+00 3.558165e+05 2.420689e+05
8.489622e+00 3.578420e+05 2.380266e+05
8.502126e+00 3.597525e+05 2.338715e+05
8.514629e+00 3.615563e+05 2.296160e+05
8.527132e+00 3.632529e+05 2.252636e+05
8.539635e+00 3.648432e+05 2.208189e+05
8.552138e+00 3.663047e+05 2.162665e+05
8.564641e+00 3.676461e+05 2.116174e+05
8.577144e+00 3.688672e+05 2.068746e+05
8.589647e+00 3.699648e+05 2.020388e+05
8.602151e+00 3.709170e+05 1.970973e+05
8.614654e+00 3.717353e+05 1.920620e+05
8.627157e+00 3.724193e+05 1.869351e+05
8.639660e+00 3.729655e+05 1.817172e+05
8.652163e+00 3.733496e+05 1.763953e+05
8.664666e+00 3.735844e+05 1.709805e+05
8.677169e+00 3.736695e+05 1.654747e+05
8.689672e+00 3.736009e+05 1.598776e+05
8.702176e+00 3.733416e+05 1.541265e+05
8.714679e+00 3.728608e+05 1.479968e+05
8.727182e+00 3.721957e+05 1.416879e+05
8.739685e+00 3.713579e+05 1.352843e+05
8.752188e+00 3.703159e+05 1.287703e+05
8.764691e+00 3.690857e+05 1.221558e+05
8.777194e+00 3.676652e+05 1.154406e+05
8.789697e+00 3.660483e+05 1.086221e+05
8.802201e+00 3.641978e+05 1.016812e+05
8.814704e+00 3.621331e+05 9.462904e+04
8.827207e+00 3.598512e+05 8.746430e+04
8.839710e+00 3.573412e+05 8.017934e+04
8.852213e+00 3.545573e+05 7.274899e+04
8.864716e+00 3.515186e+05 6.518185e+04
8.877219e+00 3.482183e+05 5.747268e+04
8.889722e+00 3.446443e+05 4.961275e+04
8.902226e+00 3.407383e+05 4.156656e+04
8.914729e+00 3.365201e+05 3.334173e+04
8.927232e+00 3.319779e+05 2.492772e+04
8.939735e+00 3.270926e+05 1.630913e+04
8.952238e+00 3.217798e+05 7.430089e+03
8.964741e+00 3.159065e+05 -1.769415e+03
8.977244e+00 3.093891e+05 -1.133623e+04
8.989747e+00 3.024155e+05 -2.120356e+04
9.002251e+00 2.948695e+05 -3.145900e+04
9.014754e+00 2.867679e+05 -4.210169e+04
9.027257e+00 2.780691e+05 -5.317149e+04
9.039760e+00 2.687153e+05 -6.472094e+04
9.052263e+00 2.585186e+05 -7.690503e+04
9.064766e+00 2.474838e+05 -8.973699e+04
9.077269e+00 2.355248e+05 -1.033004e+05
9.089772e+00 2.225254e+05 -1.177051e+05
9.102276e+00 2.081439e+05 -1.332551e+05
9.114779e+00 1.923441e+05 -1.500080e+05
9.127282e+00 1.749218e+05 -1.681651e+05
9.139785e+00 1.556073e+05 -1.879927e+05
9.152288e+00 1.336593e+05 -2.101946e+05
9.164791e+00 1.088735e+05 -2.350093e+05
9.177294e+00 8.068327e+04 -2.630177e+05
9.189797e+00 4.830393e+04 -2.950292e+05
9.202301e+00 9.665420e+03 -3.331552e+05
9.214804e+00 -3.632928e+04 -3.785363e+05
9.227307e+00 -9.204683e+04 -4.335341e+05
9.239810e+00 -1.607324e+05 -5.020260e+05
9.252313e+00 -2.514941e+05 -5.945658e+05
9.264816e+00 -3.725519e+05 -7.216666e+05
9.277319e+00 -5.414100e+05 -9.065016e+05
9.289822e+00 -7.922545e+05 -1.198639e+06
9.302326e+00 -1.250429e+06 -1.818317e+06
9.314829e+00 -2.149488e+06 -3.604868e+06
9.327332e+00 2.268269e+06 -1.346575e+07
9.339835e+00 8.113797e+06 1.881314e+06
9.352338e+00 3.482037e+06 1.763581e+06
9.364841e+00 2.208290e+06 1.227709e+06
9.377344e+00 1.653416e+06 9.214889e+05
9.389847e+00 1.347145e+06 7.307087e+05
9.402351e+00 1.162800e+06 6.072833e+05
9.414854e+00 1.032260e+06 5.167254e+05
9.427357e+00 9.345104e+05 4.473347e+05
9.439860e+00 8.583982e+05 3.925001e+05
9.452363e+00 7.989424e+05 3.492845e+05
9.464866e+00 7.495672e+05 3.133195e+05
9.477369e+00 7.076826e+05 2.830610e+05
9.489872e+00 6.715671e+05 2.573085e+05
9.502376e+00 6.405553e+05 2.354854e+05
9.514879e+00 6.130012e+05 2.163752e+05
9.527382e+00 5.882416e+05 1.994979e+05
9.539885e+00 5.657917e+05 1.844997e+05
9.552388e+00 5.455299e+05 1.713184e+05
9.564891e+00 5.268399e+05 1.594700e+05
9.577394e+00 5.094816e+05 1.487723e+05
9.589897e+00 4.932705e+05 1.390849e+05
9.602401e+00 4.781936e+05 1.304182e+05
9.614904e+00 4.639620e+05 1.225296e+05
9.627407e+00 4.504698e+05 1.153352e+05
9.639910e+00 4.376331e+05 1.087687e+05
9.652413e+00 4.254648e+05 1.028569e+05
9.664916e+00 4.138081e+05 9.745800e+04
9.677419e+00 4.026103e+05 9.252789e+04
9.689922e+00 3.918285e+05 8.803109e+04
9.702426e+00 3.814816e+05 8.399694e+04
9.714929e+00 3.714785e+05 8.033566e+04
9.727432e+00 3.618352e+05 7.705038e+04
9.739935e+00 3.526742e+05 7.421554e+04
9.752438e+00 3.438631e+05 7.175937e+04
9.764941e+00 3.352980e+05 6.958785e+04
9.777444e+00 3.269625e+05 6.768497e+04
9.789947e+00 3.188430e+05 6.603744e+04
9.802451e+00 3.109593e+05 6.467100e+04
9.814954e+00 3.032670e+05 6.353458e+04
9.827457e+00 2.957566e+05 6.261742e+04
9.839960e+00 2.884201e+05 6.191038e+04
9.852463e+00 2.812766e+05 6.143679e+04
9.864966e+00 2.742926e+05 6.115540e+04
9.877469e+00 2.674621e+05 6.105851e+04
9.889972e+00 2.607804e+05 6.113940e+04
9.902476e+00 2.542668e+05 6.141905e+04
9.914979e+00 2.478935e+05 6.186286e+04
9.927482e+00 2.416571e+05 6.246498e+04
9.939985e+00 2.355550e+05 6.322012e+04
9.952488e+00 2.296061e+05 6.414698e+04
9.964991e+00 2.237865e+05 6.521580e+04
9.977494e+00 2.180943e+05 6.642185e+04
9.989997e+00 2.126800e+05 6.768761e+04
1.000250e+01 2.075368e+05 6.904195e+04
1.001500e+01 2.025169e+05 7.051962e+04
1.002751e+01 1.976205e+05 7.211796e+04
1.004001e+01 1.928482e+05 7.383427e+04
1.005251e+01 1.882166e+05 7.568020e+04
1.006502e+01 1.837052e+05 7.763298e+04
1.007752e+01 1.793135e+05 7.968904e+04
1.009002e+01 1.750414e+05 8.184498e+04
1.010253e+01 1.709081e+05 8.411243e+04
1.011503e+01 1.668937e+05 8.647170e+04
1.012753e+01 1.629981e+05 8.891937e+04
1.014004e+01 1.592215e+05 9.145225e+04
1.015254e+01 1.555830e+05 9.407976e+04
1.016504e+01 1.520631e+05 9.678472e+04
1.017754e+01 1.486619e+05 9.956392e+04
1.019005e+01 1.453797e+05 1.024143e+05
1.020255e+01 1.422355e+05 1.053430e+05
1.021505e+01 1.392100e+05 1.083353e+05
1.022756e+01 1.363032e+05 1.113882e+05
1.024006e+01 1.335172e+05 1.144778e+05
1.025256e+01 1.308886e+05 1.173674e+05
1.026507e+01 1.283787e+05 1.203072e+05
1.027757e+01 1.259874e+05 1.232939e+05
1.029007e+01 1.237152e+05 1.263247e+05
1.030258e+01 1.215807e+05 1.294024e+05
1.031508e+01 1.195645e+05 1.325169e+05
1.032758e+01 1.176664e+05 1.356651e+05
1.034009e+01 1.158869e+05 1.388441e+05
1.035259e+01 1.142443e+05 1.420548e+05
1.036509e+01 1.127225e+05 1.452927e+05
1.037759e+01 1.113176e+05 1.485512e+05
1.039010e+01 1.100302e+05 1.518275e+05
1.040260e+01 1.088775e+05 1.551202e+05
1.041510e+01 1.078404e+05 1.584236e+05
1.042761e+01 1.069184e+05 1.617349e+05
1.044011e+01 1.061117e+05 1.650511e+05
1.045261e+01 1.054370e+05 1.683689e+05
1.046512e+01 1.048753e+05 1.716849e+05
1.047762e+01 1.044258e+05 1.749962e+05
1.049012e+01 1.040878e+05 1.782990e+05
1.050263e+01 1.037476e+05 1.815018e+05
1.051513e+01 1.034278e+05 1.846305e+05
1.052763e+01 1.032165e+05 1.877423e+05
1.054014e+01 1.031136e+05 1.908341e+05
1.055264e+01 1.031338e+05 1.938995e+05
1.056514e+01 1.032591e+05 1.969389e+05
1.057764e+01 1.034881e+05 1.999497e+05
1.059015e+01 1.038207e+05 2.029288e+05
1.060265e+01 1.042702e+05 2.058683e+05
1.061515e+01 1.048193e+05 2.087704e+05
1.062766e+01 1.054664e+05 2.116328e+05
1.064016e+01 1.062112e+05 2.144524e+05
1.065266e+01 1.070658e+05 2.172197e+05
1.066517e+01 1.080134e+05 2.199390e+05
1.067767e+01 1.090525e+05 2.226081e+05
1.069017e+01 1.101824e+05 2.252238e+05
1.070268e+01 1.114169e+05 2.277788e+05
1.071518e+01 1.127375e+05 2.302762e+05
1.072768e+01 1.141420e+05 2.327134e+05
1.074019e+01 1.156295e+05 2.350876e+05
1.075269e+01 1.171660e+05 2.374079e+05
1.076519e+01 1.186118e+05 2.397424e+05
1.077769e+01 1.201186e+05 2.420148e+05
1.079020e+01 1.216998e+05 2.442151e+05
1.080270e+01 1.233630e+05 2.463310e+05
1.081520e+01 1.250948e+05 2.483714e+05
1.082771e+01 1.268930e+05 2.503346e+05
1.084021e+01 1.287563e+05 2.522177e+05
1.085271e+01 1.306906e+05 2.540075e+05
1.086522e+01 1.326839e+05 2.557145e+05
1.087772e+01 1.347338e+05 2.573370e+05
1.089022e+01 1.368388e+05 2.588723e+05
1.090273e+01 1.390031e+05 2.603067e+05
1.091523e+01 1.412162e+05 2.616517e+05
1.092773e+01 1.434756e+05 2.629060e+05
1.094024e+01 1.457795e+05 2.640669e+05
1.095274e+01 1.481306e+05 2.651202e+05
1.096524e+01 1.505198e+05 2.660786e+05
1.097774e+01 1.529446e+05 2.669410e+05
1.099025e+01 1.554029e+05 2.677047e+05
1.100275e+01 1.578943e+05 2.683702e+05
1.101525e+01 1.604007e+05 2.690595e+05
1.102776e+01 1.629221e+05 2.697446e+05
1.104026e+01 1.654658e+05 2.703264e+05
1.105276e+01 1.680340e+05 2.707935e+05
1.106527e+01 1.706184e+05 2.711576e+05
1.107777e+01 1.732161e+05 2.714174e+05
1.109027e+01 1.758244e+05 2.715704e+05
1.110278e+01 1.784413e+05 2.716019e+05
1.111528e+01 1.810626e+05 2.715268e+05
1.112778e+01 1.836856e+05 2.713444e+05
1.114029e+01 1.863076e+05 2.710520e+05
1.115279e+01 1.889250e+05 2.706350e+05
1.116529e+01 1.915353e+05 2.701087e+05
1.117779e+01 1.941358e+05 2.694725e+05
1.119030e+01 1.967236e+05 2.687237e+05
1.120280e+01 1.992934e+05 2.678474e+05
1.121530e+01 2.018447e+05 2.668593e+05
1.122781e+01 2.043746e+05 2.657589e+05
1.124031e+01 2.068799e+05 2.645431e+05
1.125281e+01 2.093540e+05 2.631970e+05
1.126532e+01 2.118483e+05 2.617755e+05
1.127782e+01 2.144107e+05 2.603170e+05
1.129032e+01 2.169560e+05 2.587553e+05
1.130283e+01 2.194569e+05 2.570598e+05
1.131533e+01 2.219157e+05 2.552464e+05
1.132783e+01 2.243298e+05 2.533142e+05
1.134034e+01 2.266951e+05 2.512594e+05
1.135284e+01 2.290022e+05 2.490657e+05
1.136534e+01 2.312553e+05 2.467494e+05
1.137784e+01 2.334513e+05 2.443087e+05
1.139035e+01 2.355859e+05 2.417392e+05
1.140285e+01 2.376479e+05 2.390232e+05
1.141535e+01 2.396460e+05 2.361796e+05
1.142786e+01 2.415743e+05 2.332036e+05
1.144036e+01 2.434274e+05 2.300887e+05
1.145286e+01 2.451923e+05 2.268151e+05
1.146537e+01 2.468762e+05 2.233988e+05
1.147787e+01 2.484754e+05 2.198359e+05
1.149037e+01 2.499839e+05 2.161183e+05
1.150288e+01 2.513861e+05 2.122220e+05
1.151538e+01 2.526980e+05 2.081603e+05
1.152788e+01 2.540196e+05 2.038883e+05
1.154039e+01 2.552913e+05 1.994137e+05
1.155289e+01 2.564342e+05 1.947275e+05
1.156539e+01 2.574582e+05 1.898459e+05
1.157789e+01 2.583572e+05 1.847581e+05
1.159040e+01 2.591211e+05 1.794464e+05
1.160290e+01 2.597258e+05 1.738683e+05
1.161540e+01 2.601819e+05 1.680390e+05
1.162791e+01 2.604806e+05 1.619407e+05
1.164041e+01 2.606073e+05 1.555440e+05
1.165291e+01 2.605290e+05 1.487858e+05
1.166542e+01 2.602567e+05 1.416789e+05
1.167792e+01 2.597761e+05 1.341907e+05
1.169042e+01 2.590641e+05 1.262706e+05
1.170293e+01 2.580713e+05 1.178144e+05
1.171543e+01 2.568071e+05 1.088278e+05
1.172793e+01 2.552455e+05 9.924719e+04
1.174044e+01 2.533455e+05 8.897529e+04
1.175294e+01 2.510243e+05 7.782105e+04
1.176544e+01 2.482833e+05 6.576500e+04
1.177794e+01 2.450779e+05 5.261799e+04
1.179045e+01 2.413357e+05 3.812524e+04
1.180295e+01 2.368757e+05 2.195753e+04
1.181545e+01 2.316662e+05 4.015502e+03
1.182796e+01 2.255748e+05 -1.606282e+04
1.184046e+01 2.183942e+05 -3.884505e+04
1.185296e+01 2.097235e+05 -6.543038e+04
1.186547e+01 1.993974e+05 -9.636525e+04
1.187797e+01 1.869922e+05 -1.329204e+05
1.189047e+01 1.718120e+05 -1.772288e+05
1.190298e+01 1.524535e+05 -2.337235e+05
1.191548e+01 1.279024e+05 -3.061754e+05
1.192798e+01 9.601131e+04 -4.026224e+05
1.194049e+01 5.280069e+04 -5.395876e+05
1.195299e+01 -1.079217e+04 -7.629043e+05
1.196549e+01 -1.036857e+05 -1.160136e+06
1.197799e+01 -2.210586e+05 -2.040472e+06
1.199050e+01 8.064874e+05 -4.665219e+06
1.200300e+01 9.348004e+06 1.365202e+06
1.201550e+01 2.077723e+06 2.431761e+06
1.202801e+01 1.152665e+06 1.529829e+06
1.204051e+01 8.635887e+05 1.135696e+06
1.205301e+01 7.311149e+05 9.265499e+05
1.206552e+01 6.494038e+05 7.883409e+05
1.207802e+01 5.943367e+05 6.904307e+05
1.209052e+01 5.551272e+05 6.179647e+05
1.210303e+01 5.263817e+05 5.631174e+05
1.211553e+01 5.036059e+05 5.187189e+05
1.212803e+01 4.850838e+05 4.819788e+05
1.214054e+01 4.697674e+05 4.511620e+05
1.215304e+01 4.570115e+05 4.252013e+05
1.216554e+01 4.459562e+05 4.025460e+05
1.217804e+01 4.362485e+05 3.825643e+05
1.219055e+01 4.276508e+05 3.648360e+05
1.220305e+01 4.200129e+05 3.491049e+05
1.221555e+01 4.130579e+05 3.348312e+05
1.222806e+01 4.066711e+05 3.217993e+05
1.224056e+01 4.007753e+05 3.098684e+05
1.225306e+01 3.953218e+05 2.989594e+05
1.226557e+01 3.901949e+05 2.888293e+05
1.227807e+01 3.853476e+05 2.793860e+05
1.229057e+01 3.807214e+05 2.705883e+05
1.230308e+01 3.762572e+05 2.624327e+05
1.231558e+01 3.719654e+05 2.547512e+05
1.232808e+01 3.678236e+05 2.474982e+05
1.234059e+01 3.638168e+05 2.406481e+05
1.235309e+01 3.599360e+05 2.341928e+05
1.236559e+01 3.561515e+05 2.280553e+05
1.237809e+01 3.524516e+05 2.222109e+05
1.239060e+01 3.488285e+05 2.166475e+05
1.240310e+01 3.452775e+05 2.113644e+05
1.241560e+01 3.417820e+05 2.063115e+05
1.242811e+01 3.383355e+05 2.014741e+05
1.244061e+01 3.349338e+05 1.968469e+05
1.245311e+01 3.315743e+05 1.924322e+05
1.246562e+01 3.282474e+05 1.881950e+05
1.247812e+01 3.249494e+05 1.841260e+05
1.249062e+01 3.216779e+05 1.802233e+05
1.250313e+01 3.184315e+05 1.764908e+05
1.251563e+01 3.152046e+05 1.729024e+05
1.252813e+01 3.119952e+05 1.694519e+05
1.254064e+01 3.088026e+05 1.661426e+05
1.255314e+01 3.056420e+05 1.630452e+05
1.256564e+01 3.024990e+05 1.600908e+05
1.257814e+01 2.993693e+05 1.572563e+05
1.259065e+01 2.962501e+05 1.545407e+05
1.260315e+01 2.931413e+05 1.519487e+05
1.261565e+01 2.900410e+05 1.494633e+05
1.262816e+01 2.869488e+05 1.470818e+05
1.264066e+01 2.838644e+05 1.448057e+05
1.265316e+01 2.807884e+05 1.426401e+05
1.266567e+01 2.777194e+05 1.405703e+05
1.267817e+01 2.746576e+05 1.385943e+05
1.269067e+01 2.716032e+05 1.367142e+05
1.270318e+01 2.685568e+05 1.349349e+05
1.271568e+01 2.655178e+05 1.332436e+05
1.272818e+01 2.624865e+05 1.316388e+05
1.274069e+01 2.594635e+05 1.301228e+05
1.275319e+01 2.564499e+05 1.287003e+05
1.276569e+01 2.534450e+05 1.273598e+05
1.277819e+01 2.504494e+05 1.261002e+05
1.279070e+01 2.474646e+05 1.249239e+05
1.280320e+01 2.445229e+05 1.238377e+05
1.281570e+01 2.416554e+05 1.228331e+05
1.282821e+01 2.387996e+05 1.219049e+05
1.284071e+01 2.359568e+05 1.210555e+05
1.285321e+01 2.331287e+05 1.202894e+05
1.286572e+01 2.303145e+05 1.195966e+05
1.287822e+01 2.275152e+05 1.189764e+05
1.289072e+01 2.247321e+05 1.184312e+05
1.290323e+01 2.219674e+05 1.179653e+05
1.291573e+01 2.192202e+05 1.175692e+05
1.292823e+01 2.164912e+05 1.172423e+05
1.294074e+01 2.137824e+05 1.169871e+05
1.295324e+01 2.110962e+05 1.168073e+05
1.296574e+01 2.084312e+05 1.166941e+05
1.297824e+01 2.057891e+05 1.166476e+05
1.299075e+01 2.031733e+05 1.166713e+05
1.300325e+01 2.005847e+05 1.167669e+05
1.301575e+01 1.980215e+05 1.169260e+05
1.302826e+01 1.954848e+05 1.171477e+05
1.304076e+01 1.929769e+05 1.174344e+05
1.305326e+01 1.905068e+05 1.177770e+05
1.306577e+01 1.880926e+05 1.181247e+05
1.307827e+01 1.857206e+05 1.185074e+05
1.309077e+01 1.833823e+05 1.189516e+05
1.310328e+01 1.810810e+05 1.194598e+05
1.311578e+01 1.788141e+05 1.200245e+05
1.312828e+01 1.765827e+05 1.206448e+05
1.314079e+01 1.743898e+05 1.213226e+05
1.315329e+01 1.722391e+05 1.220602e+05
1.316579e+01 1.701273e+05 1.228502e+05
1.317829e+01 1.680557e+05 1.236917e+05
1.319080e+01 1.660276e+05 1.245864e+05
1.320330e+01 1.640467e+05 1.255359e+05
1.321580e+01 1.621095e+05 1.265336e+05
1.322831e+01 1.602170e+05 1.275782e+05
1.324081e+01 1.583728e+05 1.286710e+05
1.325331e+01 1.565809e+05 1.298134e+05
1.326582e+01 1.548371e+05 1.309989e+05
1.327832e+01 1.531426e+05 1.322263e+05
1.329082e+01 1.515011e+05 1.334966e+05
1.330333e+01 1.499166e+05 1.348103e+05
1.331583e+01 1.483556e+05 1.361268e+05
1.332833e+01 1.468108e+05 1.374347e+05
1.334084e+01 1.453213e+05 1.387769e+05
1.335334e+01 1.438935e+05 1.401560e+05
1.336584e+01 1.425221e+05 1.415666e+05
1.337834e+01 1.412081e+05 1.430073e+05
1.339085e+01 1.399555e+05 1.444780e+05
1.340335e+01 1.387691e+05 1.459787e+05
1.341585e+01 1.376447e+05 1.475063e+05
1.342836e+01 1.365810e+05 1.490571e+05
1.344086e+01 1.355825e+05 1.506305e+05
1.345336e+01 1.346530e+05 1.522254e+05
1.346587e+01 1.337866e+05 1.538380e+05
1.347837e+01 1.329839e+05 1.554662e+05
1.349087e+01 1.322492e+05 1.571091e+05
1.350338e+01 1.315864e+05 1.587649e+05
1.351588e+01 1.309890e+05 1.604303e+05
1.352838e+01 1.304576e+05 1.621035e+05
1.354089e+01 1.299964e+05 1.637826e+05
1.355339e+01 1.296091e+05 1.654655e+05
1.356589e+01 1.292732e+05 1.671532e+05
1.357839e+01 1.289374e+05 1.688558e+05
1.359090e+01 1.286491e+05 1.705607e+05
1.360340e+01 1.284360e+05 1.722596e+05
1.361590e+01 1.282907e+05 1.739507e+05
1.362841e+01 1.282135e+05 1.756319e+05
1.364091e+01 1.282084e+05 1.773000e+05
1.365341e+01 1.282786e+05 1.789517e+05
1.366592e+01 1.284166e+05 1.805862e+05
1.367842e+01 1.286224e+05 1.822011e+05
1.369092e+01 1.288999e+05 1.837928e+05
1.370343e+01 1.292516e+05 1.853573e+05
1.371593e+01 1.296702e+05 1.868948e+05
1.372843e+01 1.301553e+05 1.884027e+05
1.374094e+01 1.307104e+05 1.898766e+05
1.375344e+01 1.313379e+05 1.913123e+05
1.376594e+01 1.320301e+05 1.927105e+05
1.377844e+01 1.327864e+05 1.940689e+05
1.379095e+01 1.336102e+05 1.953822e+05
1.380345e+01 1.345030e+05 1.966456e+05
1.381595e+01 1.354575e+05 1.978609e+05
1.382846e+01 1.364603e+05 1.990779e+05
1.384096e+01 1.375145e+05 2.002901e+05
1.385346e+01 1.386347e+05 2.014465e+05
1.386597e+01 1.398124e+05 2.025438e+05
1.387847e+01 1.410463e+05 2.035794e+05
1.389097e+01 1.423388e+05 2.045463e+05
1.390348e+01 1.436904e+05 2.054387e+05
1.391598e+01 1.450941e+05 2.062605e+05
1.392848e+01 1.465485e+05 2.070090e+05
1.394099e+01 1.480553e+05 2.076760e+05
1.395349e+01 1.496144e+05 2.082554e+05
1.396599e+01 1.512192e+05 2.087519e+05
1.397849e+01 1.528681e+05 2.091626e+05
1.399100e+01 1.545620e+05 2.094782e+05
1.400350e+01 1.563002e+05 2.096919e+05
1.401600e+01 1.580766e+05 2.098094e+05
1.402851e+01 1.598894e+05 2.098273e+05
1.404101e+01 1.617386e+05 2.097351e+05
1.405351e+01 1.636230e+05 2.095249e+05
1.406602e+01 1.655369e+05 2.092035e+05
1.407852e+01 1.674853e+05 2.087724e+05
1.409102e+01 1.695306e+05 2.082706e+05
1.410353e+01 1.716097e+05 2.076395e+05
1.411603e+01 1.737087e+05 2.068790e+05
1.412853e+01 1.758252e+05 2.059843e+05
1.414104e+01 1.779574e+05 2.049403e+05
1.415354e+01 1.801027e+05 2.037363e+05
1.416604e+01 1.822570e+05 2.023801e+05
1.417854e+01 1.844175e+05 2.008651e+05
1.419105e+01 1.865813e+05 1.991726e+05
1.420355e+01 1.887451e+05 1.972886e+05
1.421605e+01 1.909053e+05 1.952211e+05
1.422856e+01 1.930590e+05 1.929609e+05
1.424106e+01 1.952018e+05 1.904829e+05
1.425356e+01 1.973293e+05 1.877681e+05
1.426607e+01 1.994389e+05 1.848237e+05
1.427857e+01 2.015269e+05 1.816356e+05
1.429107e+01 2.035873e+05 1.781681e+05
1.430358e+01 2.056159e+05 1.743949e+05
1.431608e+01 2.076097e+05 1.703190e+05
1.432858e+01 2.095634e+05 1.659163e+05
1.434109e+01 2.115191e+05 1.611073e+05
1.435359e+01 2.134685e+05 1.558457e+05
1.436609e+01 2.153597e+05 1.501529e+05
1.437859e+01 2.171861e+05 1.439858e+05
1.439110e+01 2.189346e+05 1.372510e+05
1.440360e+01 2.205936e+05 1.298629e+05
1.441610e+01 2.221609e+05 1.217973e+05
1.442861e+01 2.236261e+05 1.129652e+05
1.444111e+01 2.249677e+05 1.031845e+05
1.445361e+01 2.261666e+05 9.227307e+04
1.446612e+01 2.272170e+05 8.014163e+04
1.447862e+01 2.280996e+05 6.657499e+04
1.449112e+01 2.287750e+05 5.114602e+04
1.450363e+01 2.292055e+05 3.337801e+04
1.451613e+01 2.293743e+05 1.293308e+04
1.452863e+01 2.292396e+05 -1.085759e+04
1.454114e+01 2.287195e+05 -3.933236e+04
1.455364e+01 2.277342e+05 -7.424017e+04
1.456614e+01 2.262487e+05 -1.173184e+05
1.457864e+01 2.242017e+05 -1.718474e+05
1.459115e+01 2.215490e+05 -2.451090e+05
1.460365e+01 2.186015e+05 -3.499905e+05
1.461615e+01 2.167999e+05 -5.068888e+05
1.462866e+01 2.217929e+05 -7.655943e+05
1.464116e+01 2.794152e+05 -1.324807e+06
1.465366e+01 1.458249e+06 -3.392005e+06
1.466617e+01 3.575043e+06 7.493506e+05
1.467867e+01 1.421144e+06 2.659736e+06
1.469117e+01 6.361578e+05 1.523042e+06
1.470368e+01 4.915894e+05 1.118994e+06
1.471618e+01 4.275195e+05 8.989648e+05
1.472868e+01 3.929567e+05 7.614720e+05
1.474119e+01 3.724477e+05 6.694203e+05
1.475369e+01 3.590853e+05 6.032021e+05
1.476619e+01 3.494975e+05 5.518429e+05
1.477869e+01 3.423556e+05 5.107488e+05
1.479120e+01 3.369563e+05 4.774420e+05
1.480370e+01 3.327437e+05 4.497769e+05
1.481620e+01 3.293015e+05 4.260001e+05
1.482871e+01 3.264311e+05 4.052768e+05
1.484121e+01 3.240125e+05 3.871472e+05
1.485371e+01 3.218752e+05 3.710618e+05
1.486622e+01 3.199161e+05 3.564991e+05
1.487872e+01 3.181341e+05 3.432312e+05
1.489122e+01 3.164948e+05 3.311320e+05
1.490373e+01 3.149594e+05 3.200160e+05
1.491623e+01 3.134924e+05 3.096715e+05
1.492873e+01 3.120736e+05 2.999981e+05
1.494124e+01 3.106878e+05 2.909549e+05
1.495374e+01 3.093191e+05 2.824610e+05
1.496624e+01 3.079547e+05 2.744131e+05
1.497874e+01 3.065856e+05 2.667645e+05
1.499125e+01 3.052030e+05 2.595022e+05
1.500375e+01 3.037995e+05 2.525859e+05
1.501625e+01 3.023714e+05 2.459583e+05
1.502876e+01 3.009145e+05 2.395954e+05
1.504126e+01 2.994226e+05 2.334949e+05
1.505376e+01 2.978922e+05 2.276348e+05
1.506627e+01 2.963238e+05 2.219802e+05
1.507877e+01 2.947156e+05 2.165176e+05
1.509127e+01 2.930626e+05 2.112497e+05
1.510378e+01 2.913404e+05 2.061808e+05
1.511628e+01 2.895071e+05 2.013213e+05
1.512878e+01 2.876155e+05 1.966232e+05
1.514129e+01 2.856756e+05 1.920807e+05
1.515379e+01 2.836876e+05 1.876857e+05
1.516629e+01 2.816550e+05 1.834216e+05
1.517879e+01 2.795781e+05 1.792836e+05
1.519130e+01 2.774534e+05 1.752777e+05
1.520380e+01 2.752819e+05 1.713989e+05
1.521630e+01 2.730675e+05 1.676340e+05
1.522881e+01 2.708110e+05 1.639803e+05
1.524131e+01 2.685097e+05 1.604444e+05
1.525381e+01 2.661660e+05 1.570237e+05
1.526632e+01 2.637841e+05 1.537075e+05
1.527882e+01 2.613639e+05 1.504930e+05
1.529132e+01 2.589035e+05 1.473872e+05
1.530383e+01 2.564045e+05 1.443872e+05
1.531633e+01 2.538711e+05 1.414840e+05
1.532883e+01 2.513045e+05 1.386761e+05
1.534134e+01 2.487034e+05 1.359709e+05
1.535384e+01 2.460705e+05 1.333713e+05
1.536634e+01 2.434195e+05 1.309355e+05
1.537884e+01 2.407499e+05 1.286487e+05
1.539135e+01 2.380522e+05 1.264602e+05
1.540385e+01 2.353284e+05 1.243679e+05
1.541635e+01 2.325822e+05 1.223641e+05
1.542886e+01 2.298149e+05 1.204479e+05
1.544136e+01 2.270265e+05 1.186267e+05
1.545386e+01 2.242191e+05 1.168982e+05
1.546637e+01 2.213957e+05 1.152552e+05
1.547887e+01 2.185580e+05 1.136970e+05
1.549137e+01 2.157063e+05 1.122307e+05
1.550388e+01 2.128430e+05 1.108540e+05
1.551638e+01 2.099703e+05 1.095600e+05
1.552888e+01 2.070900e+05 1.083481e+05
1.554139e+01 2.042032e+05 1.072250e+05
1.555389e+01 2.013119e+05 1.061885e+05
1.556639e+01 1.984181e+05 1.052318e+05
1.557889e+01 1.955233e+05 1.043543e+05
1.559140e+01 1.926294e+05 1.035625e+05
1.560390e+01 1.897381e+05 1.028540e+05
1.561640e+01 1.868867e+05 1.022349e+05
1.562891e+01 1.841189e+05 1.017196e+05
1.564141e+01 1.813768e+05 1.012929e+05
1.565391e+01 1.786444e+05 1.009459e+05
1.566642e+01 1.759225e+05 1.006724e+05
1.567892e+01 1.732127e+05 1.004716e+05
1.569142e+01 1.705177e+05 1.003492e+05
1.570393e+01 1.678389e+05 1.003027e+05
1.571643e+01 1.651769e+05 1.003260e+05
1.572893e+01 1.625330e+05 1.004182e+05
1.574144e+01 1.599104e+05 1.005849e+05
1.575394e+01 1.573116e+05 1.008242e+05
1.576644e+01 1.547360e+05 1.011303e+05
1.577894e+01 1.521843e+05 1.015012e+05
1.579145e+01 1.496602e+05 1.019420e+05
1.580395e+01 1.471645e+05 1.024499e+05
1.581645e+01 1.446967e+05 1.030194e+05
1.582896e+01 1.422579e+05 1.036493e+05
1.584146e+01 1.398525e+05 1.043444e+05
1.585396e+01 1.374810e+05 1.051017e+05
1.586647e+01 1.351423e+05 1.059160e+05
1.587897e+01 1.329064e+05 1.067203e+05
1.589147e+01 1.307425e+05 1.075525e+05
1.590398e+01 1.286181e+05 1.084413e+05
1.591648e+01 1.265310e+05 1.093822e+05
1.592898e+01 1.244823e+05 1.103741e+05
1.594149e+01 1.224770e+05 1.114206e+05
1.595399e+01 1.205150e+05 1.125188e+05
1.596649e+01 1.185945e+05 1.136640e+05
1.597899e+01 1.167164e+05 1.148552e+05
1.599150e+01 1.148859e+05 1.160953e+05
1.600400e+01 1.131027e+05 1.173814e+05
1.601650e+01 1.113647e+05 1.187094e+05
1.602901e+01 1.096726e+05 1.200780e+05
1.604151e+01 1.080320e+05 1.214897e+05
1.605401e+01 1.064422e+05 1.229417e+05
1.606652e+01 1.049007e+05 1.244301e+05
1.607902e+01 1.034083e+05 1.259536e+05
1.609152e+01 1.019708e+05 1.275142e+05
1.610403e+01 1.005870e+05 1.291092e+05
1.611653e+01 9.925442e+04 1.307350e+05
1.612903e+01 9.796226e+04 1.323560e+05
1.614154e+01 9.669469e+04 1.339080e+05
1.615404e+01 9.548113e+04 1.354810e+05
1.616654e+01 9.432111e+04 1.370791e+05
1.617904e+01 9.321513e+04 1.387009e+05
1.619155e+01 9.216938e+04 1.403473e+05
1.620405e+01 9.118221e+04 1.420157e+05
1.621655e+01 9.025060e+04 1.437033e+05
1.622906e+01 8.937493e+04 1.454088e+05
1.624156e+01 8.856154e+04 1.471323e+05
1.625406e+01 8.780851e+04 1.488715e+05
1.626657e+01 8.711314e+04 1.506243e+05
1.627907e+01 8.647668e+04 1.523904e+05
1.629157e+01 8.590410e+04 1.541678e+05
1.630408e+01 8.539333e+04 1.559544e+05
1.631658e+01 8.494100e+04 1.577481e+05
1.632908e+01 8.454738e+04 1.595473e+05
1.634159e+01 8.421896e+04 1.613510e+05
1.635409e+01 8.395333e+04 1.631572e+05
1.636659e+01 8.374711e+04 1.649641e+05
1.637909e+01 8.360049e+04 1.667702e+05
1.639160e+01 8.340371e+04 1.685589e+05
1.640410e+01 8.322464e+04 1.703373e+05
1.641660e+01 8.310560e+04 1.721098e+05
1.642911e+01 8.304670e+04 1.738750e+05
1.644161e+01 8.305451e+04 1.756301e+05
1.645411e+01 8.312625e+04 1.773737e+05
1.646662e+01 8.325837e+04 1.791046e+05
1.647912e+01 8.345092e+04 1.808212e+05
1.649162e+01 8.371051e+04 1.825199e+05
1.650413e+01 8.403409e+04 1.841997e+05
1.651663e+01 8.441820e+04 1.858595e+05
1.652913e+01 8.486274e+04 1.874979e+05
1.654164e+01 8.537437e+04 1.891102e+05
1.655414e+01 8.594989e+04 1.906955e+05
1.656664e+01 8.658577e+04 1.922533e+05
1.657914e+01 8.728199e+04 1.937819e+05
1.659165e+01 8.804510e+04 1.952756e+05
1.660415e+01 8.887182e+04 1.967337e+05
1.661665e+01 8.975867e+04 1.981562e+05
1.662916e+01 9.070555e+04 1.995409e+05
1.664166e+01 9.169305e+04 2.009184e+05
1.665416e+01 9.266322e+04 2.023662e+05
1.666667e+01 9.369322e+04 2.037692e+05
1.667917e+01 9.478299e+04 2.051251e+05
1.669167e+01 9.593914e+04 2.064257e+05
1.670418e+01 9.715828e+04 2.076709e+05
1.671668e+01 9.843708e+04 2.088609e+05
1.672918e+01 9.977556e+04 2.099931e+05
1.674169e+01 1.011805e+05 2.110574e+05
1.675419e+01 1.026484e+05 2.120541e+05
1.676669e+01 1.041763e+05 2.129833e+05
1.677919e+01 1.057643e+05 2.138419e+05
1.679170e+01 1.074194e+05 2.146177e+05
1.680420e+01 1.091394e+05 2.153118e+05
1.681670e+01 1.109212e+05 2.159241e+05
1.682921e+01 1.127645e+05 2.164498e+05
1.684171e+01 1.146770e+05 2.168736e+05
1.685421e+01 1.166557e+05 2.171954e+05
1.686672e+01 1.186982e+05 2.174150e+05
1.687922e+01 1.208055e+05 2.175268e+05
1.689172e+01 1.229932e+05 2.175255e+05
1.690423e+01 1.253073e+05 2.175171e+05
1.691673e+01 1.277179e+05 2.174381e+05
1.692923e+01 1.302002e+05 2.172214e+05
1.694174e+01 1.327656e+05 2.168400e+05
1.695424e+01 1.354126e+05 2.162915e+05
1.696674e+01 1.381410e+05 2.155721e+05
1.697924e+01 1.409548e+05 2.146692e+05
1.699175e+01 1.438700e+05 2.135435e+05
1.700425e+01 1.468874e+05 2.121886e+05
1.701675e+01 1.500094e+05 2.105956e+05
1.702926e+01 1.532443e+05 2.087424e+05
1.704176e+01 1.566175e+05 2.065669e+05
1.705426e+01 1.601349e+05 2.040529e+05
1.706677e+01 1.638049e+05 2.011789e+05
1.707927e+01 1.676454e+05 1.979024e+05
1.709177e+01 1.717035e+05 1.941124e+05
1.710428e+01 1.759978e+05 1.897670e+05
1.711678e+01 1.805531e+05 1.848108e+05
1.712928e+01 1.854124e+05 1.791489e+05
1.714179e+01 1.906801e+05 1.725477e+05
1.715429e+01 1.964929e+05 1.648962e+05
1.716679e+01 2.030086e+05 1.560425e+05
1.717929e+01 2.102041e+05 1.456985e+05
1.719180e+01 2.183735e+05 1.332351e+05
1.720430e+01 2.277506e+05 1.181935e+05
1.721680e+01 2.386705e+05 9.992393e+04
1.722931e+01 2.516871e+05 7.736265e+04
1.724181e+01 2.681705e+05 4.791078e+04
1.725431e+01 2.897167e+05 8.750100e+03
1.726682e+01 3.191353e+05 -4.487975e+04
1.727932e+01 3.621920e+05 -1.222737e+05
1.729182e+01 4.390911e+05 -2.532522e+05
1.730433e+01 6.088623e+05 -5.086316e+05
1.731683e+01 1.203247e+06 -1.155989e+06
1.732933e+01 7.527255e+06 9.324797e+05
1.734184e+01 -3.083591e+04 2.471421e+06
1.735434e+01 -7.352177e+04 1.276960e+06
1.736684e+01 -9.692389e+03 9.109451e+05
1.737934e+01 3.442199e+04 7.388190e+05
1.739185e+01 6.365205e+04 6.435892e+05
1.740435e+01 8.496753e+04 5.808119e+05
1.741685e+01 1.015985e+05 5.354491e+05
1.742936e+01 1.150312e+05 5.011133e+05
1.744186e+01 1.259597e+05 4.748275e+05
1.745436e+01 1.352383e+05 4.535946e+05
1.746687e+01 1.433250e+05 4.358727e+05
1.747937e+01 1.504789e+05 4.208060e+05
1.749187e+01 1.568127e+05 4.079885e+05
1.750438e+01 1.625410e+05 3.967684e+05
1.751688e+01 1.677896e+05 3.867684e+05
1.752938e+01 1.726324e+05 3.777626e+05
1.754189e+01 1.770900e+05 3.696601e+05
1.755439e+01 1.812430e+05 3.622381e+05
1.756689e+01 1.851399e+05 3.553618e+05
1.757939e+01 1.888086e+05 3.489484e+05
1.759190e+01 1.922488e+05 3.429727e+05
1.760440e+01 1.954994e+05 3.373378e+05
1.761690e+01 1.985836e+05 3.319847e+05
1.762941e+01 2.015139e+05 3.268767e+05
1.764191e+01 2.042839e+05 3.220066e+05
1.765441e+01 2.069163e+05 3.173260e+05
1.766692e+01 2.094027e+05 3.126867e+05
1.767942e+01 2.117437e+05 3.080387e+05
1.769192e+01 2.139547e+05 3.035134e+05
1.770443e+01 2.160542e+05 2.991024e+05
1.771693e+01 2.180504e+05 2.947897e+05
1.772943e+01 2.199469e+05 2.905656e+05
1.774194e+01 2.217343e+05 2.864314e+05
1.775444e+01 2.234246e+05 2.823714e+05
1.776694e+01 2.250237e+05 2.783768e+05
1.777944e+01 2.265335e+05 2.744424e+05
1.779195e+01 2.279448e+05 2.705704e+05
1.780445e+01 2.292675e+05 2.667512e+05
1.781695e+01 2.305063e+05 2.629797e+05
1.782946e+01 2.316625e+05 2.592531e+05
1.784196e+01 2.327269e+05 2.555744e+05
1.785446e+01 2.337084e+05 2.519375e+05
1.786697e+01 2.346110e+05 2.483392e+05
1.787947e+01 2.354357e+05 2.447783e+05
1.789197e+01 2.361735e+05 2.412583e+05
1.790448e+01 2.368328e+05 2.377750e+05
1.791698e+01 2.373944e+05 2.343150e+05
1.792948e+01 2.376885e+05 2.307925e+05
1.794199e+01 2.378435e+05 2.272803e+05
1.795449e+01 2.379238e+05 2.238032e+05
1.796699e+01 2.379329e+05 2.203603e+05
1.797949e+01 2.378716e+05 2.169517e+05
1.799200e+01 2.377315e+05 2.135822e+05
1.800450e+01 2.375206e+05 2.102488e+05
1.801700e+01 2.372422e+05 2.069508e+05
1.802951e+01 2.368970e+05 2.036887e+05
1.804201e+01 2.364773e+05 2.004679e+05
1.805451e+01 2.359908e+05 1.972855e+05
1.806702e+01 2.354406e+05 1.941409e+05
1.807952e+01 2.348277e+05 1.910348e+05
1.809202e+01 2.341449e+05 1.879733e+05
1.810453e+01 2.333998e+05 1.849531e+05
1.811703e+01 2.325952e+05 1.819738e+05
1.812953e+01 2.317323e+05 1.790362e+05
1.814204e+01 2.308046e+05 1.761467e+05
1.815454e+01 2.298193e+05 1.733021e+05
1.816704e+01 2.287793e+05 1.705016e+05
1.817954e+01 2.275662e+05 1.678040e+05
1.819205e+01 2.261342e+05 1.652359e+05
1.820455e+01 2.246451e+05 1.627181e+05
1.821705e+01 2.231066e+05 1.602478e+05
1.822956e+01 2.215197e+05 1.578257e+05
1.824206e+01 2.198796e+05 1.554594e+05
1.825456e+01 2.181928e+05 1.531443e+05
1.826707e+01 2.164620e+05 1.508798e+05
1.827957e+01 2.146885e+05 1.486665e+05
1.829207e+01 2.128682e+05 1.465123e+05
1.830458e+01 2.110073e+05 1.444122e+05
1.831708e+01 2.091081e+05 1.423653e+05
1.832958e+01 2.071723e+05 1.403723e+05
1.834209e+01 2.051964e+05 1.384412e+05
1.835459e+01 2.031861e+05 1.365666e+05
1.836709e+01 2.011438e+05 1.347475e+05
1.837959e+01 1.990710e+05 1.329842e+05
1.839210e+01 1.969652e+05 1.312852e+05
1.840460e+01 1.948315e+05 1.296445e+05
1.841710e+01 1.926721e+05 1.280609e+05
1.842961e+01 1.904885e+05 1.265347e+05
1.844211e+01 1.882193e+05 1.253632e+05
1.845461e+01 1.859243e+05 1.242723e+05
1.846712e+01 1.836101e+05 1.232396e+05
1.847962e+01 1.812781e+05 1.222653e+05
1.849212e+01 1.789279e+05 1.213577e+05
1.850463e+01 1.765630e+05 1.205103e+05
1.851713e+01 1.741868e+05 1.197230e+05
1.852963e+01 1.717993e+05 1.189944e+05
1.854214e+01 1.694009e+05 1.183328e+05
1.855464e+01 1.669945e+05 1.177312e+05
1.856714e+01 1.645816e+05 1.171881e+05
1.857964e+01 1.621639e+05 1.167033e+05
1.859215e+01 1.597425e+05 1.162850e+05
1.860465e+01 1.573196e+05 1.159260e+05
1.861715e+01 1.548966e+05 1.156246e+05
1.862966e+01 1.524749e+05 1.153807e+05
1.864216e+01 1.500568e+05 1.152020e+05
1.865466e+01 1.476433e+05 1.150813e+05
1.866717e+01 1.452359e+05 1.150170e+05
1.867967e+01 1.428360e+05 1.150084e+05
1.869217e+01 1.405391e+05 1.151714e+05
1.870468e+01 1.383625e+05 1.155180e+05
1.871718e+01 1.361978e+05 1.159189e+05
1.872968e+01 1.340465e+05 1.163736e+05
1.874219e+01 1.319120e+05 1.168892e+05
1.875469e+01 1.297940e+05 1.174585e+05
1.876719e+01 1.276936e+05 1.180796e+05
1.877969e+01 1.256120e+05 1.187519e+05
1.879220e+01 1.235535e+05 1.194820e+05
1.880470e+01 1.215169e+05 1.202628e+05
1.881720e+01 1.195032e+05 1.210925e+05
1.882971e+01 1.175134e+05 1.219703e+05
1.884221e+01 1.155527e+05 1.229024e+05
1.885471e+01 1.136190e+05 1.238817e+05
1.886722e+01 1.117129e+05 1.249065e+05
1.887972e+01 1.098357e+05 1.259760e+05
1.889222e+01 1.079929e+05 1.270956e+05
1.890473e+01 1.061819e+05 1.282587e+05
1.891723e+01 1.044031e+05 1.294636e+05
1.892973e+01 1.026575e+05 1.307092e+05
1.894224e+01 1.009919e+05 1.319982e+05
1.895474e+01 9.957541e+04 1.333146e+05
1.896724e+01 9.824009e+04 1.346662e+05
1.897974e+01 9.694211e+04 1.360543e+05
1.899225e+01 9.568824e+04 1.374832e+05
1.900475e+01 9.447442e+04 1.389469e+05
1.901725e+01 9.330083e+04 1.404438e+05
1.902976e+01 9.216833e+04 1.419727e+05
1.904226e+01 9.108418e+04 1.435371e+05
1.905476e+01 9.004367e+04 1.451316e+05
1.906727e+01 8.904688e+04 1.467545e+05
1.907977e+01 8.809461e+04 1.484048e+05
1.909227e+01 8.719456e+04 1.500849e+05
1.910478e+01 8.634142e+04 1.517900e+05
1.911728e+01 8.553595e+04 1.535194e+05
1.912978e+01 8.477884e+04 1.552717e+05
1.914229e+01 8.407753e+04 1.570481e+05
1.915479e+01 8.342613e+04 1.588442e+05
1.916729e+01 8.282460e+04 1.606584e+05
1.917979e+01 8.227361e+04 1.624896e+05
1.919230e+01 8.178639e+04 1.643317e+05
1.920480e+01 8.142357e+04 1.660816e+05
1.921730e+01 8.119518e+04 1.677228e+05
1.922981e+01 8.102006e+04 1.693753e+05
1.924231e+01 8.090723e+04 1.710390e+05
1.925481e+01 8.084980e+04 1.727111e+05
1.926732e+01 8.084770e+04 1.743899e+05
1.927982e+01 8.090154e+04 1.760741e+05
1.929232e+01 8.102085e+04 1.777626e+05
1.930483e+01 8.119824e+04 1.794532e+05
1.931733e+01 8.143372e+04 1.811443e+05
1.932983e+01 8.172793e+04 1.828343e+05
1.934234e+01 8.209094e+04 1.845212e+05
1.935484e+01 8.251494e+04 1.862034e+05
1.936734e+01 8.300001e+04 1.878793e+05
1.937984e+01 8.354693e+04 1.895472e+05
1.939235e+01 8.416643e+04 1.912036e+05
1.940485e+01 8.485033e+04 1.928480e+05
1.941735e+01 8.559887e+04 1.944785e+05
1.942986e+01 8.641301e+04 1.960933e+05
1.944236e+01 8.730444e+04 1.976872e+05
1.945486e+01 8.824554e+04 1.992057e+05
1.946737e+01 8.920357e+04 2.005506e+05
1.947987e+01 9.021656e+04 2.018257e+05
1.949237e+01 9.131317e+04 2.030690e+05
1.950488e+01 9.248441e+04 2.042817e+05
1.951738e+01 9.373142e+04 2.054616e+05
1.952988e+01 9.505609e+04 2.066057e+05
1.954239e+01 9.647360e+04 2.077044e+05
1.955489e+01 9.797458e+04 2.087601e+05
1.956739e+01 9.956109e+04 2.097696e+05
1.957989e+01 1.012361e+05 2.107293e+05
1.959240e+01 1.030183e+05 2.116257e+05
1.960490e+01 1.048980e+05 2.124623e+05
1.961740e+01 1.068789e+05 2.132345e+05
1.962991e+01 1.089661e+05 2.139370e+05
1.964241e+01 1.111843e+05 2.145508e+05
1.965491e+01 1.135236e+05 2.150801e+05
1.966742e+01 1.159912e+05 2.155179e+05
1.967992e+01 1.185960e+05 2.158557e+05
1.969242e+01 1.213742e+05 2.160646e+05
1.970493e+01 1.243167e+05 2.161492e+05
1.971743e+01 1.273021e+05 2.160530e+05
1.972993e+01 1.303842e+05 2.157730e+05
1.974244e+01 1.337210e+05 2.152928e+05
1.975494e+01 1.373094e+05 2.146161e+05
1.976744e+01 1.411794e+05 2.137168e+05
1.977994e+01 1.453696e+05 2.125639e+05
1.979245e+01 1.499970e+05 2.110650e+05
1.980495e+01 1.550727e+05 2.092120e+05
1.981745e+01 1.606756e+05 2.069441e+05
1.982996e+01 1.669081e+05 2.041834e+05
1.984246e+01 1.740564e+05 2.007117e+05
1.985496e+01 1.822098e+05 1.964671e+05
1.986747e+01 1.916310e+05 1.912576e+05
1.987997e+01 2.026889e+05 1.848176e+05
1.989247e+01 2.163958e+05 1.764192e+05
1.990498e+01 2.333896e+05 1.656390e+05
1.991748e+01 2.551294e+05 1.514955e+05
1.992998e+01 2.840761e+05 1.323845e+05
1.994249e+01 3.280712e+05 1.033776e+05
1.995499e+01 3.982860e+05 5.829584e+04
1.996749e+01 5.278597e+05 -1.935447e+04
1.997999e+01 8.384730e+05 -1.756007e+05
1.999250e+01 1.319762e+06 6.983412e+05
2.000500e+01 -5.585636e+05 2.592252e+06
2.001750e+01 -3.832256e+05 8.264349e+05
2.003001e+01 -1.922602e+05 5.776631e+05
2.004251e+01 -1.095044e+05 4.906258e+05
2.005501e+01 -5.858007e+04 4.409805e+05
2.006752e+01 -2.407374e+04 4.092178e+05
2.008002e+01 9.497640e+02 3.872754e+05
2.009252e+01 1.939844e+04 3.718751e+05
2.010503e+01 3.425056e+04 3.599404e+05
2.011753e+01 4.653867e+04 3.504205e+05
2.013003e+01 5.693663e+04 3.426425e+05
2.014254e+01 6.572744e+04 3.363104e+05
2.015504e+01 7.348169e+04 3.308874e+05
2.016754e+01 8.040976e+04 3.261722e+05
2.018005e+01 8.666741e+04 3.220163e+05
2.019255e+01 9.230180e+04 3.183631e+05
2.020505e+01 9.750070e+04 3.150479e+05
2.021755e+01 1.023311e+05 3.120076e+05
2.023006e+01 1.068343e+05 3.093255e+05
2.024256e+01 1.110206e+05 3.069334e+05
2.025506e+01 1.149788e+05 3.046845e+05
2.026757e+01 1.187359e+05 3.025532e+05
2.028007e+01 1.223137e+05 3.005187e+05
2.029257e+01 1.257083e+05 2.985729e+05
2.030508e+01 1.289626e+05 2.966871e+05
2.031758e+01 1.320890e+05 2.948492e+05
2.033008e+01 1.350975e+05 2.930491e+05
2.034259e+01 1.379815e+05 2.912811e+05
2.035509e+01 1.407666e+05 2.895324e+05
2.036759e+01 1.434592e+05 2.877969e+05
2.038010e+01 1.460640e+05 2.860691e+05
2.039260e+01 1.485742e+05 2.843451e+05
2.040510e+01 1.510070e+05 2.826198e+05
2.041760e+01 1.533650e+05 2.808893e+05
2.043011e+01 1.556504e+05 2.791506e+05
2.044261e+01 1.578552e+05 2.773995e+05
2.045511e+01 1.599926e+05 2.756353e+05
2.046762e+01 1.620643e+05 2.738563e+05
2.048012e+01 1.640909e+05 2.720816e+05
2.049262e+01 1.661604e+05 2.704070e+05
2.050513e+01 1.681676e+05 2.687138e+05
2.051763e+01 1.701132e+05 2.670014e+05
2.053013e+01 1.719973e+05 2.652690e+05
2.054264e+01 1.738112e+05 2.635131e+05
2.055514e+01 1.755650e+05 2.617368e+05
2.056764e+01 1.772588e+05 2.599400e+05
2.058015e+01 1.788921e+05 2.581226e+05
2.059265e+01 1.804563e+05 2.562817e+05
2.060515e+01 1.819608e+05 2.544208e+05
2.061765e+01 1.834056e+05 2.525404e+05
2.063016e+01 1.847899e+05 2.506407e+05
2.064266e+01 1.861049e+05 2.487196e+05
2.065516e+01 1.873598e+05 2.467807e+05
2.066767e+01 1.885546e+05 2.448248e+05
2.068017e+01 1.896883e+05 2.428524e+05
2.069267e+01 1.907521e+05 2.408623e+05
2.070518e+01 1.917553e+05 2.388577e+05
2.071768e+01 1.926976e+05 2.368398e+05
2.073018e+01 1.935797e+05 2.348093e+05
2.074269e+01 1.945052e+05 2.327642e+05
2.075519e+01 1.954278e+05 2.307083e+05
2.076769e+01 1.962889e+05 2.286434e+05
2.078020e+01 1.970879e+05 2.265707e+05
2.079270e+01 1.978160e+05 2.244905e+05
2.080520e+01 1.984825e+05 2.224052e+05
2.081770e+01 1.990876e+05 2.203161e+05
2.083021e+01 1.996302e+05 2.182243e+05
2.084271e+01 2.001021e+05 2.161312e+05
2.085521e+01 2.005126e+05 2.140384e+05
2.086772e+01 2.008618e+05 2.119473e+05
2.088022e+01 2.011491e+05 2.098592e+05
2.089272e+01 2.013663e+05 2.077763e+05
2.090523e+01 2.015227e+05 2.056994e+05
2.091773e+01 2.016189e+05 2.036298e+05
2.093023e+01 2.016539e+05 2.015692e+05
2.094274e+01 2.016202e+05 1.995204e+05
2.095524e+01 2.015272e+05 1.974835e+05
2.096774e+01 2.013752e+05 1.954598e+05
2.098025e+01 2.011638e+05 1.934509e+05
2.099275e+01 2.009082e+05 1.914379e+05
2.100525e+01 2.006761e+05 1.893608e+05
2.101775e+01 2.003887e+05 1.873012e+05
2.103026e+01 2.000440e+05 1.852624e+05
2.104276e+01 1.996356e+05 1.832487e+05
2.105526e+01 1.991725e+05 1.812586e+05
2.106777e+01 1.986565e+05 1.792942e+05
2.108027e+01 1.980861e+05 1.773562e+05
2.109277e+01 1.974555e+05 1.754498e+05
2.110528e+01 1.967733e+05 1.735721e+05
2.111778e+01 1.960403e+05 1.717245e+05
2.113028e+01 1.952567e+05 1.699088e+05
2.114279e+01 1.944170e+05 1.681304e+05
2.115529e+01 1.935295e+05 1.663861e+05
2.116779e+01 1.925953e+05 1.646767e+05
2.118030e+01 1.916145e+05 1.630043e+05
2.119280e+01 1.905825e+05 1.613747e+05
2.120530e+01 1.895072e+05 1.597838e+05
2.121780e+01 1.883895e+05 1.582325e+05
2.123031e+01 1.872299e+05 1.567226e+05
2.124281e+01 1.860251e+05 1.552500e+05
2.125531e+01 1.847848e+05 1.537507e+05
2.126782e+01 1.835090e+05 1.522503e+05
2.128032e+01 1.821965e+05 1.507955e+05
2.129282e+01 1.808441e+05 1.493928e+05
2.130533e+01 1.794586e+05 1.480364e+05
2.131783e+01 1.780410e+05 1.467272e+05
2.133033e+01 1.765921e+05 1.454669e+05
2.134284e+01 1.751099e+05 1.442622e+05
2.135534e+01 1.735999e+05 1.431069e+05
2.136784e+01 1.720637e+05 1.420016e+05
2.138035e+01 1.705020e+05 1.409480e+05
2.139285e+01 1.689135e+05 1.399530e+05
2.140535e+01 1.673032e+05 1.390096e+05
2.141785e+01 1.656725e+05 1.381184e+05
2.143036e+01 1.640225e+05 1.372811e+05
2.144286e+01 1.623525e+05 1.365044e+05
2.145536e+01 1.606667e+05 1.357812e+05
2.146787e+01 1.589666e+05 1.351117e+05
2.148037e+01 1.572532e+05 1.344975e+05
2.149287e+01 1.555270e+05 1.339453e+05
2.150538e+01 1.537698e+05 1.334199e+05
2.151788e+01 1.519673e+05 1.329008e+05
2.153038e+01 1.501526e+05 1.324312e+05
2.154289e+01 1.483321e+05 1.320242e+05
2.155539e+01 1.465081e+05 1.316721e+05
2.156789e+01 1.446819e+05 1.313749e+05
2.158040e+01 1.428551e+05 1.311340e+05
2.159290e+01 1.410293e+05 1.309556e+05
2.160540e+01 1.392061e+05 1.308320e+05
2.161790e+01 1.373869e+05 1.307629e+05
2.163041e+01 1.355732e+05 1.307497e+05
2.164291e+01 1.337674e+05 1.307982e+05
2.165541e+01 1.319701e+05 1.309007e+05
2.166792e+01 1.301827e+05 1.310570e+05
2.168042e+01 1.284069e+05 1.312681e+05
2.169292e+01 1.266457e+05 1.315395e+05
2.170543e+01 1.248989e+05 1.318637e+05
2.171793e+01 1.231677e+05 1.322401e+05
2.173043e+01 1.214540e+05 1.326699e+05
2.174294e+01 1.197613e+05 1.331582e+05
2.175544e+01 1.180827e+05 1.336968e+05
2.176794e+01 1.163706e+05 1.342724e+05
2.178045e+01 1.146554e+05 1.348929e+05
2.179295e+01 1.129675e+05 1.355695e+05
2.180545e+01 1.113049e+05 1.362949e+05
2.181795e+01 1.096690e+05 1.370684e+05
2.183046e+01 1.080617e+05 1.378911e+05
2.184296e+01 1.064877e+05 1.387671e+05
2.185546e+01 1.049443e+05 1.396893e+05
2.186797e+01 1.034327e+05 1.406573e+05
2.188047e+01 1.019552e+05 1.416716e+05
2.189297e+01 1.005166e+05 1.427363e+05
2.190548e+01 9.911377e+04 1.438445e+05
2.191798e+01 9.774774e+04 1.449957e+05
2.193048e+01 9.642098e+04 1.461904e+05
2.194299e+01 9.513887e+04 1.474322e+05
2.195549e+01 9.389740e+04 1.487147e+05
2.196799e+01 9.269776e+04 1.500373e+05
2.198050e+01 9.154254e+04 1.514005e+05
2.199300e+01 9.043759e+04 1.528075e+05
2.200550e+01 8.937830e+04 1.542523e+05
2.201800e+01 8.833687e+04 1.557480e+05
2.203051e+01 8.730175e+04 1.573017e+05
2.204301e+01 8.631755e+04 1.588985e+05
2.205551e+01 8.538423e+04 1.605303e+05
2.206802e+01 8.450309e+04 1.621967e+05
2.208052e+01 8.367737e+04 1.638981e+05
2.209302e+01 8.291397e+04 1.656372e+05
2.210553e+01 8.220725e+04 1.674090e+05
2.211803e+01 8.155866e+04 1.692129e+05
2.213053e+01 8.097192e+04 1.710497e+05
2.214304e+01 8.045483e+04 1.729218e+05
2.215554e+01 8.000119e+04 1.748248e+05
2.216804e+01 7.961286e+04 1.767584e+05
2.218055e+01 7.929424e+04 1.787234e+05
2.219305e+01 7.905439e+04 1.807225e+05
2.220555e+01 7.888669e+04 1.827518e+05
2.221805e+01 7.879365e+04 1.848112e+05
2.223056e+01 7.878087e+04 1.869021e+05
2.224306e+01 7.885923e+04 1.890278e+05
2.225556e+01 7.902196e+04 1.911847e+05
2.226807e+01 7.927259e+04 1.933736e+05
2.228057e+01 7.958938e+04 1.956640e+05
2.229307e+01 8.001002e+04 1.980064e+05
2.230558e+01 8.053352e+04 2.003847e+05
2.231808e+01 8.116571e+04 2.028007e+05
2.233058e+01 8.191792e+04 2.052583e+05
2.234309e+01 8.281009e+04 2.077648e+05
2.235559e+01 8.383622e+04 2.103183e+05
2.236809e+01 8.500658e+04 2.129232e+05
2.238060e+01 8.633988e+04 2.155870e+05
2.239310e+01 8.786788e+04 2.183228e+05
2.240560e+01 8.958761e+04 2.211310e+05
2.241810e+01 9.151953e+04 2.240214e+05
2.243061e+01 9.369895e+04 2.270100e+05
2.244311e+01 9.618475e+04 2.301241e+05
2.245561e+01 9.898468e+04 2.333705e+05
2.246812e+01 1.021472e+05 2.367744e+05
2.248062e+01 1.057512e+05 2.403750e+05
2.249312e+01 1.099307e+05 2.442395e+05
2.250563e+01 1.147361e+05 2.483994e+05
2.251813e+01 1.203054e+05 2.529290e+05
2.253063e+01 1.268867e+05 2.579871e+05
2.254314e+01 1.349066e+05 2.638250e+05
2.255564e+01 1.446254e+05 2.705522e+05
2.256814e+01 1.566410e+05 2.785110e+05
2.258065e+01 1.720774e+05 2.883542e+05
2.259315e+01 1.932637e+05 3.014722e+05
2.260565e+01 2.229876e+05 3.196479e+05
2.261815e+01 2.676299e+05 3.470925e+05
2.263066e+01 3.449401e+05 3.965128e+05
2.264316e+01 5.316410e+05 5.351547e+05
2.265566e+01 1.186867e+06 1.698343e+06
2.266817e+01 -8.950995e+05 4.606695e+05
2.268067e+01 -5.171418e+05 4.425171e+04
2.269317e+01 -2.693736e+05 1.122508e+05
2.270568e+01 -1.652155e+05 1.491886e+05
2.271818e+01 -1.084234e+05 1.719073e+05
2.273068e+01 -7.311642e+04 1.871964e+05
2.274319e+01 -4.933943e+04 1.981452e+05
2.275569e+01 -3.141827e+04 2.067587e+05
2.276819e+01 -1.734376e+04 2.137769e+05
2.278070e+01 -5.997887e+03 2.196216e+05
2.279320e+01 3.399064e+03 2.245950e+05
2.280570e+01 1.151103e+04 2.289716e+05
2.281820e+01 1.862820e+04 2.328698e+05
2.283071e+01 2.494180e+04 2.363654e+05
2.284321e+01 3.059168e+04 2.395125e+05
2.285571e+01 3.577492e+04 2.424014e+05
2.286822e+01 4.057660e+04 2.450684e+05
2.288072e+01 4.505108e+04 2.475337e+05
2.289322e+01 4.924062e+04 2.498113e+05
2.290573e+01 5.322011e+04 2.519404e+05
2.291823e+01 5.702147e+04 2.539347e+05
2.293073e+01 6.066475e+04 2.558000e+05
2.294324e+01 6.416596e+04 2.575392e+05
2.295574e+01 6.755926e+04 2.591739e+05
2.296824e+01 7.085879e+04 2.607103e+05
2.298075e+01 7.407294e+04 2.621492e+05
2.299325e+01 7.720862e+04 2.634897e+05
2.300575e+01 8.028313e+04 2.647461e+05
2.301825e+01 8.330332e+04 2.659215e+05
2.303076e+01 8.627398e+04 2.670141e+05
2.304326e+01 8.923557e+04 2.680044e+05
2.305576e+01 9.221789e+04 2.688941e+05
2.306827e+01 9.516529e+04 2.697117e+05
2.308077e+01 9.807912e+04 2.704551e+05
2.309327e+01 1.009603e+05 2.711213e+05
2.310578e+01 1.038143e+05 2.717195e+05
2.311828e+01 1.066427e+05 2.722506e+05
2.313078e+01 1.094456e+05 2.727121e+05
2.314329e+01 1.122226e+05 2.731008e+05
2.315579e+01 1.149772e+05 2.734249e+05
2.316829e+01 1.177100e+05 2.736852e+05
2.318080e+01 1.204201e+05 2.738788e+05
2.319330e+01 1.231064e+05 2.740025e+05
2.320580e+01 1.257726e+05 2.740653e+05
2.321830e+01 1.284173e+05 2.740665e+05
2.323081e+01 1.310391e+05 2.740033e+05
2.324331e+01 1.336365e+05 2.738728e+05
2.325581e+01 1.362113e+05 2.736822e+05
2.326832e+01 1.387632e+05 2.734321e+05
2.328082e+01 1.412901e+05 2.731198e+05
2.329332e+01 1.437941e+05 2.727259e+05
2.330583e+01 1.462897e+05 2.722084e+05
2.331833e+01 1.487652e+05 2.716107e+05
2.333083e+01 1.512126e+05 2.709532e+05
2.334334e+01 1.536291e+05 2.702333e+05
2.335584e+01 1.560171e+05 2.694580e+05
2.336834e+01 1.583756e+05 2.686278e+05
2.338085e+01 1.607018e+05 2.677404e+05
2.339335e+01 1.629930e+05 2.667937e+05
2.340585e+01 1.652515e+05 2.657944e+05
2.341835e+01 1.674765e+05 2.647432e+05
2.343086e+01 1.696648e+05 2.636380e+05
2.344336e+01 1.718134e+05 2.624771e+05
2.345586e+01 1.739252e+05 2.612669e+05
2.346837e+01 1.759990e+05 2.600082e+05
2.348087e+01 1.780317e+05 2.586993e+05
2.349337e+01 1.800199e+05 2.573389e+05
2.350588e+01 1.819670e+05 2.559331e+05
2.351838e+01 1.838719e+05 2.544828e+05
2.353088e+01 1.857312e+05 2.529867e+05
2.354339e+01 1.875414e+05 2.514438e+05
2.355589e+01 1.892736e+05 2.498236e+05
2.356839e+01 1.909228e+05 2.481226e+05
2.358090e+01 1.925220e+05 2.463806e+05
2.359340e+01 1.940677e+05 2.445972e+05
2.360590e+01 1.955644e+05 2.427778e+05
2.361840e+01 1.970111e+05 2.409237e+05
2.363091e+01 1.984039e+05 2.390342e+05
2.364341e+01 1.997395e+05 2.371093e+05
2.365591e+01 2.010226e+05 2.351540e+05
2.366842e+01 2.022524e+05 2.331695e+05
2.368092e+01 2.034249e+05 2.311555e+05
2.369342e+01 2.045368e+05 2.291128e+05
2.370593e+01 2.055934e+05 2.270455e+05
2.371843e+01 2.065939e+05 2.249551e+05
2.373093e+01 2.075343e+05 2.228418e+05
2.374344e+01 2.084116e+05 2.207065e+05
2.375594e+01 2.092311e+05 2.185530e+05
2.376844e+01 2.099926e+05 2.163828e+05
2.378095e+01 2.106918e+05 2.141966e+05
2.379345e+01 2.113260e+05 2.119957e+05
2.380595e+01 2.118821e+05 2.097881e+05
2.381845e+01 2.123177e+05 2.075860e+05
2.383096e+01 2.126706e+05 2.053800e+05
2.384346e+01 2.129573e+05 2.031668e+05
2.385596e+01 2.131839e+05 2.009488e+05
2.386847e+01 2.133504e+05 1.987277e+05
2.388097e+01 2.134528e+05 1.965050e+05
2.389347e+01 2.134888e+05 1.942827e+05
2.390598e+01 2.134646e+05 1.920626e+05
2.391848e+01 2.133805e+05 1.898462e+05
2.393098e+01 2.132326e+05 1.876357e+05
2.394349e+01 2.130189e+05 1.854332e+05
2.395599e+01 2.127460e+05 1.832400e+05
2.396849e+01 2.124150e+05 1.810582e+05
2.398100e+01 2.120213e+05 1.788897e+05
2.399350e+01 2.115635e+05 1.767367e+05
2.400600e+01 2.110478e+05 1.745996e+05
2.401850e+01 2.104748e+05 1.724799e+05
2.403101e+01 2.098412e+05 1.703806e+05
2.404351e+01 2.091458e+05 1.683041e+05
2.405601e+01 2.083950e+05 1.662501e+05
2.406852e+01 2.075784e+05 1.642798e+05
2.408102e+01 2.066954e+05 1.623841e+05
2.409352e+01 2.057534e+05 1.605208e+05
2.410603e+01 2.047589e+05 1.586861e+05
2.411853e+01 2.037129e+05 1.568816e+05
2.413103e+01 2.026127e+05 1.551109e+05
2.414354e+01 2.014580e+05 1.533765e+05
2.415604e+01 2.002546e+05 1.516767e+05
2.416854e+01 1.990035e+05 1.500127e+05
2.418105e+01 1.977025e+05 1.483885e+05
2.419355e+01 1.963517e+05 1.468067e+05
2.420605e+01 1.949566e+05 1.452649e+05
2.421855e+01 1.935183e+05 1.437641e+05
2.423106e+01 1.920352e+05 1.423086e+05
2.424356e+01 1.905074e+05 1.409009e+05
2.425606e+01 1.889403e+05 1.395379e+05
2.426857e+01 1.873350e+05 1.382207e+05
2.428107e+01 1.856902e+05 1.369537e+05
2.429357e+01 1.840067e+05 1.357392e+05
2.430608e+01 1.822892e+05 1.345736e+05
2.431858e+01 1.805533e+05 1.334694e+05
2.433108e+01 1.788632e+05 1.324833e+05
2.434359e+01 1.771498e+05 1.315614e+05
2.435609e+01 1.754081e+05 1.306919e+05
2.436859e+01 1.736395e+05 1.298757e+05
2.438110e+01 1.718436e+05 1.291175e+05
2.439360e+01 1.700215e+05 1.284192e+05
2.440610e+01 1.681771e+05 1.277763e+05
2.441860e+01 1.663118e+05 1.271895e+05
2.443111e+01 1.644256e+05 1.266636e+05
2.444361e+01 1.625199e+05 1.262002e+05
2.445611e+01 1.605979e+05 1.257946e+05
2.446862e+01 1.586612e+05 1.254473e+05
2.448112e+01 1.567101e+05 1.251631e+05
2.449362e+01 1.547462e+05 1.249435e+05
2.450613e+01 1.527721e+05 1.247834e+05
2.451863e+01 1.507893e+05 1.246832e+05
2.453113e+01 1.487987e+05 1.246478e+05
2.454364e+01 1.468019e+05 1.246785e+05
2.455614e+01 1.448010e+05 1.247700e+05
2.456864e+01 1.427973e+05 1.249226e+05
2.458115e+01 1.408767e+05 1.251142e+05
2.459365e+01 1.390186e+05 1.253530e+05
2.460615e+01 1.371622e+05 1.256537e+05
2.461865e+01 1.353089e+05 1.260162e+05
2.463116e+01 1.334602e+05 1.264458e+05
2.464366e+01 1.316180e+05 1.269432e+05
2.465616e+01 1.297831e+05 1.275031e+05
2.466867e+01 1.279566e+05 1.281258e+05
2.468117e+01 1.261407e+05 1.288163e+05
2.469367e+01 1.243369e+05 1.295755e+05
2.470618e+01 1.225455e+05 1.303981e+05
2.471868e+01 1.207678e+05 1.312844e+05
2.473118e+01 1.190059e+05 1.322396e+05
2.474369e+01 1.172618e+05 1.332652e+05
2.475619e+01 1.155355e+05 1.343562e+05
2.476869e+01 1.138274e+05 1.355124e+05
2.478120e+01 1.121400e+05 1.367395e+05
2.479370e+01 1.104747e+05 1.380389e+05
2.480620e+01 1.088307e+05 1.394055e+05
2.481870e+01 1.072089e+05 1.408402e+05
2.483121e+01 1.056173e+05 1.423331e+05
2.484371e+01 1.040976e+05 1.437597e+05
2.485621e+01 1.026027e+05 1.452581e+05
2.486872e+01 1.011333e+05 1.468297e+05
2.488122e+01 9.969217e+04 1.484826e+05
2.489372e+01 9.828022e+04 1.502196e+05
2.490623e+01 9.689568e+04 1.520365e+05
2.491873e+01 9.553904e+04 1.539363e+05
2.493123e+01 9.421308e+04 1.559293e+05
2.494374e+01 9.291826e+04 1.580203e+05
2.495624e+01 9.165239e+04 1.602065e+05
2.496874e+01 9.041565e+04 1.624927e+05
2.498125e+01 8.921051e+04 1.648943e+05
2.499375e+01 8.803689e+04 1.674198e+05
2.500625e+01 8.689213e+04 1.700683e+05
2.501875e+01 8.577585e+04 1.728495e+05
2.503126e+01 8.468978e+04 1.757877e+05
2.504376e+01 8.363296e+04 1.788993e+05
2.505626e+01 8.260196e+04 1.821884e+05
2.506877e+01 8.159540e+04 1.856746e+05
2.508127e+01 8.060888e+04 1.893967e+05
2.509377e+01 7.958676e+04 1.933233e+05
2.510628e+01 7.853815e+04 1.974894e+05
2.511878e+01 7.750218e+04 2.019928e+05
2.513128e+01 7.647395e+04 2.069273e+05
2.514379e+01 7.544533e+04 2.123772e+05
2.515629e+01 7.440669e+04 2.184028e+05
2.516879e+01 7.334599e+04 2.251242e+05
2.518130e+01 7.224186e+04 2.327905e+05
2.519380e+01 7.106594e+04 2.416650e+05
2.520630e+01 6.978636e+04 2.519958e+05
2.521880e+01 6.835156e+04 2.642336e+05
2.523131e+01 6.665178e+04 2.793485e+05
2.524381e+01 6.452164e+04 2.986421e+05
2.525631e+01 6.172263e+04 3.238054e+05
2.526882e+01 5.776910e+04 3.581611e+05
2.528132e+01 5.123165e+04 4.106321e+05
2.529382e+01 3.811653e+04 5.019291e+05
2.530633e+01 3.841301e+03 6.906329e+05
2.531883e+01 -1.686753e+05 1.284717e+06
2.533133e+01 -6.397325e+06 -1.895657e+06
2.534384e+01 1.770548e+04 -7.496025e+05
2.535634e+01 7.818278e+04 -2.865468e+05
2.536884e+01 8.357910e+04 -1.291864e+05
2.538135e+01 8.365186e+04 -5.272803e+04
2.539385e+01 8.300336e+04 -6.594673e+03
2.540635e+01 8.233052e+04 2.550180e+04
2.541885e+01 8.175673e+04 4.919521e+04
2.543136e+01 8.131787e+04 6.716242e+04
2.544386e+01 8.100675e+04 8.141681e+04
2.545636e+01 8.080290e+04 9.325151e+04
2.546887e+01 8.069570e+04 1.032800e+05
2.548137e+01 8.068294e+04 1.118289e+05
2.549387e+01 8.075403e+04 1.192642e+05
2.550638e+01 8.089634e+04 1.258822e+05
2.551888e+01 8.110474e+04 1.318326e+05
2.553138e+01 8.138030e+04 1.371880e+05
2.554389e+01 8.171768e+04 1.420615e+05
2.555639e+01 8.210986e+04 1.465583e+05
2.556889e+01 8.255442e+04 1.507311e+05
2.558140e+01 8.305308e+04 1.545994e+05
2.559390e+01 8.360091e+04 1.582212e+05
2.560640e+01 8.418007e+04 1.617296e+05
2.561890e+01 8.479342e+04 1.651179e+05
2.563141e+01 8.545342e+04 1.683226e+05
2.564391e+01 8.615770e+04 1.713662e+05
2.565641e+01 8.690205e+04 1.742738e+05
2.566892e+01 8.768539e+04 1.770565e+05
2.568142e+01 8.851024e+04 1.797138e+05
2.569392e+01 8.937460e+04 1.822580e+05
2.570643e+01 9.027487e+04 1.847042e+05
2.571893e+01 9.121013e+04 1.870583e+05
2.573143e+01 9.218276e+04 1.893176e+05
2.574394e+01 9.319091e+04 1.914896e+05
2.575644e+01 9.423137e+04 1.935843e+05
2.576894e+01 9.530333e+04 1.956048e+05
2.578145e+01 9.640889e+04 1.975477e+05
2.579395e+01 9.754630e+04 1.994178e+05
2.580645e+01 9.871264e+04 2.012223e+05
2.581895e+01 9.990711e+04 2.029630e+05
2.583146e+01 1.011315e+05 2.046359e+05
2.584396e+01 1.023842e+05 2.062444e+05
2.585646e+01 1.037264e+05 2.078355e+05
2.586897e+01 1.052085e+05 2.094433e+05
2.588147e+01 1.067386e+05 2.110031e+05
2.589397e+01 1.082933e+05 2.125034e+05
2.590648e+01 1.098700e+05 2.139489e+05
2.591898e+01 1.114681e+05 2.153402e+05
2.593148e+01 1.130885e+05 2.166727e+05
2.594399e+01 1.147297e+05 2.179486e+05
2.595649e+01 1.163893e+05 2.191719e+05
2.596899e+01 1.180666e+05 2.203431e+05
2.598150e+01 1.197621e+05 2.214574e+05
2.599400e+01 1.214744e+05 2.225167e+05
2.600650e+01 1.232013e+05 2.235249e+05
2.601900e+01 1.249420e+05 2.244820e+05
2.603151e+01 1.266967e+05 2.253832e+05
2.604401e+01 1.284639e+05 2.262305e+05
2.605651e+01 1.302418e+05 2.270274e+05
2.606902e+01 1.320294e+05 2.277740e+05
2.608152e+01 1.338264e+05 2.284653e+05
2.609402e+01 1.356315e+05 2.291033e+05
2.610653e+01 1.374459e+05 2.296902e+05
2.611903e+01 1.394848e+05 2.301357e+05
2.613153e+01 1.416116e+05 2.304917e+05
2.614404e+01 1.437418e+05 2.307950e+05
2.615654e+01 1.458741e+05 2.310488e+05
2.616904e+01 1.480072e+05 2.312534e+05
2.618155e+01 1.501402e+05 2.314037e+05
2.619405e+01 1.522717e+05 2.315019e+05
2.620655e+01 1.544006e+05 2.315513e+05
2.621905e+01 1.565258e+05 2.315521e+05
2.623156e+01 1.586456e+05 2.314994e+05
2.624406e+01 1.607590e+05 2.313954e+05
2.625656e+01 1.628650e+05 2.312436e+05
2.626907e+01 1.649626e+05 2.310439e+05
2.628157e+01 1.670495e+05 2.307920e+05
2.629407e+01 1.691248e+05 2.304899e+05
2.630658e+01 1.711879e+05 2.301412e+05
2.631908e+01 1.732378e+05 2.297460e+05
2.633158e+01 1.752716e+05 2.292999e+05
2.634409e+01 1.772886e+05 2.288054e+05
2.635659e+01 1.792886e+05 2.282658e+05
2.636909e+01 1.813123e+05 2.275563e+05
2.638160e+01 1.834042e+05 2.265311e+05
2.639410e+01 1.854803e+05 2.254426e+05
2.640660e+01 1.875351e+05 2.243117e+05
2.641910e+01 1.895668e+05 2.231382e+05
2.643161e+01 1.915717e+05 2.219183e+05
2.644411e+01 1.935496e+05 2.206548e+05
2.645661e+01 1.955008e+05 2.193508e+05
2.646912e+01 1.974243e+05 2.180070e+05
2.648162e+01 1.993157e+05 2.166199e+05
2.649412e+01 2.011752e+05 2.151923e+05
2.650663e+01 2.030035e+05 2.137274e+05
2.651913e+01 2.047994e+05 2.122258e+05
2.653163e+01 2.065583e+05 2.106847e+05
2.654414e+01 2.082806e+05 2.091069e+05
2.655664e+01 2.099673e+05 2.074953e+05
2.656914e+01 2.116175e+05 2.058509e+05
2.658165e+01 2.132258e+05 2.041713e+05
2.659415e+01 2.147933e+05 2.024592e+05
2.660665e+01 2.163211e+05 2.007176e+05
2.661915e+01 2.178084e+05 1.989474e+05
2.663166e+01 2.190655e+05 1.967772e+05
2.664416e+01 2.202289e+05 1.944814e+05
2.665666e+01 2.213490e+05 1.921606e+05
2.666917e+01 2.224251e+05 1.898161e+05
2.668167e+01 2.234514e+05 1.874467e+05
2.669417e+01 2.244294e+05 1.850550e+05
2.670668e+01 2.253610e+05 1.826435e+05
2.671918e+01 2.262455e+05 1.802135e+05
2.673168e+01 2.270769e+05 1.777645e+05
2.674419e+01 2.278572e+05 1.752990e+05
2.675669e+01 2.285885e+05 1.728193e+05
2.676919e+01 2.292703e+05 1.703266e+05
2.678170e+01 2.298963e+05 1.678214e+05
2.679420e+01 2.304690e+05 1.653057e+05
2.680670e+01 2.309906e+05 1.627818e+05
2.681920e+01 2.314609e+05 1.602509e+05
2.683171e+01 2.318735e+05 1.577140e+05
2.684421e+01 2.322311e+05 1.551732e+05
2.685671e+01 2.325365e+05 1.526303e+05
2.686922e+01 2.327891e+05 1.500867e+05
2.688172e+01 2.328082e+05 1.474786e+05
2.689422e+01 2.323955e+05 1.447325e+05
2.690673e+01 2.319297e+05 1.419906e+05
2.691923e+01 2.314107e+05 1.392543e+05
2.693173e+01 2.308325e+05 1.365263e+05
2.694424e+01 2.301982e+05 1.338078e+05
2.695674e+01 2.295109e+05 1.310999e+05
2.696924e+01 2.287705e+05 1.284042e+05
2.698175e+01 2.279711e+05 1.257240e+05
2.699425e+01 2.271164e+05 1.230601e+05
2.700675e+01 2.262091e+05 1.204134e+05
2.701925e+01 2.252497e+05 1.177853e+05
2.703176e+01 2.242322e+05 1.151800e+05
2.704426e+01 2.231606e+05 1.125978e+05
2.705676e+01 2.220378e+05 1.100392e+05
2.706927e+01 2.208642e+05 1.075058e+05
2.708177e+01 2.196343e+05 1.050022e+05
2.709427e+01 2.183521e+05 1.025285e+05
2.710678e+01 2.170206e+05 1.000847e+05
2.711928e+01 2.156403e+05 9.767234e+04
2.713178e+01 2.141545e+05 9.531705e+04
2.714429e+01 2.122358e+05 9.314755e+04
2.715679e+01 2.101289e+05 9.106936e+04
2.716929e+01 2.079756e+05 8.902875e+04
2.718180e+01 2.057712e+05 8.703194e+04
2.719430e+01 2.035197e+05 8.507780e+04
2.720680e+01 2.012241e+05 8.316583e+04
2.721930e+01 1.988849e+05 8.129740e+04
2.723181e+01 1.964977e+05 7.947949e+04
2.724431e+01 1.940666e+05 7.771036e+04
2.725681e+01 1.915945e+05 7.598943e+04
2.726932e+01 1.890825e+05 7.431858e+04
2.728182e+01 1.865259e+05 7.270482e+04
2.729432e+01 1.839286e+05 7.114583e+04
2.730683e+01 1.812931e+05 6.964064e+04
2.731933e+01 1.786201e+05 6.819064e+04
2.733183e+01 1.759057e+05 6.680426e+04
2.734434e+01 1.731537e+05 6.547870e+04
2.735684e+01 1.703663e+05 6.421284e+04
2.736934e+01 1.675440e+05 6.300806e+04
2.738185e+01 1.646820e+05 6.187598e+04
2.739435e+01 1.616834e+05 6.100663e+04
2.740685e+01 1.584741e+05 6.054512e+04
2.741935e+01 1.552319e+05 6.015109e+04
2.743186e+01 1.519532e+05 5.983492e+04
2.744436e+01 1.486408e+05 5.959301e+04
2.745686e+01 1.452963e+05 5.942416e+04
2.746937e+01 1.419195e+05 5.933021e+04
2.748187e+01 1.385064e+05 5.932302e+04
2.749437e+01 1.350593e+05 5.939874e+04
2.750688e+01 1.315791e+05 5.955638e+04
2.751938e+01 1.280652e+05 5.979841e+04
2.753188e+01 1.245124e+05 6.013878e+04
2.754439e+01 1.209222e+05 6.057363e+04
2.755689e+01 1.172947e+05 6.110257e+04
2.756939e+01 1.136282e+05 6.172917e+04
2.758190e+01 1.099153e+05 6.247079e+04
2.759440e+01 1.061565e+05 6.332385e+04
2.760690e+01 1.023505e+05 6.428931e+04
2.761940e+01 9.849366e+04 6.537277e+04
2.763191e+01 9.457426e+04 6.659735e+04
2.764441e+01 9.061124e+04 6.804348e+04
2.765691e+01 8.665892e+04 6.995500e+04
2.766942e+01 8.266547e+04 7.215703e+04
2.768192e+01 7.857712e+04 7.454483e+04
2.769442e+01 7.438949e+04 7.711934e+04
2.770693e+01 7.009358e+04 7.988986e+04
2.771943e+01 6.567491e+04 8.287479e+04
2.773193e+01 6.109553e+04 8.612947e+04
2.774444e+01 5.634338e+04 8.966329e+04
2.775694e+01 5.139749e+04 9.349961e+04
2.776944e+01 4.622590e+04 9.767751e+04
2.778195e+01 4.074901e+04 1.023026e+05
2.779445e+01 3.493287e+04 1.074094e+05
2.780695e+01 2.872275e+04 1.130613e+05
2.781945e+01 2.203680e+04 1.193565e+05
2.783196e+01 1.467641e+04 1.265419e+05
2.784446e+01 6.527921e+03 1.347453e+05
2.785696e+01 -2.587964e+03 1.441763e+05
2.786947e+01 -1.294525e+04 1.551578e+05
2.788197e+01 -2.521343e+04 1.684876e+05
2.789447e+01 -3.993939e+04 1.847925e+05
2.790698e+01 -5.785204e+04 2.052510e+05
2.791948e+01 -8.049150e+04 2.316496e+05
2.793198e+01 -1.123116e+05 2.687255e+05
2.794449e+01 -1.593920e+05 3.231488e+05
2.795699e+01 -2.356487e+05 4.098873e+05
2.796949e+01 -3.800654e+05 5.691536e+05
2.798200e+01 -9.714065e+05 1.116642e+06
2.799450e+01 -2.971258e+05 -5.646448e+05
2.800700e+01 1.124259e+06 -1.803002e+06
2.801950e+01 5.076243e+05 -5.447553e+05
2.803201e+01 3.535587e+05 -3.247920e+05
2.804451e+01 2.763747e+05 -2.195452e+05
2.805701e+01 2.288922e+05 -1.560637e+05
2.806952e+01 1.967226e+05 -1.135016e+05
2.808202e+01 1.741672e+05 -8.379233e+04
2.809452e+01 1.569033e+05 -6.103594e+04
2.810703e+01 1.431102e+05 -4.277882e+04
2.811953e+01 1.318078e+05 -2.771134e+04
2.813203e+01 1.225422e+05 -1.521701e+04
2.814454e+01 1.146502e+05 -4.432910e+03
2.815704e+01 1.078517e+05 5.065808e+03
2.816954e+01 1.021537e+05 1.351881e+04
2.818205e+01 9.728936e+04 2.105401e+04
2.819455e+01 9.299002e+04 2.792947e+04
2.820705e+01 8.915242e+04 3.427562e+04
2.821955e+01 8.571053e+04 4.017658e+04
2.823206e+01 8.265218e+04 4.565547e+04
2.824456e+01 7.989298e+04 5.081286e+04
2.825706e+01 7.738986e+04 5.570110e+04
2.826957e+01 7.511526e+04 6.035440e+04
2.828207e+01 7.307155e+04 6.477626e+04
2.829457e+01 7.121457e+04 6.901575e+04
2.830708e+01 6.952271e+04 7.309770e+04
2.831958e+01 6.798244e+04 7.703831e+04
2.833208e+01 6.659991e+04 8.083537e+04
2.834459e+01 6.534825e+04 8.451626e+04
2.835709e+01 6.421503e+04 8.809418e+04
2.836959e+01 6.319271e+04 9.157754e+04
2.838210e+01 6.228837e+04 9.496235e+04
2.839460e+01 6.148359e+04 9.826549e+04
2.840710e+01 6.077046e+04 1.014946e+05
2.841960e+01 6.023297e+04 1.045512e+05
2.843211e+01 5.987971e+04 1.074286e+05
2.844461e+01 5.960882e+04 1.102411e+05
2.845711e+01 5.941276e+04 1.129956e+05
2.846962e+01 5.928845e+04 1.156948e+05
2.848212e+01 5.924249e+04 1.183338e+05
2.849462e+01 5.926392e+04 1.209210e+05
2.850713e+01 5.934871e+04 1.234594e+05
2.851963e+01 5.949464e+04 1.259505e+05
2.853213e+01 5.970780e+04 1.283892e+05
2.854464e+01 5.997911e+04 1.307823e+05
2.855714e+01 6.030533e+04 1.331317e+05
2.856964e+01 6.068482e+04 1.354382e+05
2.858215e+01 6.112312e+04 1.376968e+05
2.859465e+01 6.161239e+04 1.399129e+05
2.860715e+01 6.215000e+04 1.420882e+05
2.861965e+01 6.273456e+04 1.442230e+05
2.863216e+01 6.337116e+04 1.463119e+05
2.864466e+01 6.405283e+04 1.483601e+05
2.865716e+01 6.477735e+04 1.503686e+05
2.866967e+01 6.554309e+04 1.523322e+05
2.868217e+01 6.634120e+04 1.540807e+05
2.869467e+01 6.717891e+04 1.557845e+05
2.870718e+01 6.805464e+04 1.574489e+05
2.871968e+01 6.896733e+04 1.590740e+05
2.873218e+01 6.992103e+04 1.606539e+05
2.874469e+01 7.091008e+04 1.621935e+05
2.875719e+01 7.193275e+04 1.636935e+05
2.876969e+01 7.298801e+04 1.651538e+05
2.878220e+01 7.407940e+04 1.665684e+05
2.879470e+01 7.520180e+04 1.679420e+05
2.880720e+01 7.635359e+04 1.692755e+05
2.881970e+01 7.753384e+04 1.705685e+05
2.883221e+01 7.874545e+04 1.718148e+05
2.884471e+01 7.998387e+04 1.730195e+05
2.885721e+01 8.124760e+04 1.741831e+05
2.886972e+01 8.253565e+04 1.753053e+05
2.888222e+01 8.385042e+04 1.763798e+05
2.889472e+01 8.518779e+04 1.774118e+05
2.890723e+01 8.654636e+04 1.784017e+05
2.891973e+01 8.792516e+04 1.793493e+05
2.893223e+01 8.928074e+04 1.802171e+05
2.894474e+01 9.061488e+04 1.810140e+05
2.895724e+01 9.196606e+04 1.817680e+05
2.896974e+01 9.333331e+04 1.824787e+05
2.898225e+01 9.471773e+04 1.831396e+05
2.899475e+01 9.611620e+04 1.837561e+05
2.900725e+01 9.752745e+04 1.843288e+05
2.901975e+01 9.895049e+04 1.848575e+05
2.903226e+01 1.003857e+05 1.853354e+05
2.904476e+01 1.018306e+05 1.857682e+05
2.905726e+01 1.032839e+05 1.861565e+05
2.906977e+01 1.047445e+05 1.865002e+05
2.908227e+01 1.062129e+05 1.867930e+05
2.909477e+01 1.076865e+05 1.870404e+05
2.910728e+01 1.091639e+05 1.872428e+05
2.911978e+01 1.106441e+05 1.874002e+05
2.913228e+01 1.121262e+05 1.875057e+05
2.914479e+01 1.136086e+05 1.875654e+05
2.915729e+01 1.150901e+05 1.875799e+05
2.916979e+01 1.165698e+05 1.875494e+05
2.918230e+01 1.180384e+05 1.874708e+05
2.919480e+01 1.194669e+05 1.873661e+05
2.920730e+01 1.208851e+05 1.872190e+05
2.921980e+01 1.222967e+05 1.870269e+05
2.923231e+01 1.236989e+05 1.867833e+05
2.924481e+01 1.250917e+05 1.864945e+05
2.925731e+01 1.264740e+05 1.861614e+05
2.926982e+01 1.278446e+05 1.857840e+05
2.928232e+01 1.292002e+05 1.853559e+05
2.929482e+01 1.305414e+05 1.848836e+05
2.930733e+01 1.318670e+05 1.843680e+05
2.931983e+01 1.331760e+05 1.838092e+05
2.933233e+01 1.344641e+05 1.832012e+05
2.934484e+01 1.357327e+05 1.825504e+05
2.935734e+01 1.369808e+05 1.818577e+05
2.936984e+01 1.382072e+05 1.811235e+05
2.938235e+01 1.394069e+05 1.803421e+05
2.939485e+01 1.405821e+05 1.795198e+05
2.940735e+01 1.417316e+05 1.786576e+05
2.941985e+01 1.428545e+05 1.777562e+05
2.943236e+01 1.439453e+05 1.768116e+05
2.944486e+01 1.450096e+05 1.758457e+05
2.945736e+01 1.460464e+05 1.748585e+05
2.946987e+01 1.470516e+05 1.738347e+05
2.948237e+01 1.480186e+05 1.727694e+05
2.949487e+01 1.489512e+05 1.716688e+05
2.950738e+01 1.498485e+05 1.705340e+05
2.951988e+01 1.507094e+05 1.693659e+05
2.953238e+01 1.515266e+05 1.681601e+05
2.954489e+01 1.523047e+05 1.669227e+05
2.955739e+01 1.530429e+05 1.656547e+05
2.956989e+01 1.537401e+05 1.643572e+05
2.958240e+01 1.543884e+05 1.630266e+05
2.959490e+01 1.549930e+05 1.616685e+05
2.960740e+01 1.555534e+05 1.602840e+05
2.961990e+01 1.560684e+05 1.588743e+05
2.963241e+01 1.565296e+05 1.574367e+05
2.964491e+01 1.569430e+05 1.559762e+05
2.965741e+01 1.573081e+05 1.544942e+05
2.966992e+01 1.576237e+05 1.529917e+05
2.968242e+01 1.578809e+05 1.514671e+05
2.969492e+01 1.580926e+05 1.499284e+05
2.970743e+01 1.582663e+05 1.483822e+05
2.971993e+01 1.583903e+05 1.468229e+05
2.973243e+01 1.584516e+05 1.452478e+05
2.974494e+01 1.584579e+05 1.436606e+05
2.975744e+01 1.584085e+05 1.420626e+05
2.976994e+01 1.583028e+05 1.404553e+05
2.978245e+01 1.581305e+05 1.388390e+05
2.979495e+01 1.579001e+05 1.372165e+05
2.980745e+01 1.576109e+05 1.355893e+05
2.981995e+01 1.572623e+05 1.339590e+05
2.983246e+01 1.568437e+05 1.323268e+05
2.984496e+01 1.563641e+05 1.306949e+05
2.985746e+01 1.558229e+05 1.290647e+05
2.986997e+01 1.552196e+05 1.274377e+05
2.988247e+01 1.545430e+05 1.258165e+05
2.989497e+01 1.538028e+05 1.242022e+05
2.990748e+01 1.529984e+05 1.225963e+05
2.991998e+01 1.521292e+05 1.210005e+05
2.993248e+01 1.511837e+05 1.194184e+05
2.994499e+01 1.501723e+05 1.178503e+05
2.995749e+01 1.491089e+05 1.163043e+05
2.996999e+01 1.479872e+05 1.147796e+05
2.998250e+01 1.467860e+05 1.132770e+05
2.999500e+01 1.455157e+05 1.117954e+05
3.000750e+01 1.441756e+05 1.103363e+05
3.002001e+01 1.427649e+05 1.089015e+05
3.003251e+01 1.412713e+05 1.074980e+05
3.004501e+01 1.397054e+05 1.061230e+05
3.005751e+01 1.380661e+05 1.047783e+05
3.007002e+01 1.363521e+05 1.034655e+05
3.008252e+01 1.345496e+05 1.021925e+05
3.009502e+01 1.326698e+05 1.009557e+05
3.010753e+01 1.307113e+05 9.975712e+04
3.012003e+01 1.286724e+05 9.859877e+04
3.013253e+01 1.265376e+05 9.748986e+04
3.014504e+01 1.243183e+05 9.642579e+04
3.015754e+01 1.220123e+05 9.540870e+04
3.017004e+01 1.196168e+05 9.444097e+04
3.018255e+01 1.171140e+05 9.353359e+04
3.019505e+01 1.145152e+05 9.268084e+04
3.020755e+01 1.118295e+05 9.188816e+04
3.022006e+01 1.090681e+05 9.116213e+04
3.023256e+01 1.061851e+05 9.051065e+04
3.024506e+01 1.031875e+05 8.992577e+04
3.025756e+01 1.000692e+05 8.941080e+04
3.027007e+01 9.682275e+04 8.896962e+04
3.028257e+01 9.341761e+04 8.861897e+04
3.029507e+01 8.986553e+04 8.835109e+04
3.030758e+01 8.615596e+04 8.817072e+04
3.032008e+01 8.227578e+04 8.808362e+04
3.033258e+01 7.817969e+04 8.811217e+04
3.034509e+01 7.387868e+04 8.824795e+04
3.035759e+01 6.935307e+04 8.849870e+04
3.037009e+01 6.457822e+04 8.887405e+04
3.038260e+01 5.947963e+04 8.940680e+04
3.039510e+01 5.406452e+04 9.008900e+04
3.040760e+01 4.829311e+04 9.093515e+04
3.042011e+01 4.211459e+04 9.196373e+04
3.043261e+01 3.538971e+04 9.322992e+04
3.044511e+01 2.811078e+04 9.473018e+04
3.045761e+01 2.018641e+04 9.649640e+04
3.047012e+01 1.154561e+04 9.855120e+04
3.048262e+01 1.852239e+03 1.010185e+05
3.049512e+01 -8.987428e+03 1.039244e+05
3.050763e+01 -2.123018e+04 1.073568e+05
3.052013e+01 -3.523435e+04 1.114382e+05
3.053263e+01 -5.189069e+04 1.164787e+05
3.054514e+01 -7.162188e+04 1.226130e+05
3.055764e+01 -9.545607e+04 1.301879e+05
3.057014e+01 -1.250026e+05 1.397446e+05
3.058265e+01 -1.644796e+05 1.527037e+05
3.059515e+01 -2.177471e+05 1.703323e+05
3.060765e+01 -2.937064e+05 1.955597e+05
3.062016e+01 -4.115711e+05 2.346347e+05
3.063266e+01 -6.503107e+05 3.126413e+05
3.064516e+01 -1.287667e+06 5.118155e+05
3.065766e+01 -7.929521e+06 1.781822e+06
3.067017e+01 2.788747e+06 -9.893344e+05
3.068267e+01 1.182487e+06 -3.350549e+05
3.069517e+01 7.581025e+05 -1.757946e+05
3.070768e+01 5.667492e+05 -1.058232e+05
3.072018e+01 4.587699e+05 -6.681499e+04
3.073268e+01 3.923839e+05 -4.301715e+04
3.074519e+01 3.446514e+05 -2.591852e+04
3.075769e+01 3.086673e+05 -1.299739e+04
3.077019e+01 2.805973e+05 -2.861871e+03
3.078270e+01 2.585992e+05 5.162097e+03
3.079520e+01 2.402993e+05 1.191758e+04
3.080770e+01 2.248094e+05 1.772206e+04
3.082021e+01 2.115259e+05 2.279137e+04
3.083271e+01 2.001788e+05 2.722813e+04
3.084521e+01 1.901537e+05 3.124281e+04
3.085771e+01 1.812186e+05 3.491716e+04
3.087022e+01 1.732043e+05 3.831128e+04
3.088272e+01 1.660553e+05 4.145025e+04
3.089522e+01 1.595354e+05 4.441021e+04
3.090773e+01 1.535596e+05 4.722053e+04
3.092023e+01 1.480645e+05 4.990353e+04
3.093273e+01 1.430411e+05 5.246716e+04
3.094524e+01 1.383752e+05 5.494472e+04
3.095774e+01 1.340287e+05 5.734886e+04
3.097024e+01 1.299730e+05 5.968772e+04
3.098275e+01 1.261727e+05 6.187703e+04
3.099525e+01 1.225883e+05 6.398895e+04
3.100775e+01 1.192149e+05 6.606231e+04
3.102026e+01 1.160391e+05 6.810235e+04
3.103276e+01 1.130673e+05 7.010968e+04
3.104526e+01 1.102588e+05 7.209249e+04
3.105776e+01 1.076025e+05 7.405378e+04
3.107027e+01 1.050912e+05 7.599576e+04
3.108277e+01 1.027326e+05 7.791868e+04
3.109527e+01 1.004984e+05 7.982701e+04
3.110778e+01 9.838210e+04 8.172216e+04
3.112028e+01 9.637962e+04 8.360513e+04
3.113278e+01 9.449860e+04 8.547562e+04
3.114529e+01 9.271799e+04 8.733610e+04
3.115779e+01 9.103354e+04 8.918715e+04
3.117029e+01 8.944308e+04 9.102911e+04
3.118280e+01 8.795380e+04 9.286121e+04
3.119530e+01 8.654911e+04 9.468498e+04
3.120780e+01 8.522609e+04 9.650051e+04
3.122031e+01 8.398337e+04 9.830763e+04
3.123281e+01 8.278572e+04 1.000942e+05
3.124531e+01 8.154797e+04 1.018426e+05
3.125781e+01 8.038164e+04 1.035824e+05
3.127032e+01 7.928626e+04 1.053133e+05
3.128282e+01 7.826801e+04 1.070338e+05
3.129532e+01 7.731520e+04 1.087450e+05
3.130783e+01 7.642623e+04 1.104464e+05
3.132033e+01 7.560090e+04 1.121376e+05
3.133283e+01 7.484503e+04 1.138167e+05
3.134534e+01 7.414833e+04 1.154848e+05
3.135784e+01 7.350951e+04 1.171415e+05
3.137034e+01 7.292859e+04 1.187860e+05
3.138285e+01 7.241098e+04 1.204164e+05
3.139535e+01 7.194745e+04 1.220338e+05
3.140785e+01 7.153693e+04 1.236377e+05
3.142036e+01 7.117960e+04 1.252275e+05
3.143286e+01 7.088038e+04 1.268006e+05
3.144536e+01 7.063095e+04 1.283586e+05
3.145786e+01 7.043036e+04 1.299010e+05
3.147037e+01 7.027887e+04 1.314269e+05
3.148287e+01 7.016504e+04 1.329461e+05
3.149537e+01 7.000887e+04 1.345167e+05
3.150788e+01 6.985182e+04 1.361053e+05
3.152038e+01 6.974022e+04 1.376750e+05
3.153288e+01 6.967823e+04 1.392229e+05
3.154539e+01 6.965877e+04 1.407513e+05
3.155789e+01 6.968113e+04 1.422594e+05
3.157039e+01 6.974555e+04 1.437463e+05
3.158290e+01 6.985582e+04 1.452088e+05
3.159540e+01 7.000543e+04 1.466493e+05
3.160790e+01 7.019365e+04 1.480674e+05
3.162041e+01 7.042077e+04 1.494618e+05
3.163291e+01 7.069012e+04 1.508293e+05
3.164541e+01 7.099572e+04 1.521725e+05
3.165791e+01 7.133687e+04 1.534909e+05
3.167042e+01 7.171380e+04 1.547833e+05
3.168292e+01 7.212945e+04 1.560461e+05
3.169542e+01 7.257832e+04 1.572824e+05
3.170793e+01 7.305967e+04 1.584916e+05
3.172043e+01 7.357371e+04 1.596725e+05
3.173293e+01 7.412297e+04 1.608212e+05
3.174544e+01 7.470225e+04 1.620252e+05
3.175794e+01 7.531073e+04 1.633282e+05
3.177044e+01 7.594868e+04 1.646115e+05
3.178295e+01 7.661834e+04 1.658602e+05
3.179545e+01 7.731499e+04 1.670779e+05
3.180795e+01 7.803792e+04 1.682642e+05
3.182046e+01 7.878713e+04 1.694174e+05
3.183296e+01 7.956433e+04 1.705336e+05
3.184546e+01 8.036529e+04 1.716167e+05
3.185796e+01 8.118925e+04 1.726662e+05
3.187047e+01 8.203605e+04 1.736805e+05
3.188297e+01 8.290701e+04 1.746554e+05
3.189547e+01 8.379831e+04 1.755952e+05
3.190798e+01 8.470914e+04 1.764993e+05
3.192048e+01 8.563922e+04 1.773661e+05
3.193298e+01 8.658937e+04 1.781914e+05
3.194549e+01 8.755625e+04 1.789796e+05
3.195799e+01 8.853896e+04 1.797302e+05
3.197049e+01 8.953709e+04 1.804415e+05
3.198300e+01 9.055096e+04 1.811093e+05
3.199550e+01 9.160087e+04 1.817575e+05
3.200800e+01 9.278468e+04 1.824679e+05
3.202051e+01 9.403180e+04 1.831806e+05
3.203301e+01 9.529043e+04 1.838483e+05
3.204551e+01 9.655808e+04 1.844757e+05
3.205801e+01 9.783343e+04 1.850624e+05
3.207052e+01 9.911568e+04 1.856065e+05
3.208302e+01 1.004041e+05 1.861036e+05
3.209552e+01 1.016969e+05 1.865588e+05
3.210803e+01 1.029928e+05 1.869720e+05
3.212053e+01 1.042909e+05 1.873414e+05
3.213303e+01 1.055900e+05 1.876625e+05
3.214554e+01 1.068886e+05 1.879407e+05
3.215804e+01 1.081856e+05 1.881759e+05
3.217054e+01 1.094798e+05 1.883663e+05
3.218305e+01 1.107693e+05 1.885076e+05
3.219555e+01 1.120534e+05 1.886054e+05
3.220805e+01 1.133308e+05 1.886596e+05
3.222056e+01 1.145999e+05 1.886684e+05
3.223306e+01 1.158585e+05 1.886277e+05
3.224556e+01 1.171064e+05 1.885433e+05
3.225806e+01 1.184631e+05 1.883962e+05
3.227057e+01 1.199509e+05 1.881812e+05
3.228307e+01 1.214362e+05 1.879147e+05
3.229557e+01 1.229051e+05 1.876045e+05
3.230808e+01 1.243563e+05 1.872507e+05
3.232058e+01 1.257877e+05 1.868520e+05
3.233308e+01 1.271957e+05 1.864045e+05
3.234559e+01 1.285815e+05 1.859141e+05
3.235809e+01 1.299436e+05 1.853810e+05
3.237059e+01 1.312796e+05 1.848038e+05
3.238310e+01 1.325855e+05 1.841791e+05
3.239560e+01 1.338631e+05 1.835127e+05
3.240810e+01 1.351108e+05 1.828050e+05
3.242061e+01 1.363259e+05 1.820546e+05
3.243311e+01 1.375038e+05 1.812587e+05
3.244561e+01 1.386470e+05 1.804229e+05
3.245811e+01 1.397540e+05 1.795476e+05
3.247062e+01 1.408215e+05 1.786318e+05
3.248312e+01 1.418446e+05 1.776730e+05
3.249562e+01 1.428263e+05 1.766766e+05
3.250813e+01 1.437728e+05 1.756317e+05
3.252063e+01 1.448075e+05 1.743476e+05
3.253313e+01 1.458131e+05 1.729892e+05
3.254564e+01 1.467705e+05 1.715962e+05
3.255814e+01 1.476779e+05 1.701692e+05
3.257064e+01 1.485315e+05 1.687077e+05
3.258315e+01 1.493249e+05 1.672099e+05
3.259565e+01 1.500628e+05 1.656810e+05
3.260815e+01 1.507433e+05 1.641216e+05
3.262066e+01 1.513621e+05 1.625315e+05
3.263316e+01 1.519121e+05 1.609095e+05
3.264566e+01 1.523986e+05 1.592601e+05
3.265816e+01 1.528199e+05 1.575843e+05
3.267067e+01 1.531707e+05 1.558821e+05
3.268317e+01 1.534433e+05 1.541526e+05
3.269567e+01 1.536437e+05 1.524000e+05
3.270818e+01 1.537697e+05 1.506253e+05
3.272068e+01 1.538154e+05 1.488287e+05
3.273318e+01 1.537720e+05 1.470100e+05
3.274569e+01 1.536462e+05 1.451726e+05
3.275819e+01 1.534354e+05 1.433177e+05
3.277069e+01 1.531033e+05 1.413217e+05
3.278320e+01 1.526306e+05 1.391470e+05
3.279570e+01 1.520630e+05 1.369583e+05
3.280820e+01 1.513970e+05 1.347566e+05
3.282071e+01 1.506239e+05 1.325426e+05
3.283321e+01 1.497312e+05 1.303165e+05
3.284571e+01 1.487270e+05 1.280808e+05
3.285821e+01 1.476064e+05 1.258364e+05
3.287072e+01 1.463581e+05 1.235840e+05
3.288322e+01 1.449665e+05 1.213241e+05
3.289572e+01 1.434396e+05 1.190583e+05
3.290823e+01 1.417704e+05 1.167875e+05
3.292073e+01 1.399434e+05 1.145120e+05
3.293323e+01 1.379371e+05 1.122324e+05
3.294574e+01 1.357594e+05 1.099496e+05
3.295824e+01 1.333990e+05 1.076638e+05
3.297074e+01 1.308330e+05 1.053751e+05
3.298325e+01 1.280296e+05 1.030833e+05
3.299575e+01 1.249950e+05 1.007884e+05
3.300825e+01 1.217099e+05 9.848984e+04
3.302076e+01 1.181240e+05 9.617972e+04
3.303326e+01 1.139960e+05 9.375129e+04
3.304576e+01 1.095075e+05 9.130311e+04
3.305826e+01 1.046429e+05 8.884487e+04
3.307077e+01 9.933433e+04 8.637281e+04
3.308327e+01 9.348778e+04 8.388157e+04
3.309577e+01 8.708666e+04 8.136756e+04
3.310828e+01 8.005053e+04 7.882408e+04
3.312078e+01 7.223663e+04 7.624052e+04
3.313328e+01 6.344182e+04 7.360117e+04
3.314579e+01 5.358965e+04 7.089638e+04
3.315829e+01 4.247272e+04 6.810791e+04
3.317079e+01 2.972296e+04 6.520465e+04
3.318330e+01 1.478536e+04 6.213900e+04
3.319580e+01 -2.680361e+03 5.887742e+04
3.320830e+01 -2.339550e+04 5.535602e+04
3.322081e+01 -4.869893e+04 5.145855e+04
3.323331e+01 -8.087317e+04 4.698857e+04
3.324581e+01 -1.221246e+05 4.175747e+04
3.325831e+01 -1.769411e+05 3.539403e+04
3.327082e+01 -2.553365e+05 2.710106e+04
3.328332e+01 -3.815005e+05 1.511456e+04
3.329582e+01 -6.039725e+05 -3.707880e+03
3.330833e+01 -1.092814e+06 -3.812220e+04
3.332083e+01 -1.258655e+06 3.889344e+05
3.333333e+01 1.094474e+07 3.956083e+06
3.334584e+01 1.737503e+06 2.654704e+05
3.335834e+01 1.011344e+06 1.574878e+05
3.337084e+01 7.494256e+05 1.237464e+05
3.338335e+01 6.151328e+05 1.071250e+05
3.339585e+01 5.281440e+05 9.644038e+04
3.340835e+01 4.672562e+05 8.894308e+04
3.342086e+01 4.227507e+05 8.341785e+04
3.343336e+01 3.890040e+05 7.918367e+04
3.344586e+01 3.617409e+05 7.573305e+04
3.345836e+01 3.391941e+05 7.286047e+04
3.347087e+01 3.203295e+05 7.044932e+04
3.348337e+01 3.043487e+05 6.841090e+04
3.349587e+01 2.903675e+05 6.664084e+04
3.350838e+01 2.779948e+05 6.509530e+04
3.352088e+01 2.669968e+05 6.375079e+04
3.353338e+01 2.571561e+05 6.262047e+04
3.354589e+01 2.481540e+05 6.175231e+04
3.355839e+01 2.398801e+05 6.104271e+04
3.357089e+01 2.322682e+05 6.045441e+04
3.358340e+01 2.252443e+05 5.998112e+04
3.359590e+01 2.186772e+05 5.960313e+04
3.360840e+01 2.125120e+05 5.931393e+04
3.362091e+01 2.067213e+05 5.911276e+04
3.363341e+01 2.012744e+05 5.899764e+04
3.364591e+01 1.961032e+05 5.895581e+04
3.365841e+01 1.911811e+05 5.898379e+04
3.367092e+01 1.864976e+05 5.908231e+04
3.368342e+01 1.820387e+05 5.925082e+04
3.369592e+01 1.777647e+05 5.947989e+04
3.370843e+01 1.736613e+05 5.976717e+04
3.372093e+01 1.697250e+05 6.011388e+04
3.373343e+01 1.659494e+05 6.051998e+04
3.374594e+01 1.623089e+05 6.097775e+04
3.375844e+01 1.587954e+05 6.148544e+04
3.377094e+01 1.554086e+05 6.204432e+04
3.378345e+01 1.521485e+05 6.265674e+04
3.379595e+01 1.490560e+05 6.336609e+04
3.380845e+01 1.461242e+05 6.416929e+04
3.382096e+01 1.432950e+05 6.501677e+04
3.383346e+01 1.405674e+05 6.590839e+04
3.384596e+01 1.379280e+05 6.683855e+04
3.385846e+01 1.353738e+05 6.780584e+04
3.387097e+01 1.329070e+05 6.881118e+04
3.388347e+01 1.305277e+05 6.985430e+04
3.389597e+01 1.282251e+05 7.093026e+04
3.390848e+01 1.259973e+05 7.203783e+04
3.392098e+01 1.238470e+05 7.317758e+04
3.393348e+01 1.217746e+05 7.434909e+04
3.394599e+01 1.197713e+05 7.554810e+04
3.395849e+01 1.178357e+05 7.677336e+04
3.397099e+01 1.159706e+05 7.802526e+04
3.398350e+01 1.141769e+05 7.930315e+04
3.399600e+01 1.124467e+05 8.060339e+04
3.400850e+01 1.107790e+05 8.192481e+04
3.402101e+01 1.091769e+05 8.326747e+04
3.403351e+01 1.076412e+05 8.463064e+04
3.404601e+01 1.061989e+05 8.599536e+04
3.405851e+01 1.049031e+05 8.733541e+04
3.407102e+01 1.036931e+05 8.868040e+04
3.408352e+01 1.025454e+05 9.004058e+04
3.409602e+01 1.014537e+05 9.141345e+04
3.410853e+01 1.004172e+05 9.279792e+04
3.412103e+01 9.943903e+04 9.419359e+04
3.413353e+01 9.851985e+04 9.559944e+04
3.414604e+01 9.765371e+04 9.701348e+04
3.415854e+01 9.683995e+04 9.843467e+04
3.417104e+01 9.608196e+04 9.986287e+04
3.418355e+01 9.538008e+04 1.012967e+05
3.419605e+01 9.472854e+04 1.027344e+05
3.420855e+01 9.412672e+04 1.041751e+05
3.422106e+01 9.357745e+04 1.056180e+05
3.423356e+01 9.308128e+04 1.070618e+05
3.424606e+01 9.263289e+04 1.085057e+05
3.425856e+01 9.223170e+04 1.099485e+05
3.427107e+01 9.188042e+04 1.113894e+05
3.428357e+01 9.157947e+04 1.128272e+05
3.429607e+01 9.132382e+04 1.142611e+05
3.430858e+01 9.112510e+04 1.155819e+05
3.432108e+01 9.098127e+04 1.168291e+05
3.433358e+01 9.088535e+04 1.180671e+05
3.434609e+01 9.083229e+04 1.192978e+05
3.435859e+01 9.082157e+04 1.205206e+05
3.437109e+01 9.085561e+04 1.217339e+05
3.438360e+01 9.093461e+04 1.229366e+05
3.439610e+01 9.105412e+04 1.241289e+05
3.440860e+01 9.121355e+04 1.253101e+05
3.442111e+01 9.141526e+04 1.264785e+05
3.443361e+01 9.165926e+04 1.276329e+05
3.444611e+01 9.194140e+04 1.287740e+05
3.445861e+01 9.226112e+04 1.299010e+05
3.447112e+01 9.262056e+04 1.310120e+05
3.448362e+01 9.301974e+04 1.321060e+05
3.449612e+01 9.345468e+04 1.331838e+05
3.450863e+01 9.392485e+04 1.342447e+05
3.452113e+01 9.443227e+04 1.352866e+05
3.453363e+01 9.497680e+04 1.363087e+05
3.454614e+01 9.555479e+04 1.373118e+05
3.455864e+01 9.613812e+04 1.382669e+05
3.457114e+01 9.665645e+04 1.390965e+05
3.458365e+01 9.719863e+04 1.398924e+05
3.459615e+01 9.777190e+04 1.406668e+05
3.460865e+01 9.837569e+04 1.414190e+05
3.462116e+01 9.901171e+04 1.421469e+05
3.463366e+01 9.967967e+04 1.428492e+05
3.464616e+01 1.003763e+05 1.435276e+05
3.465866e+01 1.011011e+05 1.441814e+05
3.467117e+01 1.018555e+05 1.448081e+05
3.468367e+01 1.026392e+05 1.454066e+05
3.469617e+01 1.034491e+05 1.459787e+05
3.470868e+01 1.042847e+05 1.465238e+05
3.472118e+01 1.051473e+05 1.470391e+05
3.473368e+01 1.060364e+05 1.475236e+05
3.474619e+01 1.069491e+05 1.479792e+05
3.475869e+01 1.078850e+05 1.484053e+05
3.477119e+01 1.088450e+05 1.487990e+05
3.478370e+01 1.098286e+05 1.491593e+05
3.479620e+01 1.108331e+05 1.494881e+05
3.480870e+01 1.118580e+05 1.497851e+05
3.482121e+01 1.127704e+05 1.500427e+05
3.483371e+01 1.136309e+05 1.502620e+05
3.484621e+01 1.145094e+05 1.504474e+05
3.485871e+01 1.154053e+05 1.505985e+05
3.487122e+01 1.163191e+05 1.507116e+05
3.488372e+01 1.172499e+05 1.507859e+05
3.489622e+01 1.181955e+05 1.508239e+05
3.490873e+01 1.191552e+05 1.508250e+05
3.492123e+01 1.201292e+05 1.507854e+05
3.493373e+01 1.211164e+05 1.507043e+05
3.494624e+01 1.221149e+05 1.505844e+05
3.495874e+01 1.231239e+05 1.504250e+05
3.497124e+01 1.241431e+05 1.502222e+05
3.498375e+01 1.251714e+05 1.499752e+05
3.499625e+01 1.262071e+05 1.496869e+05
3.500875e+01 1.272491e+05 1.493566e+05
3.502126e+01 1.282969e+05 1.489801e+05
3.503376e+01 1.293490e+05 1.485567e+05
3.504626e+01 1.304041e+05 1.480895e+05
3.505876e+01 1.314611e+05 1.475778e+05
3.507127e+01 1.324913e+05 1.470386e+05
3.508377e+01 1.333925e+05 1.465506e+05
3.509627e+01 1.342917e+05 1.460163e+05
3.510878e+01 1.351876e+05 1.454351e+05
3.512128e+01 1.360784e+05 1.448023e+05
3.513378e+01 1.369625e+05 1.441175e+05
3.514629e+01 1.378389e+05 1.433840e+05
3.515879e+01 1.387063e+05 1.426011e+05
3.517129e+01 1.395621e+05 1.417642e+05
3.518380e+01 1.404045e+05 1.408726e+05
3.519630e+01 1.412330e+05 1.399301e+05
3.520880e+01 1.420458e+05 1.389359e+05
3.522131e+01 1.428397e+05 1.378851e+05
3.523381e+01 1.436128e+05 1.367773e+05
3.524631e+01 1.443646e+05 1.356161e+05
3.525881e+01 1.450934e+05 1.344011e+05
3.527132e+01 1.457949e+05 1.331269e+05
3.528382e+01 1.464671e+05 1.317934e+05
3.529632e+01 1.471104e+05 1.304047e+05
3.530883e+01 1.477221e+05 1.289598e+05
3.532133e+01 1.482943e+05 1.274620e+05
3.533383e+01 1.487982e+05 1.260039e+05
3.534634e+01 1.492461e+05 1.245473e+05
3.535884e+01 1.496526e+05 1.230319e+05
3.537134e+01 1.500109e+05 1.214518e+05
3.538385e+01 1.503184e+05 1.198067e+05
3.539635e+01 1.505756e+05 1.181005e+05
3.540885e+01 1.507797e+05 1.163325e+05
3.542136e+01 1.509222e+05 1.144960e+05
3.543386e+01 1.509998e+05 1.125909e+05
3.544636e+01 1.510136e+05 1.106208e+05
3.545886e+01 1.509598e+05 1.085847e+05
3.547137e+01 1.508278e+05 1.064752e+05
3.548387e+01 1.506136e+05 1.042917e+05
3.549637e+01 1.503182e+05 1.020376e+05
3.550888e+01 1.499369e+05 9.971149e+04
3.552138e+01 1.494557e+05 9.730435e+04
3.553388e+01 1.488695e+05 9.481491e+04
3.554639e+01 1.481791e+05 9.224630e+04
3.555889e+01 1.473780e+05 8.959581e+04
3.557139e+01 1.464474e+05 8.685214e+04
3.558390e+01 1.453915e+05 8.405340e+04
3.559640e+01 1.442264e+05 8.125891e+04
3.560890e+01 1.429168e+05 7.837340e+04
3.562141e+01 1.414339e+05 7.537390e+04
3.563391e+01 1.397663e+05 7.225503e+04
3.564641e+01 1.379116e+05 6.901708e+04
3.565891e+01 1.358542e+05 6.565159e+04
3.567142e+01 1.335534e+05 6.213471e+04
3.568392e+01 1.309893e+05 5.845542e+04
3.569642e+01 1.281536e+05 5.460986e+04
3.570893e+01 1.250185e+05 5.058167e+04
3.572143e+01 1.215157e+05 4.633016e+04
3.573393e+01 1.176062e+05 4.183186e+04
3.574644e+01 1.132665e+05 3.707266e+04
3.575894e+01 1.084398e+05 3.201796e+04
3.577144e+01 1.029962e+05 2.658827e+04
3.578395e+01 9.684690e+04 2.072854e+04
3.579645e+01 8.992273e+04 1.439533e+04
3.580895e+01 8.208771e+04 7.504041e+03
3.582146e+01 7.304311e+04 -1.305405e+02
3.583396e+01 6.254995e+04 -8.654028e+03
3.584646e+01 5.041335e+04 -1.817044e+04
3.585896e+01 3.619087e+04 -2.896309e+04
3.587147e+01 1.892968e+04 -4.163387e+04
3.588397e+01 -2.337840e+03 -5.677704e+04
3.589647e+01 -2.877554e+04 -7.510015e+04
3.590898e+01 -6.246395e+04 -9.785900e+04
3.592148e+01 -1.083863e+05 -1.280300e+05
3.593398e+01 -1.741676e+05 -1.700492e+05
3.594649e+01 -2.733585e+05 -2.315496e+05
3.595899e+01 -4.386705e+05 -3.302720e+05
3.597149e+01 -8.185674e+05 -5.388059e+05
3.598400e+01 -2.762934e+06 -1.213473e+06
3.599650e+01 6.600765e+05 1.724011e+06
3.600900e+01 1.768574e+06 1.377144e+06
3.602151e+01 1.000663e+06 6.482700e+05
3.603401e+01 7.465694e+05 4.496426e+05
3.604651e+01 6.098184e+05 3.468670e+05
3.605901e+01 5.248012e+05 2.842814e+05
3.607152e+01 4.684013e+05 2.432614e+05
3.608402e+01 4.275572e+05 2.137451e+05
3.609652e+01 3.959621e+05 1.909796e+05
3.610903e+01 3.707736e+05 1.728525e+05
3.612153e+01 3.504689e+05 1.582702e+05
3.613403e+01 3.335423e+05 1.461466e+05
3.614654e+01 3.189983e+05 1.357651e+05
3.615904e+01 3.063178e+05 1.267556e+05
3.617154e+01 2.952398e+05 1.189386e+05
3.618405e+01 2.853812e+05 1.120415e+05
3.619655e+01 2.764510e+05 1.058562e+05
3.620905e+01 2.682917e+05 1.002725e+05
3.622156e+01 2.608345e+05 9.524875e+04
3.623406e+01 2.539383e+05 9.068431e+04
3.624656e+01 2.474882e+05 8.649503e+04
3.625906e+01 2.414218e+05 8.263765e+04
3.627157e+01 2.357175e+05 7.910390e+04
3.628407e+01 2.303117e+05 7.584683e+04
3.629657e+01 2.251504e+05 7.282467e+04
3.630908e+01 2.202046e+05 7.001724e+04
3.632158e+01 2.154677e+05 6.742640e+04
3.633408e+01 2.109071e+05 6.502635e+04
3.634659e+01 2.065004e+05 6.279123e+04
3.635909e+01 2.023054e+05 6.068982e+04
3.637159e+01 1.982699e+05 5.874196e+04
3.638410e+01 1.943483e+05 5.693933e+04
3.639660e+01 1.905245e+05 5.526615e+04
3.640910e+01 1.867905e+05 5.371625e+04
3.642161e+01 1.831477e+05 5.229611e+04
3.643411e+01 1.795855e+05 5.099443e+04
3.644661e+01 1.760942e+05 4.980023e+04
3.645911e+01 1.726696e+05 4.870939e+04
3.647162e+01 1.693140e+05 4.772845e+04
3.648412e+01 1.660207e+05 4.684867e+04
3.649662e+01 1.627835e+05 4.606123e+04
3.650913e+01 1.595999e+05 4.536336e+04
3.652163e+01 1.564736e+05 4.476164e+04
3.653413e+01 1.534000e+05 4.424882e+04
3.654664e+01 1.503747e+05 4.381758e+04
3.655914e+01 1.473967e+05 4.346581e+04
3.657164e+01 1.444700e+05 4.319966e+04
3.658415e+01 1.415914e+05 4.301281e+04
3.659665e+01 1.387576e+05 4.289896e+04
3.660915e+01 1.359904e+05 4.281934e+04
3.662166e+01 1.333080e+05 4.275708e+04
3.663416e+01 1.306739e+05 4.276258e+04
3.664666e+01 1.280834e+05 4.283364e+04
3.665916e+01 1.255366e+05 4.296860e+04
3.667167e+01 1.230383e+05 4.317259e+04
3.668417e+01 1.205862e+05 4.344028e+04
3.669667e+01 1.181779e+05 4.376665e+04
3.670918e+01 1.158137e+05 4.415015e+04
3.672168e+01 1.134986e+05 4.459525e+04
3.673418e+01 1.112304e+05 4.509703e+04
3.674669e+01 1.090069e+05 4.565090e+04
3.675919e+01 1.068283e+05 4.625537e+04
3.677169e+01 1.047000e+05 4.691428e+04
3.678420e+01 1.026197e+05 4.762299e+04
3.679670e+01 1.005851e+05 4.837738e+04
3.680920e+01 9.859655e+04 4.917595e+04
3.682171e+01 9.665946e+04 5.002194e+04
3.683421e+01 9.477135e+04 5.091099e+04
3.684671e+01 9.292998e+04 5.183941e+04
3.685921e+01 9.113552e+04 5.280573e+04
3.687172e+01 8.935512e+04 5.371432e+04
3.688422e+01 8.761842e+04 5.464386e+04
3.689672e+01 8.592916e+04 5.560658e+04
3.690923e+01 8.428747e+04 5.660100e+04
3.692173e+01 8.269895e+04 5.762908e+04
3.693423e+01 8.116063e+04 5.868718e+04
3.694674e+01 7.967012e+04 5.977240e+04
3.695924e+01 7.822742e+04 6.088333e+04
3.697174e+01 7.683810e+04 6.202127e+04
3.698425e+01 7.549898e+04 6.318304e+04
3.699675e+01 7.420758e+04 6.436608e+04
3.700925e+01 7.296383e+04 6.556903e+04
3.702176e+01 7.177317e+04 6.679262e+04
3.703426e+01 7.063226e+04 6.803407e+04
3.704676e+01 6.953857e+04 6.929121e+04
3.705926e+01 6.849193e+04 7.056276e+04
3.707177e+01 6.749760e+04 7.184890e+04
3.708427e+01 6.655212e+04 7.314728e+04
3.709677e+01 6.565295e+04 7.445607e+04
3.710928e+01 6.479980e+04 7.577411e+04
3.712178e+01 6.394386e+04 7.709056e+04
3.713428e+01 6.305121e+04 7.839767e+04
3.714679e+01 6.220358e+04 7.971027e+04
3.715929e+01 6.140060e+04 8.102730e+04
3.717179e+01 6.064715e+04 8.234796e+04
3.718430e+01 5.993961e+04 8.367077e+04
3.719680e+01 5.927550e+04 8.499457e+04
3.720930e+01 5.865438e+04 8.631835e+04
3.722181e+01 5.808090e+04 8.764092e+04
3.723431e+01 5.755142e+04 8.896120e+04
3.724681e+01 5.706349e+04 9.027836e+04
3.725931e+01 5.661667e+04 9.159147e+04
3.727182e+01 5.621537e+04 9.289895e+04
3.728432e+01 5.585596e+04 9.420013e+04
3.729682e+01 5.553609e+04 9.549445e+04
3.730933e+01 5.525527e+04 9.678106e+04
3.732183e+01 5.501769e+04 9.805804e+04
3.733433e+01 5.481977e+04 9.932512e+04
3.734684e+01 5.465929e+04 1.005819e+05
3.735934e+01 5.453572e+04 1.018277e+05
3.737184e+01 5.444010e+04 1.030735e+05
3.738435e+01 5.429500e+04 1.043948e+05
3.739685e+01 5.416214e+04 1.057264e+05
3.740935e+01 5.406405e+04 1.070439e+05
3.742186e+01 5.400440e+04 1.083449e+05
3.743436e+01 5.397983e+04 1.096297e+05
3.744686e+01 5.398838e+04 1.108983e+05
3.745936e+01 5.402954e+04 1.121502e+05
3.747187e+01 5.410678e+04 1.133824e+05
3.748437e+01 5.421686e+04 1.145957e+05
3.749687e+01 5.435794e+04 1.157902e+05
3.750938e+01 5.452953e+04 1.169653e+05
3.752188e+01 5.473487e+04 1.181179e+05
3.753438e+01 5.497085e+04 1.192489e+05
3.754689e+01 5.523578e+04 1.203585e+05
3.755939e+01 5.552917e+04 1.214462e+05
3.757189e+01 5.585401e+04 1.225085e+05
3.758440e+01 5.620739e+04 1.235467e+05
3.759690e+01 5.658768e+04 1.245610e+05
3.760940e+01 5.699444e+04 1.255508e+05
3.762191e+01 5.743100e+04 1.265162e+05
3.763441e+01 5.790796e+04 1.275441e+05
3.764691e+01 5.842983e+04 1.286714e+05
3.765941e+01 5.897616e+04 1.297716e+05
3.767192e+01 5.954950e+04 1.308405e+05
3.768442e+01 6.014713e+04 1.318797e+05
3.769692e+01 6.076767e+04 1.328897e+05
3.770943e+01 6.141064e+04 1.338698e+05
3.772193e+01 6.207831e+04 1.348152e+05
3.773443e+01 6.276809e+04 1.357280e+05
3.774694e+01 6.347866e+04 1.366084e+05
3.775944e+01 6.420951e+04 1.374558e+05
3.777194e+01 6.496260e+04 1.382649e+05
3.778445e+01 6.573546e+04 1.390379e+05
3.779695e+01 6.652680e+04 1.397752e+05
3.780945e+01 6.733608e+04 1.404760e+05
3.782196e+01 6.816485e+04 1.411343e+05
3.783446e+01 6.901080e+04 1.417527e+05
3.784696e+01 6.987264e+04 1.423314e+05
3.785946e+01 7.074972e+04 1.428696e+05
3.787197e+01 7.164317e+04 1.433606e+05
3.788447e+01 7.259363e+04 1.438323e+05
3.789697e+01 7.369654e+04 1.443419e+05
3.790948e+01 7.486118e+04 1.448354e+05
3.792198e+01 7.603847e+04 1.452761e+05
3.793448e+01 7.722633e+04 1.456672e+05
3.794699e+01 7.842347e+04 1.460090e+05
3.795949e+01 7.962894e+04 1.463001e+05
3.797199e+01 8.084257e+04 1.465320e+05
3.798450e+01 8.206245e+04 1.467081e+05
3.799700e+01 8.328720e+04 1.468285e+05
3.800950e+01 8.451567e+04 1.468918e+05
3.802201e+01 8.574677e+04 1.468879e+05
3.803451e+01 8.697876e+04 1.468209e+05
3.804701e+01 8.821018e+04 1.466906e+05
3.805951e+01 8.943957e+04 1.464951e+05
3.807202e+01 9.066466e+04 1.462228e+05
3.808452e+01 9.188395e+04 1.458780e+05
3.809702e+01 9.309578e+04 1.454605e+05
3.810953e+01 9.429829e+04 1.449676e+05
3.812203e+01 9.548769e+04 1.443856e+05
3.813453e+01 9.666270e+04 1.437191e+05
3.814704e+01 9.797403e+04 1.429143e+05
3.815954e+01 9.940351e+04 1.419729e+05
3.817204e+01 1.008140e+05 1.409240e+05
3.818455e+01 1.021989e+05 1.397746e+05
3.819705e+01 1.035557e+05 1.385229e+05
3.820955e+01 1.048811e+05 1.371640e+05
3.822206e+01 1.061662e+05 1.356763e+05
3.823456e+01 1.074103e+05 1.340650e+05
3.824706e+01 1.086101e+05 1.323267e+05
3.825956e+01 1.097608e+05 1.304541e+05
3.827207e+01 1.108490e+05 1.284179e+05
3.828457e+01 1.118741e+05 1.262229e+05
3.829707e+01 1.128310e+05 1.238626e+05
3.830958e+01 1.137125e+05 1.213249e+05
3.832208e+01 1.144978e+05 1.185676e+05
3.833458e+01 1.151855e+05 1.155937e+05
3.834709e+01 1.157673e+05 1.123900e+05
3.835959e+01 1.162311e+05 1.089353e+05
3.837209e+01 1.165425e+05 1.051627e+05
3.838460e+01 1.166975e+05 1.010691e+05
3.839710e+01 1.167030e+05 9.656788e+04
3.840960e+01 1.165967e+05 9.146201e+04
3.842211e+01 1.162523e+05 8.579500e+04
3.843461e+01 1.156367e+05 7.959685e+04
3.844711e+01 1.147143e+05 7.280233e+04
3.845961e+01 1.134343e+05 6.531695e+04
3.847212e+01 1.116630e+05 5.688877e+04
3.848462e+01 1.093532e+05 4.743325e+04
3.849712e+01 1.064059e+05 3.676731e+04
3.850963e+01 1.026773e+05 2.462590e+04
3.852213e+01 9.780167e+04 1.033204e+04
3.853463e+01 9.157113e+04 -6.485862e+03
3.854714e+01 8.359760e+04 -2.652414e+04
3.855964e+01 7.327897e+04 -5.085301e+04
3.857214e+01 5.902954e+04 -8.226754e+04
3.858465e+01 3.932931e+04 -1.233173e+05
3.859715e+01 1.115933e+04 -1.789754e+05
3.860965e+01 -3.143851e+04 -2.587115e+05
3.862216e+01 -1.101691e+05 -3.950215e+05
3.863466e+01 -2.813862e+05 -6.606195e+05
3.864716e+01 -8.587426e+05 -1.367190e+06
3.865966e+01 -1.025517e+07 -5.118231e+05
3.867217e+01 7.440080e+05 2.387990e+06
3.868467e+01 5.591807e+05 1.128201e+06
3.869717e+01 4.479211e+05 7.599413e+05
3.870968e+01 3.871255e+05 5.874814e+05
3.872218e+01 3.514596e+05 4.923853e+05
3.873468e+01 3.270182e+05 4.284118e+05
3.874719e+01 3.091995e+05 3.819215e+05
3.875969e+01 2.957003e+05 3.464906e+05
3.877219e+01 2.854582e+05 3.192213e+05
3.878470e+01 2.772043e+05 2.968706e+05
3.879720e+01 2.703856e+05 2.780538e+05
3.880970e+01 2.646561e+05 2.619199e+05
3.882221e+01 2.598637e+05 2.481083e+05
3.883471e+01 2.557059e+05 2.358883e+05
3.884721e+01 2.520419e+05 2.249273e+05
3.885971e+01 2.487754e+05 2.150008e+05
3.887222e+01 2.458694e+05 2.060417e+05
3.888472e+01 2.432176e+05 1.977908e+05
3.889722e+01 2.407688e+05 1.901310e+05
3.890973e+01 2.384490e+05 1.829731e+05
3.892223e+01 2.359397e+05 1.762509e+05
3.893473e+01 2.335308e+05 1.699089e+05
3.894724e+01 2.312078e+05 1.638977e+05
3.895974e+01 2.289540e+05 1.581814e+05
3.897224e+01 2.267619e+05 1.527651e+05
3.898475e+01 2.246112e+05 1.475858e+05
3.899725e+01 2.224912e+05 1.426181e+05
3.900975e+01 2.203937e+05 1.378444e+05
3.902226e+01 2.183130e+05 1.332742e+05
3.903476e+01 2.162405e+05 1.288692e+05
3.904726e+01 2.141709e+05 1.246156e+05
3.905976e+01 2.121000e+05 1.205042e+05
3.907227e+01 2.100229e+05 1.165459e+05
3.908477e+01 2.079370e+05 1.127148e+05
3.909727e+01 2.058398e+05 1.090028e+05
3.910978e+01 2.037294e+05 1.054049e+05
3.912228e+01 2.016015e+05 1.019324e+05
3.913478e+01 1.994568e+05 9.856615e+04
3.914729e+01 1.972945e+05 9.530107e+04
3.915979e+01 1.951137e+05 9.213427e+04
3.917229e+01 1.927241e+05 8.923853e+04
3.918480e+01 1.901929e+05 8.654213e+04
3.919730e+01 1.876424e+05 8.393669e+04
3.920980e+01 1.850727e+05 8.142054e+04
3.922231e+01 1.824811e+05 7.900541e+04
3.923481e+01 1.798709e+05 7.667751e+04
3.924731e+01 1.772429e+05 7.443455e+04
3.925981e+01 1.745976e+05 7.227547e+04
3.927232e+01 1.719336e+05 7.021199e+04
3.928482e+01 1.692540e+05 6.823142e+04
3.929732e+01 1.665600e+05 6.633195e+04
3.930983e+01 1.638529e+05 6.451286e+04
3.932233e+01 1.611318e+05 6.278573e+04
3.933483e+01 1.583999e+05 6.113844e+04
3.934734e+01 1.556587e+05 5.956941e+04
3.935984e+01 1.529094e+05 5.807807e+04
3.937234e+01 1.501526e+05 5.667578e+04
3.938485e+01 1.473908e+05 5.535066e+04
3.939735e+01 1.446255e+05 5.410129e+04
3.940985e+01 1.418581e+05 5.292706e+04
3.942236e+01 1.390935e+05 5.191212e+04
3.943486e+01 1.363444e+05 5.129824e+04
3.944736e+01 1.335990e+05 5.077548e+04
3.945986e+01 1.308580e+05 5.032506e+04
3.947237e+01 1.281243e+05 4.995751e+04
3.948487e+01 1.253986e+05 4.966126e+04
3.949737e+01 1.226825e+05 4.943492e+04
3.950988e+01 1.199776e+05 4.927768e+04
3.952238e+01 1.172876e+05 4.919934e+04
3.953488e+01 1.146123e+05 4.918867e+04
3.954739e+01 1.119532e+05 4.924417e+04
3.955989e+01 1.093118e+05 4.936488e+04
3.957239e+01 1.066928e+05 4.955984e+04
3.958490e+01 1.040950e+05 4.981819e+04
3.959740e+01 1.015196e+05 5.013831e+04
3.960990e+01 9.896816e+04 5.051913e+04
3.962241e+01 9.644622e+04 5.096884e+04
3.963491e+01 9.395143e+04 5.147694e+04
3.964741e+01 9.148493e+04 5.204185e+04
3.965991e+01 8.904799e+04 5.266231e+04
3.967242e+01 8.666919e+04 5.336146e+04
3.968492e+01 8.450640e+04 5.424499e+04
3.969742e+01 8.251732e+04 5.528028e+04
3.970993e+01 8.056281e+04 5.636541e+04
3.972243e+01 7.864989e+04 5.750666e+04
3.973493e+01 7.677409e+04 5.869477e+04
3.974744e+01 7.493618e+04 5.992810e+04
3.975994e+01 7.313710e+04 6.120521e+04
3.977244e+01 7.138429e+04 6.253120e+04
3.978495e+01 6.967237e+04 6.389772e+04
3.979745e+01 6.800194e+04 6.530310e+04
3.980995e+01 6.637369e+04 6.674580e+04
3.982246e+01 6.479542e+04 6.822991e+04
3.983496e+01 6.326093e+04 6.974797e+04
3.984746e+01 6.177061e+04 7.129833e+04
3.985996e+01 6.032498e+04 7.287941e+04
3.987247e+01 5.893198e+04 7.449427e+04
3.988497e+01 5.758472e+04 7.613640e+04
3.989747e+01 5.628345e+04 7.780420e+04
3.990998e+01 5.502846e+04 7.949616e+04
3.992248e+01 5.382771e+04 8.121421e+04
3.993498e+01 5.279446e+04 8.291773e+04
3.994749e+01 5.205599e+04 8.456800e+04
3.995999e+01 5.140864e+04 8.622306e+04
3.997249e+01 5.081618e+04 8.789673e+04
3.998500e+01 5.027082e+04 8.958473e+04
3.999750e+01 4.977248e+04 9.128556e+04
4.001000e+01 4.932110e+04 9.299784e+04
4.002251e+01 4.892432e+04 9.472160e+04
4.003501e+01 4.857415e+04 9.645357e+04
4.004751e+01 4.827040e+04 9.819247e+04
4.006002e+01 4.801287e+04 9.993692e+04
4.007252e+01 4.780880e+04 1.016861e+05
4.008502e+01 4.765025e+04 1.034379e+05
4.009752e+01 4.753689e+04 1.051910e+05
4.011003e+01 4.746840e+04 1.069443e+05
4.012253e+01 4.745159e+04 1.086961e+05
4.013503e+01 4.747867e+04 1.104453e+05
4.014754e+01 4.754936e+04 1.121910e+05
4.016004e+01 4.766345e+04 1.139322e+05
4.017254e+01 4.782694e+04 1.156663e+05
4.018505e+01 4.804105e+04 1.173713e+05
4.019755e+01 4.839339e+04 1.188271e+05
4.021005e+01 4.884169e+04 1.201367e+05
4.022256e+01 4.933677e+04 1.214343e+05
4.023506e+01 4.987141e+04 1.227205e+05
4.024756e+01 5.044506e+04 1.239944e+05
4.026007e+01 5.105729e+04 1.252552e+05
4.027257e+01 5.171348e+04 1.264995e+05
4.028507e+01 5.240681e+04 1.277287e+05
4.029757e+01 5.313674e+04 1.289422e+05
4.031008e+01 5.390287e+04 1.301389e+05
4.032258e+01 5.471009e+04 1.313154e+05
4.033508e+01 5.555207e+04 1.324736e+05
4.034759e+01 5.642825e+04 1.336128e+05
4.036009e+01 5.733828e+04 1.347322e+05
4.037259e+01 5.828670e+04 1.358278e+05
4.038510e+01 5.926759e+04 1.369022e+05
4.039760e+01 6.028045e+04 1.379548e+05
4.041010e+01 6.132501e+04 1.389847e+05
4.042261e+01 6.240543e+04 1.399877e+05
4.043511e+01 6.351627e+04 1.409668e+05
4.044761e+01 6.458739e+04 1.417994e+05
4.046012e+01 6.556393e+04 1.423892e+05
4.047262e+01 6.655539e+04 1.429162e+05
4.048512e+01 6.757553e+04 1.434164e+05
4.049762e+01 6.862398e+04 1.438894e+05
4.051013e+01 6.970063e+04 1.443341e+05
4.052263e+01 7.080927e+04 1.447454e+05
4.053513e+01 7.194519e+04 1.451271e+05
4.054764e+01 7.310812e+04 1.454785e+05
4.056014e+01 7.429807e+04 1.457985e+05
4.057264e+01 7.551871e+04 1.460814e+05
4.058515e+01 7.676564e+04 1.463312e+05
4.059765e+01 7.803868e+04 1.465472e+05
4.061015e+01 7.933796e+04 1.467280e+05
4.062266e+01 8.066711e+04 1.468672e+05
4.063516e+01 8.202199e+04 1.469691e+05
4.064766e+01 8.340251e+04 1.470328e+05
4.066017e+01 8.480891e+04 1.470564e+05
4.067267e+01 8.624486e+04 1.470326e+05
4.068517e+01 8.770639e+04 1.469663e+05
4.069767e+01 8.919351e+04 1.468558e+05
4.071018e+01 9.038575e+04 1.466496e+05
4.072268e+01 9.150973e+04 1.463732e+05
4.073518e+01 9.265956e+04 1.460469e+05
4.074769e+01 9.383539e+04 1.456689e+05
4.076019e+01 9.503769e+04 1.452360e+05
4.077269e+01 9.627042e+04 1.447377e+05
4.078520e+01 9.752977e+04 1.441797e+05
4.079770e+01 9.881598e+04 1.435592e+05
4.081020e+01 1.001297e+05 1.428722e+05
4.082271e+01 1.014752e+05 1.421051e+05
4.083521e+01 1.028486e+05 1.412644e+05
4.084771e+01 1.042503e+05 1.403462e+05
4.086022e+01 1.056813e+05 1.393446e+05
4.087272e+01 1.071461e+05 1.382421e+05
4.088522e+01 1.086409e+05 1.370458e+05
4.089772e+01 1.101665e+05 1.357498e+05
4.091023e+01 1.117240e+05 1.343456e+05
4.092273e+01 1.133187e+05 1.328090e+05
4.093523e+01 1.149469e+05 1.311480e+05
4.094774e+01 1.166095e+05 1.293532e+05
4.096024e+01 1.182182e+05 1.274938e+05
4.097274e+01 1.196520e+05 1.256508e+05
4.098525e+01 1.211248e+05 1.236342e+05
4.099775e+01 1.226388e+05 1.214282e+05
4.101025e+01 1.241967e+05 1.190110e+05
4.102276e+01 1.258077e+05 1.163277e+05
4.103526e+01 1.274683e+05 1.133852e+05
4.104776e+01 1.291820e+05 1.101547e+05
4.106027e+01 1.309541e+05 1.065962e+05
4.107277e+01 1.327988e+05 1.026146e+05
4.108527e+01 1.347135e+05 9.820942e+04
4.109777e+01 1.367058e+05 9.332111e+04
4.111028e+01 1.387863e+05 8.786570e+04
4.112278e+01 1.409809e+05 8.165327e+04
4.113528e+01 1.432905e+05 7.465229e+04
4.114779e+01 1.457327e+05 6.671616e+04
4.116029e+01 1.483329e+05 5.763189e+04
4.117279e+01 1.511479e+05 4.692998e+04
4.118530e+01 1.541922e+05 3.443329e+04
4.119780e+01 1.575149e+05 1.966760e+04
4.121030e+01 1.611893e+05 1.903579e+03
4.122281e+01 1.653894e+05 -2.021151e+04
4.123531e+01 1.701749e+05 -4.807643e+04
4.124781e+01 1.757061e+05 -8.432239e+04
4.126032e+01 1.822126e+05 -1.336409e+05
4.127282e+01 1.900391e+05 -2.087803e+05
4.128532e+01 1.985908e+05 -3.284564e+05
4.129782e+01 2.034968e+05 -5.458880e+05
4.131033e+01 1.533577e+05 -1.076146e+06
4.132283e+01 -1.508879e+06 -8.761847e+05
4.133533e+01 -2.346609e+06 2.380265e+06
4.134784e+01 -2.104951e+05 1.197642e+06
4.136034e+01 -2.115334e+04 7.947036e+05
4.137284e+01 3.589165e+04 6.299434e+05
4.138535e+01 6.655705e+04 5.317235e+05
4.139785e+01 8.559044e+04 4.668551e+05
4.141035e+01 9.852466e+04 4.211381e+05
4.142286e+01 1.077085e+05 3.880433e+05
4.143536e+01 1.149117e+05 3.619557e+05
4.144786e+01 1.207548e+05 3.408219e+05
4.146037e+01 1.256089e+05 3.233700e+05
4.147287e+01 1.297758e+05 3.089856e+05
4.148537e+01 1.336316e+05 2.967122e+05
4.149787e+01 1.370752e+05 2.859806e+05
4.151038e+01 1.401767e+05 2.765088e+05
4.152288e+01 1.429687e+05 2.681484e+05
4.153538e+01 1.455353e+05 2.605699e+05
4.154789e+01 1.479066e+05 2.536428e+05
4.156039e+01 1.501024e+05 2.472745e+05
4.157289e+01 1.521263e+05 2.414214e+05
4.158540e+01 1.540154e+05 2.359458e+05
4.159790e+01 1.557807e+05 2.307947e+05
4.161040e+01 1.574281e+05 2.259301e+05
4.162291e+01 1.589538e+05 2.213371e+05
4.163541e+01 1.603789e+05 2.169485e+05
4.164791e+01 1.617081e+05 2.127395e+05
4.166042e+01 1.629423e+05 2.086925e+05
4.167292e+01 1.640753e+05 2.048022e+05
4.168542e+01 1.651219e+05 2.010326e+05
4.169792e+01 1.660840e+05 1.973710e+05
4.171043e+01 1.669610e+05 1.938089e+05
4.172293e+01 1.677936e+05 1.903355e+05
4.173543e+01 1.687779e+05 1.868932e+05
4.174794e+01 1.697788e+05 1.835025e+05
4.176044e+01 1.706985e+05 1.801790e+05
4.177294e+01 1.715291e+05 1.769234e+05
4.178545e+01 1.722820e+05 1.737232e+05
4.179795e+01 1.729574e+05 1.705750e+05
4.181045e+01 1.735535e+05 1.674774e+05
4.182296e+01 1.740623e+05 1.644329e+05
4.183546e+01 1.744946e+05 1.614331e+05
4.184796e+01 1.748509e+05 1.584766e+05
4.186047e+01 1.751288e+05 1.555636e+05
4.187297e+01 1.753210e+05 1.526977e+05
4.188547e+01 1.754381e+05 1.498726e+05
4.189797e+01 1.754804e+05 1.470884e+05
4.191048e+01 1.754459e+05 1.443461e+05
4.192298e+01 1.753276e+05 1.416503e+05
4.193548e+01 1.751360e+05 1.389959e+05
4.194799e+01 1.748716e+05 1.363834e+05
4.196049e+01 1.745328e+05 1.338149e+05
4.197299e+01 1.741131e+05 1.312956e+05
4.198550e+01 1.737019e+05 1.286886e+05
4.199800e+01 1.733279e+05 1.259483e+05
4.201050e+01 1.728860e+05 1.232504e+05
4.202301e+01 1.723674e+05 1.206066e+05
4.203551e+01 1.717822e+05 1.180116e+05
4.204801e+01 1.711314e+05 1.154668e+05
4.206052e+01 1.704140e+05 1.129751e+05
4.207302e+01 1.696253e+05 1.105431e+05
4.208552e+01 1.687751e+05 1.081653e+05
4.209802e+01 1.678647e+05 1.058428e+05
4.211053e+01 1.668935e+05 1.035791e+05
4.212303e+01 1.658578e+05 1.013811e+05
4.213553e+01 1.647667e+05 9.924256e+04
4.214804e+01 1.636221e+05 9.716472e+04
4.216054e+01 1.624236e+05 9.515100e+04
4.217304e+01 1.611687e+05 9.320876e+04
4.218555e+01 1.598658e+05 9.133101e+04
4.219805e+01 1.585169e+05 8.951878e+04
4.221055e+01 1.571222e+05 8.777560e+04
4.222306e+01 1.556803e+05 8.610896e+04
4.223556e+01 1.541836e+05 8.445792e+04
4.224806e+01 1.525904e+05 8.266884e+04
4.226057e+01 1.509384e+05 8.087505e+04
4.227307e+01 1.492491e+05 7.916176e+04
4.228557e+01 1.475294e+05 7.752056e+04
4.229807e+01 1.457812e+05 7.595203e+04
4.231058e+01 1.440062e+05 7.445958e+04
4.232308e+01 1.422046e+05 7.305036e+04
4.233558e+01 1.403822e+05 7.171537e+04
4.234809e+01 1.385412e+05 7.045490e+04
4.236059e+01 1.366834e+05 6.927215e+04
4.237309e+01 1.348103e+05 6.817393e+04
4.238560e+01 1.329264e+05 6.715075e+04
4.239810e+01 1.310338e+05 6.620262e+04
4.241060e+01 1.291348e+05 6.533246e+04
4.242311e+01 1.272320e+05 6.454653e+04
4.243561e+01 1.253282e+05 6.383510e+04
4.244811e+01 1.234258e+05 6.319784e+04
4.246062e+01 1.215274e+05 6.263733e+04
4.247312e+01 1.196363e+05 6.215920e+04
4.248562e+01 1.177540e+05 6.175362e+04
4.249812e+01 1.157381e+05 6.134153e+04
4.251063e+01 1.135965e+05 6.092801e+04
4.252313e+01 1.114620e+05 6.058762e+04
4.253563e+01 1.093458e+05 6.031645e+04
4.254814e+01 1.072501e+05 6.011355e+04
4.256064e+01 1.051779e+05 5.998071e+04
4.257314e+01 1.031336e+05 5.992203e+04
4.258565e+01 1.011164e+05 5.992799e+04
4.259815e+01 9.912808e+04 5.999736e+04
4.261065e+01 9.717203e+04 6.013151e+04
4.262316e+01 9.525297e+04 6.033367e+04
4.263566e+01 9.336879e+04 6.059477e+04
4.264816e+01 9.152117e+04 6.091337e+04
4.266067e+01 8.971351e+04 6.129034e+04
4.267317e+01 8.795075e+04 6.172807e+04
4.268567e+01 8.622967e+04 6.221811e+04
4.269817e+01 8.455168e+04 6.275882e+04
4.271068e+01 8.292020e+04 6.335062e+04
4.272318e+01 8.134028e+04 6.399506e+04
4.273568e+01 7.980764e+04 6.468445e+04
4.274819e+01 7.829163e+04 6.542633e+04
4.276069e+01 7.658785e+04 6.628184e+04
4.277319e+01 7.490308e+04 6.719234e+04
4.278570e+01 7.326998e+04 6.813991e+04
4.279820e+01 7.168940e+04 6.912266e+04
4.281070e+01 7.016463e+04 7.014018e+04
4.282321e+01 6.870061e+04 7.119266e+04
4.283571e+01 6.729168e+04 7.227434e+04
4.284821e+01 6.593806e+04 7.338303e+04
4.286072e+01 6.464293e+04 7.451792e+04
4.287322e+01 6.341080e+04 7.567840e+04
4.288572e+01 6.223531e+04 7.685963e+04
4.289822e+01 6.111672e+04 7.805972e+04
4.291073e+01 6.005801e+04 7.927755e+04
4.292323e+01 5.906338e+04 8.051192e+04
4.293573e+01 5.812608e+04 8.175904e+04
4.294824e+01 5.724611e+04 8.301712e+04
4.296074e+01 5.642628e+04 8.428474e+04
4.297324e+01 5.567032e+04 8.556026e+04
4.298575e+01 5.497138e+04 8.684096e+04
4.299825e+01 5.432922e+04 8.812515e+04
4.301075e+01 5.366787e+04 8.954947e+04
4.302326e+01 5.299304e+04 9.110795e+04
4.303576e+01 5.237397e+04 9.266457e+04
4.304826e+01 5.181031e+04 9.421777e+04
4.306077e+01 5.130442e+04 9.576574e+04
4.307327e+01 5.085930e+04 9.730628e+04
4.308577e+01 5.046810e+04 9.883862e+04
4.309827e+01 5.013032e+04 1.003614e+05
4.311078e+01 4.984817e+04 1.018726e+05
4.312328e+01 4.962431e+04 1.033699e+05
4.313578e+01 4.945213e+04 1.048535e+05
4.314829e+01 4.933108e+04 1.063220e+05
4.316079e+01 4.926324e+04 1.077735e+05
4.317329e+01 4.925105e+04 1.092056e+05
4.318580e+01 4.928819e+04 1.106191e+05
4.319830e+01 4.937413e+04 1.120130e+05
4.321080e+01 4.951096e+04 1.133851e+05
4.322331e+01 4.970090e+04 1.147331e+05
4.323581e+01 4.993810e+04 1.160584e+05
4.324831e+01 5.022208e+04 1.173601e+05
4.326082e+01 5.055971e+04 1.186551e+05
4.327332e+01 5.101686e+04 1.201961e+05
4.328582e+01 5.152185e+04 1.217195e+05
4.329832e+01 5.207235e+04 1.232161e+05
4.331083e+01 5.267074e+04 1.246834e+05
4.332333e+01 5.331943e+04 1.261191e+05
4.333583e+01 5.401345e+04 1.275256e+05
4.334834e+01 5.475284e+04 1.289022e+05
4.336084e+01 5.554041e+04 1.302464e+05
4.337334e+01 5.637900e+04 1.315556e+05
4.338585e+01 5.726404e+04 1.328326e+05
4.339835e+01 5.819607e+04 1.340766e+05
4.341085e+01 5.917856e+04 1.352848e+05
4.342336e+01 6.021514e+04 1.364545e+05
4.343586e+01 6.130158e+04 1.375885e+05
4.344836e+01 6.243915e+04 1.386858e+05
4.346087e+01 6.363236e+04 1.397433e+05
4.347337e+01 6.488606e+04 1.407575e+05
4.348587e+01 6.619639e+04 1.417314e+05
4.349837e+01 6.756559e+04 1.426636e+05
4.351088e+01 6.900673e+04 1.435544e+05
4.352338e+01 7.065519e+04 1.444815e+05
4.353588e+01 7.249543e+04 1.454399e+05
4.354839e+01 7.440780e+04 1.463489e+05
4.356089e+01 7.640131e+04 1.472030e+05
4.357339e+01 7.848562e+04 1.479962e+05
4.358590e+01 8.065792e+04 1.487309e+05
4.359840e+01 8.292442e+04 1.494037e+05
4.361090e+01 8.529868e+04 1.500062e+05
4.362341e+01 8.779543e+04 1.505296e+05
4.363591e+01 9.041303e+04 1.509757e+05
4.364841e+01 9.316207e+04 1.513382e+05
4.366092e+01 9.606423e+04 1.516038e+05
4.367342e+01 9.914349e+04 1.517583e+05
4.368592e+01 1.024010e+05 1.518013e+05
4.369842e+01 1.058558e+05 1.517213e+05
4.371093e+01 1.095456e+05 1.514953e+05
4.372343e+01 1.135130e+05 1.510971e+05
4.373593e+01 1.177664e+05 1.505214e+05
4.374844e+01 1.223443e+05 1.497446e+05
4.376094e+01 1.273189e+05 1.487214e+05
4.377344e+01 1.328431e+05 1.473842e+05
4.378595e+01 1.390940e+05 1.456829e+05
4.379845e+01 1.459861e+05 1.435960e+05
4.381095e+01 1.536440e+05 1.410259e+05
4.382346e+01 1.622745e+05 1.378376e+05
4.383596e+01 1.719945e+05 1.339509e+05
4.384846e+01 1.830569e+05 1.291952e+05
4.386097e+01 1.959382e+05 1.232475e+05
4.387347e+01 2.113074e+05 1.156431e+05
4.388597e+01 2.297171e+05 1.059753e+05
4.389847e+01 2.522408e+05 9.345441e+04
4.391098e+01 2.810679e+05 7.643026e+04
4.392348e+01 3.199935e+05 5.188571e+04
4.393598e+01 3.739541e+05 1.551152e+04
4.394849e+01 4.536951e+05 -4.268200e+04
4.396099e+01 5.900894e+05 -1.558223e+05
4.397349e+01 8.840251e+05 -4.819445e+05
4.398600e+01 1.136823e+06 -2.470691e+06
4.399850e+01 -2.116204e+06 -4.242134e+05
4.401100e+01 -1.046601e+06 5.405143e+05
4.402351e+01 -5.637285e+05 4.658798e+05
4.403601e+01 -3.606743e+05 4.085920e+05
4.404851e+01 -2.506312e+05 3.707735e+05
4.406102e+01 -1.831464e+05 3.452999e+05
4.407352e+01 -1.375745e+05 3.272880e+05
4.408602e+01 -1.034574e+05 3.135502e+05
4.409852e+01 -7.685661e+04 3.027670e+05
4.411103e+01 -5.567692e+04 2.941995e+05
4.412353e+01 -3.836437e+04 2.872580e+05
4.413603e+01 -2.360693e+04 2.814113e+05
4.414854e+01 -1.081239e+04 2.764139e+05
4.416104e+01 3.614813e+02 2.721211e+05
4.417354e+01 1.024023e+04 2.683907e+05
4.418605e+01 1.917844e+04 2.650655e+05
4.419855e+01 2.734072e+04 2.620705e+05
4.421105e+01 3.481842e+04 2.593611e+05
4.422356e+01 4.171601e+04 2.568866e+05
4.423606e+01 4.816975e+04 2.545859e+05
4.424856e+01 5.424119e+04 2.524280e+05
4.426107e+01 5.996087e+04 2.503940e+05
4.427357e+01 6.537086e+04 2.484610e+05
4.428607e+01 7.051416e+04 2.465043e+05
4.429857e+01 7.539526e+04 2.444002e+05
4.431108e+01 8.005861e+04 2.422968e+05
4.432358e+01 8.453335e+04 2.402289e+05
4.433608e+01 8.885339e+04 2.381833e+05
4.434859e+01 9.303220e+04 2.361519e+05
4.436109e+01 9.707271e+04 2.341278e+05
4.437359e+01 1.009839e+05 2.321034e+05
4.438610e+01 1.047858e+05 2.300730e+05
4.439860e+01 1.084852e+05 2.280318e+05
4.441110e+01 1.120811e+05 2.259744e+05
4.442361e+01 1.155777e+05 2.238961e+05
4.443611e+01 1.189877e+05 2.217952e+05
4.444861e+01 1.223144e+05 2.196691e+05
4.446112e+01 1.255548e+05 2.175130e+05
4.447362e+01 1.287101e+05 2.153240e+05
4.448612e+01 1.317895e+05 2.131030e+05
4.449862e+01 1.347943e+05 2.108486e+05
4.451113e+01 1.377200e+05 2.085568e+05
4.452363e+01 1.405662e+05 2.062260e+05
4.453613e+01 1.433402e+05 2.038585e+05
4.454864e+01 1.458257e+05 2.013240e+05
4.456114e+01 1.481287e+05 1.986863e+05
4.457364e+01 1.503519e+05 1.960069e+05
4.458615e+01 1.525025e+05 1.932900e+05
4.459865e+01 1.545801e+05 1.905358e+05
4.461115e+01 1.565784e+05 1.877418e+05
4.462366e+01 1.584957e+05 1.849083e+05
4.463616e+01 1.603379e+05 1.820392e+05
4.464866e+01 1.621042e+05 1.791353e+05
4.466117e+01 1.637878e+05 1.761952e+05
4.467367e+01 1.653868e+05 1.732197e+05
4.468617e+01 1.669071e+05 1.702130e+05
4.469867e+01 1.683478e+05 1.671766e+05
4.471118e+01 1.697018e+05 1.641098e+05
4.472368e+01 1.709671e+05 1.610142e+05
4.473618e+01 1.721501e+05 1.578940e+05
4.474869e+01 1.732498e+05 1.547509e+05
4.476119e+01 1.742589e+05 1.515854e+05
4.477369e+01 1.751757e+05 1.483997e+05
4.478620e+01 1.760068e+05 1.451977e+05
4.479870e+01 1.766535e+05 1.420119e+05
4.481120e+01 1.769520e+05 1.388923e+05
4.482371e+01 1.771309e+05 1.357703e+05
4.483621e+01 1.772219e+05 1.326417e+05
4.484871e+01 1.772245e+05 1.295088e+05
4.486122e+01 1.771315e+05 1.263742e+05
4.487372e+01 1.769420e+05 1.232410e+05
4.488622e+01 1.766636e+05 1.201119e+05
4.489872e+01 1.762963e+05 1.169895e+05
4.491123e+01 1.758328e+05 1.138775e+05
4.492373e+01 1.752733e+05 1.107791e+05
4.493623e+01 1.746254e+05 1.076962e+05
4.494874e+01 1.738897e+05 1.046316e+05
4.496124e+01 1.730593e+05 1.015900e+05
4.497374e+01 1.721350e+05 9.857463e+04
4.498625e+01 1.711247e+05 9.558657e+04
4.499875e+01 1.700293e+05 9.262851e+04
4.501125e+01 1.688429e+05 8.970617e+04
4.502376e+01 1.675665e+05 8.682284e+04
4.503626e+01 1.662085e+05 8.397844e+04
4.504876e+01 1.647701e+05 8.117561e+04
4.506127e+01 1.631271e+05 7.869493e+04
4.507377e+01 1.613546e+05 7.637093e+04
4.508627e+01 1.595065e+05 7.409702e+04
4.509877e+01 1.575845e+05 7.187574e+04
4.511128e+01 1.555844e+05 6.971444e+04
4.512378e+01 1.535088e+05 6.761580e+04
4.513628e+01 1.513655e+05 6.557762e+04
4.514879e+01 1.491565e+05 6.360214e+04
4.516129e+01 1.468789e+05 6.169734e+04
4.517379e+01 1.445356e+05 5.986540e+04
4.518630e+01 1.421342e+05 5.810309e+04
4.519880e+01 1.396770e+05 5.641232e+04
4.521130e+01 1.371623e+05 5.480146e+04
4.522381e+01 1.345934e+05 5.327214e+04
4.523631e+01 1.319772e+05 5.182010e+04
4.524881e+01 1.293166e+05 5.044687e+04
4.526132e+01 1.266108e+05 4.916109e+04
4.527382e+01 1.238637e+05 4.796364e+04
4.528632e+01 1.210815e+05 4.684941e+04
4.529882e+01 1.182670e+05 4.581948e+04
4.531133e+01 1.154693e+05 4.497869e+04
4.532383e+01 1.127897e+05 4.452129e+04
4.533633e+01 1.100879e+05 4.415110e+04
4.534884e+01 1.073668e+05 4.386869e+04
4.536134e+01 1.046286e+05 4.368257e+04
4.537384e+01 1.018771e+05 4.359217e+04
4.538635e+01 9.911671e+04 4.359087e+04
4.539885e+01 9.635057e+04 4.367883e+04
4.541135e+01 9.358190e+04 4.386414e+04
4.542386e+01 9.081451e+04 4.414548e+04
4.543636e+01 8.805168e+04 4.451577e+04
4.544886e+01 8.529652e+04 4.497468e+04
4.546137e+01 8.255343e+04 4.552969e+04
4.547387e+01 7.982590e+04 4.617881e+04
4.548637e+01 7.711612e+04 4.691466e+04
4.549887e+01 7.442709e+04 4.773643e+04
4.551138e+01 7.176423e+04 4.865088e+04
4.552388e+01 6.913064e+04 4.965537e+04
4.553638e+01 6.652736e+04 5.074239e+04
4.554889e+01 6.395720e+04 5.191070e+04
4.556139e+01 6.145489e+04 5.317259e+04
4.557389e+01 5.927911e+04 5.458225e+04
4.558640e+01 5.727228e+04 5.609697e+04
4.559890e+01 5.530992e+04 5.768663e+04
4.561140e+01 5.339911e+04 5.935617e+04
4.562391e+01 5.154178e+04 6.110199e+04
4.563641e+01 4.973675e+04 6.291687e+04
4.564891e+01 4.798624e+04 6.479888e+04
4.566142e+01 4.629795e+04 6.675194e+04
4.567392e+01 4.467312e+04 6.877217e+04
4.568642e+01 4.310990e+04 7.085312e+04
4.569892e+01 4.160978e+04 7.299221e+04
4.571143e+01 4.018091e+04 7.519235e+04
4.572393e+01 3.882375e+04 7.744949e+04
4.573643e+01 3.753520e+04 7.975737e+04
4.574894e+01 3.631673e+04 8.211365e+04
4.576144e+01 3.517676e+04 8.452017e+04
4.577394e+01 3.411505e+04 8.697296e+04
4.578645e+01 3.312767e+04 8.946638e+04
4.579895e+01 3.221578e+04 9.199806e+04
4.581145e+01 3.138787e+04 9.456889e+04
4.582396e+01 3.075702e+04 9.708447e+04
4.583646e+01 3.045430e+04 9.943238e+04
4.584896e+01 3.023390e+04 1.018060e+05
4.586147e+01 3.010134e+04 1.042077e+05
4.587397e+01 3.005510e+04 1.066342e+05
4.588647e+01 3.009013e+04 1.090812e+05
4.589897e+01 3.020690e+04 1.115468e+05
4.591148e+01 3.041396e+04 1.140300e+05
4.592398e+01 3.070929e+04 1.165280e+05
4.593648e+01 3.108755e+04 1.190376e+05
4.594899e+01 3.154901e+04 1.215568e+05
4.596149e+01 3.210223e+04 1.240844e+05
4.597399e+01 3.274478e+04 1.266180e+05
4.598650e+01 3.347130e+04 1.291553e+05
4.599900e+01 3.428195e+04 1.316948e+05
4.601150e+01 3.518540e+04 1.342348e+05
4.602401e+01 3.617914e+04 1.367736e+05
4.603651e+01 3.725782e+04 1.393099e+05
4.604901e+01 3.842175e+04 1.418425e+05
4.606152e+01 3.968005e+04 1.443699e+05
4.607402e+01 4.103052e+04 1.468313e+05
4.608652e+01 4.246900e+04 1.490048e+05
4.609902e+01 4.399567e+04 1.510288e+05
4.611153e+01 4.561998e+04 1.530443e+05
4.612403e+01 4.733992e+04 1.550510e+05
4.613653e+01 4.915108e+04 1.570495e+05
4.614904e+01 5.105498e+04 1.590397e+05
4.616154e+01 5.306335e+04 1.610212e+05
4.617404e+01 5.517521e+04 1.629947e+05
4.618655e+01 5.738704e+04 1.649616e+05
4.619905e+01 5.970188e+04 1.669227e+05
4.621155e+01 6.213470e+04 1.688789e+05
4.622406e+01 6.468619e+04 1.708322e+05
4.623656e+01 6.735443e+04 1.727847e+05
4.624906e+01 7.014512e+04 1.747385e+05
4.626157e+01 7.307903e+04 1.766968e+05
4.627407e+01 7.615990e+04 1.786631e+05
4.628657e+01 7.938867e+04 1.806405e+05
4.629907e+01 8.277582e+04 1.826329e+05
4.631158e+01 8.635279e+04 1.846476e+05
4.632408e+01 9.012926e+04 1.866899e+05
4.633658e+01 9.395159e+04 1.886368e+05
4.634909e+01 9.779598e+04 1.904603e+05
4.636159e+01 1.018959e+05 1.923198e+05
4.637409e+01 1.062958e+05 1.942425e+05
4.638660e+01 1.110138e+05 1.962367e+05
4.639910e+01 1.160898e+05 1.983155e+05
4.641160e+01 1.216209e+05 2.005072e+05
4.642411e+01 1.276582e+05 2.028291e+05
4.643661e+01 1.342503e+05 2.052978e+05
4.644911e+01 1.414873e+05 2.079405e+05
4.646162e+01 1.495767e+05 2.108166e+05
4.647412e+01 1.586535e+05 2.139653e+05
4.648662e+01 1.688619e+05 2.174269e+05
4.649912e+01 1.804464e+05 2.212673e+05
4.651163e+01 1.939587e+05 2.256325e+05
4.652413e+01 2.098520e+05 2.306332e+05
4.653663e+01 2.286781e+05 2.363961e+05
4.654914e+01 2.513614e+05 2.431271e+05
4.656164e+01 2.800489e+05 2.512857e+05
4.657414e+01 3.171558e+05 2.612981e+05
4.658665e+01 3.662701e+05 2.737108e+05
4.659915e+01 4.340112e+05 2.894264e+05
4.661165e+01 5.404670e+05 3.099203e+05
4.662416e+01 7.270941e+05 3.340312e+05
4.663666e+01 1.113220e+06 3.397946e+05
4.664916e+01 2.214399e+06 3.043697e+04
4.666167e+01 1.282361e+06 -4.245875e+06
4.667417e+01 -1.275105e+06 -1.039823e+06
4.668667e+01 -7.578287e+05 -3.178215e+05
4.669917e+01 -5.113941e+05 -1.176239e+05
4.671168e+01 -3.827945e+05 -3.387507e+04
4.672418e+01 -3.021179e+05 1.324492e+04
4.673668e+01 -2.456730e+05 4.410323e+04
4.674919e+01 -2.040866e+05 6.575240e+04
4.676169e+01 -1.729437e+05 8.132626e+04
4.677419e+01 -1.483706e+05 9.326231e+04
4.678670e+01 -1.282342e+05 1.028276e+05
4.679920e+01 -1.114208e+05 1.106635e+05
4.681170e+01 -9.737768e+04 1.170909e+05
4.682421e+01 -8.533314e+04 1.225209e+05
4.683671e+01 -7.478902e+04 1.272121e+05
4.684921e+01 -6.555721e+04 1.315085e+05
4.686172e+01 -5.753702e+04 1.355207e+05
4.687422e+01 -5.036578e+04 1.391372e+05
4.688672e+01 -4.386225e+04 1.424308e+05
4.689922e+01 -3.792495e+04 1.454496e+05
4.691173e+01 -3.251812e+04 1.482085e+05
4.692423e+01 -2.753327e+04 1.507581e+05
4.693673e+01 -2.289246e+04 1.531339e+05
4.694924e+01 -1.855029e+04 1.553558e+05
4.696174e+01 -1.449442e+04 1.574257e+05
4.697424e+01 -1.067039e+04 1.593681e+05
4.698675e+01 -7.038468e+03 1.612005e+05
4.699925e+01 -3.575386e+03 1.629319e+05
4.701175e+01 -2.761398e+02 1.645596e+05
4.702426e+01 2.889472e+03 1.660971e+05
4.703676e+01 5.943494e+03 1.675539e+05
4.704926e+01 8.898924e+03 1.689341e+05
4.706177e+01 1.175831e+04 1.702329e+05
4.707427e+01 1.453926e+04 1.714584e+05
4.708677e+01 1.725460e+04 1.726163e+05
4.709927e+01 1.991194e+04 1.737082e+05
4.711178e+01 2.273226e+04 1.751506e+05
4.712428e+01 2.552134e+04 1.765550e+05
4.713678e+01 2.827190e+04 1.778964e+05
4.714929e+01 3.098843e+04 1.791751e+05
4.716179e+01 3.367178e+04 1.803838e+05
4.717429e+01 3.632807e+04 1.815270e+05
4.718680e+01 3.896176e+04 1.826075e+05
4.719930e+01 4.157504e+04 1.836247e+05
4.721180e+01 4.416798e+04 1.845702e+05
4.722431e+01 4.674388e+04 1.854481e+05
4.723681e+01 4.930489e+04 1.862607e+05
4.724931e+01 5.185203e+04 1.870070e+05
4.726182e+01 5.438451e+04 1.876783e+05
4.727432e+01 5.690385e+04 1.882784e+05
4.728682e+01 5.941078e+04 1.888096e+05
4.729932e+01 6.190528e+04 1.892710e+05
4.731183e+01 6.438546e+04 1.896531e+05
4.732433e+01 6.685172e+04 1.899602e+05
4.733683e+01 6.930394e+04 1.901948e+05
4.734934e+01 7.174123e+04 1.903561e+05
4.736184e+01 7.439282e+04 1.904759e+05
4.737434e+01 7.729500e+04 1.905659e+05
4.738685e+01 8.017827e+04 1.905803e+05
4.739935e+01 8.304109e+04 1.905185e+05
4.741185e+01 8.587889e+04 1.903706e+05
4.742436e+01 8.869135e+04 1.901422e+05
4.743686e+01 9.147754e+04 1.898364e+05
4.744936e+01 9.423545e+04 1.894530e+05
4.746187e+01 9.695895e+04 1.889822e+05
4.747437e+01 9.964795e+04 1.884302e+05
4.748687e+01 1.023015e+05 1.878007e+05
4.749937e+01 1.049173e+05 1.870937e+05
4.751188e+01 1.074875e+05 1.863001e+05
4.752438e+01 1.100126e+05 1.854267e+05
4.753688e+01 1.124919e+05 1.844775e+05
4.754939e+01 1.149228e+05 1.834532e+05
4.756189e+01 1.172959e+05 1.823453e+05
4.757439e+01 1.196126e+05 1.811614e+05
4.758690e+01 1.218725e+05 1.799056e+05
4.759940e+01 1.240727e+05 1.785791e+05
4.761190e+01 1.262486e+05 1.771334e+05
4.762441e+01 1.286392e+05 1.753627e+05
4.763691e+01 1.310113e+05 1.734817e+05
4.764941e+01 1.333129e+05 1.715368e+05
4.766192e+01 1.355317e+05 1.695225e+05
4.767442e+01 1.376715e+05 1.674466e+05
4.768692e+01 1.397327e+05 1.653138e+05
4.769942e+01 1.417129e+05 1.631262e+05
4.771193e+01 1.435990e+05 1.608802e+05
4.772443e+01 1.453958e+05 1.585833e+05
4.773693e+01 1.471045e+05 1.562402e+05
4.774944e+01 1.487230e+05 1.538539e+05
4.776194e+01 1.502373e+05 1.514224e+05
4.777444e+01 1.516538e+05 1.489530e+05
4.778695e+01 1.529741e+05 1.464504e+05
4.779945e+01 1.541967e+05 1.439177e+05
4.781195e+01 1.553071e+05 1.413554e+05
4.782446e+01 1.563130e+05 1.387700e+05
4.783696e+01 1.572167e+05 1.361659e+05
4.784946e+01 1.580173e+05 1.335468e+05
4.786197e+01 1.586990e+05 1.308993e+05
4.787447e+01 1.592557e+05 1.280148e+05
4.788697e+01 1.596884e+05 1.248669e+05
4.789947e+01 1.600150e+05 1.217202e+05
4.791198e+01 1.602211e+05 1.185798e+05
4.792448e+01 1.603167e+05 1.154496e+05
4.793698e+01 1.603057e+05 1.123336e+05
4.794949e+01 1.601882e+05 1.092356e+05
4.796199e+01 1.599507e+05 1.061632e+05
4.797449e+01 1.596040e+05 1.031189e+05
4.798700e+01 1.591526e+05 1.001058e+05
4.799950e+01 1.585974e+05 9.712796e+04
4.801200e+01 1.579257e+05 9.419523e+04
4.802451e+01 1.571492e+05 9.130821e+04
4.803701e+01 1.562729e+05 8.846948e+04
4.804951e+01 1.552981e+05 8.568297e+04
4.806202e+01 1.542140e+05 8.296057e+04
4.807452e+01 1.530324e+05 8.030091e+04
4.808702e+01 1.517587e+05 7.770590e+04
4.809952e+01 1.503949e+05 7.517919e+04
4.811203e+01 1.489320e+05 7.273454e+04
4.812453e+01 1.472911e+05 7.030631e+04
4.813703e+01 1.453154e+05 6.778437e+04
4.814954e+01 1.431884e+05 6.529580e+04
4.816204e+01 1.409755e+05 6.290564e+04
4.817454e+01 1.386882e+05 6.060835e+04
4.818705e+01 1.363322e+05 5.840419e+04
4.819955e+01 1.339108e+05 5.629600e+04
4.821205e+01 1.314195e+05 5.430035e+04
4.822456e+01 1.288689e+05 5.240966e+04
4.823706e+01 1.262648e+05 5.062337e+04
4.824956e+01 1.236108e+05 4.894376e+04
4.826207e+01 1.209051e+05 4.738821e+04
4.827457e+01 1.181573e+05 4.594720e+04
4.828707e+01 1.153728e+05 4.461937e+04
4.829957e+01 1.125557e+05 4.340639e+04
4.831208e+01 1.097068e+05 4.232602e+04
4.832458e+01 1.068343e+05 4.136705e+04
4.833708e+01 1.039431e+05 4.052729e+04
4.834959e+01 1.010378e+05 3.980779e+04
4.836209e+01 9.812184e+04 3.922632e+04
4.837459e+01 9.520079e+04 3.877037e+04
4.838710e+01 9.200861e+04 3.851793e+04
4.839960e+01 8.861534e+04 3.844973e+04
4.841210e+01 8.523324e+04 3.852175e+04
4.842461e+01 8.186634e+04 3.872007e+04
4.843711e+01 7.851883e+04 3.904122e+04
4.844961e+01 7.519514e+04 3.948492e+04
4.846212e+01 7.190428e+04 4.006786e+04
4.847462e+01 6.864799e+04 4.077526e+04
4.848712e+01 6.542986e+04 4.160325e+04
4.849962e+01 6.225416e+04 4.255095e+04
4.851213e+01 5.913234e+04 4.363400e+04
4.852463e+01 5.606373e+04 4.483723e+04
4.853713e+01 5.305123e+04 4.615645e+04
4.854964e+01 5.009891e+04 4.759024e+04
4.856214e+01 4.722039e+04 4.915311e+04
4.857464e+01 4.441255e+04 5.082982e+04
4.858715e+01 4.167761e+04 5.261602e+04
4.859965e+01 3.901930e+04 5.451001e+04
4.861215e+01 3.645324e+04 5.652496e+04
4.862466e+01 3.397389e+04 5.864604e+04
4.863716e+01 3.153842e+04 6.097413e+04
4.864966e+01 2.907403e+04 6.368806e+04
4.866217e+01 2.669299e+04 6.657495e+04
4.867467e+01 2.441305e+04 6.955977e+04
4.868717e+01 2.223519e+04 7.263849e+04
4.869967e+01 2.016243e+04 7.580938e+04
4.871218e+01 1.821382e+04 7.908358e+04
4.872468e+01 1.638029e+04 8.244909e+04
4.873718e+01 1.466214e+04 8.590233e+04
4.874969e+01 1.306137e+04 8.944117e+04
4.876219e+01 1.159869e+04 9.307662e+04
4.877469e+01 1.026221e+04 9.679705e+04
4.878720e+01 9.052155e+03 1.006000e+05
4.879970e+01 7.971299e+03 1.044851e+05
4.881220e+01 7.042313e+03 1.084643e+05
4.882471e+01 6.251736e+03 1.125275e+05
4.883721e+01 5.599964e+03 1.166738e+05
4.884971e+01 5.090190e+03 1.209044e+05
4.886222e+01 4.747777e+03 1.252341e+05
4.887472e+01 4.558200e+03 1.296546e+05
4.888722e+01 4.522711e+03 1.341675e+05
4.889972e+01 4.782627e+03 1.390456e+05
4.891223e+01 5.310825e+03 1.441976e+05
4.892473e+01 6.013235e+03 1.494623e+05
4.893723e+01 6.892220e+03 1.548434e+05
4.894974e+01 7.954843e+03 1.603497e+05
4.896224e+01 9.239143e+03 1.660135e+05
4.897474e+01 1.073069e+04 1.718314e+05
4.898725e+01 1.243722e+04 1.778161e+05
4.899975e+01 1.437163e+04 1.839853e+05
4.901225e+01 1.658806e+04 1.903941e+05
4.902476e+01 1.907479e+04 1.970438e+05
4.903726e+01 2.184962e+04 2.039611e+05
4.904976e+01 2.493847e+04 2.111818e+05
4.906227e+01 2.842982e+04 2.188076e+05
4.907477e+01 3.232092e+04 2.268512e+05
4.908727e+01 3.665399e+04 2.353710e+05
4.909977e+01 4.148719e+04 2.444440e+05
4.911228e+01 4.699206e+04 2.542790e+05
4.912478e+01 5.319647e+04 2.649240e+05
4.913728e+01 6.021242e+04 2.765218e+05
4.914979e+01 6.826839e+04 2.892824e+05
4.916229e+01 7.807809e+04 3.037821e+05
4.917479e+01 8.943102e+04 3.201165e+05
4.918730e+01 1.026941e+05 3.387180e+05
4.919980e+01 1.184046e+05 3.601967e+05
4.921230e+01 1.379840e+05 3.861425e+05
4.922481e+01 1.623847e+05 4.175127e+05
4.923731e+01 1.935665e+05 4.562699e+05
4.924981e+01 2.347929e+05 5.055183e+05
4.926232e+01 2.957737e+05 5.739909e+05
4.927482e+01 3.893350e+05 6.711074e+05
4.928732e+01 5.481348e+05 8.177805e+05
4.929982e+01 8.648338e+05 1.057703e+06
4.931233e+01 2.087147e+06 1.343603e+06
4.932483e+01 2.975151e+06 -1.497690e+06
4.933733e+01 2.263033e+05 -2.704579e+06
4.934984e+01 -4.735553e+05 -1.173728e+06
4.936234e+01 -3.932895e+05 -7.037583e+05
4.937484e+01 -3.236620e+05 -4.699193e+05
4.938735e+01 -2.722465e+05 -3.310843e+05
4.939985e+01 -2.339348e+05 -2.397794e+05
4.941235e+01 -2.052930e+05 -1.780854e+05
4.942486e+01 -1.823160e+05 -1.316204e+05
4.943736e+01 -1.634874e+05 -9.526160e+04
4.944986e+01 -1.477540e+05 -6.604623e+04
4.946237e+01 -1.346727e+05 -4.267090e+04
4.947487e+01 -1.233432e+05 -2.300739e+04
4.948737e+01 -1.134007e+05 -6.202336e+03
4.949987e+01 -1.045858e+05 8.334232e+03
4.951238e+01 -9.682225e+04 2.080635e+04
4.952488e+01 -8.980518e+04 3.184484e+04
4.953738e+01 -8.341422e+04 4.170261e+04
4.954989e+01 -7.755842e+04 5.056848e+04
4.956239e+01 -7.222742e+04 5.847991e+04
4.957489e+01 -6.728547e+04 6.569695e+04
4.958740e+01 -6.268168e+04 7.232021e+04
4.959990e+01 -5.837599e+04 7.842841e+04
4.961240e+01 -5.437199e+04 8.402471e+04
4.962491e+01 -5.059744e+04 8.923871e+04
4.963741e+01 -4.702675e+04 9.411843e+04
4.964991e+01 -4.363903e+04 9.870271e+04
4.966242e+01 -4.042590e+04 1.028993e+05
4.967492e+01 -3.730407e+04 1.065261e+05
4.968742e+01 -3.431260e+04 1.099520e+05
4.969992e+01 -3.143893e+04 1.131985e+05
4.971243e+01 -2.868733e+04 1.162613e+05
4.972493e+01 -2.602974e+04 1.191837e+05
4.973743e+01 -2.345648e+04 1.219809e+05
4.974994e+01 -2.095906e+04 1.246656e+05
4.976244e+01 -1.853953e+04 1.272343e+05
4.977494e+01 -1.617900e+04 1.297141e+05
4.978745e+01 -1.387051e+04 1.321141e+05
4.979995e+01 -1.160776e+04 1.344420e+05
4.981245e+01 -9.390386e+03 1.366951e+05
4.982496e+01 -7.205728e+03 1.388907e+05
4.983746e+01 -5.048423e+03 1.410341e+05
4.984996e+01 -2.913477e+03 1.431299e+05
4.986247e+01 -7.981938e+02 1.451757e+05
4.987497e+01 1.305300e+03 1.471824e+05
4.988747e+01 3.401393e+03 1.491531e+05
4.989997e+01 5.494149e+03 1.510901e+05
4.991248e+01 7.567539e+03 1.529631e+05
4.992498e+01 9.503932e+03 1.546173e+05
4.993748e+01 1.136119e+04 1.561262e+05
4.994999e+01 1.323082e+04 1.576078e+05
4.996249e+01 1.511915e+04 1.590584e+05
4.997499e+01 1.702705e+04 1.604828e+05
4.998750e+01 1.895734e+04 1.618809e+05
5.000000e+01 1.956181e+04 1.617690e+05
