# Freq(GHz) Re(Z) Im(Z)
0.000000e+00 -1.312465e-08 3.436844e+04
1.250313e-02 3.757771e+06 4.065893e+06
2.500625e-02 2.604372e+06 2.911009e+06
3.750938e-02 2.105886e+06 2.412398e+06
5.001250e-02 1.814951e+06 2.121711e+06
6.251563e-02 1.624243e+06 1.931442e+06
7.501875e-02 1.482374e+06 1.790118e+06
8.752188e-02 1.371144e+06 1.679513e+06
1.000250e-01 1.281577e+06 1.590637e+06
1.125281e-01 1.208217e+06 1.518031e+06
1.250313e-01 1.145975e+06 1.456592e+06
1.375344e-01 1.092239e+06 1.403700e+06
1.500375e-01 1.045377e+06 1.357720e+06
1.625406e-01 1.004201e+06 1.317464e+06
1.750438e-01 9.676020e+05 1.281813e+06
1.875469e-01 9.346252e+05 1.249808e+06
2.000500e-01 9.049720e+05 1.221147e+06
2.125531e-01 8.779870e+05 1.195172e+06
2.250563e-01 8.532774e+05 1.171485e+06
2.375594e-01 8.306295e+05 1.149868e+06
2.500625e-01 8.098728e+05 1.130146e+06
2.625656e-01 7.905500e+05 1.111877e+06
2.750688e-01 7.727696e+05 1.095164e+06
2.875719e-01 7.562083e+05 1.079661e+06
3.000750e-01 7.408605e+05 1.065360e+06
3.125781e-01 7.265177e+05 1.052043e+06
3.250813e-01 7.130785e+05 1.039609e+06
3.375844e-01 7.004821e+05 1.027992e+06
3.500875e-01 6.886958e+05 1.017155e+06
3.625906e-01 6.777175e+05 1.007085e+06
3.750938e-01 6.674173e+05 9.976543e+05
3.875969e-01 6.577309e+05 9.887932e+05
4.001000e-01 6.486196e+05 9.804584e+05
4.126032e-01 6.400808e+05 9.726339e+05
4.251063e-01 6.320925e+05 9.653008e+05
4.376094e-01 6.245838e+05 9.583839e+05
4.501125e-01 6.175927e+05 9.519154e+05
4.626157e-01 6.110621e+05 9.458214e+05
4.751188e-01 6.049522e+05 9.400682e+05
4.876219e-01 5.992391e+05 9.346267e+05
5.001250e-01 5.939038e+05 9.294719e+05
5.126282e-01 5.890308e+05 9.246629e+05
5.251313e-01 5.845923e+05 9.201670e+05
5.376344e-01 5.804924e+05 9.158979e+05
5.501375e-01 5.767126e+05 9.118330e+05
5.626407e-01 5.733716e+05 9.080662e+05
5.751438e-01 5.703444e+05 9.044843e+05
5.876469e-01 5.675992e+05 9.010488e+05
6.001500e-01 5.652306e+05 8.978464e+05
6.126532e-01 5.631915e+05 8.947994e+05
6.251563e-01 5.614122e+05 8.918538e+05
6.376594e-01 5.600334e+05 8.891422e+05
6.501625e-01 5.589090e+05 8.865088e+05
6.626657e-01 5.581248e+05 8.840030e+05
6.751688e-01 5.576699e+05 8.816324e+05
6.876719e-01 5.574646e+05 8.793083e+05
7.001750e-01 5.576518e+05 8.771612e+05
7.126782e-01 5.581042e+05 8.750195e+05
7.251813e-01 5.589390e+05 8.730230e+05
7.376844e-01 5.600355e+05 8.710391e+05
7.501875e-01 5.614915e+05 8.691502e+05
7.626907e-01 5.632811e+05 8.672705e+05
7.751938e-01 5.654851e+05 8.654570e+05
7.876969e-01 5.680496e+05 8.636437e+05
8.002001e-01 5.709910e+05 8.618782e+05
8.127032e-01 5.743018e+05 8.600843e+05
8.252063e-01 5.780233e+05 8.583344e+05
8.377094e-01 5.820790e+05 8.565308e+05
8.502126e-01 5.865913e+05 8.547669e+05
8.627157e-01 5.914986e+05 8.528913e+05
8.752188e-01 5.969225e+05 8.510614e+05
8.877219e-01 6.027360e+05 8.491194e+05
9.002251e-01 6.090752e+05 8.471593e+05
9.127282e-01 6.159666e+05 8.450854e+05
9.252313e-01 6.233924e+05 8.429202e+05
9.377344e-01 6.314193e+05 8.406833e+05
9.502376e-01 6.400108e+05 8.382734e+05
9.627407e-01 6.494308e+05 8.357785e+05
9.752438e-01 6.595201e+05 8.330826e+05
9.877469e-01 6.703956e+05 8.302251e+05
1.000250e+00 6.821442e+05 8.271864e+05
1.012753e+00 6.949095e+05 8.238387e+05
1.025256e+00 7.087919e+05 8.202794e+05
1.037759e+00 7.238297e+05 8.163522e+05
1.050263e+00 7.401540e+05 8.120709e+05
1.062766e+00 7.581684e+05 8.074057e+05
1.075269e+00 7.777823e+05 8.022777e+05
1.087772e+00 7.992692e+05 7.966856e+05
1.100275e+00 8.229346e+05 7.905507e+05
1.112778e+00 8.494169e+05 7.836368e+05
1.125281e+00 8.788784e+05 7.760022e+05
1.137784e+00 9.117961e+05 7.674914e+05
1.150288e+00 9.488681e+05 7.578972e+05
1.162791e+00 9.917806e+05 7.469094e+05
1.175294e+00 1.041003e+06 7.343959e+05
1.187797e+00 1.098014e+06 7.200136e+05
1.200300e+00 1.165157e+06 7.033643e+05
1.212803e+00 1.247439e+06 6.833943e+05
1.225306e+00 1.347791e+06 6.596345e+05
1.237809e+00 1.472917e+06 6.310573e+05
1.250313e+00 1.634186e+06 5.959778e+05
1.262816e+00 1.859747e+06 5.507569e+05
1.275319e+00 2.180970e+06 4.934460e+05
1.287822e+00 2.672299e+06 4.214311e+05
1.300325e+00 3.525956e+06 3.421394e+05
1.312828e+00 5.694727e+06 4.773523e+05
1.325331e+00 1.277550e+07 6.994895e+06
1.337834e+00 -2.735177e+06 1.095356e+07
1.350338e+00 -4.587238e+06 3.934551e+06
1.362841e+00 -2.707216e+06 2.424185e+06
1.375344e+00 -1.806513e+06 1.876826e+06
1.387847e+00 -1.290750e+06 1.607385e+06
1.400350e+00 -9.614135e+05 1.451158e+06
1.412853e+00 -7.404809e+05 1.353503e+06
1.425356e+00 -5.746125e+05 1.283138e+06
1.437859e+00 -4.455806e+05 1.230088e+06
1.450363e+00 -3.427116e+05 1.188838e+06
1.462866e+00 -2.602697e+05 1.156472e+06
1.475369e+00 -1.908316e+05 1.129528e+06
1.487872e+00 -1.314700e+05 1.106670e+06
1.500375e+00 -8.017978e+04 1.087053e+06
1.512878e+00 -3.593061e+04 1.070183e+06
1.525381e+00 3.385343e+03 1.055159e+06
1.537884e+00 3.858187e+04 1.041608e+06
1.550388e+00 7.025031e+04 1.029294e+06
1.562891e+00 9.869641e+04 1.018113e+06
1.575394e+00 1.247635e+05 1.007729e+06
1.587897e+00 1.487757e+05 9.980134e+05
1.600400e+00 1.709966e+05 9.889090e+05
1.612903e+00 1.914942e+05 9.803578e+05
1.625406e+00 2.106612e+05 9.721913e+05
1.637909e+00 2.286474e+05 9.643519e+05
1.650413e+00 2.455792e+05 9.568212e+05
1.662916e+00 2.614870e+05 9.495868e+05
1.675419e+00 2.765692e+05 9.425439e+05
1.687922e+00 2.909035e+05 9.356629e+05
1.700425e+00 3.045461e+05 9.289273e+05
1.712928e+00 3.175417e+05 9.223680e+05
1.725431e+00 3.299820e+05 9.158983e+05
1.737934e+00 3.419108e+05 9.095018e+05
1.750438e+00 3.533544e+05 9.031653e+05
1.762941e+00 3.643393e+05 8.969131e+05
1.775444e+00 3.749434e+05 8.907112e+05
1.787947e+00 3.851743e+05 8.845313e+05
1.800450e+00 3.949587e+05 8.783836e+05
1.812953e+00 4.043357e+05 8.722518e+05
1.825456e+00 4.134563e+05 8.661654e+05
1.837959e+00 4.222885e+05 8.600702e+05
1.850463e+00 4.308394e+05 8.539606e+05
1.862966e+00 4.390971e+05 8.478291e+05
1.875469e+00 4.471237e+05 8.416877e+05
1.887972e+00 4.549502e+05 8.355530e+05
1.900475e+00 4.625451e+05 8.293867e+05
1.912978e+00 4.698962e+05 8.231820e+05
1.925481e+00 4.770412e+05 8.169409e+05
1.937984e+00 4.840042e+05 8.106785e+05
1.950488e+00 4.907967e+05 8.044027e+05
1.962991e+00 4.973776e+05 7.980790e+05
1.975494e+00 5.037780e+05 7.917117e+05
1.987997e+00 5.100022e+05 7.852997e+05
2.000500e+00 5.160623e+05 7.788540e+05
2.013003e+00 5.219626e+05 7.723857e+05
2.025506e+00 5.276991e+05 7.658704e+05
2.038010e+00 5.332748e+05 7.593078e+05
2.050513e+00 5.386756e+05 7.527207e+05
2.063016e+00 5.438608e+05 7.461732e+05
2.075519e+00 5.489318e+05 7.396166e+05
2.088022e+00 5.538524e+05 7.330125e+05
2.100525e+00 5.586190e+05 7.263596e+05
2.113028e+00 5.632195e+05 7.196538e+05
2.125531e+00 5.676748e+05 7.129018e+05
2.138035e+00 5.720124e+05 7.061304e+05
2.150538e+00 5.762157e+05 6.993258e+05
2.163041e+00 5.802590e+05 6.924712e+05
2.175544e+00 5.841620e+05 6.855734e+05
2.188047e+00 5.879256e+05 6.786334e+05
2.200550e+00 5.915484e+05 6.716534e+05
2.213053e+00 5.950501e+05 6.646627e+05
2.225556e+00 5.984147e+05 6.576331e+05
2.238060e+00 6.016427e+05 6.505657e+05
2.250563e+00 6.047295e+05 6.434603e+05
2.263066e+00 6.076634e+05 6.363152e+05
2.275569e+00 6.104732e+05 6.291473e+05
2.288072e+00 6.131733e+05 6.219719e+05
2.300575e+00 6.157356e+05 6.147675e+05
2.313078e+00 6.181882e+05 6.076045e+05
2.325581e+00 6.205245e+05 6.004451e+05
2.338085e+00 6.227275e+05 5.932595e+05
2.350588e+00 6.248043e+05 5.860602e+05
2.363091e+00 6.267538e+05 5.788574e+05
2.375594e+00 6.285708e+05 5.716335e+05
2.388097e+00 6.302558e+05 5.643901e+05
2.400600e+00 6.318037e+05 5.571284e+05
2.413103e+00 6.332033e+05 5.498487e+05
2.425606e+00 6.344781e+05 5.425614e+05
2.438110e+00 6.356481e+05 5.352882e+05
2.450613e+00 6.366820e+05 5.280040e+05
2.463116e+00 6.375691e+05 5.207104e+05
2.475619e+00 6.383262e+05 5.134103e+05
2.488122e+00 6.389537e+05 5.061055e+05
2.500625e+00 6.394463e+05 4.987979e+05
2.513128e+00 6.398199e+05 4.915153e+05
2.525631e+00 6.400699e+05 4.842391e+05
2.538135e+00 6.401918e+05 4.769660e+05
2.550638e+00 6.401805e+05 4.696981e+05
2.563141e+00 6.400582e+05 4.624412e+05
2.575644e+00 6.398974e+05 4.552021e+05
2.588147e+00 6.396183e+05 4.479820e+05
2.600650e+00 6.392294e+05 4.407969e+05
2.613153e+00 6.386998e+05 4.336286e+05
2.625656e+00 6.380457e+05 4.264774e+05
2.638160e+00 6.372675e+05 4.193450e+05
2.650663e+00 6.363606e+05 4.122344e+05
2.663166e+00 6.353159e+05 4.051495e+05
2.675669e+00 6.341632e+05 3.981035e+05
2.688172e+00 6.329035e+05 3.910985e+05
2.700675e+00 6.315178e+05 3.841234e+05
2.713178e+00 6.299979e+05 3.771827e+05
2.725681e+00 6.283591e+05 3.702746e+05
2.738185e+00 6.266022e+05 3.634009e+05
2.750688e+00 6.247226e+05 3.565651e+05
2.763191e+00 6.227259e+05 3.497853e+05
2.775694e+00 6.206275e+05 3.430593e+05
2.788197e+00 6.184146e+05 3.363751e+05
2.800700e+00 6.160829e+05 3.297364e+05
2.813203e+00 6.136332e+05 3.231388e+05
2.825706e+00 6.111147e+05 3.165359e+05
2.838210e+00 6.085091e+05 3.099533e+05
2.850713e+00 6.057954e+05 3.034303e+05
2.863216e+00 6.029796e+05 2.969848e+05
2.875719e+00 6.000568e+05 2.905933e+05
2.888222e+00 5.970279e+05 2.842573e+05
2.900725e+00 5.938891e+05 2.779812e+05
2.913228e+00 5.906346e+05 2.717707e+05
2.925731e+00 5.872775e+05 2.656206e+05
2.938235e+00 5.838193e+05 2.595321e+05
2.950738e+00 5.802754e+05 2.535291e+05
2.963241e+00 5.766262e+05 2.476034e+05
2.975744e+00 5.728795e+05 2.417436e+05
2.988247e+00 5.690366e+05 2.359511e+05
3.000750e+00 5.650939e+05 2.302304e+05
3.013253e+00 5.610465e+05 2.245878e+05
3.025756e+00 5.569068e+05 2.190161e+05
3.038260e+00 5.526777e+05 2.135184e+05
3.050763e+00 5.483754e+05 2.081190e+05
3.063266e+00 5.439742e+05 2.028025e+05
3.075769e+00 5.394721e+05 1.975201e+05
3.088272e+00 5.348640e+05 1.922533e+05
3.100775e+00 5.301644e+05 1.870613e+05
3.113278e+00 5.253715e+05 1.819562e+05
3.125781e+00 5.204963e+05 1.769300e+05
3.138285e+00 5.155422e+05 1.719858e+05
3.150788e+00 5.105233e+05 1.671456e+05
3.163291e+00 5.054164e+05 1.623955e+05
3.175794e+00 5.002317e+05 1.577268e+05
3.188297e+00 4.949701e+05 1.531399e+05
3.200800e+00 4.896284e+05 1.486398e+05
3.213303e+00 4.842034e+05 1.442316e+05
3.225806e+00 4.787043e+05 1.399064e+05
3.238310e+00 4.731320e+05 1.356644e+05
3.250813e+00 4.675019e+05 1.315287e+05
3.263316e+00 4.617943e+05 1.274883e+05
3.275819e+00 4.560155e+05 1.235311e+05
3.288322e+00 4.501659e+05 1.196570e+05
3.300825e+00 4.442419e+05 1.158705e+05
3.313328e+00 4.382399e+05 1.121759e+05
3.325831e+00 4.321564e+05 1.085605e+05
3.338335e+00 4.259337e+05 1.050094e+05
3.350838e+00 4.196167e+05 1.015445e+05
3.363341e+00 4.132334e+05 9.818118e+04
3.375844e+00 4.067788e+05 9.489736e+04
3.388347e+00 4.002520e+05 9.169211e+04
3.400850e+00 3.936478e+05 8.856862e+04
3.413353e+00 3.869608e+05 8.552962e+04
3.425856e+00 3.801976e+05 8.256517e+04
3.438360e+00 3.733563e+05 7.967377e+04
3.450863e+00 3.664297e+05 7.685772e+04
3.463366e+00 3.594224e+05 7.413011e+04
3.475869e+00 3.523358e+05 7.147673e+04
3.488372e+00 3.451588e+05 6.888783e+04
3.500875e+00 3.378817e+05 6.636421e+04
3.513378e+00 3.304937e+05 6.390549e+04
3.525881e+00 3.229997e+05 6.150171e+04
3.538385e+00 3.153935e+05 5.914927e+04
3.550888e+00 3.076605e+05 5.684688e+04
3.563391e+00 2.997845e+05 5.459129e+04
3.575894e+00 2.917791e+05 5.238242e+04
3.588397e+00 2.835973e+05 5.024476e+04
3.600900e+00 2.751994e+05 4.817287e+04
3.613403e+00 2.665992e+05 4.612319e+04
3.625906e+00 2.578015e+05 4.408164e+04
3.638410e+00 2.487873e+05 4.203924e+04
3.650913e+00 2.395189e+05 3.998439e+04
3.663416e+00 2.299539e+05 3.790202e+04
3.675919e+00 2.200880e+05 3.577992e+04
3.688422e+00 2.098897e+05 3.360559e+04
3.700925e+00 1.993033e+05 3.136597e+04
3.713428e+00 1.882385e+05 2.901716e+04
3.725931e+00 1.766776e+05 2.654150e+04
3.738435e+00 1.645521e+05 2.390881e+04
3.750938e+00 1.517337e+05 2.106825e+04
3.763441e+00 1.380709e+05 1.795677e+04
3.775944e+00 1.235079e+05 1.454009e+04
3.788447e+00 1.078922e+05 1.075045e+04
3.800950e+00 9.094203e+04 6.468272e+03
3.813453e+00 7.231588e+04 1.548544e+03
3.825956e+00 5.182727e+04 -4.105198e+03
3.838460e+00 2.906003e+04 -1.068678e+04
3.850963e+00 3.267319e+03 -1.845328e+04
3.863466e+00 -2.659334e+04 -2.796942e+04
3.875969e+00 -6.129513e+04 -3.964506e+04
3.888472e+00 -1.023436e+05 -5.423489e+04
3.900975e+00 -1.526970e+05 -7.324717e+04
3.913478e+00 -2.170777e+05 -9.921525e+04
3.925981e+00 -3.007441e+05 -1.352365e+05
3.938485e+00 -4.142941e+05 -1.877723e+05
3.950988e+00 -5.835583e+05 -2.739607e+05
3.963491e+00 -8.720475e+05 -4.434594e+05
3.975994e+00 -1.429113e+06 -8.541831e+05
3.988497e+00 -2.747090e+06 -2.529251e+06
4.001000e+00 5.153266e+06 -8.574834e+06
4.013503e+00 3.477386e+06 1.537051e+05
4.026007e+00 1.888697e+06 4.071626e+05
4.038510e+00 1.317791e+06 3.721669e+05
4.051013e+00 1.038489e+06 3.316199e+05
4.063516e+00 8.739363e+05 3.013265e+05
4.076019e+00 7.604882e+05 2.785599e+05
4.088522e+00 6.775820e+05 2.612631e+05
4.101025e+00 6.152007e+05 2.481644e+05
4.113528e+00 5.666806e+05 2.381826e+05
4.126032e+00 5.269030e+05 2.302902e+05
4.138535e+00 4.936487e+05 2.240285e+05
4.151038e+00 4.656503e+05 2.191320e+05
4.163541e+00 4.417719e+05 2.153408e+05
4.176044e+00 4.208422e+05 2.123615e+05
4.188547e+00 4.023219e+05 2.100583e+05
4.201050e+00 3.859201e+05 2.083654e+05
4.213553e+00 3.713047e+05 2.071939e+05
4.226057e+00 3.580491e+05 2.064198e+05
4.238560e+00 3.459628e+05 2.059900e+05
4.251063e+00 3.349528e+05 2.058783e+05
4.263566e+00 3.248923e+05 2.060476e+05
4.276069e+00 3.155877e+05 2.064404e+05
4.288572e+00 3.069555e+05 2.070311e+05
4.301075e+00 2.989636e+05 2.078088e+05
4.313578e+00 2.915539e+05 2.087546e+05
4.326082e+00 2.846218e+05 2.098365e+05
4.338585e+00 2.781327e+05 2.110479e+05
4.351088e+00 2.720805e+05 2.123786e+05
4.363591e+00 2.664948e+05 2.137803e+05
4.376094e+00 2.612505e+05 2.152628e+05
4.388597e+00 2.563135e+05 2.168223e+05
4.401100e+00 2.516822e+05 2.184555e+05
4.413603e+00 2.473397e+05 2.201551e+05
4.426107e+00 2.432436e+05 2.219083e+05
4.438610e+00 2.393792e+05 2.237093e+05
4.451113e+00 2.357486e+05 2.255555e+05
4.463616e+00 2.323417e+05 2.274415e+05
4.476119e+00 2.291306e+05 2.293617e+05
4.488622e+00 2.261133e+05 2.313195e+05
4.501125e+00 2.232834e+05 2.333019e+05
4.513628e+00 2.206340e+05 2.353049e+05
4.526132e+00 2.181421e+05 2.373231e+05
4.538635e+00 2.158011e+05 2.393530e+05
4.551138e+00 2.136152e+05 2.413921e+05
4.563641e+00 2.115796e+05 2.434370e+05
4.576144e+00 2.096762e+05 2.454842e+05
4.588647e+00 2.078999e+05 2.475311e+05
4.601150e+00 2.062555e+05 2.495731e+05
4.613653e+00 2.047475e+05 2.515724e+05
4.626157e+00 2.033684e+05 2.535248e+05
4.638660e+00 2.021050e+05 2.554736e+05
4.651163e+00 2.009549e+05 2.574092e+05
4.663666e+00 1.999152e+05 2.593290e+05
4.676169e+00 1.989734e+05 2.612324e+05
4.688672e+00 1.981261e+05 2.631176e+05
4.701175e+00 1.973775e+05 2.649811e+05
4.713678e+00 1.967248e+05 2.668208e+05
4.726182e+00 1.961573e+05 2.686370e+05
4.738685e+00 1.956724e+05 2.704280e+05
4.751188e+00 1.952735e+05 2.721905e+05
4.763691e+00 1.949582e+05 2.739223e+05
4.776194e+00 1.947215e+05 2.756287e+05
4.788697e+00 1.945644e+05 2.773120e+05
4.801200e+00 1.944824e+05 2.789607e+05
4.813703e+00 1.944731e+05 2.805731e+05
4.826207e+00 1.945285e+05 2.821510e+05
4.838710e+00 1.946464e+05 2.836932e+05
4.851213e+00 1.948295e+05 2.851959e+05
4.863716e+00 1.950675e+05 2.866475e+05
4.876219e+00 1.953352e+05 2.880269e+05
4.888722e+00 1.956492e+05 2.893572e+05
4.901225e+00 1.960191e+05 2.906437e+05
4.913728e+00 1.964429e+05 2.918855e+05
4.926232e+00 1.969142e+05 2.930852e+05
4.938735e+00 1.974406e+05 2.942516e+05
4.951238e+00 1.980162e+05 2.953727e+05
4.963741e+00 1.986371e+05 2.964461e+05
4.976244e+00 1.992977e+05 2.974747e+05
4.988747e+00 1.999964e+05 2.984581e+05
5.001250e+00 2.007343e+05 2.993919e+05
5.013753e+00 2.015094e+05 3.002756e+05
5.026257e+00 2.023168e+05 3.011127e+05
5.038760e+00 2.031550e+05 3.019027e+05
5.051263e+00 2.040246e+05 3.026413e+05
5.063766e+00 2.049236e+05 3.033281e+05
5.076269e+00 2.058480e+05 3.039670e+05
5.088772e+00 2.067962e+05 3.045577e+05
5.101275e+00 2.077781e+05 3.051055e+05
5.113778e+00 2.087823e+05 3.056017e+05
5.126282e+00 2.097822e+05 3.060488e+05
5.138785e+00 2.107777e+05 3.064468e+05
5.151288e+00 2.117900e+05 3.067918e+05
5.163791e+00 2.128173e+05 3.070839e+05
5.176294e+00 2.138568e+05 3.073270e+05
5.188797e+00 2.149070e+05 3.075213e+05
5.201300e+00 2.159673e+05 3.076625e+05
5.213803e+00 2.170357e+05 3.077512e+05
5.226307e+00 2.181103e+05 3.077913e+05
5.238810e+00 2.191895e+05 3.077831e+05
5.251313e+00 2.202722e+05 3.077224e+05
5.263816e+00 2.213625e+05 3.076158e+05
5.276319e+00 2.224575e+05 3.074659e+05
5.288822e+00 2.235514e+05 3.072687e+05
5.301325e+00 2.246427e+05 3.070202e+05
5.313828e+00 2.257297e+05 3.067214e+05
5.326332e+00 2.268115e+05 3.063762e+05
5.338835e+00 2.278868e+05 3.059851e+05
5.351338e+00 2.289536e+05 3.055443e+05
5.363841e+00 2.300105e+05 3.050551e+05
5.376344e+00 2.310544e+05 3.045249e+05
5.388847e+00 2.320799e+05 3.039607e+05
5.401350e+00 2.330896e+05 3.033516e+05
5.413853e+00 2.340842e+05 3.026962e+05
5.426357e+00 2.350634e+05 3.019984e+05
5.438860e+00 2.360338e+05 3.012662e+05
5.451363e+00 2.369873e+05 3.004912e+05
5.463866e+00 2.379207e+05 2.996724e+05
5.476369e+00 2.388343e+05 2.988137e+05
5.488872e+00 2.397271e+05 2.979156e+05
5.501375e+00 2.405961e+05 2.969754e+05
5.513878e+00 2.414404e+05 2.959943e+05
5.526382e+00 2.422609e+05 2.949760e+05
5.538885e+00 2.430565e+05 2.939211e+05
5.551388e+00 2.438239e+05 2.928272e+05
5.563891e+00 2.445626e+05 2.916956e+05
5.576394e+00 2.452736e+05 2.905298e+05
5.588897e+00 2.459561e+05 2.893305e+05
5.601400e+00 2.466065e+05 2.880954e+05
5.613903e+00 2.472292e+05 2.868310e+05
5.626407e+00 2.478252e+05 2.855398e+05
5.638910e+00 2.483921e+05 2.842139e+05
5.651413e+00 2.489250e+05 2.828529e+05
5.663916e+00 2.494220e+05 2.814612e+05
5.676419e+00 2.498850e+05 2.800416e+05
5.688922e+00 2.503131e+05 2.785950e+05
5.701425e+00 2.507022e+05 2.771197e+05
5.713928e+00 2.510525e+05 2.756173e+05
5.726432e+00 2.513658e+05 2.740904e+05
5.738935e+00 2.516416e+05 2.725399e+05
5.751438e+00 2.518756e+05 2.709643e+05
5.763941e+00 2.520681e+05 2.693651e+05
5.776444e+00 2.522212e+05 2.677448e+05
5.788947e+00 2.523343e+05 2.661041e+05
5.801450e+00 2.524103e+05 2.644492e+05
5.813953e+00 2.524439e+05 2.627758e+05
5.826457e+00 2.524359e+05 2.610844e+05
5.838960e+00 2.523857e+05 2.593758e+05
5.851463e+00 2.522888e+05 2.576491e+05
5.863966e+00 2.521458e+05 2.559056e+05
5.876469e+00 2.519590e+05 2.541472e+05
5.888972e+00 2.517242e+05 2.523701e+05
5.901475e+00 2.514239e+05 2.505597e+05
5.913978e+00 2.510740e+05 2.487340e+05
5.926482e+00 2.506783e+05 2.468961e+05
5.938985e+00 2.502366e+05 2.450463e+05
5.951488e+00 2.497435e+05 2.431843e+05
5.963991e+00 2.492000e+05 2.413110e+05
5.976494e+00 2.486088e+05 2.394275e+05
5.988997e+00 2.479745e+05 2.375397e+05
6.001500e+00 2.472895e+05 2.356447e+05
6.014004e+00 2.465517e+05 2.337402e+05
6.026507e+00 2.457637e+05 2.318270e+05
6.039010e+00 2.449248e+05 2.299054e+05
6.051513e+00 2.440292e+05 2.279746e+05
6.064016e+00 2.430775e+05 2.260351e+05
6.076519e+00 2.420726e+05 2.240873e+05
6.089022e+00 2.410136e+05 2.221312e+05
6.101525e+00 2.398937e+05 2.201657e+05
6.114029e+00 2.387137e+05 2.181907e+05
6.126532e+00 2.374761e+05 2.162065e+05
6.139035e+00 2.361796e+05 2.142124e+05
6.151538e+00 2.347821e+05 2.122096e+05
6.164041e+00 2.332993e+05 2.101962e+05
6.176544e+00 2.317525e+05 2.081701e+05
6.189047e+00 2.301473e+05 2.061376e+05
6.201550e+00 2.284670e+05 2.040884e+05
6.214054e+00 2.267110e+05 2.020206e+05
6.226557e+00 2.248808e+05 1.999330e+05
6.239060e+00 2.229734e+05 1.978234e+05
6.251563e+00 2.209763e+05 1.956859e+05
6.264066e+00 2.188881e+05 1.935179e+05
6.276569e+00 2.167093e+05 1.913171e+05
6.289072e+00 2.144345e+05 1.890790e+05
6.301575e+00 2.120462e+05 1.867938e+05
6.314079e+00 2.095407e+05 1.844560e+05
6.326582e+00 2.069160e+05 1.820614e+05
6.339085e+00 2.041629e+05 1.796018e+05
6.351588e+00 2.012543e+05 1.770588e+05
6.364091e+00 1.981812e+05 1.744224e+05
6.376594e+00 1.949369e+05 1.716836e+05
6.389097e+00 1.915092e+05 1.688323e+05
6.401600e+00 1.878415e+05 1.658388e+05
6.414104e+00 1.838862e+05 1.627186e+05
6.426607e+00 1.796558e+05 1.594033e+05
6.439110e+00 1.751121e+05 1.558582e+05
6.451613e+00 1.701640e+05 1.520063e+05
6.464116e+00 1.647588e+05 1.477965e+05
6.476619e+00 1.588428e+05 1.431756e+05
6.489122e+00 1.523212e+05 1.380551e+05
6.501625e+00 1.449772e+05 1.322383e+05
6.514129e+00 1.366519e+05 1.255698e+05
6.526632e+00 1.271626e+05 1.178669e+05
6.539135e+00 1.162035e+05 1.088289e+05
6.551638e+00 1.030784e+05 9.777139e+04
6.564141e+00 8.711343e+04 8.398946e+04
6.576644e+00 6.739548e+04 6.649449e+04
6.589147e+00 4.232486e+04 4.351630e+04
6.601650e+00 7.885073e+03 1.043335e+04
6.614154e+00 -4.189259e+04 -4.043590e+04
6.626657e+00 -1.184421e+05 -1.257976e+05
6.639160e+00 -2.492605e+05 -2.944190e+05
6.651663e+00 -4.848261e+05 -9.462072e+05
6.664166e+00 1.040764e+06 -1.336354e+06
6.676669e+00 1.977521e+06 4.426509e+05
6.689172e+00 8.813899e+05 5.604386e+05
6.701675e+00 6.282231e+05 4.600899e+05
6.714179e+00 5.129039e+05 4.010637e+05
6.726682e+00 4.443763e+05 3.625322e+05
6.739185e+00 3.990807e+05 3.357181e+05
6.751688e+00 3.677515e+05 3.166320e+05
6.764191e+00 3.442547e+05 3.021684e+05
6.776694e+00 3.256412e+05 2.907153e+05
6.789197e+00 3.104798e+05 2.814600e+05
6.801700e+00 2.980552e+05 2.739983e+05
6.814204e+00 2.875324e+05 2.678165e+05
6.826707e+00 2.783930e+05 2.625846e+05
6.839210e+00 2.703519e+05 2.581198e+05
6.851713e+00 2.632803e+05 2.543441e+05
6.864216e+00 2.569443e+05 2.511000e+05
6.876719e+00 2.511860e+05 2.482794e+05
6.889222e+00 2.459157e+05 2.458213e+05
6.901725e+00 2.411029e+05 2.437072e+05
6.914229e+00 2.366800e+05 2.418778e+05
6.926732e+00 2.326114e+05 2.402931e+05
6.939235e+00 2.288128e+05 2.389151e+05
6.951738e+00 2.252725e+05 2.377392e+05
6.964241e+00 2.219462e+05 2.367322e+05
6.976744e+00 2.188022e+05 2.358696e+05
6.989247e+00 2.158231e+05 2.351381e+05
7.001750e+00 2.130100e+05 2.345389e+05
7.014254e+00 2.103384e+05 2.340526e+05
7.026757e+00 2.077904e+05 2.336646e+05
7.039260e+00 2.053627e+05 2.333732e+05
7.051763e+00 2.030540e+05 2.331758e+05
7.064266e+00 2.008482e+05 2.330588e+05
7.076769e+00 1.987343e+05 2.330129e+05
7.089272e+00 1.967072e+05 2.330333e+05
7.101775e+00 1.947713e+05 2.331224e+05
7.114279e+00 1.929163e+05 2.332713e+05
7.126782e+00 1.911348e+05 2.334734e+05
7.139285e+00 1.894236e+05 2.337254e+05
7.151788e+00 1.877876e+05 2.340295e+05
7.164291e+00 1.862248e+05 2.343735e+05
7.176794e+00 1.847603e+05 2.347225e+05
7.189297e+00 1.833772e+05 2.350887e+05
7.201800e+00 1.820592e+05 2.354947e+05
7.214304e+00 1.808001e+05 2.359352e+05
7.226807e+00 1.795959e+05 2.364065e+05
7.239310e+00 1.784451e+05 2.369068e+05
7.251813e+00 1.773526e+05 2.374371e+05
7.264316e+00 1.763161e+05 2.379961e+05
7.276819e+00 1.753328e+05 2.385816e+05
7.289322e+00 1.743983e+05 2.391884e+05
7.301825e+00 1.735173e+05 2.398172e+05
7.314329e+00 1.726853e+05 2.404647e+05
7.326832e+00 1.718993e+05 2.411285e+05
7.339335e+00 1.711586e+05 2.418072e+05
7.351838e+00 1.704678e+05 2.425009e+05
7.364341e+00 1.698226e+05 2.432069e+05
7.376844e+00 1.692205e+05 2.439234e+05
7.389347e+00 1.686608e+05 2.446490e+05
7.401850e+00 1.681480e+05 2.453834e+05
7.414354e+00 1.676780e+05 2.461246e+05
7.426857e+00 1.672397e+05 2.468386e+05
7.439360e+00 1.668278e+05 2.475074e+05
7.451863e+00 1.664579e+05 2.481718e+05
7.464366e+00 1.661283e+05 2.488378e+05
7.476869e+00 1.658368e+05 2.495042e+05
7.489372e+00 1.655827e+05 2.501699e+05
7.501875e+00 1.653725e+05 2.508360e+05
7.514379e+00 1.652037e+05 2.515026e+05
7.526882e+00 1.650704e+05 2.521651e+05
7.539385e+00 1.649722e+05 2.528227e+05
7.551888e+00 1.649128e+05 2.534735e+05
7.564391e+00 1.648886e+05 2.541169e+05
7.576894e+00 1.648975e+05 2.547523e+05
7.589397e+00 1.649390e+05 2.553788e+05
7.601900e+00 1.650164e+05 2.559941e+05
7.614404e+00 1.651263e+05 2.565981e+05
7.626907e+00 1.652668e+05 2.571904e+05
7.639410e+00 1.654372e+05 2.577702e+05
7.651913e+00 1.656406e+05 2.583348e+05
7.664416e+00 1.658736e+05 2.588846e+05
7.676919e+00 1.661309e+05 2.594186e+05
7.689422e+00 1.663439e+05 2.599201e+05
7.701925e+00 1.665641e+05 2.603978e+05
7.714429e+00 1.668110e+05 2.608574e+05
7.726932e+00 1.670828e+05 2.612989e+05
7.739435e+00 1.673788e+05 2.617218e+05
7.751938e+00 1.677055e+05 2.621270e+05
7.764441e+00 1.680571e+05 2.625129e+05
7.776944e+00 1.684305e+05 2.628780e+05
7.789447e+00 1.688250e+05 2.632220e+05
7.801950e+00 1.692425e+05 2.635413e+05
7.814454e+00 1.696801e+05 2.638373e+05
7.826957e+00 1.701364e+05 2.641103e+05
7.839460e+00 1.706105e+05 2.643600e+05
7.851963e+00 1.711039e+05 2.645826e+05
7.864466e+00 1.716140e+05 2.647799e+05
7.876969e+00 1.721394e+05 2.649523e+05
7.889472e+00 1.726793e+05 2.650995e+05
7.901975e+00 1.732347e+05 2.652177e+05
7.914479e+00 1.738033e+05 2.653090e+05
7.926982e+00 1.743837e+05 2.653739e+05
7.939485e+00 1.749484e+05 2.654412e+05
7.951988e+00 1.754769e+05 2.655293e+05
7.964491e+00 1.760133e+05 2.655911e+05
7.976994e+00 1.765583e+05 2.656253e+05
7.989497e+00 1.771108e+05 2.656317e+05
8.002001e+00 1.776733e+05 2.656088e+05
8.014504e+00 1.782449e+05 2.655598e+05
8.027007e+00 1.788214e+05 2.654825e+05
8.039510e+00 1.794020e+05 2.653768e+05
8.052013e+00 1.799864e+05 2.652385e+05
8.064516e+00 1.805730e+05 2.650706e+05
8.077019e+00 1.811612e+05 2.648739e+05
8.089522e+00 1.817499e+05 2.646483e+05
8.102026e+00 1.823384e+05 2.643899e+05
8.114529e+00 1.829257e+05 2.641016e+05
8.127032e+00 1.835110e+05 2.637844e+05
8.139535e+00 1.840934e+05 2.634383e+05
8.152038e+00 1.846717e+05 2.630593e+05
8.164541e+00 1.852453e+05 2.626506e+05
8.177044e+00 1.858134e+05 2.622131e+05
8.189547e+00 1.863754e+05 2.617469e+05
8.202051e+00 1.869575e+05 2.613536e+05
8.214554e+00 1.875360e+05 2.609482e+05
8.227057e+00 1.881059e+05 2.605146e+05
8.239560e+00 1.886662e+05 2.600526e+05
8.252063e+00 1.892148e+05 2.595589e+05
8.264566e+00 1.897543e+05 2.590388e+05
8.277069e+00 1.902846e+05 2.584938e+05
8.289572e+00 1.908022e+05 2.579213e+05
8.302076e+00 1.913044e+05 2.573178e+05
8.314579e+00 1.917919e+05 2.566865e+05
8.327082e+00 1.922644e+05 2.560283e+05
8.339585e+00 1.927210e+05 2.553436e+05
8.352088e+00 1.931588e+05 2.546288e+05
8.364591e+00 1.935786e+05 2.538872e+05
8.377094e+00 1.939804e+05 2.531198e+05
8.389597e+00 1.943634e+05 2.523268e+05
8.402101e+00 1.947241e+05 2.515050e+05
8.414604e+00 1.950639e+05 2.506574e+05
8.427107e+00 1.953826e+05 2.497851e+05
8.439610e+00 1.956796e+05 2.488884e+05
8.452113e+00 1.960023e+05 2.479822e+05
8.464616e+00 1.963829e+05 2.470806e+05
8.477119e+00 1.967396e+05 2.461554e+05
8.489622e+00 1.970717e+05 2.452067e+05
8.502126e+00 1.973748e+05 2.442316e+05
8.514629e+00 1.976511e+05 2.432330e+05
8.527132e+00 1.979006e+05 2.422118e+05
8.539635e+00 1.981265e+05 2.411720e+05
8.552138e+00 1.983211e+05 2.401079e+05
8.564641e+00 1.984858e+05 2.390211e+05
8.577144e+00 1.986207e+05 2.379126e+05
8.589647e+00 1.987251e+05 2.367823e+05
8.602151e+00 1.987936e+05 2.356274e+05
8.614654e+00 1.988292e+05 2.344506e+05
8.627157e+00 1.988317e+05 2.332524e+05
8.639660e+00 1.988005e+05 2.320330e+05
8.652163e+00 1.987295e+05 2.307891e+05
8.664666e+00 1.986220e+05 2.295235e+05
8.677169e+00 1.984779e+05 2.282366e+05
8.689672e+00 1.982963e+05 2.269281e+05
8.702176e+00 1.980853e+05 2.255848e+05
8.714679e+00 1.979191e+05 2.241610e+05
8.727182e+00 1.977378e+05 2.226975e+05
8.739685e+00 1.975146e+05 2.212114e+05
8.752188e+00 1.972417e+05 2.196989e+05
8.764691e+00 1.969230e+05 2.181623e+05
8.777194e+00 1.965581e+05 2.166015e+05
8.789697e+00 1.961454e+05 2.150158e+05
8.802201e+00 1.956759e+05 2.134003e+05
8.814704e+00 1.951559e+05 2.117593e+05
8.827207e+00 1.945850e+05 2.100927e+05
8.839710e+00 1.939586e+05 2.083967e+05
8.852213e+00 1.932654e+05 2.066649e+05
8.864716e+00 1.925101e+05 2.048993e+05
8.877219e+00 1.916910e+05 2.030984e+05
8.889722e+00 1.908050e+05 2.012601e+05
8.902226e+00 1.898378e+05 1.993754e+05
8.914729e+00 1.887941e+05 1.974460e+05
8.927232e+00 1.876710e+05 1.954692e+05
8.939735e+00 1.864637e+05 1.934412e+05
8.952238e+00 1.851526e+05 1.913461e+05
8.964741e+00 1.837456e+05 1.891223e+05
8.977244e+00 1.822384e+05 1.867390e+05
8.989747e+00 1.806186e+05 1.842799e+05
9.002251e+00 1.788573e+05 1.817230e+05
9.014754e+00 1.769584e+05 1.790685e+05
9.027257e+00 1.749114e+05 1.763062e+05
9.039760e+00 1.727018e+05 1.734230e+05
9.052263e+00 1.702828e+05 1.703797e+05
9.064766e+00 1.676552e+05 1.671731e+05
9.077269e+00 1.647974e+05 1.637822e+05
9.089772e+00 1.616801e+05 1.601792e+05
9.102276e+00 1.582191e+05 1.562889e+05
9.114779e+00 1.544060e+05 1.520981e+05
9.127282e+00 1.501874e+05 1.475539e+05
9.139785e+00 1.454955e+05 1.425896e+05
9.152288e+00 1.401446e+05 1.370283e+05
9.164791e+00 1.340832e+05 1.308104e+05
9.177294e+00 1.271692e+05 1.237902e+05
9.189797e+00 1.192057e+05 1.157647e+05
9.202301e+00 1.096736e+05 1.062042e+05
9.214804e+00 9.829080e+04 9.479424e+04
9.227307e+00 8.444820e+04 8.087828e+04
9.239810e+00 6.734621e+04 6.354316e+04
9.252313e+00 4.470901e+04 4.017578e+04
9.264816e+00 1.447513e+04 8.140122e+03
9.277319e+00 -2.774486e+04 -3.837480e+04
9.289822e+00 -9.052365e+04 -1.117988e+05
9.302326e+00 -2.052927e+05 -2.673595e+05
9.314829e+00 -4.306184e+05 -7.155287e+05
9.327332e+00 6.773091e+05 -3.188432e+06
9.339835e+00 2.143267e+06 6.598482e+05
9.352338e+00 9.819223e+05 6.301485e+05
9.364841e+00 6.626384e+05 4.955944e+05
9.377344e+00 5.236198e+05 4.186261e+05
9.389847e+00 4.469408e+05 3.706042e+05
9.402351e+00 4.008370e+05 3.394718e+05
9.414854e+00 3.682264e+05 3.165814e+05
9.427357e+00 3.438377e+05 2.989974e+05
9.439860e+00 3.248739e+05 2.850619e+05
9.452363e+00 3.100858e+05 2.740383e+05
9.464866e+00 2.978244e+05 2.648315e+05
9.477369e+00 2.873647e+05 2.570249e+05
9.489872e+00 2.782837e+05 2.503212e+05
9.502376e+00 2.704774e+05 2.445999e+05
9.514879e+00 2.635369e+05 2.395577e+05
9.527382e+00 2.572956e+05 2.350744e+05
9.539885e+00 2.516321e+05 2.310612e+05
9.552388e+00 2.465156e+05 2.275026e+05
9.564891e+00 2.417915e+05 2.242775e+05
9.577394e+00 2.373998e+05 2.213401e+05
9.589897e+00 2.332941e+05 2.186554e+05
9.602401e+00 2.294707e+05 2.162260e+05
9.614904e+00 2.258576e+05 2.139913e+05
9.627407e+00 2.224281e+05 2.119303e+05
9.639910e+00 2.191612e+05 2.100265e+05
9.652413e+00 2.160598e+05 2.082867e+05
9.664916e+00 2.130847e+05 2.066754e+05
9.677419e+00 2.102229e+05 2.051818e+05
9.689922e+00 2.074635e+05 2.037970e+05
9.702426e+00 2.048110e+05 2.025286e+05
9.714929e+00 2.022454e+05 2.013565e+05
9.727432e+00 1.997483e+05 2.002941e+05
9.739935e+00 1.972869e+05 1.994037e+05
9.752438e+00 1.948932e+05 1.986217e+05
9.764941e+00 1.925594e+05 1.979120e+05
9.777444e+00 1.902814e+05 1.972705e+05
9.789947e+00 1.880559e+05 1.966941e+05
9.802451e+00 1.858876e+05 1.961895e+05
9.814954e+00 1.837658e+05 1.957439e+05
9.827457e+00 1.816880e+05 1.953546e+05
9.839960e+00 1.796523e+05 1.950194e+05
9.852463e+00 1.776634e+05 1.947445e+05
9.864966e+00 1.757131e+05 1.945195e+05
9.877469e+00 1.738001e+05 1.943425e+05
9.889972e+00 1.719233e+05 1.942118e+05
9.902476e+00 1.700873e+05 1.941332e+05
9.914979e+00 1.682856e+05 1.940977e+05
9.927482e+00 1.665173e+05 1.941039e+05
9.939985e+00 1.647819e+05 1.941506e+05
9.952488e+00 1.630842e+05 1.942428e+05
9.964991e+00 1.614183e+05 1.943729e+05
9.977494e+00 1.597840e+05 1.945396e+05
9.989997e+00 1.582229e+05 1.947989e+05
1.000250e+01 1.567330e+05 1.951456e+05
1.001500e+01 1.552738e+05 1.955256e+05
1.002751e+01 1.538468e+05 1.959394e+05
1.004001e+01 1.524528e+05 1.963869e+05
1.005251e+01 1.510945e+05 1.968699e+05
1.006502e+01 1.497668e+05 1.973820e+05
1.007752e+01 1.484696e+05 1.979225e+05
1.009002e+01 1.472032e+05 1.984904e+05
1.010253e+01 1.459725e+05 1.990892e+05
1.011503e+01 1.447725e+05 1.997133e+05
1.012753e+01 1.436035e+05 2.003620e+05
1.014004e+01 1.424655e+05 2.010343e+05
1.015254e+01 1.413637e+05 2.017331e+05
1.016504e+01 1.402931e+05 2.024535e+05
1.017754e+01 1.392539e+05 2.031947e+05
1.019005e+01 1.382463e+05 2.039559e+05
1.020255e+01 1.372754e+05 2.047391e+05
1.021505e+01 1.363363e+05 2.055402e+05
1.022756e+01 1.354290e+05 2.063584e+05
1.024006e+01 1.345625e+05 2.071918e+05
1.025256e+01 1.338441e+05 2.080304e+05
1.026507e+01 1.331579e+05 2.088832e+05
1.027757e+01 1.325039e+05 2.097492e+05
1.029007e+01 1.318823e+05 2.106277e+05
1.030258e+01 1.312985e+05 2.115194e+05
1.031508e+01 1.307470e+05 2.124214e+05
1.032758e+01 1.302280e+05 2.133330e+05
1.034009e+01 1.297417e+05 2.142531e+05
1.035259e+01 1.292934e+05 2.151822e+05
1.036509e+01 1.288809e+05 2.161214e+05
1.037759e+01 1.285009e+05 2.170661e+05
1.039010e+01 1.281535e+05 2.180156e+05
1.040260e+01 1.278435e+05 2.189694e+05
1.041510e+01 1.275657e+05 2.199259e+05
1.042761e+01 1.273200e+05 2.208842e+05
1.044011e+01 1.271065e+05 2.218434e+05
1.045261e+01 1.269298e+05 2.228025e+05
1.046512e+01 1.267846e+05 2.237605e+05
1.047762e+01 1.266709e+05 2.247165e+05
1.049012e+01 1.265887e+05 2.256690e+05
1.050263e+01 1.265684e+05 2.265538e+05
1.051513e+01 1.265964e+05 2.273902e+05
1.052763e+01 1.266548e+05 2.282210e+05
1.054014e+01 1.267434e+05 2.290452e+05
1.055264e+01 1.268663e+05 2.298607e+05
1.056514e+01 1.270184e+05 2.306678e+05
1.057764e+01 1.271994e+05 2.314656e+05
1.059015e+01 1.274091e+05 2.322532e+05
1.060265e+01 1.276512e+05 2.330281e+05
1.061515e+01 1.279207e+05 2.337912e+05
1.062766e+01 1.282172e+05 2.345416e+05
1.064016e+01 1.285406e+05 2.352785e+05
1.065266e+01 1.288939e+05 2.359989e+05
1.066517e+01 1.292726e+05 2.367043e+05
1.067767e+01 1.296762e+05 2.373939e+05
1.069017e+01 1.301042e+05 2.380669e+05
1.070268e+01 1.305627e+05 2.387231e+05
1.071518e+01 1.310445e+05 2.393617e+05
1.072768e+01 1.315485e+05 2.399817e+05
1.074019e+01 1.320745e+05 2.405822e+05
1.075269e+01 1.326108e+05 2.411421e+05
1.076519e+01 1.331139e+05 2.416131e+05
1.077769e+01 1.336318e+05 2.420570e+05
1.079020e+01 1.341687e+05 2.424790e+05
1.080270e+01 1.347263e+05 2.428753e+05
1.081520e+01 1.353011e+05 2.432488e+05
1.082771e+01 1.358923e+05 2.435990e+05
1.084021e+01 1.364993e+05 2.439251e+05
1.085271e+01 1.371234e+05 2.442234e+05
1.086522e+01 1.377614e+05 2.444970e+05
1.087772e+01 1.384125e+05 2.447456e+05
1.089022e+01 1.390761e+05 2.449684e+05
1.090273e+01 1.397529e+05 2.451615e+05
1.091523e+01 1.404403e+05 2.453286e+05
1.092773e+01 1.411373e+05 2.454692e+05
1.094024e+01 1.418434e+05 2.455828e+05
1.095274e+01 1.425587e+05 2.456654e+05
1.096524e+01 1.432811e+05 2.457208e+05
1.097774e+01 1.440097e+05 2.457490e+05
1.099025e+01 1.447439e+05 2.457491e+05
1.100275e+01 1.454755e+05 2.457182e+05
1.101525e+01 1.461485e+05 2.456659e+05
1.102776e+01 1.467756e+05 2.455907e+05
1.104026e+01 1.474046e+05 2.454870e+05
1.105276e+01 1.480377e+05 2.453540e+05
1.106527e+01 1.486713e+05 2.451933e+05
1.107777e+01 1.493042e+05 2.450045e+05
1.109027e+01 1.499356e+05 2.447871e+05
1.110278e+01 1.505642e+05 2.445374e+05
1.111528e+01 1.511896e+05 2.442595e+05
1.112778e+01 1.518109e+05 2.439537e+05
1.114029e+01 1.524273e+05 2.436193e+05
1.115279e+01 1.530372e+05 2.432529e+05
1.116529e+01 1.536406e+05 2.428587e+05
1.117779e+01 1.542367e+05 2.424367e+05
1.119030e+01 1.548247e+05 2.419866e+05
1.120280e+01 1.554026e+05 2.415048e+05
1.121530e+01 1.559709e+05 2.409957e+05
1.122781e+01 1.565290e+05 2.404592e+05
1.124031e+01 1.570758e+05 2.398950e+05
1.125281e+01 1.576092e+05 2.392997e+05
1.126532e+01 1.581131e+05 2.387083e+05
1.127782e+01 1.585698e+05 2.381518e+05
1.129032e+01 1.590059e+05 2.375799e+05
1.130283e+01 1.594253e+05 2.369773e+05
1.131533e+01 1.598296e+05 2.363480e+05
1.132783e+01 1.602182e+05 2.356918e+05
1.134034e+01 1.605899e+05 2.350084e+05
1.135284e+01 1.609422e+05 2.342942e+05
1.136534e+01 1.612767e+05 2.335531e+05
1.137784e+01 1.615929e+05 2.327849e+05
1.139035e+01 1.618897e+05 2.319889e+05
1.140285e+01 1.621641e+05 2.311613e+05
1.141535e+01 1.624212e+05 2.303089e+05
1.142786e+01 1.626577e+05 2.294285e+05
1.144036e+01 1.628722e+05 2.285187e+05
1.145286e+01 1.630614e+05 2.275755e+05
1.146537e+01 1.632277e+05 2.266022e+05
1.147787e+01 1.633704e+05 2.255980e+05
1.149037e+01 1.634882e+05 2.245614e+05
1.150288e+01 1.635773e+05 2.234872e+05
1.151538e+01 1.636424e+05 2.223829e+05
1.152788e+01 1.637107e+05 2.213083e+05
1.154039e+01 1.637666e+05 2.202303e+05
1.155289e+01 1.637895e+05 2.191072e+05
1.156539e+01 1.637824e+05 2.179420e+05
1.157789e+01 1.637440e+05 2.167323e+05
1.159040e+01 1.636722e+05 2.154738e+05
1.160290e+01 1.635613e+05 2.141568e+05
1.161540e+01 1.634143e+05 2.127841e+05
1.162791e+01 1.632294e+05 2.113514e+05
1.164041e+01 1.630032e+05 2.098514e+05
1.165291e+01 1.627282e+05 2.082693e+05
1.166542e+01 1.624072e+05 2.066070e+05
1.167792e+01 1.620369e+05 2.048566e+05
1.169042e+01 1.616120e+05 2.030053e+05
1.170293e+01 1.611210e+05 2.010279e+05
1.171543e+01 1.605661e+05 1.989247e+05
1.172793e+01 1.599411e+05 1.966796e+05
1.174044e+01 1.592362e+05 1.942684e+05
1.175294e+01 1.584318e+05 1.916437e+05
1.176544e+01 1.575277e+05 1.887995e+05
1.177794e+01 1.565433e+05 1.857081e+05
1.179045e+01 1.554901e+05 1.823256e+05
1.180295e+01 1.542724e+05 1.785352e+05
1.181545e+01 1.528739e+05 1.743057e+05
1.182796e+01 1.512617e+05 1.695463e+05
1.184046e+01 1.493843e+05 1.641143e+05
1.185296e+01 1.471426e+05 1.577346e+05
1.186547e+01 1.444941e+05 1.502690e+05
1.187797e+01 1.413331e+05 1.413985e+05
1.189047e+01 1.374854e+05 1.305882e+05
1.190298e+01 1.326007e+05 1.167264e+05
1.191548e+01 1.264234e+05 9.886674e+04
1.192798e+01 1.184154e+05 7.499312e+04
1.194049e+01 1.075794e+05 4.096194e+04
1.195299e+01 9.164401e+04 -1.472017e+04
1.196549e+01 6.837172e+04 -1.140115e+05
1.197799e+01 3.897171e+04 -3.344455e+05
1.199050e+01 2.966847e+05 -9.923097e+05
1.200300e+01 2.438626e+06 5.202112e+05
1.201550e+01 6.155861e+05 7.879861e+05
1.202801e+01 3.836961e+05 5.621384e+05
1.204051e+01 3.113690e+05 4.635976e+05
1.205301e+01 2.783470e+05 4.114339e+05
1.206552e+01 2.580660e+05 3.770567e+05
1.207802e+01 2.444781e+05 3.527827e+05
1.209052e+01 2.348788e+05 3.348864e+05
1.210303e+01 2.279167e+05 3.214045e+05
1.211553e+01 2.224633e+05 3.105390e+05
1.212803e+01 2.180884e+05 3.015897e+05
1.214054e+01 2.145293e+05 2.941208e+05
1.215304e+01 2.116254e+05 2.878637e+05
1.216554e+01 2.091597e+05 2.824299e+05
1.217804e+01 2.070452e+05 2.776622e+05
1.219055e+01 2.052206e+05 2.734525e+05
1.220305e+01 2.036491e+05 2.697353e+05
1.221555e+01 2.022597e+05 2.663757e+05
1.222806e+01 2.010234e+05 2.633192e+05
1.224056e+01 1.999210e+05 2.605297e+05
1.225306e+01 1.989410e+05 2.579859e+05
1.226557e+01 1.980527e+05 2.556277e+05
1.227807e+01 1.972440e+05 2.534314e+05
1.229057e+01 1.965045e+05 2.513621e+05
1.230308e+01 1.958257e+05 2.493822e+05
1.231558e+01 1.951986e+05 2.475095e+05
1.232808e+01 1.946172e+05 2.457323e+05
1.234059e+01 1.940778e+05 2.440433e+05
1.235309e+01 1.935781e+05 2.424388e+05
1.236559e+01 1.931095e+05 2.409007e+05
1.237809e+01 1.926684e+05 2.394226e+05
1.239060e+01 1.922528e+05 2.380005e+05
1.240310e+01 1.918613e+05 2.366327e+05
1.241560e+01 1.914887e+05 2.353080e+05
1.242811e+01 1.911327e+05 2.340226e+05
1.244061e+01 1.907920e+05 2.327741e+05
1.245311e+01 1.904655e+05 2.315616e+05
1.246562e+01 1.901499e+05 2.303781e+05
1.247812e+01 1.898437e+05 2.292210e+05
1.249062e+01 1.895459e+05 2.280890e+05
1.250313e+01 1.892553e+05 2.269815e+05
1.251563e+01 1.889700e+05 2.258939e+05
1.252813e+01 1.886889e+05 2.248245e+05
1.254064e+01 1.884091e+05 2.237720e+05
1.255314e+01 1.880956e+05 2.227242e+05
1.256564e+01 1.877728e+05 2.216873e+05
1.257814e+01 1.874522e+05 2.206656e+05
1.259065e+01 1.871308e+05 2.196564e+05
1.260315e+01 1.868074e+05 2.186597e+05
1.261565e+01 1.864813e+05 2.176734e+05
1.262816e+01 1.861520e+05 2.166968e+05
1.264066e+01 1.858185e+05 2.157298e+05
1.265316e+01 1.854796e+05 2.147725e+05
1.266567e+01 1.851352e+05 2.138233e+05
1.267817e+01 1.847847e+05 2.128820e+05
1.269067e+01 1.844273e+05 2.119487e+05
1.270318e+01 1.840616e+05 2.110236e+05
1.271568e+01 1.836881e+05 2.101057e+05
1.272818e+01 1.833063e+05 2.091949e+05
1.274069e+01 1.829151e+05 2.082915e+05
1.275319e+01 1.825135e+05 2.073959e+05
1.276569e+01 1.821021e+05 2.065074e+05
1.277819e+01 1.816805e+05 2.056260e+05
1.279070e+01 1.812476e+05 2.047524e+05
1.280320e+01 1.807951e+05 2.038979e+05
1.281570e+01 1.803166e+05 2.030727e+05
1.282821e+01 1.798264e+05 2.022554e+05
1.284071e+01 1.793238e+05 2.014465e+05
1.285321e+01 1.788075e+05 2.006471e+05
1.286572e+01 1.782789e+05 1.998563e+05
1.287822e+01 1.777377e+05 1.990746e+05
1.289072e+01 1.771833e+05 1.983027e+05
1.290323e+01 1.766144e+05 1.975418e+05
1.291573e+01 1.760325e+05 1.967911e+05
1.292823e+01 1.754376e+05 1.960509e+05
1.294074e+01 1.748291e+05 1.953224e+05
1.295324e+01 1.742059e+05 1.946067e+05
1.296574e+01 1.735697e+05 1.939030e+05
1.297824e+01 1.729210e+05 1.932123e+05
1.299075e+01 1.722609e+05 1.925372e+05
1.300325e+01 1.715864e+05 1.918770e+05
1.301575e+01 1.708993e+05 1.912307e+05
1.302826e+01 1.701997e+05 1.905988e+05
1.304076e+01 1.694872e+05 1.899825e+05
1.305326e+01 1.687651e+05 1.893871e+05
1.306577e+01 1.680480e+05 1.888244e+05
1.307827e+01 1.673269e+05 1.882853e+05
1.309077e+01 1.665942e+05 1.877640e+05
1.310328e+01 1.658494e+05 1.872619e+05
1.311578e+01 1.650944e+05 1.867777e+05
1.312828e+01 1.643295e+05 1.863117e+05
1.314079e+01 1.635546e+05 1.858653e+05
1.315329e+01 1.627697e+05 1.854403e+05
1.316579e+01 1.619764e+05 1.850347e+05
1.317829e+01 1.611751e+05 1.846492e+05
1.319080e+01 1.603661e+05 1.842849e+05
1.320330e+01 1.595496e+05 1.839438e+05
1.321580e+01 1.587270e+05 1.836237e+05
1.322831e+01 1.578988e+05 1.833249e+05
1.324081e+01 1.570655e+05 1.830489e+05
1.325331e+01 1.562275e+05 1.827973e+05
1.326582e+01 1.553862e+05 1.825679e+05
1.327832e+01 1.545420e+05 1.823610e+05
1.329082e+01 1.536958e+05 1.821778e+05
1.330333e+01 1.528481e+05 1.820199e+05
1.331583e+01 1.520180e+05 1.818770e+05
1.332833e+01 1.512113e+05 1.817469e+05
1.334084e+01 1.504070e+05 1.816406e+05
1.335334e+01 1.496049e+05 1.815600e+05
1.336584e+01 1.488055e+05 1.815026e+05
1.337834e+01 1.480097e+05 1.814682e+05
1.339085e+01 1.472185e+05 1.814582e+05
1.340335e+01 1.464336e+05 1.814742e+05
1.341585e+01 1.456569e+05 1.815150e+05
1.342836e+01 1.448871e+05 1.815785e+05
1.344086e+01 1.441255e+05 1.816657e+05
1.345336e+01 1.433734e+05 1.817776e+05
1.346587e+01 1.426310e+05 1.819114e+05
1.347837e+01 1.418988e+05 1.820668e+05
1.349087e+01 1.411784e+05 1.822448e+05
1.350338e+01 1.404713e+05 1.824459e+05
1.351588e+01 1.397771e+05 1.826675e+05
1.352838e+01 1.390966e+05 1.829092e+05
1.354089e+01 1.384312e+05 1.831715e+05
1.355339e+01 1.377828e+05 1.834548e+05
1.356589e+01 1.371514e+05 1.837488e+05
1.357839e+01 1.365407e+05 1.840280e+05
1.359090e+01 1.359499e+05 1.843136e+05
1.360340e+01 1.353794e+05 1.846175e+05
1.361590e+01 1.348278e+05 1.849371e+05
1.362841e+01 1.342957e+05 1.852718e+05
1.364091e+01 1.337852e+05 1.856216e+05
1.365341e+01 1.332977e+05 1.859863e+05
1.366592e+01 1.328318e+05 1.863635e+05
1.367842e+01 1.323878e+05 1.867524e+05
1.369092e+01 1.319679e+05 1.871529e+05
1.370343e+01 1.315735e+05 1.875642e+05
1.371593e+01 1.312027e+05 1.879845e+05
1.372843e+01 1.308560e+05 1.884126e+05
1.374094e+01 1.305352e+05 1.888481e+05
1.375344e+01 1.302419e+05 1.892901e+05
1.376594e+01 1.299738e+05 1.897367e+05
1.377844e+01 1.297311e+05 1.901871e+05
1.379095e+01 1.295159e+05 1.906402e+05
1.380345e+01 1.293294e+05 1.910948e+05
1.381595e+01 1.291691e+05 1.915497e+05
1.382846e+01 1.290157e+05 1.919857e+05
1.384096e+01 1.288714e+05 1.924020e+05
1.385346e+01 1.287572e+05 1.928154e+05
1.386597e+01 1.286696e+05 1.932241e+05
1.387847e+01 1.286085e+05 1.936270e+05
1.389097e+01 1.285757e+05 1.940222e+05
1.390348e+01 1.285720e+05 1.944081e+05
1.391598e+01 1.285946e+05 1.947842e+05
1.392848e+01 1.286434e+05 1.951491e+05
1.394099e+01 1.287197e+05 1.955008e+05
1.395349e+01 1.288243e+05 1.958372e+05
1.396599e+01 1.289541e+05 1.961583e+05
1.397849e+01 1.291090e+05 1.964628e+05
1.399100e+01 1.292901e+05 1.967481e+05
1.400350e+01 1.294977e+05 1.970118e+05
1.401600e+01 1.297290e+05 1.972546e+05
1.402851e+01 1.299835e+05 1.974749e+05
1.404101e+01 1.302620e+05 1.976696e+05
1.405351e+01 1.305647e+05 1.978362e+05
1.406602e+01 1.308888e+05 1.979757e+05
1.407852e+01 1.312294e+05 1.980872e+05
1.409102e+01 1.315501e+05 1.981732e+05
1.410353e+01 1.318865e+05 1.982247e+05
1.411603e+01 1.322412e+05 1.982424e+05
1.412853e+01 1.326134e+05 1.982244e+05
1.414104e+01 1.330034e+05 1.981663e+05
1.415354e+01 1.334104e+05 1.980648e+05
1.416604e+01 1.338321e+05 1.979216e+05
1.417854e+01 1.342674e+05 1.977346e+05
1.419105e+01 1.347162e+05 1.974983e+05
1.420355e+01 1.351775e+05 1.972087e+05
1.421605e+01 1.356490e+05 1.968677e+05
1.422856e+01 1.361297e+05 1.964726e+05
1.424106e+01 1.366188e+05 1.960165e+05
1.425356e+01 1.371150e+05 1.954938e+05
1.426607e+01 1.376164e+05 1.949067e+05
1.427857e+01 1.381216e+05 1.942514e+05
1.429107e+01 1.386292e+05 1.935180e+05
1.430358e+01 1.391394e+05 1.927007e+05
1.431608e+01 1.396491e+05 1.917998e+05
1.432858e+01 1.401563e+05 1.908088e+05
1.434109e+01 1.406482e+05 1.897319e+05
1.435359e+01 1.411225e+05 1.885568e+05
1.436609e+01 1.415884e+05 1.872647e+05
1.437859e+01 1.420436e+05 1.858446e+05
1.439110e+01 1.424848e+05 1.842723e+05
1.440360e+01 1.429086e+05 1.825260e+05
1.441610e+01 1.433137e+05 1.806005e+05
1.442861e+01 1.436968e+05 1.784733e+05
1.444111e+01 1.440524e+05 1.760980e+05
1.445361e+01 1.443753e+05 1.734289e+05
1.446612e+01 1.446632e+05 1.704442e+05
1.447862e+01 1.449108e+05 1.670902e+05
1.449112e+01 1.451079e+05 1.632591e+05
1.450363e+01 1.452445e+05 1.588311e+05
1.451613e+01 1.453160e+05 1.537226e+05
1.452863e+01 1.453113e+05 1.477659e+05
1.454114e+01 1.452095e+05 1.406248e+05
1.455364e+01 1.449902e+05 1.318609e+05
1.456614e+01 1.446440e+05 1.210394e+05
1.457864e+01 1.441555e+05 1.073378e+05
1.459115e+01 1.435137e+05 8.893476e+04
1.460365e+01 1.428057e+05 6.264383e+04
1.461615e+01 1.423828e+05 2.330439e+04
1.462866e+01 1.436606e+05 -4.157210e+04
1.464116e+01 1.581320e+05 -1.818123e+05
1.465366e+01 4.537560e+05 -7.002053e+05
1.466617e+01 9.845803e+05 3.382622e+05
1.467867e+01 4.444741e+05 8.172812e+05
1.469117e+01 2.476338e+05 5.322028e+05
1.470368e+01 2.113803e+05 4.308374e+05
1.471618e+01 1.953074e+05 3.756113e+05
1.472868e+01 1.866283e+05 3.410769e+05
1.474119e+01 1.814673e+05 3.179320e+05
1.475369e+01 1.780921e+05 3.012602e+05
1.476619e+01 1.756578e+05 2.883107e+05
1.477869e+01 1.738320e+05 2.779326e+05
1.479120e+01 1.724363e+05 2.695034e+05
1.480370e+01 1.713312e+05 2.624856e+05
1.481620e+01 1.704129e+05 2.564401e+05
1.482871e+01 1.696314e+05 2.511579e+05
1.484121e+01 1.689575e+05 2.465246e+05
1.485371e+01 1.683686e+05 2.424110e+05
1.486622e+01 1.678388e+05 2.386867e+05
1.487872e+01 1.673467e+05 2.352861e+05
1.489122e+01 1.668832e+05 2.321780e+05
1.490373e+01 1.664387e+05 2.293164e+05
1.491623e+01 1.660047e+05 2.266484e+05
1.492873e+01 1.655764e+05 2.241493e+05
1.494124e+01 1.651495e+05 2.218092e+05
1.495374e+01 1.647201e+05 2.196082e+05
1.496624e+01 1.642857e+05 2.175206e+05
1.497874e+01 1.638441e+05 2.155351e+05
1.499125e+01 1.633928e+05 2.136488e+05
1.500375e+01 1.629301e+05 2.118521e+05
1.501625e+01 1.624558e+05 2.101305e+05
1.502876e+01 1.619690e+05 2.084784e+05
1.504126e+01 1.614679e+05 2.068958e+05
1.505376e+01 1.609519e+05 2.053774e+05
1.506627e+01 1.604218e+05 2.039143e+05
1.507877e+01 1.598773e+05 2.025035e+05
1.509127e+01 1.593171e+05 2.011462e+05
1.510378e+01 1.587414e+05 1.998391e+05
1.511628e+01 1.581518e+05 1.985757e+05
1.512878e+01 1.575481e+05 1.973548e+05
1.514129e+01 1.569289e+05 1.961784e+05
1.515379e+01 1.562948e+05 1.950445e+05
1.516629e+01 1.556470e+05 1.939488e+05
1.517879e+01 1.549860e+05 1.928900e+05
1.519130e+01 1.543109e+05 1.918704e+05
1.520380e+01 1.536225e+05 1.908886e+05
1.521630e+01 1.529221e+05 1.899410e+05
1.522881e+01 1.522103e+05 1.890269e+05
1.524131e+01 1.514865e+05 1.881485e+05
1.525381e+01 1.507527e+05 1.873061e+05
1.526632e+01 1.500100e+05 1.864962e+05
1.527882e+01 1.492580e+05 1.857176e+05
1.529132e+01 1.484966e+05 1.849722e+05
1.530383e+01 1.477265e+05 1.842595e+05
1.531633e+01 1.469490e+05 1.835765e+05
1.532883e+01 1.461647e+05 1.829229e+05
1.534134e+01 1.453736e+05 1.823009e+05
1.535384e+01 1.445766e+05 1.817101e+05
1.536634e+01 1.437742e+05 1.811544e+05
1.537884e+01 1.429672e+05 1.806319e+05
1.539135e+01 1.421562e+05 1.801394e+05
1.540385e+01 1.413420e+05 1.796760e+05
1.541635e+01 1.405255e+05 1.792392e+05
1.542886e+01 1.397073e+05 1.788288e+05
1.544136e+01 1.388879e+05 1.784466e+05
1.545386e+01 1.380680e+05 1.780919e+05
1.546637e+01 1.372482e+05 1.777623e+05
1.547887e+01 1.364291e+05 1.774574e+05
1.549137e+01 1.356115e+05 1.771791e+05
1.550388e+01 1.347959e+05 1.769265e+05
1.551638e+01 1.339828e+05 1.766974e+05
1.552888e+01 1.331727e+05 1.764914e+05
1.554139e+01 1.323665e+05 1.763101e+05
1.555389e+01 1.315646e+05 1.761526e+05
1.556639e+01 1.307673e+05 1.760168e+05
1.557889e+01 1.299750e+05 1.759024e+05
1.559140e+01 1.291888e+05 1.758107e+05
1.560390e+01 1.284091e+05 1.757409e+05
1.561640e+01 1.276412e+05 1.756952e+05
1.562891e+01 1.268922e+05 1.756782e+05
1.564141e+01 1.261538e+05 1.756839e+05
1.565391e+01 1.254236e+05 1.757095e+05
1.566642e+01 1.247015e+05 1.757531e+05
1.567892e+01 1.239877e+05 1.758141e+05
1.569142e+01 1.232834e+05 1.758937e+05
1.570393e+01 1.225888e+05 1.759911e+05
1.571643e+01 1.219035e+05 1.761044e+05
1.572893e+01 1.212278e+05 1.762333e+05
1.574144e+01 1.205629e+05 1.763786e+05
1.575394e+01 1.199099e+05 1.765406e+05
1.576644e+01 1.192681e+05 1.767176e+05
1.577894e+01 1.186368e+05 1.769081e+05
1.579145e+01 1.180172e+05 1.771130e+05
1.580395e+01 1.174093e+05 1.773314e+05
1.581645e+01 1.168124e+05 1.775619e+05
1.582896e+01 1.162267e+05 1.778041e+05
1.584146e+01 1.156534e+05 1.780586e+05
1.585396e+01 1.150923e+05 1.783247e+05
1.586647e+01 1.145427e+05 1.786010e+05
1.587897e+01 1.140276e+05 1.788785e+05
1.589147e+01 1.135364e+05 1.791621e+05
1.590398e+01 1.130580e+05 1.794552e+05
1.591648e+01 1.125912e+05 1.797570e+05
1.592898e+01 1.121363e+05 1.800669e+05
1.594149e+01 1.116944e+05 1.803855e+05
1.595399e+01 1.112651e+05 1.807119e+05
1.596649e+01 1.108476e+05 1.810454e+05
1.597899e+01 1.104420e+05 1.813855e+05
1.599150e+01 1.100493e+05 1.817326e+05
1.600400e+01 1.096692e+05 1.820860e+05
1.601650e+01 1.093008e+05 1.824450e+05
1.602901e+01 1.089442e+05 1.828093e+05
1.604151e+01 1.086004e+05 1.831791e+05
1.605401e+01 1.082689e+05 1.835538e+05
1.606652e+01 1.079491e+05 1.839329e+05
1.607902e+01 1.076408e+05 1.843160e+05
1.609152e+01 1.073451e+05 1.847034e+05
1.610403e+01 1.070616e+05 1.850944e+05
1.611653e+01 1.067894e+05 1.854887e+05
1.612903e+01 1.065301e+05 1.858745e+05
1.614154e+01 1.062882e+05 1.862298e+05
1.615404e+01 1.060584e+05 1.865852e+05
1.616654e+01 1.058398e+05 1.869430e+05
1.617904e+01 1.056322e+05 1.873028e+05
1.619155e+01 1.054368e+05 1.876647e+05
1.620405e+01 1.052530e+05 1.880283e+05
1.621655e+01 1.050801e+05 1.883934e+05
1.622906e+01 1.049180e+05 1.887597e+05
1.624156e+01 1.047679e+05 1.891273e+05
1.625406e+01 1.046292e+05 1.894957e+05
1.626657e+01 1.045017e+05 1.898654e+05
1.627907e+01 1.043863e+05 1.902370e+05
1.629157e+01 1.042828e+05 1.906089e+05
1.630408e+01 1.041906e+05 1.909811e+05
1.631658e+01 1.041090e+05 1.913532e+05
1.632908e+01 1.040381e+05 1.917252e+05
1.634159e+01 1.039791e+05 1.920969e+05
1.635409e+01 1.039313e+05 1.924679e+05
1.636659e+01 1.038942e+05 1.928383e+05
1.637909e+01 1.038679e+05 1.932078e+05
1.639160e+01 1.038178e+05 1.935492e+05
1.640410e+01 1.037652e+05 1.938786e+05
1.641660e+01 1.037233e+05 1.942066e+05
1.642911e+01 1.036924e+05 1.945330e+05
1.644161e+01 1.036736e+05 1.948573e+05
1.645411e+01 1.036665e+05 1.951796e+05
1.646662e+01 1.036704e+05 1.954995e+05
1.647912e+01 1.036856e+05 1.958170e+05
1.649162e+01 1.037132e+05 1.961315e+05
1.650413e+01 1.037529e+05 1.964428e+05
1.651663e+01 1.038040e+05 1.967510e+05
1.652913e+01 1.038667e+05 1.970556e+05
1.654164e+01 1.039424e+05 1.973560e+05
1.655414e+01 1.040306e+05 1.976521e+05
1.656664e+01 1.041307e+05 1.979437e+05
1.657914e+01 1.042429e+05 1.982307e+05
1.659165e+01 1.043686e+05 1.985119e+05
1.660415e+01 1.045074e+05 1.987874e+05
1.661665e+01 1.046588e+05 1.990569e+05
1.662916e+01 1.048227e+05 1.993202e+05
1.664166e+01 1.049827e+05 1.995834e+05
1.665416e+01 1.050996e+05 1.998621e+05
1.666667e+01 1.052298e+05 2.001331e+05
1.667917e+01 1.053732e+05 2.003959e+05
1.669167e+01 1.055318e+05 2.006489e+05
1.670418e+01 1.057048e+05 2.008919e+05
1.671668e+01 1.058918e+05 2.011249e+05
1.672918e+01 1.060929e+05 2.013472e+05
1.674169e+01 1.063100e+05 2.015568e+05
1.675419e+01 1.065426e+05 2.017535e+05
1.676669e+01 1.067899e+05 2.019372e+05
1.677919e+01 1.070524e+05 2.021071e+05
1.679170e+01 1.073320e+05 2.022605e+05
1.680420e+01 1.076291e+05 2.023983e+05
1.681670e+01 1.079429e+05 2.025200e+05
1.682921e+01 1.082730e+05 2.026237e+05
1.684171e+01 1.086217e+05 2.027060e+05
1.685421e+01 1.089882e+05 2.027666e+05
1.686672e+01 1.093723e+05 2.028051e+05
1.687922e+01 1.097742e+05 2.028201e+05
1.689172e+01 1.101952e+05 2.028145e+05
1.690423e+01 1.106237e+05 2.028436e+05
1.691673e+01 1.110658e+05 2.028743e+05
1.692923e+01 1.115282e+05 2.028735e+05
1.694174e+01 1.120142e+05 2.028347e+05
1.695424e+01 1.125236e+05 2.027569e+05
1.696674e+01 1.130561e+05 2.026389e+05
1.697924e+01 1.136130e+05 2.024774e+05
1.699175e+01 1.141987e+05 2.022626e+05
1.700425e+01 1.148134e+05 2.019926e+05
1.701675e+01 1.154576e+05 2.016649e+05
1.702926e+01 1.161335e+05 2.012737e+05
1.704176e+01 1.168480e+05 2.008036e+05
1.705426e+01 1.176024e+05 2.002501e+05
1.706677e+01 1.183987e+05 1.996075e+05
1.707927e+01 1.192415e+05 1.988652e+05
1.709177e+01 1.201430e+05 1.979950e+05
1.710428e+01 1.211077e+05 1.969862e+05
1.711678e+01 1.221416e+05 1.958248e+05
1.712928e+01 1.232557e+05 1.944866e+05
1.714179e+01 1.244764e+05 1.929130e+05
1.715429e+01 1.258470e+05 1.911034e+05
1.716679e+01 1.274160e+05 1.890471e+05
1.717929e+01 1.291601e+05 1.866188e+05
1.719180e+01 1.311526e+05 1.836583e+05
1.720430e+01 1.334518e+05 1.800503e+05
1.721680e+01 1.361415e+05 1.756317e+05
1.722931e+01 1.393607e+05 1.701356e+05
1.724181e+01 1.434532e+05 1.629099e+05
1.725431e+01 1.488188e+05 1.532479e+05
1.726682e+01 1.561619e+05 1.399557e+05
1.727932e+01 1.669281e+05 1.207024e+05
1.729182e+01 1.861843e+05 8.800971e+04
1.730433e+01 2.287324e+05 2.411957e+04
1.731683e+01 3.777600e+05 -1.380661e+05
1.732933e+01 1.963560e+06 3.857858e+05
1.734184e+01 6.826574e+04 7.718342e+05
1.735434e+01 5.754964e+04 4.724479e+05
1.736684e+01 7.354639e+04 3.808016e+05
1.737934e+01 8.460155e+04 3.377720e+05
1.739185e+01 9.192654e+04 3.140214e+05
1.740435e+01 9.728164e+04 2.984092e+05
1.741685e+01 1.015263e+05 2.871796e+05
1.742936e+01 1.050021e+05 2.787213e+05
1.744186e+01 1.078514e+05 2.722777e+05
1.745436e+01 1.102881e+05 2.670973e+05
1.746687e+01 1.124268e+05 2.627937e+05
1.747937e+01 1.143323e+05 2.591522e+05
1.749187e+01 1.160328e+05 2.560704e+05
1.750438e+01 1.175818e+05 2.533853e+05
1.751688e+01 1.190107e+05 2.510024e+05
1.752938e+01 1.203377e+05 2.488651e+05
1.754189e+01 1.215679e+05 2.469500e+05
1.755439e+01 1.227212e+05 2.452016e+05
1.756689e+01 1.238096e+05 2.435864e+05
1.757939e+01 1.248400e+05 2.420835e+05
1.759190e+01 1.258120e+05 2.406864e+05
1.760440e+01 1.267352e+05 2.393710e+05
1.761690e+01 1.276152e+05 2.381228e+05
1.762941e+01 1.284552e+05 2.369327e+05
1.764191e+01 1.292530e+05 2.357984e+05
1.765441e+01 1.300143e+05 2.347084e+05
1.766692e+01 1.307817e+05 2.335930e+05
1.767942e+01 1.315671e+05 2.324311e+05
1.769192e+01 1.323239e+05 2.312918e+05
1.770443e+01 1.330502e+05 2.301783e+05
1.771693e+01 1.337480e+05 2.290868e+05
1.772943e+01 1.344180e+05 2.280151e+05
1.774194e+01 1.350575e+05 2.269633e+05
1.775444e+01 1.356694e+05 2.259280e+05
1.776694e+01 1.362554e+05 2.249069e+05
1.777944e+01 1.368158e+05 2.238992e+05
1.779195e+01 1.373478e+05 2.229052e+05
1.780445e+01 1.378541e+05 2.219229e+05
1.781695e+01 1.383360e+05 2.209512e+05
1.782946e+01 1.387936e+05 2.199897e+05
1.784196e+01 1.392243e+05 2.190391e+05
1.785446e+01 1.396304e+05 2.180982e+05
1.786697e+01 1.400132e+05 2.171665e+05
1.787947e+01 1.403728e+05 2.162437e+05
1.789197e+01 1.407065e+05 2.153309e+05
1.790448e+01 1.410168e+05 2.144274e+05
1.791698e+01 1.412993e+05 2.135171e+05
1.792948e+01 1.415151e+05 2.124840e+05
1.794199e+01 1.416928e+05 2.114226e+05
1.795449e+01 1.418482e+05 2.103709e+05
1.796699e+01 1.419822e+05 2.093286e+05
1.797949e+01 1.420951e+05 2.082960e+05
1.799200e+01 1.421845e+05 2.072747e+05
1.800450e+01 1.422527e+05 2.062640e+05
1.801700e+01 1.423007e+05 2.052637e+05
1.802951e+01 1.423290e+05 2.042742e+05
1.804201e+01 1.423351e+05 2.032973e+05
1.805451e+01 1.423214e+05 2.023322e+05
1.806702e+01 1.422890e+05 2.013788e+05
1.807952e+01 1.422383e+05 2.004374e+05
1.809202e+01 1.421671e+05 1.995100e+05
1.810453e+01 1.420778e+05 1.985958e+05
1.811703e+01 1.419713e+05 1.976945e+05
1.812953e+01 1.418482e+05 1.968066e+05
1.814204e+01 1.417065e+05 1.959341e+05
1.815454e+01 1.415486e+05 1.950760e+05
1.816704e+01 1.413754e+05 1.942321e+05
1.817954e+01 1.411025e+05 1.933723e+05
1.819205e+01 1.407000e+05 1.924888e+05
1.820455e+01 1.402800e+05 1.916195e+05
1.821705e+01 1.398467e+05 1.907656e+05
1.822956e+01 1.394004e+05 1.899272e+05
1.824206e+01 1.389402e+05 1.891068e+05
1.825456e+01 1.384679e+05 1.883028e+05
1.826707e+01 1.379844e+05 1.875150e+05
1.827957e+01 1.374901e+05 1.867435e+05
1.829207e+01 1.369843e+05 1.859909e+05
1.830458e+01 1.364686e+05 1.852554e+05
1.831708e+01 1.359439e+05 1.845367e+05
1.832958e+01 1.354107e+05 1.838350e+05
1.834209e+01 1.348685e+05 1.831526e+05
1.835459e+01 1.343187e+05 1.824878e+05
1.836709e+01 1.337621e+05 1.818402e+05
1.837959e+01 1.331993e+05 1.812098e+05
1.839210e+01 1.326300e+05 1.805991e+05
1.840460e+01 1.320554e+05 1.800061e+05
1.841710e+01 1.314763e+05 1.794303e+05
1.842961e+01 1.308931e+05 1.788718e+05
1.844211e+01 1.301285e+05 1.784425e+05
1.845461e+01 1.293479e+05 1.780388e+05
1.846712e+01 1.285648e+05 1.776522e+05
1.847962e+01 1.277799e+05 1.772826e+05
1.849212e+01 1.269934e+05 1.769322e+05
1.850463e+01 1.262062e+05 1.765991e+05
1.851713e+01 1.254201e+05 1.762840e+05
1.852963e+01 1.246342e+05 1.759855e+05
1.854214e+01 1.238490e+05 1.757055e+05
1.855464e+01 1.230650e+05 1.754421e+05
1.856714e+01 1.222825e+05 1.751946e+05
1.857964e+01 1.215021e+05 1.749628e+05
1.859215e+01 1.207246e+05 1.747487e+05
1.860465e+01 1.199501e+05 1.745503e+05
1.861715e+01 1.191790e+05 1.743669e+05
1.862966e+01 1.184116e+05 1.741983e+05
1.864216e+01 1.176489e+05 1.740463e+05
1.865466e+01 1.168909e+05 1.739089e+05
1.866717e+01 1.161379e+05 1.737855e+05
1.867967e+01 1.153901e+05 1.736758e+05
1.869217e+01 1.146370e+05 1.736857e+05
1.870468e+01 1.138761e+05 1.738320e+05
1.871718e+01 1.131215e+05 1.739912e+05
1.872968e+01 1.123734e+05 1.741629e+05
1.874219e+01 1.116332e+05 1.743484e+05
1.875469e+01 1.109004e+05 1.745461e+05
1.876719e+01 1.101749e+05 1.747553e+05
1.877969e+01 1.094571e+05 1.749757e+05
1.879220e+01 1.087484e+05 1.752085e+05
1.880470e+01 1.080479e+05 1.754520e+05
1.881720e+01 1.073559e+05 1.757058e+05
1.882971e+01 1.066723e+05 1.759694e+05
1.884221e+01 1.059988e+05 1.762439e+05
1.885471e+01 1.053343e+05 1.765278e+05
1.886722e+01 1.046789e+05 1.768205e+05
1.887972e+01 1.040328e+05 1.771217e+05
1.889222e+01 1.033974e+05 1.774324e+05
1.890473e+01 1.027717e+05 1.777510e+05
1.891723e+01 1.021556e+05 1.780772e+05
1.892973e+01 1.015492e+05 1.784105e+05
1.894224e+01 1.009765e+05 1.787734e+05
1.895474e+01 1.005319e+05 1.792567e+05
1.896724e+01 1.001221e+05 1.797700e+05
1.897974e+01 9.972240e+04 1.802894e+05
1.899225e+01 9.933437e+04 1.808152e+05
1.900475e+01 9.895674e+04 1.813464e+05
1.901725e+01 9.858940e+04 1.818827e+05
1.902976e+01 9.823238e+04 1.824238e+05
1.904226e+01 9.788731e+04 1.829700e+05
1.905476e+01 9.755284e+04 1.835204e+05
1.906727e+01 9.722883e+04 1.840747e+05
1.907977e+01 9.691531e+04 1.846327e+05
1.909227e+01 9.661393e+04 1.851946e+05
1.910478e+01 9.632327e+04 1.857597e+05
1.911728e+01 9.604397e+04 1.863283e+05
1.912978e+01 9.577601e+04 1.869003e+05
1.914229e+01 9.552033e+04 1.874750e+05
1.915479e+01 9.527550e+04 1.880518e+05
1.916729e+01 9.504140e+04 1.886304e+05
1.917979e+01 9.481805e+04 1.892108e+05
1.919230e+01 9.461377e+04 1.897916e+05
1.920480e+01 9.452206e+04 1.903570e+05
1.921730e+01 9.455713e+04 1.909043e+05
1.922981e+01 9.460315e+04 1.914523e+05
1.924231e+01 9.466186e+04 1.920008e+05
1.925481e+01 9.473179e+04 1.925496e+05
1.926732e+01 9.481287e+04 1.930984e+05
1.927982e+01 9.490516e+04 1.936470e+05
1.929232e+01 9.501053e+04 1.941951e+05
1.930483e+01 9.512746e+04 1.947424e+05
1.931733e+01 9.525593e+04 1.952888e+05
1.932983e+01 9.539605e+04 1.958341e+05
1.934234e+01 9.554981e+04 1.963777e+05
1.935484e+01 9.571567e+04 1.969195e+05
1.936734e+01 9.589366e+04 1.974594e+05
1.937984e+01 9.608396e+04 1.979971e+05
1.939235e+01 9.628874e+04 1.985318e+05
1.940485e+01 9.650644e+04 1.990637e+05
1.941735e+01 9.673714e+04 1.995924e+05
1.942986e+01 9.698111e+04 2.001176e+05
1.944236e+01 9.724082e+04 2.006383e+05
1.945486e+01 9.753669e+04 2.011111e+05
1.946737e+01 9.790754e+04 2.014590e+05
1.947987e+01 9.831121e+04 2.017660e+05
1.949237e+01 9.873243e+04 2.020665e+05
1.950488e+01 9.916948e+04 2.023608e+05
1.951738e+01 9.962272e+04 2.026486e+05
1.952988e+01 1.000927e+05 2.029291e+05
1.954239e+01 1.005830e+05 2.032006e+05
1.955489e+01 1.010917e+05 2.034633e+05
1.956739e+01 1.016194e+05 2.037166e+05
1.957989e+01 1.021671e+05 2.039598e+05
1.959240e+01 1.027391e+05 2.041900e+05
1.960490e+01 1.033335e+05 2.044077e+05
1.961740e+01 1.039515e+05 2.046120e+05
1.962991e+01 1.045944e+05 2.048016e+05
1.964241e+01 1.052682e+05 2.049723e+05
1.965491e+01 1.059710e+05 2.051249e+05
1.966742e+01 1.067047e+05 2.052574e+05
1.967992e+01 1.074717e+05 2.053681e+05
1.969242e+01 1.082810e+05 2.054501e+05
1.970493e+01 1.091308e+05 2.055042e+05
1.971743e+01 1.099665e+05 2.054147e+05
1.972993e+01 1.108082e+05 2.052081e+05
1.974244e+01 1.117135e+05 2.049544e+05
1.975494e+01 1.126826e+05 2.046553e+05
1.976744e+01 1.137223e+05 2.043038e+05
1.977994e+01 1.148426e+05 2.038921e+05
1.979245e+01 1.160730e+05 2.033975e+05
1.980495e+01 1.174165e+05 2.028175e+05
1.981745e+01 1.188929e+05 2.021368e+05
1.982996e+01 1.205283e+05 2.013357e+05
1.984246e+01 1.223946e+05 2.003601e+05
1.985496e+01 1.245142e+05 1.991938e+05
1.986747e+01 1.269533e+05 1.977887e+05
1.987997e+01 1.298044e+05 1.960781e+05
1.989247e+01 1.333219e+05 1.938798e+05
1.990498e+01 1.376656e+05 1.910871e+05
1.991748e+01 1.432015e+05 1.874538e+05
1.992998e+01 1.505468e+05 1.825774e+05
1.994249e+01 1.616686e+05 1.752226e+05
1.995499e+01 1.793677e+05 1.638392e+05
1.996749e+01 2.119174e+05 1.442765e+05
1.997999e+01 2.897575e+05 1.049639e+05
1.999250e+01 4.103785e+05 3.239769e+05
2.000500e+01 -6.069831e+04 7.987609e+05
2.001750e+01 -1.679197e+04 3.558271e+05
2.003001e+01 3.103627e+04 2.933118e+05
2.004251e+01 5.173355e+04 2.713548e+05
2.005501e+01 6.445204e+04 2.587757e+05
2.006752e+01 7.305695e+04 2.506818e+05
2.008002e+01 7.928739e+04 2.450515e+05
2.009252e+01 8.387323e+04 2.410625e+05
2.010503e+01 8.756075e+04 2.379431e+05
2.011753e+01 9.060890e+04 2.354296e+05
2.013003e+01 9.318669e+04 2.333532e+05
2.014254e+01 9.536569e+04 2.316393e+05
2.015504e+01 9.728839e+04 2.301533e+05
2.016754e+01 9.900754e+04 2.288444e+05
2.018005e+01 1.005622e+05 2.276752e+05
2.019255e+01 1.019647e+05 2.266313e+05
2.020505e+01 1.032616e+05 2.256712e+05
2.021755e+01 1.044696e+05 2.247791e+05
2.023006e+01 1.055053e+05 2.240357e+05
2.024256e+01 1.064079e+05 2.234005e+05
2.025506e+01 1.072567e+05 2.227996e+05
2.026757e+01 1.080583e+05 2.222265e+05
2.028007e+01 1.088181e+05 2.216757e+05
2.029257e+01 1.095356e+05 2.211448e+05
2.030508e+01 1.102208e+05 2.206267e+05
2.031758e+01 1.108768e+05 2.201183e+05
2.033008e+01 1.115060e+05 2.196169e+05
2.034259e+01 1.121071e+05 2.191205e+05
2.035509e+01 1.126858e+05 2.186261e+05
2.036759e+01 1.132437e+05 2.181322e+05
2.038010e+01 1.137817e+05 2.176372e+05
2.039260e+01 1.142991e+05 2.171402e+05
2.040510e+01 1.147994e+05 2.166401e+05
2.041760e+01 1.152826e+05 2.161354e+05
2.043011e+01 1.157492e+05 2.156252e+05
2.044261e+01 1.161973e+05 2.151079e+05
2.045511e+01 1.166298e+05 2.145839e+05
2.046762e+01 1.170468e+05 2.140525e+05
2.048012e+01 1.174515e+05 2.135444e+05
2.049262e+01 1.178568e+05 2.132070e+05
2.050513e+01 1.182471e+05 2.128613e+05
2.051763e+01 1.186223e+05 2.125070e+05
2.053013e+01 1.189822e+05 2.121441e+05
2.054264e+01 1.193245e+05 2.117709e+05
2.055514e+01 1.196516e+05 2.113889e+05
2.056764e+01 1.199632e+05 2.109980e+05
2.058015e+01 1.202592e+05 2.105983e+05
2.059265e+01 1.205370e+05 2.101885e+05
2.060515e+01 1.207988e+05 2.097701e+05
2.061765e+01 1.210447e+05 2.093432e+05
2.063016e+01 1.212741e+05 2.089080e+05
2.064266e+01 1.214845e+05 2.084635e+05
2.065516e+01 1.216783e+05 2.080112e+05
2.066767e+01 1.218552e+05 2.075514e+05
2.068017e+01 1.220149e+05 2.070843e+05
2.069267e+01 1.221547e+05 2.066092e+05
2.070518e+01 1.222771e+05 2.061275e+05
2.071768e+01 1.223820e+05 2.056397e+05
2.073018e+01 1.224703e+05 2.051469e+05
2.074269e+01 1.226481e+05 2.047217e+05
2.075519e+01 1.228643e+05 2.043292e+05
2.076769e+01 1.230622e+05 2.039321e+05
2.078020e+01 1.232415e+05 2.035309e+05
2.079270e+01 1.233996e+05 2.031255e+05
2.080520e+01 1.235391e+05 2.027170e+05
2.081770e+01 1.236601e+05 2.023059e+05
2.083021e+01 1.237621e+05 2.018925e+05
2.084271e+01 1.238425e+05 2.014772e+05
2.085521e+01 1.239041e+05 2.010609e+05
2.086772e+01 1.239469e+05 2.006440e+05
2.088022e+01 1.239707e+05 2.002269e+05
2.089272e+01 1.239729e+05 1.998104e+05
2.090523e+01 1.239563e+05 1.993950e+05
2.091773e+01 1.239211e+05 1.989811e+05
2.093023e+01 1.238669e+05 1.985692e+05
2.094274e+01 1.237915e+05 1.981604e+05
2.095524e+01 1.236977e+05 1.977548e+05
2.096774e+01 1.235857e+05 1.973530e+05
2.098025e+01 1.234552e+05 1.969554e+05
2.099275e+01 1.233424e+05 1.965525e+05
2.100525e+01 1.233500e+05 1.961160e+05
2.101775e+01 1.233426e+05 1.956846e+05
2.103026e+01 1.233175e+05 1.952597e+05
2.104276e+01 1.232729e+05 1.948427e+05
2.105526e+01 1.232116e+05 1.944333e+05
2.106777e+01 1.231348e+05 1.940329e+05
2.108027e+01 1.230416e+05 1.936409e+05
2.109277e+01 1.229300e+05 1.932592e+05
2.110528e+01 1.228028e+05 1.928867e+05
2.111778e+01 1.226604e+05 1.925241e+05
2.113028e+01 1.225027e+05 1.921718e+05
2.114279e+01 1.223284e+05 1.918318e+05
2.115529e+01 1.221400e+05 1.915028e+05
2.116779e+01 1.219379e+05 1.911854e+05
2.118030e+01 1.217222e+05 1.908799e+05
2.119280e+01 1.214916e+05 1.905885e+05
2.120530e+01 1.212487e+05 1.903097e+05
2.121780e+01 1.209937e+05 1.900439e+05
2.123031e+01 1.207269e+05 1.897915e+05
2.124281e+01 1.204534e+05 1.895421e+05
2.125531e+01 1.202081e+05 1.892238e+05
2.126782e+01 1.199778e+05 1.888665e+05
2.128032e+01 1.197375e+05 1.885238e+05
2.129282e+01 1.194869e+05 1.881979e+05
2.130533e+01 1.192276e+05 1.878868e+05
2.131783e+01 1.189603e+05 1.875908e+05
2.133033e+01 1.186852e+05 1.873103e+05
2.134284e+01 1.184019e+05 1.870474e+05
2.135534e+01 1.181122e+05 1.868000e+05
2.136784e+01 1.178164e+05 1.865683e+05
2.138035e+01 1.175150e+05 1.863527e+05
2.139285e+01 1.172079e+05 1.861552e+05
2.140535e+01 1.168964e+05 1.859737e+05
2.141785e+01 1.165809e+05 1.858082e+05
2.143036e+01 1.162619e+05 1.856590e+05
2.144286e+01 1.159396e+05 1.855282e+05
2.145536e+01 1.156150e+05 1.854134e+05
2.146787e+01 1.152885e+05 1.853146e+05
2.148037e+01 1.149606e+05 1.852322e+05
2.149287e+01 1.146317e+05 1.851681e+05
2.150538e+01 1.142838e+05 1.850774e+05
2.151788e+01 1.139034e+05 1.849289e+05
2.153038e+01 1.135190e+05 1.847861e+05
2.154289e+01 1.131360e+05 1.846611e+05
2.155539e+01 1.127545e+05 1.845517e+05
2.156789e+01 1.123750e+05 1.844575e+05
2.158040e+01 1.119980e+05 1.843790e+05
2.159290e+01 1.116244e+05 1.843176e+05
2.160540e+01 1.112541e+05 1.842710e+05
2.161790e+01 1.108875e+05 1.842391e+05
2.163041e+01 1.105253e+05 1.842221e+05
2.164291e+01 1.101682e+05 1.842214e+05
2.165541e+01 1.098162e+05 1.842347e+05
2.166792e+01 1.094695e+05 1.842618e+05
2.168042e+01 1.091286e+05 1.843030e+05
2.169292e+01 1.087947e+05 1.843593e+05
2.170543e+01 1.084672e+05 1.844288e+05
2.171793e+01 1.081464e+05 1.845111e+05
2.173043e+01 1.078329e+05 1.846065e+05
2.174294e+01 1.075279e+05 1.847159e+05
2.175544e+01 1.072232e+05 1.848359e+05
2.176794e+01 1.068607e+05 1.849478e+05
2.178045e+01 1.064750e+05 1.850619e+05
2.179295e+01 1.060991e+05 1.851889e+05
2.180545e+01 1.057319e+05 1.853268e+05
2.181795e+01 1.053738e+05 1.854756e+05
2.183046e+01 1.050253e+05 1.856351e+05
2.184296e+01 1.046875e+05 1.858062e+05
2.185546e+01 1.043595e+05 1.859872e+05
2.186797e+01 1.040415e+05 1.861779e+05
2.188047e+01 1.037339e+05 1.863782e+05
2.189297e+01 1.034381e+05 1.865890e+05
2.190548e+01 1.031529e+05 1.868086e+05
2.191798e+01 1.028784e+05 1.870369e+05
2.193048e+01 1.026151e+05 1.872738e+05
2.194299e+01 1.023645e+05 1.875200e+05
2.195549e+01 1.021251e+05 1.877740e+05
2.196799e+01 1.018972e+05 1.880358e+05
2.198050e+01 1.016813e+05 1.883052e+05
2.199300e+01 1.014787e+05 1.885829e+05
2.200550e+01 1.012882e+05 1.888677e+05
2.201800e+01 1.010831e+05 1.891762e+05
2.203051e+01 1.008508e+05 1.895170e+05
2.204301e+01 1.006280e+05 1.898682e+05
2.205551e+01 1.004179e+05 1.902257e+05
2.206802e+01 1.002207e+05 1.905894e+05
2.208052e+01 1.000370e+05 1.909595e+05
2.209302e+01 9.986850e+04 1.913364e+05
2.210553e+01 9.971356e+04 1.917191e+05
2.211803e+01 9.957246e+04 1.921077e+05
2.213053e+01 9.944598e+04 1.925022e+05
2.214304e+01 9.933584e+04 1.929033e+05
2.215554e+01 9.924049e+04 1.933099e+05
2.216804e+01 9.916028e+04 1.937223e+05
2.218055e+01 9.909617e+04 1.941407e+05
2.219305e+01 9.905016e+04 1.945655e+05
2.220555e+01 9.902068e+04 1.949963e+05
2.221805e+01 9.900827e+04 1.954330e+05
2.223056e+01 9.901418e+04 1.958762e+05
2.224306e+01 9.904089e+04 1.963265e+05
2.225556e+01 9.908683e+04 1.967834e+05
2.226807e+01 9.915286e+04 1.972473e+05
2.228057e+01 9.923282e+04 1.977687e+05
2.229307e+01 9.933637e+04 1.983087e+05
2.230558e+01 9.946356e+04 1.988570e+05
2.231808e+01 9.961585e+04 1.994143e+05
2.233058e+01 9.979594e+04 1.999815e+05
2.234309e+01 1.000086e+05 2.005608e+05
2.235559e+01 1.002527e+05 2.011517e+05
2.236809e+01 1.005306e+05 2.017556e+05
2.238060e+01 1.008471e+05 2.023745e+05
2.239310e+01 1.012100e+05 2.030117e+05
2.240560e+01 1.016186e+05 2.036677e+05
2.241810e+01 1.020784e+05 2.043449e+05
2.243061e+01 1.025979e+05 2.050475e+05
2.244311e+01 1.031920e+05 2.057827e+05
2.245561e+01 1.038628e+05 2.065521e+05
2.246812e+01 1.046233e+05 2.073630e+05
2.248062e+01 1.054927e+05 2.082247e+05
2.249312e+01 1.065043e+05 2.091543e+05
2.250563e+01 1.076712e+05 2.101596e+05
2.251813e+01 1.090280e+05 2.112593e+05
2.253063e+01 1.106425e+05 2.124969e+05
2.254314e+01 1.126261e+05 2.139385e+05
2.255564e+01 1.150345e+05 2.156051e+05
2.256814e+01 1.180176e+05 2.175827e+05
2.258065e+01 1.218574e+05 2.200353e+05
2.259315e+01 1.271381e+05 2.233117e+05
2.260565e+01 1.345589e+05 2.278588e+05
2.261815e+01 1.457201e+05 2.347327e+05
2.263066e+01 1.650726e+05 2.471199e+05
2.264316e+01 2.118558e+05 2.818835e+05
2.265566e+01 3.761269e+05 5.735668e+05
2.266817e+01 -1.459847e+05 2.632085e+05
2.268067e+01 -5.124156e+04 1.587927e+05
2.269317e+01 1.085545e+04 1.758532e+05
2.270568e+01 3.694113e+04 1.851274e+05
2.271818e+01 5.114991e+04 1.908388e+05
2.273068e+01 5.997198e+04 1.946901e+05
2.274319e+01 6.590396e+04 1.974561e+05
2.275569e+01 7.036875e+04 1.996393e+05
2.276819e+01 7.387036e+04 2.014251e+05
2.278070e+01 7.668932e+04 2.029192e+05
2.279320e+01 7.902030e+04 2.041951e+05
2.280570e+01 8.103075e+04 2.053233e+05
2.281820e+01 8.279384e+04 2.063339e+05
2.283071e+01 8.435779e+04 2.072461e+05
2.284321e+01 8.575802e+04 2.080735e+05
2.285571e+01 8.704383e+04 2.088383e+05
2.286822e+01 8.823669e+04 2.095495e+05
2.288072e+01 8.935052e+04 2.102122e+05
2.289322e+01 9.039630e+04 2.108299e+05
2.290573e+01 9.139257e+04 2.114120e+05
2.291823e+01 9.234748e+04 2.119619e+05
2.293073e+01 9.326633e+04 2.124809e+05
2.294324e+01 9.415352e+04 2.129696e+05
2.295574e+01 9.501730e+04 2.134332e+05
2.296824e+01 9.586133e+04 2.138730e+05
2.298075e+01 9.668798e+04 2.142891e+05
2.299325e+01 9.749934e+04 2.146811e+05
2.300575e+01 9.829939e+04 2.150524e+05
2.301825e+01 9.908988e+04 2.154035e+05
2.303076e+01 9.987217e+04 2.157339e+05
2.304326e+01 1.006528e+05 2.160433e+05
2.305576e+01 1.014367e+05 2.163345e+05
2.306827e+01 1.022162e+05 2.166070e+05
2.308077e+01 1.029916e+05 2.168599e+05
2.309327e+01 1.037637e+05 2.170922e+05
2.310578e+01 1.045331e+05 2.173061e+05
2.311828e+01 1.053005e+05 2.175017e+05
2.313078e+01 1.060658e+05 2.176778e+05
2.314329e+01 1.068293e+05 2.178335e+05
2.315579e+01 1.075913e+05 2.179708e+05
2.316829e+01 1.083519e+05 2.180896e+05
2.318080e+01 1.091110e+05 2.181890e+05
2.319330e+01 1.098686e+05 2.182676e+05
2.320580e+01 1.106256e+05 2.183286e+05
2.321830e+01 1.113811e+05 2.183709e+05
2.323081e+01 1.121346e+05 2.183934e+05
2.324331e+01 1.128858e+05 2.183950e+05
2.325581e+01 1.136347e+05 2.183775e+05
2.326832e+01 1.143810e+05 2.183411e+05
2.328082e+01 1.151243e+05 2.182846e+05
2.329332e+01 1.158666e+05 2.182065e+05
2.330583e+01 1.166161e+05 2.181079e+05
2.331833e+01 1.173652e+05 2.179896e+05
2.333083e+01 1.181097e+05 2.178512e+05
2.334334e+01 1.188489e+05 2.176915e+05
2.335584e+01 1.195828e+05 2.175127e+05
2.336834e+01 1.203110e+05 2.173148e+05
2.338085e+01 1.210327e+05 2.170969e+05
2.339335e+01 1.217470e+05 2.168580e+05
2.340585e+01 1.224541e+05 2.166003e+05
2.341835e+01 1.231535e+05 2.163238e+05
2.343086e+01 1.238444e+05 2.160277e+05
2.344336e+01 1.245256e+05 2.157112e+05
2.345586e+01 1.251975e+05 2.153764e+05
2.346837e+01 1.258598e+05 2.150236e+05
2.348087e+01 1.265112e+05 2.146519e+05
2.349337e+01 1.271506e+05 2.142606e+05
2.350588e+01 1.277787e+05 2.138520e+05
2.351838e+01 1.283950e+05 2.134263e+05
2.353088e+01 1.289982e+05 2.129828e+05
2.354339e+01 1.295871e+05 2.125211e+05
2.355589e+01 1.301693e+05 2.120343e+05
2.356839e+01 1.307450e+05 2.115216e+05
2.358090e+01 1.313055e+05 2.109925e+05
2.359340e+01 1.318495e+05 2.104469e+05
2.360590e+01 1.323780e+05 2.098867e+05
2.361840e+01 1.328907e+05 2.093123e+05
2.363091e+01 1.333862e+05 2.087235e+05
2.364341e+01 1.338630e+05 2.081201e+05
2.365591e+01 1.343227e+05 2.075040e+05
2.366842e+01 1.347647e+05 2.068757e+05
2.368092e+01 1.351876e+05 2.062351e+05
2.369342e+01 1.355901e+05 2.055822e+05
2.370593e+01 1.359739e+05 2.049188e+05
2.371843e+01 1.363384e+05 2.042455e+05
2.373093e+01 1.366823e+05 2.035622e+05
2.374344e+01 1.370044e+05 2.028693e+05
2.375594e+01 1.373063e+05 2.021684e+05
2.376844e+01 1.375879e+05 2.014600e+05
2.378095e+01 1.378475e+05 2.007443e+05
2.379345e+01 1.380842e+05 2.000218e+05
2.380595e+01 1.382970e+05 1.992880e+05
2.381845e+01 1.384796e+05 1.985302e+05
2.383096e+01 1.386366e+05 1.977620e+05
2.384346e+01 1.387698e+05 1.969900e+05
2.385596e+01 1.388813e+05 1.962154e+05
2.386847e+01 1.389712e+05 1.954387e+05
2.388097e+01 1.390378e+05 1.946607e+05
2.389347e+01 1.390804e+05 1.938820e+05
2.390598e+01 1.391011e+05 1.931035e+05
2.391848e+01 1.391000e+05 1.923259e+05
2.393098e+01 1.390756e+05 1.915500e+05
2.394349e+01 1.390274e+05 1.907766e+05
2.395599e+01 1.389576e+05 1.900064e+05
2.396849e+01 1.388673e+05 1.892408e+05
2.398100e+01 1.387541e+05 1.884800e+05
2.399350e+01 1.386176e+05 1.877248e+05
2.400600e+01 1.384601e+05 1.869755e+05
2.401850e+01 1.382818e+05 1.862327e+05
2.403101e+01 1.380816e+05 1.854976e+05
2.404351e+01 1.378590e+05 1.847712e+05
2.405601e+01 1.376165e+05 1.840534e+05
2.406852e+01 1.373241e+05 1.833423e+05
2.408102e+01 1.369872e+05 1.826397e+05
2.409352e+01 1.366281e+05 1.819486e+05
2.410603e+01 1.362504e+05 1.812685e+05
2.411853e+01 1.358546e+05 1.806002e+05
2.413103e+01 1.354397e+05 1.799449e+05
2.414354e+01 1.350057e+05 1.793036e+05
2.415604e+01 1.345549e+05 1.786758e+05
2.416854e+01 1.340877e+05 1.780619e+05
2.418105e+01 1.336035e+05 1.774634e+05
2.419355e+01 1.331024e+05 1.768812e+05
2.420605e+01 1.325864e+05 1.763144e+05
2.421855e+01 1.320561e+05 1.757634e+05
2.423106e+01 1.315110e+05 1.752299e+05
2.424356e+01 1.309515e+05 1.747146e+05
2.425606e+01 1.303794e+05 1.742164e+05
2.426857e+01 1.297952e+05 1.737356e+05
2.428107e+01 1.291988e+05 1.732738e+05
2.429357e+01 1.285906e+05 1.728319e+05
2.430608e+01 1.279722e+05 1.724083e+05
2.431858e+01 1.273358e+05 1.720125e+05
2.433108e+01 1.266434e+05 1.716872e+05
2.434359e+01 1.259365e+05 1.713888e+05
2.435609e+01 1.252220e+05 1.711097e+05
2.436859e+01 1.245004e+05 1.708502e+05
2.438110e+01 1.237720e+05 1.706118e+05
2.439360e+01 1.230374e+05 1.703951e+05
2.440610e+01 1.222977e+05 1.701983e+05
2.441860e+01 1.215536e+05 1.700217e+05
2.443111e+01 1.208054e+05 1.698666e+05
2.444361e+01 1.200538e+05 1.697335e+05
2.445611e+01 1.192996e+05 1.696207e+05
2.446862e+01 1.185436e+05 1.695280e+05
2.448112e+01 1.177862e+05 1.694571e+05
2.449362e+01 1.170281e+05 1.694082e+05
2.450613e+01 1.162700e+05 1.693794e+05
2.451863e+01 1.155124e+05 1.693707e+05
2.453113e+01 1.147560e+05 1.693834e+05
2.454364e+01 1.140015e+05 1.694178e+05
2.455614e+01 1.132493e+05 1.694719e+05
2.456864e+01 1.124998e+05 1.695457e+05
2.458115e+01 1.117577e+05 1.697158e+05
2.459365e+01 1.110224e+05 1.699625e+05
2.460615e+01 1.102916e+05 1.702283e+05
2.461865e+01 1.095656e+05 1.705131e+05
2.463116e+01 1.088454e+05 1.708182e+05
2.464366e+01 1.081315e+05 1.711436e+05
2.465616e+01 1.074239e+05 1.714874e+05
2.466867e+01 1.067230e+05 1.718495e+05
2.468117e+01 1.060297e+05 1.722310e+05
2.469367e+01 1.053445e+05 1.726320e+05
2.470618e+01 1.046672e+05 1.730506e+05
2.471868e+01 1.039981e+05 1.734867e+05
2.473118e+01 1.033381e+05 1.739415e+05
2.474369e+01 1.026881e+05 1.744153e+05
2.475619e+01 1.020479e+05 1.749068e+05
2.476869e+01 1.014170e+05 1.754152e+05
2.478120e+01 1.007965e+05 1.759417e+05
2.479370e+01 1.001867e+05 1.764863e+05
2.480620e+01 9.958692e+04 1.770476e+05
2.481870e+01 9.899735e+04 1.776255e+05
2.483121e+01 9.843161e+04 1.782343e+05
2.484371e+01 9.798792e+04 1.789750e+05
2.485621e+01 9.755482e+04 1.797325e+05
2.486872e+01 9.713241e+04 1.805071e+05
2.488122e+01 9.672160e+04 1.813004e+05
2.489372e+01 9.632250e+04 1.821128e+05
2.490623e+01 9.593418e+04 1.829434e+05
2.491873e+01 9.555662e+04 1.837925e+05
2.493123e+01 9.519066e+04 1.846625e+05
2.494374e+01 9.483625e+04 1.855544e+05
2.495624e+01 9.449238e+04 1.864675e+05
2.496874e+01 9.415891e+04 1.874029e+05
2.498125e+01 9.383654e+04 1.883639e+05
2.499375e+01 9.352501e+04 1.893527e+05
2.500625e+01 9.322325e+04 1.903691e+05
2.501875e+01 9.293097e+04 1.914155e+05
2.503126e+01 9.264856e+04 1.924975e+05
2.504376e+01 9.237555e+04 1.936192e+05
2.505626e+01 9.211069e+04 1.947819e+05
2.506877e+01 9.185345e+04 1.959903e+05
2.508127e+01 9.161276e+04 1.972562e+05
2.509377e+01 9.149766e+04 1.986021e+05
2.510628e+01 9.147740e+04 2.000289e+05
2.511878e+01 9.146091e+04 2.015364e+05
2.513128e+01 9.144675e+04 2.031479e+05
2.514379e+01 9.143263e+04 2.048845e+05
2.515629e+01 9.141591e+04 2.067617e+05
2.516879e+01 9.139335e+04 2.088096e+05
2.518130e+01 9.135934e+04 2.110904e+05
2.519380e+01 9.130652e+04 2.136702e+05
2.520630e+01 9.122674e+04 2.166116e+05
2.521880e+01 9.110688e+04 2.200276e+05
2.523131e+01 9.091909e+04 2.241613e+05
2.524381e+01 9.062169e+04 2.293393e+05
2.525631e+01 9.015481e+04 2.359858e+05
2.526882e+01 8.939648e+04 2.449344e+05
2.528132e+01 8.798790e+04 2.584222e+05
2.529382e+01 8.492740e+04 2.816430e+05
2.530633e+01 7.655831e+04 3.292870e+05
2.531883e+01 3.352097e+04 4.785821e+05
2.533133e+01 -1.528165e+06 -3.186146e+05
2.534384e+01 8.076056e+04 -3.094466e+04
2.535634e+01 9.637732e+04 8.536583e+04
2.536884e+01 9.820303e+04 1.250054e+05
2.538135e+01 9.869024e+04 1.443559e+05
2.539385e+01 9.899296e+04 1.561004e+05
2.540635e+01 9.928613e+04 1.643237e+05
2.541885e+01 9.960061e+04 1.704386e+05
2.543136e+01 9.994500e+04 1.751165e+05
2.544386e+01 1.003175e+05 1.788626e+05
2.545636e+01 1.007132e+05 1.820014e+05
2.546887e+01 1.011294e+05 1.846869e+05
2.548137e+01 1.015651e+05 1.870013e+05
2.549387e+01 1.020179e+05 1.890364e+05
2.550638e+01 1.024847e+05 1.908670e+05
2.551888e+01 1.029643e+05 1.925306e+05
2.553138e+01 1.034567e+05 1.940459e+05
2.554389e+01 1.039606e+05 1.954412e+05
2.555639e+01 1.044749e+05 1.967436e+05
2.556889e+01 1.049991e+05 1.979665e+05
2.558140e+01 1.055330e+05 1.991147e+05
2.559390e+01 1.060842e+05 2.001834e+05
2.560640e+01 1.067112e+05 2.010652e+05
2.561890e+01 1.073934e+05 2.018069e+05
2.563141e+01 1.080837e+05 2.025051e+05
2.564391e+01 1.087819e+05 2.031656e+05
2.565641e+01 1.094872e+05 2.037946e+05
2.566892e+01 1.101994e+05 2.043950e+05
2.568142e+01 1.109192e+05 2.049673e+05
2.569392e+01 1.116462e+05 2.055145e+05
2.570643e+01 1.123798e+05 2.060405e+05
2.571893e+01 1.131200e+05 2.065466e+05
2.573143e+01 1.138674e+05 2.070329e+05
2.574394e+01 1.146217e+05 2.075012e+05
2.575644e+01 1.153825e+05 2.079537e+05
2.576894e+01 1.161497e+05 2.083915e+05
2.578145e+01 1.169239e+05 2.088141e+05
2.579395e+01 1.177050e+05 2.092227e+05
2.580645e+01 1.184924e+05 2.096188e+05
2.581895e+01 1.192863e+05 2.100030e+05
2.583146e+01 1.200871e+05 2.103748e+05
2.584396e+01 1.208948e+05 2.107348e+05
2.585646e+01 1.217005e+05 2.109937e+05
2.586897e+01 1.224975e+05 2.110796e+05
2.588147e+01 1.232987e+05 2.111235e+05
2.589397e+01 1.241066e+05 2.111570e+05
2.590648e+01 1.249209e+05 2.111809e+05
2.591898e+01 1.257416e+05 2.111952e+05
2.593148e+01 1.265692e+05 2.111993e+05
2.594399e+01 1.274035e+05 2.111934e+05
2.595649e+01 1.282441e+05 2.111783e+05
2.596899e+01 1.290909e+05 2.111539e+05
2.598150e+01 1.299445e+05 2.111194e+05
2.599400e+01 1.308046e+05 2.110750e+05
2.600650e+01 1.316708e+05 2.110213e+05
2.601900e+01 1.325429e+05 2.109582e+05
2.603151e+01 1.334216e+05 2.108848e+05
2.604401e+01 1.343065e+05 2.108012e+05
2.605651e+01 1.351971e+05 2.107079e+05
2.606902e+01 1.360933e+05 2.106049e+05
2.608152e+01 1.369956e+05 2.104911e+05
2.609402e+01 1.379035e+05 2.103665e+05
2.610653e+01 1.388151e+05 2.102296e+05
2.611903e+01 1.396168e+05 2.099139e+05
2.613153e+01 1.403802e+05 2.095227e+05
2.614404e+01 1.411485e+05 2.091201e+05
2.615654e+01 1.419213e+05 2.087068e+05
2.616904e+01 1.426984e+05 2.082825e+05
2.618155e+01 1.434800e+05 2.078460e+05
2.619405e+01 1.442656e+05 2.073975e+05
2.620655e+01 1.450548e+05 2.069375e+05
2.621905e+01 1.458472e+05 2.064659e+05
2.623156e+01 1.466430e+05 2.059813e+05
2.624406e+01 1.474417e+05 2.054841e+05
2.625656e+01 1.482429e+05 2.049747e+05
2.626907e+01 1.490461e+05 2.044531e+05
2.628157e+01 1.498513e+05 2.039179e+05
2.629407e+01 1.506581e+05 2.033694e+05
2.630658e+01 1.514659e+05 2.028083e+05
2.631908e+01 1.522745e+05 2.022345e+05
2.633158e+01 1.530835e+05 2.016465e+05
2.634409e+01 1.538924e+05 2.010447e+05
2.635659e+01 1.547009e+05 2.004299e+05
2.636909e+01 1.554343e+05 1.997601e+05
2.638160e+01 1.560077e+05 1.989863e+05
2.639410e+01 1.565695e+05 1.981930e+05
2.640660e+01 1.571298e+05 1.973870e+05
2.641910e+01 1.576875e+05 1.965679e+05
2.643161e+01 1.582419e+05 1.957341e+05
2.644411e+01 1.587927e+05 1.948862e+05
2.645661e+01 1.593396e+05 1.940253e+05
2.646912e+01 1.598822e+05 1.931512e+05
2.648162e+01 1.604195e+05 1.922626e+05
2.649412e+01 1.609513e+05 1.913603e+05
2.650663e+01 1.614773e+05 1.904451e+05
2.651913e+01 1.619971e+05 1.895172e+05
2.653163e+01 1.625095e+05 1.885752e+05
2.654414e+01 1.630144e+05 1.876202e+05
2.655664e+01 1.635117e+05 1.866528e+05
2.656914e+01 1.640009e+05 1.856734e+05
2.658165e+01 1.644807e+05 1.846807e+05
2.659415e+01 1.649509e+05 1.836758e+05
2.660665e+01 1.654117e+05 1.826596e+05
2.661915e+01 1.658626e+05 1.816322e+05
2.663166e+01 1.660830e+05 1.805726e+05
2.664416e+01 1.662339e+05 1.794965e+05
2.665666e+01 1.663736e+05 1.784103e+05
2.666917e+01 1.665017e+05 1.773142e+05
2.668167e+01 1.666165e+05 1.762076e+05
2.669417e+01 1.667181e+05 1.750914e+05
2.670668e+01 1.668069e+05 1.739665e+05
2.671918e+01 1.668826e+05 1.728333e+05
2.673168e+01 1.669432e+05 1.716914e+05
2.674419e+01 1.669892e+05 1.705417e+05
2.675669e+01 1.670209e+05 1.693850e+05
2.676919e+01 1.670381e+05 1.682219e+05
2.678170e+01 1.670388e+05 1.670521e+05
2.679420e+01 1.670236e+05 1.658766e+05
2.680670e+01 1.669930e+05 1.646961e+05
2.681920e+01 1.669467e+05 1.635112e+05
2.683171e+01 1.668828e+05 1.623219e+05
2.684421e+01 1.668019e+05 1.611292e+05
2.685671e+01 1.667048e+05 1.599337e+05
2.686922e+01 1.665912e+05 1.587361e+05
2.688172e+01 1.663733e+05 1.575656e+05
2.689422e+01 1.659527e+05 1.564568e+05
2.690673e+01 1.655154e+05 1.553475e+05
2.691923e+01 1.650611e+05 1.542384e+05
2.693173e+01 1.645878e+05 1.531301e+05
2.694424e+01 1.640966e+05 1.520234e+05
2.695674e+01 1.635883e+05 1.509186e+05
2.696924e+01 1.630629e+05 1.498165e+05
2.698175e+01 1.625185e+05 1.487180e+05
2.699425e+01 1.619561e+05 1.476235e+05
2.700675e+01 1.613768e+05 1.465336e+05
2.701925e+01 1.607805e+05 1.454487e+05
2.703176e+01 1.601655e+05 1.443702e+05
2.704426e+01 1.595329e+05 1.432984e+05
2.705676e+01 1.588838e+05 1.422335e+05
2.706927e+01 1.582183e+05 1.411762e+05
2.708177e+01 1.575348e+05 1.401279e+05
2.709427e+01 1.568344e+05 1.390889e+05
2.710678e+01 1.561182e+05 1.380592e+05
2.711928e+01 1.553864e+05 1.370393e+05
2.713178e+01 1.546184e+05 1.360499e+05
2.714429e+01 1.536921e+05 1.352117e+05
2.715679e+01 1.526986e+05 1.344366e+05
2.716929e+01 1.516905e+05 1.336736e+05
2.718180e+01 1.506666e+05 1.329247e+05
2.719430e+01 1.496283e+05 1.321898e+05
2.720680e+01 1.485765e+05 1.314685e+05
2.721930e+01 1.475116e+05 1.307615e+05
2.723181e+01 1.464323e+05 1.300710e+05
2.724431e+01 1.453402e+05 1.293963e+05
2.725681e+01 1.442362e+05 1.287375e+05
2.726932e+01 1.431212e+05 1.280956e+05
2.728182e+01 1.419936e+05 1.274722e+05
2.729432e+01 1.408548e+05 1.268666e+05
2.730683e+01 1.397054e+05 1.262785e+05
2.731933e+01 1.385460e+05 1.257082e+05
2.733183e+01 1.373757e+05 1.251583e+05
2.734434e+01 1.361957e+05 1.246281e+05
2.735684e+01 1.350068e+05 1.241168e+05
2.736934e+01 1.338094e+05 1.236250e+05
2.738185e+01 1.326024e+05 1.231568e+05
2.739435e+01 1.313537e+05 1.228181e+05
2.740685e+01 1.300390e+05 1.226895e+05
2.741935e+01 1.287170e+05 1.225818e+05
2.743186e+01 1.273873e+05 1.224982e+05
2.744436e+01 1.260508e+05 1.224373e+05
2.745686e+01 1.247078e+05 1.223986e+05
2.746937e+01 1.233586e+05 1.223825e+05
2.748187e+01 1.220027e+05 1.223923e+05
2.749437e+01 1.206406e+05 1.224266e+05
2.750688e+01 1.192727e+05 1.224849e+05
2.751938e+01 1.178990e+05 1.225678e+05
2.753188e+01 1.165187e+05 1.226790e+05
2.754439e+01 1.151322e+05 1.228171e+05
2.755689e+01 1.137395e+05 1.229818e+05
2.756939e+01 1.123403e+05 1.231738e+05
2.758190e+01 1.109333e+05 1.233976e+05
2.759440e+01 1.095187e+05 1.236519e+05
2.760690e+01 1.080959e+05 1.239366e+05
2.761940e+01 1.066642e+05 1.242531e+05
2.763191e+01 1.052213e+05 1.246072e+05
2.764441e+01 1.037784e+05 1.250448e+05
2.765691e+01 1.023688e+05 1.257031e+05
2.766942e+01 1.009644e+05 1.264794e+05
2.768192e+01 9.954099e+04 1.273036e+05
2.769442e+01 9.809727e+04 1.281756e+05
2.770693e+01 9.663082e+04 1.290974e+05
2.771943e+01 9.513806e+04 1.300734e+05
2.773193e+01 9.361006e+04 1.311173e+05
2.774444e+01 9.204342e+04 1.322313e+05
2.775694e+01 9.043270e+04 1.334209e+05
2.776944e+01 8.876990e+04 1.346958e+05
2.778195e+01 8.703561e+04 1.360820e+05
2.779445e+01 8.522087e+04 1.375882e+05
2.780695e+01 8.331174e+04 1.392300e+05
2.781945e+01 8.128767e+04 1.410318e+05
2.783196e+01 7.909935e+04 1.430552e+05
2.784446e+01 7.671778e+04 1.453320e+05
2.785696e+01 7.409778e+04 1.479147e+05
2.786947e+01 7.117053e+04 1.508842e+05
2.788197e+01 6.776858e+04 1.544398e+05
2.789447e+01 6.375428e+04 1.587389e+05
2.790698e+01 5.900616e+04 1.641417e+05
2.791948e+01 5.314183e+04 1.711001e+05
2.793198e+01 4.498460e+04 1.807381e+05
2.794449e+01 3.300408e+04 1.947228e+05
2.795699e+01 1.371036e+04 2.168076e+05
2.796949e+01 -2.267228e+04 2.570761e+05
2.798200e+01 -1.711233e+05 3.946916e+05
2.799450e+01 -2.202119e+03 -2.658815e+04
2.800700e+01 3.540664e+05 -3.368021e+05
2.801950e+01 1.992802e+05 -2.096742e+04
2.803201e+01 1.604908e+05 3.450082e+04
2.804451e+01 1.409823e+05 6.119825e+04
2.805701e+01 1.289234e+05 7.741822e+04
2.806952e+01 1.207058e+05 8.838806e+04
2.808202e+01 1.149004e+05 9.612984e+04
2.809452e+01 1.104230e+05 1.021235e+05
2.810703e+01 1.068167e+05 1.069844e+05
2.811953e+01 1.038355e+05 1.110409e+05
2.813203e+01 1.013654e+05 1.144470e+05
2.814454e+01 9.923992e+04 1.174195e+05
2.815704e+01 9.741458e+04 1.200710e+05
2.816954e+01 9.599809e+04 1.224839e+05
2.818205e+01 9.482511e+04 1.246689e+05
2.819455e+01 9.379301e+04 1.266839e+05
2.820705e+01 9.287571e+04 1.285617e+05
2.821955e+01 9.205645e+04 1.303235e+05
2.823206e+01 9.133179e+04 1.319746e+05
2.824456e+01 9.068047e+04 1.335407e+05
2.825706e+01 9.009157e+04 1.350353e+05
2.826957e+01 8.955798e+04 1.364669e+05
2.828207e+01 8.907981e+04 1.378360e+05
2.829457e+01 8.864602e+04 1.391556e+05
2.830708e+01 8.825110e+04 1.404319e+05
2.831958e+01 8.789149e+04 1.416693e+05
2.833208e+01 8.756816e+04 1.428669e+05
2.834459e+01 8.727454e+04 1.440321e+05
2.835709e+01 8.700745e+04 1.451684e+05
2.836959e+01 8.676488e+04 1.462781e+05
2.838210e+01 8.654799e+04 1.473600e+05
2.839460e+01 8.635243e+04 1.484188e+05
2.840710e+01 8.617618e+04 1.494567e+05
2.841960e+01 8.612431e+04 1.504064e+05
2.843211e+01 8.619991e+04 1.512654e+05
2.844461e+01 8.629413e+04 1.521052e+05
2.845711e+01 8.640312e+04 1.529290e+05
2.846962e+01 8.652608e+04 1.537376e+05
2.848212e+01 8.666401e+04 1.545298e+05
2.849462e+01 8.681462e+04 1.553080e+05
2.850713e+01 8.697698e+04 1.560733e+05
2.851963e+01 8.715052e+04 1.568262e+05
2.853213e+01 8.733616e+04 1.575657e+05
2.854464e+01 8.753214e+04 1.582936e+05
2.855714e+01 8.773776e+04 1.590107e+05
2.856964e+01 8.795264e+04 1.597174e+05
2.858215e+01 8.817763e+04 1.604127e+05
2.859465e+01 8.841131e+04 1.610981e+05
2.860715e+01 8.865316e+04 1.617742e+05
2.861965e+01 8.890292e+04 1.624413e+05
2.863216e+01 8.916139e+04 1.630984e+05
2.864466e+01 8.942739e+04 1.637468e+05
2.865716e+01 8.970054e+04 1.643870e+05
2.866967e+01 8.998240e+04 1.650126e+05
2.868217e+01 9.032648e+04 1.654287e+05
2.869467e+01 9.067876e+04 1.658314e+05
2.870718e+01 9.103747e+04 1.662267e+05
2.871968e+01 9.140248e+04 1.666146e+05
2.873218e+01 9.177454e+04 1.669942e+05
2.874469e+01 9.215277e+04 1.673665e+05
2.875719e+01 9.253693e+04 1.677318e+05
2.876969e+01 9.292693e+04 1.680901e+05
2.878220e+01 9.332352e+04 1.684405e+05
2.879470e+01 9.372588e+04 1.687838e+05
2.880720e+01 9.413383e+04 1.691204e+05
2.881970e+01 9.454729e+04 1.694501e+05
2.883221e+01 9.496699e+04 1.697721e+05
2.884471e+01 9.539218e+04 1.700872e+05
2.885721e+01 9.582268e+04 1.703954e+05
2.886972e+01 9.625845e+04 1.706968e+05
2.888222e+01 9.670016e+04 1.709904e+05
2.889472e+01 9.714712e+04 1.712769e+05
2.890723e+01 9.759914e+04 1.715564e+05
2.891973e+01 9.805618e+04 1.718288e+05
2.893223e+01 9.846894e+04 1.720095e+05
2.894474e+01 9.884267e+04 1.721091e+05
2.895724e+01 9.922121e+04 1.722014e+05
2.896974e+01 9.960448e+04 1.722864e+05
2.898225e+01 9.999309e+04 1.723626e+05
2.899475e+01 1.003863e+05 1.724310e+05
2.900725e+01 1.007840e+05 1.724917e+05
2.901975e+01 1.011861e+05 1.725444e+05
2.903226e+01 1.015931e+05 1.725879e+05
2.904476e+01 1.020043e+05 1.726230e+05
2.905726e+01 1.024194e+05 1.726497e+05
2.906977e+01 1.028385e+05 1.726678e+05
2.908227e+01 1.032626e+05 1.726767e+05
2.909477e+01 1.036904e+05 1.726766e+05
2.910728e+01 1.041215e+05 1.726675e+05
2.911978e+01 1.045560e+05 1.726492e+05
2.913228e+01 1.049939e+05 1.726201e+05
2.914479e+01 1.054348e+05 1.725813e+05
2.915729e+01 1.058783e+05 1.725328e+05
2.916979e+01 1.063242e+05 1.724744e+05
2.918230e+01 1.067489e+05 1.724009e+05
2.919480e+01 1.070605e+05 1.723000e+05
2.920730e+01 1.073591e+05 1.721865e+05
2.921980e+01 1.076590e+05 1.720626e+05
2.923231e+01 1.079604e+05 1.719262e+05
2.924481e+01 1.082625e+05 1.717789e+05
2.925731e+01 1.085652e+05 1.716206e+05
2.926982e+01 1.088682e+05 1.714512e+05
2.928232e+01 1.091711e+05 1.712687e+05
2.929482e+01 1.094736e+05 1.710748e+05
2.930733e+01 1.097752e+05 1.708694e+05
2.931983e+01 1.100758e+05 1.706524e+05
2.933233e+01 1.103747e+05 1.704220e+05
2.934484e+01 1.106716e+05 1.701797e+05
2.935734e+01 1.109663e+05 1.699255e+05
2.936984e+01 1.112583e+05 1.696595e+05
2.938235e+01 1.115468e+05 1.693797e+05
2.939485e+01 1.118317e+05 1.690879e+05
2.940735e+01 1.121127e+05 1.687841e+05
2.941985e+01 1.123894e+05 1.684684e+05
2.943236e+01 1.126560e+05 1.681436e+05
2.944486e+01 1.128681e+05 1.678566e+05
2.945736e+01 1.130284e+05 1.676045e+05
2.946987e+01 1.131827e+05 1.673405e+05
2.948237e+01 1.133294e+05 1.670630e+05
2.949487e+01 1.134690e+05 1.667738e+05
2.950738e+01 1.136010e+05 1.664732e+05
2.951988e+01 1.137251e+05 1.661612e+05
2.953238e+01 1.138395e+05 1.658363e+05
2.954489e+01 1.139448e+05 1.655002e+05
2.955739e+01 1.140408e+05 1.651534e+05
2.956989e+01 1.141270e+05 1.647959e+05
2.958240e+01 1.142013e+05 1.644264e+05
2.959490e+01 1.142647e+05 1.640467e+05
2.960740e+01 1.143169e+05 1.636571e+05
2.961990e+01 1.143575e+05 1.632580e+05
2.963241e+01 1.143840e+05 1.628480e+05
2.964491e+01 1.143979e+05 1.624291e+05
2.965741e+01 1.143987e+05 1.620015e+05
2.966992e+01 1.143862e+05 1.615657e+05
2.968242e+01 1.143576e+05 1.611207e+05
2.969492e+01 1.143198e+05 1.607043e+05
2.970743e+01 1.142795e+05 1.603661e+05
2.971993e+01 1.142270e+05 1.600415e+05
2.973243e+01 1.141566e+05 1.597097e+05
2.974494e+01 1.140702e+05 1.593721e+05
2.975744e+01 1.139677e+05 1.590292e+05
2.976994e+01 1.138486e+05 1.586815e+05
2.978245e+01 1.137099e+05 1.583288e+05
2.979495e+01 1.135539e+05 1.579724e+05
2.980745e+01 1.133804e+05 1.576127e+05
2.981995e+01 1.131890e+05 1.572503e+05
2.983246e+01 1.129765e+05 1.568854e+05
2.984496e+01 1.127455e+05 1.565190e+05
2.985746e+01 1.124958e+05 1.561515e+05
2.986997e+01 1.122272e+05 1.557836e+05
2.988247e+01 1.119362e+05 1.554159e+05
2.989497e+01 1.116257e+05 1.550491e+05
2.990748e+01 1.112956e+05 1.546837e+05
2.991998e+01 1.109456e+05 1.543203e+05
2.993248e+01 1.105721e+05 1.539599e+05
2.994499e+01 1.101810e+05 1.536046e+05
2.995749e+01 1.098458e+05 1.533026e+05
2.996999e+01 1.095385e+05 1.530364e+05
2.998250e+01 1.092070e+05 1.527763e+05
2.999500e+01 1.088545e+05 1.525222e+05
3.000750e+01 1.084807e+05 1.522747e+05
3.002001e+01 1.080857e+05 1.520344e+05
3.003251e+01 1.076660e+05 1.518037e+05
3.004501e+01 1.072248e+05 1.515819e+05
3.005751e+01 1.067618e+05 1.513694e+05
3.007002e+01 1.062766e+05 1.511668e+05
3.008252e+01 1.057654e+05 1.509766e+05
3.009502e+01 1.052316e+05 1.507977e+05
3.010753e+01 1.046749e+05 1.506308e+05
3.012003e+01 1.040951e+05 1.504766e+05
3.013253e+01 1.034879e+05 1.503380e+05
3.014504e+01 1.028569e+05 1.502136e+05
3.015754e+01 1.022015e+05 1.501040e+05
3.017004e+01 1.015212e+05 1.500101e+05
3.018255e+01 1.008114e+05 1.499351e+05
3.019505e+01 1.000755e+05 1.498774e+05
3.020755e+01 9.935596e+04 1.498276e+05
3.022006e+01 9.870675e+04 1.497740e+05
3.023256e+01 9.804102e+04 1.497393e+05
3.024506e+01 9.734520e+04 1.497252e+05
3.025756e+01 9.661795e+04 1.497327e+05
3.027007e+01 9.585760e+04 1.497627e+05
3.028257e+01 9.505660e+04 1.498202e+05
3.029507e+01 9.421823e+04 1.499026e+05
3.030758e+01 9.334005e+04 1.500111e+05
3.032008e+01 9.241897e+04 1.501473e+05
3.033258e+01 9.144388e+04 1.503174e+05
3.034509e+01 9.041775e+04 1.505187e+05
3.035759e+01 8.933585e+04 1.507530e+05
3.037009e+01 8.819221e+04 1.510228e+05
3.038260e+01 8.696853e+04 1.513370e+05
3.039510e+01 8.566670e+04 1.516927e+05
3.040760e+01 8.427694e+04 1.520937e+05
3.042011e+01 8.278672e+04 1.525445e+05
3.043261e+01 8.116163e+04 1.530594e+05
3.044511e+01 7.939966e+04 1.536369e+05
3.045761e+01 7.747808e+04 1.542848e+05
3.047012e+01 7.543167e+04 1.549135e+05
3.048262e+01 7.314758e+04 1.556074e+05
3.049512e+01 7.057887e+04 1.564148e+05
3.050763e+01 6.766131e+04 1.573574e+05
3.052013e+01 6.430524e+04 1.584659e+05
3.053263e+01 6.028795e+04 1.598184e+05
3.054514e+01 5.550310e+04 1.614480e+05
3.055764e+01 4.969300e+04 1.634414e+05
3.057014e+01 4.245427e+04 1.659343e+05
3.058265e+01 3.272984e+04 1.692829e+05
3.059515e+01 1.955132e+04 1.738046e+05
3.060765e+01 6.866643e+02 1.802335e+05
3.062016e+01 -2.868200e+04 1.901367e+05
3.063266e+01 -8.835645e+04 2.098040e+05
3.064516e+01 -2.479843e+05 2.598567e+05
3.065766e+01 -1.913306e+06 5.784341e+05
3.067017e+01 7.746308e+05 -1.163563e+05
3.068267e+01 3.720533e+05 4.782180e+04
3.069517e+01 2.658493e+05 8.786839e+04
3.070768e+01 2.180853e+05 1.055248e+05
3.072018e+01 1.912228e+05 1.153831e+05
3.073268e+01 1.747598e+05 1.213074e+05
3.074519e+01 1.629788e+05 1.255511e+05
3.075769e+01 1.541485e+05 1.287465e+05
3.077019e+01 1.473073e+05 1.312422e+05
3.078270e+01 1.419938e+05 1.332069e+05
3.079520e+01 1.376121e+05 1.348520e+05
3.080770e+01 1.339392e+05 1.362568e+05
3.082021e+01 1.308240e+05 1.374753e+05
3.083271e+01 1.281990e+05 1.385327e+05
3.084521e+01 1.259096e+05 1.394818e+05
3.085771e+01 1.238973e+05 1.403429e+05
3.087022e+01 1.221198e+05 1.411310e+05
3.088272e+01 1.205633e+05 1.418516e+05
3.089522e+01 1.191681e+05 1.425241e+05
3.090773e+01 1.179125e+05 1.431558e+05
3.092023e+01 1.167807e+05 1.437520e+05
3.093273e+01 1.157705e+05 1.443140e+05
3.094524e+01 1.148527e+05 1.448506e+05
3.095774e+01 1.140175e+05 1.453648e+05
3.097024e+01 1.132558e+05 1.458576e+05
3.098275e+01 1.124574e+05 1.462536e+05
3.099525e+01 1.116769e+05 1.466058e+05
3.100775e+01 1.109509e+05 1.469439e+05
3.102026e+01 1.102765e+05 1.472696e+05
3.103276e+01 1.096548e+05 1.475818e+05
3.104526e+01 1.090749e+05 1.478833e+05
3.105776e+01 1.085340e+05 1.481748e+05
3.107027e+01 1.080299e+05 1.484565e+05
3.108277e+01 1.075644e+05 1.487281e+05
3.109527e+01 1.071302e+05 1.489913e+05
3.110778e+01 1.067252e+05 1.492465e+05
3.112028e+01 1.063483e+05 1.494937e+05
3.113278e+01 1.060011e+05 1.497325e+05
3.114529e+01 1.056781e+05 1.499641e+05
3.115779e+01 1.053780e+05 1.501887e+05
3.117029e+01 1.051000e+05 1.504064e+05
3.118280e+01 1.048454e+05 1.506166e+05
3.119530e+01 1.046102e+05 1.508202e+05
3.120780e+01 1.043933e+05 1.510176e+05
3.122031e+01 1.041939e+05 1.512086e+05
3.123281e+01 1.039604e+05 1.514037e+05
3.124531e+01 1.035998e+05 1.516222e+05
3.125781e+01 1.032542e+05 1.518348e+05
3.127032e+01 1.029231e+05 1.520415e+05
3.128282e+01 1.026075e+05 1.522416e+05
3.129532e+01 1.023049e+05 1.524362e+05
3.130783e+01 1.020145e+05 1.526253e+05
3.132033e+01 1.017361e+05 1.528089e+05
3.133283e+01 1.014706e+05 1.529864e+05
3.134534e+01 1.012158e+05 1.531587e+05
3.135784e+01 1.009712e+05 1.533259e+05
3.137034e+01 1.007367e+05 1.534880e+05
3.138285e+01 1.005130e+05 1.536445e+05
3.139535e+01 1.002982e+05 1.537962e+05
3.140785e+01 1.000921e+05 1.539433e+05
3.142036e+01 9.989448e+04 1.540856e+05
3.143286e+01 9.970601e+04 1.542229e+05
3.144536e+01 9.952520e+04 1.543558e+05
3.145786e+01 9.935180e+04 1.544845e+05
3.147037e+01 9.918576e+04 1.546089e+05
3.148287e+01 9.901555e+04 1.547482e+05
3.149537e+01 9.878541e+04 1.549908e+05
3.150788e+01 9.852706e+04 1.552854e+05
3.152038e+01 9.827518e+04 1.555763e+05
3.153288e+01 9.803036e+04 1.558631e+05
3.154539e+01 9.779155e+04 1.561464e+05
3.155789e+01 9.755863e+04 1.564264e+05
3.157039e+01 9.733164e+04 1.567030e+05
3.158290e+01 9.711114e+04 1.569759e+05
3.159540e+01 9.689622e+04 1.572458e+05
3.160790e+01 9.668684e+04 1.575126e+05
3.162041e+01 9.648306e+04 1.577763e+05
3.163291e+01 9.628548e+04 1.580368e+05
3.164541e+01 9.609328e+04 1.582945e+05
3.165791e+01 9.590645e+04 1.585494e+05
3.167042e+01 9.572512e+04 1.588014e+05
3.168292e+01 9.554990e+04 1.590504e+05
3.169542e+01 9.538005e+04 1.592967e+05
3.170793e+01 9.521557e+04 1.595403e+05
3.172043e+01 9.505665e+04 1.597811e+05
3.173293e+01 9.490391e+04 1.600189e+05
3.174544e+01 9.477857e+04 1.603390e+05
3.175794e+01 9.469222e+04 1.607860e+05
3.177044e+01 9.461446e+04 1.612412e+05
3.178295e+01 9.454307e+04 1.616933e+05
3.179545e+01 9.447734e+04 1.621424e+05
3.180795e+01 9.441732e+04 1.625886e+05
3.182046e+01 9.436323e+04 1.630316e+05
3.183296e+01 9.431576e+04 1.634711e+05
3.184546e+01 9.427415e+04 1.639073e+05
3.185796e+01 9.423847e+04 1.643400e+05
3.187047e+01 9.420894e+04 1.647692e+05
3.188297e+01 9.418624e+04 1.651941e+05
3.189547e+01 9.416960e+04 1.656152e+05
3.190798e+01 9.415905e+04 1.660323e+05
3.192048e+01 9.415481e+04 1.664451e+05
3.193298e+01 9.415753e+04 1.668528e+05
3.194549e+01 9.416642e+04 1.672560e+05
3.195799e+01 9.418147e+04 1.676543e+05
3.197049e+01 9.420289e+04 1.680474e+05
3.198300e+01 9.423126e+04 1.684345e+05
3.199550e+01 9.429147e+04 1.688309e+05
3.200800e+01 9.449301e+04 1.692993e+05
3.202051e+01 9.475848e+04 1.697948e+05
3.203301e+01 9.503108e+04 1.702835e+05
3.204551e+01 9.530988e+04 1.707659e+05
3.205801e+01 9.559451e+04 1.712413e+05
3.207052e+01 9.588505e+04 1.717094e+05
3.208302e+01 9.618192e+04 1.721691e+05
3.209552e+01 9.648425e+04 1.726209e+05
3.210803e+01 9.679189e+04 1.730648e+05
3.212053e+01 9.710486e+04 1.734999e+05
3.213303e+01 9.742344e+04 1.739253e+05
3.214554e+01 9.774677e+04 1.743417e+05
3.215804e+01 9.807464e+04 1.747489e+05
3.217054e+01 9.840698e+04 1.751461e+05
3.218305e+01 9.874391e+04 1.755322e+05
3.219555e+01 9.908459e+04 1.759081e+05
3.220805e+01 9.942877e+04 1.762736e+05
3.222056e+01 9.977625e+04 1.766279e+05
3.223306e+01 1.001269e+05 1.769698e+05
3.224556e+01 1.004801e+05 1.773004e+05
3.225806e+01 1.009472e+05 1.775902e+05
3.227057e+01 1.015500e+05 1.778326e+05
3.228307e+01 1.021676e+05 1.780580e+05
3.229557e+01 1.027861e+05 1.782711e+05
3.230808e+01 1.034050e+05 1.784716e+05
3.232058e+01 1.040241e+05 1.786589e+05
3.233308e+01 1.046427e+05 1.788316e+05
3.234559e+01 1.052603e+05 1.789911e+05
3.235809e+01 1.058765e+05 1.791373e+05
3.237059e+01 1.064907e+05 1.792696e+05
3.238310e+01 1.071022e+05 1.793865e+05
3.239560e+01 1.077106e+05 1.794896e+05
3.240810e+01 1.083154e+05 1.795789e+05
3.242061e+01 1.089159e+05 1.796538e+05
3.243311e+01 1.095110e+05 1.797128e+05
3.244561e+01 1.101007e+05 1.797578e+05
3.245811e+01 1.106844e+05 1.797887e+05
3.247062e+01 1.112613e+05 1.798050e+05
3.248312e+01 1.118299e+05 1.798053e+05
3.249562e+01 1.123906e+05 1.797917e+05
3.250813e+01 1.129494e+05 1.797531e+05
3.252063e+01 1.136147e+05 1.795101e+05
3.253313e+01 1.142886e+05 1.792191e+05
3.254564e+01 1.149518e+05 1.789144e+05
3.255814e+01 1.156036e+05 1.785961e+05
3.257064e+01 1.162429e+05 1.782638e+05
3.258315e+01 1.168678e+05 1.779166e+05
3.259565e+01 1.174790e+05 1.775564e+05
3.260815e+01 1.180759e+05 1.771834e+05
3.262066e+01 1.186572e+05 1.767972e+05
3.263316e+01 1.192206e+05 1.763973e+05
3.264566e+01 1.197674e+05 1.759853e+05
3.265816e+01 1.202967e+05 1.755616e+05
3.267067e+01 1.208071e+05 1.751260e+05
3.268317e+01 1.212962e+05 1.746780e+05
3.269567e+01 1.217653e+05 1.742194e+05
3.270818e+01 1.222137e+05 1.737505e+05
3.272068e+01 1.226396e+05 1.732713e+05
3.273318e+01 1.230402e+05 1.727814e+05
3.274569e+01 1.234175e+05 1.722825e+05
3.275819e+01 1.237704e+05 1.717750e+05
3.277069e+01 1.240727e+05 1.711464e+05
3.278320e+01 1.243138e+05 1.703626e+05
3.279570e+01 1.245276e+05 1.695716e+05
3.280820e+01 1.247129e+05 1.687739e+05
3.282071e+01 1.248671e+05 1.679697e+05
3.283321e+01 1.249867e+05 1.671590e+05
3.284571e+01 1.250740e+05 1.663431e+05
3.285821e+01 1.251277e+05 1.655224e+05
3.287072e+01 1.251445e+05 1.646973e+05
3.288322e+01 1.251202e+05 1.638679e+05
3.289572e+01 1.250571e+05 1.630352e+05
3.290823e+01 1.249534e+05 1.621996e+05
3.292073e+01 1.248050e+05 1.613615e+05
3.293323e+01 1.246059e+05 1.605212e+05
3.294574e+01 1.243588e+05 1.596793e+05
3.295824e+01 1.240608e+05 1.588362e+05
3.297074e+01 1.237058e+05 1.579920e+05
3.298325e+01 1.232855e+05 1.571472e+05
3.299575e+01 1.228021e+05 1.563019e+05
3.300825e+01 1.222508e+05 1.554563e+05
3.302076e+01 1.216113e+05 1.546034e+05
3.303326e+01 1.207103e+05 1.536362e+05
3.304576e+01 1.197010e+05 1.526562e+05
3.305826e+01 1.185926e+05 1.516753e+05
3.307077e+01 1.173678e+05 1.506930e+05
3.308327e+01 1.160031e+05 1.497087e+05
3.309577e+01 1.144951e+05 1.487213e+05
3.310828e+01 1.128235e+05 1.477293e+05
3.312078e+01 1.109524e+05 1.467302e+05
3.313328e+01 1.088307e+05 1.457207e+05
3.314579e+01 1.064399e+05 1.446982e+05
3.315829e+01 1.037283e+05 1.436583e+05
3.317079e+01 1.006036e+05 1.425936e+05
3.318330e+01 9.692646e+04 1.414927e+05
3.319580e+01 9.261232e+04 1.403467e+05
3.320830e+01 8.748046e+04 1.391400e+05
3.322081e+01 8.119526e+04 1.378436e+05
3.323331e+01 7.318445e+04 1.364089e+05
3.324581e+01 6.289531e+04 1.347881e+05
3.325831e+01 4.920267e+04 1.328882e+05
3.327082e+01 2.959308e+04 1.305101e+05
3.328332e+01 -2.059888e+03 1.272210e+05
3.329582e+01 -5.793866e+04 1.222343e+05
3.330833e+01 -1.806134e+05 1.133429e+05
3.332083e+01 -2.222928e+05 2.201762e+05
3.333333e+01 2.837758e+06 1.114430e+06
3.334584e+01 5.288429e+05 1.887211e+05
3.335834e+01 3.466576e+05 1.614036e+05
3.337084e+01 2.808867e+05 1.527085e+05
3.338335e+01 2.471204e+05 1.483123e+05
3.339585e+01 2.252174e+05 1.454099e+05
3.340835e+01 2.098609e+05 1.433120e+05
3.342086e+01 1.986144e+05 1.417140e+05
3.343336e+01 1.900681e+05 1.404452e+05
3.344586e+01 1.831499e+05 1.393778e+05
3.345836e+01 1.774170e+05 1.384600e+05
3.347087e+01 1.726104e+05 1.376629e+05
3.348337e+01 1.685304e+05 1.369641e+05
3.349587e+01 1.649552e+05 1.363370e+05
3.350838e+01 1.617869e+05 1.357702e+05
3.352088e+01 1.589673e+05 1.352581e+05
3.353338e+01 1.564323e+05 1.348198e+05
3.354589e+01 1.540763e+05 1.345066e+05
3.355839e+01 1.518981e+05 1.342511e+05
3.357089e+01 1.498907e+05 1.340293e+05
3.358340e+01 1.480361e+05 1.338394e+05
3.359590e+01 1.463009e+05 1.336761e+05
3.360840e+01 1.446716e+05 1.335373e+05
3.362091e+01 1.431417e+05 1.334229e+05
3.363341e+01 1.417040e+05 1.333320e+05
3.364591e+01 1.403408e+05 1.332609e+05
3.365841e+01 1.390456e+05 1.332086e+05
3.367092e+01 1.378162e+05 1.331750e+05
3.368342e+01 1.366493e+05 1.331596e+05
3.369592e+01 1.355346e+05 1.331598e+05
3.370843e+01 1.344683e+05 1.331746e+05
3.372093e+01 1.334500e+05 1.332040e+05
3.373343e+01 1.324784e+05 1.332477e+05
3.374594e+01 1.315464e+05 1.333035e+05
3.375844e+01 1.306518e+05 1.333706e+05
3.377094e+01 1.297951e+05 1.334491e+05
3.378345e+01 1.289770e+05 1.335402e+05
3.379595e+01 1.282228e+05 1.336803e+05
3.380845e+01 1.275301e+05 1.338676e+05
3.382096e+01 1.268688e+05 1.340632e+05
3.383346e+01 1.262386e+05 1.342666e+05
3.384596e+01 1.256356e+05 1.344765e+05
3.385846e+01 1.250587e+05 1.346923e+05
3.387097e+01 1.245088e+05 1.349137e+05
3.388347e+01 1.239857e+05 1.351402e+05
3.389597e+01 1.234862e+05 1.353707e+05
3.390848e+01 1.230095e+05 1.356048e+05
3.392098e+01 1.225563e+05 1.358420e+05
3.393348e+01 1.221267e+05 1.360818e+05
3.394599e+01 1.217178e+05 1.363235e+05
3.395849e+01 1.213289e+05 1.365665e+05
3.397099e+01 1.209609e+05 1.368105e+05
3.398350e+01 1.206135e+05 1.370548e+05
3.399600e+01 1.202844e+05 1.372992e+05
3.400850e+01 1.199730e+05 1.375430e+05
3.402101e+01 1.196799e+05 1.377858e+05
3.403351e+01 1.194050e+05 1.380272e+05
3.404601e+01 1.191647e+05 1.382556e+05
3.405851e+01 1.189882e+05 1.384528e+05
3.407102e+01 1.188407e+05 1.386395e+05
3.408352e+01 1.187092e+05 1.388231e+05
3.409602e+01 1.185915e+05 1.390037e+05
3.410853e+01 1.184872e+05 1.391809e+05
3.412103e+01 1.183967e+05 1.393543e+05
3.413353e+01 1.183198e+05 1.395234e+05
3.414604e+01 1.182547e+05 1.396885e+05
3.415854e+01 1.182011e+05 1.398492e+05
3.417104e+01 1.181597e+05 1.400057e+05
3.418355e+01 1.181299e+05 1.401572e+05
3.419605e+01 1.181101e+05 1.403040e+05
3.420855e+01 1.180998e+05 1.404458e+05
3.422106e+01 1.180992e+05 1.405823e+05
3.423356e+01 1.181081e+05 1.407132e+05
3.424606e+01 1.181253e+05 1.408389e+05
3.425856e+01 1.181502e+05 1.409594e+05
3.427107e+01 1.181831e+05 1.410743e+05
3.428357e+01 1.182236e+05 1.411835e+05
3.429607e+01 1.182707e+05 1.412874e+05
3.430858e+01 1.183087e+05 1.413113e+05
3.432108e+01 1.183435e+05 1.412831e+05
3.433358e+01 1.183840e+05 1.412476e+05
3.434609e+01 1.184297e+05 1.412071e+05
3.435859e+01 1.184803e+05 1.411616e+05
3.437109e+01 1.185359e+05 1.411107e+05
3.438360e+01 1.185961e+05 1.410546e+05
3.439610e+01 1.186604e+05 1.409938e+05
3.440860e+01 1.187284e+05 1.409284e+05
3.442111e+01 1.188003e+05 1.408581e+05
3.443361e+01 1.188758e+05 1.407832e+05
3.444611e+01 1.189545e+05 1.407040e+05
3.445861e+01 1.190360e+05 1.406208e+05
3.447112e+01 1.191206e+05 1.405334e+05
3.448362e+01 1.192081e+05 1.404420e+05
3.449612e+01 1.192980e+05 1.403469e+05
3.450863e+01 1.193903e+05 1.402485e+05
3.452113e+01 1.194850e+05 1.401465e+05
3.453363e+01 1.195821e+05 1.400411e+05
3.454614e+01 1.196814e+05 1.399328e+05
3.455864e+01 1.197531e+05 1.398082e+05
3.457114e+01 1.197192e+05 1.396317e+05
3.458365e+01 1.196761e+05 1.394473e+05
3.459615e+01 1.196349e+05 1.392605e+05
3.460865e+01 1.195959e+05 1.390715e+05
3.462116e+01 1.195590e+05 1.388802e+05
3.463366e+01 1.195245e+05 1.386868e+05
3.464616e+01 1.194922e+05 1.384915e+05
3.465866e+01 1.194621e+05 1.382945e+05
3.467117e+01 1.194346e+05 1.380956e+05
3.468367e+01 1.194096e+05 1.378950e+05
3.469617e+01 1.193872e+05 1.376929e+05
3.470868e+01 1.193675e+05 1.374892e+05
3.472118e+01 1.193507e+05 1.372840e+05
3.473368e+01 1.193371e+05 1.370772e+05
3.474619e+01 1.193265e+05 1.368690e+05
3.475869e+01 1.193190e+05 1.366593e+05
3.477119e+01 1.193152e+05 1.364480e+05
3.478370e+01 1.193151e+05 1.362351e+05
3.479620e+01 1.193186e+05 1.360205e+05
3.480870e+01 1.193258e+05 1.358044e+05
3.482121e+01 1.192244e+05 1.356334e+05
3.483371e+01 1.190662e+05 1.354859e+05
3.484621e+01 1.189123e+05 1.353364e+05
3.485871e+01 1.187628e+05 1.351848e+05
3.487122e+01 1.186181e+05 1.350306e+05
3.488372e+01 1.184784e+05 1.348737e+05
3.489622e+01 1.183436e+05 1.347140e+05
3.490873e+01 1.182136e+05 1.345514e+05
3.492123e+01 1.180891e+05 1.343854e+05
3.493373e+01 1.179700e+05 1.342156e+05
3.494624e+01 1.178562e+05 1.340421e+05
3.495874e+01 1.177477e+05 1.338646e+05
3.497124e+01 1.176450e+05 1.336824e+05
3.498375e+01 1.175481e+05 1.334951e+05
3.499625e+01 1.174566e+05 1.333028e+05
3.500875e+01 1.173706e+05 1.331052e+05
3.502126e+01 1.172905e+05 1.329015e+05
3.503376e+01 1.172162e+05 1.326911e+05
3.504626e+01 1.171473e+05 1.324741e+05
3.505876e+01 1.170837e+05 1.322503e+05
3.507127e+01 1.170126e+05 1.320500e+05
3.508377e+01 1.168855e+05 1.319888e+05
3.509627e+01 1.167634e+05 1.319193e+05
3.510878e+01 1.166461e+05 1.318412e+05
3.512128e+01 1.165338e+05 1.317533e+05
3.513378e+01 1.164263e+05 1.316549e+05
3.514629e+01 1.163230e+05 1.315466e+05
3.515879e+01 1.162236e+05 1.314277e+05
3.517129e+01 1.161281e+05 1.312969e+05
3.518380e+01 1.160362e+05 1.311536e+05
3.519630e+01 1.159472e+05 1.309984e+05
3.520880e+01 1.158608e+05 1.308307e+05
3.522131e+01 1.157766e+05 1.306490e+05
3.523381e+01 1.156943e+05 1.304527e+05
3.524631e+01 1.156130e+05 1.302424e+05
3.525881e+01 1.155325e+05 1.300177e+05
3.527132e+01 1.154521e+05 1.297769e+05
3.528382e+01 1.153712e+05 1.295194e+05
3.529632e+01 1.152896e+05 1.292465e+05
3.530883e+01 1.152063e+05 1.289573e+05
3.532133e+01 1.151237e+05 1.286585e+05
3.533383e+01 1.150769e+05 1.284405e+05
3.534634e+01 1.150490e+05 1.282630e+05
3.535884e+01 1.150163e+05 1.280672e+05
3.537134e+01 1.149773e+05 1.278509e+05
3.538385e+01 1.149310e+05 1.276139e+05
3.539635e+01 1.148771e+05 1.273572e+05
3.540885e+01 1.148145e+05 1.270802e+05
3.542136e+01 1.147412e+05 1.267806e+05
3.543386e+01 1.146562e+05 1.264583e+05
3.544636e+01 1.145589e+05 1.261142e+05
3.545886e+01 1.144484e+05 1.257480e+05
3.547137e+01 1.143217e+05 1.253570e+05
3.548387e+01 1.141776e+05 1.249409e+05
3.549637e+01 1.140158e+05 1.245010e+05
3.550888e+01 1.138348e+05 1.240368e+05
3.552138e+01 1.136309e+05 1.235451e+05
3.553388e+01 1.134023e+05 1.230258e+05
3.554639e+01 1.131489e+05 1.224800e+05
3.555889e+01 1.128687e+05 1.219069e+05
3.557139e+01 1.125566e+05 1.213031e+05
3.558390e+01 1.122487e+05 1.206842e+05
3.559640e+01 1.119979e+05 1.200745e+05
3.560890e+01 1.117167e+05 1.194361e+05
3.562141e+01 1.113911e+05 1.187618e+05
3.563391e+01 1.110178e+05 1.180502e+05
3.564641e+01 1.105959e+05 1.173021e+05
3.565891e+01 1.101212e+05 1.165153e+05
3.567142e+01 1.095829e+05 1.156834e+05
3.568392e+01 1.089757e+05 1.148039e+05
3.569642e+01 1.082974e+05 1.138765e+05
3.570893e+01 1.075406e+05 1.128971e+05
3.572143e+01 1.066875e+05 1.118552e+05
3.573393e+01 1.057281e+05 1.107452e+05
3.574644e+01 1.046565e+05 1.095642e+05
3.575894e+01 1.034581e+05 1.083038e+05
3.577144e+01 1.020997e+05 1.069437e+05
3.578395e+01 1.005587e+05 1.054706e+05
3.579645e+01 9.881787e+04 1.038742e+05
3.580895e+01 9.684295e+04 1.021335e+05
3.582146e+01 9.455819e+04 1.002020e+05
3.583396e+01 9.191088e+04 9.803703e+04
3.584646e+01 8.888875e+04 9.557983e+04
3.585896e+01 8.536308e+04 9.277572e+04
3.587147e+01 8.106805e+04 8.949767e+04
3.588397e+01 7.576101e+04 8.559711e+04
3.589647e+01 6.915045e+04 8.089714e+04
3.590898e+01 6.071456e+04 7.508319e+04
3.592148e+01 4.920293e+04 6.740914e+04
3.593398e+01 3.270360e+04 5.676306e+04
3.594649e+01 7.819070e+03 4.123135e+04
3.595899e+01 -3.365350e+04 1.636563e+04
3.597149e+01 -1.289439e+05 -3.603637e+04
3.598400e+01 -6.165513e+05 -2.053261e+05
3.599650e+01 2.417664e+05 5.311743e+05
3.600900e+01 5.196857e+05 4.440869e+05
3.602151e+01 3.270655e+05 2.612085e+05
3.603401e+01 2.632832e+05 2.112981e+05
3.604651e+01 2.289190e+05 1.854262e+05
3.605901e+01 2.075206e+05 1.696352e+05
3.607152e+01 1.932909e+05 1.592557e+05
3.608402e+01 1.829548e+05 1.517647e+05
3.609652e+01 1.749256e+05 1.459408e+05
3.610903e+01 1.684877e+05 1.412397e+05
3.612153e+01 1.632663e+05 1.374258e+05
3.613403e+01 1.588859e+05 1.342337e+05
3.614654e+01 1.550974e+05 1.314838e+05
3.615904e+01 1.517708e+05 1.290835e+05
3.617154e+01 1.488404e+05 1.269886e+05
3.618405e+01 1.462108e+05 1.251309e+05
3.619655e+01 1.438095e+05 1.234581e+05
3.620905e+01 1.415974e+05 1.219427e+05
3.622156e+01 1.395571e+05 1.205752e+05
3.623406e+01 1.376539e+05 1.193303e+05
3.624656e+01 1.358595e+05 1.181868e+05
3.625906e+01 1.341585e+05 1.171338e+05
3.627157e+01 1.325457e+05 1.161702e+05
3.628407e+01 1.310057e+05 1.152841e+05
3.629657e+01 1.295255e+05 1.144646e+05
3.630908e+01 1.280981e+05 1.137068e+05
3.632158e+01 1.267221e+05 1.130120e+05
3.633408e+01 1.253900e+05 1.123734e+05
3.634659e+01 1.240928e+05 1.117832e+05
3.635909e+01 1.228011e+05 1.112219e+05
3.637159e+01 1.215336e+05 1.107035e+05
3.638410e+01 1.202959e+05 1.102299e+05
3.639660e+01 1.190844e+05 1.097965e+05
3.640910e+01 1.178975e+05 1.094018e+05
3.642161e+01 1.167361e+05 1.090481e+05
3.643411e+01 1.155979e+05 1.087321e+05
3.644661e+01 1.144810e+05 1.084506e+05
3.645911e+01 1.133846e+05 1.082024e+05
3.647162e+01 1.123098e+05 1.079895e+05
3.648412e+01 1.112552e+05 1.078092e+05
3.649662e+01 1.102193e+05 1.076586e+05
3.650913e+01 1.092019e+05 1.075368e+05
3.652163e+01 1.082047e+05 1.074459e+05
3.653413e+01 1.072268e+05 1.073834e+05
3.654664e+01 1.062668e+05 1.073469e+05
3.655914e+01 1.053249e+05 1.073356e+05
3.657164e+01 1.044031e+05 1.073511e+05
3.658415e+01 1.035004e+05 1.073914e+05
3.659665e+01 1.026159e+05 1.074542e+05
3.660915e+01 1.017386e+05 1.075474e+05
3.662166e+01 1.008640e+05 1.076779e+05
3.663416e+01 1.000078e+05 1.078303e+05
3.664666e+01 9.917036e+04 1.080019e+05
3.665916e+01 9.835165e+04 1.081918e+05
3.667167e+01 9.755390e+04 1.084011e+05
3.668417e+01 9.677623e+04 1.086280e+05
3.669667e+01 9.601765e+04 1.088707e+05
3.670918e+01 9.527826e+04 1.091284e+05
3.672168e+01 9.456030e+04 1.094019e+05
3.673418e+01 9.386274e+04 1.096893e+05
3.674669e+01 9.318455e+04 1.099892e+05
3.675919e+01 9.252577e+04 1.103008e+05
3.677169e+01 9.188859e+04 1.106244e+05
3.678420e+01 9.127187e+04 1.109586e+05
3.679670e+01 9.067449e+04 1.113019e+05
3.680920e+01 9.009643e+04 1.116537e+05
3.682171e+01 8.953977e+04 1.120139e+05
3.683421e+01 8.900324e+04 1.123813e+05
3.684671e+01 8.848569e+04 1.127546e+05
3.685921e+01 8.798699e+04 1.131333e+05
3.687172e+01 8.751055e+04 1.135431e+05
3.688422e+01 8.705375e+04 1.139609e+05
3.689672e+01 8.661518e+04 1.143818e+05
3.690923e+01 8.619459e+04 1.148051e+05
3.692173e+01 8.579375e+04 1.152302e+05
3.693423e+01 8.541121e+04 1.156562e+05
3.694674e+01 8.504575e+04 1.160826e+05
3.695924e+01 8.469706e+04 1.165087e+05
3.697174e+01 8.436667e+04 1.169337e+05
3.698425e+01 8.405309e+04 1.173572e+05
3.699675e+01 8.375513e+04 1.177785e+05
3.700925e+01 8.347239e+04 1.181972e+05
3.702176e+01 8.320617e+04 1.186125e+05
3.703426e+01 8.295497e+04 1.190238e+05
3.704676e+01 8.271764e+04 1.194311e+05
3.705926e+01 8.249373e+04 1.198339e+05
3.707177e+01 8.228426e+04 1.202311e+05
3.708427e+01 8.208781e+04 1.206227e+05
3.709677e+01 8.190328e+04 1.210087e+05
3.710928e+01 8.173017e+04 1.213886e+05
3.712178e+01 8.157125e+04 1.217672e+05
3.713428e+01 8.142627e+04 1.221479e+05
3.714679e+01 8.129113e+04 1.225217e+05
3.715929e+01 8.116534e+04 1.228885e+05
3.717179e+01 8.104941e+04 1.232472e+05
3.718430e+01 8.094213e+04 1.235982e+05
3.719680e+01 8.084260e+04 1.239417e+05
3.720930e+01 8.075032e+04 1.242777e+05
3.722181e+01 8.066559e+04 1.246050e+05
3.723431e+01 8.058734e+04 1.249243e+05
3.724681e+01 8.051481e+04 1.252358e+05
3.725931e+01 8.044753e+04 1.255397e+05
3.727182e+01 8.038560e+04 1.258349e+05
3.728432e+01 8.032814e+04 1.261222e+05
3.729682e+01 8.027452e+04 1.264019e+05
3.730933e+01 8.022431e+04 1.266741e+05
3.732183e+01 8.017747e+04 1.269382e+05
3.733433e+01 8.013330e+04 1.271948e+05
3.734684e+01 8.009133e+04 1.274444e+05
3.735934e+01 8.005119e+04 1.276871e+05
3.737184e+01 8.001146e+04 1.279252e+05
3.738435e+01 7.996436e+04 1.281756e+05
3.739685e+01 7.991584e+04 1.284248e+05
3.740935e+01 7.986789e+04 1.286681e+05
3.742186e+01 7.982029e+04 1.289049e+05
3.743436e+01 7.977274e+04 1.291362e+05
3.744686e+01 7.972503e+04 1.293623e+05
3.745936e+01 7.967697e+04 1.295835e+05
3.747187e+01 7.962836e+04 1.297995e+05
3.748437e+01 7.957905e+04 1.300111e+05
3.749687e+01 7.952898e+04 1.302188e+05
3.750938e+01 7.947804e+04 1.304226e+05
3.752188e+01 7.942604e+04 1.306227e+05
3.753438e+01 7.937303e+04 1.308195e+05
3.754689e+01 7.931902e+04 1.310134e+05
3.755939e+01 7.926402e+04 1.312048e+05
3.757189e+01 7.920793e+04 1.313936e+05
3.758440e+01 7.915089e+04 1.315803e+05
3.759690e+01 7.909301e+04 1.317652e+05
3.760940e+01 7.903438e+04 1.319486e+05
3.762191e+01 7.897514e+04 1.321318e+05
3.763441e+01 7.891761e+04 1.323427e+05
3.764691e+01 7.886330e+04 1.325938e+05
3.765941e+01 7.880883e+04 1.328442e+05
3.767192e+01 7.875440e+04 1.330939e+05
3.768442e+01 7.870023e+04 1.333432e+05
3.769692e+01 7.864654e+04 1.335923e+05
3.770943e+01 7.859354e+04 1.338411e+05
3.772193e+01 7.854164e+04 1.340898e+05
3.773443e+01 7.849102e+04 1.343384e+05
3.774694e+01 7.844192e+04 1.345870e+05
3.775944e+01 7.839458e+04 1.348355e+05
3.777194e+01 7.834959e+04 1.350839e+05
3.778445e+01 7.830707e+04 1.353321e+05
3.779695e+01 7.826724e+04 1.355801e+05
3.780945e+01 7.823037e+04 1.358277e+05
3.782196e+01 7.819720e+04 1.360748e+05
3.783446e+01 7.816775e+04 1.363210e+05
3.784696e+01 7.814220e+04 1.365663e+05
3.785946e+01 7.812079e+04 1.368104e+05
3.787197e+01 7.810444e+04 1.370529e+05
3.788447e+01 7.810846e+04 1.373089e+05
3.789697e+01 7.816784e+04 1.376134e+05
3.790948e+01 7.825037e+04 1.379333e+05
3.792198e+01 7.833911e+04 1.382498e+05
3.793448e+01 7.843380e+04 1.385626e+05
3.794699e+01 7.853442e+04 1.388715e+05
3.795949e+01 7.864115e+04 1.391758e+05
3.797199e+01 7.875499e+04 1.394742e+05
3.798450e+01 7.887547e+04 1.397667e+05
3.799700e+01 7.900248e+04 1.400527e+05
3.800950e+01 7.913608e+04 1.403315e+05
3.802201e+01 7.927721e+04 1.406014e+05
3.803451e+01 7.942524e+04 1.408622e+05
3.804701e+01 7.957990e+04 1.411134e+05
3.805951e+01 7.974115e+04 1.413542e+05
3.807202e+01 7.990973e+04 1.415820e+05
3.808452e+01 8.008482e+04 1.417969e+05
3.809702e+01 8.026603e+04 1.419983e+05
3.810953e+01 8.045312e+04 1.421852e+05
3.812203e+01 8.064651e+04 1.423541e+05
3.813453e+01 8.084524e+04 1.425055e+05
3.814704e+01 8.113442e+04 1.426408e+05
3.815954e+01 8.150475e+04 1.427586e+05
3.817204e+01 8.188246e+04 1.428524e+05
3.818455e+01 8.226328e+04 1.429226e+05
3.819705e+01 8.264639e+04 1.429683e+05
3.820955e+01 8.303103e+04 1.429877e+05
3.822206e+01 8.341629e+04 1.429750e+05
3.823456e+01 8.380098e+04 1.429309e+05
3.824706e+01 8.418396e+04 1.428542e+05
3.825956e+01 8.456402e+04 1.427424e+05
3.827207e+01 8.493901e+04 1.425875e+05
3.828457e+01 8.530761e+04 1.423904e+05
3.829707e+01 8.566823e+04 1.421490e+05
3.830958e+01 8.601889e+04 1.418600e+05
3.832208e+01 8.635543e+04 1.415116e+05
3.833458e+01 8.667630e+04 1.411045e+05
3.834709e+01 8.697896e+04 1.406352e+05
3.835959e+01 8.726017e+04 1.400978e+05
3.837209e+01 8.751212e+04 1.394745e+05
3.838460e+01 8.773257e+04 1.387646e+05
3.839710e+01 8.794434e+04 1.379349e+05
3.840960e+01 8.821302e+04 1.369060e+05
3.842211e+01 8.844812e+04 1.357185e+05
3.843461e+01 8.862156e+04 1.343903e+05
3.844711e+01 8.872389e+04 1.329048e+05
3.845961e+01 8.874195e+04 1.312381e+05
3.847212e+01 8.864253e+04 1.293254e+05
3.848462e+01 8.841275e+04 1.271464e+05
3.849712e+01 8.802718e+04 1.246550e+05
3.850963e+01 8.744939e+04 1.217846e+05
3.852213e+01 8.658760e+04 1.183640e+05
3.853463e+01 8.538877e+04 1.143008e+05
3.854714e+01 8.375507e+04 1.094205e+05
3.855964e+01 8.153503e+04 1.034547e+05
3.857214e+01 7.833068e+04 9.570095e+04
3.858465e+01 7.376015e+04 8.552107e+04
3.859715e+01 6.706590e+04 7.166815e+04
3.860965e+01 5.675339e+04 5.176757e+04
3.862216e+01 3.737920e+04 1.766922e+04
3.863466e+01 -5.188486e+03 -4.885959e+04
3.864716e+01 -1.496022e+05 -2.259771e+05
3.865966e+01 -2.505480e+06 -1.151850e+04
3.867217e+01 2.530942e+05 7.155293e+05
3.868467e+01 2.071450e+05 3.994978e+05
3.869717e+01 1.796399e+05 3.070187e+05
3.870968e+01 1.647849e+05 2.636296e+05
3.872218e+01 1.562259e+05 2.396304e+05
3.873468e+01 1.504762e+05 2.234269e+05
3.874719e+01 1.463815e+05 2.115995e+05
3.875969e+01 1.433638e+05 2.025374e+05
3.877219e+01 1.411553e+05 1.955133e+05
3.878470e+01 1.394383e+05 1.897152e+05
3.879720e+01 1.380739e+05 1.847966e+05
3.880970e+01 1.369748e+05 1.805442e+05
3.882221e+01 1.361016e+05 1.768672e+05
3.883471e+01 1.353790e+05 1.735837e+05
3.884721e+01 1.347715e+05 1.706107e+05
3.885971e+01 1.342548e+05 1.678924e+05
3.887222e+01 1.338181e+05 1.654119e+05
3.888472e+01 1.334358e+05 1.631055e+05
3.889722e+01 1.330949e+05 1.609440e+05
3.890973e+01 1.327664e+05 1.588905e+05
3.892223e+01 1.322876e+05 1.568065e+05
3.893473e+01 1.318218e+05 1.548132e+05
3.894724e+01 1.313673e+05 1.529016e+05
3.895974e+01 1.309201e+05 1.510632e+05
3.897224e+01 1.304765e+05 1.493000e+05
3.898475e+01 1.300330e+05 1.475966e+05
3.899725e+01 1.295869e+05 1.459472e+05
3.900975e+01 1.291363e+05 1.443480e+05
3.902226e+01 1.286784e+05 1.428021e+05
3.903476e+01 1.282123e+05 1.413002e+05
3.904726e+01 1.277371e+05 1.398395e+05
3.905976e+01 1.272519e+05 1.384179e+05
3.907227e+01 1.267542e+05 1.370395e+05
3.908477e+01 1.262449e+05 1.356976e+05
3.909727e+01 1.257238e+05 1.343907e+05
3.910978e+01 1.251905e+05 1.331180e+05
3.912228e+01 1.246431e+05 1.318838e+05
3.913478e+01 1.240831e+05 1.306827e+05
3.914729e+01 1.235110e+05 1.295140e+05
3.915979e+01 1.229267e+05 1.283772e+05
3.917229e+01 1.221598e+05 1.273043e+05
3.918480e+01 1.212708e+05 1.262812e+05
3.919730e+01 1.203708e+05 1.252894e+05
3.920980e+01 1.194602e+05 1.243288e+05
3.922231e+01 1.185379e+05 1.234040e+05
3.923481e+01 1.176060e+05 1.225106e+05
3.924731e+01 1.166653e+05 1.216481e+05
3.925981e+01 1.157163e+05 1.208166e+05
3.927232e+01 1.147588e+05 1.200206e+05
3.928482e+01 1.137945e+05 1.192559e+05
3.929732e+01 1.128244e+05 1.185219e+05
3.930983e+01 1.118491e+05 1.178186e+05
3.932233e+01 1.108690e+05 1.171507e+05
3.933483e+01 1.098856e+05 1.165136e+05
3.934734e+01 1.088998e+05 1.159069e+05
3.935984e+01 1.079124e+05 1.153304e+05
3.937234e+01 1.069244e+05 1.147886e+05
3.938485e+01 1.059368e+05 1.142770e+05
3.939735e+01 1.049505e+05 1.137950e+05
3.940985e+01 1.039664e+05 1.133423e+05
3.942236e+01 1.029604e+05 1.129684e+05
3.943486e+01 1.018447e+05 1.128254e+05
3.944736e+01 1.007277e+05 1.127219e+05
3.945986e+01 9.961672e+04 1.126462e+05
3.947237e+01 9.851383e+04 1.126023e+05
3.948487e+01 9.741895e+04 1.125857e+05
3.949737e+01 9.633287e+04 1.125954e+05
3.950988e+01 9.525643e+04 1.126311e+05
3.952238e+01 9.419221e+04 1.126961e+05
3.953488e+01 9.313952e+04 1.127860e+05
3.954739e+01 9.209907e+04 1.128999e+05
3.955989e+01 9.107157e+04 1.130373e+05
3.957239e+01 9.006007e+04 1.132009e+05
3.958490e+01 8.906323e+04 1.133865e+05
3.959740e+01 8.808164e+04 1.135932e+05
3.960990e+01 8.711592e+04 1.138203e+05
3.962241e+01 8.616939e+04 1.140701e+05
3.963491e+01 8.524018e+04 1.143386e+05
3.964741e+01 8.432870e+04 1.146249e+05
3.965991e+01 8.343544e+04 1.149281e+05
3.967242e+01 8.257158e+04 1.152681e+05
3.968492e+01 8.179025e+04 1.157742e+05
3.969742e+01 8.107681e+04 1.164098e+05
3.970993e+01 8.038332e+04 1.170587e+05
3.972243e+01 7.971342e+04 1.177217e+05
3.973493e+01 7.906421e+04 1.183959e+05
3.974744e+01 7.843580e+04 1.190804e+05
3.975994e+01 7.782838e+04 1.197742e+05
3.977244e+01 7.724557e+04 1.204777e+05
3.978495e+01 7.668409e+04 1.211885e+05
3.979745e+01 7.614393e+04 1.219055e+05
3.980995e+01 7.562509e+04 1.226280e+05
3.982246e+01 7.513102e+04 1.233556e+05
3.983496e+01 7.465824e+04 1.240865e+05
3.984746e+01 7.420657e+04 1.248199e+05
3.985996e+01 7.377585e+04 1.255549e+05
3.987247e+01 7.336928e+04 1.262906e+05
3.988497e+01 7.298326e+04 1.270259e+05
3.989747e+01 7.261746e+04 1.277600e+05
3.990998e+01 7.227158e+04 1.284921e+05
3.992248e+01 7.194849e+04 1.292208e+05
3.993498e+01 7.173498e+04 1.299695e+05
3.994749e+01 7.172595e+04 1.307624e+05
3.995999e+01 7.176829e+04 1.315587e+05
3.997249e+01 7.183135e+04 1.323480e+05
3.998500e+01 7.191163e+04 1.331306e+05
3.999750e+01 7.200863e+04 1.339057e+05
4.001000e+01 7.212178e+04 1.346729e+05
4.002251e+01 7.225305e+04 1.354300e+05
4.003501e+01 7.239917e+04 1.361778e+05
4.004751e+01 7.255954e+04 1.369159e+05
4.006002e+01 7.273357e+04 1.376438e+05
4.007252e+01 7.292265e+04 1.383592e+05
4.008502e+01 7.312389e+04 1.390635e+05
4.009752e+01 7.333665e+04 1.397563e+05
4.011003e+01 7.356026e+04 1.404373e+05
4.012253e+01 7.379560e+04 1.411041e+05
4.013503e+01 7.404023e+04 1.417586e+05
4.014754e+01 7.429366e+04 1.424007e+05
4.016004e+01 7.455532e+04 1.430303e+05
4.017254e+01 7.482527e+04 1.436449e+05
4.018505e+01 7.511588e+04 1.442353e+05
4.019755e+01 7.556929e+04 1.446902e+05
4.021005e+01 7.611700e+04 1.450625e+05
4.022256e+01 7.666967e+04 1.454196e+05
4.023506e+01 7.722584e+04 1.457637e+05
4.024756e+01 7.778490e+04 1.460950e+05
4.026007e+01 7.834621e+04 1.464134e+05
4.027257e+01 7.890936e+04 1.467171e+05
4.028507e+01 7.947340e+04 1.470085e+05
4.029757e+01 8.003779e+04 1.472877e+05
4.031008e+01 8.060196e+04 1.475549e+05
4.032258e+01 8.116520e+04 1.478086e+05
4.033508e+01 8.172708e+04 1.480510e+05
4.034759e+01 8.228713e+04 1.482824e+05
4.036009e+01 8.284489e+04 1.485031e+05
4.037259e+01 8.339949e+04 1.487120e+05
4.038510e+01 8.395091e+04 1.489111e+05
4.039760e+01 8.449882e+04 1.491007e+05
4.041010e+01 8.504288e+04 1.492814e+05
4.042261e+01 8.558213e+04 1.494521e+05
4.043511e+01 8.611694e+04 1.496148e+05
4.044761e+01 8.664641e+04 1.496585e+05
4.046012e+01 8.716977e+04 1.494961e+05
4.047262e+01 8.768717e+04 1.492959e+05
4.048512e+01 8.819949e+04 1.490896e+05
4.049762e+01 8.870666e+04 1.488776e+05
4.051013e+01 8.920861e+04 1.486603e+05
4.052263e+01 8.970457e+04 1.484375e+05
4.053513e+01 9.019542e+04 1.482103e+05
4.054764e+01 9.068125e+04 1.479793e+05
4.056014e+01 9.116214e+04 1.477448e+05
4.057264e+01 9.163755e+04 1.475066e+05
4.058515e+01 9.210846e+04 1.472658e+05
4.059765e+01 9.257511e+04 1.470226e+05
4.061015e+01 9.303772e+04 1.467774e+05
4.062266e+01 9.349609e+04 1.465301e+05
4.063516e+01 9.395119e+04 1.462813e+05
4.064766e+01 9.440337e+04 1.460313e+05
4.066017e+01 9.485303e+04 1.457801e+05
4.067267e+01 9.530033e+04 1.455278e+05
4.068517e+01 9.574614e+04 1.452745e+05
4.069767e+01 9.619093e+04 1.450204e+05
4.071018e+01 9.642314e+04 1.446024e+05
4.072268e+01 9.659068e+04 1.441334e+05
4.073518e+01 9.675899e+04 1.436633e+05
4.074769e+01 9.692865e+04 1.431917e+05
4.076019e+01 9.710031e+04 1.427184e+05
4.077269e+01 9.727508e+04 1.422426e+05
4.078520e+01 9.745327e+04 1.417641e+05
4.079770e+01 9.763556e+04 1.412825e+05
4.081020e+01 9.782272e+04 1.407970e+05
4.082271e+01 9.801633e+04 1.403061e+05
4.083521e+01 9.821635e+04 1.398095e+05
4.084771e+01 9.842353e+04 1.393064e+05
4.086022e+01 9.863874e+04 1.387954e+05
4.087272e+01 9.886406e+04 1.382738e+05
4.088522e+01 9.909905e+04 1.377415e+05
4.089772e+01 9.934450e+04 1.371968e+05
4.091023e+01 9.960139e+04 1.366378e+05
4.092273e+01 9.987237e+04 1.360597e+05
4.093523e+01 1.001565e+05 1.354625e+05
4.094774e+01 1.004547e+05 1.348437e+05
4.096024e+01 1.006669e+05 1.342252e+05
4.097274e+01 1.006530e+05 1.336356e+05
4.098525e+01 1.006563e+05 1.330134e+05
4.099775e+01 1.006777e+05 1.323543e+05
4.101025e+01 1.007186e+05 1.316525e+05
4.102276e+01 1.007832e+05 1.308952e+05
4.103526e+01 1.008696e+05 1.300821e+05
4.104776e+01 1.009793e+05 1.292055e+05
4.106027e+01 1.011143e+05 1.282552e+05
4.107277e+01 1.012799e+05 1.272075e+05
4.108527e+01 1.014744e+05 1.260608e+05
4.109777e+01 1.017000e+05 1.247994e+05
4.111028e+01 1.019600e+05 1.234019e+05
4.112278e+01 1.022627e+05 1.218206e+05
4.113528e+01 1.026069e+05 1.200462e+05
4.114779e+01 1.029973e+05 1.180413e+05
4.116029e+01 1.034406e+05 1.157519e+05
4.117279e+01 1.039530e+05 1.130599e+05
4.118530e+01 1.045364e+05 1.099197e+05
4.119780e+01 1.052031e+05 1.062117e+05
4.121030e+01 1.059691e+05 1.017565e+05
4.122281e+01 1.067594e+05 9.638721e+04
4.123531e+01 1.076790e+05 8.961994e+04
4.124781e+01 1.087992e+05 8.074938e+04
4.126032e+01 1.101778e+05 6.859837e+04
4.127282e+01 1.119028e+05 4.996892e+04
4.128532e+01 1.138230e+05 2.016756e+04
4.129782e+01 1.148420e+05 -3.415163e+04
4.131033e+01 1.020710e+05 -1.669208e+05
4.132283e+01 -3.149378e+05 -1.165859e+05
4.133533e+01 -5.251796e+05 7.001924e+05
4.134784e+01 1.031647e+04 4.038148e+05
4.136034e+01 5.764870e+04 3.029439e+05
4.137284e+01 7.181883e+04 2.617894e+05
4.138535e+01 7.938471e+04 2.373116e+05
4.139785e+01 8.404406e+04 2.211875e+05
4.141035e+01 8.718405e+04 2.098554e+05
4.142286e+01 8.939423e+04 2.016764e+05
4.143536e+01 9.111646e+04 1.952433e+05
4.144786e+01 9.250582e+04 1.900408e+05
4.146037e+01 9.365532e+04 1.857504e+05
4.147287e+01 9.466690e+04 1.823062e+05
4.148537e+01 9.565766e+04 1.795554e+05
4.149787e+01 9.655066e+04 1.771781e+05
4.151038e+01 9.736302e+04 1.751028e+05
4.152288e+01 9.810261e+04 1.732906e+05
4.153538e+01 9.878917e+04 1.716604e+05
4.154789e+01 9.942959e+04 1.701795e+05
4.156039e+01 1.000281e+05 1.688239e+05
4.157289e+01 1.005851e+05 1.675810e+05
4.158540e+01 1.011088e+05 1.664183e+05
4.159790e+01 1.016013e+05 1.653223e+05
4.161040e+01 1.020633e+05 1.642833e+05
4.162291e+01 1.024928e+05 1.632958e+05
4.163541e+01 1.028946e+05 1.623451e+05
4.164791e+01 1.032691e+05 1.614251e+05
4.166042e+01 1.036158e+05 1.605311e+05
4.167292e+01 1.039316e+05 1.596606e+05
4.168542e+01 1.042204e+05 1.588066e+05
4.169792e+01 1.044819e+05 1.579662e+05
4.171043e+01 1.047149e+05 1.571372e+05
4.172293e+01 1.049613e+05 1.563306e+05
4.173543e+01 1.053959e+05 1.555899e+05
4.174794e+01 1.058915e+05 1.548793e+05
4.176044e+01 1.063569e+05 1.541736e+05
4.177294e+01 1.067885e+05 1.534725e+05
4.178545e+01 1.071899e+05 1.527747e+05
4.179795e+01 1.075606e+05 1.520800e+05
4.181045e+01 1.078993e+05 1.513884e+05
4.182296e+01 1.082022e+05 1.507000e+05
4.183546e+01 1.084732e+05 1.500148e+05
4.184796e+01 1.087120e+05 1.493329e+05
4.186047e+01 1.089172e+05 1.486549e+05
4.187297e+01 1.090851e+05 1.479817e+05
4.188547e+01 1.092199e+05 1.473135e+05
4.189797e+01 1.093215e+05 1.466509e+05
4.191048e+01 1.093885e+05 1.459948e+05
4.192298e+01 1.094176e+05 1.453468e+05
4.193548e+01 1.094132e+05 1.447069e+05
4.194799e+01 1.093753e+05 1.440759e+05
4.196049e+01 1.093029e+05 1.434552e+05
4.197299e+01 1.091927e+05 1.428469e+05
4.198550e+01 1.091750e+05 1.421679e+05
4.199800e+01 1.092941e+05 1.413903e+05
4.201050e+01 1.093848e+05 1.406237e+05
4.202301e+01 1.094392e+05 1.398743e+05
4.203551e+01 1.094619e+05 1.391413e+05
4.204801e+01 1.094533e+05 1.384256e+05
4.206052e+01 1.094131e+05 1.377291e+05
4.207302e+01 1.093389e+05 1.370547e+05
4.208552e+01 1.092354e+05 1.364011e+05
4.209802e+01 1.091033e+05 1.357691e+05
4.211053e+01 1.089423e+05 1.351608e+05
4.212303e+01 1.087508e+05 1.345793e+05
4.213553e+01 1.085333e+05 1.340227e+05
4.214804e+01 1.082907e+05 1.334918e+05
4.216054e+01 1.080230e+05 1.329885e+05
4.217304e+01 1.077292e+05 1.325164e+05
4.218555e+01 1.074135e+05 1.320728e+05
4.219805e+01 1.070770e+05 1.316584e+05
4.221055e+01 1.067200e+05 1.312751e+05
4.222306e+01 1.063423e+05 1.309265e+05
4.223556e+01 1.059559e+05 1.305549e+05
4.224806e+01 1.055869e+05 1.300024e+05
4.226057e+01 1.052151e+05 1.294040e+05
4.227307e+01 1.048285e+05 1.288430e+05
4.228557e+01 1.044301e+05 1.283154e+05
4.229807e+01 1.040214e+05 1.278218e+05
4.231058e+01 1.036032e+05 1.273636e+05
4.232308e+01 1.031765e+05 1.269444e+05
4.233558e+01 1.027438e+05 1.265598e+05
4.234809e+01 1.023064e+05 1.262100e+05
4.236059e+01 1.018657e+05 1.258965e+05
4.237309e+01 1.014231e+05 1.256222e+05
4.238560e+01 1.009804e+05 1.253828e+05
4.239810e+01 1.005389e+05 1.251780e+05
4.241060e+01 1.001002e+05 1.250091e+05
4.242311e+01 9.966616e+04 1.248787e+05
4.243561e+01 9.923784e+04 1.247822e+05
4.244811e+01 9.881654e+04 1.247191e+05
4.246062e+01 9.840396e+04 1.246905e+05
4.247312e+01 9.800246e+04 1.246984e+05
4.248562e+01 9.761221e+04 1.247382e+05
4.249812e+01 9.713157e+04 1.246784e+05
4.251063e+01 9.656614e+04 1.245243e+05
4.252313e+01 9.600995e+04 1.243939e+05
4.253563e+01 9.547011e+04 1.242924e+05
4.254814e+01 9.494771e+04 1.242190e+05
4.256064e+01 9.444466e+04 1.241741e+05
4.257314e+01 9.396375e+04 1.241586e+05
4.258565e+01 9.350362e+04 1.241683e+05
4.259815e+01 9.306521e+04 1.242021e+05
4.261065e+01 9.265041e+04 1.242600e+05
4.262316e+01 9.226208e+04 1.243424e+05
4.263566e+01 9.189816e+04 1.244455e+05
4.264816e+01 9.155939e+04 1.245681e+05
4.266067e+01 9.124759e+04 1.247098e+05
4.267317e+01 9.096554e+04 1.248704e+05
4.268567e+01 9.071062e+04 1.250467e+05
4.269817e+01 9.048330e+04 1.252373e+05
4.271068e+01 9.028531e+04 1.254415e+05
4.272318e+01 9.011924e+04 1.256587e+05
4.273568e+01 8.998197e+04 1.258861e+05
4.274819e+01 8.984036e+04 1.261193e+05
4.276069e+01 8.947791e+04 1.263362e+05
4.277319e+01 8.910872e+04 1.265563e+05
4.278570e+01 8.876894e+04 1.267809e+05
4.279820e+01 8.845859e+04 1.270090e+05
4.281070e+01 8.817894e+04 1.272391e+05
4.282321e+01 8.793217e+04 1.274701e+05
4.283571e+01 8.771466e+04 1.277006e+05
4.284821e+01 8.752588e+04 1.279290e+05
4.286072e+01 8.736688e+04 1.281540e+05
4.287322e+01 8.723922e+04 1.283737e+05
4.288572e+01 8.713911e+04 1.285875e+05
4.289822e+01 8.706606e+04 1.287943e+05
4.291073e+01 8.702081e+04 1.289924e+05
4.292323e+01 8.700451e+04 1.291799e+05
4.293573e+01 8.701337e+04 1.293568e+05
4.294824e+01 8.704676e+04 1.295221e+05
4.296074e+01 8.710507e+04 1.296741e+05
4.297324e+01 8.718900e+04 1.298110e+05
4.298575e+01 8.729497e+04 1.299332e+05
4.299825e+01 8.742214e+04 1.300400e+05
4.301075e+01 8.744980e+04 1.302326e+05
4.302326e+01 8.738173e+04 1.305058e+05
4.303576e+01 8.733195e+04 1.307612e+05
4.304826e+01 8.729950e+04 1.309983e+05
4.306077e+01 8.728421e+04 1.312154e+05
4.307327e+01 8.728592e+04 1.314107e+05
4.308577e+01 8.730175e+04 1.315859e+05
4.309827e+01 8.733069e+04 1.317408e+05
4.311078e+01 8.737229e+04 1.318737e+05
4.312328e+01 8.742605e+04 1.319832e+05
4.313578e+01 8.748958e+04 1.320713e+05
4.314829e+01 8.756186e+04 1.321380e+05
4.316079e+01 8.764223e+04 1.321819e+05
4.317329e+01 8.772991e+04 1.322017e+05
4.318580e+01 8.782305e+04 1.321998e+05
4.319830e+01 8.792071e+04 1.321764e+05
4.321080e+01 8.802205e+04 1.321305e+05
4.322331e+01 8.812613e+04 1.320608e+05
4.323581e+01 8.823168e+04 1.319702e+05
4.324831e+01 8.833783e+04 1.318589e+05
4.326082e+01 8.844231e+04 1.317450e+05
4.327332e+01 8.852521e+04 1.318817e+05
4.328582e+01 8.860550e+04 1.320074e+05
4.329832e+01 8.868310e+04 1.321141e+05
4.331083e+01 8.875717e+04 1.322014e+05
4.332333e+01 8.882675e+04 1.322687e+05
4.333583e+01 8.889170e+04 1.323187e+05
4.334834e+01 8.895156e+04 1.323521e+05
4.336084e+01 8.900559e+04 1.323685e+05
4.337334e+01 8.905303e+04 1.323680e+05
4.338585e+01 8.909426e+04 1.323529e+05
4.339835e+01 8.912908e+04 1.323239e+05
4.341085e+01 8.915701e+04 1.322810e+05
4.342336e+01 8.917768e+04 1.322244e+05
4.343586e+01 8.919187e+04 1.321562e+05
4.344836e+01 8.919975e+04 1.320771e+05
4.346087e+01 8.920125e+04 1.319872e+05
4.347337e+01 8.919651e+04 1.318867e+05
4.348587e+01 8.918670e+04 1.317776e+05
4.349837e+01 8.917239e+04 1.316602e+05
4.351088e+01 8.915905e+04 1.315405e+05
4.352338e+01 8.924031e+04 1.315260e+05
4.353588e+01 8.940883e+04 1.316078e+05
4.354839e+01 8.957693e+04 1.316835e+05
4.356089e+01 8.974609e+04 1.317531e+05
4.357339e+01 8.991826e+04 1.318165e+05
4.358590e+01 9.009510e+04 1.318745e+05
4.359840e+01 9.027859e+04 1.319270e+05
4.361090e+01 9.047166e+04 1.319735e+05
4.362341e+01 9.067787e+04 1.320133e+05
4.363591e+01 9.089912e+04 1.320463e+05
4.364841e+01 9.113869e+04 1.320719e+05
4.366092e+01 9.140182e+04 1.320882e+05
4.367342e+01 9.169478e+04 1.320933e+05
4.368592e+01 9.202000e+04 1.320861e+05
4.369842e+01 9.238307e+04 1.320645e+05
4.371093e+01 9.279356e+04 1.320242e+05
4.372343e+01 9.326269e+04 1.319601e+05
4.373593e+01 9.379461e+04 1.318696e+05
4.374844e+01 9.439976e+04 1.317472e+05
4.376094e+01 9.509682e+04 1.315832e+05
4.377344e+01 9.596871e+04 1.313696e+05
4.378595e+01 9.715601e+04 1.311088e+05
4.379845e+01 9.852547e+04 1.307758e+05
4.381095e+01 1.000837e+05 1.303432e+05
4.382346e+01 1.018835e+05 1.297780e+05
4.383596e+01 1.039557e+05 1.290581e+05
4.384846e+01 1.063646e+05 1.281410e+05
4.386097e+01 1.092307e+05 1.269469e+05
4.387347e+01 1.127233e+05 1.253599e+05
4.388597e+01 1.169816e+05 1.232759e+05
4.389847e+01 1.222759e+05 1.204968e+05
4.391098e+01 1.291566e+05 1.166098e+05
4.392348e+01 1.385768e+05 1.108588e+05
4.393598e+01 1.517748e+05 1.021608e+05
4.394849e+01 1.714460e+05 8.801045e+04
4.396099e+01 2.053337e+05 6.010145e+04
4.397349e+01 2.787385e+05 -2.119527e+04
4.398600e+01 3.418388e+05 -5.193966e+05
4.399850e+01 -4.741747e+05 -5.701767e+03
4.401100e+01 -2.062246e+05 2.367494e+05
4.402351e+01 -8.538018e+04 2.185800e+05
4.403601e+01 -3.460077e+04 2.047134e+05
4.404851e+01 -7.056334e+03 1.956915e+05
4.406102e+01 9.833699e+03 1.897796e+05
4.407352e+01 2.124774e+04 1.857527e+05
4.408602e+01 2.980723e+04 1.828092e+05
4.409852e+01 3.650041e+04 1.806173e+05
4.411103e+01 4.185452e+04 1.789916e+05
4.412353e+01 4.626040e+04 1.777833e+05
4.413603e+01 5.004562e+04 1.768573e+05
4.414854e+01 5.335907e+04 1.761511e+05
4.416104e+01 5.628837e+04 1.756277e+05
4.417354e+01 5.891609e+04 1.752504e+05
4.418605e+01 6.132935e+04 1.749782e+05
4.419855e+01 6.356961e+04 1.747913e+05
4.421105e+01 6.566143e+04 1.746774e+05
4.422356e+01 6.763169e+04 1.746226e+05
4.423606e+01 6.951275e+04 1.746107e+05
4.424856e+01 7.131972e+04 1.746325e+05
4.426107e+01 7.306168e+04 1.746819e+05
4.427357e+01 7.474955e+04 1.747519e+05
4.428607e+01 7.640052e+04 1.747541e+05
4.429857e+01 7.802524e+04 1.745931e+05
4.431108e+01 7.962178e+04 1.743965e+05
4.432358e+01 8.119324e+04 1.741993e+05
4.433608e+01 8.274572e+04 1.739977e+05
4.434859e+01 8.428215e+04 1.737889e+05
4.436109e+01 8.580407e+04 1.735692e+05
4.437359e+01 8.731343e+04 1.733354e+05
4.438610e+01 8.881286e+04 1.730862e+05
4.439860e+01 9.030341e+04 1.728196e+05
4.441110e+01 9.178527e+04 1.725323e+05
4.442361e+01 9.325884e+04 1.722217e+05
4.443611e+01 9.472505e+04 1.718881e+05
4.444861e+01 9.618391e+04 1.715303e+05
4.446112e+01 9.763465e+04 1.711449e+05
4.447362e+01 9.907670e+04 1.707301e+05
4.448612e+01 1.005103e+05 1.702872e+05
4.449862e+01 1.019347e+05 1.698155e+05
4.451113e+01 1.033484e+05 1.693118e+05
4.452363e+01 1.047503e+05 1.687748e+05
4.453613e+01 1.061403e+05 1.682068e+05
4.454864e+01 1.073765e+05 1.674644e+05
4.456114e+01 1.085293e+05 1.666185e+05
4.457364e+01 1.096647e+05 1.657368e+05
4.458615e+01 1.107835e+05 1.648229e+05
4.459865e+01 1.118845e+05 1.638767e+05
4.461115e+01 1.129648e+05 1.628958e+05
4.462366e+01 1.140227e+05 1.618799e+05
4.463616e+01 1.150585e+05 1.608323e+05
4.464866e+01 1.160710e+05 1.597532e+05
4.466117e+01 1.170569e+05 1.586409e+05
4.467367e+01 1.180142e+05 1.574955e+05
4.468617e+01 1.189439e+05 1.563204e+05
4.469867e+01 1.198446e+05 1.551164e+05
4.471118e+01 1.207128e+05 1.538822e+05
4.472368e+01 1.215465e+05 1.526184e+05
4.473618e+01 1.223472e+05 1.513286e+05
4.474869e+01 1.231138e+05 1.500139e+05
4.476119e+01 1.238421e+05 1.486734e+05
4.477369e+01 1.245307e+05 1.473085e+05
4.478620e+01 1.251816e+05 1.459225e+05
4.479870e+01 1.257131e+05 1.445207e+05
4.481120e+01 1.259930e+05 1.431094e+05
4.482371e+01 1.262086e+05 1.416809e+05
4.483621e+01 1.263825e+05 1.402374e+05
4.484871e+01 1.265141e+05 1.387804e+05
4.486122e+01 1.265991e+05 1.373108e+05
4.487372e+01 1.266366e+05 1.358304e+05
4.488622e+01 1.266298e+05 1.343420e+05
4.489872e+01 1.265782e+05 1.328472e+05
4.491123e+01 1.264777e+05 1.313477e+05
4.492373e+01 1.263278e+05 1.298455e+05
4.493623e+01 1.261322e+05 1.283429e+05
4.494874e+01 1.258907e+05 1.268416e+05
4.496124e+01 1.255996e+05 1.253440e+05
4.497374e+01 1.252587e+05 1.238523e+05
4.498625e+01 1.248722e+05 1.223681e+05
4.499875e+01 1.244403e+05 1.208933e+05
4.501125e+01 1.239594e+05 1.194307e+05
4.502376e+01 1.234302e+05 1.179827e+05
4.503626e+01 1.228569e+05 1.165501e+05
4.504876e+01 1.222401e+05 1.151347e+05
4.506127e+01 1.214326e+05 1.139245e+05
4.507377e+01 1.205242e+05 1.128083e+05
4.508627e+01 1.195748e+05 1.117151e+05
4.509877e+01 1.185853e+05 1.106467e+05
4.511128e+01 1.175534e+05 1.096071e+05
4.512378e+01 1.164807e+05 1.085982e+05
4.513628e+01 1.153714e+05 1.076194e+05
4.514879e+01 1.142269e+05 1.066723e+05
4.516129e+01 1.130456e+05 1.057612e+05
4.517379e+01 1.118295e+05 1.048876e+05
4.518630e+01 1.105826e+05 1.040504e+05
4.519880e+01 1.093065e+05 1.032506e+05
4.521130e+01 1.080006e+05 1.024931e+05
4.522381e+01 1.066671e+05 1.017788e+05
4.523631e+01 1.053097e+05 1.011058e+05
4.524881e+01 1.039303e+05 1.004749e+05
4.526132e+01 1.025290e+05 9.989106e+04
4.527382e+01 1.011083e+05 9.935476e+04
4.528632e+01 9.967156e+04 9.886333e+04
4.529882e+01 9.822072e+04 9.841740e+04
4.531133e+01 9.677432e+04 9.810494e+04
4.532383e+01 9.537006e+04 9.809405e+04
4.533633e+01 9.395816e+04 9.813016e+04
4.534884e+01 9.254062e+04 9.821351e+04
4.536134e+01 9.111933e+04 9.834855e+04
4.537384e+01 8.969674e+04 9.853480e+04
4.538635e+01 8.827516e+04 9.876856e+04
4.539885e+01 8.685658e+04 9.904972e+04
4.541135e+01 8.544368e+04 9.938229e+04
4.542386e+01 8.403879e+04 9.976528e+04
4.543636e+01 8.264348e+04 1.001947e+05
4.544886e+01 8.125972e+04 1.006700e+05
4.546137e+01 7.989085e+04 1.011946e+05
4.547387e+01 7.853896e+04 1.017672e+05
4.548637e+01 7.720488e+04 1.023835e+05
4.549887e+01 7.589042e+04 1.030426e+05
4.551138e+01 7.459951e+04 1.037473e+05
4.552388e+01 7.333390e+04 1.044958e+05
4.553638e+01 7.209361e+04 1.052838e+05
4.554889e+01 7.088029e+04 1.061101e+05
4.556139e+01 6.971895e+04 1.069877e+05
4.557389e+01 6.879701e+04 1.080126e+05
4.558640e+01 6.799932e+04 1.091202e+05
4.559890e+01 6.723492e+04 1.102603e+05
4.561140e+01 6.650844e+04 1.114343e+05
4.562391e+01 6.582065e+04 1.126394e+05
4.563641e+01 6.517014e+04 1.138720e+05
4.564891e+01 6.455796e+04 1.151303e+05
4.566142e+01 6.398890e+04 1.164147e+05
4.567392e+01 6.346317e+04 1.177226e+05
4.568642e+01 6.297908e+04 1.190509e+05
4.569892e+01 6.253694e+04 1.203973e+05
4.571143e+01 6.214152e+04 1.217614e+05
4.572393e+01 6.179242e+04 1.231406e+05
4.573643e+01 6.148704e+04 1.245318e+05
4.574894e+01 6.122572e+04 1.259332e+05
4.576144e+01 6.101300e+04 1.273435e+05
4.577394e+01 6.084794e+04 1.287602e+05
4.578645e+01 6.072749e+04 1.301809e+05
4.579895e+01 6.065163e+04 1.316036e+05
4.581145e+01 6.062452e+04 1.330265e+05
4.582396e+01 6.075417e+04 1.344012e+05
4.583646e+01 6.116731e+04 1.356715e+05
4.584896e+01 6.162694e+04 1.369349e+05
4.586147e+01 6.213383e+04 1.381899e+05
4.587397e+01 6.268615e+04 1.394346e+05
4.588647e+01 6.328028e+04 1.406681e+05
4.589897e+01 6.391555e+04 1.418886e+05
4.591148e+01 6.459509e+04 1.430931e+05
4.592398e+01 6.531671e+04 1.442801e+05
4.593648e+01 6.607677e+04 1.454493e+05
4.594899e+01 6.687431e+04 1.465993e+05
4.596149e+01 6.771186e+04 1.477266e+05
4.597399e+01 6.858700e+04 1.488304e+05
4.598650e+01 6.949621e+04 1.499111e+05
4.599900e+01 7.043833e+04 1.509674e+05
4.601150e+01 7.141525e+04 1.519959e+05
4.602401e+01 7.242453e+04 1.529963e+05
4.603651e+01 7.346281e+04 1.539696e+05
4.604901e+01 7.452890e+04 1.549151e+05
4.606152e+01 7.562414e+04 1.558292e+05
4.607402e+01 7.676007e+04 1.566648e+05
4.608652e+01 7.798542e+04 1.572477e+05
4.609902e+01 7.926657e+04 1.576879e+05
4.611153e+01 8.057127e+04 1.580952e+05
4.612403e+01 8.189742e+04 1.584707e+05
4.613653e+01 8.324260e+04 1.588163e+05
4.614904e+01 8.460581e+04 1.591322e+05
4.616154e+01 8.598783e+04 1.594158e+05
4.617404e+01 8.738705e+04 1.596688e+05
4.618655e+01 8.880170e+04 1.598935e+05
4.619905e+01 9.023123e+04 1.600907e+05
4.621155e+01 9.167670e+04 1.602585e+05
4.622406e+01 9.313728e+04 1.603992e+05
4.623656e+01 9.461205e+04 1.605155e+05
4.624906e+01 9.610124e+04 1.606087e+05
4.626157e+01 9.760695e+04 1.606783e+05
4.627407e+01 9.912953e+04 1.607268e+05
4.628657e+01 1.006693e+05 1.607576e+05
4.629907e+01 1.022277e+05 1.607725e+05
4.631158e+01 1.038094e+05 1.607725e+05
4.632408e+01 1.054166e+05 1.607611e+05
4.633658e+01 1.069529e+05 1.606005e+05
4.634909e+01 1.083957e+05 1.602551e+05
4.636159e+01 1.098660e+05 1.598884e+05
4.637409e+01 1.113835e+05 1.595246e+05
4.638660e+01 1.129537e+05 1.591679e+05
4.639910e+01 1.145861e+05 1.588230e+05
4.641160e+01 1.163015e+05 1.584975e+05
4.642411e+01 1.181135e+05 1.581977e+05
4.643661e+01 1.200358e+05 1.579299e+05
4.644911e+01 1.220905e+05 1.577021e+05
4.646162e+01 1.243263e+05 1.575306e+05
4.647412e+01 1.267785e+05 1.574272e+05
4.648662e+01 1.294848e+05 1.574033e+05
4.649912e+01 1.325067e+05 1.574772e+05
4.651163e+01 1.359793e+05 1.576873e+05
4.652413e+01 1.400182e+05 1.580631e+05
4.653663e+01 1.447635e+05 1.586373e+05
4.654914e+01 1.504475e+05 1.594631e+05
4.656164e+01 1.576059e+05 1.606585e+05
4.657414e+01 1.668464e+05 1.623314e+05
4.658665e+01 1.790403e+05 1.646141e+05
4.659915e+01 1.956708e+05 1.677032e+05
4.661165e+01 2.219148e+05 1.719969e+05
4.662416e+01 2.682366e+05 1.772161e+05
4.663666e+01 3.645614e+05 1.778533e+05
4.664916e+01 6.401711e+05 9.949032e+04
4.666167e+01 4.059036e+05 -9.736090e+05
4.667417e+01 -2.359803e+05 -1.703947e+05
4.668667e+01 -1.068565e+05 9.938799e+03
4.669917e+01 -4.566774e+04 5.944840e+04
4.671168e+01 -1.404633e+04 7.978556e+04
4.672418e+01 5.541333e+03 9.096564e+04
4.673668e+01 1.903838e+04 9.809530e+04
4.674919e+01 2.879657e+04 1.029438e+05
4.676169e+01 3.592324e+04 1.063008e+05
4.677419e+01 4.139210e+04 1.087768e+05
4.678670e+01 4.574015e+04 1.106882e+05
4.679920e+01 4.924805e+04 1.121964e+05
4.681170e+01 5.205552e+04 1.133858e+05
4.682421e+01 5.435815e+04 1.143578e+05
4.683671e+01 5.628265e+04 1.151759e+05
4.684921e+01 5.777518e+04 1.160207e+05
4.686172e+01 5.883866e+04 1.169458e+05
4.687422e+01 5.968645e+04 1.178103e+05
4.688672e+01 6.037154e+04 1.186252e+05
4.689922e+01 6.092091e+04 1.194023e+05
4.691173e+01 6.134614e+04 1.201485e+05
4.692423e+01 6.167572e+04 1.208742e+05
4.693673e+01 6.193027e+04 1.215862e+05
4.694924e+01 6.212265e+04 1.222889e+05
4.696174e+01 6.225922e+04 1.229856e+05
4.697424e+01 6.235437e+04 1.236796e+05
4.698675e+01 6.241872e+04 1.243732e+05
4.699925e+01 6.245943e+04 1.250678e+05
4.701175e+01 6.248157e+04 1.257646e+05
4.702426e+01 6.249284e+04 1.264642e+05
4.703676e+01 6.249895e+04 1.271667e+05
4.704926e+01 6.250431e+04 1.278720e+05
4.706177e+01 6.251374e+04 1.285800e+05
4.707427e+01 6.253114e+04 1.292900e+05
4.708677e+01 6.255946e+04 1.300010e+05
4.709927e+01 6.260150e+04 1.307122e+05
4.711178e+01 6.274732e+04 1.318363e+05
4.712428e+01 6.291883e+04 1.329858e+05
4.713678e+01 6.311147e+04 1.341316e+05
4.714929e+01 6.332696e+04 1.352722e+05
4.716179e+01 6.356993e+04 1.364051e+05
4.717429e+01 6.384023e+04 1.375291e+05
4.718680e+01 6.413796e+04 1.386430e+05
4.719930e+01 6.446373e+04 1.397448e+05
4.721180e+01 6.482182e+04 1.408309e+05
4.722431e+01 6.521074e+04 1.419001e+05
4.723681e+01 6.562949e+04 1.429515e+05
4.724931e+01 6.607829e+04 1.439830e+05
4.726182e+01 6.656081e+04 1.449901e+05
4.727432e+01 6.707466e+04 1.459721e+05
4.728682e+01 6.761821e+04 1.469283e+05
4.729932e+01 6.819102e+04 1.478568e+05
4.731183e+01 6.879599e+04 1.487520e+05
4.732433e+01 6.943009e+04 1.496141e+05
4.733683e+01 7.009122e+04 1.504426e+05
4.734934e+01 7.077843e+04 1.512359e+05
4.736184e+01 7.168775e+04 1.520807e+05
4.737434e+01 7.284631e+04 1.529925e+05
4.738685e+01 7.402705e+04 1.538638e+05
4.739935e+01 7.522854e+04 1.546932e+05
4.741185e+01 7.645145e+04 1.554736e+05
4.742436e+01 7.769236e+04 1.562071e+05
4.743686e+01 7.894870e+04 1.568944e+05
4.744936e+01 8.021870e+04 1.575342e+05
4.746187e+01 8.150168e+04 1.581193e+05
4.747437e+01 8.279439e+04 1.586525e+05
4.748687e+01 8.409431e+04 1.591352e+05
4.749937e+01 8.539934e+04 1.595666e+05
4.751188e+01 8.670743e+04 1.599393e+05
4.752438e+01 8.801572e+04 1.602572e+05
4.753688e+01 8.932188e+04 1.605219e+05
4.754939e+01 9.062358e+04 1.607333e+05
4.756189e+01 9.191736e+04 1.608843e+05
4.757439e+01 9.320104e+04 1.609794e+05
4.758690e+01 9.447252e+04 1.610209e+05
4.759940e+01 9.572943e+04 1.610090e+05
4.761190e+01 9.701874e+04 1.609110e+05
4.762441e+01 9.860652e+04 1.605966e+05
4.763691e+01 1.002278e+05 1.602020e+05
4.764941e+01 1.018242e+05 1.597560e+05
4.766192e+01 1.033896e+05 1.592532e+05
4.767442e+01 1.049238e+05 1.586992e+05
4.768692e+01 1.064254e+05 1.580970e+05
4.769942e+01 1.078924e+05 1.574477e+05
4.771193e+01 1.093173e+05 1.567471e+05
4.772443e+01 1.107011e+05 1.560008e+05
4.773693e+01 1.120431e+05 1.552122e+05
4.774944e+01 1.133413e+05 1.543829e+05
4.776194e+01 1.145874e+05 1.535099e+05
4.777444e+01 1.157837e+05 1.525989e+05
4.778695e+01 1.169299e+05 1.516533e+05
4.779945e+01 1.180245e+05 1.506752e+05
4.781195e+01 1.190586e+05 1.496632e+05
4.782446e+01 1.200355e+05 1.486226e+05
4.783696e+01 1.209558e+05 1.475568e+05
4.784946e+01 1.218181e+05 1.464684e+05
4.786197e+01 1.226165e+05 1.453423e+05
4.787447e+01 1.233956e+05 1.439792e+05
4.788697e+01 1.241624e+05 1.423538e+05
4.789947e+01 1.248670e+05 1.407166e+05
4.791198e+01 1.255004e+05 1.390697e+05
4.792448e+01 1.260679e+05 1.374171e+05
4.793698e+01 1.265714e+05 1.357619e+05
4.794949e+01 1.270106e+05 1.341068e+05
4.796199e+01 1.273767e+05 1.324556e+05
4.797449e+01 1.276762e+05 1.308113e+05
4.798700e+01 1.279114e+05 1.291765e+05
4.799950e+01 1.280825e+05 1.275542e+05
4.801200e+01 1.281815e+05 1.259497e+05
4.802451e+01 1.282155e+05 1.243647e+05
4.803701e+01 1.281872e+05 1.228015e+05
4.804951e+01 1.280976e+05 1.212629e+05
4.806202e+01 1.279395e+05 1.197558e+05
4.807452e+01 1.277204e+05 1.182804e+05
4.808702e+01 1.274436e+05 1.168387e+05
4.809952e+01 1.271104e+05 1.154332e+05
4.811203e+01 1.267151e+05 1.140720e+05
4.812453e+01 1.261947e+05 1.126704e+05
4.813703e+01 1.254266e+05 1.110803e+05
4.814954e+01 1.245530e+05 1.094703e+05
4.816204e+01 1.236262e+05 1.079162e+05
4.817454e+01 1.226534e+05 1.064154e+05
4.818705e+01 1.216384e+05 1.049685e+05
4.819955e+01 1.205834e+05 1.035773e+05
4.821205e+01 1.194861e+05 1.022518e+05
4.822456e+01 1.183534e+05 1.009880e+05
4.823706e+01 1.171890e+05 9.978559e+04
4.824956e+01 1.159955e+05 9.864617e+04
4.826207e+01 1.147725e+05 9.758012e+04
4.827457e+01 1.135259e+05 9.658188e+04
4.828707e+01 1.122596e+05 9.565066e+04
4.829957e+01 1.109763e+05 9.478744e+04
4.831208e+01 1.096775e+05 9.400266e+04
4.832458e+01 1.083683e+05 9.328955e+04
4.833708e+01 1.070520e+05 9.264668e+04
4.834959e+01 1.057317e+05 9.207447e+04
4.836209e+01 1.044109e+05 9.158306e+04
4.837459e+01 1.030923e+05 9.116468e+04
4.838710e+01 1.014927e+05 9.082268e+04
4.839960e+01 9.968472e+04 9.055558e+04
4.841210e+01 9.789122e+04 9.036881e+04
4.842461e+01 9.611435e+04 9.025382e+04
4.843711e+01 9.435680e+04 9.020813e+04
4.844961e+01 9.262157e+04 9.023096e+04
4.846212e+01 9.091563e+04 9.033085e+04
4.847462e+01 8.923940e+04 9.049881e+04
4.848712e+01 8.759506e+04 9.073194e+04
4.849962e+01 8.598541e+04 9.102895e+04
4.851213e+01 8.441889e+04 9.139709e+04
4.852463e+01 8.289417e+04 9.182729e+04
4.853713e+01 8.141285e+04 9.231635e+04
4.854964e+01 7.997745e+04 9.286252e+04
4.856214e+01 7.859760e+04 9.347155e+04
4.857464e+01 7.727019e+04 9.413465e+04
4.858715e+01 7.599626e+04 9.484842e+04
4.859965e+01 7.477789e+04 9.561076e+04
4.861215e+01 7.362561e+04 9.642577e+04
4.862466e+01 7.253465e+04 9.728527e+04
4.863716e+01 7.143257e+04 9.827777e+04
4.864966e+01 7.019589e+04 9.955883e+04
4.866217e+01 6.899143e+04 1.009343e+05
4.867467e+01 6.785507e+04 1.023437e+05
4.868717e+01 6.678661e+04 1.037836e+05
4.869967e+01 6.578718e+04 1.052517e+05
4.871218e+01 6.486810e+04 1.067487e+05
4.872468e+01 6.402268e+04 1.082695e+05
4.873718e+01 6.324997e+04 1.098111e+05
4.874969e+01 6.254984e+04 1.113700e+05
4.876219e+01 6.193356e+04 1.129459e+05
4.877469e+01 6.139243e+04 1.145341e+05
4.878720e+01 6.092522e+04 1.161320e+05
4.879970e+01 6.053212e+04 1.177375e+05
4.881220e+01 6.022416e+04 1.193491e+05
4.882471e+01 5.999190e+04 1.209638e+05
4.883721e+01 5.983381e+04 1.225796e+05
4.884971e+01 5.974975e+04 1.241951e+05
4.886222e+01 5.975041e+04 1.258082e+05
4.887472e+01 5.982606e+04 1.274178e+05
4.888722e+01 5.997505e+04 1.290229e+05
4.889972e+01 6.026145e+04 1.309288e+05
4.891223e+01 6.066909e+04 1.330066e+05
4.892473e+01 6.115126e+04 1.350808e+05
4.893723e+01 6.170616e+04 1.371496e+05
4.894974e+01 6.233389e+04 1.392139e+05
4.896224e+01 6.304575e+04 1.412747e+05
4.897474e+01 6.383272e+04 1.433346e+05
4.898725e+01 6.469445e+04 1.453964e+05
4.899975e+01 6.563223e+04 1.474634e+05
4.901225e+01 6.665987e+04 1.495421e+05
4.902476e+01 6.776985e+04 1.516374e+05
4.903726e+01 6.896425e+04 1.537561e+05
4.904976e+01 7.024745e+04 1.559063e+05
4.906227e+01 7.164032e+04 1.581063e+05
4.907477e+01 7.313862e+04 1.603650e+05
4.908727e+01 7.475059e+04 1.626973e+05
4.909977e+01 7.648858e+04 1.651223e+05
4.911228e+01 7.839277e+04 1.676855e+05
4.912478e+01 8.046782e+04 1.704052e+05
4.913728e+01 8.273959e+04 1.733182e+05
4.914979e+01 8.531500e+04 1.765105e+05
4.916229e+01 8.857531e+04 1.802526e+05
4.917479e+01 9.221259e+04 1.844125e+05
4.918730e+01 9.631259e+04 1.890973e+05
4.919980e+01 1.010079e+05 1.944607e+05
4.921230e+01 1.066494e+05 2.008959e+05
4.922481e+01 1.134764e+05 2.086500e+05
4.923731e+01 1.219787e+05 2.182168e+05
4.924981e+01 1.329727e+05 2.303760e+05
4.926232e+01 1.488864e+05 2.473132e+05
4.927482e+01 1.729384e+05 2.713973e+05
4.928732e+01 2.133165e+05 3.078745e+05
4.929982e+01 2.932548e+05 3.677029e+05
4.931233e+01 6.002442e+05 4.390255e+05
4.932483e+01 8.233627e+05 -2.738604e+05
4.933733e+01 1.344586e+05 -5.769269e+05
4.934984e+01 -4.067867e+04 -1.934979e+05
4.936234e+01 -2.023981e+04 -7.612269e+04
4.937484e+01 -2.512871e+03 -1.798022e+04
4.938735e+01 1.060243e+04 1.632122e+04
4.939985e+01 2.038614e+04 3.868836e+04
4.941235e+01 2.792572e+04 5.354266e+04
4.942486e+01 3.410831e+04 6.453317e+04
4.943736e+01 3.920277e+04 7.298134e+04
4.944986e+01 4.347278e+04 7.963247e+04
4.946237e+01 4.702142e+04 8.481560e+04
4.947487e+01 5.008151e+04 8.906759e+04
4.948737e+01 5.274491e+04 9.260485e+04
4.949987e+01 5.507672e+04 9.557773e+04
4.951238e+01 5.708859e+04 9.804123e+04
4.952488e+01 5.886463e+04 1.001552e+05
4.953738e+01 6.043590e+04 1.019854e+05
4.954989e+01 6.182576e+04 1.035815e+05
4.956239e+01 6.303021e+04 1.049583e+05
4.957489e+01 6.409127e+04 1.061810e+05
4.958740e+01 6.502300e+04 1.072770e+05
4.959990e+01 6.583650e+04 1.082681e+05
4.961240e+01 6.652546e+04 1.091619e+05
4.962491e+01 6.711592e+04 1.099893e+05
4.963741e+01 6.761600e+04 1.107639e+05
4.964991e+01 6.803244e+04 1.114976e+05
4.966242e+01 6.839191e+04 1.121096e+05
4.967492e+01 6.880496e+04 1.123628e+05
4.968742e+01 6.915314e+04 1.126046e+05
4.969992e+01 6.944150e+04 1.128419e+05
4.971243e+01 6.966667e+04 1.130824e+05
4.972493e+01 6.984245e+04 1.133317e+05
4.973743e+01 6.997354e+04 1.135949e+05
4.974994e+01 7.006427e+04 1.138763e+05
4.976244e+01 7.011366e+04 1.141839e+05
4.977494e+01 7.013209e+04 1.145181e+05
4.978745e+01 7.012375e+04 1.148819e+05
4.979995e+01 7.009263e+04 1.152777e+05
4.981245e+01 7.004026e+04 1.157141e+05
4.982496e+01 6.997401e+04 1.161876e+05
4.983746e+01 6.989777e+04 1.166997e+05
4.984996e+01 6.981535e+04 1.172518e+05
4.986247e+01 6.973069e+04 1.178519e+05
4.987497e+01 6.964831e+04 1.184942e+05
4.988747e+01 6.957188e+04 1.191791e+05
4.989997e+01 6.950493e+04 1.199069e+05
4.991248e+01 6.943701e+04 1.206529e+05
4.992498e+01 6.927189e+04 1.212240e+05
4.993748e+01 6.905660e+04 1.217026e+05
4.994999e+01 6.886540e+04 1.222228e+05
4.996249e+01 6.870652e+04 1.227904e+05
4.997499e+01 6.857896e+04 1.233974e+05
4.998750e+01 6.848567e+04 1.240426e+05
5.000000e+01 6.873638e+04 1.238187e+05
