#Parameters = {cpw=15; sigma_z=0.4; wakelength=200; xbeam=0; xtest=0; ybeam=0; ytest=0}
# Beta-weighted transverse dipolar bunch wake, y-plane
# beta_factor is dimensionless: sum(beta_i/<beta>)
# Z_perp unit: Ohm/m
#"s / mm"	"W_perp_beta [V/pC/m]"
#------------------------
-9.983088851400	1.5706998700397e-14
-9.953109605600	1.8764998447377e-14
-9.923130359800	9.3824992236885e-15
-9.893151114000	1.2440498970668e-14
-9.863171868200	1.9251498407124e-14
-9.833192622400	1.0911499097179e-14
-9.803213376600	5.2124995687159e-15
-9.773234130800	9.3129992294390e-15
-9.743254885000	6.3939994709581e-15
-9.713275639200	1.6749498614140e-14
-9.683296393400	1.8486998470379e-14
-9.653317147600	1.0251249151808e-14
-9.623337901800	1.6610498625641e-14
-9.593358656000	2.1544998217359e-14
-9.563379410200	2.1023748260487e-14
-9.533400164400	1.2753248944791e-14
-9.503420918600	8.7222492783179e-15
-9.473441672800	2.0832623276301e-14
-9.443462427000	2.2987123098037e-14
-9.413483181200	2.6045122845017e-14
-9.383503935400	1.9199373411437e-14
-9.353524689600	2.2257373158417e-14
-9.323545443800	2.5589029132754e-14
-9.293566198000	2.0285310821586e-14
-9.263586952200	1.1024436587834e-14
-9.233607706400	1.9890029604292e-14
-9.203628460600	2.3560498050596e-14
-9.173649214800	2.1597123213046e-14
-9.143669969000	3.4541497142024e-14
-9.113690723200	2.7991122684004e-14
-9.083711477400	1.8382748479005e-14
-9.053732231600	1.5845998688896e-14
-9.023752985800	1.6645248622766e-14
-8.993773740000	2.0015998343869e-14
-8.963794494200	2.7278747742946e-14
-8.933815248400	2.8529747639438e-14
-8.903836002600	3.1691997377792e-14
-8.873856756800	2.5297997906834e-14
-8.843877511000	2.5506497889583e-14
-8.813898265200	2.1475498223109e-14
-8.783919019400	1.9459998389873e-14
-8.753939773600	3.0510497475550e-14
-8.723960527800	3.5583997055767e-14
-8.693981282000	2.9815497533055e-14
-8.664002036200	3.5931497027015e-14
-8.634022790400	2.1683998205858e-14
-8.604043544600	4.0240496670486e-14
-8.574064298800	2.4672497958588e-14
-8.544085053000	2.5158997918335e-14
-8.514105807200	3.4819497119022e-14
-8.484126561400	2.4463997975840e-14
-8.454147315600	3.4332997159275e-14
-8.424168069800	4.4271496336960e-14
-8.394188824000	2.3282498073597e-14
-8.364209578200	3.0510497475550e-14
-8.334230332400	2.2517998136852e-14
-8.304251086600	1.9598998378372e-14
-8.274271840800	2.7799997699818e-14
-8.244292595000	3.8780996791246e-14
-8.214313349200	3.2942997274284e-14
-8.184334103400	3.1274997412295e-14
-8.154354857600	1.5428998723399e-14
-8.124375611800	1.7652998539384e-14
-8.094396366000	7.0889994134536e-15
-8.064417120200	1.8903998435876e-14
-8.034437874400	1.7791998527883e-14
-8.004458628600	2.2239998159854e-14
-7.974479382800	1.1814999022423e-14
-7.944500137000	2.6965997768823e-14
-7.914520891200	1.0980999091428e-14
-7.884541645400	1.9598998378372e-14
-7.854562399600	8.6179992869435e-15
-7.824583153800	1.8347998481880e-14
-7.794603908000	1.7374998562386e-14
-7.764624662200	1.8069998504882e-14
-7.734645416400	1.6123998665894e-14
-7.704666170600	2.2517998136852e-14
-7.674686924800	1.0146999160434e-14
-7.644707679000	1.2787998941916e-14
-7.614728433200	7.0889994134536e-15
-7.584749187400	1.8625998458878e-14
-7.554769941600	1.7235998573887e-14
-7.524790695800	2.0710998286364e-14
-7.494811450000	1.0424999137432e-14
-7.464832204200	2.1266998240361e-14
-7.434852958400	9.8689991834353e-15
-7.404873712600	1.6679998619891e-14
-7.374894466800	9.4519992179381e-15
-7.344915221000	9.3129992294390e-15
-7.314935975200	1.0980999091428e-14
-7.284956729400	1.9737998366871e-14
-7.254977483600	6.3939994709581e-15
-7.224998237800	1.5567998711898e-14
-7.195018992000	4.1699996549727e-16
-7.165039746200	8.8264992696922e-15
-7.135060500400	-5.3514995572149e-15
-7.105081254600	1.8069998504882e-15
-7.075102008800	-4.8649995974681e-15
-7.045122763000	7.9229993444481e-15
-7.015143517200	-6.5329994594572e-15
-6.985164271400	1.0772499108679e-14
-6.955185025600	-1.2440498970668e-14
-6.925205779800	-2.3629998044845e-15
-6.895226534000	-1.0146999160434e-14
-6.865247288200	-5.6989995284627e-15
-6.835268042400	-6.7414994422058e-15
-6.805288796600	4.1699996549727e-15
-6.775309550800	-1.4316998815406e-14
-6.745330305000	-6.8109994364554e-15
-6.715351059200	1.5289998734900e-15
-6.685371813400	5.4209995514645e-15
-6.655392567600	-8.2009993214463e-15
-6.625413321800	-8.3747493070701e-15
-6.595434076000	-6.4287494680829e-15
-6.565454830200	2.8842497613561e-15
-6.535475584400	-8.7222492783179e-15
-6.505496338600	-2.3629998044845e-15
-6.475517092800	-1.6558373629954e-14
-6.445537847000	-3.1274997412295e-15
-6.415558601200	-2.4411872980153e-14
-6.385579355400	-9.7647491920610e-15
-6.355600109600	-1.5767811195365e-14
-6.325620863800	-1.0160030409355e-14
-6.295641618000	-1.6397654893252e-14
-6.265662372200	-1.4280076943461e-14
-6.235683126400	-1.8643373457440e-14
-6.205703880600	-1.0364186642463e-14
-6.175724634800	-2.3421498062097e-14
-6.145745389000	-2.1631873210171e-14
-6.115766143200	-1.3691498867160e-14
-6.085786897400	-7.7839993559490e-15
-6.055807651600	-2.0606748294990e-14
-6.025828405800	-1.8730248450252e-14
-5.995849160000	-1.0668249117305e-14
-5.965869914200	-7.1237494105783e-15
-5.935890668400	-1.4733998780903e-14
-5.905911422600	-9.1739992409399e-15
-5.875932176800	-4.7259996089690e-15
-5.845952931000	-4.5174996262204e-15
-5.815973685200	-1.5011998757902e-14
-5.785994439400	-7.2279994019526e-15
-5.756015193600	-1.5776498694647e-14
-5.726035947800	-1.3969498844158e-14
-5.696056702000	-2.3282498073597e-14
-5.666077456200	-1.8347998481880e-14
-5.636098210400	-1.5984998677395e-14
-5.606118964600	-1.0285999148933e-14
-5.576139718800	-1.8208998493381e-14
-5.546160473000	-1.0841999102929e-14
-5.516181227200	-1.1119999079927e-14
-5.486201981400	-1.0702999114430e-14
-5.456222735600	-1.2857498936166e-14
-5.426243489800	-8.3399993099454e-15
-5.396264244000	-4.8649995974681e-15
-5.366284998200	-4.2394996492222e-15
-5.336305752400	-7.7839993559490e-15
-5.306326506600	-9.5909992064372e-15
-5.276347260800	-3.8919996779745e-15
-5.246368015000	-1.2648998953417e-14
-5.216388769200	-1.0563999125931e-14
-5.186409523400	-6.3939994709581e-15
-5.156430277600	4.1699996549727e-16
-5.126451031800	-9.1739992409399e-15
-5.096471786000	-6.6719994479563e-15
-5.066492540200	-1.3343998895913e-14
-5.036513294400	-8.4789992984445e-15
-5.006534048600	-2.7799997699818e-15
-4.976554802800	-5.8379995169618e-15
-4.946575557000	-6.8109994364554e-15
-4.916596311200	-9.5909992064372e-15
-4.886617065400	1.2509998964918e-15
-4.856637819600	-2.5019997929836e-15
-4.826658573800	-4.8649995974681e-15
-4.796679328000	3.4749997124772e-15
-4.766700082200	5.1429995744663e-15
-4.736720836400	6.1159994939599e-15
-4.706741590600	2.7799997699818e-15
-4.676762344800	1.9737998366871e-14
-4.646783099000	6.3939994709581e-15
-4.616803853200	1.1119999079927e-14
-4.586824607400	4.1699996549727e-15
-4.556845361600	8.2009993214463e-15
-4.526866115800	2.6409997814827e-15
-4.496886870000	8.8959992639417e-15
-4.466907624200	5.2819995629654e-15
-4.436928378400	1.3482998884412e-14
-4.406949132600	3.6139997009763e-15
-4.376969886800	1.0007999171934e-14
-4.346990641000	2.7799997699818e-16
-4.317011395200	6.2549994824590e-15
-4.287032149400	5.0039995859672e-15
-4.257052903600	2.3629998044845e-15
-4.227073657800	8.3399993099454e-16
-4.197094412000	1.2857498936166e-14
-4.167115166200	5.4209995514645e-15
-4.137135920400	4.6564996147195e-15
-4.107156674600	6.9499994249545e-16
-4.077177428800	1.2857498936166e-14
-4.047198183000	1.5289998734900e-14
-4.017218937200	9.3824992236885e-15
-3.987239691400	9.7994991891858e-15
-3.957260445600	1.8486998470379e-14
-3.927281199800	4.5869996204699e-15
-3.897301954000	1.1467499051175e-14
-3.867322708200	7.7144993616995e-15
-3.837343462400	7.9229993444481e-15
-3.807364216600	2.9884997527304e-15
-3.777384970800	1.7652998539384e-14
-3.747405725000	3.8919996779745e-15
-3.717426479200	1.5776498694647e-14
-3.687447233400	-4.8649995974681e-16
-3.657467987600	5.0734995802168e-15
-3.627488741800	3.2317497326038e-15
-3.597509496000	1.5046748755026e-14
-3.567530250200	4.1004996607231e-15
-3.537551004400	1.0112249163309e-14
-3.507571758600	8.6527492840683e-15
-3.477592512800	7.2801243976398e-15
-3.447613267000	2.3629998044845e-15
-3.417634021200	8.6701242826307e-15
-3.387654775400	5.0734995802168e-15
-3.357675529600	1.5950248680271e-14
-3.327696283800	1.3109436415320e-14
-3.297717038000	1.9212404660359e-14
-3.267737792200	2.0858685774145e-14
-3.237758546400	2.7048529011995e-14
-3.207779300600	1.2779311442635e-14
-3.177800054800	4.4671121303895e-14
-3.147820809000	5.1047745776291e-14
-3.117841563200	9.8881116818540e-14
-3.087862317400	1.5250036238206e-13
-3.057883071600	2.7740922704706e-13
-3.027903825800	4.6158421180835e-13
-2.997924580000	8.1672918242352e-13
-2.967945334200	1.4298233816959e-12
-2.937966088400	2.5373057900624e-12
-2.907986842600	4.4637413806684e-12
-2.878007596800	7.8158651033124e-12
-2.848028351000	1.3606013874233e-11
-2.818049105200	2.3611511046375e-11
-2.788069859400	4.0737908129330e-11
-2.758090613600	6.9923805214478e-11
-2.728111367800	1.1937034062325e-10
-2.698132122000	2.0274239472502e-10
-2.668152876200	3.4244169216625e-10
-2.638173630400	5.7530448089909e-10
-2.608194384600	9.6131259196064e-10
-2.578215138800	1.5976552343094e-09
-2.548235893000	2.6409426524874e-09
-2.518256647200	4.3420425122378e-09
-2.488277401400	7.1004986045021e-09
-2.458298155600	1.1549070777426e-08
-2.428318909800	1.8683904116587e-08
-2.398339664000	3.0064485223953e-08
-2.368360418200	4.8118054277694e-08
-2.338381172400	7.6600585150039e-08
-2.308401926600	1.2129091402834e-07
-2.278422680800	1.9102885123820e-07
-2.248443435000	2.9925859798723e-07
-2.218464189200	4.6630907314641e-07
-2.188484943400	7.2274186044007e-07
-2.158505697600	1.1142364802187e-06
-2.128526451800	1.7086737015487e-06
-2.098547206000	2.6063417566193e-06
-2.068567960200	3.9545493583811e-06
-2.038588714400	5.9684161719370e-06
-2.008609468600	8.9602637439775e-06
-1.978630222800	1.3380900017661e-05
-1.948650977000	1.9877237984261e-05
-1.918671731200	2.9372193453123e-05
-1.888692485400	4.3174758315510e-05
-1.858713239600	6.3130658854536e-05
-1.828733993800	9.1827212191404e-05
-1.798754748000	1.3287004247172e-04
-1.768775502200	1.9125438457881e-04
-1.738796256400	2.7385997934286e-04
-1.708817010600	3.9010626002146e-04
-1.678837764800	5.5281386416787e-04
-1.648858519000	7.7932969643602e-04
-1.618879273200	1.0929860278961e-03
-1.588900027400	1.5249796216290e-03
-1.558920781600	2.1167747566898e-03
-1.528941535800	2.9231543317981e-03
-1.498962290000	4.0160659136365e-03
-1.468983044200	5.4894344498836e-03
-1.439003798400	7.4651400132570e-03
-1.409024552600	1.0100386768957e-02
-1.379045306800	1.3596717493547e-02
-1.349066061000	1.8210955240520e-02
-1.319086815200	2.4268378641043e-02
-1.289107569400	3.2178457988396e-02
-1.259128323600	4.2453493474763e-02
-1.229149077800	5.5730502189042e-02
-1.199169832000	7.2796693925443e-02
-1.169190586200	9.4618854470415e-02
-1.139211340400	1.2237691572287e-01
-1.109232094600	1.5750193171533e-01
-1.079252848800	2.0171859555505e-01
-1.049273603000	2.5709232218661e-01
-1.019294357200	3.2608078411115e-01
-0.989315111400	4.1158962120036e-01
-0.959335865600	5.1703185219737e-01
-0.929356619800	6.4639029660252e-01
-0.899377374000	8.0428207533820e-01
-0.869398128200	9.9602400270591e-01
-0.839418882400	1.2276974184954e+00
-0.809439636600	1.5062107474274e+00
-0.779460390800	1.8393578249474e+00
-0.749481145000	2.2358698067745e+00
-0.719501899200	2.7054582986494e+00
-0.689522653400	3.2588472170007e+00
-0.659543407600	3.9077908351306e+00
-0.629564161800	4.6650754963181e+00
-0.599584916000	5.5445025963812e+00
-0.569605670200	6.5608506622988e+00
-0.539626424400	7.7298146853866e+00
-0.509647178600	9.0679213076934e+00
-0.479667932800	1.0592419004129e+01
-0.449688687000	1.2321143040275e+01
-0.419709441200	1.4272355701264e+01
-0.389730195400	1.6464563059494e+01
-0.359750949600	1.8916310352509e+01
-0.329771703800	2.1645958847279e+01
-0.299792458000	2.4671447840806e+01
-0.269813212200	2.8010046155626e+01
-0.239833966400	3.1678098098731e+01
-0.209854720600	3.5690769332389e+01
-0.179875474800	4.0061798427580e+01
-0.149896229000	4.4803260013396e+01
-0.119916983200	4.9925345383673e+01
-0.089937737400	5.5436166168406e+01
-0.059958491600	6.1341586224209e+01
-0.029979245800	6.7645086256151e+01
0.000000000000	7.4347664872731e+01
0.029979245800	8.1447778824548e+01
0.059958491600	8.8941324120270e+01
0.089937737400	9.6821658590910e+01
0.119916983200	1.0507966532859e+02
0.149896229000	1.1370385530336e+02
0.179875474800	1.2268050640475e+02
0.209854720600	1.3199383520346e+02
0.239833966400	1.4162619691806e+02
0.269813212200	1.5155830842967e+02
0.299792458000	1.6176948873436e+02
0.329771703800	1.7223791096911e+02
0.359750949600	1.8294086009542e+02
0.389730195400	1.9385499046705e+02
0.419709441200	2.0495657783068e+02
0.449688687000	2.1622176078843e+02
0.479667932800	2.2762676736094e+02
0.509647178600	2.3914812299846e+02
0.539626424400	2.5076283716130e+02
0.569605670200	2.6244856639550e+02
0.599584916000	2.7418375263371e+02
0.629564161800	2.8594773622326e+02
0.659543407600	2.9772084389914e+02
0.689522653400	3.0948445255690e+02
0.719501899200	3.2122103022454e+02
0.749481145000	3.3291415607253e+02
0.779460390800	3.4454852163319e+02
0.809439636600	3.5610991562459e+02
0.839418882400	3.6758519489551e+02
0.869398128200	3.7896224403471e+02
0.899377374000	3.9022992613170e+02
0.929356619800	4.0137802705078e+02
0.959335865600	4.1239719539869e+02
0.989315111400	4.2327888014531e+02
1.019294357200	4.3401526760820e+02
1.049273603000	4.4459921925046e+02
1.079252848800	4.5502421147766e+02
1.109232094600	4.6528427836397e+02
1.139211340400	4.7537395799697e+02
1.169190586200	4.8528824291236e+02
1.199169832000	4.9502253489580e+02
1.229149077800	5.0457260426350e+02
1.259128323600	5.1393455359531e+02
1.289107569400	5.2310478578423e+02
1.319086815200	5.3207997618189e+02
1.349066061000	5.4085704855985e+02
1.379045306800	5.4943315456694e+02
1.409024552600	5.5780565634158e+02
1.439003798400	5.6597211193193e+02
1.468983044200	5.7393026318139e+02
1.498962290000	5.8167802575186e+02
1.528941535800	5.8921348097768e+02
1.558920781600	5.9653486926787e+02
1.588900027400	6.0364058480228e+02
1.618879273200	6.1052917129472e+02
1.648858519000	6.1719931862466e+02
1.678837764800	6.2364986016549e+02
1.708817010600	6.2987977066230e+02
1.738796256400	6.3588816453506e+02
1.768775502200	6.4167429450318e+02
1.798754748000	6.4723755044578e+02
1.828733993800	6.5257745842718e+02
1.858713239600	6.5769367983079e+02
1.888692485400	6.6258601055560e+02
1.918671731200	6.6725438023901e+02
1.948650977000	6.7169885147763e+02
1.978630222800	6.7591961902369e+02
2.008609468600	6.7991700894013e+02
2.038588714400	6.8369147770161e+02
2.068567960200	6.8724361123159e+02
2.098547206000	6.9057412386869e+02
2.128526451800	6.9368385725719e+02
2.158505697600	6.9657377915832e+02
2.188484943400	6.9924498218009e+02
2.218464189200	7.0169868242447e+02
2.248443435000	7.0393621805132e+02
2.278422680800	7.0595904775915e+02
2.308401926600	7.0776874918309e+02
2.338381172400	7.0936701721089e+02
2.368360418200	7.1075566221801e+02
2.398339664000	7.1193660822297e+02
2.428318909800	7.1291189096437e+02
2.458298155600	7.1368365590118e+02
2.488277401400	7.1425415613786e+02
2.518256647200	7.1462575027603e+02
2.548235893000	7.1480090019465e+02
2.578215138800	7.1478216876033e+02
2.608194384600	7.1457221747000e+02
2.638173630400	7.1417380402775e+02
2.668152876200	7.1358977985799e+02
2.698132122000	7.1282308755700e+02
2.728111367800	7.1187675828511e+02
2.758090613600	7.1075390910161e+02
2.788069859400	7.0945774024468e+02
2.818049105200	7.0799153235872e+02
2.848028351000	7.0635864367125e+02
2.878007596800	7.0456250712186e+02
2.907986842600	7.0260662744564e+02
2.937966088400	7.0049457821337e+02
2.967945334200	6.9822999883107e+02
2.997924580000	6.9581659150143e+02
3.027903825800	6.9325811814946e+02
3.057883071600	6.9055839731505e+02
3.087862317400	6.8772130101505e+02
3.117841563200	6.8475075157724e+02
3.147820809000	6.8165071844901e+02
3.177800054800	6.7842521498325e+02
3.207779300600	6.7507829520410e+02
3.237758546400	6.7161405055520e+02
3.267737792200	6.6803660663311e+02
3.297717038000	6.6435011990857e+02
3.327696283800	6.6055877443810e+02
3.357675529600	6.5666677856888e+02
3.387654775400	6.5267836163931e+02
3.417634021200	6.4859777067808e+02
3.447613267000	6.4442926710426e+02
3.477592512800	6.4017712343117e+02
3.507571758600	6.3584561997665e+02
3.537551004400	6.3143904158232e+02
3.567530250200	6.2696167434434e+02
3.597509496000	6.2241780235859e+02
3.627488741800	6.1781170448242e+02
3.657467987600	6.1314765111586e+02
3.687447233400	6.0842990100467e+02
3.717426479200	6.0366269806778e+02
3.747405725000	5.9885026825162e+02
3.777384970800	5.9399681641368e+02
3.807364216600	5.8910652323800e+02
3.837343462400	5.8418354218461e+02
3.867322708200	5.7923199647560e+02
3.897301954000	5.7425597611997e+02
3.927281199800	5.6925953497964e+02
3.957260445600	5.6424668787871e+02
3.987239691400	5.5922140775842e+02
4.017218937200	5.5418762287973e+02
4.047198183000	5.4914921407574e+02
4.077177428800	5.4411001205612e+02
4.107156674600	5.3907379476531e+02
4.137135920400	5.3404428479671e+02
4.167115166200	5.2902514686468e+02
4.197094412000	5.2401998533617e+02
4.227073657800	5.1903234182386e+02
4.257052903600	5.1406569284253e+02
4.287032149400	5.0912344753039e+02
4.317011395200	5.0420894543693e+02
4.346990641000	4.9932545437898e+02
4.376969886800	4.9447616836637e+02
4.406949132600	4.8966420559879e+02
4.436928378400	4.8489260653509e+02
4.466907624200	4.8016433203644e+02
4.496886870000	4.7548226158459e+02
4.526866115800	4.7084919157645e+02
4.556845361600	4.6626783369601e+02
4.586824607400	4.6174081336483e+02
4.616803853200	4.5727066827192e+02
4.646783099000	4.5285984698409e+02
4.676762344800	4.4851070763744e+02
4.706741590600	4.4422551671093e+02
4.736720836400	4.4000644788269e+02
4.766700082200	4.3585558096967e+02
4.796679328000	4.3177490095117e+02
4.826658573800	4.2776629707693e+02
4.856637819600	4.2383156205988e+02
4.886617065400	4.1997239135425e+02
4.916596311200	4.1619038251902e+02
4.946575557000	4.1248703466712e+02
4.976554802800	4.0886374800036e+02
5.006534048600	4.0532182343029e+02
5.036513294400	4.0186246228477e+02
5.066492540200	3.9848676610044e+02
5.096471786000	3.9519573650062e+02
5.126451031800	3.9199027515870e+02
5.156430277600	3.8887118384645e+02
5.186409523400	3.8583916456709e+02
5.216388769200	3.8289481977252e+02
5.246368015000	3.8003865266426e+02
5.276347260800	3.7727106757757e+02
5.306326506600	3.7459237044793e+02
5.336305752400	3.7200276935931e+02
5.366284998200	3.6950237517342e+02
5.396264244000	3.6709120223893e+02
5.426243489800	3.6476916918001e+02
5.456222735600	3.6253609976289e+02
5.486201981400	3.6039172383966e+02
5.516181227200	3.5833567836800e+02
5.546160473000	3.5636750850580e+02
5.576139718800	3.5448666877935e+02
5.606118964600	3.5269252432381e+02
5.636098210400	3.5098435219468e+02
5.666077456200	3.4936134274878e+02
5.696056702000	3.4782260109327e+02
5.726035947800	3.4636714860131e+02
5.756015193600	3.4499392449261e+02
5.785994439400	3.4370178747742e+02
5.815973685200	3.4248951746219e+02
5.845952931000	3.4135581731516e+02
5.875932176800	3.4029931469024e+02
5.905911422600	3.3931856390719e+02
5.935890668400	3.3841204788647e+02
5.965869914200	3.3757818013664e+02
5.995849160000	3.3681530679251e+02
6.025828405800	3.3612170870209e+02
6.055807651600	3.3549560356022e+02
6.085786897400	3.3493514808698e+02
6.115766143200	3.3443844024862e+02
6.145745389000	3.3400352151916e+02
6.175724634800	3.3362837918032e+02
6.205703880600	3.3331094865766e+02
6.235683126400	3.3304911589087e+02
6.265662372200	3.3284071973586e+02
6.295641618000	3.3268355439651e+02
6.325620863800	3.3257537188380e+02
6.355600109600	3.3251388450009e+02
6.385579355400	3.3249676734624e+02
6.415558601200	3.3252166084933e+02
6.445537847000	3.3258617330863e+02
6.475517092800	3.3268788345753e+02
6.505496338600	3.3282434303921e+02
6.535475584400	3.3299307939354e+02
6.565454830200	3.3319159805307e+02
6.595434076000	3.3341738534573e+02
6.625413321800	3.3366791100188e+02
6.655392567600	3.3394063076347e+02
6.685371813400	3.3423298899294e+02
6.715351059200	3.3454242127960e+02
6.745330305000	3.3486635704116e+02
6.775309550800	3.3520222211822e+02
6.805288796600	3.3554744135929e+02
6.835268042400	3.3589944119428e+02
6.865247288200	3.3625565219409e+02
6.895226534000	3.3661351161417e+02
6.925205779800	3.3697046591974e+02
6.955185025600	3.3732397329072e+02
6.985164271400	3.3767150610394e+02
7.015143517200	3.3801055339079e+02
7.045122763000	3.3833862326802e+02
7.075102008800	3.3865324533970e+02
7.105081254600	3.3895197306839e+02
7.135060500400	3.3923238611340e+02
7.165039746200	3.3949209263422e+02
7.195018992000	3.3972873155730e+02
7.224998237800	3.3993997480414e+02
7.254977483600	3.4012352947897e+02
7.284956729400	3.4027714001417e+02
7.314935975200	3.4039859027166e+02
7.344915221000	3.4048570559860e+02
7.374894466800	3.4053635483568e+02
7.404873712600	3.4054845227640e+02
7.434852958400	3.4051995957579e+02
7.464832204200	3.4044888760702e+02
7.494811450000	3.4033329826440e+02
7.524790695800	3.4017130621152e+02
7.554769941600	3.3996108057285e+02
7.584749187400	3.3970084656785e+02
7.614728433200	3.3938888708607e+02
7.644707679000	3.3902354420215e+02
7.674686924800	3.3860322062957e+02
7.704666170600	3.3812638111209e+02
7.734645416400	3.3759155375172e+02
7.764624662200	3.3699733127252e+02
7.794603908000	3.3634237221901e+02
7.824583153800	3.3562540208858e+02
7.854562399600	3.3484521439702e+02
7.884541645400	3.3400067167650e+02
7.914520891200	3.3309070640520e+02
7.944500137000	3.3211432186825e+02
7.974479382800	3.3107059294916e+02
8.004458628600	3.2995866685153e+02
8.034437874400	3.2877776375038e+02
8.064417120200	3.2752717737307e+02
8.094396366000	3.2620627550915e+02
8.124375611800	3.2481450044930e+02
8.154354857600	3.2335136935296e+02
8.184334103400	3.2181647454466e+02
8.214313349200	3.2020948373901e+02
8.244292595000	3.1853014019443e+02
8.274271840800	3.1677826279565e+02
8.304251086600	3.1495374606521e+02
8.334230332400	3.1305656010419e+02
8.364209578200	3.1108675046240e+02
8.394188824000	3.0904443793853e+02
8.424168069800	3.0692981831046e+02
8.454147315600	3.0474316199643e+02
8.484126561400	3.0248481364745e+02
8.514105807200	3.0015519167167e+02
8.544085053000	2.9775478769129e+02
8.574064298800	2.9528416593267e+02
8.604043544600	2.9274396255065e+02
8.634022790400	2.9013488488759e+02
8.664002036200	2.8745771066831e+02
8.693981282000	2.8471328713164e+02
8.723960527800	2.8190253009977e+02
8.753939773600	2.7902642298630e+02
8.783919019400	2.7608601574413e+02
8.813898265200	2.7308242375444e+02
8.843877511000	2.7001682665779e+02
8.873856756800	2.6689046712874e+02
8.903836002600	2.6370464959518e+02
8.933815248400	2.6046073890378e+02
8.963794494200	2.5716015893292e+02
8.993773740000	2.5380439115450e+02
9.023752985800	2.5039497314615e+02
9.053732231600	2.4693349705536e+02
9.083711477400	2.4342160801695e+02
9.113690723200	2.3986100252567e+02
9.143669969000	2.3625342676540e+02
9.173649214800	2.3260067489661e+02
9.203628460600	2.2890458730388e+02
9.233607706400	2.2516704880509e+02
9.263586952200	2.2138998682406e+02
9.293566198000	2.1757536952843e+02
9.323545443800	2.1372520393457e+02
9.353524689600	2.0984153398139e+02
9.383503935400	2.0592643857478e+02
9.413483181200	2.0198202960468e+02
9.443462427000	1.9801044993664e+02
9.473441672800	1.9401387137967e+02
9.503420918600	1.8999449263247e+02
9.533400164400	1.8595453720987e+02
9.563379410200	1.8189625135137e+02
9.593358656000	1.7782190191394e+02
9.623337901800	1.7373377425083e+02
9.653317147600	1.6963417007846e+02
9.683296393400	1.6552540533345e+02
9.713275639200	1.6140980802152e+02
9.743254885000	1.5728971606059e+02
9.773234130800	1.5316747511972e+02
9.803213376600	1.4904543645612e+02
9.833192622400	1.4492595475205e+02
9.863171868200	1.4081138595371e+02
9.893151114000	1.3670408511391e+02
9.923130359800	1.3260640424068e+02
9.953109605600	1.2852069015359e+02
9.983088851400	1.2444928234975e+02
10.013068097200	1.2039451088153e+02
10.043047343000	1.1635869424766e+02
10.073026588800	1.1234413729984e+02
10.103005834600	1.0835312916653e+02
10.132985080400	1.0438794119588e+02
10.162964326200	1.0045082491953e+02
10.192943572000	9.6544010039137e+01
10.222922817800	9.2669702437400e+01
10.252902063600	8.8830082215226e+01
10.282881309400	8.5027301756872e+01
10.312860555200	8.1263483824662e+01
10.342839801000	7.7540719684955e+01
10.372819046800	7.3861067266982e+01
10.402798292600	7.0226549356117e+01
10.432777538400	6.6639151823142e+01
10.462756784200	6.3100821891007e+01
10.492736030000	5.9613466440551e+01
10.522715275800	5.6178950356625e+01
10.552694521600	5.2799094915994e+01
10.582673767400	4.9475676218368e+01
10.612653013200	4.6210423661868e+01
10.642632259000	4.3005018464192e+01
10.672611504800	3.9861092230682e+01
10.702590750600	3.6780225570474e+01
10.732569996400	3.3763946761844e+01
10.762549242200	3.0813730467827e+01
10.792528488000	2.7930996503138e+01
10.822507733800	2.5117108653364e+01
10.852486979600	2.2373373547353e+01
10.882466225400	1.9701039583678e+01
10.912445471200	1.7101295911999e+01
10.942424717000	1.4575271470090e+01
10.972403962800	1.2124034077247e+01
11.002383208600	9.7485895847534e+00
11.032362454400	7.4498810839987e+00
11.062341700200	5.2287881728153e+00
11.092320946000	3.0861262805367e+00
11.122300191800	1.0226460522217e+00
11.152279437600	-9.6096720756171e-01
11.182258683400	-2.8640940310549e+00
11.212237929200	-4.6861812234480e+00
11.242217175000	-6.4267422386121e+00
11.272196420800	-8.0853574942548e+00
11.302175666600	-9.6616746263820e+00
11.332154912400	-1.1155408683005e+01
11.362134158200	-1.2566342257091e+01
11.392113404000	-1.3894325558800e+01
11.422092649800	-1.5139276427123e+01
11.452071895600	-1.6301180281074e+01
11.482051141400	-1.7380090010648e+01
11.512030387200	-1.8376125807824e+01
11.542009633000	-1.9289474937922e+01
11.571988878800	-2.0120391451694e+01
11.601968124600	-2.0869195838582e+01
11.631947370400	-2.1536274621616e+01
11.661926616200	-2.2122079894481e+01
11.691905862000	-2.2627128801345e+01
11.721885107800	-2.3052002960074e+01
11.751864353600	-2.3397347829513e+01
11.781843599400	-2.3663872021572e+01
11.811822845200	-2.3852346558894e+01
11.841802091000	-2.3963604078918e+01
11.871781336800	-2.3998537985231e+01
11.901760582600	-2.3958101547113e+01
11.931739828400	-2.3843306948229e+01
11.961719074200	-2.3655224285496e+01
11.991698320000	-2.3394980519152e+01
12.021677565800	-2.3063758375120e+01
12.051656811600	-2.2662795200805e+01
12.081636057400	-2.2193381775481e+01
12.111615303200	-2.1656861076475e+01
12.141594549000	-2.1054627002393e+01
12.171573794800	-2.0388123054665e+01
12.201553040600	-1.9658840978719e+01
12.231532286400	-1.8868319366124e+01
12.261511532200	-1.8018142219086e+01
12.291490778000	-1.7109937478691e+01
12.321470023800	-1.6145375518343e+01
12.351449269600	-1.5126167603843e+01
12.381428515400	-1.4054064321608e+01
12.411407761200	-1.2930853976540e+01
12.441387007000	-1.1758360961070e+01
12.471366252800	-1.0538444096944e+01
12.501345498600	-9.2729949513271e+00
12.531324744400	-7.9639361288116e+00
12.561303990200	-6.6132195409472e+00
12.591283236000	-5.2228246549214e+00
12.621262481800	-3.7947567230278e+00
12.651241727600	-2.3310449945779e+00
12.681220973400	-8.3374091192137e-01
12.711200219200	6.9508370775355e-01
12.741179465000	2.2533385031554e+00
12.771158710800	3.8389164104744e+00
12.801137956600	5.4496955141242e+00
12.831117202400	7.0835409049444e+00
12.861096448200	8.7383065441680e+00
12.891075694000	1.0411837131455e+01
12.921054939800	1.2101969975300e+01
12.951034185600	1.3806536864118e+01
12.981013431400	1.5523365936322e+01
13.010992677200	1.7250283547713e+01
13.040971923000	1.8985116134511e+01
13.070951168800	2.0725692070351e+01
13.100930414600	2.2469843515608e+01
13.130909660400	2.4215408257396e+01
13.160888906200	2.5960231538620e+01
13.190868152000	2.7702167874465e+01
13.220847397800	2.9439082854734e+01
13.250826643600	3.1168854930444e+01
13.280805889400	3.2889377183137e+01
13.310785135200	3.4598559075357e+01
13.340764381000	3.6294328180781e+01
13.370743626800	3.7974631892517e+01
13.400722872600	3.9637439108092e+01
13.430702118400	4.1280741889700e+01
13.460681364200	4.2902557098288e+01
13.490660610000	4.4500928000099e+01
13.520639855800	4.6073925844309e+01
13.550619101600	4.7619651410450e+01
13.580598347400	4.9136236524303e+01
13.610577593200	5.0621845541023e+01
13.640556839000	5.2074676794253e+01
13.670536084800	5.3492964010049e+01
13.700515330600	5.4874977684453e+01
13.730494576400	5.6219026423601e+01
13.760473822200	5.7523458245288e+01
13.790453068000	5.8786661840941e+01
13.820432313800	6.0007067797011e+01
13.850411559600	6.1183149774811e+01
13.880390805400	6.2313425647898e+01
13.910370051200	6.3396458596097e+01
13.940349297000	6.4430858155356e+01
13.970328542800	6.5415281222632e+01
14.000307788600	6.6348433015052e+01
14.030287034400	6.7229067982662e+01
14.060266280200	6.8055990674094e+01
14.090245526000	6.8828056554543e+01
14.120224771800	6.9544172775487e+01
14.150204017600	7.0203298895626e+01
14.180183263400	7.0804447552575e+01
14.210162509200	7.1346685084870e+01
14.240141755000	7.1829132103924e+01
14.270121000800	7.2250964015581e+01
14.300100246600	7.2611411490997e+01
14.330079492400	7.2909760886608e+01
14.360058738200	7.3145354612990e+01
14.390037984000	7.3317591452465e+01
14.420017229800	7.3425926825378e+01
14.449996475600	7.3469873004968e+01
14.479975721400	7.3448999280861e+01
14.509954967200	7.3362932071212e+01
14.539934213000	7.3211354983602e+01
14.569913458800	7.2994008824828e+01
14.599892704600	7.2710691559775e+01
14.629871950400	7.2361258219601e+01
14.659851196200	7.1945620759520e+01
14.689830442000	7.1463747866504e+01
14.719809687800	7.0915664717280e+01
14.749788933600	7.0301452687029e+01
14.779768179400	6.9621249009263e+01
14.809747425200	6.8875246387354e+01
14.839726671000	6.8063692558297e+01
14.869705916800	6.7186889809264e+01
14.899685162600	6.6245194447593e+01
14.929664408400	6.5239016224883e+01
14.959643654200	6.4168817715900e+01
14.989622900000	6.3035113653046e+01
15.019602145800	6.1838470217176e+01
15.049581391600	6.0579504285600e+01
15.079560637400	5.9258882638113e+01
15.109539883200	5.7877321121970e+01
15.139519129000	5.6435583776724e+01
15.169498374800	5.4934481919909e+01
15.199477620600	5.3374873194551e+01
15.229456866400	5.1757660579551e+01
15.259436112200	5.0083791363998e+01
15.289415358000	4.8354256086500e+01
15.319394603800	4.6570087440658e+01
15.349373849600	4.4732359147836e+01
15.379353095400	4.2842184798382e+01
15.409332341200	4.0900716662521e+01
15.439311587000	3.8909144472132e+01
15.469290832800	3.6868694174650e+01
15.499270078600	3.4780626660371e+01
15.529249324400	3.2646236464438e+01
15.559228570200	3.0466850444823e+01
15.589207816000	2.8243826437610e+01
15.619187061800	2.5978551890947e+01
15.649166307600	2.3672442478994e+01
15.679145553400	2.1326940697252e+01
15.709124799200	1.8943514440650e+01
15.739104045000	1.6523655565776e+01
15.769083290800	1.4068878438663e+01
15.799062536600	1.1580718469534e+01
15.829041782400	9.0607306359187e+00
15.859021028200	6.5104879955744e+00
15.889000274000	3.9315801906292e+00
15.918979519800	1.3256119443804e+00
15.948958765600	-1.3057984478205e+00
15.978938011400	-3.9610206321675e+00
16.008917257200	-6.6384137130504e+00
16.038896503000	-9.3363277713321e+00
16.068875748800	-1.2053105382826e+01
16.098854994600	-1.4787083135555e+01
16.128834240400	-1.7536593144382e+01
16.158813486200	-2.0299964561607e+01
16.188792732000	-2.3075525082128e+01
16.218771977800	-2.5861602441793e+01
16.248751223600	-2.8656525907556e+01
16.278730469400	-3.1458627758094e+01
16.308709715200	-3.4266244753509e+01
16.338688961000	-3.7077719592820e+01
16.368668206800	-3.9891402357898e+01
16.398647452600	-4.2705651942569e+01
16.428626698400	-4.5518837465588e+01
16.458605944200	-4.8329339666245e+01
16.488585190000	-5.1135552281347e+01
16.518564435800	-5.3935883402376e+01
16.548543681600	-5.6728756811618e+01
16.578522927400	-5.9512613296109e+01
16.608502173200	-6.2285911938237e+01
16.638481419000	-6.5047131381913e+01
16.668460664800	-6.7794771073183e+01
16.698439910600	-7.0527352474263e+01
16.728419156400	-7.3243420249930e+01
16.758398402200	-7.5941543425289e+01
16.788377648000	-7.8620316513943e+01
16.818356893800	-8.1278360615614e+01
16.848336139600	-8.3914324482330e+01
16.878315385400	-8.6526885552281e+01
16.908294631200	-8.9114750950531e+01
16.938273877000	-9.1676658455757e+01
16.968253122800	-9.4211377432261e+01
16.998232368600	-9.6717709726519e+01
17.028211614400	-9.9194490527567e+01
17.058190860200	-1.0164058919056e+02
17.088170106000	-1.0405491002291e+02
17.118149351800	-1.0643639303235e+02
17.148128597600	-1.0878401463649e+02
17.178107843400	-1.1109678833320e+02
17.208087089200	-1.1337376533157e+02
17.238066335000	-1.1561403514275e+02
17.268045580800	-1.1781672613054e+02
17.298024826600	-1.1998100602118e+02
17.328004072400	-1.2210608237218e+02
17.357983318200	-1.2419120299981e+02
17.387962564000	-1.2623565636506e+02
17.417941809800	-1.2823877191798e+02
17.447921055600	-1.3019992040004e+02
17.477900301400	-1.3211851410458e+02
17.507879547200	-1.3399400709529e+02
17.537858793000	-1.3582589538251e+02
17.567838038800	-1.3761371705763e+02
17.597817284600	-1.3935705238538e+02
17.627796530400	-1.4105552385431e+02
17.657775776200	-1.4270879618548e+02
17.687755022000	-1.4431657629960e+02
17.717734267800	-1.4587861324276e+02
17.747713513600	-1.4739469807109e+02
17.777692759400	-1.4886466369454e+02
17.807672005200	-1.5028838468025e+02
17.837651251000	-1.5166577701572e+02
17.867630496800	-1.5299679783228e+02
17.897609742600	-1.5428144508927e+02
17.927588988400	-1.5551975721948e+02
17.957568234200	-1.5671181273616e+02
17.987547480000	-1.5785772980243e+02
18.017526725800	-1.5895766576346e+02
18.047505971600	-1.6001181664207e+02
18.077485217400	-1.6102041659851e+02
18.107464463200	-1.6198373735499e+02
18.137443709000	-1.6290208758564e+02
18.167422954800	-1.6377581227283e+02
18.197402200600	-1.6460529203041e+02
18.227381446400	-1.6539094239477e+02
18.257360692200	-1.6613321308460e+02
18.287339938000	-1.6683258723010e+02
18.317319183800	-1.6748958057257e+02
18.347298429600	-1.6810474063535e+02
18.377277675400	-1.6867864586691e+02
18.407256921200	-1.6921190475719e+02
18.437236167000	-1.6970515492809e+02
18.467215412800	-1.7015906219910e+02
18.497194658600	-1.7057431962915e+02
18.527173904400	-1.7095164653569e+02
18.557153150200	-1.7129178749201e+02
18.587132396000	-1.7159551130404e+02
18.617111641800	-1.7186360996746e+02
18.647090887600	-1.7209689760651e+02
18.677070133400	-1.7229620939545e+02
18.707049379200	-1.7246240046380e+02
18.737028625000	-1.7259634478662e+02
18.767007870800	-1.7269893406091e+02
18.796987116600	-1.7277107656928e+02
18.826966362400	-1.7281369603212e+02
18.856945608200	-1.7282773044943e+02
18.886924854000	-1.7281413093347e+02
18.916904099800	-1.7277386053352e+02
18.946883345600	-1.7270789305377e+02
18.976862591400	-1.7261721186575e+02
19.006841837200	-1.7250280871634e+02
19.036821083000	-1.7236568253263e+02
19.066800328800	-1.7220683822485e+02
19.096779574600	-1.7202728548851e+02
19.126758820400	-1.7182803760693e+02
19.156738066200	-1.7161011025553e+02
19.186717312000	-1.7137452030876e+02
19.216696557800	-1.7112228465115e+02
19.246675803600	-1.7085441899342e+02
19.276655049400	-1.7057193669500e+02
19.306634295200	-1.7027584759393e+02
19.336613541000	-1.6996715684545e+02
19.366592786800	-1.6964686377024e+02
19.396572032600	-1.6931596071363e+02
19.426551278400	-1.6897543191664e+02
19.456530524200	-1.6862625240016e+02
19.486509770000	-1.6826938686319e+02
19.516489015800	-1.6790578859620e+02
19.546468261600	-1.6753639841083e+02
19.576447507400	-1.6716214358662e+02
19.606426753200	-1.6678393683608e+02
19.636405999000	-1.6640267528885e+02
19.666385244800	-1.6601923949610e+02
19.696364490600	-1.6563449245582e+02
19.726343736400	-1.6524927866026e+02
19.756322982200	-1.6486442316612e+02
19.786302228000	-1.6448073068842e+02
19.816281473800	-1.6409898471897e+02
19.846260719600	-1.6371994667017e+02
19.876239965400	-1.6334435504485e+02
19.906219211200	-1.6297292463310e+02
19.936198457000	-1.6260634573659e+02
19.966177702800	-1.6224528342116e+02
19.996156948600	-1.6189037679842e+02
20.026136194400	-1.6154223833687e+02
20.056115440200	-1.6120145320319e+02
20.086094686000	-1.6086857863429e+02
20.116073931800	-1.6054414334059e+02
20.146053177600	-1.6022864694114e+02
20.176032423400	-1.5992255943095e+02
20.206011669200	-1.5962632068103e+02
20.235990915000	-1.5934033997152e+02
20.265970160800	-1.5906499555829e+02
20.295949406600	-1.5880063427340e+02
20.325928652400	-1.5854757115955e+02
20.355907898200	-1.5830608913908e+02
20.385887144000	-1.5807643871747e+02
20.415866389800	-1.5785883772170e+02
20.445845635600	-1.5765347107366e+02
20.475824881400	-1.5746049059854e+02
20.505804127200	-1.5728001486865e+02
20.535783373000	-1.5711212908232e+02
20.565762618800	-1.5695688497825e+02
20.595741864600	-1.5681430078512e+02
20.625721110400	-1.5668436120647e+02
20.655700356200	-1.5656701744079e+02
20.685679602000	-1.5646218723666e+02
20.715658847800	-1.5636975498288e+02
20.745638093600	-1.5628957183336e+02
20.775617339400	-1.5622145586651e+02
20.805596585200	-1.5616519227903e+02
20.835575831000	-1.5612053361364e+02
20.865555076800	-1.5608720002068e+02
20.895534322600	-1.5606487955293e+02
20.925513568400	-1.5605322849361e+02
20.955492814200	-1.5605187171690e+02
20.985472060000	-1.5606040308064e+02
21.015451305800	-1.5607838585086e+02
21.045430551600	-1.5610535315737e+02
21.075409797400	-1.5614080848023e+02
21.105389043200	-1.5618422616625e+02
21.135368289000	-1.5623505197511e+02
21.165347534800	-1.5629270365448e+02
21.195326780600	-1.5635657154345e+02
21.225306026400	-1.5642601920366e+02
21.255285272200	-1.5650038407740e+02
21.285264518000	-1.5657897817204e+02
21.315243763800	-1.5666108877005e+02
21.345223009600	-1.5674597916373e+02
21.375202255400	-1.5683288941410e+02
21.405181501200	-1.5692103713292e+02
21.435160747000	-1.5700961828722e+02
21.465139992800	-1.5709780802537e+02
21.495119238600	-1.5718476152386e+02
21.525098484400	-1.5726961485403e+02
21.555077730200	-1.5735148586764e+02
21.585056976000	-1.5742947510060e+02
21.615036221800	-1.5750266669385e+02
21.645015467600	-1.5757012933034e+02
21.674994713400	-1.5763091718740e+02
21.704973959200	-1.5768407090335e+02
21.734953205000	-1.5772861855741e+02
21.764932450800	-1.5776357666204e+02
21.794911696600	-1.5778795116656e+02
21.824890942400	-1.5780073847120e+02
21.854870188200	-1.5780092645041e+02
21.884849434000	-1.5778749548464e+02
21.914828679800	-1.5775941949931e+02
21.944807925600	-1.5771566701020e+02
21.974787171400	-1.5765520217402e+02
22.004766417200	-1.5757698584331e+02
22.034745663000	-1.5747997662452e+02
22.064724908800	-1.5736313193828e+02
22.094704154600	-1.5722540908087e+02
22.124683400400	-1.5706576628577e+02
22.154662646200	-1.5688316378441e+02
22.184641892000	-1.5667656486495e+02
22.214621137800	-1.5644493692816e+02
22.244600383600	-1.5618725253939e+02
22.274579629400	-1.5590249047559e+02
22.304558875200	-1.5558963676639e+02
22.334538121000	-1.5524768572835e+02
22.364517366800	-1.5487564099120e+02
22.394496612600	-1.5447251651533e+02
22.424475858400	-1.5403733759940e+02
22.454455104200	-1.5356914187726e+02
22.484434350000	-1.5306698030312e+02
22.514413595800	-1.5252991812419e+02
22.544392841600	-1.5195703583973e+02
22.574372087400	-1.5134743014584e+02
22.604351333200	-1.5070021486485e+02
22.634330579000	-1.5001452185873e+02
22.664309824800	-1.4928950192549e+02
22.694289070600	-1.4852432567781e+02
22.724268316400	-1.4771818440320e+02
22.754247562200	-1.4687029090472e+02
22.784226808000	-1.4597988032172e+02
22.814206053800	-1.4504621092968e+02
22.844185299600	-1.4406856491860e+02
22.874164545400	-1.4304624914909e+02
22.904143791200	-1.4197859588566e+02
22.934123037000	-1.4086496350646e+02
22.964102282800	-1.3970473718884e+02
22.994081528600	-1.3849732957023e+02
23.024060774400	-1.3724218138374e+02
23.054040020200	-1.3593876206784e+02
23.084019266000	-1.3458657034982e+02
23.113998511800	-1.3318513480229e+02
23.143977757600	-1.3173401437245e+02
23.173957003400	-1.3023279888367e+02
23.203936249200	-1.2868110950881e+02
23.233915495000	-1.2707859921523e+02
23.263894740800	-1.2542495318075e+02
23.293873986600	-1.2371988918059e+02
23.323853232400	-1.2196315794475e+02
23.353832478200	-1.2015454348576e+02
23.383811724000	-1.1829386339640e+02
23.413790969800	-1.1638096911731e+02
23.443770215600	-1.1441574617429e+02
23.473749461400	-1.1239811438510e+02
23.503728707200	-1.1032802803570e+02
23.533707953000	-1.0820547602585e+02
23.563687198800	-1.0603048198396e+02
23.593666444600	-1.0380310435121e+02
23.623645690400	-1.0152343643499e+02
23.653624936200	-9.9191606431563e+01
23.683604182000	-9.6807777418178e+01
23.713583427800	-9.4372147314580e+01
23.743562673600	-9.1884948814150e+01
23.773541919400	-8.9346449284765e+01
23.803521165200	-8.6756950639577e+01
23.833500411000	-8.4116789177924e+01
23.863479656800	-8.1426335396592e+01
23.893458902600	-7.8685993771717e+01
23.923438148400	-7.5896202511588e+01
23.953417394200	-7.3057433280697e+01
23.983396640000	-7.0170190895357e+01
24.013375885800	-6.7235012991277e+01
24.043355131600	-6.4252469663475e+01
24.073334377400	-6.1223163078960e+01
24.103313623200	-5.8147727062619e+01
24.133292869000	-5.5026826656790e+01
24.163272114800	-5.1861157655004e+01
24.193251360600	-4.8651446110416e+01
24.223230606400	-4.5398447819465e+01
24.253209852200	-4.2102947781316e+01
24.283189098000	-3.8765759633677e+01
24.313168343800	-3.5387725065583e+01
24.343147589600	-3.1969713207766e+01
24.373126835400	-2.8512620001271e+01
24.403106081200	-2.5017367544945e+01
24.433085327000	-2.1484903422511e+01
24.463064572800	-1.7916200009896e+01
24.493043818600	-1.4312253763528e+01
24.523023064400	-1.0674084490339e+01
24.553002310200	-7.0027346002037e+00
24.582981556000	-3.2992683415660e+00
24.612960801800	4.3522897896721e-01
24.642940047600	4.1996517922959e+00
24.672919293400	7.9928750769639e+00
24.702898539200	1.1813755182962e+01
24.732877785000	1.5661130668385e+01
24.762857030800	1.9533823148122e+01
24.792836276600	2.3430638153747e+01
24.822815522400	2.7350366003782e+01
24.852794768200	3.1291782683475e+01
24.882774014000	3.5253650733261e+01
24.912753259800	3.9234720145035e+01
24.942732505600	4.3233729265395e+01
24.972711751400	4.7249405704980e+01
25.002690997200	5.1280467253051e+01
25.032670243000	5.5325622796447e+01
25.062649488800	5.9383573242045e+01
25.092628734600	6.3453012441872e+01
25.122607980400	6.7532628119988e+01
25.152587226200	7.1621102800302e+01
25.182566472000	7.5717114734442e+01
25.212545717800	7.9819338828827e+01
25.242524963600	8.3926447570107e+01
25.272504209400	8.8037111948112e+01
25.302483455200	9.2150002375464e+01
25.332462701000	9.6263789603048e+01
25.362441946800	1.0037714563049e+02
25.392421192600	1.0448874461084e+02
25.422400438400	1.0859726374865e+02
25.452379684200	1.1270138419067e+02
25.482358930000	1.1679979190836e+02
25.512338175800	1.2089117857141e+02
25.542317421600	1.2497424241158e+02
25.572296667400	1.2904768907609e+02
25.602275913200	1.3311023246976e+02
25.632255159000	1.3716059558530e+02
25.662234404800	1.4119751132094e+02
25.692213650600	1.4521972328472e+02
25.722192896400	1.4922598658487e+02
25.752172142200	1.5321506860555e+02
25.782151388000	1.5718574976720e+02
25.812130633800	1.6113682427119e+02
25.842109879600	1.6506710082778e+02
25.872089125400	1.6897540336717e+02
25.902068371200	1.7286057173280e+02
25.932047617000	1.7672146235651e+02
25.962026862800	1.8055694891503e+02
25.992006108600	1.8436592296724e+02
26.021985354400	1.8814729457174e+02
26.051964600200	1.9189999288432e+02
26.081943846000	1.9562296673485e+02
26.111923091800	1.9931518518319e+02
26.141902337600	2.0297563805372e+02
26.171881583400	2.0660333644816e+02
26.201860829200	2.1019731323630e+02
26.231840075000	2.1375662352435e+02
26.261819320800	2.1728034510059e+02
26.291798566600	2.2076757885806e+02
26.321777812400	2.2421744919408e+02
26.351757058200	2.2762910438630e+02
26.381736304000	2.3100171694517e+02
26.411715549800	2.3433448394261e+02
26.441694795600	2.3762662731670e+02
26.471674041400	2.4087739415240e+02
26.501653287200	2.4408605693801e+02
26.531632533000	2.4725191379746e+02
26.561611778800	2.5037428869833e+02
26.591591024600	2.5345253163552e+02
26.621570270400	2.5648601879067e+02
26.651549516200	2.5947415266729e+02
26.681528762000	2.6241636220163e+02
26.711508007800	2.6531210284949e+02
26.741487253600	2.6816085664890e+02
26.771466499400	2.7096213225891e+02
26.801445745200	2.7371546497462e+02
26.831424991000	2.7642041671852e+02
26.861404236800	2.7907657600855e+02
26.891383482600	2.8168355790285e+02
26.921362728400	2.8424100392156e+02
26.951341974200	2.8674858194598e+02
26.981321220000	2.8920598609527e+02
27.011300465800	2.9161293658104e+02
27.041279711600	2.9396917954012e+02
27.071258957400	2.9627448684598e+02
27.101238203200	2.9852865589895e+02
27.131217449000	3.0073150939585e+02
27.161196694800	3.0288289507924e+02
27.191175940600	3.0498268546691e+02
27.221155186400	3.0703077756183e+02
27.251134432200	3.0902709254320e+02
27.281113678000	3.1097157543902e+02
27.311092923800	3.1286419478061e+02
27.341072169600	3.1470494223969e+02
27.371051415400	3.1649383224843e+02
27.401030661200	3.1823090160315e+02
27.431009907000	3.1991620905207e+02
27.460989152800	3.2154983486782e+02
27.490968398600	3.2313188040510e+02
27.520947644400	3.2466246764436e+02
27.550926890200	3.2614173872179e+02
27.580906136000	3.2756985544644e+02
27.610885381800	3.2894699880506e+02
27.640864627600	3.3027336845523e+02
27.670843873400	3.3154918220744e+02
27.700823119200	3.3277467549683e+02
27.730802365000	3.3395010084515e+02
27.760781610800	3.3507572731370e+02
27.790760856600	3.3615183994783e+02
27.820740102400	3.3717873921371e+02
27.850719348200	3.3815674042809e+02
27.880698594000	3.3908617318164e+02
27.910677839800	3.3996738075665e+02
27.940657085600	3.4080071953966e+02
27.970636331400	3.4158655842984e+02
28.000615577200	3.4232527824373e+02
28.030594823000	3.4301727111697e+02
28.060574068800	3.4366293990390e+02
28.090553314600	3.4426269757545e+02
28.120532560400	3.4481696661625e+02
28.150511806200	3.4532617842146e+02
28.180491052000	3.4579077269410e+02
28.210470297800	3.4621119684350e+02
28.240449543600	3.4658790538558e+02
28.270428789400	3.4692135934552e+02
28.300408035200	3.4721202566361e+02
28.330387281000	3.4746037660485e+02
28.360366526800	3.4766688917291e+02
28.390345772600	3.4783204452913e+02
28.420325018400	3.4795632741718e+02
28.450304264200	3.4804022559396e+02
28.480283510000	3.4808422926733e+02
28.510262755800	3.4808883054136e+02
28.540242001600	3.4805452286944e+02
28.570221247400	3.4798180051617e+02
28.600200493200	3.4787115802820e+02
28.630179739000	3.4772308971487e+02
28.660158984800	3.4753808913896e+02
28.690138230600	3.4731664861816e+02
28.720117476400	3.4705925873775e+02
28.750096722200	3.4676640787496e+02
28.780075968000	3.4643858173540e+02
28.810055213800	3.4607626290217e+02
28.840034459600	3.4567993039789e+02
28.870013705400	3.4525005926019e+02
28.899992951200	3.4478712013102e+02
28.929972197000	3.4429157886014e+02
28.959951442800	3.4376389612314e+02
28.989930688600	3.4320452705441e+02
29.019909934400	3.4261392089520e+02
29.049889180200	3.4199252065734e+02
29.079868426000	3.4134076280260e+02
29.109847671800	3.4065907693822e+02
29.139826917600	3.3994788552862e+02
29.169806163400	3.3920760362372e+02
29.199785409200	3.3843863860393e+02
29.229764655000	3.3764138994197e+02
29.259743900800	3.3681624898187e+02
29.289723146600	3.3596359873503e+02
29.319702392400	3.3508381369365e+02
29.349681638200	3.3417725966157e+02
29.379660884000	3.3324429360252e+02
29.409640129800	3.3228526350598e+02
29.439619375600	3.3130050827054e+02
29.469598621400	3.3029035760487e+02
29.499577867200	3.2925513194623e+02
29.529557113000	3.2819514239652e+02
29.559536358800	3.2711069067586e+02
29.589515604600	3.2600206909350e+02
29.619494850400	3.2486956053608e+02
29.649474096200	3.2371343847317e+02
29.679453342000	3.2253396697976e+02
29.709432587800	3.2133140077577e+02
29.739411833600	3.2010598528227e+02
29.769391079400	3.1885795669425e+02
29.799370325200	3.1758754206975e+02
29.829349571000	3.1629495943509e+02
29.859328816800	3.1498041790602e+02
29.889308062600	3.1364411782435e+02
29.919287308400	3.1228625091006e+02
29.949266554200	3.1090700042824e+02
29.979245800000	3.0950654137085e+02
30.009225045800	3.0808504065280e+02
30.039204291600	3.0664265732198e+02
30.069183537400	3.0517954278299e+02
30.099162783200	3.0369584103405e+02
30.129142029000	3.0219168891680e+02
30.159121274800	3.0066721637850e+02
30.189100520600	2.9912254674626e+02
30.219079766400	2.9755779701276e+02
30.249059012200	2.9597307813316e+02
30.279038258000	2.9436849533260e+02
30.309017503800	2.9274414842380e+02
30.338996749600	2.9110013213445e+02
30.368975995400	2.8943653644362e+02
30.398955241200	2.8775344692692e+02
30.428934487000	2.8605094510974e+02
30.458913732800	2.8432910882808e+02
30.488892978600	2.8258801259645e+02
30.518872224400	2.8082772798229e+02
30.548851470200	2.7904832398631e+02
30.578830716000	2.7724986742827e+02
30.608809961800	2.7543242333752e+02
30.638789207600	2.7359605534790e+02
30.668768453400	2.7174082609620e+02
30.698747699200	2.6986679762379e+02
30.728726945000	2.6797403178082e+02
30.758706190800	2.6606259063219e+02
30.788685436600	2.6413253686505e+02
30.818664682400	2.6218393419693e+02
30.848643928200	2.6021684778410e+02
30.878623174000	2.5823134462950e+02
30.908602419800	2.5622749398961e+02
30.938581665600	2.5420536777986e+02
30.968560911400	2.5216504097770e+02
30.998540157200	2.5010659202302e+02
31.028519403000	2.4803010321520e+02
31.058498648800	2.4593566110628e+02
31.088477894600	2.4382335688962e+02
31.118457140400	2.4169328678351e+02
31.148436386200	2.3954555240925e+02
31.178415632000	2.3738026116306e+02
31.208394877800	2.3519752658123e+02
31.238374123600	2.3299746869819e+02
31.268353369400	2.3078021439671e+02
31.298332615200	2.2854589774991e+02
31.328311861000	2.2629466035447e+02
31.358291106800	2.2402665165462e+02
31.388270352600	2.2174202925632e+02
31.418249598400	2.1944095923129e+02
31.448228844200	2.1712361641030e+02
31.478208090000	2.1479018466535e+02
31.508187335800	2.1244085718033e+02
31.538166581600	2.1007583670960e+02
31.568145827400	2.0769533582428e+02
31.598125073200	2.0529957714570e+02
31.628104319000	2.0288879356567e+02
31.658083564800	2.0046322845327e+02
31.688062810600	1.9802313584773e+02
31.718042056400	1.9556878063716e+02
31.748021302200	1.9310043872266e+02
31.778000548000	1.9061839716778e+02
31.807979793800	1.8812295433272e+02
31.837959039600	1.8561441999330e+02
31.867938285400	1.8309311544427e+02
31.897917531200	1.8055937358685e+02
31.927896777000	1.7801353900020e+02
31.957876022800	1.7545596799668e+02
31.987855268600	1.7288702866079e+02
32.017834514400	1.7030710087152e+02
32.047813760200	1.6771657630805e+02
32.077793006000	1.6511585843869e+02
32.107772251800	1.6250536249297e+02
32.137751497600	1.5988551541683e+02
32.167730743400	1.5725675581073e+02
32.197709989200	1.5461953385089e+02
32.227689235000	1.5197431119339e+02
32.257668480800	1.4932156086134e+02
32.287647726600	1.4666176711507e+02
32.317626972400	1.4399542530533e+02
32.347606218200	1.4132304170972e+02
32.377585464000	1.3864513335228e+02
32.407564709800	1.3596222780651e+02
32.437543955600	1.3327486298179e+02
32.467523201400	1.3058358689346e+02
32.497502447200	1.2788895741672e+02
32.527481693000	1.2519154202450e+02
32.557460938800	1.2249191750953e+02
32.587440184600	1.1979066969085e+02
32.617419430400	1.1708839310496e+02
32.647398676200	1.1438569068197e+02
32.677377922000	1.1168317340694e+02
32.707357167800	1.0898145996672e+02
32.737336413600	1.0628117638271e+02
32.767315659400	1.0358295562978e+02
32.797294905200	1.0088743724167e+02
32.827274151000	9.8195266903407e+01
32.857253396800	9.5507096030940e+01
32.887232642600	9.2823581338537e+01
32.917211888400	9.0145384394275e+01
32.947191134200	8.7473171164101e+01
32.977170380000	8.4807611544911e+01
33.007149625800	8.2149378887093e+01
33.037128871600	7.9499149507025e+01
33.067108117400	7.6857602190022e+01
33.097087363200	7.4225417684219e+01
33.127066609000	7.1603278185928e+01
33.157045854800	6.8991866816972e+01
33.187025100600	6.6391867094559e+01
33.217004346400	6.3803962394227e+01
33.246983592200	6.1228835406425e+01
33.276962838000	5.8667167587302e+01
33.306942083800	5.6119638604277e+01
33.336921329600	5.3586925776972e+01
33.366900575400	5.1069703514115e+01
33.396879821200	4.8568642746995e+01
33.426859067000	4.6084410360084e+01
33.456838312800	4.3617668619440e+01
33.486817558600	4.1169074599507e+01
33.516796804400	3.8739279608923e+01
33.546776050200	3.6328928615975e+01
33.576755296000	3.3938659674324e+01
33.606734541800	3.1569103349618e+01
33.636713787600	2.9220882147650e+01
33.666693033400	2.6894609944665e+01
33.696672279200	2.4590891420472e+01
33.726651525000	2.2310321494983e+01
33.756630770800	2.0053484768803e+01
33.786610016600	1.7820954968524e+01
33.816589262400	1.5613294397323e+01
33.846568508200	1.3431053391509e+01
33.876547754000	1.1274769783626e+01
33.906526999800	9.1449683727403e+00
33.936506245600	7.0421604025054e+00
33.966485491400	4.9668430476296e+00
33.996464737200	2.9194989093297e+00
34.026443983000	9.0059552036928e-01
34.056423228800	-1.0894151397376e+00
34.086402474600	-3.0500971187805e+00
34.116381720400	-4.9810309545992e+00
34.146360966200	-6.8818141259667e+00
34.176340212000	-8.7520614910613e+00
34.206319457800	-1.0591405712995e+01
34.236298703600	-1.2399497671869e+01
34.266277949400	-1.4176006862854e+01
34.296257195200	-1.5920621779787e+01
34.326236441000	-1.7633050283800e+01
34.356215686800	-1.9313019956519e+01
34.386194932600	-2.0960278437362e+01
34.416174178400	-2.2574593744496e+01
34.446153424200	-2.4155754579040e+01
34.476132670000	-2.5703570612075e+01
34.506111915800	-2.7217872754095e+01
34.536091161600	-2.8698513406497e+01
34.566070407400	-3.0145366694764e+01
34.596049653200	-3.1558328682987e+01
34.626028899000	-3.2937317569409e+01
34.656008144800	-3.4282273862673e+01
34.685987390600	-3.5593160538497e+01
34.715966636400	-3.6869963176496e+01
34.745945882200	-3.8112690076913e+01
34.775925128000	-3.9321372357013e+01
34.805904373800	-4.0496064026947e+01
34.835883619600	-4.1636842044882e+01
34.865862865400	-4.2743806351238e+01
34.895842111200	-4.3817079881878e+01
34.925821357000	-4.4856808560126e+01
34.955800602800	-4.5863161267509e+01
34.985779848600	-4.6836329793130e+01
35.015759094400	-4.7776528761625e+01
35.045738340200	-4.8683995539646e+01
35.075717586000	-4.9558990120859e+01
35.105696831800	-5.0401794989461e+01
35.135676077600	-5.1212714962236e+01
35.165655323400	-5.1992077009200e+01
35.195634569200	-5.2740230052894e+01
35.225613815000	-5.3457544746438e+01
35.255593060800	-5.4144413230427e+01
35.285572306600	-5.4801248868830e+01
35.315551552400	-5.5428485964034e+01
35.345530798200	-5.6026579451213e+01
35.375510044000	-5.6596004572226e+01
35.405489289800	-5.7137256529256e+01
35.435468535600	-5.7650850118444e+01
35.465447781400	-5.8137319343770e+01
35.495427027200	-5.8597217011470e+01
35.525406273000	-5.9031114305295e+01
35.555385518800	-5.9439600342931e+01
35.585364764600	-5.9823281713938e+01
35.615344010400	-6.0182781999558e+01
35.645323256200	-6.0518741274780e+01
35.675302502000	-6.0831815593081e+01
35.705281747800	-6.1122676454241e+01
35.735260993600	-6.1392010255690e+01
35.765240239400	-6.1640517727848e+01
35.795219485200	-6.1868913353916e+01
35.825198731000	-6.2077924774632e+01
35.855177976800	-6.2268292178496e+01
35.885157222600	-6.2440767677982e+01
35.915136468400	-6.2596114672298e+01
35.945115714200	-6.2735107197226e+01
35.975094960000	-6.2858529262649e+01
36.005074205800	-6.2967174178316e+01
36.035053451600	-6.3061843868471e+01
36.065032697400	-6.3143348175952e+01
36.095011943200	-6.3212504156377e+01
36.124991189000	-6.3270135363078e+01
36.154970434800	-6.3317071123402e+01
36.184949680600	-6.3354145807065e+01
36.214928926400	-6.3382198087222e+01
36.244908172200	-6.3402070194917e+01
36.274887418000	-6.3414607167632e+01
36.304866663800	-6.3420656092600e+01
36.334845909600	-6.3421065345607e+01
36.364825155400	-6.3416683825987e+01
36.394804401200	-6.3408360188522e+01
36.424783647000	-6.3396942072982e+01
36.454762892800	-6.3383275332013e+01
36.484742138600	-6.3368203258127e+01
36.514721384400	-6.3352565810500e+01
36.544700630200	-6.3337198842346e+01
36.574679876000	-6.3322933329576e+01
36.604659121800	-6.3310594601502e+01
36.634638367600	-6.3301001574313e+01
36.664617613400	-6.3294965988073e+01
36.694596859200	-6.3293291647964e+01
36.724576105000	-6.3296773670530e+01
36.754555350800	-6.3306197735636e+01
36.784534596600	-6.3322339344886e+01
36.814513842400	-6.3345963087221e+01
36.844493088200	-6.3377821912412e+01
36.874472334000	-6.3418656413183e+01
36.904451579800	-6.3469194116647e+01
36.934430825600	-6.3530148785782e+01
36.964410071400	-6.3602219731625e+01
36.994389317200	-6.3686091136881e+01
37.024368563000	-6.3782431391616e+01
37.054347808800	-6.3891892441715e+01
37.084327054600	-6.4015109150742e+01
37.114306300400	-6.4152698675870e+01
37.144285546200	-6.4305259858497e+01
37.174264792000	-6.4473372630188e+01
37.204244037800	-6.4657597434534e+01
37.234223283600	-6.4858474665533e+01
37.264202529400	-6.5076524123079e+01
37.294181775200	-6.5312244486111e+01
37.324161021000	-6.5566112803985e+01
37.354140266800	-6.5838584006601e+01
37.384119512600	-6.6130090433793e+01
37.414098758400	-6.6441041384505e+01
37.444078004200	-6.6771822686202e+01
37.474057250000	-6.7122796285026e+01
37.504036495800	-6.7494299857093e+01
37.534015741600	-6.7886646441405e+01
37.563994987400	-6.8300124094748e+01
37.593974233200	-6.8734995568983e+01
37.623953479000	-6.9191498011098e+01
37.653932724800	-6.9669842686351e+01
37.683911970600	-7.0170214724843e+01
37.713891216400	-7.0692772891824e+01
37.743870462200	-7.1237649382005e+01
37.773849708000	-7.1804949638134e+01
37.803828953800	-7.2394752194089e+01
37.833808199600	-7.3007108542679e+01
37.863787445400	-7.3642043028356e+01
37.893766691200	-7.4299552765005e+01
37.923745937000	-7.4979607578950e+01
37.953725182800	-7.5682149977301e+01
37.983704428600	-7.6407095141727e+01
38.013683674400	-7.7154330947748e+01
38.043662920200	-7.7923718009563e+01
38.073642166000	-7.8715089750467e+01
38.103621411800	-7.9528252498834e+01
38.133600657600	-8.0362985609654e+01
38.163579903400	-8.1219041611560e+01
38.193559149200	-8.2096146379290e+01
38.223538395000	-8.2993999331466e+01
38.253517640800	-8.3912273653574e+01
38.283496886600	-8.4850616546000e+01
38.313476132400	-8.5808649496951e+01
38.343455378200	-8.6785968580053e+01
38.373434624000	-8.7782144776425e+01
38.403413869800	-8.8796724320967e+01
38.433393115600	-8.9829229072612e+01
38.463372361400	-9.0879156908231e+01
38.493351607200	-9.1945982139902e+01
38.523330853000	-9.3029155955184e+01
38.553310098800	-9.4128106880048e+01
38.583289344600	-9.5242241264087e+01
38.613268590400	-9.6370943787588e+01
38.643247836200	-9.7513577990056e+01
38.673227082000	-9.8669486819737e+01
38.703206327800	-9.9837993203665e+01
38.733185573600	-1.0101840063776e+02
38.763164819400	-1.0220999379647e+02
38.793144065200	-1.0341203916140e+02
38.823123311000	-1.0462378566842e+02
38.853102556800	-1.0584446537269e+02
38.883081802600	-1.0707329413093e+02
38.913061048400	-1.0830947230052e+02
38.943040294200	-1.0955218545457e+02
38.973019540000	-1.1080060511255e+02
39.002998785800	-1.1205388948567e+02
39.032978031600	-1.1331118423645e+02
39.062957277400	-1.1457162325173e+02
39.092936523200	-1.1583432942848e+02
39.122915769000	-1.1709841547163e+02
39.152895014800	-1.1836298470328e+02
39.182874260600	-1.1962713188255e+02
39.212853506400	-1.2088994403523e+02
39.242832752200	-1.2215050129257e+02
39.272811998000	-1.2340787773848e+02
39.302791243800	-1.2466114226421e+02
39.332770489600	-1.2590935942987e+02
39.362749735400	-1.2715159033198e+02
39.392728981200	-1.2838689347619e+02
39.422708227000	-1.2961432565439e+02
39.452687472800	-1.3083294282542e+02
39.482666718600	-1.3204180099861e+02
39.512645964400	-1.3323995711921e+02
39.542625210200	-1.3442646995496e+02
39.572604456000	-1.3560040098303e+02
39.602583701800	-1.3676081527640e+02
39.632562947600	-1.3790678238890e+02
39.662542193400	-1.3903737723809e+02
39.692521439200	-1.4015168098515e+02
39.722500685000	-1.4124878191094e+02
39.752479930800	-1.4232777628744e+02
39.782459176600	-1.4338776924365e+02
39.812438422400	-1.4442787562533e+02
39.842417668200	-1.4544722084753e+02
39.872396914000	-1.4644494173928e+02
39.902376159800	-1.4742018737960e+02
39.932355405600	-1.4837211992393e+02
39.962334651400	-1.4929991542034e+02
39.992313897200	-1.5020276461471e+02
40.022293143000	-1.5107987374398e+02
40.052272388800	-1.5193046531694e+02
40.082251634600	-1.5275377888155e+02
40.112230880400	-1.5354907177826e+02
40.142210126200	-1.5431561987856e+02
40.172189372000	-1.5505271830793e+02
40.202168617800	-1.5575968215266e+02
40.232147863600	-1.5643584714970e+02
40.262127109400	-1.5708057035901e+02
40.292106355200	-1.5769323081762e+02
40.322085601000	-1.5827323017489e+02
40.352064846800	-1.5881999330827e+02
40.382044092600	-1.5933296891889e+02
40.412023338400	-1.5981163010662e+02
40.442002584200	-1.6025547492374e+02
40.471981830000	-1.6066402690690e+02
40.501961075800	-1.6103683558675e+02
40.531940321600	-1.6137347697465e+02
40.561919567400	-1.6167355402615e+02
40.591898813200	-1.6193669708065e+02
40.621878059000	-1.6216256427676e+02
40.651857304800	-1.6235084194306e+02
40.681836550600	-1.6250124496375e+02
40.711815796400	-1.6261351711884e+02
40.741795042200	-1.6268743139860e+02
40.771774288000	-1.6272279029175e+02
40.801753533800	-1.6271942604729e+02
40.831732779600	-1.6267720090957e+02
40.861712025400	-1.6259600732633e+02
40.891691271200	-1.6247576812957e+02
40.921670517000	-1.6231643668889e+02
40.951649762800	-1.6211799703726e+02
40.981629008600	-1.6188046396898e+02
41.011608254400	-1.6160388310971e+02
41.041587500200	-1.6128833095844e+02
41.071566746000	-1.6093391490143e+02
41.101545991800	-1.6054077319781e+02
41.131525237600	-1.6010907493717e+02
41.161504483400	-1.5963901996878e+02
41.191483729200	-1.5913083880268e+02
41.221462975000	-1.5858479248266e+02
41.251442220800	-1.5800117243109e+02
41.281421466600	-1.5738030026585e+02
41.311400712400	-1.5672252758938e+02
41.341379958200	-1.5602823575008e+02
41.371359204000	-1.5529783557610e+02
41.401338449800	-1.5453176708195e+02
41.431317695600	-1.5373049914791e+02
41.461296941400	-1.5289452917269e+02
41.491276187200	-1.5202438269951e+02
41.521255433000	-1.5112061301595e+02
41.551234678800	-1.5018380072786e+02
41.581213924600	-1.4921455330772e+02
41.611193170400	-1.4821350461786e+02
41.641172416200	-1.4718131440881e+02
41.671151662000	-1.4611866779339e+02
41.701130907800	-1.4502627469678e+02
41.731110153600	-1.4390486928327e+02
41.761089399400	-1.4275520935997e+02
41.791068645200	-1.4157807575812e+02
41.821047891000	-1.4037427169251e+02
41.851027136800	-1.3914462209950e+02
41.881006382600	-1.3788997295439e+02
41.910985628400	-1.3661119056850e+02
41.940964874200	-1.3530916086674e+02
41.970944120000	-1.3398478864627e+02
42.000923365800	-1.3263899681689e+02
42.030902611600	-1.3127272562381e+02
42.060881857400	-1.2988693185351e+02
42.090861103200	-1.2848258802341e+02
42.120840349000	-1.2706068155601e+02
42.150819594800	-1.2562221393832e+02
42.180798840600	-1.2416819986723e+02
42.210778086400	-1.2269966638165e+02
42.240757332200	-1.2121765198217e+02
42.270736578000	-1.1972320573903e+02
42.300715823800	-1.1821738638920e+02
42.330695069600	-1.1670126142336e+02
42.360674315400	-1.1517590616361e+02
42.390653561200	-1.1364240283276e+02
42.420632807000	-1.1210183961600e+02
42.450612052800	-1.1055530971582e+02
42.480591298600	-1.0900391040099e+02
42.510570544400	-1.0744874205053e+02
42.540549790200	-1.0589090719344e+02
42.570529036000	-1.0433150954511e+02
42.600508281800	-1.0277165304135e+02
42.630487527600	-1.0121244087071e+02
42.660466773400	-9.9654974506167e+01
42.690446019200	-9.8100352736987e+01
42.720425265000	-9.6549670701588e+01
42.750404510800	-9.5004018922347e+01
42.780383756600	-9.3464482343199e+01
42.810363002400	-9.1932139370901e+01
42.840342248200	-9.0408060920834e+01
42.870321494000	-8.8893309468210e+01
42.900300739800	-8.7388938105547e+01
42.930279985600	-8.5895989607269e+01
42.960259231400	-8.4415495502274e+01
42.990238477200	-8.2948475155336e+01
43.020217723000	-8.1495934858142e+01
43.050196968800	-8.0058866930836e+01
43.080176214600	-7.8638248834849e+01
43.110155460400	-7.7235042297850e+01
43.140134706200	-7.5850192451605e+01
43.170113952000	-7.4484626983536e+01
43.200093197800	-7.3139255302756e+01
43.230072443600	-7.1814967721330e+01
43.260051689400	-7.0512634651532e+01
43.290030935200	-6.9233105819811e+01
43.320010181000	-6.7977209498200e+01
43.349989426800	-6.6745751753865e+01
43.379968672600	-6.5539515717481e+01
43.409947918400	-6.4359260871110e+01
43.439927164200	-6.3205722356228e+01
43.469906410000	-6.2079610302542e+01
43.499885655800	-6.0981609178211e+01
43.529864901600	-5.9912377162059e+01
43.559844147400	-5.8872545538374e+01
43.589823393200	-5.7862718114836e+01
43.619802639000	-5.6883470664111e+01
43.649781884800	-5.5935350389628e+01
43.679761130600	-5.5018875416035e+01
43.709740376400	-5.4134534304795e+01
43.739719622200	-5.3282785595371e+01
43.769698868000	-5.2464057372429e+01
43.799678113800	-5.1678746859458e+01
43.829657359600	-5.0927220039171e+01
43.859636605400	-5.0209811301060e+01
43.889615851200	-4.9526823116414e+01
43.919595097000	-4.8878525741105e+01
43.949574342800	-4.8265156946432e+01
43.979553588600	-4.7686921778254e+01
44.009532834400	-4.7143992344655e+01
44.039512080200	-4.6636507632330e+01
44.069491326000	-4.6164573351869e+01
44.099470571800	-4.5728261812086e+01
44.129449817600	-4.5327611823516e+01
44.159429063400	-4.4962628631169e+01
44.189408309200	-4.4633283876609e+01
44.219387555000	-4.4339515589409e+01
44.249366800800	-4.4081228207980e+01
44.279346046600	-4.3858292629771e+01
44.309325292400	-4.3670546290805e+01
44.339304538200	-4.3517793274473e+01
44.369283784000	-4.3399804449500e+01
44.399263029800	-4.3316317636964e+01
44.429242275600	-4.3267037806228e+01
44.459221521400	-4.3251637299593e+01
44.489200767200	-4.3269756085502e+01
44.519180013000	-4.3321002040051e+01
44.549159258800	-4.3404951256561e+01
44.579138504600	-4.3521148382942e+01
44.609117750400	-4.3669106986548e+01
44.639096996200	-4.3848309946188e+01
44.669076242000	-4.4058209870956e+01
44.699055487800	-4.4298229545497e+01
44.729034733600	-4.4567762401319e+01
44.759013979400	-4.4866173013722e+01
44.788993225200	-4.5192797623899e+01
44.818972471000	-4.5546944685752e+01
44.848951716800	-4.5927895436921e+01
44.878930962600	-4.6334904493523e+01
44.908910208400	-4.6767200468061e+01
44.938889454200	-4.7223986609961e+01
44.968868700000	-4.7704441468142e+01
44.998847945800	-4.8207719575055e+01
45.028827191600	-4.8732952151549e+01
45.058806437400	-4.9279247831946e+01
45.088785683200	-4.9845693408686e+01
45.118764929000	-5.0431354595844e+01
45.148744174800	-5.1035276810870e+01
45.178723420600	-5.1656485973828e+01
45.208702666400	-5.2293989323428e+01
45.238681912200	-5.2946776249118e+01
45.268661158000	-5.3613819138494e+01
45.298640403800	-5.4294074239262e+01
45.328619649600	-5.4986482534998e+01
45.358598895400	-5.5689970633897e+01
45.388578141200	-5.6403451669743e+01
45.418557387000	-5.7125826214283e+01
45.448536632800	-5.7855983200183e+01
45.478515878600	-5.8592800853757e+01
45.508495124400	-5.9335147636633e+01
45.538474370200	-6.0081883195508e+01
45.568453616000	-6.0831859319151e+01
45.598432861800	-6.1583920901812e+01
45.628412107600	-6.2336906912161e+01
45.658391353400	-6.3089651366911e+01
45.688370599200	-6.3840984308247e+01
45.718349845000	-6.4589732784210e+01
45.748329090800	-6.5334721831147e+01
45.778308336600	-6.6074775457373e+01
45.808287582400	-6.6808717627155e+01
45.838266828200	-6.7535373244176e+01
45.868246074000	-6.8253569133571e+01
45.898225319800	-6.8962135021710e+01
45.928204565600	-6.9659904512824e+01
45.958183811400	-7.0345716061645e+01
45.988163057200	-7.1018413941183e+01
46.018142303000	-7.1676849204800e+01
46.048121548800	-7.2319880641736e+01
46.078100794600	-7.2946375725240e+01
46.108080040400	-7.3555211552483e+01
46.138059286200	-7.4145275775438e+01
46.168038532000	-7.4715467521899e+01
46.198017777800	-7.5264698305844e+01
46.227997023600	-7.5791892926352e+01
46.257976269400	-7.6295990354293e+01
46.287955515200	-7.6775944606018e+01
46.317934761000	-7.7230725603292e+01
46.347914006800	-7.7659320018736e+01
46.377893252600	-7.8060732106048e+01
46.407872498400	-7.8433984514272e+01
46.437851744200	-7.8778119085452e+01
46.467830990000	-7.9092197634948e+01
46.497810235800	-7.9375302713786e+01
46.527789481600	-7.9626538352365e+01
46.557768727400	-7.9845030784915e+01
46.587747973200	-8.0029929154069e+01
46.617727219000	-8.0180406194987e+01
46.647706464800	-8.0295658898427e+01
46.677685710600	-8.0374909152238e+01
46.707664956400	-8.0417404360722e+01
46.737644202200	-8.0422418041366e+01
46.767623448000	-8.0389250398452e+01
46.797602693800	-8.0317228873069e+01
46.827581939600	-8.0205708669095e+01
46.857561185400	-8.0054073254713e+01
46.887540431200	-7.9861734839068e+01
46.917519677000	-7.9628134823691e+01
46.947498922800	-7.9352744228329e+01
46.977478168600	-7.9035064090860e+01
47.007457414400	-7.8674625840981e+01
47.037436660200	-7.8270991647402e+01
47.067415906000	-7.7823754738270e+01
47.097395151800	-7.7332539694618e+01
47.127374397600	-7.6797002716616e+01
47.157353643400	-7.6216831862446e+01
47.187332889200	-7.5591747259657e+01
47.217312135000	-7.4921501288862e+01
47.247291380800	-7.4205878739679e+01
47.277270626600	-7.3444696938837e+01
47.307249872400	-7.2637805850390e+01
47.337229118200	-7.1785088148029e+01
47.367208364000	-7.0886459259475e+01
47.397187609800	-6.9941867382983e+01
47.427166855600	-6.8951293476024e+01
47.457146101400	-6.7914751216190e+01
47.487125347200	-6.6832286934464e+01
47.517104593000	-6.5703979520944e+01
47.547083838800	-6.4529940303204e+01
47.577063084600	-6.3310312897455e+01
47.607042330400	-6.2045273032705e+01
47.637021576200	-6.0735028348163e+01
47.667000822000	-5.9379818164117e+01
47.696980067800	-5.7979913226576e+01
47.726959313600	-5.6535615425968e+01
47.756938559400	-5.5047257490224e+01
47.786917805200	-5.3515202652581e+01
47.816897051000	-5.1939844294484e+01
47.846876296800	-5.0321605563975e+01
47.876855542600	-4.8660938969973e+01
47.906834788400	-4.6958325952891e+01
47.936814034200	-4.5214276432038e+01
47.966793280000	-4.3429328330280e+01
47.996772525800	-4.1604047076460e+01
48.026751771600	-3.9739025086089e+01
48.056731017400	-3.7834881220845e+01
48.086710263200	-3.5892260227429e+01
48.116689509000	-3.3911832156347e+01
48.146668754800	-3.1894291761215e+01
48.176648000600	-2.9840357879178e+01
48.206627246400	-2.7750772793082e+01
48.236606492200	-2.5626301576009e+01
48.266585738000	-2.3467731418859e+01
48.296564983800	-2.1275870941614e+01
48.326544229600	-1.9051549488980e+01
48.356523475400	-1.6795616411104e+01
48.386502721200	-1.4508940330048e+01
48.416481967000	-1.2192408392759e+01
48.446461212800	-9.8469255112538e+00
48.476440458600	-7.4734135907472e+00
48.506419704400	-5.0728107464842e+00
48.536398950200	-2.6460705100208e+00
48.566378196000	-1.9416102572120e-01
48.596357441800	2.2819357617593e+00
48.626336687600	4.7812249282299e+00
48.656315933400	7.3026993981738e+00
48.686295179200	9.8453407796270e+00
48.716274425000	1.2408120204932e+01
48.746253670800	1.4989999176573e+01
48.776232916600	1.7589930417296e+01
48.806212162400	2.0206858723708e+01
48.836191408200	2.2839721822566e+01
48.866170654000	2.5487451228943e+01
48.896149899800	2.8148973105479e+01
48.926129145600	3.0823209121907e+01
48.956108391400	3.3509077314075e+01
48.986087637200	3.6205492941644e+01
49.016066883000	3.8911369343700e+01
49.046046128800	4.1625618791461e+01
49.076025374600	4.4347153337324e+01
49.106004620400	4.7074885659464e+01
49.135983866200	4.9807729901212e+01
49.165963112000	5.2544602504456e+01
49.195942357800	5.5284423036306e+01
49.225921603600	5.8026115008282e+01
49.255900849400	6.0768606687280e+01
49.285880095200	6.3510831897597e+01
49.315859341000	6.6251730813296e+01
49.345838586800	6.8990250740201e+01
49.375817832600	7.1725346886845e+01
49.405797078400	7.4455983123668e+01
49.435776324200	7.7181132729821e+01
49.465755570000	7.9899779126905e+01
49.495734815800	8.2610916599026e+01
49.525714061600	8.5313550998515e+01
49.555693307400	8.8006700436744e+01
49.585672553200	9.0689395959405e+01
49.615651799000	9.3360682205713e+01
49.645631044800	9.6019618050955e+01
49.675610290600	9.8665277231854e+01
49.705589536400	1.0129674895422e+02
49.735568782200	1.0391313848241e+02
49.765548028000	1.0651356771007e+02
49.795527273800	1.0909717571174e+02
49.825506519600	1.1166311927485e+02
49.855485765400	1.1421057341170e+02
49.885465011200	1.1673873185106e+02
49.915444257000	1.1924680750885e+02
49.945423502800	1.2173403293780e+02
49.975402748600	1.2419966075552e+02
50.005381994400	1.2664296405080e+02
50.035361240200	1.2906323676774e+02
50.065340486000	1.3145979406764e+02
50.095319731800	1.3383197266809e+02
50.125298977600	1.3617913115935e+02
50.155278223400	1.3850065029762e+02
50.185257469200	1.4079593327510e+02
50.215236715000	1.4306440596669e+02
50.245215960800	1.4530551715311e+02
50.275195206600	1.4751873872052e+02
50.305174452400	1.4970356583631e+02
50.335153698200	1.5185951710123e+02
50.365132944000	1.5398613467770e+02
50.395112189800	1.5608298439426e+02
50.425091435600	1.5814965582633e+02
50.455070681400	1.6018576235308e+02
50.485049927200	1.6219094119075e+02
50.515029173000	1.6416485340222e+02
50.545008418800	1.6610718388312e+02
50.574987664600	1.6801764132462e+02
50.604966910400	1.6989595815285e+02
50.634946156200	1.7174189044543e+02
50.664925402000	1.7355521782498e+02
50.694904647800	1.7533574333013e+02
50.724883893600	1.7708329326406e+02
50.754863139400	1.7879771702091e+02
50.784842385200	1.8047888689035e+02
50.814821631000	1.8212669784064e+02
50.844800876800	1.8374106728045e+02
50.874780122600	1.8532193479977e+02
50.904759368400	1.8686926189041e+02
50.934738614200	1.8838303164635e+02
50.964717860000	1.8986324844434e+02
50.994697105800	1.9130993760526e+02
51.024676351600	1.9272314503669e+02
51.054655597400	1.9410293685699e+02
51.084634843200	1.9544939900159e+02
51.114614089000	1.9676263681183e+02
51.144593334800	1.9804277460691e+02
51.174572580600	1.9928995523947e+02
51.204551826400	2.0050433963540e+02
51.234531072200	2.0168610631832e+02
51.264510318000	2.0283545091939e+02
51.294489563800	2.0395258567308e+02
51.324468809600	2.0503773889928e+02
51.354448055400	2.0609115447270e+02
51.384427301200	2.0711309127983e+02
51.414406547000	2.0810382266431e+02
51.444385792800	2.0906363586135e+02
51.474365038600	2.0999283142172e+02
51.504344284400	2.1089172262605e+02
51.534323530200	2.1176063489017e+02
51.564302776000	2.1259990516205e+02
51.594282021800	2.1340988131108e+02
51.624261267600	2.1419092151038e+02
51.654240513400	2.1494339361285e+02
51.684219759200	2.1566767452161e+02
51.714199005000	2.1636414955558e+02
51.744178250800	2.1703321181087e+02
51.774157496600	2.1767526151872e+02
51.804136742400	2.1829070540070e+02
51.834115988200	2.1887995602184e+02
51.864095234000	2.1944343114246e+02
51.894074479800	2.1998155306936e+02
51.924053725600	2.2049474800715e+02
51.954032971400	2.2098344541030e+02
51.984012217200	2.2144807733679e+02
52.013991463000	2.2188907780392e+02
52.043970708800	2.2230688214704e+02
52.073949954600	2.2270192638191e+02
52.103929200400	2.2307464657132e+02
52.133908446200	2.2342547819671e+02
52.163887692000	2.2375485553545e+02
52.193866937800	2.2406321104441e+02
52.223846183600	2.2435097475057e+02
52.253825429400	2.2461857364921e+02
52.283804675200	2.2486643111039e+02
52.313783921000	2.2509496629440e+02
52.343763166800	2.2530459357662e+02
52.373742412600	2.2549572198266e+02
52.403721658400	2.2566875463413e+02
52.433700904200	2.2582408820582e+02
52.463680150000	2.2596211239470e+02
52.493659395800	2.2608320940142e+02
52.523638641600	2.2618775342486e+02
52.553617887400	2.2627611017009e+02
52.583597133200	2.2634863637047e+02
52.613576379000	2.2640567932431e+02
52.643555624800	2.2644757644646e+02
52.673534870600	2.2647465483547e+02
52.703514116400	2.2648723085670e+02
52.733493362200	2.2648560974175e+02
52.763472608000	2.2647008520469e+02
52.793451853800	2.2644093907547e+02
52.823431099600	2.2639844095095e+02
52.853410345400	2.2634284786368e+02
52.883389591200	2.2627440396911e+02
52.913368837000	2.2619334025123e+02
52.943348082800	2.2609987424711e+02
52.973327328600	2.2599420979059e+02
53.003306574400	2.2587653677533e+02
53.033285820200	2.2574703093750e+02
53.063265066000	2.2560585365826e+02
53.093244311800	2.2545315178638e+02
53.123223557600	2.2528905748085e+02
53.153202803400	2.2511368807407e+02
53.183182049200	2.2492714595530e+02
53.213161295000	2.2472951847481e+02
53.243140540800	2.2452087786863e+02
53.273119786600	2.2430128120402e+02
53.303099032400	2.2407077034564e+02
53.333078278200	2.2382937194261e+02
53.363057524000	2.2357709743616e+02
53.393036769800	2.2331394308812e+02
53.423016015600	2.2303989003004e+02
53.452995261400	2.2275490433290e+02
53.482974507200	2.2245893709737e+02
53.512953753000	2.2215192456436e+02
53.542932998800	2.2183378824595e+02
53.572912244600	2.2150443507624e+02
53.602891490400	2.2116375758227e+02
53.632870736200	2.2081163407448e+02
53.662849982000	2.2044792885675e+02
53.692829227800	2.2007249245565e+02
53.722808473600	2.1968516186857e+02
53.752787719400	2.1928576083063e+02
53.782766965200	2.1887410009986e+02
53.812746211000	2.1844997776052e+02
53.842725456800	2.1801317954402e+02
53.872704702600	2.1756347916724e+02
53.902683948400	2.1710063868773e+02
53.932663194200	2.1662440887554e+02
53.962642440000	2.1613452960114e+02
53.992621685800	2.1563073023899e+02
54.022600931600	2.1511273008644e+02
54.052580177400	2.1458023879732e+02
54.082559423200	2.1403295682989e+02
54.112538669000	2.1347057590854e+02
54.142517914800	2.1289277949875e+02
54.172497160600	2.1229924329484e+02
54.202476406400	2.1168963571990e+02
54.232455652200	2.1106361843737e+02
54.262434898000	2.1042084687370e+02
54.292414143800	2.0976097075151e+02
54.322393389600	2.0908363463268e+02
54.352372635400	2.0838847847071e+02
54.382351881200	2.0767513817182e+02
54.412331127000	2.0694324616406e+02
54.442310372800	2.0619243197396e+02
54.472289618600	2.0542232280987e+02
54.502268864400	2.0463254415157e+02
54.532248110200	2.0382272034526e+02
54.562227356000	2.0299247520355e+02
54.592206601800	2.0214143260948e+02
54.622185847600	2.0126921712414e+02
54.652165093400	2.0037545459711e+02
54.682144339200	1.9945977277905e+02
54.712123585000	1.9852180193578e+02
54.742102830800	1.9756117546312e+02
54.772082076600	1.9657753050191e+02
54.802061322400	1.9557050855241e+02
54.832040568200	1.9453975608746e+02
54.862019814000	1.9348492516371e+02
54.891999059800	1.9240567403019e+02
54.921978305600	1.9130166773366e+02
54.951957551400	1.9017257871990e+02
54.981936797200	1.8901808743039e+02
55.011916043000	1.8783788289368e+02
55.041895288800	1.8663166331078e+02
55.071874534600	1.8539913663382e+02
55.101853780400	1.8414002113759e+02
55.131833026200	1.8285404598294e+02
55.161812272000	1.8154095177179e+02
55.191791517800	1.8020049109278e+02
55.221770763600	1.7883242905718e+02
55.251750009400	1.7743654382435e+02
55.281729255200	1.7601262711615e+02
55.311708501000	1.7456048471971e+02
55.341687746800	1.7307993697803e+02
55.371666992600	1.7157081926776e+02
55.401646238400	1.7003298246370e+02
55.431625484200	1.6846629338939e+02
55.461604730000	1.6687063525333e+02
55.491583975800	1.6524590807033e+02
55.521563221600	1.6359202906734e+02
55.551542467400	1.6190893307353e+02
55.581521713200	1.6019657289391e+02
55.611500959000	1.5845491966623e+02
55.641480204800	1.5668396320056e+02
55.671459450600	1.5488371230130e+02
55.701438696400	1.5305419507105e+02
55.731417942200	1.5119545919614e+02
55.761397188000	1.4930757221326e+02
55.791376433800	1.4739062175708e+02
55.821355679600	1.4544471578828e+02
55.851334925400	1.4346998280188e+02
55.881314171200	1.4146657201554e+02
55.911293417000	1.3943465353750e+02
55.941272662800	1.3737441851393e+02
55.971251908600	1.3528607925563e+02
56.001231154400	1.3316986934357e+02
56.031210400200	1.3102604371344e+02
56.061189646000	1.2885487871869e+02
56.091168891800	1.2665667217231e+02
56.121148137600	1.2443174336683e+02
56.151127383400	1.2218043307283e+02
56.181106629200	1.1990310351554e+02
56.211085875000	1.1760013832977e+02
56.241065120800	1.1527194249296e+02
56.271044366600	1.1291894223638e+02
56.301023612400	1.1054158493456e+02
56.331002858200	1.0814033897292e+02
56.360982104000	1.0571569359369e+02
56.390961349800	1.0326815872019e+02
56.420940595600	1.0079826475958e+02
56.450919841400	9.8306562384213e+01
56.480899087200	9.5793622291753e+01
56.510878333000	9.3260034944159e+01
56.540857578800	9.0706410285824e+01
56.570836824600	8.8133377441017e+01
56.600816070400	8.5541584390877e+01
56.630795316200	8.2931697630225e+01
56.660774562000	8.0304401804457e+01
56.690753807800	7.7660399326820e+01
56.720733053600	7.5000409976394e+01
56.750712299400	7.2325170477103e+01
56.780691545200	6.9635434058119e+01
56.810670791000	6.6931969996042e+01
56.840650036800	6.4215563139231e+01
56.870629282600	6.1487013414716e+01
56.900608528400	5.8747135318115e+01
56.930587774200	5.5996757387006e+01
56.960567020000	5.3236721658217e+01
56.990546265800	5.0467883109518e+01
57.020525511600	4.7691109086219e+01
57.050504757400	4.4907278713182e+01
57.080484003200	4.2117282292776e+01
57.110463249000	3.9322020689329e+01
57.140442494800	3.6522404700630e+01
57.170421740600	3.3719354417048e+01
57.200400986400	3.0913798568871e+01
57.230380232200	2.8106673862449e+01
57.260359478000	2.5298924305752e+01
57.290338723800	2.2491500523979e+01
57.320317969600	1.9685359065835e+01
57.350297215400	1.6881461701129e+01
57.380276461200	1.4080774710345e+01
57.410255707000	1.1284268166843e+01
57.440234952800	8.4929152123643e+00
57.470214198600	5.7076913265208e+00
57.500193444400	2.9295735909448e+00
57.530172690200	1.5953994880089e-01
57.560151936000	-2.6014315396516e+00
57.590131181800	-5.3523634447396e+00
57.620110427600	-8.0922797175967e+00
57.650089673400	-1.0820206442213e+01
57.680068919200	-1.3535172588603e+01
57.710048165000	-1.6236210766375e+01
57.740027410800	-1.8922357977989e+01
57.770006656600	-2.1592656370983e+01
57.799985902400	-2.4246153988458e+01
57.829965148200	-2.6881905517095e+01
57.859944394000	-2.9498973032002e+01
57.889923639800	-3.2096426737665e+01
57.919902885600	-3.4673345704307e+01
57.949882131400	-3.7228818598941e+01
57.979861377200	-3.9761944410409e+01
58.009840623000	-4.2271833167734e+01
58.039819868800	-4.4757606651056e+01
58.069799114600	-4.7218399094506e+01
58.099778360400	-4.9653357880311e+01
58.129757606200	-5.2061644223473e+01
58.159736852000	-5.4442433846356e+01
58.189716097800	-5.6794917642530e+01
58.219695343600	-5.9118302329220e+01
58.249674589400	-6.1411811087744e+01
58.279653835200	-6.3674684191292e+01
58.309633081000	-6.5906179619459e+01
58.339612326800	-6.8105573658916e+01
58.369591572600	-7.0272161489643e+01
58.399570818400	-7.2405257756143e+01
58.429550064200	-7.4504197123083e+01
58.459529310000	-7.6568334814812e+01
58.489508555800	-7.8597047138231e+01
58.519487801600	-8.0589731988500e+01
58.549467047400	-8.2545809337075e+01
58.579446293200	-8.4464721701602e+01
58.609425539000	-8.6345934597202e+01
58.639404784800	-8.8188936968694e+01
58.669384030600	-8.9993241603327e+01
58.699363276400	-9.1758385523613e+01
58.729342522200	-9.3483930359868e+01
58.759321768000	-9.5169462702080e+01
58.789301013800	-9.6814594430756e+01
58.819280259600	-9.8418963026416e+01
58.849259505400	-9.9982231857407e+01
58.879238751200	-1.0150409044576e+02
58.909217997000	-1.0298425471081e+02
58.939197242800	-1.0442246719030e+02
58.969176488600	-1.0581849723881e+02
58.999155734400	-1.0717214120320e+02
59.029134980200	-1.0848322257500e+02
59.059114226000	-1.0975159211944e+02
59.089093471800	-1.1097712798111e+02
59.119072717600	-1.1215973576608e+02
59.149051963400	-1.1329934860029e+02
59.179031209200	-1.1439592716435e+02
59.209010455000	-1.1544945970442e+02
59.238989700800	-1.1645996201941e+02
59.268968946600	-1.1742747742426e+02
59.298948192400	-1.1835207668951e+02
59.328927438200	-1.1923385795706e+02
59.358906684000	-1.2007294663221e+02
59.388885929800	-1.2086949525213e+02
59.418865175600	-1.2162368333078e+02
59.448844421400	-1.2233571718048e+02
59.478823667200	-1.2300582971016e+02
59.508802913000	-1.2363428020068e+02
59.538782158800	-1.2422135405716e+02
59.568761404600	-1.2476736253872e+02
59.598740650400	-1.2527264246579e+02
59.628719896200	-1.2573755590527e+02
59.658699142000	-1.2616248983381e+02
59.688678387800	-1.2654785577954e+02
59.718657633600	-1.2689408944250e+02
59.748636879400	-1.2720165029423e+02
59.778616125200	-1.2747102115677e+02
59.808595371000	-1.2770270776154e+02
59.838574616800	-1.2789723828838e+02
59.868553862600	-1.2805516288538e+02
59.898533108400	-1.2817705316969e+02
59.928512354200	-1.2826350170996e+02
59.958491600000	-1.2831512149083e+02
59.988470845800	-1.2833254535984e+02
60.018450091600	-1.2831642545754e+02
60.048429337400	-1.2826743263101e+02
60.078408583200	-1.2818625583158e+02
60.108387829000	-1.2807360149717e+02
60.138367074800	-1.2793019291990e+02
60.168346320600	-1.2775676959944e+02
60.198325566400	-1.2755408658287e+02
60.228304812200	-1.2732291379152e+02
60.258284058000	-1.2706403533545e+02
60.288263303800	-1.2677824881625e+02
60.318242549600	-1.2646636461878e+02
60.348221795400	-1.2612920519245e+02
60.378201041200	-1.2576760432284e+02
60.408180287000	-1.2538240639423e+02
60.438159532800	-1.2497446564370e+02
60.468138778600	-1.2454464540765e+02
60.498118024400	-1.2409381736127e+02
60.528097270200	-1.2362286075175e+02
60.558076516000	-1.2313266162598e+02
60.588055761800	-1.2262411205332e+02
60.618035007600	-1.2209810934434e+02
60.648014253400	-1.2155555526617e+02
60.677993499200	-1.2099735525510e+02
60.707972745000	-1.2042441762737e+02
60.737951990800	-1.1983765278872e+02
60.767931236600	-1.1923797244347e+02
60.797910482400	-1.1862628880391e+02
60.827889728200	-1.1800351380069e+02
60.857868974000	-1.1737055829501e+02
60.887848219800	-1.1672833129320e+02
60.917827465600	-1.1607773916462e+02
60.947806711400	-1.1541968486343e+02
60.977785957200	-1.1475506715508e+02
61.007765203000	-1.1408477984809e+02
61.037744448800	-1.1340971103207e+02
61.067723694600	-1.1273074232239e+02
61.097702940400	-1.1204874811247e+02
61.127682186200	-1.1136459483421e+02
61.157661432000	-1.1067914022730e+02
61.187640677800	-1.0999323261809e+02
61.217619923600	-1.0930771020872e+02
61.247599169400	-1.0862340037705e+02
61.277578415200	-1.0794111898819e+02
61.307557661000	-1.0726166971818e+02
61.337536906800	-1.0658584339036e+02
61.367516152600	-1.0591441732527e+02
61.397495398400	-1.0524815470444e+02
61.427474644200	-1.0458780394876e+02
61.457453890000	-1.0393409811206e+02
61.487433135800	-1.0328775429027e+02
61.517412381600	-1.0264947304691e+02
61.547391627400	-1.0201993785531e+02
61.577370873200	-1.0139981455804e+02
61.607350119000	-1.0078975084419e+02
61.637329364800	-1.0019037574475e+02
61.667308610600	-9.9602299146783e+01
61.697287856400	-9.9026111326639e+01
61.727267102200	-9.8462382502739e+01
61.757246348000	-9.7911662408266e+01
61.787225593800	-9.7374479884179e+01
61.817204839600	-9.6851342492892e+01
61.847184085400	-9.6342736152961e+01
61.877163331200	-9.5849124795100e+01
61.907142577000	-9.5370950039822e+01
61.937121822800	-9.4908630896978e+01
61.967101068600	-9.4462563487462e+01
61.997080314400	-9.4033120787298e+01
62.027059560200	-9.3620652394341e+01
62.057038806000	-9.3225484317765e+01
62.087018051800	-9.2847918790518e+01
62.116997297600	-9.2488234104886e+01
62.146976543400	-9.2146684471287e+01
62.176955789200	-9.1823499900399e+01
62.206935035000	-9.1518886108701e+01
62.236914280800	-9.1233024447477e+01
62.266893526600	-9.0966071855327e+01
62.296872772400	-9.0718160834176e+01
62.326852018200	-9.0489399448793e+01
62.356831264000	-9.0279871349763e+01
62.386810509800	-9.0089635819862e+01
62.416789755600	-8.9918727843756e+01
62.446769001400	-8.9767158200921e+01
62.476748247200	-8.9634913581651e+01
62.506727493000	-8.9521956726008e+01
62.536706738800	-8.9428226585554e+01
62.566685984600	-8.9353638507654e+01
62.596665230400	-8.9298084442154e+01
62.626644476200	-8.9261433170182e+01
62.656623722000	-8.9243530554825e+01
62.686602967800	-8.9244199813405e+01
62.716582213600	-8.9263241811046e+01
62.746561459400	-8.9300435375213e+01
62.776540705200	-8.9355537630898e+01
62.806519951000	-8.9428284356069e+01
62.836499196800	-8.9518390357029e+01
62.866478442600	-8.9625549863261e+01
62.896457688400	-8.9749436941362e+01
62.926436934200	-8.9889705927623e+01
62.956416180000	-9.0045991878796e+01
62.986395425800	-9.0217911040588e+01
63.016374671600	-9.0405061333391e+01
63.046353917400	-9.0607022854735e+01
63.076333163200	-9.0823358397959e+01
63.106312409000	-9.1053613986552e+01
63.136291654800	-9.1297319423622e+01
63.166270900600	-9.1553988855921e+01
63.196250146400	-9.1823121351856e+01
63.226229392200	-9.2104201492888e+01
63.256208638000	-9.2396699977712e+01
63.286187883800	-9.2700074238613e+01
63.316167129600	-9.3013769069358e+01
63.346146375400	-9.3337217263993e+01
63.376125621200	-9.3669840265893e+01
63.406104867000	-9.4011048826408e+01
63.436084112800	-9.4360243672433e+01
63.466063358600	-9.4716816182240e+01
63.496042604400	-9.5080149068868e+01
63.526021850200	-9.5449617070404e+01
63.556001096000	-9.5824587646442e+01
63.585980341800	-9.6204421680022e+01
63.615959587600	-9.6588474184356e+01
63.645938833400	-9.6976095013604e+01
63.675918079200	-9.7366629577020e+01
63.705897325000	-9.7759419555714e+01
63.735876570800	-9.8153803621351e+01
63.765855816600	-9.8549118156026e+01
63.795835062400	-9.8944697972639e+01
63.825814308200	-9.9339877035002e+01
63.855793554000	-9.9733989177003e+01
63.885772799800	-1.0012636882008e+02
63.915752045600	-1.0051635168830e+02
63.945731291400	-1.0090327552033e+02
63.975710537200	-1.0128648077758e+02
64.005689783000	-1.0166531134785e+02
64.035669028800	-1.0203911524373e+02
64.065648274600	-1.0240724529510e+02
64.095627520400	-1.0276905983498e+02
64.125606766200	-1.0312392337822e+02
64.155586012000	-1.0347120729207e+02
64.185565257800	-1.0381029045826e+02
64.215544503600	-1.0414055992574e+02
64.245523749400	-1.0446141155353e+02
64.275502995200	-1.0477225064300e+02
64.305482241000	-1.0507249255900e+02
64.335461486800	-1.0536156333913e+02
64.365440732600	-1.0563890029075e+02
64.395419978400	-1.0590395257487e+02
64.425399224200	-1.0615618177658e+02
64.455378470000	-1.0639506246135e+02
64.485357715800	-1.0662008271667e+02
64.515336961600	-1.0683074467853e+02
64.545316207400	-1.0702656504213e+02
64.575295453200	-1.0720707555650e+02
64.605274699000	-1.0737182350235e+02
64.635253944800	-1.0752037215283e+02
64.665233190600	-1.0765230121666e+02
64.695212436400	-1.0776720726328e+02
64.725191682200	-1.0786470412954e+02
64.755170928000	-1.0794442330757e+02
64.785150173800	-1.0800601431345e+02
64.815129419600	-1.0804914503635e+02
64.845108665400	-1.0807350206777e+02
64.875087911200	-1.0807879101056e+02
64.905067157000	-1.0806473676750e+02
64.935046402800	-1.0803108380906e+02
64.965025648600	-1.0797759642019e+02
64.995004894400	-1.0790405892582e+02
65.024984140200	-1.0781027589495e+02
65.054963386000	-1.0769607232307e+02
65.084942631800	-1.0756129379276e+02
65.114921877600	-1.0740580661239e+02
65.144901123400	-1.0722949793270e+02
65.174880369200	-1.0703227584123e+02
65.204859615000	-1.0681406943448e+02
65.234838860800	-1.0657482886784e+02
65.264818106600	-1.0631452538309e+02
65.294797352400	-1.0603315131363e+02
65.324776598200	-1.0573072006734e+02
65.354755844000	-1.0540726608719e+02
65.384735089800	-1.0506284478960e+02
65.414714335600	-1.0469753248062e+02
65.444693581400	-1.0431142625007e+02
65.474672827200	-1.0390464384384e+02
65.504652073000	-1.0347732351426e+02
65.534631318800	-1.0302962384900e+02
65.564610564600	-1.0256172357850e+02
65.594589810400	-1.0207382136218e+02
65.624569056200	-1.0156613555370e+02
65.654548302000	-1.0103890394552e+02
65.684527547800	-1.0049238349299e+02
65.714506793600	-9.9926850018345e+01
65.744486039400	-9.9342597894800e+01
65.774465285200	-9.8739939711240e+01
65.804444531000	-9.8119205917720e+01
65.834423776800	-9.7480744452230e+01
65.864403022600	-9.6824920349089e+01
65.894382268400	-9.6152115329399e+01
65.924361514200	-9.5462727373966e+01
65.954340760000	-9.4757170279163e+01
65.984320005800	-9.4035873196174e+01
66.014299251600	-9.3299280154124e+01
66.044278497400	-9.2547849567582e+01
66.074257743200	-9.1782053728946e+01
66.104236989000	-9.1002378286255e+01
66.134216234800	-9.0209321706958e+01
66.164195480600	-8.9403394728204e+01
66.194174726400	-8.8585119794219e+01
66.224153972200	-8.7755030481367e+01
66.254133218000	-8.6913670911482e+01
66.284112463800	-8.6061595154073e+01
66.314091709600	-8.5199366618041e+01
66.344070955400	-8.4327557433524e+01
66.374050201200	-8.3446747824513e+01
66.404029447000	-8.2557525472895e+01
66.434008692800	-8.1660484874569e+01
66.463987938600	-8.0756226688313e+01
66.493967184400	-7.9845357078077e+01
66.523946430200	-7.8928487049362e+01
66.553925676000	-7.8006231780405e+01
66.583904921800	-7.7079209948824e+01
66.613884167600	-7.6148043054451e+01
66.643863413400	-7.5213354739031e+01
66.673842659200	-7.4275770103506e+01
66.703821905000	-7.3335915023575e+01
66.733801150800	-7.2394415464249e+01
66.763780396600	-7.1451896794103e+01
66.793759642400	-7.0508983099941e+01
66.823738888200	-6.9566296502568e+01
66.853718134000	-6.8624456474391e+01
66.883697379800	-6.7684079159555e+01
66.913676625600	-6.6745776697300e+01
66.943655871400	-6.5810156549258e+01
66.973635117200	-6.4877820831376e+01
67.003614363000	-6.3949365651160e+01
67.033593608800	-6.3025380450924e+01
67.063572854600	-6.2106447357726e+01
67.093552100400	-6.1193140540662e+01
67.123531346200	-6.0286025576190e+01
67.153510592000	-5.9385658822131e+01
67.183489837800	-5.8492586801017e+01
67.213469083600	-5.7607345593397e+01
67.243448329400	-5.6730460241759e+01
67.273427575200	-5.5862444165674e+01
67.303406821000	-5.5003798588770e+01
67.333386066800	-5.4155011978136e+01
67.363365312600	-5.3316559496747e+01
67.393344558400	-5.2488902469462e+01
67.423323804200	-5.1672487863177e+01
67.453303050000	-5.0867747781658e+01
67.483282295800	-5.0075098975588e+01
67.513261541600	-4.9294942368354e+01
67.543240787400	-4.8527662598046e+01
67.573220033200	-4.7773627576178e+01
67.603199279000	-4.7033188063578e+01
67.633178524800	-4.6306677263898e+01
67.663157770600	-4.5594410435181e+01
67.693137016400	-4.4896684519888e+01
67.723116262200	-4.4213777793785e+01
67.753095508000	-4.3545949534062e+01
67.783074753800	-4.2893439707044e+01
67.813053999600	-4.2256468675816e+01
67.843033245400	-4.1635236928100e+01
67.873012491200	-4.1029924824658e+01
67.902991737000	-4.0440692368507e+01
67.932970982800	-3.9867678995206e+01
67.962950228600	-3.9311003384427e+01
67.992929474400	-3.8770763293045e+01
68.022908720200	-3.8247035409922e+01
68.052887966000	-3.7739875232559e+01
68.082867211800	-3.7249316965760e+01
68.112846457600	-3.6775373442435e+01
68.142825703400	-3.6318036066638e+01
68.172804949200	-3.5877274778923e+01
68.202784195000	-3.5453038044084e+01
68.232763440800	-3.5045252861287e+01
68.262742686600	-3.4653824796641e+01
68.292721932400	-3.4278638038169e+01
68.322701178200	-3.3919555473156e+01
68.352680424000	-3.3576418787825e+01
68.382659669800	-3.3249048589249e+01
68.412638915600	-3.2937244549407e+01
68.442618161400	-3.2640785571260e+01
68.472597407200	-3.2359429976701e+01
68.502576653000	-3.2092915716207e+01
68.532555898800	-3.1840960600010e+01
68.562535144600	-3.1603262550575e+01
68.592514390400	-3.1379499876145e+01
68.622493636200	-3.1169331565110e+01
68.652472882000	-3.0972397600916e+01
68.682452127800	-3.0788319297220e+01
68.712431373600	-3.0616699652978e+01
68.742410619400	-3.0457123727127e+01
68.772389865200	-3.0309159032497e+01
68.802369111000	-3.0172355948598e+01
68.832348356800	-3.0046248152853e+01
68.862327602600	-2.9930353069899e+01
68.892306848400	-2.9824172338497e+01
68.922286094200	-2.9727192295611e+01
68.952265340000	-2.9638884477188e+01
68.982244585800	-2.9558706135150e+01
69.012223831600	-2.9486100770102e+01
69.042203077400	-2.9420498679224e+01
69.072182323200	-2.9361317518840e+01
69.102161569000	-2.9307962881084e+01
69.132140814800	-2.9259828884118e+01
69.162120060600	-2.9216298775330e+01
69.192099306400	-2.9176745546900e+01
69.222078552200	-2.9140532563150e+01
69.252057798000	-2.9107014199058e+01
69.282037043800	-2.9075536489297e+01
69.312016289600	-2.9045437787179e+01
69.341995535400	-2.9016049432839e+01
69.371974781200	-2.8986696430010e+01
69.401954027000	-2.8956698130722e+01
69.431933272800	-2.8925368927235e+01
69.461912518600	-2.8892018950544e+01
69.491891764400	-2.8855954774747e+01
69.521871010200	-2.8816480126586e+01
69.551850256000	-2.8772896599459e+01
69.581829501800	-2.8724504371190e+01
69.611808747600	-2.8670602924848e+01
69.641787993400	-2.8610491771902e+01
69.671767239200	-2.8543471176982e+01
69.701746485000	-2.8468842883536e+01
69.731725730800	-2.8385910839658e+01
69.761704976600	-2.8293981923356e+01
69.791684222400	-2.8192366666550e+01
69.821663468200	-2.8080379977058e+01
69.851642714000	-2.7957341857870e+01
69.881621959800	-2.7822578122977e+01
69.911601205600	-2.7675421109035e+01
69.941580451400	-2.7515210382171e+01
69.971559697200	-2.7341293439193e+01
70.001538943000	-2.7153026402529e+01
70.031518188800	-2.6949774708174e+01
70.061497434600	-2.6730913785969e+01
70.091476680400	-2.6495829731516e+01
70.121455926200	-2.6243919969061e+01
70.151435172000	-2.5974593904667e+01
70.181414417800	-2.5687273569025e+01
70.211393663600	-2.5381394249249e+01
70.241372909400	-2.5056405109016e+01
70.271352155200	-2.4711769796422e+01
70.301331401000	-2.4346967038941e+01
70.331310646800	-2.3961491224872e+01
70.361289892600	-2.3554852970699e+01
70.391269138400	-2.3126579673763e+01
70.421248384200	-2.2676216049704e+01
70.451227630000	-2.2203324654109e+01
70.481206875800	-2.1707486387835e+01
70.511186121600	-2.1188300985490e+01
70.541165367400	-2.0645387486568e+01
70.571144613200	-2.0078384688747e+01
70.601123859000	-1.9486951582894e+01
70.631103104800	-1.8870767769308e+01
70.661082350600	-1.8229533854787e+01
70.691061596400	-1.7562971830085e+01
70.721040842200	-1.6870825427386e+01
70.751020088000	-1.6152860457392e+01
70.780999333800	-1.5408865125695e+01
70.810978579600	-1.4638650328082e+01
70.840957825400	-1.3842049924457e+01
70.870937071200	-1.3018920991094e+01
70.900916317000	-1.2169144050936e+01
70.930895562800	-1.1292623281703e+01
70.960874808600	-1.0389286701561e+01
70.990854054400	-9.4590863321520e+00
71.020833300200	-8.5019983388066e+00
71.050812546000	-7.5180231477563e+00
71.080791791800	-6.5071855402203e+00
71.110771037600	-5.4695347232388e+00
71.140750283400	-4.4051443771604e+00
71.170729529200	-3.3141126797084e+00
71.200708775000	-2.1965623065762e+00
71.230688020800	-1.0526404085255e+00
71.260667266600	1.1748143501952e-01
71.290646512400	1.3136072858602e+00
71.320625758200	2.5355169403534e+00
71.350605004000	3.7829660461185e+00
71.380584249800	5.0556862420320e+00
71.410563495600	6.3533853214003e+00
71.440542741400	7.6757474181755e+00
71.470521987200	9.0224332160584e+00
71.500501233000	1.0393080180309e+01
71.530480478800	1.1787302812064e+01
71.560459724600	1.3204692924933e+01
71.590438970400	1.4644819943636e+01
71.620418216200	1.6107231224405e+01
71.650397462000	1.7591452396868e+01
71.680376707800	1.9096987727096e+01
71.710355953600	2.0623320501495e+01
71.740335199400	2.2169913431173e+01
71.770314445200	2.3736209076425e+01
71.800293691000	2.5321630290938e+01
71.830272936800	2.6925580685296e+01
71.860252182600	2.8547445109364e+01
71.890231428400	3.0186590153103e+01
71.920210674200	3.1842364665327e+01
71.950189920000	3.3514100289941e+01
71.980169165800	3.5201112019142e+01
72.010148411600	3.6902698763060e+01
72.040127657400	3.8618143935309e+01
72.070106903200	4.0346716053888e+01
72.100086149000	4.2087669356871e+01
72.130065394800	4.3840244432292e+01
72.160044640600	4.5603668861629e+01
72.190023886400	4.7377157876290e+01
72.220003132200	4.9159915026450e+01
72.249982378000	5.0951132861621e+01
72.279961623800	5.2749993622302e+01
72.309940869600	5.4555669942041e+01
72.339920115400	5.6367325559246e+01
72.369899361200	5.8184116038055e+01
72.399878607000	6.0005189497585e+01
72.429857852800	6.1829687348854e+01
72.459837098600	6.3656745038660e+01
72.489816344400	6.5485492799725e+01
72.519795590200	6.7315056406363e+01
72.549774836000	6.9144557934947e+01
72.579754081800	7.0973116528453e+01
72.609733327600	7.2799849164340e+01
72.639712573400	7.4623871425014e+01
72.669691819200	7.6444298270152e+01
72.699671065000	7.8260244810126e+01
72.729650310800	8.0070827079785e+01
72.759629556600	8.1875162811843e+01
72.789608802400	8.3672372209135e+01
72.819588048200	8.5461578714977e+01
72.849567294000	8.7241909780901e+01
72.879546539800	8.9012497631009e+01
72.909525785600	9.0772480022209e+01
72.939505031400	9.2521000999595e+01
72.969484277200	9.4257211646239e+01
72.999463523000	9.5980270826667e+01
73.029442768800	9.7689345923289e+01
73.059422014600	9.9383613565082e+01
73.089401260400	1.0106226034780e+02
73.119380506200	1.0272448354501e+02
73.149359752000	1.0436949180932e+02
73.179338997800	1.0599650586296e+02
73.209318243600	1.0760475917728e+02
73.239297489400	1.0919349864026e+02
73.269276735200	1.1076198521155e+02
73.299255981000	1.1230949456431e+02
73.329235226800	1.1383531771329e+02
73.359214472600	1.1533876162847e+02
73.389193718400	1.1681914983368e+02
73.419172964200	1.1827582298966e+02
73.449152210000	1.1970813946093e+02
73.479131455800	1.2111547586591e+02
73.509110701600	1.2249722760987e+02
73.539089947400	1.2385280939994e+02
73.569069193200	1.2518165574201e+02
73.599048439000	1.2648322141869e+02
73.629027684800	1.2775698194814e+02
73.659006930600	1.2900243402309e+02
73.688986176400	1.3021909592985e+02
73.718965422200	1.3140650794666e+02
73.748944668000	1.3256423272115e+02
73.778923913800	1.3369185562652e+02
73.808903159600	1.3478898509597e+02
73.838882405400	1.3585525293520e+02
73.868861651200	1.3689031461260e+02
73.898840897000	1.3789384952680e+02
73.928820142800	1.3886556125139e+02
73.958799388600	1.3980517775658e+02
73.988778634400	1.4071245160740e+02
74.018757880200	1.4158716013852e+02
74.048737126000	1.4242910560530e+02
74.078716371800	1.4323811531095e+02
74.108695617600	1.4401404170977e+02
74.138674863400	1.4475676248627e+02
74.168654109200	1.4546618061012e+02
74.198633355000	1.4614222436684e+02
74.228612600800	1.4678484736427e+02
74.258591846600	1.4739402851470e+02
74.288571092400	1.4796977199278e+02
74.318550338200	1.4851210716918e+02
74.348529584000	1.4902108852005e+02
74.378508829800	1.4949679551243e+02
74.408488075600	1.4993933246562e+02
74.438467321400	1.5034882838878e+02
74.468446567200	1.5072543679471e+02
74.498425813000	1.5106933549024e+02
74.528405058800	1.5138072634316e+02
74.558384304600	1.5165983502615e+02
74.588363550400	1.5190691073780e+02
74.618342796200	1.5212222590106e+02
74.648322042000	1.5230607583939e+02
74.678301287800	1.5245877843090e+02
74.708280533600	1.5258067374087e+02
74.738259779400	1.5267212363297e+02
74.768239025200	1.5273351135951e+02
74.798218271000	1.5276524113126e+02
74.828197516800	1.5276773766702e+02
74.858176762600	1.5274144572367e+02
74.888156008400	1.5268682960692e+02
74.918135254200	1.5260437266333e+02
74.948114500000	1.5249457675409e+02
74.978093745800	1.5235796171110e+02
75.008072991600	1.5219506477577e+02
75.038052237400	1.5200644002128e+02
75.068031483200	1.5179265775860e+02
75.098010729000	1.5155430392716e+02
75.127989974800	1.5129197947046e+02
75.157969220600	1.5100629969745e+02
75.187948466400	1.5069789363021e+02
75.217927712200	1.5036740333861e+02
75.247906958000	1.5001548326249e+02
75.277886203800	1.4964279952220e+02
75.307865449600	1.4925002921805e+02
75.337844695400	1.4883785971939e+02
75.367823941200	1.4840698794402e+02
75.397803187000	1.4795811962860e+02
75.427782432800	1.4749196859089e+02
75.457761678600	1.4700925598438e+02
75.487740924400	1.4651070954617e+02
75.517720170200	1.4599706283883e+02
75.547699416000	1.4546905448681e+02
75.577678661800	1.4492742740850e+02
75.607657907600	1.4437292804433e+02
75.637637153400	1.4380630558184e+02
75.667616399200	1.4322831117860e+02
75.697595645000	1.4263969718344e+02
75.727574890800	1.4204121635706e+02
75.757554136600	1.4143362109263e+02
75.787533382400	1.4081766263714e+02
75.817512628200	1.4019409031443e+02
75.847491874000	1.3956365075037e+02
75.877471119800	1.3892708710133e+02
75.907450365600	1.3828513828636e+02
75.937429611400	1.3763853822406e+02
75.967408857200	1.3698801507485e+02
75.997388103000	1.3633429048929e+02
76.027367348800	1.3567807886332e+02
76.057346594600	1.3502008660113e+02
76.087325840400	1.3436101138632e+02
76.117305086200	1.3370154146220e+02
76.147284332000	1.3304235492178e+02
76.177263577800	1.3238411900833e+02
76.207242823600	1.3172748942709e+02
76.237222069400	1.3107310966888e+02
76.267201315200	1.3042161034624e+02
76.297180561000	1.2977360854274e+02
76.327159806800	1.2912970717625e+02
76.357139052600	1.2849049437662e+02
76.387118298400	1.2785654287854e+02
76.417097544200	1.2722840943009e+02
76.447076790000	1.2660663421763e+02
76.477056035800	1.2599174030762e+02
76.507035281600	1.2538423310585e+02
76.537014527400	1.2478459983474e+02
76.566993773200	1.2419330902917e+02
76.596973019000	1.2361081005127e+02
76.626952264800	1.2303753262492e+02
76.656931510600	1.2247388639007e+02
76.686910756400	1.2192026047770e+02
76.716890002200	1.2137702310557e+02
76.746869248000	1.2084452119530e+02
76.776848493800	1.2032308001122e+02
76.806827739600	1.1981300282122e+02
76.836806985400	1.1931457058010e+02
76.866786231200	1.1882804163561e+02
76.896765477000	1.1835365145759e+02
76.926744722800	1.1789161239048e+02
76.956723968600	1.1744211342944e+02
76.986703214400	1.1700532002023e+02
77.016682460200	1.1658137388330e+02
77.046661706000	1.1617039286203e+02
77.076640951800	1.1577247079542e+02
77.106620197600	1.1538767741537e+02
77.136599443400	1.1501605826867e+02
77.166578689200	1.1465763466369e+02
77.196557935000	1.1431240364205e+02
77.226537180800	1.1398033797508e+02
77.256516426600	1.1366138618532e+02
77.286495672400	1.1335547259286e+02
77.316474918200	1.1306249738665e+02
77.346454164000	1.1278233672063e+02
77.376433409800	1.1251484283466e+02
77.406412655600	1.1225984420014e+02
77.436391901400	1.1201714569014e+02
77.466371147200	1.1178652877404e+02
77.496350393000	1.1156775173634e+02
77.526329638800	1.1136054991954e+02
77.556308884600	1.1116463599086e+02
77.586288130400	1.1097970023255e+02
77.616267376200	1.1080541085552e+02
77.646246622000	1.1064141433603e+02
77.676225867800	1.1048733577508e+02
77.706205113600	1.1034277928021e+02
77.736184359400	1.1020732836934e+02
77.766163605200	1.1008054639630e+02
77.796142851000	1.0996197699755e+02
77.826122096800	1.0985114455986e+02
77.856101342600	1.0974755470829e+02
77.886080588400	1.0965069481418e+02
77.916059834200	1.0956003452257e+02
77.946039080000	1.0947502629864e+02
77.976018325800	1.0939510599254e+02
78.005997571600	1.0931969342214e+02
78.035976817400	1.0924819297318e+02
78.065956063200	1.0917999421618e+02
78.095935309000	1.0911447253952e+02
78.125914554800	1.0905098979813e+02
78.155893800600	1.0898889497721e+02
78.185873046400	1.0892752487014e+02
78.215852292200	1.0886620477026e+02
78.245831538000	1.0880424917548e+02
78.275810783800	1.0874096250541e+02
78.305790029600	1.0867563982996e+02
78.335769275400	1.0860756760909e+02
78.365748521200	1.0853602444261e+02
78.395727767000	1.0846028182961e+02
78.425707012800	1.0837960493662e+02
78.455686258600	1.0829325337384e+02
78.485665504400	1.0820048197862e+02
78.515644750200	1.0810054160547e+02
78.545623996000	1.0799267992185e+02
78.575603241800	1.0787614220895e+02
78.605582487600	1.0775017216664e+02
78.635561733400	1.0761401272190e+02
78.665540979200	1.0746690683985e+02
78.695520225000	1.0730809833665e+02
78.725499470800	1.0713683269346e+02
78.755478716600	1.0695235787064e+02
78.785457962400	1.0675392512149e+02
78.815437208200	1.0654078980455e+02
78.845416454000	1.0631221219389e+02
78.875395699800	1.0606745828645e+02
78.905374945600	1.0580580060562e+02
78.935354191400	1.0552651900044e+02
78.965333437200	1.0522890143943e+02
78.995312683000	1.0491224479840e+02
79.025291928800	1.0457585564145e+02
79.055271174600	1.0421905099431e+02
79.085250420400	1.0384115910942e+02
79.115229666200	1.0344152022177e+02
79.145208912000	1.0301948729496e+02
79.175188157800	1.0257442675668e+02
79.205167403600	1.0210571922278e+02
79.235146649400	1.0161276020935e+02
79.265125895200	1.0109496083205e+02
79.295105141000	1.0055174849195e+02
79.325084386800	9.9982567547327e+01
79.355063632600	9.9386879970546e+01
79.385042878400	9.8764165989588e+01
79.415022124200	9.8113924713431e+01
79.445001370000	9.7435674740719e+01
79.474980615800	9.6728954751101e+01
79.504959861600	9.5993324078642e+01
79.534939107400	9.5228363266729e+01
79.564918353200	9.4433674603905e+01
79.594897599000	9.3608882640105e+01
79.624876844800	9.2753634682750e+01
79.654856090600	9.1867601272209e+01
79.684835336400	9.0950476636136e+01
79.714814582200	9.0001979122213e+01
79.744793828000	8.9021851608868e+01
79.774773073800	8.8009861893523e+01
79.804752319600	8.6965803057986e+01
79.834731565400	8.5889493810598e+01
79.864710811200	8.4780778804771e+01
79.894690057000	8.3639528933590e+01
79.924669302800	8.2465641600154e+01
79.954648548600	8.1259040963378e+01
79.984627794400	8.0019678158966e+01
80.014607040200	7.8747531495336e+01
80.044586286000	7.7442606624258e+01
80.074565531800	7.6104936686012e+01
80.104544777600	7.4734582428905e+01
80.134524023400	7.3331632302980e+01
80.164503269200	7.1896202527810e+01
80.194482515000	7.0428437134270e+01
80.224461760800	6.8928507980216e+01
80.254441006600	6.7396614740022e+01
80.284420252400	6.5832984867954e+01
80.314399498200	6.4237873535372e+01
80.344378744000	6.2611563541802e+01
80.374357989800	6.0954365199920e+01
80.404337235600	5.9266616194521e+01
80.434316481400	5.7548681415582e+01
80.464295727200	5.5800952765547e+01
80.494274973000	5.4023848940971e+01
80.524254218800	5.2217815188718e+01
80.554233464600	5.0383323036894e+01
80.584212710400	4.8520870000753e+01
80.614191956200	4.6630979263824e+01
80.644171202000	4.4714199334515e+01
80.674150447800	4.2771103678515e+01
80.704129693600	4.0802290327289e+01
80.734108939400	3.8808381463030e+01
80.764088185200	3.6790022980409e+01
80.794067431000	3.4747884025538e+01
80.824046676800	3.2682656512528e+01
80.854025922600	3.0595054618093e+01
80.884005168400	2.8485814254640e+01
80.913984414200	2.6355692522331e+01
80.943963660000	2.4205467140587e+01
80.973942905800	2.2035935859579e+01
81.003922151600	1.9847915852211e+01
81.033901397400	1.7642243087156e+01
81.063880643200	1.5419771683526e+01
81.093859889000	1.3181373247744e+01
81.123839134800	1.0927936193237e+01
81.153818380600	8.6603650435649e+00
81.183797626400	6.3795797196304e+00
81.213776872200	4.0865148116136e+00
81.243756118000	1.7821188363066e+00
81.273735363800	-5.3264651947161e-01
81.303714609600	-2.8568071686837e+00
81.333693855400	-5.1893774063975e+00
81.363673101200	-7.5293607039014e+00
81.393652347000	-9.8757505138812e+00
81.423631592800	-1.2227531085912e+01
81.453610838600	-1.4583678291511e+01
81.483590084400	-1.6943160457995e+01
81.513569330200	-1.9304939210353e+01
81.543548576000	-2.1667970320376e+01
81.573527821800	-2.4031204562241e+01
81.603507067600	-2.6393588573755e+01
81.633486313400	-2.8754065722471e+01
81.663465559200	-3.1111576975861e+01
81.693444805000	-3.3465061774736e+01
81.723424050800	-3.5813458909110e+01
81.753403296600	-3.8155707395688e+01
81.783382542400	-4.0490747356150e+01
81.813361788200	-4.2817520895437e+01
81.843341034000	-4.5134972979198e+01
81.873320279800	-4.7442052309587e+01
81.903299525600	-4.9737712198607e+01
81.933278771400	-5.2020911438155e+01
81.963258017200	-5.4290615165998e+01
81.993237263000	-5.6545795726824e+01
82.023216508800	-5.8785433527614e+01
82.053195754600	-6.1008517886489e+01
82.083175000400	-6.3214047874278e+01
82.113154246200	-6.5401033147990e+01
82.143133492000	-6.7568494775434e+01
82.173112737800	-6.9715466050204e+01
82.203091983600	-7.1840993296268e+01
82.233071229400	-7.3944136661414e+01
82.263050475200	-7.6023970898801e+01
82.293029721000	-7.8079586135899e+01
82.323008966800	-8.0110088630088e+01
82.352988212600	-8.2114601510205e+01
82.382967458400	-8.4092265503358e+01
82.412946704200	-8.6042239646326e+01
82.442925950000	-8.7963701980862e+01
82.472905195800	-8.9855850232271e+01
82.502884441600	-9.1717902470616e+01
82.532863687400	-9.3549097753937e+01
82.562842933200	-9.5348696752877e+01
82.592822179000	-9.7115982356141e+01
82.622801424800	-9.8850260256212e+01
82.652780670600	-1.0055085951478e+02
82.682759916400	-1.0221713310736e+02
82.712739162200	-1.0384845844657e+02
82.742718408000	-1.0544423788365e+02
82.772697653800	-1.0700389918760e+02
82.802676899600	-1.0852689600172e+02
82.832656145400	-1.1001270827688e+02
82.862635391200	-1.1146084268130e+02
82.892614637000	-1.1287083298639e+02
82.922593882800	-1.1424224042826e+02
82.952573128600	-1.1557465404462e+02
82.982552374400	-1.1686769098676e+02
83.012531620200	-1.1812099680622e+02
83.042510866000	-1.1933424571605e+02
83.072490111800	-1.2050714082627e+02
83.102469357600	-1.2163941435338e+02
83.132448603400	-1.2273082780377e+02
83.162427849200	-1.2378117213074e+02
83.192407095000	-1.2479026786510e+02
83.222386340800	-1.2575796521921e+02
83.252365586600	-1.2668414416431e+02
83.282344832400	-1.2756871448113e+02
83.312324078200	-1.2841161578375e+02
83.342303324000	-1.2921281751662e+02
83.372282569800	-1.2997231892479e+02
83.402261815600	-1.3069014899747e+02
83.432241061400	-1.3136636638480e+02
83.462220307200	-1.3200105928803e+02
83.492199553000	-1.3259434532329e+02
83.522178798800	-1.3314637135885e+02
83.552158044600	-1.3365731332631e+02
83.582137290400	-1.3412737600571e+02
83.612116536200	-1.3455679278481e+02
83.642095782000	-1.3494582539285e+02
83.672075027800	-1.3529476360894e+02
83.702054273600	-1.3560392494546e+02
83.732033519400	-1.3587365430668e+02
83.762012765200	-1.3610432362303e+02
83.791992011000	-1.3629633146127e+02
83.821971256800	-1.3645010261099e+02
83.851950502600	-1.3656608764791e+02
83.881929748400	-1.3664476247417e+02
83.911908994200	-1.3668662783636e+02
83.941888240000	-1.3669220882144e+02
83.971867485800	-1.3666205433134e+02
84.001846731600	-1.3659673653642e+02
84.031825977400	-1.3649685030863e+02
84.061805223200	-1.3636301263465e+02
84.091784469000	-1.3619586200972e+02
84.121763714800	-1.3599605781270e+02
84.151742960600	-1.3576427966294e+02
84.181722206400	-1.3550122675961e+02
84.211701452200	-1.3520761720405e+02
84.241680698000	-1.3488418730588e+02
84.271659943800	-1.3453169087345e+02
84.301639189600	-1.3415089848932e+02
84.331618435400	-1.3374259677153e+02
84.361597681200	-1.3330758762126e+02
84.391576927000	-1.3284668745762e+02
84.421556172800	-1.3236072644043e+02
84.451535418600	-1.3185054768146e+02
84.481514664400	-1.3131700644514e+02
84.511493910200	-1.3076096933939e+02
84.541473156000	-1.3018331349728e+02
84.571452401800	-1.2958492575041e+02
84.601431647600	-1.2896670179471e+02
84.631410893400	-1.2832954534950e+02
84.661390139200	-1.2767436731058e+02
84.691369385000	-1.2700208489811e+02
84.721348630800	-1.2631362080025e+02
84.751327876600	-1.2560990231309e+02
84.781307122400	-1.2489186047802e+02
84.811286368200	-1.2416042921701e+02
84.841265614000	-1.2341654446692e+02
84.871244859800	-1.2266114331348e+02
84.901224105600	-1.2189516312576e+02
84.931203351400	-1.2111954069202e+02
84.961182597200	-1.2033521135776e+02
84.991161843000	-1.1954310816668e+02
85.021141088800	-1.1874416100541e+02
85.051120334600	-1.1793929575294e+02
85.081099580400	-1.1712943343526e+02
85.111078826200	-1.1631548938636e+02
85.141058072000	-1.1549837241605e+02
85.171037317800	-1.1467898398562e+02
85.201016563600	-1.1385821739195e+02
85.230995809400	-1.1303695696099e+02
85.260975055200	-1.1221607725120e+02
85.290954301000	-1.1139644226781e+02
85.320933546800	-1.1057890468859e+02
85.350912792600	-1.0976430510186e+02
85.380892038400	-1.0895347125746e+02
85.410871284200	-1.0814721733136e+02
85.440850530000	-1.0734634320458e+02
85.470829775800	-1.0655163375718e+02
85.500809021600	-1.0576385817783e+02
85.530788267400	-1.0498376928972e+02
85.560767513200	-1.0421210289338e+02
85.590746759000	-1.0344957712703e+02
85.620726004800	-1.0269689184507e+02
85.650705250600	-1.0195472801520e+02
85.680684496400	-1.0122374713487e+02
85.710663742200	-1.0050459066743e+02
85.740642988000	-9.9797879498638e+01
85.770622233800	-9.9104213413900e+01
85.800601479600	-9.8424170596845e+01
85.830580725400	-9.7758307149565e+01
85.860559971200	-9.7107156635044e+01
85.890539217000	-9.6471229642140e+01
85.920518462800	-9.5851013373540e+01
85.950497708600	-9.5246971257024e+01
85.980476954400	-9.4659542580419e+01
86.010456200200	-9.4089142150539e+01
86.040435446000	-9.3536159976418e+01
86.070414691800	-9.3000960977113e+01
86.100393937600	-9.2483884714335e+01
86.130373183400	-9.1985245150117e+01
86.160352429200	-9.1505330429745e+01
86.190331675000	-9.1044402690111e+01
86.220310920800	-9.0602697893654e+01
86.250290166600	-9.0180425688022e+01
86.280269412400	-8.9777769291542e+01
86.310248658200	-8.9394885404601e+01
86.340227904000	-8.9031904146966e+01
86.370207149800	-8.8688929021107e+01
86.400186395600	-8.8366036901488e+01
86.430165641400	-8.8063278049841e+01
86.460144887200	-8.7780676156351e+01
86.490124133000	-8.7518228406702e+01
86.520103378800	-8.7275905574870e+01
86.550082624600	-8.7053652141561e+01
86.580061870400	-8.6851386438132e+01
86.610041116200	-8.6669000815839e+01
86.640020362000	-8.6506361840210e+01
86.669999607800	-8.6363310510332e+01
86.699978853600	-8.6239662502803e+01
86.729958099400	-8.6135208440088e+01
86.759937345200	-8.6049714182988e+01
86.789916591000	-8.5982921146920e+01
86.819895836800	-8.5934546641648e+01
86.849875082600	-8.5904284234141e+01
86.879854328400	-8.5891804134155e+01
86.909833574200	-8.5896753602147e+01
86.939812820000	-8.5918757379090e+01
86.969792065800	-8.5957418137769e+01
86.999771311600	-8.6012316955062e+01
87.029750557400	-8.6083013804747e+01
87.059729803200	-8.6169048070323e+01
87.089709049000	-8.6269939077321e+01
87.119688294800	-8.6385186644571e+01
87.149667540600	-8.6514271653854e+01
87.179646786400	-8.6656656637382e+01
87.209626032200	-8.6811786382495e+01
87.239605278000	-8.6979088552974e+01
87.269584523800	-8.7157974326343e+01
87.299563769600	-8.7347839046530e+01
87.329543015400	-8.7548062891212e+01
87.359522261200	-8.7758011553197e+01
87.389501507000	-8.7977036935147e+01
87.419480752800	-8.8204477856963e+01
87.449459998600	-8.8439660775105e+01
87.479439244400	-8.8681900513159e+01
87.509418490200	-8.8930501002894e+01
87.539397736000	-8.9184756035100e+01
87.569376981800	-8.9443950019440e+01
87.599356227600	-8.9707358752577e+01
87.629335473400	-8.9974250193806e+01
87.659314719200	-9.0243885247427e+01
87.689293965000	-9.0515518551087e+01
87.719273210800	-9.0788399269309e+01
87.749252456600	-9.1061771891422e+01
87.779231702400	-9.1334877033116e+01
87.809210948200	-9.1606952240814e+01
87.839190194000	-9.1877232798087e+01
87.869169439800	-9.2144952533311e+01
87.899148685600	-9.2409344627761e+01
87.929127931400	-9.2669642423376e+01
87.959107177200	-9.2925080229365e+01
87.989086423000	-9.3174894126898e+01
88.019065668800	-9.3418322771068e+01
88.049044914600	-9.3654608189351e+01
88.079024160400	-9.3882996575778e+01
88.109003406200	-9.4102739080047e+01
88.138982652000	-9.4313092590796e+01
88.168961897800	-9.4513320512277e+01
88.198941143600	-9.4702693533676e+01
88.228920389400	-9.4880490390321e+01
88.258899635200	-9.5045998616045e+01
88.288878881000	-9.5198515285964e+01
88.318858126800	-9.5337347748952e+01
88.348837372600	-9.5461814349104e+01
88.378816618400	-9.5571245135474e+01
88.408795864200	-9.5664982559418e+01
88.438775110000	-9.5742382158852e+01
88.468754355800	-9.5802813228764e+01
88.498733601600	-9.5845659477338e+01
88.528712847400	-9.5870319667056e+01
88.558692093200	-9.5876208240143e+01
88.588671339000	-9.5862755927779e+01
88.618650584800	-9.5829410342471e+01
88.648629830600	-9.5775636553015e+01
88.678609076400	-9.5700917641516e+01
88.708588322200	-9.5604755241905e+01
88.738567568000	-9.5486670059457e+01
88.768546813800	-9.5346202370806e+01
88.798526059600	-9.5182912503982e+01
88.828505305400	-9.4996381298006e+01
88.858484551200	-9.4786210541622e+01
88.888463797000	-9.4552023390726e+01
88.918443042800	-9.4293464764130e+01
88.948422288600	-9.4010201717250e+01
88.978401534400	-9.3701923793400e+01
89.008380780200	-9.3368343352343e+01
89.038360026000	-9.3009195875801e+01
89.068339271800	-9.2624240249640e+01
89.098318517600	-9.2213259022464e+01
89.128297763400	-9.1776058640390e+01
89.158277009200	-9.1312469657785e+01
89.188256255000	-9.0822346923777e+01
89.218235500800	-9.0305569744373e+01
89.248214746600	-8.9762042020044e+01
89.278193992400	-8.9191692358666e+01
89.308173238200	-8.8594474163708e+01
89.338152484000	-8.7970365697615e+01
89.368131729800	-8.7319370120340e+01
89.398110975600	-8.6641515502991e+01
89.428090221400	-8.5936854816619e+01
89.458069467200	-8.5205465896161e+01
89.488048713000	-8.4447451379601e+01
89.518027958800	-8.3662938622423e+01
89.548007204600	-8.2852079587461e+01
89.577986450400	-8.2015050710271e+01
89.607965696200	-8.1152052740183e+01
89.637944942000	-8.0263310557196e+01
89.667924187800	-7.9349072964926e+01
89.697903433600	-7.8409612459823e+01
89.727882679400	-7.7445224976907e+01
89.757861925200	-7.6456229612286e+01
89.787841171000	-7.5442968322754e+01
89.817820416800	-7.4405805602774e+01
89.847799662600	-7.3345128139197e+01
89.877778908400	-7.2261344444053e+01
89.907758154200	-7.1154884465813e+01
89.937737400000	-7.0026199179514e+01
89.967716645800	-6.8875760156168e+01
89.997695891600	-6.7704059111890e+01
90.027675137400	-6.6511607437227e+01
90.057654383200	-6.5298935707134e+01
90.087633629000	-6.4066593172133e+01
90.117612874800	-6.2815147231147e+01
90.147592120600	-6.1545182886550e+01
90.177571366400	-6.0257302181989e+01
90.207550612200	-5.8952123623553e+01
90.237529858000	-5.7630281584852e+01
90.267509103800	-5.6292425696637e+01
90.297488349600	-5.4939220221549e+01
90.327467595400	-5.3571343414650e+01
90.357446841200	-5.2189486870362e+01
90.387426087000	-5.0794354856481e+01
90.417405332800	-4.9386663635935e+01
90.447384578600	-4.7967140776965e+01
90.477363824400	-4.6536524452415e+01
90.507343070200	-4.5095562728853e+01
90.537322316000	-4.3645012846208e+01
90.567301561800	-4.2185640488674e+01
90.597280807600	-4.0718219047579e+01
90.627260053400	-3.9243528876988e+01
90.657239299200	-3.7762356542763e+01
90.687218545000	-3.6275494065833e+01
90.717197790800	-3.4783738160437e+01
90.747177036600	-3.3287889468095e+01
90.777156282400	-3.1788751788069e+01
90.807135528200	-3.0287131305090e+01
90.837114774000	-2.8783835815104e+01
90.867094019800	-2.7279673949828e+01
90.897073265600	-2.5775454400870e+01
90.927052511400	-2.4271985144200e+01
90.957031757200	-2.2770072665725e+01
90.987011003000	-2.1270521188758e+01
91.016990248800	-1.9774131904134e+01
91.046969494600	-1.8281702203740e+01
91.076948740400	-1.6794024918223e+01
91.106927986200	-1.5311887559632e+01
91.136907232000	-1.3836071569739e+01
91.166886477800	-1.2367351574788e+01
91.196865723600	-1.0906494647415e+01
91.226844969400	-9.4542595764609e+00
91.256824215200	-8.0113961453979e+00
91.286803461000	-6.5786444200990e+00
91.316782706800	-5.1567340466355e+00
91.346761952600	-3.7463835598083e+00
91.376741198400	-2.3482997030907e+00
91.406720444200	-9.6317676065511e-01
91.436699690000	4.0830409785724e-01
91.466678935800	1.7654754591787e+00
91.496658181600	3.1076842942365e+00
91.526637427400	4.4342925713360e+00
91.556616673200	5.7446778541013e+00
91.586595919000	7.0382338835864e+00
91.616575164800	8.3143711439852e+00
91.646554410600	9.5725174113834e+00
91.676533656400	1.0812118285017e+01
91.706512902200	1.2032637700512e+01
91.736492148000	1.3233558424611e+01
91.766471393800	1.4414382530892e+01
91.796450639600	1.5574631856021e+01
91.826429885400	1.6713848436101e+01
91.856409131200	1.7831594922666e+01
91.886388377000	1.8927454977954e+01
91.916367622800	2.0001033649033e+01
91.946346868600	2.1051957720455e+01
91.976326114400	2.2079876045065e+01
92.006305360200	2.3084459852670e+01
92.036284606000	2.4065403036252e+01
92.066263851800	2.5022422415467e+01
92.096243097600	2.5955257977157e+01
92.126222343400	2.6863673092672e+01
92.156201589200	2.7747454711765e+01
92.186180835000	2.8606413532911e+01
92.216160080800	2.9440384149856e+01
92.246139326600	3.0249225174293e+01
92.276118572400	3.1032819334527e+01
92.306097818200	3.1791073550059e+01
92.336077064000	3.2523918982017e+01
92.366056309800	3.3231311059390e+01
92.396035555600	3.3913229481069e+01
92.426014801400	3.4569678193673e+01
92.455994047200	3.5200685345221e+01
92.485973293000	3.5806303214693e+01
92.515952538800	3.6386608117560e+01
92.545931784600	3.6941700287388e+01
92.575911030400	3.7471703733659e+01
92.605890276200	3.7976766075928e+01
92.635869522000	3.8457058354536e+01
92.665848767800	3.8912774818031e+01
92.695828013600	3.9344132687562e+01
92.725807259400	3.9751371898455e+01
92.755786505200	4.0134754819266e+01
92.785765751000	4.0494565948579e+01
92.815744996800	4.0831111589883e+01
92.845724242600	4.1144719504839e+01
92.875703488400	4.1435738545309e+01
92.905682734200	4.1704538264517e+01
92.935661980000	4.1951508507737e+01
92.965641225800	4.2177058982931e+01
92.995620471600	4.2381618811770e+01
93.025599717400	4.2565636061488e+01
93.055578963200	4.2729577258067e+01
93.085558209000	4.2873926881218e+01
93.115537454800	4.2999186841690e+01
93.145516700600	4.3105875941429e+01
93.175495946400	4.3194529317138e+01
93.205475192200	4.3265697867795e+01
93.235454438000	4.3319947666712e+01
93.265433683800	4.3357859358725e+01
93.295412929600	4.3380027543134e+01
93.325392175400	4.3387060143002e+01
93.355371421200	4.3379577761456e+01
93.385350667000	4.3358213025645e+01
93.415329912800	4.3323609919002e+01
93.445309158600	4.3276423102498e+01
93.475288404400	4.3217317225563e+01
93.505267650200	4.3146966227366e+01
93.535246896000	4.3066052629164e+01
93.565226141800	4.2975266818432e+01
93.595205387600	4.2875306325484e+01
93.625184633400	4.2766875093325e+01
93.655163879200	4.2650682741457e+01
93.685143125000	4.2527443824394e+01
93.715122370800	4.2397877085611e+01
93.745101616600	4.2262704707694e+01
93.775080862400	4.2122651559431e+01
93.805060108200	4.1978444440616e+01
93.835039354000	4.1830811325303e+01
93.865018599800	4.1680480604289e+01
93.894997845600	4.1528180327574e+01
93.924977091400	4.1374637447565e+01
93.954956337200	4.1220577063779e+01
93.984935583000	4.1066721669806e+01
94.014914828800	4.0913790403282e+01
94.044894074600	4.0762498299631e+01
94.074873320400	4.0613555550318e+01
94.104852566200	4.0467666766363e+01
94.134831812000	4.0325530247847e+01
94.164811057800	4.0187837260146e+01
94.194790303600	4.0055271317622e+01
94.224769549400	3.9928507475477e+01
94.254748795200	3.9808211630496e+01
94.284728041000	3.9695039831365e+01
94.314707286800	3.9589637599260e+01
94.344686532600	3.9492639259393e+01
94.374665778400	3.9404667284173e+01
94.404645024200	3.9326331648651e+01
94.434624270000	3.9258229198887e+01
94.464603515800	3.9200943033874e+01
94.494582761600	3.9155041901637e+01
94.524562007400	3.9121079610114e+01
94.554541253200	3.9099594453405e+01
94.584520499000	3.9091108653966e+01
94.614499744800	3.9096127821302e+01
94.644478990600	3.9115140427705e+01
94.674458236400	3.9148617301567e+01
94.704437482200	3.9197011138754e+01
94.734416728000	3.9260756032560e+01
94.764395973800	3.9340267022681e+01
94.794375219600	3.9435939663682e+01
94.824354465400	3.9548149613383e+01
94.854333711200	3.9677252241563e+01
94.884312957000	3.9823582259397e+01
94.914292202800	3.9987453369970e+01
94.944271448600	4.0169157940241e+01
94.974250694400	4.0368966694768e+01
95.004229940200	4.0587128431509e+01
95.034209186000	4.0823869759980e+01
95.064188431800	4.1079394862028e+01
95.094167677600	4.1353885275472e+01
95.124146923400	4.1647499700805e+01
95.154126169200	4.1960373831170e+01
95.184105415000	4.2292620205774e+01
95.214084660800	4.2644328086877e+01
95.244063906600	4.3015563360494e+01
95.274043152400	4.3406368460895e+01
95.304022398200	4.3816762318984e+01
95.334001644000	4.4246740334614e+01
95.363980889800	4.4696274372848e+01
95.393960135600	4.5165312784190e+01
95.423939381400	4.5653780448749e+01
95.453918627200	4.6161578844296e+01
95.483897873000	4.6688586138150e+01
95.513877118800	4.7234657302796e+01
95.543856364600	4.7799624255113e+01
95.573835610400	4.8383296019085e+01
95.603814856200	4.8985458911816e+01
95.633794102000	4.9605876752679e+01
95.663773347800	5.0244291095374e+01
95.693752593600	5.0900421482662e+01
95.723731839400	5.1573965723539e+01
95.753711085200	5.2264600192540e+01
95.783690331000	5.2971980150904e+01
95.813669576800	5.3695740089249e+01
95.843648822600	5.4435494091443e+01
95.873628068400	5.5190836219267e+01
95.903607314200	5.5961340917532e+01
95.933586560000	5.6746563439192e+01
95.963565805800	5.7546040290068e+01
95.993545051600	5.8359289692714e+01
96.023524297400	5.9185812068962e+01
96.053503543200	6.0025090540668e+01
96.083482789000	6.0876591448152e+01
96.113462034800	6.1739764885804e+01
96.143441280600	6.2614045254341e+01
96.173420526400	6.3498851829127e+01
96.203399772200	6.4393589344016e+01
96.233379018000	6.5297648590110e+01
96.263358263800	6.6210407028846e+01
96.293337509600	6.7131229418783e+01
96.323316755400	6.8059468455465e+01
96.353296001200	6.8994465423723e+01
96.383275247000	6.9935550861750e+01
96.413254492800	7.0882045236280e+01
96.443233738600	7.1833259628213e+01
96.473212984400	7.2788496427963e+01
96.503192230200	7.3747050039868e+01
96.533171476000	7.4708207594916e+01
96.563150721800	7.5671249671102e+01
96.593129967600	7.6635451020668e+01
96.623109213400	7.7600081303509e+01
96.653088459200	7.8564405826002e+01
96.683067705000	7.9527686284508e+01
96.713046950800	8.0489181512813e+01
96.743026196600	8.1448148232742e+01
96.773005442400	8.2403841807195e+01
96.802984688200	8.3355516994845e+01
96.832963934000	8.4302428705749e+01
96.862943179800	8.5243832757084e+01
96.892922425600	8.6178986628279e+01
96.922901671400	8.7107150214756e+01
96.952880917200	8.8027586579534e+01
96.982860163000	8.8939562701929e+01
97.012839408800	8.9842350222602e+01
97.042818654600	9.0735226184200e+01
97.072797900400	9.1617473766839e+01
97.102777146200	9.2488383017692e+01
97.132756392000	9.3347251573943e+01
97.162735637800	9.4193385378367e+01
97.192714883600	9.5026099386833e+01
97.222694129400	9.5844718266993e+01
97.252673375200	9.6648577087459e+01
97.282652621000	9.7437021996781e+01
97.312631866800	9.8209410891513e+01
97.342611112600	9.8965114072713e+01
97.372590358400	9.9703514890204e+01
97.402569604200	1.0042401037394e+02
97.432548850000	1.0112601185182e+02
97.462528095800	1.0180894555340e+02
97.492507341600	1.0247225319874e+02
97.522486587400	1.0311539257194e+02
97.552465833200	1.0373783807871e+02
97.582445079000	1.0433908128739e+02
97.612424324800	1.0491863145295e+02
97.642403570600	1.0547601602326e+02
97.672382816400	1.0601078112738e+02
97.702362062200	1.0652249204510e+02
97.732341308000	1.0701073365745e+02
97.762320553800	1.0747511087758e+02
97.792299799600	1.0791524906167e+02
97.822279045400	1.0833079439939e+02
97.852258291200	1.0872141428349e+02
97.882237537000	1.0908679765823e+02
97.912216782800	1.0942665534616e+02
97.942196028600	1.0974072035307e+02
97.972175274400	1.1002874815057e+02
98.002154520200	1.1029051693631e+02
98.032133766000	1.1052582787122e+02
98.062113011800	1.1073450529381e+02
98.092092257600	1.1091639691118e+02
98.122071503400	1.1107137396645e+02
98.152050749200	1.1119933138269e+02
98.182029995000	1.1130018788281e+02
98.212009240800	1.1137388608573e+02
98.241988486600	1.1142039257828e+02
98.271967732400	1.1143969796307e+02
98.301946978200	1.1143181688213e+02
98.331926224000	1.1139678801626e+02
98.361905469800	1.1133467406016e+02
98.391884715600	1.1124556167329e+02
98.421863961400	1.1112956140653e+02
98.451843207200	1.1098680760465e+02
98.481822453000	1.1081745828479e+02
98.511801698800	1.1062169499087e+02
98.541780944600	1.1039972262428e+02
98.571760190400	1.1015176925082e+02
98.601739436200	1.0987808588416e+02
98.631718682000	1.0957894624607e+02
98.661697927800	1.0925464650350e+02
98.691677173600	1.0890550498290e+02
98.721656419400	1.0853186186201e+02
98.751635665200	1.0813407883937e+02
98.781614911000	1.0771253878191e+02
98.811594156800	1.0726764535100e+02
98.841573402600	1.0679982260722e+02
98.871552648400	1.0630951459429e+02
98.901531894200	1.0579718490262e+02
98.931511140000	1.0526331621278e+02
98.961490385800	1.0470840981948e+02
98.991469631600	1.0413298513631e+02
99.021448877400	1.0353757918206e+02
99.051428123200	1.0292274604872e+02
99.081407369000	1.0228905635205e+02
99.111386614800	1.0163709666498e+02
99.141365860600	1.0096746893456e+02
99.171345106400	1.0028078988301e+02
99.201324352200	9.9577690393334e+01
99.231303598000	9.8858814880341e+01
99.261282843800	9.8124820647427e+01
99.291262089600	9.7376377229946e+01
99.321241335400	9.6614165725738e+01
99.351220581200	9.5838878113476e+01
99.381199827000	9.5051216559532e+01
99.411179072800	9.4251892714023e+01
99.441158318600	9.3441626996746e+01
99.471137564400	9.2621147873711e+01
99.501116810200	9.1791191124980e+01
99.531096056000	9.0952499104544e+01
99.561075301800	9.0105819992974e+01
99.591054547600	8.9251907043582e+01
99.621033793400	8.8391517822845e+01
99.651013039200	8.7525413445851e+01
99.680992285000	8.6654357807513e+01
99.710971530800	8.5779116810339e+01
99.740950776600	8.4900457589501e+01
99.770930022400	8.4019147735999e+01
99.800909268200	8.3135954518678e+01
99.830888514000	8.2251644105878e+01
99.860867759800	8.1366980787507e+01
99.890847005600	8.0482726198288e+01
99.920826251400	7.9599638542982e+01
99.950805497200	7.8718471824350e+01
99.980784743000	7.7839975074623e+01
100.010763988800	7.6964891591258e+01
100.040743234600	7.6093958177745e+01
100.070722480400	7.5227904390219e+01
100.100701726200	7.4367451790637e+01
100.130680972000	7.3513313207278e+01
100.160660217800	7.2666192003294e+01
100.190639463600	7.1826781354055e+01
100.220618709400	7.0995763534028e+01
100.250597955200	7.0173809213877e+01
100.280577201000	6.9361576768529e+01
100.310556446800	6.8559711596875e+01
100.340535692600	6.7768845453812e+01
100.370514938400	6.6989595795292e+01
100.400494184200	6.6222565137043e+01
100.430473430000	6.5468340427609e+01
100.460452675800	6.4727492436355e+01
100.490431921600	6.4000575157043e+01
100.520411167400	6.3288125227602e+01
100.550390413200	6.2590661366661e+01
100.580369659000	6.1908683827451e+01
100.610348904800	6.1242673869598e+01
100.640328150600	6.0593093249377e+01
100.670307396400	5.9960383728930e+01
100.700286642200	5.9344966604961e+01
100.730265888000	5.8747242257393e+01
100.760245133800	5.8167589718446e+01
100.790224379600	5.7606366262591e+01
100.820203625400	5.7063907017792e+01
100.850182871200	5.6540524598459e+01
100.880162117000	5.6036508760471e+01
100.910141362800	5.5552126078661e+01
100.940120608600	5.5087619647065e+01
100.970099854400	5.4643208802291e+01
101.000079100200	5.4219088870271e+01
101.030058346000	5.3815430936688e+01
101.060037591800	5.3432381641314e+01
101.090016837600	5.3070062996496e+01
101.119996083400	5.2728572229971e+01
101.149975329200	5.2407981652215e+01
101.179954575000	5.2108338548454e+01
101.209933820800	5.1829665095478e+01
101.239913066600	5.1571958303360e+01
101.269892312400	5.1335189982166e+01
101.299871558200	5.1119306733692e+01
101.329850804000	5.0924229968282e+01
101.359830049800	5.0749855946720e+01
101.389809295600	5.0596055847180e+01
101.419788541400	5.0462675857178e+01
101.449767787200	5.0349537290489e+01
101.479747033000	5.0256436728895e+01
101.509726278800	5.0183146188680e+01
101.539705524600	5.0129413311710e+01
101.569684770400	5.0094961580938e+01
101.599664016200	5.0079490560142e+01
101.629643262000	5.0082676157687e+01
101.659622507800	5.0104170914056e+01
101.689601753600	5.0143604312912e+01
101.719580999400	5.0200583115376e+01
101.749560245200	5.0274691717243e+01
101.779539491000	5.0365492528776e+01
101.809518736800	5.0472526376747e+01
101.839497982600	5.0595312928334e+01
101.869477228400	5.0733351136476e+01
101.899456474200	5.0886119706284e+01
101.929435720000	5.1053077582038e+01
101.959414965800	5.1233664454341e+01
101.989394211600	5.1427301286924e+01
102.019373457400	5.1633390862608e+01
102.049352703200	5.1851318347920e+01
102.079331949000	5.2080451875793e+01
102.109311194800	5.2320143145817e+01
102.139290440600	5.2569728041463e+01
102.169269686400	5.2828527263679e+01
102.199248932200	5.3095846980258e+01
102.229228178000	5.3370979490352e+01
102.259207423800	5.3653203903494e+01
102.289186669600	5.3941786832467e+01
102.319165915400	5.4235983099370e+01
102.349145161200	5.4535036454170e+01
102.379124407000	5.4838180305083e+01
102.409103652800	5.5144638460044e+01
102.439082898600	5.5453625878570e+01
102.469062144400	5.5764349433279e+01
102.499041390200	5.6076008680332e+01
102.529020636000	5.6387796638048e+01
102.558999881800	5.6698900572933e+01
102.588979127600	5.7008502792367e+01
102.618958373400	5.7315781443176e+01
102.648937619200	5.7619911315309e+01
102.678916865000	5.7920064649842e+01
102.708896110800	5.8215411950521e+01
102.738875356600	5.8505122798055e+01
102.768854602400	5.8788366666359e+01
102.798833848200	5.9064313739964e+01
102.828813094000	5.9332135731780e+01
102.858792339800	5.9591006700425e+01
102.888771585600	5.9840103866318e+01
102.918750831400	6.0078608425741e+01
102.948730077200	6.0305706362064e+01
102.978709323000	6.0520589253354e+01
103.008688568800	6.0722455075567e+01
103.038667814600	6.0910509000540e+01
103.068647060400	6.1083964187997e+01
103.098626306200	6.1242042570798e+01
103.128605552000	6.1383975632662e+01
103.158584797800	6.1509005177587e+01
103.188564043600	6.1616384090233e+01
103.218543289400	6.1705377086497e+01
103.248522535200	6.1775261453567e+01
103.278501781000	6.1825327778701e+01
103.308481026800	6.1854880666041e+01
103.338460272600	6.1863239440728e+01
103.368439518400	6.1849738839649e+01
103.398418764200	6.1813729688121e+01
103.428398010000	6.1754579561847e+01
103.458377255800	6.1671673433493e+01
103.488356501600	6.1564414303245e+01
103.518335747400	6.1432223812726e+01
103.548314993200	6.1274542841659e+01
103.578294239000	6.1090832086697e+01
103.608273484800	6.0880572621834e+01
103.638252730600	6.0643266439849e+01
103.668231976400	6.0378436974246e+01
103.698211222200	6.0085629601168e+01
103.728190468000	5.9764412120786e+01
103.758169713800	5.9414375217693e+01
103.788148959600	5.9035132899830e+01
103.818128205400	5.8626322915516e+01
103.848107451200	5.8187607148165e+01
103.878086697000	5.7718671988291e+01
103.908065942800	5.7219228682433e+01
103.938045188600	5.6689013658645e+01
103.968024434400	5.6127788828228e+01
103.998003680200	5.5535341863398e+01
104.027982926000	5.4911486450605e+01
104.057962171800	5.4256062519259e+01
104.087941417600	5.3568936445612e+01
104.117920663400	5.2850001231599e+01
104.147899909200	5.2099176658455e+01
104.177879155000	5.1316409414942e+01
104.207858400800	5.0501673200049e+01
104.237837646600	4.9654968800070e+01
104.267816892400	4.8776324139954e+01
104.297796138200	4.7865794308888e+01
104.327775384000	4.6923461560064e+01
104.357754629800	4.5949435284626e+01
104.387733875600	4.4943851959817e+01
104.417713121400	4.3906875071363e+01
104.447692367200	4.2838695010155e+01
104.477671613000	4.1739528943344e+01
104.507650858800	4.0609620659930e+01
104.537630104600	3.9449240391026e+01
104.567609350400	3.8258684604931e+01
104.597588596200	3.7038275777230e+01
104.627567842000	3.5788362136114e+01
104.657547087800	3.4509317383185e+01
104.687526333600	3.3201540389990e+01
104.717505579400	3.1865454870581e+01
104.747484825200	3.0501509030420e+01
104.777464071000	2.9110175191950e+01
104.807443316800	2.7691949397206e+01
104.837422562600	2.6247350987834e+01
104.867401808400	2.4776922162933e+01
104.897381054200	2.3281227515135e+01
104.927360300000	2.1760853545376e+01
104.957339545800	2.0216408156827e+01
104.987318791600	1.8648520128469e+01
105.017298037400	1.7057838568819e+01
105.047277283200	1.5445032350348e+01
105.077256529000	1.3810789525118e+01
105.107235774800	1.2155816722220e+01
105.137215020600	1.0480838527592e+01
105.167194266400	8.7865968468141e+00
105.197173512200	7.0738502515055e+00
105.227152758000	5.3433733099513e+00
105.257132003800	3.5959559026137e+00
105.287111249600	1.8324025231902e+00
105.317090495400	5.3531565898039e-02
105.347069741200	-1.7398254003210e+00
105.377048987000	-3.5468243699708e+00
105.407028232800	-5.3666096508276e+00
105.437007478600	-7.1983146246931e+00
105.466986724400	-9.0410625183334e+00
105.496965970200	-1.0893967183854e+01
105.526945216000	-1.2756133887749e+01
105.556924461800	-1.4626660107856e+01
105.586903707600	-1.6504636337442e+01
105.616882953400	-1.8389146895636e+01
105.646862199200	-2.0279270743409e+01
105.676841445000	-2.2174082304328e+01
105.706820690800	-2.4072652289250e+01
105.736799936600	-2.5974048524190e+01
105.766779182400	-2.7877336780516e+01
105.796758428200	-2.9781581606697e+01
105.826737674000	-3.1685847160761e+01
105.856716919800	-3.3589198042671e+01
105.886696165600	-3.5490700125799e+01
105.916675411400	-3.7389421386684e+01
105.946654657200	-3.9284432732267e+01
105.976633903000	-4.1174808823790e+01
106.006613148800	-4.3059628896565e+01
106.036592394600	-4.4937977574796e+01
106.066571640400	-4.6808945680672e+01
106.096550886200	-4.8671631036934e+01
106.126530132000	-5.0525139262131e+01
106.156509377800	-5.2368584557788e+01
106.186488623600	-5.4201090486725e+01
106.216467869400	-5.6021790741752e+01
106.246447115200	-5.7829829903996e+01
106.276426361000	-5.9624364190128e+01
106.306405606800	-6.1404562187742e+01
106.336384852600	-6.3169605578181e+01
106.366364098400	-6.4918689846093e+01
106.396343344200	-6.6651024975045e+01
106.426322590000	-6.8365836128478e+01
106.456301835800	-7.0062364315385e+01
106.486281081600	-7.1739867040016e+01
106.516260327400	-7.3397618935010e+01
106.546239573200	-7.5034912377321e+01
106.576218819000	-7.6651058086334e+01
106.606198064800	-7.8245385703599e+01
106.636177310600	-7.9817244353607e+01
106.666156556400	-8.1366003185067e+01
106.696135802200	-8.2891051892154e+01
106.726115048000	-8.4391801215226e+01
106.756094293800	-8.5867683420512e+01
106.786073539600	-8.7318152758316e+01
106.816052785400	-8.8742685899281e+01
106.846032031200	-9.0140782348304e+01
106.876011277000	-9.1511964835679e+01
106.905990522800	-9.2855779685114e+01
106.935969768600	-9.4171797158242e+01
106.965949014400	-9.5459611775318e+01
106.995928260200	-9.6718842611761e+01
107.025907506000	-9.7949133570294e+01
107.055886751800	-9.9150153628390e+01
107.085865997600	-1.0032159706080e+02
107.115845243400	-1.0146318363694e+02
107.145824489200	-1.0257465879299e+02
107.175803735000	-1.0365579377848e+02
107.205782980800	-1.0470638577729e+02
107.235762226600	-1.0572625800287e+02
107.265741472400	-1.0671525976772e+02
107.295720718200	-1.0767326652694e+02
107.325699964000	-1.0860017989589e+02
107.355679209800	-1.0949592764197e+02
107.385658455600	-1.1036046365041e+02
107.415637701400	-1.1119376786435e+02
107.445616947200	-1.1199584619895e+02
107.475596193000	-1.1276673042999e+02
107.505575438800	-1.1350647805680e+02
107.535554684600	-1.1421517213975e+02
107.565533930400	-1.1489292111254e+02
107.595513176200	-1.1553985856945e+02
107.625492422000	-1.1615614302765e+02
107.655471667800	-1.1674195766503e+02
107.685450913600	-1.1729751003364e+02
107.715430159400	-1.1782303174917e+02
107.745409405200	-1.1831877815662e+02
107.775388651000	-1.1878502797274e+02
107.805367896800	-1.1922208290537e+02
107.835347142600	-1.1963026725021e+02
107.865326388400	-1.2000992746537e+02
107.895305634200	-1.2036143172422e+02
107.925284880000	-1.2068516944686e+02
107.955264125800	-1.2098155081079e+02
107.985243371600	-1.2125100624125e+02
108.015222617400	-1.2149398588175e+02
108.045201863200	-1.2171095904531e+02
108.075181109000	-1.2190241364698e+02
108.105160354800	-1.2206885561825e+02
108.135139600600	-1.2221080830390e+02
108.165118846400	-1.2232881184184e+02
108.195098092200	-1.2242342252682e+02
108.225077338000	-1.2249521215827e+02
108.255056583800	-1.2254476737330e+02
108.285035829600	-1.2257268896535e+02
108.315015075400	-1.2257959118913e+02
108.344994321200	-1.2256610105272e+02
108.374973567000	-1.2253285759746e+02
108.404952812800	-1.2248051116633e+02
108.434932058600	-1.2240972266160e+02
108.464911304400	-1.2232116279257e+02
108.494890550200	-1.2221551131397e+02
108.524869796000	-1.2209345625605e+02
108.554849041800	-1.2195569314693e+02
108.584828287600	-1.2180292422810e+02
108.614807533400	-1.2163585766389e+02
108.644786779200	-1.2145520674557e+02
108.674766025000	-1.2126168909109e+02
108.704745270800	-1.2105602584114e+02
108.734724516600	-1.2083894085237e+02
108.764703762400	-1.2061115988858e+02
108.794683008200	-1.2037340981080e+02
108.824662254000	-1.2012641776692e+02
108.854641499800	-1.1987091038184e+02
108.884620745600	-1.1960761294890e+02
108.914599991400	-1.1933724862339e+02
108.944579237200	-1.1906053761904e+02
108.974558483000	-1.1877819640824e+02
109.004537728800	-1.1849093692682e+02
109.034516974600	-1.1819946578424e+02
109.064496220400	-1.1790448347995e+02
109.094475466200	-1.1760668362673e+02
109.124454712000	-1.1730675218185e+02
109.154433957800	-1.1700536668674e+02
109.184413203600	-1.1670319551611e+02
109.214392449400	-1.1640089713703e+02
109.244371695200	-1.1609911937907e+02
109.274350941000	-1.1579849871592e+02
109.304330186800	-1.1549965955946e+02
109.334309432600	-1.1520321356688e+02
109.364288678400	-1.1490975896162e+02
109.394267924200	-1.1461987986881e+02
109.424247170000	-1.1433414566587e+02
109.454226415800	-1.1405311034903e+02
109.484205661600	-1.1377731191627e+02
109.514184907400	-1.1350727176752e+02
109.544164153200	-1.1324349412253e+02
109.574143399000	-1.1298646545717e+02
109.604122644800	-1.1273665395868e+02
109.634101890600	-1.1249450900045e+02
109.664081136400	-1.1226046063686e+02
109.694060382200	-1.1203491911875e+02
109.724039628000	-1.1181827442995e+02
109.754018873800	-1.1161089584548e+02
109.783998119600	-1.1141313151177e+02
109.813977365400	-1.1122530804932e+02
109.843956611200	-1.1104773017845e+02
109.873935857000	-1.1088068036819e+02
109.903915102800	-1.1072441850899e+02
109.933894348600	-1.1057918160943e+02
109.963873594400	-1.1044518351731e+02
109.993852840200	-1.1032261466543e+02
110.023832086000	-1.1021164184230e+02
110.053811331800	-1.1011240798809e+02
110.083790577600	-1.1002503201598e+02
110.113769823400	-1.0994960865921e+02
110.143749069200	-1.0988620834388e+02
110.173728315000	-1.0983487708772e+02
110.203707560800	-1.0979563642505e+02
110.233686806600	-1.0976848335778e+02
110.263666052400	-1.0975339033277e+02
110.293645298200	-1.0975030524551e+02
110.323624544000	-1.0975915147006e+02
110.353603789800	-1.0977982791537e+02
110.383583035600	-1.0981220910782e+02
110.413562281400	-1.0985614530012e+02
110.443541527200	-1.0991146260618e+02
110.473520773000	-1.0997796316213e+02
110.503500018800	-1.1005542531322e+02
110.533479264600	-1.1014360382635e+02
110.563458510400	-1.1024223012828e+02
110.593437756200	-1.1035101256903e+02
110.623417002000	-1.1046963671043e+02
110.653396247800	-1.1059776563942e+02
110.683375493600	-1.1073504030593e+02
110.713354739400	-1.1088107988487e+02
110.743333985200	-1.1103548216205e+02
110.773313231000	-1.1119782394355e+02
110.803292476800	-1.1136766148814e+02
110.833271722600	-1.1154453096247e+02
110.863250968400	-1.1172794891844e+02
110.893230214200	-1.1191741279231e+02
110.923209460000	-1.1211240142522e+02
110.953188705800	-1.1231237560440e+02
110.983167951600	-1.1251677862467e+02
111.013147197400	-1.1272503686971e+02
111.043126443200	-1.1293656041239e+02
111.073105689000	-1.1315074363371e+02
111.103084934800	-1.1336696585975e+02
111.133064180600	-1.1358459201582e+02
111.163043426400	-1.1380297329743e+02
111.193022672200	-1.1402144785721e+02
111.223001918000	-1.1423934150716e+02
111.252981163800	-1.1445596843567e+02
111.282960409600	-1.1467063193833e+02
111.312939655400	-1.1488262516207e+02
111.342918901200	-1.1509123186179e+02
111.372898147000	-1.1529572716861e+02
111.402877392800	-1.1549537836925e+02
111.432856638600	-1.1568944569545e+02
111.462835884400	-1.1587718312290e+02
111.492815130200	-1.1605783917875e+02
111.522794376000	-1.1623065775690e+02
111.552773621800	-1.1639487894032e+02
111.582752867600	-1.1654973982948e+02
111.612732113400	-1.1669447537616e+02
111.642711359200	-1.1682831922176e+02
111.672690605000	-1.1695050453923e+02
111.702669850800	-1.1706026487782e+02
111.732649096600	-1.1715683500981e+02
111.762628342400	-1.1723945177832e+02
111.792607588200	-1.1730735494536e+02
111.822586834000	-1.1735978803936e+02
111.852566079800	-1.1739599920105e+02
111.882545325600	-1.1741524202724e+02
111.912524571400	-1.1741677641125e+02
111.942503817200	-1.1739986937940e+02
111.972483063000	-1.1736379592255e+02
112.002462308800	-1.1730783982201e+02
112.032441554600	-1.1723129446877e+02
112.062420800400	-1.1713346367540e+02
112.092400046200	-1.1701366247968e+02
112.122379292000	-1.1687121793914e+02
112.152358537800	-1.1670546991583e+02
112.182337783600	-1.1651577185026e+02
112.212317029400	-1.1630149152398e+02
112.242296275200	-1.1606201180985e+02
112.272275521000	-1.1579673140926e+02
112.302254766800	-1.1550506557559e+02
112.332234012600	-1.1518644682305e+02
112.362213258400	-1.1484032562030e+02
112.392192504200	-1.1446617106801e+02
112.422171750000	-1.1406347155974e+02
112.452150995800	-1.1363173542537e+02
112.482130241600	-1.1317049155648e+02
112.512109487400	-1.1267929001294e+02
112.542088733200	-1.1215770261018e+02
112.572067979000	-1.1160532348642e+02
112.602047224800	-1.1102176964923e+02
112.632026470600	-1.1040668150103e+02
112.662005716400	-1.0975972334271e+02
112.691984962200	-1.0908058385505e+02
112.721964208000	-1.0836897655722e+02
112.751943453800	-1.0762464024204e+02
112.781922699600	-1.0684733938744e+02
112.811901945400	-1.0603686454363e+02
112.841881191200	-1.0519303269565e+02
112.871860437000	-1.0431568760075e+02
112.901839682800	-1.0340470010042e+02
112.931818928600	-1.0245996840650e+02
112.961798174400	-1.0148141836120e+02
112.991777420200	-1.0046900367059e+02
113.021756666000	-9.9422706111443e+01
113.051735911800	-9.8342535710987e+01
113.081715157600	-9.7228530899494e+01
113.111694403400	-9.6080758635416e+01
113.141673649200	-9.4899314502923e+01
113.171652895000	-9.3684322781696e+01
113.201632140800	-9.2435936488843e+01
113.231611386600	-9.1154337392855e+01
113.261590632400	-8.9839735999530e+01
113.291569878200	-8.8492371509829e+01
113.321549124000	-8.7112511749652e+01
113.351528369800	-8.5700453071554e+01
113.381507615600	-8.4256520228437e+01
113.411486861400	-8.2781066219309e+01
113.441466107200	-8.1274472107181e+01
113.471445353000	-7.9737146809259e+01
113.501424598800	-7.8169526859567e+01
113.531403844600	-7.6572076144191e+01
113.561383090400	-7.4945285609348e+01
113.591362336200	-7.3289672942526e+01
113.621341582000	-7.1605782226946e+01
113.651320827800	-6.9894183569648e+01
113.681300073600	-6.8155472703507e+01
113.711279319400	-6.6390270563528e+01
113.741258565200	-6.4599222837783e+01
113.771237811000	-6.2782999493390e+01
113.801217056800	-6.0942294277945e+01
113.831196302600	-5.9077824196854e+01
113.861175548400	-5.7190328967030e+01
113.891154794200	-5.5280570447457e+01
113.921134040000	-5.3349332047109e+01
113.951113285800	-5.1397418110795e+01
113.981092531600	-4.9425653283465e+01
114.011071777400	-4.7434881853567e+01
114.041051023200	-4.5425967076057e+01
114.071030269000	-4.3399790475693e+01
114.101009514800	-4.1357251131237e+01
114.130988760600	-3.9299264941255e+01
114.160968006400	-3.7226763872167e+01
114.190947252200	-3.5140695189281e+01
114.220926498000	-3.3042020671495e+01
114.250905743800	-3.0931715810425e+01
114.280884989600	-2.8810768994705e+01
114.310864235400	-2.6680180680217e+01
114.340843481200	-2.4540962547043e+01
114.370822727000	-2.2394136643923e+01
114.400801972800	-2.0240734521042e+01
114.430781218600	-1.8081796351953e+01
114.460760464400	-1.5918370045469e+01
114.490739710200	-1.3751510348383e+01
114.520718956000	-1.1582277939845e+01
114.550698201800	-9.4117385182831e+00
114.580677447600	-7.2409618817181e+00
114.610656693400	-5.0710210023636e+00
114.640635939200	-2.9029910963913e+00
114.670615185000	-7.3794868975272e-01
114.700594430800	1.4230293190464e+00
114.730573676600	3.5788665983208e+00
114.760552922400	5.7284883238246e+00
114.790532168200	7.8708221197111e+00
114.820511414000	1.0004798998926e+01
114.850490659800	1.2129354302128e+01
114.880469905600	1.4243428634227e+01
114.910449151400	1.6345968797638e+01
114.940428397200	1.8435928721351e+01
114.970407643000	2.0512270384900e+01
115.000386888800	2.2573964736359e+01
115.030366134600	2.4619992603455e+01
115.060345380400	2.6649345596916e+01
115.090324626200	2.8661027005181e+01
115.120303872000	3.0654052679596e+01
115.150283117800	3.2627451909226e+01
115.180262363600	3.4580268284441e+01
115.210241609400	3.6511560548422e+01
115.240220855200	3.8420403435757e+01
115.270200101000	4.0305888497301e+01
115.300179346800	4.2167124910496e+01
115.330158592600	4.4003240274357e+01
115.360137838400	4.5813381388320e+01
115.390117084200	4.7596715014220e+01
115.420096330000	4.9352428620616e+01
115.450075575800	5.1079731108742e+01
115.480054821600	5.2777853519362e+01
115.510034067400	5.4446049719829e+01
115.540013313200	5.6083597070667e+01
115.569992559000	5.7689797071007e+01
115.599971804800	5.9263975982242e+01
115.629951050600	6.0805485429272e+01
115.659930296400	6.2313702978740e+01
115.689909542200	6.3788032693677e+01
115.719888788000	6.5227905664002e+01
115.749868033800	6.6632780512337e+01
115.779847279600	6.8002143874634e+01
115.809826525400	6.9335510855113e+01
115.839805771200	7.0632425455066e+01
115.869785017000	7.1892460975070e+01
115.899764262800	7.3115220390212e+01
115.929743508600	7.4300336697930e+01
115.959722754400	7.5447473238115e+01
115.989702000200	7.6556323985131e+01
116.019681246000	7.7626613811459e+01
116.049660491800	7.8658098722674e+01
116.079639737600	7.9650566063507e+01
116.109618983400	8.0603834694768e+01
116.139598229200	8.1517755140933e+01
116.169577475000	8.2392209708223e+01
116.199556720800	8.3227112573046e+01
116.229535966600	8.4022409840677e+01
116.259515212400	8.4778079574103e+01
116.289494458200	8.5494131792977e+01
116.319473704000	8.6170608442659e+01
116.349452949800	8.6807583333340e+01
116.379432195600	8.7405162049295e+01
116.409411441400	8.7963481828322e+01
116.439390687200	8.8482711411448e+01
116.469369933000	8.8963050863046e+01
116.499349178800	8.9404731361490e+01
116.529328424600	8.9808014960536e+01
116.559307670400	9.0173194321637e+01
116.589286916200	9.0500592417425e+01
116.619266162000	9.0790562206616e+01
116.649245407800	9.1043486280647e+01
116.679224653600	9.1259776482341e+01
116.709203899400	9.1439873496964e+01
116.739183145200	9.1584246416042e+01
116.769162391000	9.1693392274333e+01
116.799141636800	9.1767835560390e+01
116.829120882600	9.1808127701154e+01
116.859100128400	9.1814846521071e+01
116.889079374200	9.1788595676224e+01
116.919058620000	9.1730004064010e+01
116.949037865800	9.1639725208922e+01
116.979017111600	9.1518436624999e+01
117.008996357400	9.1366839155549e+01
117.038975603200	9.1185656290774e+01
117.068954849000	9.0975633463919e+01
117.098934094800	9.0737537326635e+01
117.128913340600	9.0472155004221e+01
117.158892586400	9.0180293331462e+01
117.188871832200	8.9862778069781e+01
117.218851078000	8.9520453106452e+01
117.248830323800	8.9154179636635e+01
117.278809569600	8.8764835329009e+01
117.308788815400	8.8353313475803e+01
117.338768061200	8.7920522128024e+01
117.368747307000	8.7467383216730e+01
117.398726552800	8.6994831661163e+01
117.428705798600	8.6503814464608e+01
117.458685044400	8.5995289798851e+01
117.488664290200	8.5470226078092e+01
117.518643536000	8.4929601023225e+01
117.548622781800	8.4374400717370e+01
117.578602027600	8.3805618653563e+01
117.608581273400	8.3224254775530e+01
117.638560519200	8.2631314512459e+01
117.668539765000	8.2027807808709e+01
117.698519010800	8.1414748149373e+01
117.728498256600	8.0793151582665e+01
117.758477502400	8.0164035740039e+01
117.788456748200	7.9528418855020e+01
117.818435994000	7.8887318781669e+01
117.848415239800	7.8241752013650e+01
117.878394485600	7.7592732704835e+01
117.908373731400	7.6941271692409e+01
117.938352977200	7.6288375523406e+01
117.968332223000	7.5635045485636e+01
117.998311468800	7.4982276643931e+01
118.028290714600	7.4331056882656e+01
118.058269960400	7.3682365955404e+01
118.088249206200	7.3037174542815e+01
118.118228452000	7.2396443319415e+01
118.148207697800	7.1761122030408e+01
118.178186943600	7.1132148579294e+01
118.208166189400	7.0510448127229e+01
118.238145435200	6.9896932204981e+01
118.268124681000	6.9292497838372e+01
118.298103926800	6.8698026688039e+01
118.328083172600	6.8114384204374e+01
118.358062418400	6.7542418798452e+01
118.388041664200	6.6982961029777e+01
118.418020910000	6.6436822811625e+01
118.448000155800	6.5904796634771e+01
118.477979401600	6.5387654810370e+01
118.507958647400	6.4886148732712e+01
118.537937893200	6.4401008162604e+01
118.567917139000	6.3932940532061e+01
118.597896384800	6.3482630271006e+01
118.627875630600	6.3050738156633e+01
118.657854876400	6.2637900686078e+01
118.687834122200	6.2244729473021e+01
118.717813368000	6.1871810668809e+01
118.747792613800	6.1519704408676e+01
118.777771859600	6.1188944283614e+01
118.807751105400	6.0880036838407e+01
118.837730351200	6.0593461096341e+01
118.867709597000	6.0329668111052e+01
118.897688842800	6.0089080545965e+01
118.927668088600	5.9872092281741e+01
118.957647334400	5.9679068052129e+01
118.987626580200	5.9510343108585e+01
119.017605826000	5.9366222913996e+01
119.047585071800	5.9246982865823e+01
119.077564317600	5.9152868048936e+01
119.107543563400	5.9084093018403e+01
119.137522809200	5.9040841612448e+01
119.167502055000	5.9023266795772e+01
119.197481300800	5.9031490533409e+01
119.227460546600	5.9065603695241e+01
119.257439792400	5.9125665991284e+01
119.287419038200	5.9211705937815e+01
119.317398284000	5.9323720854387e+01
119.347377529800	5.9461676891743e+01
119.377356775600	5.9625509090617e+01
119.407336021400	5.9815121471372e+01
119.437315267200	6.0030387154395e+01
119.467294513000	6.0271148511158e+01
119.497273758800	6.0537217345783e+01
119.527253004600	6.0828375106969e+01
119.557232250400	6.1144373130068e+01
119.587211496200	6.1484932909089e+01
119.617190742000	6.1849746398371e+01
119.647169987800	6.2238476343657e+01
119.677149233600	6.2650756642217e+01
119.707128479400	6.3086192731728e+01
119.737107725200	6.3544362007492e+01
119.767086971000	6.4024814267622e+01
119.797066216800	6.4527072185770e+01
119.827045462600	6.5050631810914e+01
119.857024708400	6.5594963093767e+01
119.887003954200	6.6159510439257e+01
119.916983200000	6.6743693284579e+01
119.946962445800	6.7346906702239e+01
119.976941691600	6.7968522027514e+01
120.006920937400	6.8607887509728e+01
120.036900183200	6.9264328986694e+01
120.066879429000	6.9937150581685e+01
120.096858674800	7.0625635422248e+01
120.126837920600	7.1329046380162e+01
120.156817166400	7.2046626831824e+01
120.186796412200	7.2777601438318e+01
120.216775658000	7.3521176944406e+01
120.246754903800	7.4276542995668e+01
120.276734149600	7.5042872972983e+01
120.306713395400	7.5819324843545e+01
120.336692641200	7.6605042027570e+01
120.366671887000	7.7399154279861e+01
120.396651132800	7.8200778585350e+01
120.426630378600	7.9009020067760e+01
120.456609624400	7.9822972910468e+01
120.486588870200	8.0641721288696e+01
120.516568116000	8.1464340312089e+01
120.546547361800	8.2289896976765e+01
120.576526607600	8.3117451125906e+01
120.606505853400	8.3946056417923e+01
120.636485099200	8.4774761301272e+01
120.666464345000	8.5602609994933e+01
120.696443590800	8.6428643473598e+01
120.726422836600	8.7251900456593e+01
120.756402082400	8.8071418399560e+01
120.786381328200	8.8886234487915e+01
120.816360574000	8.9695386631094e+01
120.846339819800	9.0497914456622e+01
120.876319065600	9.1292860302995e+01
120.906298311400	9.2079270210410e+01
120.936277557200	9.2856194908355e+01
120.966256803000	9.3622690799068e+01
120.996236048800	9.4377820935909e+01
121.026215294600	9.5120655995651e+01
121.056194540400	9.5850275243733e+01
121.086173786200	9.6565767491513e+01
121.116153032000	9.7266232044569e+01
121.146132277800	9.7950779641089e+01
121.176111523600	9.8618533379436e+01
121.206090769400	9.9268629633931e+01
121.236070015200	9.9900218957967e+01
121.266049261000	1.0051246697353e+02
121.296028506800	1.0110455524624e+02
121.326007752600	1.0167568214504e+02
121.355986998400	1.0222506368566e+02
121.385966244200	1.0275193435701e+02
121.415945490000	1.0325554792968e+02
121.445924735800	1.0373517824572e+02
121.475903981600	1.0419011998887e+02
121.505883227400	1.0461968943456e+02
121.535862473200	1.0502322517880e+02
121.565841719000	1.0540008884533e+02
121.595820964800	1.0574966577016e+02
121.625800210600	1.0607136566302e+02
121.655779456400	1.0636462324486e+02
121.685758702200	1.0662889886080e+02
121.715737948000	1.0686367906793e+02
121.745717193800	1.0706847719739e+02
121.775696439600	1.0724283389000e+02
121.805675685400	1.0738631760507e+02
121.835654931200	1.0749852510176e+02
121.865634177000	1.0757908189246e+02
121.895613422800	1.0762764266787e+02
121.925592668600	1.0764389169306e+02
121.955571914400	1.0762754317447e+02
121.985551160200	1.0757834159704e+02
122.015530406000	1.0749606203147e+02
122.045509651800	1.0738051041105e+02
122.075488897600	1.0723152377783e+02
122.105468143400	1.0704897049792e+02
122.135447389200	1.0683275044554e+02
122.165426635000	1.0658279515575e+02
122.195405880800	1.0629906794556e+02
122.225385126600	1.0598156400338e+02
122.255364372400	1.0563031044659e+02
122.285343618200	1.0524536634720e+02
122.315322864000	1.0482682272558e+02
122.345302109800	1.0437480251207e+02
122.375281355600	1.0388946047673e+02
122.405260601400	1.0337098312703e+02
122.435239847200	1.0281958857371e+02
122.465219093000	1.0223552636478e+02
122.495198338800	1.0161907728799e+02
122.525177584600	1.0097055314163e+02
122.555156830400	1.0029029647422e+02
122.585136076200	9.9578680292943e+01
122.615115322000	9.8836107741442e+01
122.645094567800	9.8063011746938e+01
122.675073813600	9.7259854637220e+01
122.705053059400	9.6427127727747e+01
122.735032305200	9.5565350879265e+01
122.765011551000	9.4675072026336e+01
122.794990796800	9.3756866677236e+01
122.824970042600	9.2811337385663e+01
122.854949288400	9.1839113194756e+01
122.884928534200	9.0840849053953e+01
122.914907780000	8.9817225209221e+01
122.944887025800	8.8768946567245e+01
122.974866271600	8.7696742034165e+01
123.004845517400	8.6601363829501e+01
123.034824763200	8.5483586775897e+01
123.064804009000	8.4344207565384e+01
123.094783254800	8.3184044002839e+01
123.124762500600	8.2003934227376e+01
123.154741746400	8.0804735912408e+01
123.184720992200	7.9587325445149e+01
123.214700238000	7.8352597086340e+01
123.244679483800	7.7101462111016e+01
123.274658729600	7.5834847931127e+01
123.304637975400	7.4553697200870e+01
123.334617221200	7.3258966905596e+01
123.364596467000	7.1951627435162e+01
123.394575712800	7.0632661642638e+01
123.424554958600	6.9303063889276e+01
123.454534204400	6.7963839076668e+01
123.484513450200	6.6616001667027e+01
123.514492696000	6.5260574692564e+01
123.544471941800	6.3898588754896e+01
123.574451187600	6.2531081015494e+01
123.604430433400	6.1159094178127e+01
123.634409679200	5.9783675464315e+01
123.664388925000	5.8405875582790e+01
123.694368170800	5.7026747693967e+01
123.724347416600	5.5647346370450e+01
123.754326662400	5.4268726554587e+01
123.784305908200	5.2891942514101e+01
123.814285154000	5.1518046796825e+01
123.844264399800	5.0148089185570e+01
123.874243645600	4.8783115654152e+01
123.904222891400	4.7424167325619e+01
123.934202137200	4.6072279433694e+01
123.964181383000	4.4728480288474e+01
123.994160628800	4.3393790247404e+01
124.024139874600	4.2069220692538e+01
124.054119120400	4.0755773015122e+01
124.084098366200	3.9454437608488e+01
124.114077612000	3.8166192870277e+01
124.144056857800	3.6892004214974e+01
124.174036103600	3.5632823097745e+01
124.204015349400	3.4389586050554e+01
124.233994595200	3.3163213731520e+01
124.263973841000	3.1954609988470e+01
124.293953086800	3.0764660937622e+01
124.323932332600	2.9594234058334e+01
124.353911578400	2.8444177304817e+01
124.383890824200	2.7315318235723e+01
124.413870070000	2.6208463162473e+01
124.443849315800	2.5124396317196e+01
124.473828561600	2.4063879041124e+01
124.503807807400	2.3027648994250e+01
124.533787053200	2.2016419387089e+01
124.563766299000	2.1030878235284e+01
124.593745544800	2.0071687637852e+01
124.623724790600	1.9139483079798e+01
124.653704036400	1.8234872759810e+01
124.683683282200	1.7358436943740e+01
124.713662528000	1.6510727344528e+01
124.743641773800	1.5692266529230e+01
124.773621019600	1.4903547353744e+01
124.803600265400	1.4145032425855e+01
124.833579511200	1.3417153597136e+01
124.863558757000	1.2720311484272e+01
124.893538002800	1.2054875020283e+01
124.923517248600	1.1421181036158e+01
124.953496494400	1.0819533873335e+01
124.983475740200	1.0250205027452e+01
125.013454986000	9.7134328237592e+00
125.043434231800	9.2094221245634e+00
125.073413477600	8.7383440690232e+00
125.103392723400	8.3003358456027e+00
125.133371969200	7.8955004974494e+00
125.163351215000	7.5239067609322e+00
125.193330460800	7.1855889375445e+00
125.223309706600	6.8805467993439e+00
125.253288952400	6.6087455280686e+00
125.283268198200	6.3701156880356e+00
125.313247444000	6.1645532328970e+00
125.343226689800	5.9919195462931e+00
125.373205935600	5.8520415164120e+00
125.403185181400	5.7447116444290e+00
125.433164427200	5.6696881867699e+00
125.463143673000	5.6266953311045e+00
125.493122918800	5.6154234059477e+00
125.523102164600	5.6355291237116e+00
125.553081410400	5.6866358570171e+00
125.583060656200	5.7683339480441e+00
125.613039902000	5.8801810506647e+00
125.643019147800	6.0217025050725e+00
125.672998393600	6.1923917445891e+00
125.702977639400	6.3917107342962e+00
125.732956885200	6.6190904411129e+00
125.762936131000	6.8739313349026e+00
125.792915376800	7.1556039201676e+00
125.822894622600	7.4634492978560e+00
125.852873868400	7.7967797567771e+00
125.882853114200	8.1548793940928e+00
125.912832360000	8.5370047643205e+00
125.942811605800	8.9423855562589e+00
125.972790851600	9.3702252972168e+00
126.002770097400	9.8197020838994e+00
126.032749343200	1.0289969339280e+01
126.062728589000	1.0780156594755e+01
126.092707834800	1.1289370296869e+01
126.122687080600	1.1816694637840e+01
126.152666326400	1.2361192409141e+01
126.182645572200	1.2921905877313e+01
126.212624818000	1.3497857681211e+01
126.242604063800	1.4088051749833e+01
126.272583309600	1.4691474239875e+01
126.302562555400	1.5307094492128e+01
126.332541801200	1.5933866005816e+01
126.362521047000	1.6570727429955e+01
126.392500292800	1.7216603570802e+01
126.422479538600	1.7870406414431e+01
126.452458784400	1.8531036163476e+01
126.482438030200	1.9197382287047e+01
126.512417276000	1.9868324582832e+01
126.542396521800	2.0542734250357e+01
126.572375767600	2.1219474974409e+01
126.602355013400	2.1897404017550e+01
126.632334259200	2.2575373320710e+01
126.662313505000	2.3252230610793e+01
126.692292750800	2.3926820514230e+01
126.722271996600	2.4597985675416e+01
126.752251242400	2.5264567878964e+01
126.782230488200	2.5925409174677e+01
126.812209734000	2.6579353004178e+01
126.842188979800	2.7225245328092e+01
126.872168225600	2.7861935752710e+01
126.902147471400	2.8488278655025e+01
126.932126717200	2.9103134305078e+01
126.962105963000	2.9705369984504e+01
126.992085208800	3.0293861100206e+01
127.022064454600	3.0867492292073e+01
127.052043700400	3.1425158533666e+01
127.082022946200	3.1965766224797e+01
127.112002192000	3.2488234274947e+01
127.141981437800	3.2991495176456e+01
127.171960683600	3.3474496066436e+01
127.201939929400	3.3936199776388e+01
127.231919175200	3.4375585868464e+01
127.261898421000	3.4791651657389e+01
127.291877666800	3.5183413217022e+01
127.321856912600	3.5549906370571e+01
127.351836158400	3.5890187663487e+01
127.381815404200	3.6203335318087e+01
127.411794650000	3.6488450168944e+01
127.441773895800	3.6744656578139e+01
127.471753141600	3.6971103329462e+01
127.501732387400	3.7166964500668e+01
127.531711633200	3.7331440312934e+01
127.561690879000	3.7463757956658e+01
127.591670124800	3.7563172392785e+01
127.621649370600	3.7628967128863e+01
127.651628616400	3.7660454969034e+01
127.681607862200	3.7656978737228e+01
127.711587108000	3.7617911972817e+01
127.741566353800	3.7542659598031e+01
127.771545599600	3.7430658556465e+01
127.801524845400	3.7281378422019e+01
127.831504091200	3.7094321977660e+01
127.861483337000	3.6869025763409e+01
127.891462582800	3.6605060592983e+01
127.921441828600	3.6302032038571e+01
127.951421074400	3.5959580883236e+01
127.981400320200	3.5577383540464e+01
128.011379566000	3.5155152440426e+01
128.041358811800	3.4692636382537e+01
128.071338057600	3.4189620853944e+01
128.101317303400	3.3645928313581e+01
128.131296549200	3.3061418441500e+01
128.161275795000	3.2435988353174e+01
128.191255040800	3.1769572778552e+01
128.221234286600	3.1062144205629e+01
128.251213532400	3.0313712988372e+01
128.281192778200	2.9524327418847e+01
128.311172024000	2.8694073763441e+01
128.341151269800	2.7823076263108e+01
128.371130515600	2.6911497097580e+01
128.401109761400	2.5959536313572e+01
128.431089007200	2.4967431716968e+01
128.461068253000	2.3935458729083e+01
128.491047498800	2.2863930207088e+01
128.521026744600	2.1753196228727e+01
128.551005990400	2.0603643841498e+01
128.580985236200	1.9415696776502e+01
128.610964482000	1.8189815127186e+01
128.640943727800	1.6926494993267e+01
128.670922973600	1.5626268090118e+01
128.700902219400	1.4289701323976e+01
128.730881465200	1.2917396333329e+01
128.760860711000	1.1509988996884e+01
128.790839956800	1.0068148908565e+01
128.820819202600	8.5925788199936e+00
128.850798448400	7.0840140509660e+00
128.880777694200	5.5432218684455e+00
128.910756940000	3.9710008346416e+00
128.940736185800	2.3681801247642e+00
128.970715431600	7.3561881507524e-01
129.000694677400	-9.2579485811091e-01
129.030673923200	-2.6151442677973e+00
129.060653169000	-4.3314851933382e+00
129.090632414800	-6.0738466444006e+00
129.120611660600	-7.8412317110928e+00
129.150590906400	-9.6326184394709e+00
129.180570152200	-1.1446960731612e+01
129.210549398000	-1.3283189269418e+01
129.240528643800	-1.5140212461283e+01
129.270507889600	-1.7016917410750e+01
129.300487135400	-1.8912170906248e+01
129.330466381200	-2.0824820430975e+01
129.360445627000	-2.2753695191993e+01
129.390424872800	-2.4697607167561e+01
129.420404118600	-2.6655352171724e+01
129.450383364400	-2.8625710935151e+01
129.480362610200	-3.0607450201217e+01
129.510341856000	-3.2599323836272e+01
129.540321101800	-3.4600073953075e+01
129.570300347600	-3.6608432046310e+01
129.600279593400	-3.8623120139117e+01
129.630258839200	-4.0642851939556e+01
129.660238085000	-4.2666334005899e+01
129.690217330800	-4.4692266919645e+01
129.720196576600	-4.6719346465153e+01
129.750175822400	-4.8746264814756e+01
129.780155068200	-5.0771711718238e+01
129.810134314000	-5.2794375695544e+01
129.840113559800	-5.4812945231568e+01
129.870092805600	-5.6826109971898e+01
129.900072051400	-5.8832561918371e+01
129.930051297200	-6.0830996623282e+01
129.960030543000	-6.2820114381120e+01
129.990009788800	-6.4798621416689e+01
130.019989034600	-6.6765231068459e+01
130.049968280400	-6.8718664966031e+01
130.079947526200	-7.0657654200575e+01
130.109926772000	-7.2580940487124e+01
130.139906017800	-7.4487277317592e+01
130.169885263600	-7.6375431103428e+01
130.199864509400	-7.8244182306783e+01
130.229843755200	-8.0092326559119e+01
130.259823001000	-8.1918675766167e+01
130.289802246800	-8.3722059198174e+01
130.319781492600	-8.5501324564386e+01
130.349760738400	-8.7255339070725e+01
130.379739984200	-8.8982990459631e+01
130.409719230000	-9.0683188031080e+01
130.439698475800	-9.2354863643766e+01
130.469677721600	-9.3996972695487e+01
130.499656967400	-9.5608495081780e+01
130.529636213200	-9.7188436131879e+01
130.559615459000	-9.8735827521065e+01
130.589594704800	-1.0024972815855e+02
130.619573950600	-1.0172922505000e+02
130.649553196400	-1.0317343413386e+02
130.679532442200	-1.0458150109069e+02
130.709511688000	-1.0595260212469e+02
130.739490933800	-1.0728594471661e+02
130.769470179600	-1.0858076834747e+02
130.799449425400	-1.0983634519210e+02
130.829428671200	-1.1105198078210e+02
130.859407917000	-1.1222701463741e+02
130.889387162800	-1.1336082086587e+02
130.919366408600	-1.1445280873020e+02
130.949345654400	-1.1550242318192e+02
130.979324900200	-1.1650914536146e+02
131.009304146000	-1.1747249306425e+02
131.039283391800	-1.1839202117204e+02
131.069262637600	-1.1926732204924e+02
131.099241883400	-1.2009802590371e+02
131.129221129200	-1.2088380111179e+02
131.159200375000	-1.2162435450707e+02
131.189179620800	-1.2231943163279e+02
131.219158866600	-1.2296881695736e+02
131.249138112400	-1.2357233405309e+02
131.279117358200	-1.2412984573764e+02
131.309096604000	-1.2464125417816e+02
131.339075849800	-1.2510650095814e+02
131.369055095600	-1.2552556710650e+02
131.399034341400	-1.2589847308939e+02
131.429013587200	-1.2622527876415e+02
131.458992833000	-1.2650608329593e+02
131.488972078800	-1.2674102503667e+02
131.518951324600	-1.2693028136676e+02
131.548930570400	-1.2707406849939e+02
131.578909816200	-1.2717264124782e+02
131.608889062000	-1.2722629275579e+02
131.638868307800	-1.2723535419116e+02
131.668847553600	-1.2720019440335e+02
131.698826799400	-1.2712121954454e+02
131.728806045200	-1.2699887265524e+02
131.758785291000	-1.2683363321449e+02
131.788764536800	-1.2662601665516e+02
131.818743782600	-1.2637657384475e+02
131.848723028400	-1.2608589053213e+02
131.878702274200	-1.2575458676097e+02
131.908681520000	-1.2538331625003e+02
131.938660765800	-1.2497276574123e+02
131.968640011600	-1.2452365431596e+02
131.998619257400	-1.2403673268027e+02
132.028598503200	-1.2351278241959e+02
132.058577749000	-1.2295261522385e+02
132.088556994800	-1.2235707208350e+02
132.118536240600	-1.2172702245731e+02
132.148515486400	-1.2106336341282e+02
132.178494732200	-1.2036701874005e+02
132.208473978000	-1.1963893803951e+02
132.238453223800	-1.1888009578525e+02
132.268432469600	-1.1809149036389e+02
132.298411715400	-1.1727414309056e+02
132.328390961200	-1.1642909720267e+02
132.358370207000	-1.1555741683246e+02
132.388349452800	-1.1466018595929e+02
132.418328698600	-1.1373850734277e+02
132.448307944400	-1.1279350143767e+02
132.478287190200	-1.1182630529160e+02
132.508266436000	-1.1083807142666e+02
132.538245681800	-1.0982996670605e+02
132.568224927600	-1.0880317118664e+02
132.598204173400	-1.0775887695885e+02
132.628183419200	-1.0669828697464e+02
132.658162665000	-1.0562261386500e+02
132.688141910800	-1.0453307874800e+02
132.718121156600	-1.0343091002838e+02
132.748100402400	-1.0231734219017e+02
132.778079648200	-1.0119361458317e+02
132.808058894000	-1.0006097020470e+02
132.838038139800	-9.8920654477632e+01
132.868017385600	-9.7773914026062e+01
132.897996631400	-9.6621995449589e+01
132.927975877200	-9.5466144097580e+01
132.957955123000	-9.4307602844499e+01
132.987934368800	-9.3147610867530e+01
133.017913614600	-9.1987402427659e+01
133.047892860400	-9.0828205655416e+01
133.077872106200	-8.9671241342438e+01
133.107851352000	-8.8517721740046e+01
133.137830597800	-8.7368849365985e+01
133.167809843600	-8.6225815820506e+01
133.197789089400	-8.5089800612930e+01
133.227768335200	-8.3961969999847e+01
133.257747581000	-8.2843475836069e+01
133.287726826800	-8.1735454439481e+01
133.317706072600	-8.0639025470876e+01
133.347685318400	-7.9555290829878e+01
133.377664564200	-7.8485333568040e+01
133.407643810000	-7.7430216820170e+01
133.437623055800	-7.6390982754934e+01
133.467602301600	-7.5368651545774e+01
133.497581547400	-7.4364220363141e+01
133.527560793200	-7.3378662389039e+01
133.557540039000	-7.2412925854843e+01
133.587519284800	-7.1467933103349e+01
133.617498530600	-7.0544579675970e+01
133.647477776400	-6.9643733425986e+01
133.677457022200	-6.8766233658714e+01
133.707436268000	-6.7912890299468e+01
133.737415513800	-6.7084483090108e+01
133.767394759600	-6.6281760814994e+01
133.797374005400	-6.5505440557112e+01
133.827353251200	-6.4756206985098e+01
133.857332497000	-6.4034711671893e+01
133.887311742800	-6.3341572445688e+01
133.917290988600	-6.2677372773826e+01
133.947270234400	-6.2042661180270e+01
133.977249480200	-6.1437950697224e+01
134.007228726000	-6.0863718351468e+01
134.037207971800	-6.0320404685913e+01
134.067187217600	-5.9808413316881e+01
134.097166463400	-5.9328110527543e+01
134.127145709200	-5.8879824897951e+01
134.157124955000	-5.8463846972027e+01
134.187104200800	-5.8080428961877e+01
134.217083446600	-5.7729784489719e+01
134.247062692400	-5.7412088367717e+01
134.277041938200	-5.7127476415950e+01
134.307021184000	-5.6876045318719e+01
134.337000429800	-5.6657852519354e+01
134.366979675600	-5.6472916153652e+01
134.396958921400	-5.6321215022035e+01
134.426938167200	-5.6202688600475e+01
134.456917413000	-5.6117237090204e+01
134.486896658800	-5.6064721506187e+01
134.516875904600	-5.6044963804296e+01
134.546855150400	-5.6057747047083e+01
134.576834396200	-5.6102815608024e+01
134.606813642000	-5.6179875414051e+01
134.636792887800	-5.6288594226168e+01
134.666772133600	-5.6428601957906e+01
134.696751379400	-5.6599491031319e+01
134.726730625200	-5.6800816770218e+01
134.756709871000	-5.7032097830271e+01
134.786689116800	-5.7292816665581e+01
134.816668362600	-5.7582420031316e+01
134.846647608400	-5.7900319521917e+01
134.876626854200	-5.8245892144397e+01
134.906606100000	-5.8618480926184e+01
134.936585345800	-5.9017395556958e+01
134.966564591600	-5.9441913063855e+01
134.996543837400	-5.9891278519431e+01
135.026523083200	-6.0364705781705e+01
135.056502329000	-6.0861378265585e+01
135.086481574800	-6.1380449744950e+01
135.116460820600	-6.1921045184629e+01
135.146440066400	-6.2482261601489e+01
135.176419312200	-6.3063168953816e+01
135.206398558000	-6.3662811058133e+01
135.236377803800	-6.4280206532606e+01
135.266357049600	-6.4914349766105e+01
135.296336295400	-6.5564211912035e+01
135.326315541200	-6.6228741905948e+01
135.356294787000	-6.6906867505997e+01
135.386274032800	-6.7597496355212e+01
135.416253278600	-6.8299517064591e+01
135.446232524400	-6.9011800315969e+01
135.476211770200	-6.9733199983600e+01
135.506191016000	-7.0462554273377e+01
135.536170261800	-7.1198686878590e+01
135.566149507600	-7.1940408151127e+01
135.596128753400	-7.2686516286959e+01
135.626107999200	-7.3435798524799e+01
135.656087245000	-7.4187032356754e+01
135.686066490800	-7.4938986749808e+01
135.716045736600	-7.5690423376970e+01
135.746024982400	-7.6440097856867e+01
135.776004228200	-7.7186761000609e+01
135.805983474000	-7.7929160064707e+01
135.835962719800	-7.8666040008825e+01
135.865941965600	-7.9396144757158e+01
135.895921211400	-8.0118218462197e+01
135.925900457200	-8.0831006769664e+01
135.955879703000	-8.1533258083386e+01
135.985858948800	-8.2223724828869e+01
136.015838194600	-8.2901164714350e+01
136.045817440400	-8.3564341988093e+01
136.075796686200	-8.4212028690711e+01
136.105775932000	-8.4843005901274e+01
136.135755177800	-8.5456064976007e+01
136.165734423600	-8.6050008778353e+01
136.195713669400	-8.6623652899196e+01
136.225692915200	-8.7175826866066e+01
136.255672161000	-8.7705375340117e+01
136.285651406800	-8.8211159299722e+01
136.315630652600	-8.8692057209515e+01
136.345609898400	-8.9146966173730e+01
136.375589144200	-8.9574803072709e+01
136.405568390000	-8.9974505681451e+01
136.435547635800	-9.0345033769108e+01
136.465526881600	-9.0685370178334e+01
136.495506127400	-9.0994521883428e+01
136.525485373200	-9.1271521026221e+01
136.555464619000	-9.1515425928685e+01
136.585443864800	-9.1725322081249e+01
136.615423110600	-9.1900323105858e+01
136.645402356400	-9.2039571692799e+01
136.675381602200	-9.2142240510377e+01
136.705360848000	-9.2207533086520e+01
136.735340093800	-9.2234684661448e+01
136.765319339600	-9.2222963010533e+01
136.795298585400	-9.2171669236542e+01
136.825277831200	-9.2080138530457e+01
136.855257077000	-9.1947740900113e+01
136.885236322800	-9.1773881865906e+01
136.915215568600	-9.1558003122886e+01
136.945194814400	-9.1299583168536e+01
136.975174060200	-9.0998137895630e+01
137.005153306000	-9.0653221149532e+01
137.035132551800	-9.0264425249388e+01
137.065111797600	-8.9831381472655e+01
137.095091043400	-8.9353760502479e+01
137.125070289200	-8.8831272837447e+01
137.155049535000	-8.8263669163282e+01
137.185028780800	-8.7650740686092e+01
137.215008026600	-8.6992319426805e+01
137.244987272400	-8.6288278476485e+01
137.274966518200	-8.5538532212234e+01
137.304945764000	-8.4743036473441e+01
137.334925009800	-8.3901788698168e+01
137.364904255600	-8.3014828019510e+01
137.394883501400	-8.2082235321801e+01
137.424862747200	-8.1104133256565e+01
137.454841993000	-8.0080686218173e+01
137.484821238800	-7.9012100279186e+01
137.514800484600	-7.7898623085416e+01
137.544779730400	-7.6740543710763e+01
137.574758976200	-7.5538192471944e+01
137.604738222000	-7.4291940703240e+01
137.634717467800	-7.3002200491470e+01
137.664696713600	-7.1669424371379e+01
137.694675959400	-7.0294104981738e+01
137.724655205200	-6.8876774682415e+01
137.754634451000	-6.7418005132786e+01
137.784613696800	-6.5918406831836e+01
137.814592942600	-6.4378628620381e+01
137.844572188400	-6.2799357145834e+01
137.874551434200	-6.1181316290028e+01
137.904530680000	-5.9525266560596e+01
137.934509925800	-5.7832004446471e+01
137.964489171600	-5.6102361738101e+01
137.994468417400	-5.4337204813002e+01
138.024447663200	-5.2537433887308e+01
138.054426909000	-5.0703982234012e+01
138.084406154800	-4.8837815368634e+01
138.114385400600	-4.6939930203059e+01
138.144364646400	-4.5011354168341e+01
138.174343892200	-4.3053144307309e+01
138.204323138000	-4.1066386337794e+01
138.234302383800	-3.9052193687394e+01
138.264281629600	-3.7011706500647e+01
138.294260875400	-3.4946090619583e+01
138.324240121200	-3.2856536538592e+01
138.354219367000	-3.0744258334604e+01
138.384198612800	-2.8610492573595e+01
138.414177858600	-2.6456497194452e+01
138.444157104400	-2.4283550371260e+01
138.474136350200	-2.2092949355080e+01
138.504115596000	-1.9886009296337e+01
138.534094841800	-1.7664062048919e+01
138.564074087600	-1.5428454957144e+01
138.594053333400	-1.3180549626736e+01
138.624032579200	-1.0921720680995e+01
138.654011825000	-8.6533545033471e+00
138.683991070800	-6.3768479674650e+00
138.713970316600	-4.0936071561950e+00
138.743949562400	-1.8050460704996e+00
138.773928808200	4.8741467033761e-01
138.803908054000	2.7823491359994e+00
138.833887299800	5.0783273986605e+00
138.863866545600	7.3739168514876e+00
138.893845791400	9.6676835308466e+00
138.923825037200	1.1958193440944e+01
138.953804283000	1.4244013879627e+01
138.983783528800	1.6523714764061e+01
139.013762774600	1.8795869955014e+01
139.043742020400	2.1059058578455e+01
139.073721266200	2.3311866343209e+01
139.103700512000	2.5552886853372e+01
139.133679757800	2.7780722914234e+01
139.163659003600	2.9993987830437e+01
139.193638249400	3.2191306695115e+01
139.223617495200	3.4371317668751e+01
139.253596741000	3.6532673246537e+01
139.283575986800	3.8674041512972e+01
139.313555232600	4.0794107382512e+01
139.343534478400	4.2891573825034e+01
139.373513724200	4.4965163074943e+01
139.403492970000	4.7013617822733e+01
139.433472215800	4.9035702387844e+01
139.463451461600	5.1030203871662e+01
139.493430707400	5.2995933289545e+01
139.523409953200	5.4931726680764e+01
139.553389199000	5.6836446195266e+01
139.583368444800	5.8708981156202e+01
139.613347690600	6.0548249097179e+01
139.643326936400	6.2353196773198e+01
139.673306182200	6.4122801144316e+01
139.703285428000	6.5856070331031e+01
139.733264673800	6.7552044540467e+01
139.763243919600	6.9209796962441e+01
139.793223165400	7.0828434634521e+01
139.823202411200	7.2407099275226e+01
139.853181657000	7.3944968084532e+01
139.883160902800	7.5441254510900e+01
139.913140148600	7.6895208984050e+01
139.943119394400	7.8306119612757e+01
139.973098640200	7.9673312846974e+01
140.003077886000	8.0996154103611e+01
140.033057131800	8.2274048355342e+01
140.063036377600	8.3506440681854e+01
140.093015623400	8.4692816782964e+01
140.122994869200	8.5832703453106e+01
140.152974115000	8.6925669016677e+01
140.182953360800	8.7971323723817e+01
140.212932606600	8.8969320106199e+01
140.242911852400	8.9919353292469e+01
140.272891098200	9.0821161282993e+01
140.302870344000	9.1674525183636e+01
140.332849589800	9.2479269398293e+01
140.362828835600	9.3235261779983e+01
140.392808081400	9.3942413740326e+01
140.422787327200	9.4600680317256e+01
140.452766573000	9.5210060200894e+01
140.482745818800	9.5770595717519e+01
140.512725064600	9.6282372771629e+01
140.542704310400	9.6745520746118e+01
140.572683556200	9.7160212360631e+01
140.602662802000	9.7526663488224e+01
140.632642047800	9.7845132930460e+01
140.662621293600	9.8115922151144e+01
140.692600539400	9.8339374968916e+01
140.722579785200	9.8515877208985e+01
140.752559031000	9.8645856314304e+01
140.782538276800	9.8729780916536e+01
140.812517522600	9.8768160367209e+01
140.842496768400	9.8761544229477e+01
140.872476014200	9.8710521730951e+01
140.902455260000	9.8615721178122e+01
140.932434505800	9.8477809332891e+01
140.962413751600	9.8297490751808e+01
140.992392997400	9.8075507088618e+01
141.022372243200	9.7812636360779e+01
141.052351489000	9.7509692180625e+01
141.082330734800	9.7167522951902e+01
141.112309980600	9.6787011032437e+01
141.142289226400	9.6369071863713e+01
141.172268472200	9.5914653068188e+01
141.202247718000	9.5424733515201e+01
141.232226963800	9.4900322356349e+01
141.262206209600	9.4342458031250e+01
141.292185455400	9.3752207244643e+01
141.322164701200	9.3130663915781e+01
141.352143947000	9.2478948101132e+01
141.382123192800	9.1798204891400e+01
141.412102438600	9.1089603283934e+01
141.442081684400	9.0354335031579e+01
141.472060930200	8.9593613469091e+01
141.502040176000	8.8808672318223e+01
141.532019421800	8.8000764472630e+01
141.561998667600	8.7171160763763e+01
141.591977913400	8.6321148708919e+01
141.621957159200	8.5452031242669e+01
141.651936405000	8.4565125432865e+01
141.681915650800	8.3661761182473e+01
141.711894896600	8.2743279918466e+01
141.741874142400	8.1811033269059e+01
141.771853388200	8.0866381730538e+01
141.801832634000	7.9910693324985e+01
141.831811879800	7.8945342250190e+01
141.861791125600	7.7971707523045e+01
141.891770371400	7.6991171617746e+01
141.921749617200	7.6005119100100e+01
141.951728863000	7.5014935259286e+01
141.981708108800	7.4022004738360e+01
142.011687354600	7.3027710164864e+01
142.041666600400	7.2033430782846e+01
142.071645846200	7.1040541087624e+01
142.101625092000	7.0050409464625e+01
142.131604337800	6.9064396833616e+01
142.161583583600	6.8083855299645e+01
142.191562829400	6.7110126812008e+01
142.221542075200	6.6144541832551e+01
142.251521321000	6.5188418014595e+01
142.281500566800	6.4243058893781e+01
142.311479812600	6.3309752592116e+01
142.341459058400	6.2389770536474e+01
142.371438304200	6.1484366192819e+01
142.401417550000	6.0594773817375e+01
142.431396795800	5.9722207225977e+01
142.461376041600	5.8867858582812e+01
142.491355287400	5.8032897209720e+01
142.521334533200	5.7218468417248e+01
142.551313779000	5.6425692358590e+01
142.581293024800	5.5655662907551e+01
142.611272270600	5.4909446561628e+01
142.641251516400	5.4188081371310e+01
142.671230762200	5.3492575896630e+01
142.701210008000	5.2823908192023e+01
142.731189253800	5.2183024820481e+01
142.761168499600	5.1570839897986e+01
142.791147745400	5.0988234169175e+01
142.821126991200	5.0436054115145e+01
142.851106237000	4.9915111094301e+01
142.881085482800	4.9426180517092e+01
142.911064728600	4.8970001055468e+01
142.941043974400	4.8547273887841e+01
142.971023220200	4.8158661980328e+01
143.001002466000	4.7804789404968e+01
143.030981711800	4.7486240695637e+01
143.060960957600	4.7203560242284e+01
143.090940203400	4.6957251724121e+01
143.120919449200	4.6747777582339e+01
143.150898695000	4.6575558532892e+01
143.180877940800	4.6440973119849e+01
143.210857186600	4.6344357309780e+01
143.240836432400	4.6286004127601e+01
143.270815678200	4.6266163334252e+01
143.300794924000	4.6285041146566e+01
143.330774169800	4.6342799999624e+01
143.360753415600	4.6439558351854e+01
143.390732661400	4.6575390533103e+01
143.420711907200	4.6750326635859e+01
143.450691153000	4.6964352449755e+01
143.480670398800	4.7217409439458e+01
143.510649644600	4.7509394765995e+01
143.540628890400	4.7840161351521e+01
143.570608136200	4.8209517987508e+01
143.600587382000	4.8617229486280e+01
143.630566627800	4.9063016875772e+01
143.660545873600	4.9546557637367e+01
143.690525119400	5.0067485986603e+01
143.720504365200	5.0625393196522e+01
143.750483611000	5.1219827963360e+01
143.780462856800	5.1850296814282e+01
143.810442102600	5.2516264556764e+01
143.840421348400	5.3217154769256e+01
143.870400594200	5.3952350332645e+01
143.900379840000	5.4721194002058e+01
143.930359085800	5.5522989018470e+01
143.960338331600	5.6356999759557e+01
143.990317577400	5.7222452429188e+01
144.020296823200	5.8118535784923e+01
144.050276069000	5.9044401902835e+01
144.080255314800	5.9999166978942e+01
144.110234560600	6.0981912166506e+01
144.140213806400	6.1991684448405e+01
144.170193052200	6.3027497543764e+01
144.200172298000	6.4088332847991e+01
144.230151543800	6.5173140405328e+01
144.260130789600	6.6280839913005e+01
144.290110035400	6.7410321756038e+01
144.320089281200	6.8560448071702e+01
144.350068527000	6.9730053842656e+01
144.380047772800	7.0917948017693e+01
144.410027018600	7.2122914659042e+01
144.440006264400	7.3343714115130e+01
144.469985510200	7.4579084217693e+01
144.499964756000	7.5827741502081e+01
144.529944001800	7.7088382449601e+01
144.559923247600	7.8359684750709e+01
144.589902493400	7.9640308587832e+01
144.619881739200	8.0928897936609e+01
144.649860985000	8.2224081884282e+01
144.679840230800	8.3524475963987e+01
144.709819476600	8.4828683503655e+01
144.739798722400	8.6135296988226e+01
144.769777968200	8.7442899433876e+01
144.799757214000	8.8750065772911e+01
144.829736459800	9.0055364248020e+01
144.859715705600	9.1357357814512e+01
144.889694951400	9.2654605549218e+01
144.919674197200	9.3945664064659e+01
144.949653443000	9.5229088927142e+01
144.979632688800	9.6503436077398e+01
145.009611934600	9.7767263252384e+01
145.039591180400	9.9019131406883e+01
145.069570426200	1.0025760613350e+02
145.099549672000	1.0148125907972e+02
145.129528917800	1.0268866936056e+02
145.159508163600	1.0387842496559e+02
145.189487409400	1.0504912415879e+02
145.219466655200	1.0619937687000e+02
145.249445901000	1.0732780607652e+02
145.279425146800	1.0843304917362e+02
145.309404392600	1.0951375933247e+02
145.339383638400	1.1056860684434e+02
145.369362884200	1.1159628044959e+02
145.399342130000	1.1259548865028e+02
145.429321375800	1.1356496100500e+02
145.459300621600	1.1450344940476e+02
145.489279867400	1.1540972932857e+02
145.519259113200	1.1628260107766e+02
145.549238359000	1.1712089098685e+02
145.579217604800	1.1792345261213e+02
145.609196850600	1.1868916789320e+02
145.639176096400	1.1941694828970e+02
145.669155342200	1.2010573589022e+02
145.699134588000	1.2075450449286e+02
145.729113833800	1.2136226065619e+02
145.759093079600	1.2192804471985e+02
145.789072325400	1.2245093179342e+02
145.819051571200	1.2293003271287e+02
145.849030817000	1.2336449496346e+02
145.879010062800	1.2375350356823e+02
145.908989308600	1.2409628194121e+02
145.938968554400	1.2439209270443e+02
145.968947800200	1.2464023846798e+02
145.998927046000	1.2484006257229e+02
146.028906291800	1.2499094979187e+02
146.058885537600	1.2509232699984e+02
146.088864783400	1.2514366379255e+02
146.118844029200	1.2514447307363e+02
146.148823275000	1.2509431159691e+02
146.178802520800	1.2499278046761e+02
146.208781766600	1.2483952560130e+02
146.238761012400	1.2463423814022e+02
146.268740258200	1.2437665482631e+02
146.298719504000	1.2406655833085e+02
146.328698749800	1.2370377754008e+02
146.358677995600	1.2328818779665e+02
146.388657241400	1.2281971109662e+02
146.418636487200	1.2229831624166e+02
146.448615733000	1.2172401894643e+02
146.478594978800	1.2109688190087e+02
146.508574224600	1.2041701478738e+02
146.538553470400	1.1968457425280e+02
146.568532716200	1.1889976383514e+02
146.598511962000	1.1806283384523e+02
146.628491207800	1.1717408120319e+02
146.658470453600	1.1623384922995e+02
146.688449699400	1.1524252739400e+02
146.718428945200	1.1420055101347e+02
146.748408191000	1.1310840091390e+02
146.778387436800	1.1196660304195e+02
146.808366682600	1.1077572803536e+02
146.838345928400	1.0953639074959e+02
146.868325174200	1.0824924974156e+02
146.898304420000	1.0691500671084e+02
146.928283665800	1.0553440589904e+02
146.958262911600	1.0410823344761e+02
146.988242157400	1.0263731671500e+02
147.018221403200	1.0112252355347e+02
147.048200649000	9.9564761546460e+01
147.078179894800	9.7964977207133e+01
147.108159140600	9.6324155138782e+01
147.138138386400	9.4643317157984e+01
147.168117632200	9.2923521381244e+01
147.198096878000	9.1165861276010e+01
147.228076123800	8.9371464676944e+01
147.258055369600	8.7541492768364e+01
147.288034615400	8.5677139033820e+01
147.318013861200	8.3779628173786e+01
147.347993107000	8.1850214992490e+01
147.377972352800	7.9890183254934e+01
147.407951598600	7.7900844515180e+01
147.437930844400	7.5883536917012e+01
147.467910090200	7.3839623968107e+01
147.497889336000	7.1770493288884e+01
147.527868581800	6.9677555337215e+01
147.557847827600	6.7562242110201e+01
147.587827073400	6.5426005824270e+01
147.617806319200	6.3270317574828e+01
147.647785565000	6.1096665976762e+01
147.677764810800	5.8906555787077e+01
147.707744056600	5.6701506510991e+01
147.737723302400	5.4483050992822e+01
147.767702548200	5.2252733993002e+01
147.797681794000	5.0012110752599e+01
147.827661039800	4.7762745546704e+01
147.857640285600	4.5506210228092e+01
147.887619531400	4.3244082762527e+01
147.917598777200	4.0977945757144e+01
147.947578023000	3.8709384983312e+01
147.977557268800	3.6439987895391e+01
148.007536514600	3.4171342146823e+01
148.037515760400	3.1905034104986e+01
148.067495006200	2.9642647366223e+01
148.097474252000	2.7385761272509e+01
148.127453497800	2.5135949431163e+01
148.157432743600	2.2894778239053e+01
148.187411989400	2.0663805412703e+01
148.217391235200	1.8444578525750e+01
148.247370481000	1.6238633555137e+01
148.277349726800	1.4047493437477e+01
148.307328972600	1.1872666636973e+01
148.337308218400	9.7156457262904e+00
148.367287464200	7.5779059817582e+00
148.397266710000	5.4609039942626e+00
148.427245955800	3.3660762971903e+00
148.457225201600	1.2948380127515e+00
148.487204447400	-7.5141848199500e-01
148.517183693200	-2.7713248681149e+00
148.547162939000	-4.7635381754878e+00
148.577142184800	-6.7267420499516e+00
148.607121430600	-8.6596479956630e+00
148.637100676400	-1.0560996591459e+01
148.667079922200	-1.2429558680026e+01
148.697059168000	-1.4264136528711e+01
148.727038413800	-1.6063564960837e+01
148.757017659600	-1.7826712456405e+01
148.786996905400	-1.9552482221110e+01
148.816976151200	-2.1239813222604e+01
148.846955397000	-2.2887681192998e+01
148.876934642800	-2.4495099596600e+01
148.906913888600	-2.6061120561940e+01
148.936893134400	-2.7584835777156e+01
148.966872380200	-2.9065377347854e+01
148.996851626000	-3.0501918616581e+01
149.026830871800	-3.1893674943109e+01
149.056810117600	-3.3239904444734e+01
149.086789363400	-3.4539908695866e+01
149.116768609200	-3.5793033386197e+01
149.146747855000	-3.6998668936782e+01
149.176727100800	-3.8156251073424e+01
149.206706346600	-3.9265261356767e+01
149.236685592400	-4.0325227668572e+01
149.266664838200	-4.1335724653662e+01
149.296644084000	-4.2296374117095e+01
149.326623329800	-4.3206845376142e+01
149.356602575600	-4.4066855566714e+01
149.386581821400	-4.4876169903897e+01
149.416561067200	-4.5634601896328e+01
149.446540313000	-4.6342013514172e+01
149.476519558800	-4.6998315310503e+01
149.506498804600	-4.7603466495949e+01
149.536478050400	-4.8157474966504e+01
149.566457296200	-4.8660397284433e+01
149.596436542000	-4.9112338612283e+01
149.626415787800	-4.9513452600020e+01
149.656395033600	-4.9863941225369e+01
149.686374279400	-5.0164054587505e+01
149.716353525200	-5.0414090654232e+01
149.746332771000	-5.0614394962900e+01
149.776312016800	-5.0765360275299e+01
149.806291262600	-5.0867426186840e+01
149.836270508400	-5.0921078690386e+01
149.866249754200	-5.0926849695107e+01
149.896229000000	-5.0885316500812e+01
149.926208245800	-5.0797101228242e+01
149.956187491600	-5.0662870205832e+01
149.986166737400	-5.0483333313529e+01
150.016145983200	-5.0259243284263e+01
150.046125229000	-4.9991394963723e+01
150.076104474800	-4.9680624529142e+01
150.106083720600	-4.9327808667798e+01
150.136062966400	-4.8933863716032e+01
150.166042212200	-4.8499744759572e+01
150.196021458000	-4.8026444696015e+01
150.226000703800	-4.7514993260365e+01
150.255979949600	-4.6966456014531e+01
150.285959195400	-4.6381933301758e+01
150.315938441200	-4.5762559166969e+01
150.345917687000	-4.5109500244059e+01
150.375896932800	-4.4423954611189e+01
150.405876178600	-4.3707150615175e+01
150.435855424400	-4.2960345666085e+01
150.465834670200	-4.2184825003215e+01
150.495813916000	-4.1381900433594e+01
150.525793161800	-4.0552909044257e+01
150.555772407600	-3.9699211889487e+01
150.585751653400	-3.8822192654314e+01
150.615730899200	-3.7923256295527e+01
150.645710145000	-3.7003827661528e+01
150.675689390800	-3.6065350092328e+01
150.705668636600	-3.5109284001059e+01
150.735647882400	-3.4137105438343e+01
150.765627128200	-3.3150304640921e+01
150.795606374000	-3.2150384565918e+01
150.825585619800	-3.1138859412184e+01
150.855564865600	-3.0117253130122e+01
150.885544111400	-2.9087097921439e+01
150.915523357200	-2.8049932730284e+01
150.945502603000	-2.7007301727227e+01
150.975481848800	-2.5960752787540e+01
151.005461094600	-2.4911835965264e+01
151.035440340400	-2.3862101964532e+01
151.065419586200	-2.2813100609642e+01
151.095398832000	-2.1766379315351e+01
151.125378077800	-2.0723481558893e+01
151.155357323600	-1.9685945355184e+01
151.185336569400	-1.8655301736726e+01
151.215315815200	-1.7633073239658e+01
151.245295061000	-1.6620772397454e+01
151.275274306800	-1.5619900243724e+01
151.305253552600	-1.4631944825579e+01
151.335232798400	-1.3658379729017e+01
151.365212044200	-1.2700662617762e+01
151.395191290000	-1.1760233786991e+01
151.425170535800	-1.0838514733364e+01
151.455149781600	-9.9369067427506e+00
151.485129027400	-9.0567894970450e+00
151.515108273200	-8.1995197014302e+00
151.545087519000	-7.3664297334411e+00
151.575066764800	-6.5588263151525e+00
151.605046010600	-5.7779892097985e+00
151.635025256400	-5.0251699441056e+00
151.665004502200	-4.3015905575973e+00
151.694983748000	-3.6084423801047e+00
151.724962993800	-2.9468848386891e+00
151.754942239600	-2.3180442951556e+00
151.784921485400	-1.7230129153077e+00
151.814900731200	-1.1628475710626e+00
151.844879977000	-6.3856877651775e-01
151.874859222800	-1.5115965902166e-01
151.904838468600	2.9843503372364e-01
151.934817714400	7.0930988954249e-01
151.964796960200	1.0805997496931e+00
151.994776206000	1.4114805878850e+00
152.024755451800	1.7011703495269e+00
152.054734697600	1.9489297503621e+00
152.084713943400	2.1540630336888e+00
152.114693189200	2.3159186854010e+00
152.144672435000	2.4338901061280e+00
152.174651680800	2.5074162397894e+00
152.204630926600	2.5359821579263e+00
152.234610172400	2.5191195992117e+00
152.264589418200	2.4564074635847e+00
152.294568664000	2.3474722604995e+00
152.324547909800	2.1919885108217e+00
152.354527155600	1.9896791019515e+00
152.384506401400	1.7403155957967e+00
152.414485647200	1.4437184892657e+00
152.444464893000	1.0997574269956e+00
152.474444138800	7.0835136607641e-01
152.504423384600	2.6946869258080e-01
152.534402630400	-2.1687271024698e-01
152.564381876200	-7.5060544224002e-01
152.594361122000	-1.3316126150473e+00
152.624340367800	-1.9597279293654e+00
152.654319613600	-2.6347358006198e+00
152.684298859400	-3.3563715330062e+00
152.714278105200	-4.1243215417524e+00
152.744257351000	-4.9382236234186e+00
152.774236596800	-5.7976672740019e+00
152.804215842600	-6.7021940545678e+00
152.834195088400	-7.6512980040849e+00
152.864174334200	-8.6444260990899e+00
152.894153580000	-9.6809787597667e+00
152.924132825800	-1.0760310401978e+01
152.954112071600	-1.1881730034742e+01
152.984091317400	-1.3044501902599e+01
153.014070563200	-1.4247846172277e+01
153.044049809000	-1.5490939663008e+01
153.074029054800	-1.6772916619828e+01
153.104008300600	-1.8092869529114e+01
153.133987546400	-1.9449849975609e+01
153.163966792200	-2.0842869540116e+01
153.193946038000	-2.2270900737022e+01
153.223925283800	-2.3732877990756e+01
153.253904529600	-2.5227698650260e+01
153.283883775400	-2.6754224040508e+01
153.313863021200	-2.8311280550068e+01
153.343842267000	-2.9897660753684e+01
153.373821512800	-3.1512124568783e+01
153.403800758600	-3.3153400444829e+01
153.433780004400	-3.4820186584362e+01
153.463759250200	-3.6511152194569e+01
153.493738496000	-3.8224938768175e+01
153.523717741800	-3.9960161392433e+01
153.553696987600	-4.1715410084945e+01
153.583676233400	-4.3489251155036e+01
153.613655479200	-4.5280228589371e+01
153.643634725000	-4.7086865460464e+01
153.673613970800	-4.8907665356746e+01
153.703593216600	-5.0741113832776e+01
153.733572462400	-5.2585679878232e+01
153.763551708200	-5.4439817404223e+01
153.793530954000	-5.6301966745507e+01
153.823510199800	-5.8170556177153e+01
153.853489445600	-6.0044003444166e+01
153.883468691400	-6.1920717302608e+01
153.913447937200	-6.3799099070693e+01
153.943427183000	-6.5677544188374e+01
153.973406428800	-6.7554443783882e+01
154.003385674600	-6.9428186245702e+01
154.033364920400	-7.1297158798455e+01
154.063344166200	-7.3159749081138e+01
154.093323412000	-7.5014346726194e+01
154.123302657800	-7.6859344937856e+01
154.153281903600	-7.8693142068232e+01
154.183261149400	-8.0514143189584e+01
154.213240395200	-8.2320761661256e+01
154.243219641000	-8.4111420689723e+01
154.273198886800	-8.5884554880229e+01
154.303178132600	-8.7638611778477e+01
154.333157378400	-8.9372053400881e+01
154.363136624200	-9.1083357751843e+01
154.393115870000	-9.2771020326596e+01
154.423095115800	-9.4433555598094e+01
154.453074361600	-9.6069498486518e+01
154.483053607400	-9.7677405809919e+01
154.513032853200	-9.9255857714582e+01
154.543012099000	-1.0080345908369e+02
154.572991344800	-1.0231884092287e+02
154.602970590600	-1.0380066172133e+02
154.632949836400	-1.0524760878708e+02
154.662929082200	-1.0665839955510e+02
154.692908328000	-1.0803178286699e+02
154.722887573800	-1.0936654022092e+02
154.752866819600	-1.1066148699064e+02
154.782846065400	-1.1191547361223e+02
154.812825311200	-1.1312738673752e+02
154.842804557000	-1.1429615035297e+02
154.872783802800	-1.1542072686291e+02
154.902763048600	-1.1650011813598e+02
154.932742294400	-1.1753336651380e+02
154.962721540200	-1.1851955578087e+02
154.992700786000	-1.1945781209456e+02
155.022680031800	-1.2034730487447e+02
155.052659277600	-1.2118724765006e+02
155.082638523400	-1.2197689886579e+02
155.112617769200	-1.2271556264296e+02
155.142597015000	-1.2340258949738e+02
155.172576260800	-1.2403737701216e+02
155.202555506600	-1.2461937046508e+02
155.232534752400	-1.2514806340954e+02
155.262513998200	-1.2562299820889e+02
155.292493244000	-1.2604376652327e+02
155.322472489800	-1.2641000974855e+02
155.352451735600	-1.2672141940697e+02
155.382430981400	-1.2697773748891e+02
155.412410227200	-1.2717875674557e+02
155.442389473000	-1.2732432093203e+02
155.472368718800	-1.2741432500068e+02
155.502347964600	-1.2744871524451e+02
155.532327210400	-1.2742748939027e+02
155.562306456200	-1.2735069664126e+02
155.592285702000	-1.2721843766974e+02
155.622264947800	-1.2703086455883e+02
155.652244193600	-1.2678818069400e+02
155.682223439400	-1.2649064060416e+02
155.712202685200	-1.2613854975252e+02
155.742181931000	-1.2573226427723e+02
155.772161176800	-1.2527219068223e+02
155.802140422600	-1.2475878547837e+02
155.832119668400	-1.2419255477525e+02
155.862098914200	-1.2357405382403e+02
155.892078160000	-1.2290388651163e+02
155.922057405800	-1.2218270480689e+02
155.952036651600	-1.2141120815899e+02
155.982015897400	-1.2059014284886e+02
156.011995143200	-1.1972030129404e+02
156.041974389000	-1.1880252130768e+02
156.071953634800	-1.1783768531241e+02
156.101932880600	-1.1682671950972e+02
156.131912126400	-1.1577059300562e+02
156.161891372200	-1.1467031689356e+02
156.191870618000	-1.1352694329521e+02
156.221849863800	-1.1234156436021e+02
156.251829109600	-1.1111531122574e+02
156.281808355400	-1.0984935293690e+02
156.311787601200	-1.0854489532891e+02
156.341766847000	-1.0720317987226e+02
156.371746092800	-1.0582548248176e+02
156.401725338600	-1.0441311229077e+02
156.431704584400	-1.0296741039173e+02
156.461683830200	-1.0148974854415e+02
156.491663076000	-9.9981527851288e+01
156.521642321800	-9.8444177406895e+01
156.551621567600	-9.6879152913179e+01
156.581600813400	-9.5287935271406e+01
156.611580059200	-9.3672029146454e+01
156.641559305000	-9.2032961506715e+01
156.671538550800	-9.0372280140734e+01
156.701517796600	-8.8691552152039e+01
156.731497042400	-8.6992362433589e+01
156.761476288200	-8.5276312123331e+01
156.791455534000	-8.3545017042350e+01
156.821434779800	-8.1800106117133e+01
156.851414025600	-8.0043219787464e+01
156.881393271400	-7.8276008401505e+01
156.911372517200	-7.6500130599616e+01
156.941351763000	-7.4717251688492e+01
156.971331008800	-7.2929042007185e+01
157.001310254600	-7.1137175286620e+01
157.031289500400	-6.9343327004191e+01
157.061268746200	-6.7549172735053e+01
157.091247992000	-6.5756386501714e+01
157.121227237800	-6.3966639123539e+01
157.151206483600	-6.2181596567799e+01
157.181185729400	-6.0402918303852e+01
157.211164975200	-5.8632255662101e+01
157.241144221000	-5.6871250199321e+01
157.271123466800	-5.5121532071963e+01
157.301102712600	-5.3384718419049e+01
157.331081958400	-5.1662411756241e+01
157.361061204200	-4.9956198382659e+01
157.391040450000	-4.8267646802049e+01
157.421019695800	-4.6598306159829e+01
157.450998941600	-4.4949704697581e+01
157.480978187400	-4.3323348226519e+01
157.510957433200	-4.1720718621430e+01
157.540936679000	-4.0143272336611e+01
157.570915924800	-3.8592438945254e+01
157.600895170600	-3.7069619703744e+01
157.630874416400	-3.5576186142309e+01
157.660853662200	-3.4113478683413e+01
157.690832908000	-3.2682805289287e+01
157.720812153800	-3.1285440139948e+01
157.750791399600	-2.9922622343039e+01
157.780770645400	-2.8595554676772e+01
157.810749891200	-2.7305402367260e+01
157.840729137000	-2.6053291901459e+01
157.870708382800	-2.4840309876919e+01
157.900687628600	-2.3667501889520e+01
157.930666874400	-2.2535871460318e+01
157.960646120200	-2.1446379002590e+01
157.990625366000	-2.0399940830138e+01
158.020604611800	-1.9397428207865e+01
158.050583857600	-1.8439666445608e+01
158.080563103400	-1.7527434036138e+01
158.110542349200	-1.6661461838258e+01
158.140521595000	-1.5842432305807e+01
158.170500840800	-1.5070978763406e+01
158.200480086600	-1.4347684729696e+01
158.230459332400	-1.3673083288775e+01
158.260438578200	-1.3047656510521e+01
158.290417824000	-1.2471834920406e+01
158.320397069800	-1.1945997019387e+01
158.350376315600	-1.1470468854395e+01
158.380355561400	-1.1045523639899e+01
158.410334807200	-1.0671381430976e+01
158.440314053000	-1.0348208848263e+01
158.470293298800	-1.0076118855122e+01
158.500272544600	-9.8551705872902e+00
158.530251790400	-9.6853692352497e+00
158.560231036200	-9.5666659794856e+00
158.590210282000	-9.4989579787603e+00
158.620189527800	-9.4820884114744e+00
158.650168773600	-9.5158465701381e+00
158.680148019400	-9.5999680089184e+00
158.710127265200	-9.7341347441831e+00
158.740106511000	-9.9179755079037e+00
158.770085756800	-1.0151066053735e+01
158.800065002600	-1.0432929515527e+01
158.830044248400	-1.0763036817994e+01
158.860023494200	-1.1140807139177e+01
158.890002740000	-1.1565608424334e+01
158.919981985800	-1.2036757950801e+01
158.949961231600	-1.2553522943332e+01
158.979940477400	-1.3115121239388e+01
159.009919723200	-1.3720722003762e+01
159.039898969000	-1.4369446491931e+01
159.069878214800	-1.5060368861415e+01
159.099857460600	-1.5792517030432e+01
159.129836706400	-1.6564873583049e+01
159.159815952200	-1.7376376720016e+01
159.189795198000	-1.8225921254393e+01
159.219774443800	-1.9112359651065e+01
159.249753689600	-2.0034503109171e+01
159.279732935400	-2.0991122686453e+01
159.309712181200	-2.1980950464461e+01
159.339691427000	-2.3002680753543e+01
159.369670672800	-2.4054971336486e+01
159.399649918600	-2.5136444749624e+01
159.429629164400	-2.6245689600239e+01
159.459608410200	-2.7381261918982e+01
159.489587656000	-2.8541686546053e+01
159.519566901800	-2.9725458549828e+01
159.549546147600	-3.0931044676580e+01
159.579525393400	-3.2156884829917e+01
159.609504639200	-3.3401393578544e+01
159.639483885000	-3.4662961690889e+01
159.669463130800	-3.5939957695147e+01
159.699442376600	-3.7230729463243e+01
159.729421622400	-3.8533605817197e+01
159.759400868200	-3.9846898156355e+01
159.789380114000	-4.1168902103921e+01
159.819359359800	-4.2497899171204e+01
159.849338605600	-4.3832158437994e+01
159.879317851400	-4.5169938247423e+01
159.909297097200	-4.6509487913697e+01
159.939276343000	-4.7849049441040e+01
159.969255588800	-4.9186859252184e+01
159.999234834600	-5.0521149924745e+01
160.029214080400	-5.1850151933782e+01
160.059193326200	-5.3172095398866e+01
160.089172572000	-5.4485211833946e+01
160.119151817800	-5.5787735898321e+01
160.149131063600	-5.7077907147009e+01
160.179110309400	-5.8353971778796e+01
160.209089555200	-5.9614184380276e+01
160.239068801000	-6.0856809664161e+01
160.269048046800	-6.2080124200171e+01
160.299027292600	-6.3282418136799e+01
160.329006538400	-6.4461996912263e+01
160.358985784200	-6.5617182952977e+01
160.388965030000	-6.6746317357845e+01
160.418944275800	-6.7847761566748e+01
160.448923521600	-6.8919899011553e+01
160.478902767400	-6.9961136748032e+01
160.508882013200	-7.0969907067068e+01
160.538861259000	-7.1944669083552e+01
160.568840504800	-7.2883910301398e+01
160.598819750600	-7.3786148153130e+01
160.628798996400	-7.4649931512483e+01
160.658778242200	-7.5473842178547e+01
160.688757488000	-7.6256496329941e+01
160.718736733800	-7.6996545947582e+01
160.748715979600	-7.7692680204617e+01
160.778695225400	-7.8343626822125e+01
160.808674471200	-7.8948153389224e+01
160.838653717000	-7.9505068646252e+01
160.868632962800	-8.0013223729734e+01
160.898612208600	-8.0471513377862e+01
160.928591454400	-8.0878877095273e+01
160.958570700200	-8.1234300275942e+01
160.988549946000	-8.1536815283033e+01
161.018529191800	-8.1785502484614e+01
161.048508437600	-8.1979491244168e+01
161.078487683400	-8.2117960864874e+01
161.108466929200	-8.2200141486687e+01
161.138446175000	-8.2225314935283e+01
161.168425420800	-8.2192815521979e+01
161.198404666600	-8.2102030793787e+01
161.228383912400	-8.1952402232819e+01
161.258363158200	-8.1743425904279e+01
161.288342404000	-8.1474653052365e+01
161.318321649800	-8.1145690643427e+01
161.348300895600	-8.0756201855786e+01
161.378280141400	-8.0305906515666e+01
161.408259387200	-7.9794581478757e+01
161.438238633000	-7.9222060956957e+01
161.468217878800	-7.8588236789913e+01
161.498197124600	-7.7893058661024e+01
161.528176370400	-7.7136534257629e+01
161.558155616200	-7.6318729375139e+01
161.588134862000	-7.5439767964968e+01
161.618114107800	-7.4499832126111e+01
161.648093353600	-7.3499162040337e+01
161.678072599400	-7.2438055850964e+01
161.708051845200	-7.1316869485274e+01
161.738031091000	-7.0136016420669e+01
161.768010336800	-6.8895967394722e+01
161.797989582600	-6.7597250059328e+01
161.827968828400	-6.6240448579227e+01
161.857948074200	-6.4826203175217e+01
161.887927320000	-6.3355209612430e+01
161.917906565800	-6.1828218634095e+01
161.947885811600	-6.0246035341275e+01
161.977865057400	-5.8609518519106e+01
162.007844303200	-5.6919579910130e+01
162.037823549000	-5.5177183435353e+01
162.067802794800	-5.3383344363734e+01
162.097782040600	-5.1539128430822e+01
162.127761286400	-4.9645650907360e+01
162.157740532200	-4.7704075618671e+01
162.187719778000	-4.5715613915739e+01
162.217699023800	-4.3681523598910e+01
162.247678269600	-4.1603107795195e+01
162.277657515400	-3.9481713790225e+01
162.307636761200	-3.7318731815908e+01
162.337616007000	-3.5115593794942e+01
162.367595252800	-3.2873772043313e+01
162.397574498600	-3.0594777932017e+01
162.427553744400	-2.8280160509232e+01
162.457532990200	-2.5931505084239e+01
162.487512236000	-2.3550431774414e+01
162.517491481800	-2.1138594016662e+01
162.547470727600	-1.8697677044681e+01
162.577449973400	-1.6229396333509e+01
162.607429219200	-1.3735496012803e+01
162.637408465000	-1.1217747250369e+01
162.667387710800	-8.6779466074664e+00
162.697366956600	-6.1179143674493e+00
162.727346202400	-3.5394928393322e+00
162.757325448200	-9.4454463790056e-01
162.787304694000	1.6650490579964e+00
162.817283939800	4.2873902673080e+00
162.847263185600	6.9205659871114e+00
162.877242431400	9.5626499897050e+00
162.907221677200	1.2211704634740e+01
162.937200923000	1.4865782694652e+01
162.967180168800	1.7522929191632e+01
162.997159414600	2.0181183244380e+01
163.027138660400	2.2838579922836e+01
163.057117906200	2.5493152109133e+01
163.087097152000	2.8142932362933e+01
163.117076397800	3.0785954789377e+01
163.147055643600	3.3420256907811e+01
163.177034889400	3.6043881519492e+01
163.207014135200	3.8654878572447e+01
163.236993381000	4.1251307021682e+01
163.266972626800	4.3831236682919e+01
163.296951872600	4.6392750078058e+01
163.326931118400	4.8933944270562e+01
163.356910364200	5.1452932688971e+01
163.386889610000	5.3947846936749e+01
163.416868855800	5.6416838586708e+01
163.446848101600	5.8858080958228e+01
163.476827347400	6.1269770875544e+01
163.506806593200	6.3650130405348e+01
163.536785839000	6.5997408572015e+01
163.566765084800	6.8309883048737e+01
163.596744330600	7.0585861822918e+01
163.626723576400	7.2823684834150e+01
163.656702822200	7.5021725583172e+01
163.686682068000	7.7178392710197e+01
163.716661313800	7.9292131541046e+01
163.746640559600	8.1361425599530e+01
163.776619805400	8.3384798084596e+01
163.806599051200	8.5360813310728e+01
163.836578297000	8.7288078110179e+01
163.866557542800	8.9165243195621e+01
163.896536788600	9.0991004481824e+01
163.926516034400	9.2764104365054e+01
163.956495280200	9.4483332958873e+01
163.986474526000	9.6147529285091e+01
164.016453771800	9.7755582418672e+01
164.046433017600	9.9306432585395e+01
164.076412263400	1.0079907221117e+02
164.106391509200	1.0223254692191e+02
164.136370755000	1.0360595649297e+02
164.166350000800	1.0491845574706e+02
164.196329246600	1.0616925539984e+02
164.226308492400	1.0735762285219e+02
164.256287738200	1.0848288292840e+02
164.286266984000	1.0954441855939e+02
164.316246229800	1.1054167141042e+02
164.346225475600	1.1147414245232e+02
164.376204721400	1.1234139247593e+02
164.406183967200	1.1314304254893e+02
164.436163213000	1.1387877441470e+02
164.466142458800	1.1454833083263e+02
164.496121704600	1.1515151585960e+02
164.526100950400	1.1568819507215e+02
164.556080196200	1.1615829572921e+02
164.586059442000	1.1656180687493e+02
164.616038687800	1.1689877938169e+02
164.646017933600	1.1716932593297e+02
164.675997179400	1.1737362094615e+02
164.705976425200	1.1751190043514e+02
164.735955671000	1.1758446181301e+02
164.765934916800	1.1759166363459e+02
164.795914162600	1.1753392527935e+02
164.825893408400	1.1741172657472e+02
164.855872654200	1.1722560736020e+02
164.885851900000	1.1697616699245e+02
164.915831145800	1.1666406379202e+02
164.945810391600	1.1629001443199e+02
164.975789637400	1.1585479326904e+02
165.005768883200	1.1535923161767e+02
165.035748129000	1.1480421696807e+02
165.065727374800	1.1419069214839e+02
165.095706620600	1.1351965443213e+02
165.125685866400	1.1279215459147e+02
165.155665112200	1.1200929589735e+02
165.185644358000	1.1117223306726e+02
165.215623603800	1.1028217116168e+02
165.245602849600	1.0934036443011e+02
165.275582095400	1.0834811510786e+02
165.305561341200	1.0730677216467e+02
165.335540587000	1.0621773000620e+02
165.365519832800	1.0508242712979e+02
165.395499078600	1.0390234473559e+02
165.425478324400	1.0267900529444e+02
165.455457570200	1.0141397107375e+02
165.485436816000	1.0010884262286e+02
165.515416061800	9.8765257219218e+01
165.545395307600	9.7384887276914e+01
165.575374553400	9.5969438718996e+01
165.605353799200	9.4520649315151e+01
165.635333045000	9.3040286986320e+01
165.665312290800	9.1530148077846e+01
165.695291536600	8.9992055602788e+01
165.725270782400	8.8427857457099e+01
165.755250028200	8.6839424608343e+01
165.785229274000	8.5228649259692e+01
165.815208519800	8.3597442990965e+01
165.845187765600	8.1947734878471e+01
165.875167011400	8.0281469595486e+01
165.905146257200	7.8600605495162e+01
165.935125503000	7.6907112677738e+01
165.965104748800	7.5202971043894e+01
165.995083994600	7.3490168336140e+01
166.025063240400	7.1770698170134e+01
166.055042486200	7.0046558057822e+01
166.085021732000	6.8319747424333e+01
166.115000977800	6.6592265620539e+01
166.144980223600	6.4866109933222e+01
166.174959469400	6.3143273594781e+01
166.204938715200	6.1425743794420e+01
166.234917961000	5.9715499692754e+01
166.264897206800	5.8014510441791e+01
166.294876452600	5.6324733212198e+01
166.324855698400	5.4648111229822e+01
166.354834944200	5.2986571823363e+01
166.384814190000	5.1342024485135e+01
166.414793435800	4.9716358946830e+01
166.444772681600	4.8111443272159e+01
166.474751927400	4.6529121968290e+01
166.504731173200	4.4971214117923e+01
166.534710419000	4.3439511533860e+01
166.564689664800	4.1935776937924e+01
166.594668910600	4.0461742166003e+01
166.624648156400	3.9019106401042e+01
166.654627402200	3.7609534435723e+01
166.684606648000	3.6234654966588e+01
166.714585893800	3.4896058921306e+01
166.744565139600	3.3595297820766e+01
166.774544385400	3.2333882177648e+01
166.804523631200	3.1113279933094e+01
166.834502877000	2.9934914933037e+01
166.864482122800	2.8800165445774e+01
166.894461368600	2.7710362722247e+01
166.924440614400	2.6666789600534e+01
166.954419860200	2.5670679155966e+01
166.984399106000	2.4723213398243e+01
167.014378351800	2.3825522016924e+01
167.044357597600	2.2978681176546e+01
167.074336843400	2.2183712362667e+01
167.104316089200	2.1441581279998e+01
167.134295335000	2.0753196803807e+01
167.164274580800	2.0119409985682e+01
167.194253826600	1.9541013114721e+01
167.224233072400	1.9018738835136e+01
167.254212318200	1.8553259321232e+01
167.284191564000	1.8145185510647e+01
167.314170809800	1.7795066396701e+01
167.344150055600	1.7503388380624e+01
167.374129301400	1.7270574684399e+01
167.404108547200	1.7096984824889e+01
167.434087793000	1.6982914149849e+01
167.464067038800	1.6928593436382e+01
167.494046284600	1.6934188552329e+01
167.524025530400	1.6999800181021e+01
167.554004776200	1.7125463609761e+01
167.583984022000	1.7311148582354e+01
167.613963267800	1.7556759215922e+01
167.643942513600	1.7862133982192e+01
167.673921759400	1.8227045753388e+01
167.703901005200	1.8651201912770e+01
167.733880251000	1.9134244529841e+01
167.763859496800	1.9675750600129e+01
167.793838742600	2.0275232349447e+01
167.823817988400	2.0932137602415e+01
167.853797234200	2.1645850215007e+01
167.883776480000	2.2415690570797e+01
167.913755725800	2.3240916140536e+01
167.943734971600	2.4120722104614e+01
167.973714217400	2.5054242037904e+01
168.003693463200	2.6040548656432e+01
168.033672709000	2.7078654625246e+01
168.063651954800	2.8167513426797e+01
168.093631200600	2.9306020289093e+01
168.123610446400	3.0493013172827e+01
168.153589692200	3.1727273816599e+01
168.183568938000	3.3007528839346e+01
168.213548183800	3.4332450898967e+01
168.243527429600	3.5700659906141e+01
168.273506675400	3.7110724292237e+01
168.303485921200	3.8561162330172e+01
168.333465167000	4.0050443507038e+01
168.363444412800	4.1576989947230e+01
168.393423658600	4.3139177884804e+01
168.423402904400	4.4735339183688e+01
168.453382150200	4.6363762904378e+01
168.483361396000	4.8022696915656e+01
168.513340641800	4.9710349549858e+01
168.543319887600	5.1424891300138e+01
168.573299133400	5.3164456558173e+01
168.603278379200	5.4927145390675e+01
168.633257625000	5.6711025353060e+01
168.663236870800	5.8514133338567e+01
168.693216116600	6.0334477461110e+01
168.723195362400	6.2170038970071e+01
168.753174608200	6.4018774195246e+01
168.783153854000	6.5878616520103e+01
168.813133099800	6.7747478381482e+01
168.843112345600	6.9623253293850e+01
168.873091591400	7.1503817896176e+01
168.903070837200	7.3387034019498e+01
168.933050083000	7.5270750773188e+01
168.963029328800	7.7152806647943e+01
168.993008574600	7.9031031633476e+01
169.022987820400	8.0903249348894e+01
169.052967066200	8.2767279183697e+01
169.082946312000	8.4620938447360e+01
169.112925557800	8.6462044525415e+01
169.142904803600	8.8288417039956e+01
169.172884049400	9.0097880012481e+01
169.202863295200	9.1888264026979e+01
169.232842541000	9.3657408391154e+01
169.262821786800	9.5403163293703e+01
169.292801032600	9.7123391955534e+01
169.322780278400	9.8815972772838e+01
169.352759524200	1.0047880144991e+02
169.382738770000	1.0210979311966e+02
169.412718015800	1.0370688444969e+02
169.442697261600	1.0526803573191e+02
169.472676507400	1.0679123295364e+02
169.502655753200	1.0827448984812e+02
169.532634999000	1.0971584992241e+02
169.562614244800	1.1111338846075e+02
169.592593490600	1.1246521450127e+02
169.622572736400	1.1376947278417e+02
169.652551982200	1.1502434566944e+02
169.682531228000	1.1622805502212e+02
169.712510473800	1.1737886406331e+02
169.742489719600	1.1847507918506e+02
169.772468965400	1.1951505172723e+02
169.802448211200	1.2049717971463e+02
169.832427457000	1.2141990955264e+02
169.862406702800	1.2228173767961e+02
169.892385948600	1.2308121217429e+02
169.922365194400	1.2381693431684e+02
169.952344440200	1.2448756010152e+02
169.982323686000	1.2509180169983e+02
170.012302931800	1.2562842887233e+02
170.042282177600	1.2609627032788e+02
170.072261423400	1.2649421502871e+02
170.102240669200	1.2682121344010e+02
170.132219915000	1.2707627872331e+02
170.162199160800	1.2725848787040e+02
170.192178406600	1.2736698277993e+02
170.222157652400	1.2740097127223e+02
170.252136898200	1.2735972804316e+02
170.282116144000	1.2724259555544e+02
170.312095389800	1.2704898486641e+02
170.342074635600	1.2677837639140e+02
170.372053881400	1.2643032060186e+02
170.402033127200	1.2600443865738e+02
170.432012373000	1.2550042297089e+02
170.461991618800	1.2491803770641e+02
170.491970864600	1.2425711920869e+02
170.521950110400	1.2351757636422e+02
170.551929356200	1.2269939089310e+02
170.581908602000	1.2180261757143e+02
170.611887847800	1.2082738438374e+02
170.641867093600	1.1977389260529e+02
170.671846339400	1.1864241681406e+02
170.701825585200	1.1743330483208e+02
170.731804831000	1.1614697759630e+02
170.761784076800	1.1478392895869e+02
170.791763322600	1.1334472541593e+02
170.821742568400	1.1183000576852e+02
170.851721814200	1.1024048070978e+02
170.881701060000	1.0857693234473e+02
170.911680305800	1.0684021363942e+02
170.941659551600	1.0503124780090e+02
170.971638797400	1.0315102758846e+02
171.001618043200	1.0120061455658e+02
171.031597289000	9.9181138230149e+01
171.061576534800	9.7093795212709e+01
171.091555780600	9.4939848228430e+01
171.121535026400	9.2720625098529e+01
171.151514272200	9.0437517653087e+01
171.181493518000	8.8091980579126e+01
171.211472763800	8.5685530205952e+01
171.241452009600	8.3219743228800e+01
171.271431255400	8.0696255371894e+01
171.301410501200	7.8116759992079e+01
171.331389747000	7.5483006624260e+01
171.361368992800	7.2796799469921e+01
171.391348238600	7.0059995830077e+01
171.421327484400	6.7274504484039e+01
171.451306730200	6.4442284015460e+01
171.481285976000	6.1565341087153e+01
171.511265221800	5.8645728666237e+01
171.541244467600	5.5685544201227e+01
171.571223713400	5.2686927752714e+01
171.601202959200	4.9652060079337e+01
171.631182205000	4.6583160680801e+01
171.661161450800	4.3482485799733e+01
171.691140696600	4.0352326384203e+01
171.721119942400	3.7195006012802e+01
171.751099188200	3.4012878784175e+01
171.781078434000	3.0808327172977e+01
171.811057679800	2.7583759854232e+01
171.841036925600	2.4341609498123e+01
171.871016171400	2.1084330537263e+01
171.900995417200	1.7814396908536e+01
171.930974663000	1.4534299771624e+01
171.960953908800	1.1246545206345e+01
171.990933154600	7.9536518909868e+00
172.020912400400	4.6581487638027e+00
172.050891646200	1.3625726698862e+00
172.080870892000	-1.9305340043556e+00
172.110850137800	-5.2186257068902e+00
172.140829383600	-8.4991561036559e+00
172.170808629400	-1.1769580467801e+01
172.200787875200	-1.5027358072292e+01
172.230767121000	-1.8269954583608e+01
172.260746366800	-2.1494844454236e+01
172.290725612600	-2.4699513311674e+01
172.320704858400	-2.7881460341658e+01
172.350684104200	-3.1038200663312e+01
172.380663350000	-3.4167267693948e+01
172.410642595800	-3.7266215501225e+01
172.440621841600	-4.0332621140407e+01
172.470601087400	-4.3364086974439e+01
172.500580333200	-4.6358242974618e+01
172.530559579000	-4.9312748999595e+01
172.560538824800	-5.2225297050511e+01
172.590518070600	-5.5093613500063e+01
172.620497316400	-5.7915461293306e+01
172.650476562200	-6.0688642118061e+01
172.680455808000	-6.3410998542777e+01
172.710435053800	-6.6080416119751e+01
172.740414299600	-6.8694825451636e+01
172.770393545400	-7.1252204219191e+01
172.800372791200	-7.3750579168256e+01
172.830352037000	-7.6188028053998e+01
172.860331282800	-7.8562681540465e+01
172.890310528600	-8.0872725053576e+01
172.920289774400	-8.3116400585667e+01
172.950269020200	-8.5292008449798e+01
172.980248266000	-8.7397908982045e+01
173.010227511800	-8.9432524190048e+01
173.040206757600	-9.1394339346154e+01
173.070186003400	-9.3281904523515e+01
173.100165249200	-9.5093836073588e+01
173.130144495000	-9.6828818043491e+01
173.160123740800	-9.8485603531777e+01
173.190102986600	-1.0006301598120e+02
173.220082232400	-1.0155995040712e+02
173.250061478200	-1.0297537456027e+02
173.280040724000	-1.0430833002263e+02
173.310019969800	-1.0555793323529e+02
173.339999215600	-1.0672337645707e+02
173.369978461400	-1.0780392865304e+02
173.399957707200	-1.0879893631180e+02
173.429936953000	-1.0970782419066e+02
173.459916198800	-1.1053009598791e+02
173.489895444600	-1.1126533494139e+02
173.519874690400	-1.1191320435255e+02
173.549853936200	-1.1247344803557e+02
173.579833182000	-1.1294589069073e+02
173.609812427800	-1.1333043820176e+02
173.639791673600	-1.1362707785651e+02
173.669770919400	-1.1383587849086e+02
173.699750165200	-1.1395699055530e+02
173.729729411000	-1.1399064610422e+02
173.759708656800	-1.1393715870759e+02
173.789687902600	-1.1379692328512e+02
173.819667148400	-1.1357041586279e+02
173.849646394200	-1.1325819325194e+02
173.879625640000	-1.1286089265092e+02
173.909604885800	-1.1237923116983e+02
173.939584131600	-1.1181400527830e+02
173.969563377400	-1.1116609017697e+02
173.999542623200	-1.1043643909297e+02
174.029521869000	-1.0962608250004e+02
174.059501114800	-1.0873612726381e+02
174.089480360600	-1.0776775571288e+02
174.119459606400	-1.0672222463666e+02
174.149438852200	-1.0560086421046e+02
174.179418098000	-1.0440507684902e+02
174.209397343800	-1.0313633598926e+02
174.239376589600	-1.0179618480335e+02
174.269355835400	-1.0038623484318e+02
174.299335081200	-9.8908164617318e+01
174.329314327000	-9.7363718101904e+01
174.359293572800	-9.5754703186475e+01
174.389272818600	-9.4082990056325e+01
174.419252064400	-9.2350509512696e+01
174.449231310200	-9.0559251232321e+01
174.479210556000	-8.8711261967860e+01
174.509189801800	-8.6808643690834e+01
174.539169047600	-8.4853551678702e+01
174.569148293400	-8.2848192547826e+01
174.599127539200	-8.0794822234064e+01
174.629106785000	-7.8695743922844e+01
174.659086030800	-7.6553305930571e+01
174.689065276600	-7.4369899539308e+01
174.719044522400	-7.2147956786702e+01
174.749023768200	-6.9889948213168e+01
174.779003014000	-6.7598380568397e+01
174.808982259800	-6.5275794479308e+01
174.838961505600	-6.2924762081566e+01
174.868940751400	-6.0547884616876e+01
174.898919997200	-5.8147789998259e+01
174.928899243000	-5.5727130345570e+01
174.958878488800	-5.3288579493556e+01
174.988857734600	-5.0834830474761e+01
175.018836980400	-4.8368592979629e+01
175.048816226200	-4.5892590796182e+01
175.078795472000	-4.3409559231670e+01
175.108774717800	-4.0922242518604e+01
175.138753963600	-3.8433391207620e+01
175.168733209400	-3.5945759549616e+01
175.198712455200	-3.3462102869652e+01
175.228691701000	-3.0985174935067e+01
175.258670946800	-2.8517725320330e+01
175.288650192600	-2.6062496771109e+01
175.318629438400	-2.3622222570070e+01
175.348608684200	-2.1199623906906e+01
175.378587930000	-1.8797407255120e+01
175.408567175800	-1.6418261758041e+01
175.438546421600	-1.4064856626609e+01
175.468525667400	-1.1739838551394e+01
175.498504913200	-9.4458291313538e+00
175.528484159000	-7.1854223217996e+00
175.558463404800	-4.9611819040310e+00
175.588442650600	-2.7756389790859e+00
175.618421896400	-6.3128948803232e-01
175.648401142200	1.4694082387922e+00
175.678380388000	3.5240359012100e+00
175.708359633800	5.5302176149453e+00
175.738338879600	7.4856222613475e+00
175.768318125400	9.3879657987970e+00
175.798297371200	1.1235013533526e+01
175.828276617000	1.3024582347619e+01
175.858255862800	1.4754542882000e+01
175.888235108600	1.6422821672245e+01
175.918214354400	1.8027403235106e+01
175.948193600200	1.9566332103662e+01
175.978172846000	2.1037714809094e+01
176.008152091800	2.2439721807062e+01
176.038131337600	2.3770589346789e+01
176.068110583400	2.5028621280947e+01
176.098089829200	2.6212190814519e+01
176.128069075000	2.7319742190872e+01
176.158048320800	2.8349792313304e+01
176.188027566600	2.9300932300427e+01
176.218006812400	3.0171828973760e+01
176.247986058200	3.0961226276017e+01
176.277965304000	3.1667946618594e+01
176.307944549800	3.2290892156854e+01
176.337923795600	3.2829045991856e+01
176.367903041400	3.3281473297264e+01
176.397882287200	3.3647322370200e+01
176.427861533000	3.3925825604928e+01
176.457840778800	3.4116300388281e+01
176.487820024600	3.4218149915844e+01
176.517799270400	3.4230863927962e+01
176.547778516200	3.4154019364730e+01
176.577757762000	3.3987280939192e+01
176.607737007800	3.3730401628036e+01
176.637716253600	3.3383223079191e+01
176.667695499400	3.2945675935754e+01
176.697674745200	3.2417780075802e+01
176.727653991000	3.1799644767697e+01
176.757633236800	3.1091468740574e+01
176.787612482600	3.0293540169785e+01
176.817591728400	2.9406236577166e+01
176.847570974200	2.8430024646037e+01
176.877550220000	2.7365459950971e+01
176.907529465800	2.6213186602418e+01
176.937508711600	2.4973936806361e+01
176.967487957400	2.3648530339259e+01
176.997467203200	2.2237873938624e+01
177.027446449000	2.0742960609636e+01
177.057425694800	1.9164868848312e+01
177.087404940600	1.7504761781790e+01
177.117384186400	1.5763886226406e+01
177.147363432200	1.3943571664275e+01
177.177342678000	1.2045229139229e+01
177.207321923800	1.0070350072968e+01
177.237301169600	8.0205050024169e+00
177.267280415400	5.8973422393416e+00
177.297259661200	3.7025864533243e+00
177.327238907000	1.4380371793178e+00
177.357218152800	-8.9443274895911e-01
177.387197398600	-3.2928788384394e+00
177.417176644400	-5.7552866475225e+00
177.447155890200	-8.2795735667997e+00
177.477135136000	-1.0863590668135e+01
177.507114381800	-1.3505124620481e+01
177.537093627600	-1.6201899670735e+01
177.567072873400	-1.8951579687887e+01
177.597052119200	-2.1751770268647e+01
177.627031365000	-2.4600020902655e+01
177.657010610800	-2.7493827195361e+01
177.686989856600	-3.0430633146552e+01
177.716969102400	-3.3407833482498e+01
177.746948348200	-3.6422776039586e+01
177.776927594000	-3.9472764197301e+01
177.806906839800	-4.2555059358329e+01
177.836886085600	-4.5666883473531e+01
177.866865331400	-4.8805421609471e+01
177.896844577200	-5.1967824556166e+01
177.926823823000	-5.5151211472641e+01
177.956803068800	-5.8352672567864e+01
177.986782314600	-6.1569271814606e+01
178.016761560400	-6.4798049693683e+01
178.046740806200	-6.8036025966073e+01
178.076720052000	-7.1280202470310e+01
178.106699297800	-7.4527565942576e+01
178.136678543600	-7.7775090856840e+01
178.166657789400	-8.1019742282408e+01
178.196637035200	-8.4258478756210e+01
178.226616281000	-8.7488255167126e+01
178.256595526800	-9.0706025649638e+01
178.286574772600	-9.3908746484104e+01
178.316554018400	-9.7093379000900e+01
178.346533264200	-1.0025689248569e+02
178.376512510000	-1.0339626708310e+02
178.406491755800	-1.0650849669599e+02
178.436471001600	-1.0959059187764e+02
178.466450247400	-1.1263958271401e+02
178.496429493200	-1.1565252169344e+02
178.526408739000	-1.1862648656092e+02
178.556387984800	-1.2155858315431e+02
178.586367230600	-1.2444594821970e+02
178.616346476400	-1.2728575220327e+02
178.646325722200	-1.3007520201693e+02
178.676304968000	-1.3281154377504e+02
178.706284213800	-1.3549206549967e+02
178.736263459600	-1.3811409979163e+02
178.766242705400	-1.4067502646480e+02
178.796221951200	-1.4317227514109e+02
178.826201197000	-1.4560332780359e+02
178.856180442800	-1.4796572130540e+02
178.886159688600	-1.5025704983154e+02
178.916138934400	-1.5247496731174e+02
178.946118180200	-1.5461718978155e+02
178.976097426000	-1.5668149768951e+02
179.006076671800	-1.5866573814808e+02
179.036055917600	-1.6056782712611e+02
179.066035163400	-1.6238575158056e+02
179.096014409200	-1.6411757152552e+02
179.125993655000	-1.6576142203623e+02
179.155972900800	-1.6731551518624e+02
179.185952146600	-1.6877814191566e+02
179.215931392400	-1.7014767382862e+02
179.245910638200	-1.7142256491811e+02
179.275889884000	-1.7260135321637e+02
179.305869129800	-1.7368266236924e+02
179.335848375600	-1.7466520313264e+02
179.365827621400	-1.7554777478977e+02
179.395806867200	-1.7632926648753e+02
179.425786113000	-1.7700865849053e+02
179.455765358800	-1.7758502335168e+02
179.485744604600	-1.7805752699768e+02
179.515723850400	-1.7842542972861e+02
179.545703096200	-1.7868808713022e+02
179.575682342000	-1.7884495089793e+02
179.605661587800	-1.7889556957175e+02
179.635640833600	-1.7883958918101e+02
179.665620079400	-1.7867675379825e+02
179.695599325200	-1.7840690600155e+02
179.725578571000	-1.7802998724465e+02
179.755557816800	-1.7754603813425e+02
179.785537062600	-1.7695519861422e+02
179.815516308400	-1.7625770805620e+02
179.845495554200	-1.7545390525633e+02
179.875474800000	-1.7454422833798e+02
179.905454045800	-1.7352921456035e+02
179.935433291600	-1.7240950003293e+02
179.965412537400	-1.7118581933585e+02
179.995391783200	-1.6985900504638e+02
180.025371029000	-1.6842998717170e+02
180.055350274800	-1.6689979248847e+02
180.085329520600	-1.6526954378936e+02
180.115308766400	-1.6354045903738e+02
180.145288012200	-1.6171385042834e+02
180.175267258000	-1.5979112336227e+02
180.205246503800	-1.5777377532458e+02
180.235225749600	-1.5566339467777e+02
180.265204995400	-1.5346165936469e+02
180.295184241200	-1.5117033552440e+02
180.325163487000	-1.4879127602163e+02
180.355142732800	-1.4632641889126e+02
180.385121978600	-1.4377778569892e+02
180.415101224400	-1.4114747981914e+02
180.445080470200	-1.3843768463258e+02
180.475059716000	-1.3565066164367e+02
180.505038961800	-1.3278874852053e+02
180.535018207600	-1.2985435705862e+02
180.564997453400	-1.2684997107001e+02
180.594976699200	-1.2377814420008e+02
180.624955945000	-1.2064149767349e+02
180.654935190800	-1.1744271797149e+02
180.684914436600	-1.1418455444250e+02
180.714893682400	-1.1086981684825e+02
180.744872928200	-1.0750137284737e+02
180.774852174000	-1.0408214541898e+02
180.804831419800	-1.0061511022833e+02
180.834810665600	-9.7103292937017e+01
180.864789911400	-9.3549766460041e+01
180.894769157200	-8.9957648172322e+01
180.924748403000	-8.6330097067081e+01
180.954727648800	-8.2670310868709e+01
180.984706894600	-7.8981523102733e+01
181.014686140400	-7.5267000125533e+01
181.044665386200	-7.1530038116542e+01
181.074644632000	-6.7773960035642e+01
181.104623877800	-6.4002112548574e+01
181.134603123600	-6.0217862923164e+01
181.164582369400	-5.6424595899230e+01
181.194561615200	-5.2625710535050e+01
181.224540861000	-4.8824617033306e+01
181.254520106800	-4.5024733549443e+01
181.284499352600	-4.1229482985402e+01
181.314478598400	-3.7442289771712e+01
181.344457844200	-3.3666576640932e+01
181.374437090000	-2.9905761395457e+01
181.404416335800	-2.6163253672717e+01
181.434395581600	-2.2442451710796e+01
181.464374827400	-1.8746739117500e+01
181.494354073200	-1.5079481645935e+01
181.524333319000	-1.1444023979617e+01
181.554312564800	-7.8436865301577e+00
181.584291810600	-4.2817622505683e+00
181.614271056400	-7.6151346718520e-01
181.644250302200	2.7138312667499e+00
181.674229548000	6.1410802928687e+00
181.704208793800	9.5170819418267e+00
181.734188039600	1.2838727596867e+01
181.764167285400	1.6102954723854e+01
181.794146531200	1.9306749864866e+01
181.824125777000	2.2447151592461e+01
181.854105022800	2.5521253421753e+01
181.884084268600	2.8526206677495e+01
181.914063514400	3.1459223313357e+01
181.944042760200	3.4317578680681e+01
181.974022006000	3.7098614243982e+01
182.004001251800	3.9799740240562e+01
182.033980497600	4.2418438281592e+01
182.063959743400	4.4952263892124e+01
182.093938989200	4.7398848987511e+01
182.123918235000	4.9755904283766e+01
182.153897480800	5.2021221639479e+01
182.183876726600	5.4192676326932e+01
182.213855972400	5.6268229230136e+01
182.243835218200	5.8245928967575e+01
182.273814464000	6.0123913937501e+01
182.303793709800	6.1900414283698e+01
182.333772955600	6.3573753779697e+01
182.363752201400	6.5142351629503e+01
182.393731447200	6.6604724182968e+01
182.423710693000	6.7959486564005e+01
182.453689938800	6.9205354209944e+01
182.483669184600	7.0341144320385e+01
182.513648430400	7.1365777213991e+01
182.543627676200	7.2278277591758e+01
182.573606922000	7.3077775705363e+01
182.603586167800	7.3763508429299e+01
182.633565413600	7.4334820235570e+01
182.663544659400	7.4791164069833e+01
182.693523905200	7.5132102127935e+01
182.723503151000	7.5357306531909e+01
182.753482396800	7.5466559904567e+01
182.783461642600	7.5459755841932e+01
182.813440888400	7.5336899282846e+01
182.843420134200	7.5098106775159e+01
182.873399380000	7.4743606638051e+01
182.903378625800	7.4273739020069e+01
182.933357871600	7.3688955852630e+01
182.963337117400	7.2989820698758e+01
182.993316363200	7.2177008497003e+01
183.023295609000	7.1251305200515e+01
183.053274854800	7.0213607311391e+01
183.083254100600	6.9064921310492e+01
183.113233346400	6.7806362983024e+01
183.143212592200	6.6439156640281e+01
183.173191838000	6.4964634238043e+01
183.203171083800	6.3384234392215e+01
183.233150329600	6.1699501292397e+01
183.263129575400	5.9912083514169e+01
183.293108821200	5.8023732730965e+01
183.323088067000	5.6036302326509e+01
183.353067312800	5.3951745908895e+01
183.383046558600	5.1772115727454e+01
183.413025804400	4.9499560993673e+01
183.443005050200	4.7136326107517e+01
183.472984296000	4.4684748790581e+01
183.502963541800	4.2147258127608e+01
183.532942787600	3.9526372517978e+01
183.562922033400	3.6824697538889e+01
183.592901279200	3.4044923721993e+01
183.622880525000	3.1189824245382e+01
183.652859770800	2.8262252542867e+01
183.682839016600	2.5265139832584e+01
183.712818262400	2.2201492567051e+01
183.742797508200	1.9074389806857e+01
183.772776754000	1.5886980520268e+01
183.802755999800	1.2642480811062e+01
183.832735245600	9.3441710770443e+00
183.862714491400	5.9953931016860e+00
183.892693737200	2.5995470814670e+00
183.922672983000	-8.3991140848099e-01
183.952652228800	-4.3194745077479e+00
183.982631474600	-7.8355852202971e+00
184.012610720400	-1.1384640617601e+01
184.042589966200	-1.4962995092413e+01
184.072569212000	-1.8566963660259e+01
184.102548457800	-2.2192825305715e+01
184.132527703600	-2.5836826370452e+01
184.162506949400	-2.9495183980002e+01
184.192486195200	-3.3164089506163e+01
184.222465441000	-3.6839712061917e+01
184.252444686800	-4.0518202025677e+01
184.282423932600	-4.4195694591684e+01
184.312403178400	-4.7868313343313e+01
184.342382424200	-5.1532173846028e+01
184.372361670000	-5.5183387256709e+01
184.402340915800	-5.8818063946039e+01
184.432320161600	-6.2432317130630e+01
184.462299407400	-6.6022266511547e+01
184.492278653200	-6.9584041915866e+01
184.522257899000	-7.3113786937926e+01
184.552237144800	-7.6607662576870e+01
184.582216390600	-8.0061850867138e+01
184.612195636400	-8.3472558498500e+01
184.642174882200	-8.6836020422289e+01
184.672154128000	-9.0148503440444e+01
184.702133373800	-9.3406309774015e+01
184.732112619600	-9.6605780607782e+01
184.762091865400	-9.9743299607656e+01
184.792071111200	-1.0281529640754e+02
184.822050357000	-1.0581825006240e+02
184.852029602800	-1.0874869246417e+02
184.882008848600	-1.1160321171741e+02
184.911988094400	-1.1437845547138e+02
184.941967340200	-1.1707113420537e+02
184.971946586000	-1.1967802446423e+02
185.001925831800	-1.2219597204085e+02
185.031905077600	-1.2462189510274e+02
185.061884323400	-1.2695278725943e+02
185.091863569200	-1.2918572056799e+02
185.121842815000	-1.3131784847357e+02
185.151822060800	-1.3334640868218e+02
185.181801306600	-1.3526872596287e+02
185.211780552400	-1.3708221487660e+02
185.241759798200	-1.3878438242910e+02
185.271739044000	-1.4037283064507e+02
185.301718289800	-1.4184525906121e+02
185.331697535600	-1.4319946713561e+02
185.361676781400	-1.4443335657097e+02
185.391656027200	-1.4554493354949e+02
185.421635273000	-1.4653231087705e+02
185.451614518800	-1.4739371003450e+02
185.481593764600	-1.4812746313402e+02
185.511573010400	-1.4873201477846e+02
185.541552256200	-1.4920592382180e+02
185.571531502000	-1.4954786502880e+02
185.601510747800	-1.4975663063217e+02
185.631489993600	-1.4983113178552e+02
185.661469239400	-1.4977039991052e+02
185.691448485200	-1.4957358793688e+02
185.721427731000	-1.4923997143362e+02
185.751406976800	-1.4876894963044e+02
185.781386222600	-1.4816004632802e+02
185.811365468400	-1.4741291069601e+02
185.841344714200	-1.4652731795794e+02
185.871323960000	-1.4550316996191e+02
185.901303205800	-1.4434049563657e+02
185.931282451600	-1.4303945133137e+02
185.961261697400	-1.4160032104080e+02
185.991240943200	-1.4002351651196e+02
186.021220189000	-1.3830957723518e+02
186.051199434800	-1.3645917031744e+02
186.081178680600	-1.3447309023831e+02
186.111157926400	-1.3235225848856e+02
186.141137172200	-1.3009772309137e+02
186.171116418000	-1.2771065800628e+02
186.201095663800	-1.2519236241633e+02
186.231074909600	-1.2254425989859e+02
186.261054155400	-1.1976789747863e+02
186.291033401200	-1.1686494456963e+02
186.321012647000	-1.1383719179669e+02
186.350991892800	-1.1068654970723e+02
186.380971138600	-1.0741504736843e+02
186.410950384400	-1.0402483085265e+02
186.440929630200	-1.0051816161199e+02
186.470908876000	-9.6897414743360e+01
186.500888121800	-9.3165077145100e+01
186.530867367600	-8.9323745566920e+01
186.560846613400	-8.5376124554469e+01
186.590825859200	-8.1325024290266e+01
186.620805105000	-7.7173358332723e+01
186.650784350800	-7.2924141255080e+01
186.680763596600	-6.8580486186193e+01
186.710742842400	-6.4145602255188e+01
186.740722088200	-5.9622791942114e+01
186.770701334000	-5.5015448336781e+01
186.800680579800	-5.0327052308091e+01
186.830659825600	-4.5561169586246e+01
186.860639071400	-4.0721447760282e+01
186.890618317200	-3.5811613193498e+01
186.920597563000	-3.0835467859400e+01
186.950576808800	-2.5796886100857e+01
186.980556054600	-2.0699811315274e+01
187.010535300400	-1.5548252568617e+01
187.040514546200	-1.0346281141231e+01
187.070493792000	-5.0980270084375e+00
187.100473037800	1.9232474101759e-01
187.130452283600	5.5205375455539e+00
187.160431529400	1.0882327067188e+01
187.190410775200	1.6273364940567e+01
187.220390021000	2.1689282571318e+01
187.250369266800	2.7125674980341e+01
187.280348512600	3.2578104690672e+01
187.310327758400	3.8042105653461e+01
187.340307004200	4.3513187209576e+01
187.370286250000	4.8986838083312e+01
187.400265495800	5.4458530404636e+01
187.430244741600	5.9923723756389e+01
187.460223987400	6.5377869242785e+01
187.490203233200	7.0816413575593e+01
187.520182479000	7.6234803174293e+01
187.550161724800	8.1628488276527e+01
187.580140970600	8.6992927055123e+01
187.610120216400	9.2323589737962e+01
187.640099462200	9.7615962726958e+01
187.670078708000	1.0286555271240e+02
187.700057953800	1.0806789077888e+02
187.730037199600	1.1321853649915e+02
187.760016445400	1.1831308201202e+02
187.789995691200	1.2334715608066e+02
187.819974937000	1.2831642812760e+02
187.849954182800	1.3321661224256e+02
187.879933428600	1.3804347115964e+02
187.909912674400	1.4279282019993e+02
187.939891920200	1.4746053117613e+02
187.969871166000	1.5204253625541e+02
187.999850411800	1.5653483177688e+02
188.029829657600	1.6093348202028e+02
188.059808903400	1.6523462292218e+02
188.089788149200	1.6943446573627e+02
188.119767395000	1.7352930063437e+02
188.149746640800	1.7751550024464e+02
188.179725886600	1.8138952312372e+02
188.209705132400	1.8514791715951e+02
188.239684378200	1.8878732290126e+02
188.269663624000	1.9230447681399e+02
188.299642869800	1.9569621445384e+02
188.329622115600	1.9895947356162e+02
188.359601361400	2.0209129707129e+02
188.389580607200	2.0508883603063e+02
188.419559853000	2.0794935243124e+02
188.449539098800	2.1067022194504e+02
188.479518344600	2.1324893656465e+02
188.509497590400	2.1568310714502e+02
188.539476836200	2.1797046584386e+02
188.569456082000	2.2010886845825e+02
188.599435327800	2.2209629665538e+02
188.629414573600	2.2393086009490e+02
188.659393819400	2.2561079844084e+02
188.689373065200	2.2713448326110e+02
188.719352311000	2.2850041981242e+02
188.749331556800	2.2970724870900e+02
188.779310802600	2.3075374747310e+02
188.809290048400	2.3163883196583e+02
188.839269294200	2.3236155769665e+02
188.869248540000	2.3292112101013e+02
188.899227785800	2.3331686014858e+02
188.929207031600	2.3354825618938e+02
188.959186277400	2.3361493385586e+02
188.989165523200	2.3351666220067e+02
189.019144769000	2.3325335516092e+02
189.049124014800	2.3282507198401e+02
189.079103260600	2.3223201752381e+02
189.109082506400	2.3147454240640e+02
189.139061752200	2.3055314306506e+02
189.169040998000	2.2946846164413e+02
189.199020243800	2.2822128577160e+02
189.228999489600	2.2681254820023e+02
189.258978735400	2.2524332631746e+02
189.288957981200	2.2351484152395e+02
189.318937227000	2.2162845848136e+02
189.348916472800	2.1958568422949e+02
189.378895718600	2.1738816717344e+02
189.408874964400	2.1503769594135e+02
189.438854210200	2.1253619811357e+02
189.468833456000	2.0988573882395e+02
189.498812701800	2.0708851923437e+02
189.528791947600	2.0414687488359e+02
189.558771193400	2.0106327391156e+02
189.588750439200	1.9784031516059e+02
189.618729685000	1.9448072615480e+02
189.648708930800	1.9098736095934e+02
189.678688176600	1.8736319792118e+02
189.708667422400	1.8361133729308e+02
189.738646668200	1.7973499874276e+02
189.768625914000	1.7573751874916e+02
189.798605159800	1.7162234788795e+02
189.828584405600	1.6739304800845e+02
189.858563651400	1.6305328930426e+02
189.888542897200	1.5860684728003e+02
189.918522143000	1.5405759961684e+02
189.948501388800	1.4940952293879e+02
189.978480634600	1.4466668948348e+02
190.008459880400	1.3983326367915e+02
190.038439126200	1.3491349863145e+02
190.068418372000	1.2991173252256e+02
190.098397617800	1.2483238492602e+02
190.128376863600	1.1967995304006e+02
190.158356109400	1.1445900784290e+02
190.188335355200	1.0917419017313e+02
190.218314601000	1.0383020673859e+02
190.248293846800	9.8431826057133e+01
190.278273092600	9.2983874332840e+01
190.308252338400	8.7491231271091e+01
190.338231584200	8.1958825836264e+01
190.368210830000	7.6391631955633e+01
190.398190075800	7.0794664173232e+01
190.428169321600	6.5172973257461e+01
190.458148567400	5.9531641766247e+01
190.488127813200	5.3875779573664e+01
190.518107059000	4.8210519361893e+01
190.548086304800	4.2541012082504e+01
190.578065550600	3.6872422391031e+01
190.608044796400	3.1209924058882e+01
190.638024042200	2.5558695366600e+01
190.668003288000	1.9923914482594e+01
190.697982533800	1.4310754831383e+01
190.727961779600	8.7243804555123e+00
190.757941025400	3.1699413752339e+00
190.787920271200	-2.3474310498999e+00
190.817899517000	-7.8226287533892e+00
190.847878762800	-1.3250571583945e+01
190.877858008600	-1.8626211913307e+01
190.907837254400	-2.3944539225593e+01
190.937816500200	-2.9200584684030e+01
190.967795746000	-3.4389425670980e+01
190.997774991800	-3.9506190297134e+01
191.027754237600	-4.4546061875802e+01
191.057733483400	-4.9504283358255e+01
191.087712729200	-5.4376161726060e+01
191.117691975000	-5.9157072336439e+01
191.147671220800	-6.3842463216668e+01
191.177650466600	-6.8427859303587e+01
191.207629712400	-7.2908866624357e+01
191.237608958200	-7.7281176414591e+01
191.267588204000	-8.1540569170097e+01
191.297567449800	-8.5682918628473e+01
191.327546695600	-8.9704195676876e+01
191.357525941400	-9.3600472182343e+01
191.387505187200	-9.7367924741098e+01
191.417484433000	-1.0100283834333e+02
191.447463678800	-1.0450160995007e+02
191.477442924600	-1.0786075197868e+02
191.507422170400	-1.1107689569389e+02
191.537401416200	-1.1414679450092e+02
191.567380662000	-1.1706732713775e+02
191.597359907800	-1.1983550076344e+02
191.627339153600	-1.2244845393957e+02
191.657318399400	-1.2490345950180e+02
191.687297645200	-1.2719792731905e+02
191.717276891000	-1.2932940693734e+02
191.747256136800	-1.3129559010589e+02
191.777235382600	-1.3309431318294e+02
191.807214628400	-1.3472355941892e+02
191.837193874200	-1.3618146111466e+02
191.867173120000	-1.3746630165262e+02
191.897152365800	-1.3857651739882e+02
191.927131611600	-1.3951069947379e+02
191.957110857400	-1.4026759539058e+02
191.987090103200	-1.4084611055807e+02
192.017069349000	-1.4124530964811e+02
192.047048594800	-1.4146441782489e+02
192.077027840600	-1.4150282183517e+02
192.107007086400	-1.4136007095827e+02
192.136986332200	-1.4103587781450e+02
192.166965578000	-1.4053011903118e+02
192.196944823800	-1.3984283576532e+02
192.226924069600	-1.3897423408218e+02
192.256903315400	-1.3792468518912e+02
192.286882561200	-1.3669472552431e+02
192.316861807000	-1.3528505669976e+02
192.346841052800	-1.3369654529861e+02
192.376820298600	-1.3193022252642e+02
192.406799544400	-1.2998728371665e+02
192.436778790200	-1.2786908769023e+02
192.466758036000	-1.2557715596975e+02
192.496737281800	-1.2311317184850e+02
192.526716527600	-1.2047897931497e+02
192.556695773400	-1.1767658183343e+02
192.586675019200	-1.1470814098141e+02
192.616654265000	-1.1157597494500e+02
192.646633510800	-1.0828255687298e+02
192.676612756600	-1.0483051309098e+02
192.706592002400	-1.0122262117692e+02
192.736571248200	-9.7461807899240e+01
192.766550494000	-9.3551147019372e+01
192.796529739800	-8.9493856960164e+01
192.826508985600	-8.5293298342029e+01
192.856488231400	-8.0952971388742e+01
192.886467477200	-7.6476513204890e+01
192.916446723000	-7.1867694927121e+01
192.946425968800	-6.7130418751464e+01
192.976405214600	-6.2268714839063e+01
193.006384460400	-5.7286738102824e+01
193.036363706200	-5.2188764877556e+01
193.066342952000	-4.6979189476300e+01
193.096322197800	-4.1662520635656e+01
193.126301443600	-3.6243377852995e+01
193.156280689400	-3.0726487618576e+01
193.186259935200	-2.5116679545650e+01
193.216239181000	-1.9418882401763e+01
193.246218426800	-1.3638120044530e+01
193.276197672600	-7.7795072652689e+00
193.306176918400	-1.8482455439444e+00
193.336156164200	4.1503812810193e+00
193.366135410000	1.0211011424440e+01
193.396114655800	1.6328209643885e+01
193.426093901600	2.2496471803200e+01
193.456073147400	2.8710229506228e+01
193.486052393200	3.4963854796773e+01
193.516031639000	4.1251664920854e+01
193.546010884800	4.7567927147185e+01
193.575990130600	5.3906863641795e+01
193.605969376400	6.0262656392627e+01
193.635948622200	6.6629452179904e+01
193.665927868000	7.3001367588026e+01
193.695907113800	7.9372494054692e+01
193.725886359600	8.5736902952910e+01
193.755865605400	9.2088650701536e+01
193.785844851200	9.8421783899927e+01
193.815824097000	1.0473034448229e+02
193.845803342800	1.1100837488727e+02
193.875782588600	1.1724992323827e+02
193.905761834400	1.2344904853010e+02
193.935741080200	1.2959982581735e+02
193.965720326000	1.3569635140000e+02
193.995699571800	1.4173274800182e+02
194.025678817600	1.4770316993699e+02
194.055658063400	1.5360180826035e+02
194.085637309200	1.5942289589697e+02
194.115616555000	1.6516071274632e+02
194.145595800800	1.7080959075674e+02
194.175575046600	1.7636391896565e+02
194.205554292400	1.8181814850107e+02
194.235533538200	1.8716679754010e+02
194.265512784000	1.9240445621991e+02
194.295492029800	1.9752579149694e+02
194.325471275600	2.0252555195000e+02
194.355450521400	2.0739857252295e+02
194.385429767200	2.1213977920286e+02
194.415409013000	2.1674419362933e+02
194.445388258800	2.2120693763108e+02
194.475367504600	2.2552323768541e+02
194.505346750400	2.2968842929695e+02
194.535325996200	2.3369796129144e+02
194.565305242000	2.3754740002082e+02
194.595284487800	2.4123243347585e+02
194.625263733600	2.4474887530251e+02
194.655242979400	2.4809266871852e+02
194.685222225200	2.5125989032652e+02
194.715201471000	2.5424675382032e+02
194.745180716800	2.5704961358091e+02
194.775159962600	2.5966496815896e+02
194.805139208400	2.6208946364056e+02
194.835118454200	2.6431989689310e+02
194.865097700000	2.6635321868838e+02
194.895076945800	2.6818653669988e+02
194.925056191600	2.6981711837165e+02
194.955035437400	2.7124239365586e+02
194.985014683200	2.7245995761665e+02
195.014993929000	2.7346757289773e+02
195.044973174800	2.7426317205134e+02
195.074952420600	2.7484485972652e+02
195.104931666400	2.7521091471428e+02
195.134910912200	2.7535979184806e+02
195.164890158000	2.7529012375726e+02
195.194869403800	2.7500072247231e+02
195.224848649600	2.7449058087966e+02
195.254827895400	2.7375887402509e+02
195.284807141200	2.7280496026408e+02
195.314786387000	2.7162838225799e+02
195.344765632800	2.7022886781494e+02
195.374744878600	2.6860633057450e+02
195.404724124400	2.6676087053520e+02
195.434703370200	2.6469277442442e+02
195.464682616000	2.6240251590981e+02
195.494661861800	2.5989075565212e+02
195.524641107600	2.5715834119892e+02
195.554620353400	2.5420630671920e+02
195.584599599200	2.5103587257877e+02
195.614578845000	2.4764844475666e+02
195.644558090800	2.4404561410273e+02
195.674537336600	2.4022915543695e+02
195.704516582400	2.3620102649076e+02
195.734495828200	2.3196336669145e+02
195.764475074000	2.2751849579009e+02
195.794454319800	2.2286891233412e+02
195.824433565600	2.1801729198574e+02
195.854412811400	2.1296648568711e+02
195.884392057200	2.0771951767393e+02
195.914371303000	2.0227958333887e+02
195.944350548800	1.9665004694622e+02
195.974329794600	1.9083443919993e+02
196.004309040400	1.8483645466651e+02
196.034288286200	1.7865994905507e+02
196.064267532000	1.7230893635648e+02
196.094246777800	1.6578758584406e+02
196.124226023600	1.5910021893796e+02
196.154205269400	1.5225130593593e+02
196.184184515200	1.4524546261299e+02
196.214163761000	1.3808744669278e+02
196.244143006800	1.3078215419335e+02
196.274122252600	1.2333461565051e+02
196.304101498400	1.1574999222161e+02
196.334080744200	1.0803357167308e+02
196.364059990000	1.0019076425486e+02
196.394039235800	9.2227098465320e+01
196.424018481600	8.4148216709814e+01
196.453997727400	7.5959870856782e+01
196.483976973200	6.7667917694802e+01
196.513956219000	5.9278314294480e+01
196.543935464800	5.0797113278958e+01
196.573914710600	4.2230458006970e+01
196.603893956400	3.3584577672449e+01
196.633873202200	2.4865782324744e+01
196.663852448000	1.6080457813597e+01
196.693831693800	7.2350606630923e+00
196.723810939600	-1.6638871211368e+00
196.753790185400	-1.0609803307124e+01
196.783769431200	-1.9596050749793e+01
196.813748677000	-2.8615942757742e+01
196.843727922800	-3.7662748509101e+01
196.873707168600	-4.6729698511890e+01
196.903686414400	-5.5809990104319e+01
196.933665660200	-6.4896792990375e+01
196.963644906000	-7.3983254806054e+01
196.993624151800	-8.3062506711531e+01
197.023603397600	-9.2127669004557e+01
197.053582643400	-1.0117185675034e+02
197.083561889200	-1.1018818542317e+02
197.113541135000	-1.1916977655494e+02
197.143520380800	-1.2810976338591e+02
197.173499626600	-1.3700129651278e+02
197.203478872400	-1.4583754952942e+02
197.233458118200	-1.5461172465534e+02
197.263437364000	-1.6331705834720e+02
197.293416609800	-1.7194682688857e+02
197.323395855600	-1.8049435195318e+02
197.353375101400	-1.8895300613696e+02
197.383354347200	-1.9731621845399e+02
197.413333593000	-2.0557747979201e+02
197.443312838800	-2.1373034832242e+02
197.473292084600	-2.2176845486050e+02
197.503271330400	-2.2968550817108e+02
197.533250576200	-2.3747530021513e+02
197.563229822000	-2.4513171133289e+02
197.593209067800	-2.5264871535898e+02
197.623188313600	-2.6002038466518e+02
197.653167559400	-2.6724089512651e+02
197.683146805200	-2.7430453100641e+02
197.713126051000	-2.8120568975673e+02
197.743105296800	-2.8793888672851e+02
197.773084542600	-2.9449875978937e+02
197.803063788400	-3.0088007384374e+02
197.833043034200	-3.0707772525173e+02
197.863022280000	-3.1308674614320e+02
197.893001525800	-3.1890230862292e+02
197.922980771600	-3.2451972886356e+02
197.952960017400	-3.2993447108265e+02
197.982939263200	-3.3514215140028e+02
198.012918509000	-3.4013854157414e+02
198.042897754800	-3.4491957260862e+02
198.072877000600	-3.4948133823488e+02
198.102856246400	-3.5382009825883e+02
198.132835492200	-3.5793228177420e+02
198.162814738000	-3.6181449023776e+02
198.192793983800	-3.6546350040413e+02
198.222773229600	-3.6887626711750e+02
198.252752475400	-3.7204992595798e+02
198.282731721200	-3.7498179574008e+02
198.312710967000	-3.7766938086121e+02
198.342690212800	-3.8011037349821e+02
198.372669458600	-3.8230265564975e+02
198.402648704400	-3.8424430102307e+02
198.432627950200	-3.8593357676315e+02
198.462607196000	-3.8736894502286e+02
198.492586441800	-3.8854906437276e+02
198.522565687600	-3.8947279104909e+02
198.552544933400	-3.9013918003900e+02
198.582524179200	-3.9054748600191e+02
198.612503425000	-3.9069716402623e+02
198.642482670800	-3.9058787022058e+02
198.672461916600	-3.9021946213913e+02
198.702441162400	-3.8959199904048e+02
198.732420408200	-3.8870574197982e+02
198.762399654000	-3.8756115373426e+02
198.792378899800	-3.8615889856126e+02
198.822358145600	-3.8449984179038e+02
198.852337391400	-3.8258504924853e+02
198.882316637200	-3.8041578651919e+02
198.912295883000	-3.7799351803619e+02
198.942275128800	-3.7531990601266e+02
198.972254374600	-3.7239680920607e+02
199.002233620400	-3.6922628152038e+02
199.032212866200	-3.6581057044623e+02
199.062192112000	-3.6215211534069e+02
199.092171357800	-3.5825354554778e+02
199.122150603600	-3.5411767836134e+02
199.152129849400	-3.4974751683195e+02
199.182109095200	-3.4514624741968e+02
199.212088341000	-3.4031723749459e+02
199.242067586800	-3.3526403268704e+02
199.272046832600	-3.2999035409009e+02
199.302026078400	-3.2450009531612e+02
199.332005324200	-3.1879731941032e+02
199.361984570000	-3.1288625562348e+02
199.391963815800	-3.0677129604679e+02
199.421943061600	-3.0045699211151e+02
199.451922307400	-2.9394805095638e+02
199.481901553200	-2.8724933166576e+02
199.511880799000	-2.8036584138175e+02
199.541860044800	-2.7330273129344e+02
199.571839290600	-2.6606529250671e+02
199.601818536400	-2.5865895179802e+02
199.631797782200	-2.5108926725569e+02
199.661777028000	-2.4336192381240e+02
199.691756273800	-2.3548272867265e+02
199.721735519600	-2.2745760663895e+02
199.751714765400	-2.1929259534072e+02
199.781694011200	-2.1099384036987e+02
199.811673257000	-2.0256759032718e+02
199.841652502800	-1.9402019178359e+02
199.871631748600	-1.8535808416069e+02
199.901610994400	-1.7658779453466e+02
199.931590240200	-1.6771593236807e+02
199.961569486000	-1.5874918417388e+02
199.991548731800	-1.4969430811631e+02
