#Parameters = {cpw=15; sigma_z=0.4; wakelength=200; xbeam=0; xtest=0; ybeam=0; ytest=0}
#"s / mm"	"Z [Real Part]"
#------------------------
-9.983088851400	1.0307921510400e-18
-9.953109605600	8.1021111460346e-19
-9.923130359800	5.0903316100741e-19
-9.893151114000	1.2810667885353e-18
-9.863171868200	7.8900139956148e-19
-9.833192622400	6.8295282435160e-19
-9.803213376600	5.7266230613333e-19
-9.773234130800	8.2717888663704e-19
-9.743254885000	5.5569453409975e-19
-9.713275639200	4.1571041482272e-19
-9.683296393400	-1.5695189131062e-19
-9.653317147600	6.6174310930963e-19
-9.623337901800	4.7509761694025e-19
-9.593358656000	3.7753292774716e-19
-9.563379410200	2.5451658050370e-20
-9.533400164400	7.2537225443556e-19
-9.503420918600	3.4359738368000e-19
-9.473441672800	-2.5451658050370e-20
-9.443462427000	-5.3024287604938e-19
-9.413483181200	-5.0903316100741e-20
-9.383503935400	-3.4359738368000e-19
-9.353524689600	7.7203362752790e-19
-9.323545443800	1.0180663220148e-19
-9.293566198000	4.7085567393185e-19
-9.263586952200	2.8421018156247e-19
-9.233607706400	1.7391966334420e-19
-9.203628460600	-4.6237178791506e-19
-9.173649214800	2.7572629554568e-19
-9.143669969000	-3.0966183961284e-19
-9.113690723200	1.5270994830222e-19
-9.083711477400	-2.6300046652049e-19
-9.053732231600	8.0596917159506e-20
-9.023752985800	-5.4296870507457e-19
-8.993773740000	-1.4846800529383e-19
-8.963794494200	-9.5867911989728e-19
-8.933815248400	2.0361326440296e-19
-8.903836002600	-6.8295282435160e-19
-8.873856756800	-7.6354974151111e-20
-8.843877511000	-6.7022699532642e-19
-8.813898265200	-1.9088743537778e-19
-8.783919019400	-4.6237178791506e-19
-8.753939773600	-2.2482297944494e-19
-8.723960527800	-5.5993647710815e-19
-8.693981282000	-4.2843624384790e-19
-8.664002036200	-8.6111443070420e-19
-8.634022790400	1.3998411927704e-19
-8.604043544600	-1.9937132139457e-19
-8.574064298800	1.3574217626864e-19
-8.544085053000	-3.5632321270519e-19
-8.514105807200	4.7509761694025e-19
-8.484126561400	-5.0054927499062e-19
-8.454147315600	7.5082391248593e-19
-8.424168069800	-3.9450069978074e-19
-8.394188824000	7.6354974151111e-20
-8.364209578200	-7.3385614045235e-19
-8.334230332400	-2.9269406757926e-19
-8.304251086600	-7.6991265602370e-19
-8.274271840800	-3.1602475412543e-19
-8.244292595000	-1.0180663220148e-18
-8.214313349200	-3.9237972827654e-19
-8.184334103400	-9.2050163282173e-19
-8.154354857600	-0.0000000000000e+00
-8.124375611800	-7.1900933992296e-19
-8.094396366000	-4.2207332933531e-19
-8.064417120200	-1.0477599230736e-18
-8.034437874400	-2.7572629554568e-20
-8.004458628600	-9.3959037635951e-19
-7.974479382800	-4.5070644464198e-19
-7.944500137000	-7.0946496815407e-19
-7.914520891200	7.3173516894815e-20
-7.884541645400	-5.2812190454519e-19
-7.854562399600	-2.1368787904790e-19
-7.824583153800	-7.4340051222123e-19
-7.794603908000	-1.1956976854914e-19
-7.764624662200	-4.2233845077333e-19
-7.734645416400	1.8498848338173e-19
-7.704666170600	-2.9216382470321e-19
-7.674686924800	-5.6205744861235e-19
-7.644707679000	-1.1193427113402e-18
-7.614728433200	-4.0510555730173e-19
-7.584749187400	-9.0459434654025e-19
-7.554769941600	-7.8051751354469e-19
-7.524790695800	-1.0466994373215e-18
-7.494811450000	-6.0235590719210e-19
-7.464832204200	-8.4626763017481e-19
-7.434852958400	1.2216795864178e-18
-7.404873712600	1.0562438090904e-18
-7.374894466800	1.2640990165017e-18
-7.344915221000	9.1413871830914e-19
-7.314935975200	1.1347197547457e-18
-7.284956729400	1.0477599230736e-18
-7.254977483600	1.4083250787872e-18
-7.224998237800	1.0265502080316e-18
-7.195018992000	1.4274138223249e-18
-7.165039746200	1.3743895347200e-18
-7.135060500400	1.5907286281481e-18
-7.105081254600	1.5058897679802e-18
-7.075102008800	1.4931639389551e-18
-7.045122763000	1.8961485247526e-18
-7.015143517200	1.9428098978449e-18
-6.985164271400	1.9003904677610e-18
-6.955185025600	1.1792601563338e-18
-6.925205779800	1.4719542239131e-18
-6.895226534000	1.2344054154430e-18
-6.865247288200	1.2513731874765e-18
-6.835268042400	1.1113890681995e-18
-6.805288796600	8.9080803176296e-19
-6.775309550800	1.1707762703170e-18
-6.745330305000	1.4677122809047e-18
-6.715351059200	1.3531798196780e-18
-6.685371813400	1.8028257785679e-18
-6.655392567600	1.3192442756109e-18
-6.625413321800	1.7349546904336e-18
-6.595434076000	1.2004698713758e-18
-6.565454830200	1.6034544571733e-18
-6.535475584400	1.5907286281481e-18
-6.505496338600	2.2567136804662e-18
-6.475517092800	1.7985838355595e-18
-6.445537847000	2.1124876181807e-18
-6.415558601200	1.5864866851398e-18
-6.385579355400	1.8579710376770e-18
-6.355600109600	1.5695189131062e-18
-6.325620863800	2.4094236287684e-18
-6.295641618000	2.1421812192395e-18
-6.265662372200	2.8463437586331e-18
-6.235683126400	1.2089537573926e-18
-6.205703880600	2.3839719707180e-18
-6.175724634800	1.7731321775091e-18
-6.145745389000	2.2567136804662e-18
-6.115766143200	1.5483091980642e-18
-6.085786897400	2.4009397427516e-18
-6.055807651600	2.1379392762311e-18
-6.025828405800	2.8717954166835e-18
-5.995849160000	-1.0053404929896e-18
-5.965869914200	3.1814572562963e-19
-5.935890668400	-1.0816954671407e-18
-5.905911422600	-1.6543577732741e-19
-5.875932176800	-7.5506585549432e-19
-5.845952931000	3.3087155465481e-19
-5.815973685200	-5.7266230613333e-19
-5.785994439400	4.4540401588148e-19
-5.756015193600	-3.6056515571358e-19
-5.726035947800	5.1751704702420e-19
-5.696056702000	-2.3330686546173e-19
-5.666077456200	2.9693601058765e-20
-5.636098210400	-2.8421018156247e-19
-5.606118964600	5.7266230613333e-19
-5.576139718800	6.7871088134321e-20
-5.546160473000	9.3746940485531e-19
-5.516181227200	-3.2238766863802e-19
-5.486201981400	4.1146847181432e-19
-5.456222735600	-1.6119383431901e-19
-5.426243489800	5.3872676206617e-19
-5.396264244000	8.4838860167901e-21
-5.366284998200	7.4234002646914e-19
-5.336305752400	1.9937132139457e-19
-5.306326506600	9.5867911989728e-19
-5.276347260800	-1.1856230708464e-18
-5.246368015000	-5.9811396418370e-19
-5.216388769200	-1.2768248455269e-18
-5.186409523400	-1.1071471251911e-18
-5.156430277600	-1.0689696381156e-18
-5.126451031800	-2.7572629554568e-19
-5.096471786000	-1.4231718793165e-18
-5.066492540200	-8.7808220273778e-19
-5.036513294400	-1.6925352603496e-18
-5.006534048600	-8.5369103043951e-19
-4.976554802800	-1.6002729999170e-18
-4.946575557000	-1.6904142888454e-18
-4.916596311200	-1.2651595022538e-18
-4.886617065400	-9.9897757847704e-19
-4.856637819600	-1.7095030323832e-18
-4.826658573800	-1.4791125027398e-18
-4.796679328000	-1.9160326326044e-18
-4.766700082200	-1.3327654689501e-18
-4.736720836400	-2.2368295726143e-18
-4.706741590600	-1.8049467500721e-18
-4.676762344800	-1.7110937610114e-18
-4.646783099000	-1.2662199880059e-18
-4.616803853200	-2.0997617891556e-18
-4.586824607400	-1.5514906553205e-18
-4.556845361600	-6.7765039559111e-19
-4.526866115800	-6.1614222196938e-19
-4.496886870000	-1.4019621642746e-18
-4.466907624200	-1.2428893014598e-18
-4.436928378400	-7.7627557053630e-19
-4.406949132600	-4.7297664543605e-19
-4.376969886800	-1.1368407262499e-18
-4.346990641000	-1.0307921510400e-18
-4.317011395200	-1.6776884598202e-18
-4.287032149400	-8.9292900326716e-19
-4.257052903600	-1.3446959336612e-18
-4.227073657800	-1.5058897679802e-18
-4.197094412000	-5.5569453409975e-19
-4.167115166200	-6.3629145125926e-19
-4.137135920400	-9.8837272095605e-19
-4.107156674600	-1.1368407262499e-18
-4.077177428800	-1.2471312444681e-18
-4.047198183000	-8.9929191777975e-19
-4.017218937200	-1.4846800529383e-18
-3.987239691400	-1.3871153637452e-18
-3.957260445600	-4.4116207287309e-19
-3.927281199800	-4.2419430083951e-20
-3.897301954000	-1.2259215294262e-18
-3.867322708200	-5.0054927499062e-19
-3.837343462400	-1.3065184465857e-18
-3.807364216600	-1.3277281616277e-18
-3.777384970800	-1.5610350270894e-18
-3.747405725000	-1.5780027991230e-18
-3.717426479200	-5.8538813515852e-19
-3.687447233400	-2.6300046652049e-19
-3.657467987600	-1.0604857520988e-18
-3.627488741800	-7.6354974151111e-19
-3.597509496000	-9.6292106290568e-19
-3.567530250200	-8.7384025972938e-19
-3.537551004400	-1.6289061152237e-18
-3.507571758600	-1.5355833690390e-18
-3.477592512800	-4.9630733198222e-19
-3.447613267000	-8.1445305761185e-19
-3.417634021200	-1.4252928508207e-18
-3.387654775400	-2.1803587063151e-18
-3.357675529600	-2.8293759865995e-18
-3.327696283800	-4.3861690706805e-18
-3.297717038000	-7.6354974151111e-18
-3.267737792200	-1.3379088248478e-17
-3.237758546400	-2.1256376415068e-17
-3.207779300600	-3.8754391324697e-17
-3.177800054800	-7.1001642074517e-17
-3.147820809000	-1.2829332434590e-16
-3.117841563200	-2.2962061698743e-16
-3.087862317400	-4.1491717148015e-16
-3.057883071600	-7.4407498115957e-16
-3.027903825800	-1.3279614684931e-15
-2.997924580000	-2.3556697269660e-15
-2.967945334200	-4.1578422463106e-15
-2.937966088400	-7.2994337222140e-15
-2.907986842600	-1.2741889021415e-14
-2.878007596800	-2.2118118653337e-14
-2.848028351000	-3.8184426894317e-14
-2.818049105200	-6.5558478370833e-14
-2.788069859400	-1.1193915785237e-13
-2.758090613600	-1.9008087657610e-13
-2.728111367800	-3.2099957762739e-13
-2.698132122000	-5.3911275342828e-13
-2.668152876200	-9.0045893144662e-13
-2.638173630400	-1.4957490426535e-12
-2.608194384600	-2.4709577461136e-12
-2.578215138800	-4.0596119962595e-12
-2.548235893000	-6.6331155882890e-12
-2.518256647200	-1.0778675734023e-11
-2.488277401400	-1.7419241311075e-11
-2.458298155600	-2.7996910085625e-11
-2.428318909800	-4.4751662982472e-11
-2.398339664000	-7.1142261110855e-11
-2.368360418200	-1.1247779782428e-10
-2.338381172400	-1.7685928342943e-10
-2.308401926600	-2.7657451438056e-10
-2.278422680800	-4.3015110970159e-10
-2.248443435000	-6.6535883911251e-10
-2.218464189200	-1.0235716589355e-09
-2.188484943400	-1.5660639977064e-09
-2.158505697600	-2.3830394513065e-09
-2.128526451800	-3.6064924357273e-09
-2.098547206000	-5.4284086354048e-09
-2.068567960200	-8.1263487461099e-09
-2.038588714400	-1.2099169403297e-08
-2.008609468600	-1.7916561217869e-08
-1.978630222800	-2.6387281053878e-08
-1.948650977000	-3.8652488896864e-08
-1.918671731200	-5.6312543333042e-08
-1.888692485400	-8.1598048346786e-08
-1.858713239600	-1.1759897053565e-07
-1.828733993800	-1.6856935928295e-07
-1.798754748000	-2.4032970367304e-07
-1.768775502200	-3.4079434700166e-07
-1.738796256400	-4.8065773787605e-07
-1.708817010600	-6.7428068972121e-07
-1.678837764800	-9.4082627501685e-07
-1.648858519000	-1.3057044716119e-06
-1.618879273200	-1.8023951089009e-06
-1.588900027400	-2.4747298413009e-06
-1.558920781600	-3.3797254979218e-06
-1.528941535800	-4.5910727735440e-06
-1.498962290000	-6.2033952264503e-06
-1.468983044200	-8.3374031416556e-06
-1.439003798400	-1.1146074017437e-05
-1.409024552600	-1.4821995055146e-05
-1.379045306800	-1.9606001705695e-05
-1.349066061000	-2.5797238518040e-05
-1.319086815200	-3.3764752597102e-05
-1.289107569400	-4.3960704216845e-05
-1.259128323600	-5.6935241901595e-05
-1.229149077800	-7.3353039105356e-05
-1.199169832000	-9.4011425314145e-05
-1.169190586200	-1.1985996527140e-04
-1.139211340400	-1.5202124603032e-04
-1.109232094600	-1.9181252344584e-04
-1.079252848800	-2.4076775930544e-04
-1.049273603000	-3.0065945048090e-04
-1.019294357200	-3.7351951642724e-04
-0.989315111400	-4.6165837652344e-04
-0.959335865600	-5.6768122086696e-04
-0.929356619800	-6.9450036506523e-04
-0.899377374000	-8.4534249008833e-04
-0.869398128200	-1.0237495117001e-03
-0.839418882400	-1.2335718098312e-03
-0.809439636600	-1.4789525855204e-03
-0.779460390800	-1.7643022096769e-03
-0.749481145000	-2.0942615901151e-03
-0.719501899200	-2.4736538148081e-03
-0.689522653400	-2.9074236307582e-03
-0.659543407600	-3.4005646862304e-03
-0.629564161800	-3.9580348922276e-03
-0.599584916000	-4.5846607355529e-03
-0.569605670200	-5.2850318849152e-03
-0.539626424400	-6.0633879536104e-03
-0.509647178600	-6.9234997943807e-03
-0.479667932800	-7.8685481787060e-03
-0.449688687000	-8.9010031273974e-03
-0.419709441200	-1.0022507485543e-02
-0.389730195400	-1.1233768547938e-02
-0.359750949600	-1.2534461619887e-02
-0.329771703800	-1.3923149326422e-02
-0.299792458000	-1.5397220250619e-02
-0.269813212200	-1.6952850086490e-02
-0.239833966400	-1.8584987939711e-02
-0.209854720600	-2.0287369714667e-02
-0.179875474800	-2.2052559711750e-02
-0.149896229000	-2.3872020654677e-02
-0.119916983200	-2.5736211410552e-02
-0.089937737400	-2.7634710696263e-02
-0.059958491600	-2.9556364127155e-02
-0.029979245800	-3.1489451101071e-02
0.000000000000	-3.3421867263790e-02
0.029979245800	-3.5341317706789e-02
0.059958491600	-3.7235515634286e-02
0.089937737400	-3.9092381024297e-02
0.119916983200	-4.0900233808412e-02
0.149896229000	-4.2647976307277e-02
0.179875474800	-4.4325260072737e-02
0.209854720600	-4.5922632882688e-02
0.239833966400	-4.7431662381789e-02
0.269813212200	-4.8845033724007e-02
0.299792458000	-5.0156619510676e-02
0.329771703800	-5.1361521286831e-02
0.359750949600	-5.2456082815693e-02
0.389730195400	-5.3437876255320e-02
0.419709441200	-5.4305663175990e-02
0.449688687000	-5.5059333051710e-02
0.479667932800	-5.5699822411423e-02
0.509647178600	-5.6229018230734e-02
0.539626424400	-5.6649649377323e-02
0.569605670200	-5.6965169995083e-02
0.599584916000	-5.7179638633267e-02
0.629564161800	-5.7297596713844e-02
0.659543407600	-5.7323949604115e-02
0.689522653400	-5.7263853147010e-02
0.719501899200	-5.7122608024854e-02
0.749481145000	-5.6905563820335e-02
0.779460390800	-5.6618034116313e-02
0.809439636600	-5.6265223467042e-02
0.839418882400	-5.5852166596882e-02
0.869398128200	-5.5383679754480e-02
0.899377374000	-5.4864323782038e-02
0.929356619800	-5.4298378157860e-02
0.959335865600	-5.3689825038858e-02
0.989315111400	-5.3042342167538e-02
1.019294357200	-5.2359303411322e-02
1.049273603000	-5.1643785664852e-02
1.079252848800	-5.0898580860051e-02
1.109232094600	-5.0126211885270e-02
1.139211340400	-4.9328951304360e-02
1.169190586200	-4.8508841879545e-02
1.199169832000	-4.7667718029888e-02
1.229149077800	-4.6807227491965e-02
1.259128323600	-4.5928852584427e-02
1.289107569400	-4.5033930607950e-02
1.319086815200	-4.4123673032490e-02
1.349066061000	-4.3199183231848e-02
1.379045306800	-4.2261472619574e-02
1.409024552600	-4.1311475119329e-02
1.439003798400	-4.0350059967163e-02
1.468983044200	-3.9378042893352e-02
1.498962290000	-3.8396195768635e-02
1.528941535800	-3.7405254825513e-02
1.558920781600	-3.6405927581161e-02
1.588900027400	-3.5398898596348e-02
1.618879273200	-3.4384834206062e-02
1.648858519000	-3.3364386353942e-02
1.678837764800	-3.2338195655391e-02
1.708817010600	-3.1306893804684e-02
1.738796256400	-3.0271105430354e-02
1.768775502200	-2.9231449491548e-02
1.798754748000	-2.8188540296399e-02
1.828733993800	-2.7142988212308e-02
1.858713239600	-2.6095400127572e-02
1.888692485400	-2.5046379714314e-02
1.918671731200	-2.3996527534228e-02
1.948650977000	-2.2946441021218e-02
1.978630222800	-2.1896714368707e-02
2.008609468600	-2.0847938343942e-02
2.038588714400	-1.9800700047174e-02
2.068567960200	-1.8755582629821e-02
2.098547206000	-1.7713164982749e-02
2.128526451800	-1.6674021403310e-02
2.158505697600	-1.5638721247877e-02
2.188484943400	-1.4607828575033e-02
2.218464189200	-1.3581901783412e-02
2.248443435000	-1.2561493247239e-02
2.278422680800	-1.1547148951891e-02
2.308401926600	-1.0539408131285e-02
2.338381172400	-9.5388029084665e-03
2.368360418200	-8.5458579404785e-03
2.398339664000	-7.5610900683522e-03
2.428318909800	-6.5850079728947e-03
2.458298155600	-5.6181118368275e-03
2.488277401400	-4.6608930137310e-03
2.518256647200	-3.7138337041873e-03
2.548235893000	-2.7774066394601e-03
2.578215138800	-1.8520747730164e-03
2.608194384600	-9.3829098016198e-04
2.638173630400	-3.6497766045227e-05
2.668152876200	8.5287301773671e-04
2.698132122000	1.7294004477087e-03
2.728111367800	2.5926747940569e-03
2.758090613600	3.4422977769384e-03
2.788069859400	4.2778828133744e-03
2.818049105200	5.0990552545480e-03
2.848028351000	5.9054526133373e-03
2.878007596800	6.6967247819227e-03
2.907986842600	7.4725342393175e-03
2.937966088400	8.2325562486770e-03
2.967945334200	8.9764790442527e-03
2.997924580000	9.7040040078640e-03
3.027903825800	1.0414845834771e-02
3.057883071600	1.1108732688843e-02
3.087862317400	1.1785406346910e-02
3.117841563200	1.2444622332231e-02
3.147820809000	1.3086150036969e-02
3.177800054800	1.3709772833620e-02
3.207779300600	1.4315288175323e-02
3.237758546400	1.4902507685001e-02
3.267737792200	1.5471257233283e-02
3.297717038000	1.6021377005173e-02
3.327696283800	1.6552721555443e-02
3.357675529600	1.7065159852718e-02
3.387654775400	1.7558575312268e-02
3.417634021200	1.8032865817476e-02
3.447613267000	1.8487943730024e-02
3.477592512800	1.8923735888795e-02
3.507571758600	1.9340183597517e-02
3.537551004400	1.9737242601202e-02
3.567530250200	2.0114883051418e-02
3.597509496000	2.0473089460434e-02
3.627488741800	2.0811860644333e-02
3.657467987600	2.1131209655135e-02
3.687447233400	2.1431163702030e-02
3.717426479200	2.1711764061803e-02
3.747405725000	2.1973065978558e-02
3.777384970800	2.2215138552829e-02
3.807364216600	2.2438064620226e-02
3.837343462400	2.2641940619703e-02
3.867322708200	2.2826876451608e-02
3.897301954000	2.2992995325648e-02
3.927281199800	2.3140433598901e-02
3.957260445600	2.3269340604061e-02
3.987239691400	2.3379878468049e-02
4.017218937200	2.3472221921186e-02
4.047198183000	2.3546558097089e-02
4.077177428800	2.3603086323484e-02
4.107156674600	2.3642017904127e-02
4.137135920400	2.3663575892034e-02
4.167115166200	2.3667994854224e-02
4.197094412000	2.3655520628186e-02
4.227073657800	2.3626410070297e-02
4.257052903600	2.3580930796407e-02
4.287032149400	2.3519360914827e-02
4.317011395200	2.3441988751955e-02
4.346990641000	2.3349112570785e-02
4.376969886800	2.3241040282546e-02
4.406949132600	2.3118089151717e-02
4.436928378400	2.2980585494687e-02
4.466907624200	2.2828864372315e-02
4.496886870000	2.2663269276655e-02
4.526866115800	2.2484151812127e-02
4.556845361600	2.2291871371393e-02
4.586824607400	2.2086794806233e-02
4.616803853200	2.1869296093693e-02
4.646783099000	2.1639755997789e-02
4.676762344800	2.1398561727067e-02
4.706741590600	2.1146106588291e-02
4.736720836400	2.0882789636579e-02
4.766700082200	2.0609015322251e-02
4.796679328000	2.0325193134712e-02
4.826658573800	2.0031737243662e-02
4.856637819600	1.9729066137929e-02
4.886617065400	1.9417602262232e-02
4.916596311200	1.9097771652175e-02
4.946575557000	1.8770003567782e-02
4.976554802800	1.8434730125867e-02
5.006534048600	1.8092385931554e-02
5.036513294400	1.7743407709244e-02
5.066492540200	1.7388233933342e-02
5.096471786000	1.7027304459035e-02
5.126451031800	1.6661060153435e-02
5.156430277600	1.6289942527391e-02
5.186409523400	1.5914393368256e-02
5.216388769200	1.5534854373922e-02
5.246368015000	1.5151766788422e-02
5.276347260800	1.4765571039373e-02
5.306326506600	1.4376706377588e-02
5.336305752400	1.3985610519111e-02
5.366284998200	1.3592719289990e-02
5.396264244000	1.3198466274060e-02
5.426243489800	1.2803282464017e-02
5.456222735600	1.2407595916073e-02
5.486201981400	1.2011831408447e-02
5.516181227200	1.1616410103980e-02
5.546160473000	1.1221749217136e-02
5.576139718800	1.0828261685643e-02
5.606118964600	1.0436355847041e-02
5.636098210400	1.0046435120386e-02
5.666077456200	9.6588976933596e-03
5.696056702000	9.2741362150208e-03
5.726035947800	8.8925374944483e-03
5.756015193600	8.5144822054948e-03
5.785994439400	8.1403445978848e-03
5.815973685200	7.7704922148742e-03
5.845952931000	7.4052856176875e-03
5.875932176800	7.0450781169377e-03
5.905911422600	6.6902155112340e-03
5.935890668400	6.3410358331686e-03
5.965869914200	5.9978691028738e-03
5.995849160000	5.6610370893286e-03
6.025828405800	5.3308530795909e-03
6.055807651600	5.0076216561213e-03
6.085786897400	4.6916384823595e-03
6.115766143200	4.3831900967052e-03
6.145745389000	4.0825537150494e-03
6.175724634800	3.7899970419932e-03
6.205703880600	3.5057780908845e-03
6.235683126400	3.2301450127946e-03
6.265662372200	2.9633359345490e-03
6.295641618000	2.7055788059187e-03
6.325620863800	2.4570912560707e-03
6.355600109600	2.2180804593682e-03
6.385579355400	1.9887430106019e-03
6.415558601200	1.7692648097272e-03
6.445537847000	1.5598209561729e-03
6.475517092800	1.3605756527788e-03
6.505496338600	1.1716821194118e-03
6.535475584400	9.9328251630044e-04
6.565454830200	8.2550787712273e-04
6.595434076000	6.6847805186863e-04
6.625413321800	5.2230165949558e-04
6.655392567600	3.8707605038341e-04
6.685371813400	2.6288727858840e-04
6.715351059200	1.4981008388743e-04
6.745330305000	4.7907883594912e-05
6.775309550800	-4.2767225872869e-05
6.805288796600	-1.2217445771969e-04
6.835268042400	-1.9028431381949e-04
6.865247288200	-2.4707855414445e-04
6.895226534000	-2.9255015662902e-04
6.925205779800	-3.2670326753573e-04
6.955185025600	-3.4955314239658e-04
6.985164271400	-3.6112607761163e-04
7.015143517200	-3.6145933279389e-04
7.045122763000	-3.5060104395758e-04
7.075102008800	-3.2861012765408e-04
7.105081254600	-2.9555617616740e-04
7.135060500400	-2.5151934388823e-04
7.165039746200	-1.9659022499297e-04
7.195018992000	-1.3086972256089e-04
7.224998237800	-5.4468909269871e-05
7.254977483600	3.2491120182376e-05
7.284956729400	1.2987940477796e-04
7.314935975200	2.3755528083902e-04
7.344915221000	3.5536855348222e-04
7.374894466800	4.8315967569459e-04
7.404873712600	6.2075993485225e-04
7.434852958400	7.6799164649738e-04
7.464832204200	9.2466835518314e-04
7.494811450000	1.0905950421910e-03
7.524790695800	1.2655683399192e-03
7.554769941600	1.4493767527364e-03
7.584749187400	1.6418008840894e-03
7.614728433200	1.8426136696489e-03
7.644707679000	2.0515806162728e-03
7.674686924800	2.2684600465625e-03
7.704666170600	2.4930033487838e-03
7.734645416400	2.7249552319181e-03
7.764624662200	2.9640539856086e-03
7.794603908000	3.2100317447613e-03
7.824583153800	3.4626147585563e-03
7.854562399600	3.7215236636244e-03
7.884541645400	3.9864737611387e-03
7.914520891200	4.2571752975690e-03
7.944500137000	4.5333337488457e-03
7.974479382800	4.8146501076753e-03
8.004458628600	5.1008211737497e-03
8.034437874400	5.3915398465887e-03
8.064417120200	5.6864954207539e-03
8.094396366000	5.9853738831706e-03
8.124375611800	6.2878582122945e-03
8.154354857600	6.5936286788562e-03
8.184334103400	6.9023631479204e-03
8.214313349200	7.2137373819920e-03
8.244292595000	7.5274253449033e-03
8.274271840800	7.8430995062171e-03
8.304251086600	8.1604311458792e-03
8.334230332400	8.4790906588554e-03
8.364209578200	8.7987478594889e-03
8.394188824000	9.1190722853146e-03
8.424168069800	9.4397335000677e-03
8.454147315600	9.7604013956271e-03
8.484126561400	1.0080746492633e-02
8.514105807200	1.0400440239525e-02
8.544085053000	1.0719155309739e-02
8.574064298800	1.1036565896818e-02
8.604043544600	1.1352348007183e-02
8.634022790400	1.1666179750316e-02
8.664002036200	1.1977741626111e-02
8.693981282000	1.2286716809156e-02
8.723960527800	1.2592791429697e-02
8.753939773600	1.2895654851068e-02
8.783919019400	1.3194999943335e-02
8.813898265200	1.3490523352948e-02
8.843877511000	1.3781925768156e-02
8.873856756800	1.4068912179996e-02
8.903836002600	1.4351192138611e-02
8.933815248400	1.4628480004708e-02
8.963794494200	1.4900495195953e-02
8.993773740000	1.5166962428082e-02
9.023752985800	1.5427611950569e-02
9.053732231600	1.5682179776622e-02
9.083711477400	1.5930407907363e-02
9.113690723200	1.6172044549982e-02
9.143669969000	1.6406844329711e-02
9.173649214800	1.6634568495452e-02
9.203628460600	1.6854985118887e-02
9.233607706400	1.7067869286927e-02
9.263586952200	1.7273003287352e-02
9.293566198000	1.7470176787491e-02
9.323545443800	1.7659187005821e-02
9.353524689600	1.7839838876341e-02
9.383503935400	1.8011945205615e-02
9.413483181200	1.8175326822357e-02
9.443462427000	1.8329812719458e-02
9.473441672800	1.8475240188350e-02
9.503420918600	1.8611454945611e-02
9.533400164400	1.8738311251725e-02
9.563379410200	1.8855672021927e-02
9.593358656000	1.8963408929036e-02
9.623337901800	1.9061402498243e-02
9.653317147600	1.9149542193761e-02
9.683296393400	1.9227726497316e-02
9.713275639200	1.9295862978411e-02
9.743254885000	1.9353868356346e-02
9.773234130800	1.9401668553946e-02
9.803213376600	1.9439198742995e-02
9.833192622400	1.9466403381340e-02
9.863171868200	1.9483236241674e-02
9.893151114000	1.9489660431994e-02
9.923130359800	1.9485648407732e-02
9.953109605600	1.9471181975589e-02
9.983088851400	1.9446252289076e-02
10.013068097200	1.9410859835807e-02
10.043047343000	1.9365014416572e-02
10.073026588800	1.9308735116229e-02
10.103005834600	1.9242050266473e-02
10.132985080400	1.9164997400538e-02
10.162964326200	1.9077623199890e-02
10.192943572000	1.8979983432983e-02
10.222922817800	1.8872142886169e-02
10.252902063600	1.8754175286819e-02
10.282881309400	1.8626163218774e-02
10.312860555200	1.8488198030204e-02
10.342839801000	1.8340379733991e-02
10.372819046800	1.8182816900729e-02
10.402798292600	1.8015626544480e-02
10.432777538400	1.7838934001389e-02
10.462756784200	1.7652872801291e-02
10.492736030000	1.7457584532451e-02
10.522715275800	1.7253218699560e-02
10.552694521600	1.7039932575155e-02
10.582673767400	1.6817891044587e-02
10.612653013200	1.6587266444712e-02
10.642632259000	1.6348238396458e-02
10.672611504800	1.6100993631430e-02
10.702590750600	1.5845725812730e-02
10.732569996400	1.5582635350160e-02
10.762549242200	1.5311929209995e-02
10.792528488000	1.5033820719494e-02
10.822507733800	1.4748529366358e-02
10.852486979600	1.4456280593310e-02
10.882466225400	1.4157305587991e-02
10.912445471200	1.3851841068384e-02
10.942424717000	1.3540129063955e-02
10.972403962800	1.3222416692722e-02
11.002383208600	1.2898955934461e-02
11.032362454400	1.2570003400249e-02
11.062341700200	1.2235820098576e-02
11.092320946000	1.1896671198222e-02
11.122300191800	1.1552825788136e-02
11.152279437600	1.1204556634516e-02
11.182258683400	1.0852139935331e-02
11.212237929200	1.0495855072497e-02
11.242217175000	1.0135984361934e-02
11.272196420800	9.7728128017325e-03
11.302175666600	9.4066278186557e-03
11.332154912400	9.0377190131993e-03
11.362134158200	8.6663779034469e-03
11.392113404000	8.2928976679423e-03
11.422092649800	7.9175728878111e-03
11.452071895600	7.5406992883587e-03
11.482051141400	7.1625734803749e-03
11.512030387200	6.7834927013717e-03
11.542009633000	6.4037545569834e-03
11.571988878800	6.0236567627554e-03
11.601968124600	5.6434968865462e-03
11.631947370400	5.2635720917701e-03
11.661926616200	4.8841788816997e-03
11.691905862000	4.5056128450543e-03
11.721885107800	4.1281684030900e-03
11.751864353600	3.7521385584119e-03
11.781843599400	3.3778146457234e-03
11.811822845200	3.0054860847248e-03
11.841802091000	2.6354401353736e-03
11.871781336800	2.2679616557139e-03
11.901760582600	1.9033328624794e-03
11.931739828400	1.5418330946730e-03
11.961719074200	1.1837385803219e-03
11.991698320000	8.2932220660287e-04
12.021677565800	4.7885329353062e-04
12.051656811600	1.3259737139638e-04
12.081636057400	-2.0918403785777e-04
12.111615303200	-5.4623363514945e-04
12.141594549000	-8.7829855447480e-04
12.171573794800	-1.2051305686640e-03
12.201553040600	-1.5264862905058e-03
12.231532286400	-1.8421273690788e-03
12.261511532200	-2.1518206811310e-03
12.291490778000	-2.4553385173544e-03
12.321470023800	-2.7524587634068e-03
12.351449269600	-3.0429650755377e-03
12.381428515400	-3.3266470506794e-03
12.411407761200	-3.6033003908721e-03
12.441387007000	-3.8727270618950e-03
12.471366252800	-4.1347354459811e-03
12.501345498600	-4.3891404885013e-03
12.531324744400	-4.6357638385056e-03
12.561303990200	-4.8744339830176e-03
12.591283236000	-5.1049863749834e-03
12.621262481800	-5.3272635547824e-03
12.651241727600	-5.5411152652114e-03
12.681220973400	-5.7463985598642e-03
12.711200219200	-5.9429779048279e-03
12.741179465000	-6.1307252736311e-03
12.771158710800	-6.3095202353793e-03
12.801137956600	-6.4792500360207e-03
12.831117202400	-6.6398096726954e-03
12.861096448200	-6.7911019611205e-03
12.891075694000	-6.9330375959766e-03
12.921054939800	-7.0655352042631e-03
12.951034185600	-7.1885213915977e-03
12.981013431400	-7.3019307814421e-03
13.010992677200	-7.4057060472418e-03
13.040971923000	-7.4997979374727e-03
13.070951168800	-7.5841652935975e-03
13.100930414600	-7.6587750609366e-03
13.130909660400	-7.7236022924668e-03
13.160888906200	-7.7786301455682e-03
13.190868152000	-7.8238498717437e-03
13.220847397800	-7.8592607993427e-03
13.250826643600	-7.8848703093272e-03
13.280805889400	-7.9006938041236e-03
13.310785135200	-7.9067546696102e-03
13.340764381000	-7.9030842302961e-03
13.370743626800	-7.8897216977527e-03
13.400722872600	-7.8667141123653e-03
13.430702118400	-7.8341162784781e-03
13.460681364200	-7.7919906930109e-03
13.490660610000	-7.7404074676320e-03
13.520639855800	-7.6794442445768e-03
13.550619101600	-7.6091861062068e-03
13.580598347400	-7.5297254784107e-03
13.610577593200	-7.4411620279509e-03
13.640556839000	-7.3436025538677e-03
13.670536084800	-7.2371608730558e-03
13.700515330600	-7.1219577001333e-03
13.730494576400	-6.9981205217289e-03
13.760473822200	-6.8657834653149e-03
13.790453068000	-6.7250871627228e-03
13.820432313800	-6.5761786084769e-03
13.850411559600	-6.4192110130898e-03
13.880390805400	-6.2543436514664e-03
13.910370051200	-6.0817417065653e-03
13.940349297000	-5.9015761084732e-03
13.970328542800	-5.7140233690491e-03
14.000307788600	-5.5192654122988e-03
14.030287034400	-5.3174894006459e-03
14.060266280200	-5.1088875572641e-03
14.090245526000	-4.8936569846438e-03
14.120224771800	-4.6719994795644e-03
14.150204017600	-4.4441213446487e-03
14.180183263400	-4.2102331966785e-03
14.210162509200	-3.9705497718506e-03
14.240141755000	-3.7252897281569e-03
14.270121000800	-3.4746754450733e-03
14.300100246600	-3.2189328207437e-03
14.330079492400	-2.9582910668472e-03
14.360058738200	-2.6929825013384e-03
14.390037984000	-2.4232423392509e-03
14.420017229800	-2.1493084817576e-03
14.449996475600	-1.8714213036786e-03
14.479975721400	-1.5898234396320e-03
14.509954967200	-1.3047595690210e-03
14.539934213000	-1.0164762000525e-03
14.569913458800	-7.2522145298081e-04
14.599892704600	-4.3124484277315e-04
14.629871950400	-1.3479706139033e-04
14.659851196200	1.6387024012257e-04
14.689830442000	4.6450466954132e-04
14.719809687800	7.6685331117037e-04
14.749788933600	1.0706629431609e-03
14.779768179400	1.3756802542473e-03
14.809747425200	1.6816520597124e-03
14.839726671000	1.9883255163912e-03
14.869705916800	2.2954483365272e-03
14.899685162600	2.6027690002939e-03
14.929664408400	2.9100369667986e-03
14.959643654200	3.2170028833858e-03
14.989622900000	3.5234187930603e-03
15.019602145800	3.8290383398526e-03
15.049581391600	4.1336169719514e-03
15.079560637400	4.4369121424300e-03
15.109539883200	4.7386835073981e-03
15.139519129000	5.0386931214101e-03
15.169498374800	5.3367056299678e-03
15.199477620600	5.6324884589554e-03
15.229456866400	5.9258120008503e-03
15.259436112200	6.2164497975545e-03
15.289415358000	6.5041787196977e-03
15.319394603800	6.7887791422632e-03
15.349373849600	7.0700351163960e-03
15.379353095400	7.3477345372518e-03
15.409332341200	7.6216693077530e-03
15.439311587000	7.8916354981213e-03
15.469290832800	8.1574335010584e-03
15.499270078600	8.4188681824546e-03
15.529249324400	8.6757490275059e-03
15.559228570200	8.9278902821269e-03
15.589207816000	9.1751110895510e-03
15.619187061800	9.4172356220128e-03
15.649166307600	9.6540932074154e-03
15.679145553400	9.8855184508864e-03
15.709124799200	1.0111351351134e-02
15.739104045000	1.0331437411517e-02
15.769083290800	1.0545627745757e-02
15.799062536600	1.0753779178204e-02
15.829041782400	1.0955754338599e-02
15.859021028200	1.1151421751269e-02
15.889000274000	1.1340655918687e-02
15.918979519800	1.1523337399349e-02
15.948958765600	1.1699352879922e-02
15.978938011400	1.1868595241622e-02
16.008917257200	1.2030963620771e-02
16.038896503000	1.2186363463519e-02
16.068875748800	1.2334706574693e-02
16.098854994600	1.2475911160759e-02
16.128834240400	1.2609901866868e-02
16.158813486200	1.2736609807998e-02
16.188792732000	1.2855972594161e-02
16.218771977800	1.2967934349700e-02
16.248751223600	1.3072445726661e-02
16.278730469400	1.3169463912266e-02
16.308709715200	1.3258952630497e-02
16.338688961000	1.3340882137805e-02
16.368668206800	1.3415229212997e-02
16.398647452600	1.3481977141295e-02
16.428626698400	1.3541115692638e-02
16.458605944200	1.3592641094253e-02
16.488585190000	1.3636555997541e-02
16.518564435800	1.3672869439342e-02
16.548543681600	1.3701596797622e-02
16.578522927400	1.3722759741654e-02
16.608502173200	1.3736386176760e-02
16.638481419000	1.3742510183678e-02
16.668460664800	1.3741171952639e-02
16.698439910600	1.3732417712227e-02
16.728419156400	1.3716299653115e-02
16.758398402200	1.3692875846761e-02
16.788377648000	1.3662210159158e-02
16.818356893800	1.3624372159744e-02
16.848336139600	1.3579437025556e-02
16.878315385400	1.3527485440763e-02
16.908294631200	1.3468603491653e-02
16.938273877000	1.3402882557217e-02
16.968253122800	1.3330419195434e-02
16.998232368600	1.3251315025377e-02
17.028211614400	1.3165676605265e-02
17.058190860200	1.3073615306600e-02
17.088170106000	1.2975247184496e-02
17.118149351800	1.2870692844354e-02
17.148128597600	1.2760077305020e-02
17.178107843400	1.2643529858540e-02
17.208087089200	1.2521183926688e-02
17.238066335000	1.2393176914387e-02
17.268045580800	1.2259650060175e-02
17.298024826600	1.2120748283875e-02
17.328004072400	1.1976620031601e-02
17.357983318200	1.1827417118272e-02
17.387962564000	1.1673294567772e-02
17.417941809800	1.1514410450927e-02
17.447921055600	1.1350925721442e-02
17.477900301400	1.1183004049964e-02
17.507879547200	1.1010811656437e-02
17.537858793000	1.0834517140892e-02
17.567838038800	1.0654291312855e-02
17.597817284600	1.0470307019519e-02
17.627796530400	1.0282738972851e-02
17.657775776200	1.0091763575791e-02
17.687755022000	9.8975587477234e-03
17.717734267800	9.7003037493534e-03
17.747713513600	9.5001790071867e-03
17.777692759400	9.2973659377513e-03
17.807672005200	9.0920467717354e-03
17.837651251000	8.8844043782011e-03
17.867630496800	8.6746220890364e-03
17.897609742600	8.4628835238062e-03
17.927588988400	8.2493724151628e-03
17.957568234200	8.0342724349752e-03
17.987547480000	7.8177670213344e-03
18.017526725800	7.6000392065917e-03
18.047505971600	7.3812714465851e-03
18.077485217400	7.1616454512067e-03
18.107464463200	6.9413420164634e-03
18.137443709000	6.7205408581794e-03
18.167422954800	6.4994204474897e-03
18.197402200600	6.2781578482689e-03
18.227381446400	6.0569285566384e-03
18.257360692200	5.8359063426939e-03
18.287339938000	5.6152630945905e-03
18.317319183800	5.3951686651205e-03
18.347298429600	5.1757907209180e-03
18.377277675400	4.9572945944193e-03
18.407256921200	4.7398431387060e-03
18.437236167000	4.5235965853548e-03
18.467215412800	4.3087124054150e-03
18.497194658600	4.0953451736294e-03
18.527173904400	3.8836464360146e-03
18.557153150200	3.6737645809097e-03
18.587132396000	3.4658447136003e-03
18.617111641800	3.2600285346207e-03
18.647090887600	3.0564542218353e-03
18.677070133400	2.8552563163918e-03
18.707049379200	2.6565656126406e-03
18.737028625000	2.4605090521061e-03
18.767007870800	2.2672096215944e-03
18.796987116600	2.0767862555167e-03
18.826966362400	1.8893537425033e-03
18.856945608200	1.7050226363796e-03
18.886924854000	1.5238991715705e-03
18.916904099800	1.3460851829966e-03
18.946883345600	1.1716780305183e-03
18.976862591400	1.0007705279839e-03
19.006841837200	8.3345087692839e-04
19.036821083000	6.6980260497031e-04
19.066800328800	5.0990450894413e-04
19.096779574600	3.5383060280601e-04
19.126758820400	2.0165007034306e-04
19.156738066200	5.3427222712818e-05
19.186717312000	-9.0778539164856e-05
19.216696557800	-2.3091275734612e-04
19.246675803600	-3.6692594471887e-04
19.276655049400	-4.9877360796744e-04
19.306634295200	-6.2641626564264e-04
19.336613541000	-7.4981946133780e-04
19.366592786800	-8.6895377197632e-04
19.396572032600	-9.8379481122041e-04
19.426551278400	-1.0943232280155e-03
19.456530524200	-1.2005247002889e-03
19.486509770000	-1.3023899238265e-03
19.516489015800	-1.3999145963542e-03
19.546468261600	-1.4930993968569e-03
19.576447507400	-1.5819499601712e-03
19.606426753200	-1.6664768468918e-03
19.636405999000	-1.7466955086369e-03
19.666385244800	-1.8226262487216e-03
19.696364490600	-1.8942941782919e-03
19.726343736400	-1.9617291679768e-03
19.756322982200	-2.0249657951185e-03
19.786302228000	-2.0840432866477e-03
19.816281473800	-2.1390054576703e-03
19.846260719600	-2.1899006458397e-03
19.876239965400	-2.2367816415901e-03
19.906219211200	-2.2797056143109e-03
19.936198457000	-2.3187340345454e-03
19.966177702800	-2.3539325922999e-03
19.996156948600	-2.3853711115544e-03
20.026136194400	-2.4131234610667e-03
20.056115440200	-2.4372674615676e-03
20.086094686000	-2.4578847894453e-03
20.116073931800	-2.4750608770223e-03
20.146053177600	-2.4888848095300e-03
20.176032423400	-2.4994492188870e-03
20.206011669200	-2.5068501743950e-03
20.235990915000	-2.5111870704616e-03
20.265970160800	-2.5125625114679e-03
20.295949406600	-2.5110821938971e-03
20.325928652400	-2.5068547858453e-03
20.355907898200	-2.4999918040343e-03
20.385887144000	-2.4906074884518e-03
20.415866389800	-2.4788186747445e-03
20.445845635600	-2.4647446644899e-03
20.475824881400	-2.4485070934766e-03
20.505804127200	-2.4302297981240e-03
20.535783373000	-2.4100386801709e-03
20.565762618800	-2.3880615697673e-03
20.595741864600	-2.3644280871025e-03
20.625721110400	-2.3392695027043e-03
20.655700356200	-2.3127185965445e-03
20.685679602000	-2.2849095160868e-03
20.715658847800	-2.2559776334137e-03
20.745638093600	-2.2260594015702e-03
20.775617339400	-2.1952922102605e-03
20.805596585200	-2.1638142410351e-03
20.835575831000	-2.1317643221075e-03
20.865555076800	-2.0992817829355e-03
20.895534322600	-2.0665063087063e-03
20.925513568400	-2.0335777948609e-03
20.955492814200	-2.0006362017946e-03
20.985472060000	-1.9678214098691e-03
21.015451305800	-1.9352730748720e-03
21.045430551600	-1.9031304840561e-03
21.075409797400	-1.8715324128935e-03
21.105389043200	-1.8406169826755e-03
21.135368289000	-1.8105215190890e-03
21.165347534800	-1.7813824119000e-03
21.195326780600	-1.7533349758707e-03
21.225306026400	-1.7265133130383e-03
21.255285272200	-1.7010501764789e-03
21.285264518000	-1.6770768356803e-03
21.315243763800	-1.6547229436453e-03
21.345223009600	-1.6341164058430e-03
21.375202255400	-1.6153832511273e-03
21.405181501200	-1.5986475047355e-03
21.435160747000	-1.5840310634810e-03
21.465139992800	-1.5716535732489e-03
21.495119238600	-1.5616323089041e-03
21.525098484400	-1.5540820567138e-03
21.555077730200	-1.5491149993911e-03
21.585056976000	-1.5468406038546e-03
21.615036221800	-1.5473655118051e-03
21.645015467600	-1.5507934332098e-03
21.674994713400	-1.5572250427871e-03
21.704973959200	-1.5667578795792e-03
21.734953205000	-1.5794862496964e-03
21.764932450800	-1.5955011323151e-03
21.794911696600	-1.6148900890086e-03
21.824890942400	-1.6377371764831e-03
21.854870188200	-1.6641228627932e-03
21.884849434000	-1.6941239471022e-03
21.914828679800	-1.7278134830537e-03
21.944807925600	-1.7652607058142e-03
21.974787171400	-1.8065309628445e-03
22.004766417200	-1.8516856484533e-03
22.034745663000	-1.9007821421833e-03
22.064724908800	-1.9538737510757e-03
22.094704154600	-2.0110096558561e-03
22.124683400400	-2.0722348610799e-03
22.154662646200	-2.1375901492734e-03
22.184641892000	-2.2071120390998e-03
22.214621137800	-2.2808327475799e-03
22.244600383600	-2.3587801563886e-03
22.274579629400	-2.4409777822488e-03
22.304558875200	-2.5274447514374e-03
22.334538121000	-2.6181957784159e-03
22.364517366800	-2.7132411485930e-03
22.394496612600	-2.8125867052245e-03
22.424475858400	-2.9162338404502e-03
22.454455104200	-3.0241794904644e-03
22.484434350000	-3.1364161348136e-03
22.514413595800	-3.2529317998091e-03
22.544392841600	-3.3737100660407e-03
22.574372087400	-3.4987300799734e-03
22.604351333200	-3.6279665696033e-03
22.634330579000	-3.7613898641487e-03
22.664309824800	-3.8989659177455e-03
22.694289070600	-4.0406563371146e-03
22.724268316400	-4.1864184131644e-03
22.754247562200	-4.3362051564880e-03
22.784226808000	-4.4899653367121e-03
22.814206053800	-4.6476435256500e-03
22.844185299600	-4.8091801442087e-03
22.874164545400	-4.9745115129959e-03
22.904143791200	-5.1435699065710e-03
22.934123037000	-5.3162836112791e-03
22.964102282800	-5.4925769866054e-03
22.994081528600	-5.6723705299833e-03
23.024060774400	-5.8555809449882e-03
23.054040020200	-6.0421212128432e-03
23.084019266000	-6.2319006671638e-03
23.113998511800	-6.4248250718628e-03
23.143977757600	-6.6207967021353e-03
23.173957003400	-6.8197144284422e-03
23.203936249200	-7.0214738034050e-03
23.233915495000	-7.2259671515265e-03
23.263894740800	-7.4330836616460e-03
23.293873986600	-7.6427094820369e-03
23.323853232400	-7.8547278180543e-03
23.353832478200	-8.0690190322336e-03
23.383811724000	-8.2854607467442e-03
23.413790969800	-8.5039279480975e-03
23.443770215600	-8.7242930940074e-03
23.473749461400	-8.9464262223004e-03
23.503728707200	-9.1701950617703e-03
23.533707953000	-9.3954651448710e-03
23.563687198800	-9.6220999221407e-03
23.593666444600	-9.8499608782474e-03
23.623645690400	-1.0078907649548e-02
23.653624936200	-1.0308798143046e-02
23.683604182000	-1.0539488656644e-02
23.713583427800	-1.0770834000569e-02
23.743562673600	-1.1002687619860e-02
23.773541919400	-1.1234901717816e-02
23.803521165200	-1.1467327380265e-02
23.833500411000	-1.1699814700572e-02
23.863479656800	-1.1932212905234e-02
23.893458902600	-1.2164370479988e-02
23.923438148400	-1.2396135296278e-02
23.953417394200	-1.2627354737996e-02
23.983396640000	-1.2857875828364e-02
24.013375885800	-1.3087545356852e-02
24.043355131600	-1.3316210006014e-02
24.073334377400	-1.3543716478132e-02
24.103313623200	-1.3769911621545e-02
24.133292869000	-1.3994642556574e-02
24.163272114800	-1.4217756800895e-02
24.193251360600	-1.4439102394293e-02
24.223230606400	-1.4658528022650e-02
24.253209852200	-1.4875883141077e-02
24.283189098000	-1.5091018096087e-02
24.313168343800	-1.5303784246689e-02
24.343147589600	-1.5514034084308e-02
24.373126835400	-1.5721621351425e-02
24.403106081200	-1.5926401158841e-02
24.433085327000	-1.6128230101454e-02
24.463064572800	-1.6326966372464e-02
24.493043818600	-1.6522469875901e-02
24.523023064400	-1.6714602337384e-02
24.553002310200	-1.6903227413019e-02
24.582981556000	-1.7088210796354e-02
24.612960801800	-1.7269420323284e-02
24.642940047600	-1.7446726074838e-02
24.672919293400	-1.7620000477762e-02
24.702898539200	-1.7789118402802e-02
24.732877785000	-1.7953957260635e-02
24.762857030800	-1.8114397095339e-02
24.792836276600	-1.8270320675364e-02
24.822815522400	-1.8421613581899e-02
24.852794768200	-1.8568164294596e-02
24.882774014000	-1.8709864274558e-02
24.912753259800	-1.8846608044561e-02
24.942732505600	-1.8978293266411e-02
24.972711751400	-1.9104820815413e-02
25.002690997200	-1.9226094851880e-02
25.032670243000	-1.9342022889636e-02
25.062649488800	-1.9452515861456e-02
25.092628734600	-1.9557488181420e-02
25.122607980400	-1.9656857804108e-02
25.152587226200	-1.9750546280624e-02
25.182566472000	-1.9838478811395e-02
25.212545717800	-1.9920584295726e-02
25.242524963600	-1.9996795378063e-02
25.272504209400	-2.0067048490959e-02
25.302483455200	-2.0131283894705e-02
25.332462701000	-2.0189445713603e-02
25.362441946800	-2.0241481968884e-02
25.392421192600	-2.0287344608228e-02
25.422400438400	-2.0326989531900e-02
25.452379684200	-2.0360376615481e-02
25.482358930000	-2.0387469729195e-02
25.512338175800	-2.0408236753827e-02
25.542317421600	-2.0422649593235e-02
25.572296667400	-2.0430684183464e-02
25.602275913200	-2.0432320498464e-02
25.632255159000	-2.0427542552429e-02
25.662234404800	-2.0416338398768e-02
25.692213650600	-2.0398700125727e-02
25.722192896400	-2.0374623848675e-02
25.752172142200	-2.0344109699093e-02
25.782151388000	-2.0307161810274e-02
25.812130633800	-2.0263788299776e-02
25.842109879600	-2.0214001248648e-02
25.872089125400	-2.0157816677485e-02
25.902068371200	-2.0095254519317e-02
25.932047617000	-2.0026338589404e-02
25.962026862800	-1.9951096551963e-02
25.992006108600	-1.9869559883867e-02
26.021985354400	-1.9781763835389e-02
26.051964600200	-1.9687747388007e-02
26.081943846000	-1.9587553209356e-02
26.111923091800	-1.9481227605356e-02
26.141902337600	-1.9368820469594e-02
26.171881583400	-1.9250385230003e-02
26.201860829200	-1.9125978792917e-02
26.231840075000	-1.8995661484546e-02
26.261819320800	-1.8859496989959e-02
26.291798566600	-1.8717552289628e-02
26.321777812400	-1.8569897593607e-02
26.351757058200	-1.8416606273419e-02
26.381736304000	-1.8257754791728e-02
26.411715549800	-1.8093422629865e-02
26.441694795600	-1.7923692213289e-02
26.471674041400	-1.7748648835058e-02
26.501653287200	-1.7568380577396e-02
26.531632533000	-1.7382978231434e-02
26.561611778800	-1.7192535215200e-02
26.591591024600	-1.6997147489957e-02
26.621570270400	-1.6796913474963e-02
26.651549516200	-1.6591933960740e-02
26.681528762000	-1.6382312020940e-02
26.711508007800	-1.6168152922897e-02
26.741487253600	-1.5949564036953e-02
26.771466499400	-1.5726654744641e-02
26.801445745200	-1.5499536345826e-02
26.831424991000	-1.5268321964880e-02
26.861404236800	-1.5033126455996e-02
26.891383482600	-1.4794066307716e-02
26.921362728400	-1.4551259546781e-02
26.951341974200	-1.4304825641378e-02
26.981321220000	-1.4054885403888e-02
27.011300465800	-1.3801560893210e-02
27.041279711600	-1.3544975316778e-02
27.071258957400	-1.3285252932328e-02
27.101238203200	-1.3022518949536e-02
27.131217449000	-1.2756899431597e-02
27.161196694800	-1.2488521196841e-02
27.191175940600	-1.2217511720480e-02
27.221155186400	-1.1943999036564e-02
27.251134432200	-1.1668111640237e-02
27.281113678000	-1.1389978390388e-02
27.311092923800	-1.1109728412772e-02
27.341072169600	-1.0827491003685e-02
27.371051415400	-1.0543395534292e-02
27.401030661200	-1.0257571355670e-02
27.431009907000	-9.9701477046588e-03
27.460989152800	-9.6812536106075e-03
27.490968398600	-9.3910178030731e-03
27.520947644400	-9.0995686205700e-03
27.550926890200	-8.8070339204360e-03
27.580906136000	-8.5135409898901e-03
27.610885381800	-8.2192164583571e-03
27.640864627600	-7.9241862111282e-03
27.670843873400	-7.6285753044274e-03
27.700823119200	-7.3325078819518e-03
27.730802365000	-7.0361070929508e-03
27.760781610800	-6.7394950119079e-03
27.790760856600	-6.4427925598880e-03
27.820740102400	-6.1461194276087e-03
27.850719348200	-5.8495940002940e-03
27.880698594000	-5.5533332843659e-03
27.910677839800	-5.2574528360286e-03
27.940657085600	-4.9620666917935e-03
27.970636331400	-4.6672873009985e-03
28.000615577200	-4.3732254603648e-03
28.030594823000	-4.0799902506371e-03
28.060574068800	-3.7876889753506e-03
28.090553314600	-3.4964271017626e-03
28.120532560400	-3.2063082039873e-03
28.150511806200	-2.9174339083698e-03
28.180491052000	-2.6299038411297e-03
28.210470297800	-2.3438155783072e-03
28.240449543600	-2.0592645980370e-03
28.270428789400	-1.7763442351777e-03
28.300408035200	-1.4951456383171e-03
28.330387281000	-1.2157577291765e-03
28.360366526800	-9.3826716442875e-04
28.390345772600	-6.6275829994790e-04
28.420325018400	-3.8931315750231e-04
28.450304264200	-1.1801139390129e-04
28.480283510000	1.5106972739653e-04
28.510262755800	4.1785536220783e-04
28.540242001600	6.8227310907939e-04
28.570221247400	9.4425303027279e-04
28.600200493200	1.2037276702810e-03
28.630179739000	1.4606320718813e-03
28.660158984800	1.7149037897319e-03
28.690138230600	1.9664829015212e-03
28.720117476400	2.2153120166814e-03
28.750096722200	2.4613362826812e-03
28.780075968000	2.7045033889134e-03
28.810055213800	2.9447635681963e-03
28.840034459600	3.1820695959101e-03
28.870013705400	3.4163767867914e-03
28.899992951200	3.6476429894115e-03
28.929972197000	3.8758285783652e-03
28.959951442800	4.1008964442015e-03
28.989930688600	4.3228119811263e-03
29.019909934400	4.5415430725119e-03
29.049889180200	4.7570600742491e-03
29.079868426000	4.9693357959791e-03
29.109847671800	5.1783454802453e-03
29.139826917600	5.3840667796071e-03
29.169806163400	5.5864797317570e-03
29.199785409200	5.7855667326886e-03
29.229764655000	5.9813125079601e-03
29.259743900800	6.1737040821027e-03
29.289723146600	6.3627307462236e-03
29.319702392400	6.5483840238547e-03
29.349681638200	6.7306576350997e-03
29.379660884000	6.9095474591344e-03
29.409640129800	7.0850514951154e-03
29.439619375600	7.2571698215530e-03
29.469598621400	7.4259045542084e-03
29.499577867200	7.5912598025715e-03
29.529557113000	7.7532416249816e-03
29.559536358800	7.9118579824511e-03
29.589515604600	8.0671186912535e-03
29.619494850400	8.2190353743407e-03
29.649474096200	8.3676214116499e-03
29.679453342000	8.5128918893679e-03
29.709432587800	8.6548635482145e-03
29.739411833600	8.7935547308129e-03
29.769391079400	8.9289853282114e-03
29.799370325200	9.0611767256240e-03
29.829349571000	9.1901517474547e-03
29.859328816800	9.3159346016755e-03
29.889308062600	9.4385508236216e-03
29.919287308400	9.5580272192741e-03
29.949266554200	9.6743918080956e-03
29.979245800000	9.7876737654871e-03
30.009225045800	9.8979033649328e-03
30.039204291600	1.0005111919900e-02
30.069183537400	1.0109331725561e-02
30.099162783200	1.0210596000404e-02
30.129142029000	1.0308938827795e-02
30.159121274800	1.0404395097570e-02
30.189100520600	1.0497000447697e-02
30.219079766400	1.0586791206103e-02
30.249059012200	1.0673804332707e-02
30.279038258000	1.0758077361732e-02
30.309017503800	1.0839648344355e-02
30.338996749600	1.0918555791768e-02
30.368975995400	1.0994838618684e-02
30.398955241200	1.1068536087384e-02
30.428934487000	1.1139687752330e-02
30.458913732800	1.1208333405427e-02
30.488892978600	1.1274513021975e-02
30.518872224400	1.1338266707372e-02
30.548851470200	1.1399634644625e-02
30.578830716000	1.1458657042718e-02
30.608809961800	1.1515374085884e-02
30.638789207600	1.1569825883846e-02
30.668768453400	1.1622052423061e-02
30.698747699200	1.1672093519021e-02
30.728726945000	1.1719988769650e-02
30.758706190800	1.1765777509861e-02
30.788685436600	1.1809498767284e-02
30.818664682400	1.1851191219234e-02
30.848643928200	1.1890893150947e-02
30.878623174000	1.1928642415115e-02
30.908602419800	1.1964476392773e-02
30.938581665600	1.1998431955552e-02
30.968560911400	1.2030545429344e-02
30.998540157200	1.2060852559408e-02
31.028519403000	1.2089388476941e-02
31.058498648800	1.2116187667137e-02
31.088477894600	1.2141283938775e-02
31.118457140400	1.2164710395337e-02
31.148436386200	1.2186499407697e-02
31.178415632000	1.2206682588381e-02
31.208394877800	1.2225290767437e-02
31.238374123600	1.2242353969907e-02
31.268353369400	1.2257901394928e-02
31.298332615200	1.2271961396472e-02
31.328311861000	1.2284561465731e-02
31.358291106800	1.2295728215152e-02
31.388270352600	1.2305487364131e-02
31.418249598400	1.2313863726372e-02
31.448228844200	1.2320881198900e-02
31.478208090000	1.2326562752744e-02
31.508187335800	1.2330930425272e-02
31.538166581600	1.2334005314178e-02
31.568145827400	1.2335807573125e-02
31.598125073200	1.2336356409018e-02
31.628104319000	1.2335670080902e-02
31.658083564800	1.2333765900488e-02
31.688062810600	1.2330660234263e-02
31.718042056400	1.2326368507197e-02
31.748021302200	1.2320905208015e-02
31.778000548000	1.2314283896006e-02
31.807979793800	1.2306517209372e-02
31.837959039600	1.2297616875069e-02
31.867938285400	1.2287593720128e-02
31.897917531200	1.2276457684426e-02
31.927896777000	1.2264217834882e-02
31.957876022800	1.2250882381043e-02
31.987855268600	1.2236458692032e-02
32.017834514400	1.2220953314826e-02
32.047813760200	1.2204371993825e-02
32.077793006000	1.2186719691682e-02
32.107772251800	1.2168000611355e-02
32.137751497600	1.2148218219340e-02
32.167730743400	1.2127375270048e-02
32.197709989200	1.2105473831285e-02
32.227689235000	1.2082515310790e-02
32.257668480800	1.2058500483797e-02
32.287647726600	1.2033429521559e-02
32.317626972400	1.2007302020809e-02
32.347606218200	1.1980117034100e-02
32.377585464000	1.1951873100974e-02
32.407564709800	1.1922568279924e-02
32.437543955600	1.1892200181089e-02
32.467523201400	1.1860765999640e-02
32.497502447200	1.1828262549800e-02
32.527481693000	1.1794686299452e-02
32.557460938800	1.1760033405285e-02
32.587440184600	1.1724299748422e-02
32.617419430400	1.1687480970472e-02
32.647398676200	1.1649572509974e-02
32.677377922000	1.1610569639158e-02
32.707357167800	1.1570467500974e-02
32.737336413600	1.1529261146352e-02
32.767315659400	1.1486945571615e-02
32.797294905200	1.1443515756012e-02
32.827274151000	1.1398966699301e-02
32.857253396800	1.1353293459347e-02
32.887232642600	1.1306491189657e-02
32.917211888400	1.1258555176826e-02
32.947191134200	1.1209480877817e-02
32.977170380000	1.1159263957037e-02
33.007149625800	1.1107900323156e-02
33.037128871600	1.1055386165602e-02
33.067108117400	1.1001717990703e-02
33.097087363200	1.0946892657412e-02
33.127066609000	1.0890907412557e-02
33.157045854800	1.0833759925588e-02
33.187025100600	1.0775448322752e-02
33.217004346400	1.0715971220659e-02
33.246983592200	1.0655327759184e-02
33.276962838000	1.0593517633667e-02
33.306942083800	1.0530541126359e-02
33.336921329600	1.0466399137068e-02
33.366900575400	1.0401093212970e-02
33.396879821200	1.0334625577534e-02
33.426859067000	1.0266999158522e-02
33.456838312800	1.0198217615022e-02
33.486817558600	1.0128285363486e-02
33.516796804400	1.0057207602714e-02
33.546776050200	9.9849903377695e-03
33.576755296000	9.9116404027764e-03
33.606734541800	9.8371654825705e-03
33.636713787600	9.7615741331710e-03
33.666693033400	9.6848758010411e-03
33.696672279200	9.6070808411091e-03
33.726651525000	9.5282005335214e-03
33.756630770800	9.4482470991001e-03
33.786610016600	9.3672337134830e-03
33.816589262400	9.2851745199198e-03
33.846568508200	9.2020846407050e-03
33.876547754000	9.1179801872263e-03
33.906526999800	9.0328782686113e-03
33.936506245600	8.9467969989549e-03
33.966485491400	8.8597555031132e-03
33.996464737200	8.7717739210509e-03
34.026443983000	8.6828734107298e-03
34.056423228800	8.5930761495307e-03
34.086402474600	8.5024053341980e-03
34.116381720400	8.4108851793045e-03
34.146360966200	8.3185409142282e-03
34.176340212000	8.2253987786426e-03
34.206319457800	8.1314860165159e-03
34.236298703600	8.0368308686232e-03
34.266277949400	7.9414625635732e-03
34.296257195200	7.8454113073542e-03
34.326236441000	7.7487082714053e-03
34.356215686800	7.6513855792231e-03
34.386194932600	7.5534762915107e-03
34.416174178400	7.4550143898837e-03
34.446153424200	7.3560347591446e-03
34.476132670000	7.2565731681425e-03
34.506111915800	7.1566662492330e-03
34.536091161600	7.0563514763592e-03
34.566070407400	6.9556671417724e-03
34.596049653200	6.8546523314150e-03
34.626028899000	6.7533468989894e-03
34.656008144800	6.6517914387376e-03
34.685987390600	6.5500272569590e-03
34.715966636400	6.4480963422937e-03
34.745945882200	6.3460413348018e-03
34.775925128000	6.2439054938699e-03
34.805904373800	6.1417326649778e-03
34.835883619600	6.0395672453582e-03
34.865862865400	5.9374541485877e-03
34.895842111200	5.8354387681424e-03
34.925821357000	5.7335669399597e-03
34.955800602800	5.6318849040432e-03
34.985779848600	5.5304392651531e-03
35.015759094400	5.4292769526226e-03
35.045738340200	5.3284451793439e-03
35.075717586000	5.2279913999686e-03
35.105696831800	5.1279632683656e-03
35.135676077600	5.0284085943844e-03
35.165655323400	4.9293752999700e-03
35.195634569200	4.8309113746772e-03
35.225613815000	4.7330648306332e-03
35.255593060800	4.6358836569981e-03
35.285572306600	4.5394157739731e-03
35.315551552400	4.4437089864077e-03
35.345530798200	4.3488109370570e-03
35.375510044000	4.2547690595413e-03
35.405489289800	4.1616305310611e-03
35.435468535600	4.0694422249192e-03
35.465447781400	3.9782506629048e-03
35.495427027200	3.8881019675919e-03
35.525406273000	3.7990418146071e-03
35.555385518800	3.7111153849205e-03
35.585364764600	3.6243673172140e-03
35.615344010400	3.5388416603815e-03
35.645323256200	3.4545818262160e-03
35.675302502000	3.3716305423365e-03
35.705281747800	3.2900298054116e-03
35.735260993600	3.2098208347316e-03
35.765240239400	3.1310440261845e-03
35.795219485200	3.0537389066890e-03
35.825198731000	2.9779440891389e-03
35.855177976800	2.9036972279108e-03
35.885157222600	2.8310349749881e-03
35.915136468400	2.7599929367546e-03
35.945115714200	2.6906056315071e-03
35.975094960000	2.6229064477400e-03
36.005074205800	2.5569276032510e-03
36.035053451600	2.4927001051185e-03
36.065032697400	2.4302537105982e-03
36.095011943200	2.3696168889884e-03
36.124991189000	2.3108167845094e-03
36.154970434800	2.2538791802458e-03
36.184949680600	2.1988284631931e-03
36.214928926400	2.1456875904571e-03
36.244908172200	2.0944780566452e-03
36.274887418000	2.0452198624947e-03
36.304866663800	1.9979314847770e-03
36.334845909600	1.9526298475174e-03
36.364825155400	1.9093302945697e-03
36.394804401200	1.8680465635819e-03
36.424783647000	1.8287907613887e-03
36.454762892800	1.7915733408646e-03
36.484742138600	1.7564030792714e-03
36.514721384400	1.7232870581304e-03
36.544700630200	1.6922306446494e-03
36.574679876000	1.6632374747333e-03
36.604659121800	1.6363094376035e-03
36.634638367600	1.6114466620531e-03
36.664617613400	1.5886475043598e-03
36.694596859200	1.5679085378787e-03
36.724576105000	1.5492245443354e-03
36.754555350800	1.5325885068374e-03
36.784534596600	1.5179916046200e-03
36.814513842400	1.5054232095422e-03
36.844493088200	1.4948708843460e-03
36.874472334000	1.4863203826885e-03
36.904451579800	1.4797556509583e-03
36.934430825600	1.4751588318827e-03
36.964410071400	1.4725102699316e-03
36.994389317200	1.4717885185224e-03
37.024368563000	1.4729703490269e-03
37.054347808800	1.4760307615815e-03
37.084327054600	1.4809429976990e-03
37.114306300400	1.4876785546768e-03
37.144285546200	1.4962072017984e-03
37.174264792000	1.5064969983187e-03
37.204244037800	1.5185143132256e-03
37.234223283600	1.5322238467655e-03
37.264202529400	1.5475886537207e-03
37.294181775200	1.5645701684236e-03
37.324161021000	1.5831282314905e-03
37.354140266800	1.6032211182579e-03
37.384119512600	1.6248055688995e-03
37.414098758400	1.6478368202030e-03
37.444078004200	1.6722686389825e-03
37.474057250000	1.6980533571002e-03
37.504036495800	1.7251419080718e-03
37.534015741600	1.7534838652244e-03
37.563994987400	1.7830274813778e-03
37.593974233200	1.8137197300168e-03
37.623953479000	1.8455063479186e-03
37.653932724800	1.8783318792025e-03
37.683911970600	1.9121397207627e-03
37.713891216400	1.9468721690459e-03
37.743870462200	1.9824704681340e-03
37.773849708000	2.0188748590903e-03
37.803828953800	2.0560246305250e-03
37.833808199600	2.0938581703369e-03
37.863787445400	2.1323130185849e-03
37.893766691200	2.1713259214422e-03
37.923745937000	2.2108328861849e-03
37.953725182800	2.2507692371655e-03
37.983704428600	2.2910696727205e-03
38.013683674400	2.3316683229611e-03
38.043662920200	2.3724988083922e-03
38.073642166000	2.4134942993083e-03
38.103621411800	2.4545875759099e-03
38.133600657600	2.4957110890843e-03
38.163579903400	2.5367970217961e-03
38.193559149200	2.5777773510285e-03
38.223538395000	2.6185839102169e-03
38.253517640800	2.6591484521186e-03
38.283496886600	2.6994027120552e-03
38.313476132400	2.7392784714717e-03
38.343455378200	2.7787076217495e-03
38.373434624000	2.8176222282120e-03
38.403413869800	2.8559545942639e-03
38.433393115600	2.8936373255998e-03
38.463372361400	2.9306033944220e-03
38.493351607200	2.9667862036045e-03
38.523330853000	3.0021196507410e-03
38.553310098800	3.0365381920157e-03
38.583289344600	3.0699769058318e-03
38.613268590400	3.1023715561387e-03
38.643247836200	3.1336586553931e-03
38.673227082000	3.1637755270934e-03
38.703206327800	3.1926603678243e-03
38.733185573600	3.2202523087511e-03
38.763164819400	3.2464914765024e-03
38.793144065200	3.2713190533796e-03
38.823123311000	3.2946773368329e-03
38.853102556800	3.3165097981456e-03
38.883081802600	3.3367611402650e-03
38.913061048400	3.3553773547233e-03
38.943040294200	3.3723057775896e-03
38.973019540000	3.3874951443961e-03
39.002998785800	3.4008956439826e-03
39.032978031600	3.4124589712031e-03
39.062957277400	3.4221383784413e-03
39.092936523200	3.4298887258796e-03
39.122915769000	3.4356665304715e-03
39.152895014800	3.4394300135642e-03
39.182874260600	3.4411391471218e-03
39.212853506400	3.4407556985011e-03
39.242832752200	3.4382432737302e-03
39.272811998000	3.4335673592459e-03
39.302791243800	3.4266953620430e-03
39.332770489600	3.4175966481926e-03
39.362749735400	3.4062425796872e-03
39.392728981200	3.3926065495719e-03
39.422708227000	3.3766640153223e-03
39.452687472800	3.3583925304309e-03
39.482666718600	3.3377717741682e-03
39.512645964400	3.3147835794807e-03
39.542625210200	3.2894119589966e-03
39.572604456000	3.2616431291056e-03
39.602583701800	3.2314655320852e-03
39.632562947600	3.1988698562453e-03
39.662542193400	3.1638490540660e-03
39.692521439200	3.1263983583041e-03
39.722500685000	3.0865152960478e-03
39.752479930800	3.0441997006975e-03
39.782459176600	2.9994537218571e-03
39.812438422400	2.9522818331179e-03
39.842417668200	2.9026908377209e-03
39.872396914000	2.8506898720873e-03
39.902376159800	2.7962904072043e-03
39.932355405600	2.7395062478600e-03
39.962334651400	2.6803535297206e-03
39.992313897200	2.6188507142450e-03
40.022293143000	2.5550185814363e-03
40.052272388800	2.4888802204289e-03
40.082251634600	2.4204610179133e-03
40.112230880400	2.3497886444029e-03
40.142210126200	2.2768930383494e-03
40.172189372000	2.2018063881136e-03
40.202168617800	2.1245631118028e-03
40.232147863600	2.0451998349869e-03
40.262127109400	1.9637553663068e-03
40.292106355200	1.8802706709923e-03
40.322085601000	1.7947888423065e-03
40.352064846800	1.7073550709387e-03
40.382044092600	1.6180166123657e-03
40.412023338400	1.5268227522076e-03
40.442002584200	1.4338247696040e-03
40.471981830000	1.3390758986370e-03
40.501961075800	1.2426312878329e-03
40.531940321600	1.1445479577736e-03
40.561919567400	1.0448847568508e-03
40.591898813200	9.4370231519911e-04
40.621878059000	8.4106299684533e-04
40.651857304800	7.3703085011242e-04
40.681836550600	6.3167155631918e-04
40.711815796400	5.2505237681783e-04
40.741795042200	4.1724209841366e-04
40.771774288000	3.0831097721224e-04
40.801753533800	1.9833068094139e-04
40.831732779600	8.7374229796743e-05
40.861712025400	-2.4484064139197e-05
40.891691271200	-1.3716865885257e-04
40.921670517000	-2.5060284567550e-04
40.951649762800	-3.6470881383077e-04
40.981629008600	-4.7940771618831e-04
41.011608254400	-5.9461973617654e-04
41.041587500200	-7.1026415579057e-04
41.071566746000	-8.2625942463804e-04
41.101545991800	-9.4252322996239e-04
41.131525237600	-1.0589725675821e-03
41.161504483400	-1.1755238136840e-03
41.191483729200	-1.2920927974068e-03
41.221462975000	-1.4085948741515e-03
41.251442220800	-1.5249449995535e-03
41.281421466600	-1.6410578040511e-03
41.311400712400	-1.7568476679835e-03
41.341379958200	-1.8722287971520e-03
41.371359204000	-1.9871152987773e-03
41.401338449800	-2.1014212577840e-03
41.431317695600	-2.2150608133444e-03
41.461296941400	-2.3279482356138e-03
41.491276187200	-2.4399980025865e-03
41.521255433000	-2.5511248770049e-03
41.551234678800	-2.6612439832512e-03
41.581213924600	-2.7702708841529e-03
41.611193170400	-2.8781216576317e-03
41.641172416200	-2.9847129731272e-03
41.671151662000	-3.0899621677253e-03
41.701130907800	-3.1937873219218e-03
41.731110153600	-3.2961073349528e-03
41.761089399400	-3.3968419996224e-03
41.791068645200	-3.4959120765595e-03
41.821047891000	-3.5932393678355e-03
41.851027136800	-3.6887467898755e-03
41.881006382600	-3.7823584455954e-03
41.910985628400	-3.8739996956990e-03
41.940964874200	-3.9635972290689e-03
41.970944120000	-4.0510791321861e-03
42.000923365800	-4.1363749575141e-03
42.030902611600	-4.2194157907838e-03
42.060881857400	-4.3001343171168e-03
42.090861103200	-4.3784648859251e-03
42.120840349000	-4.4543435745276e-03
42.150819594800	-4.5277082504218e-03
42.180798840600	-4.5984986321548e-03
42.210778086400	-4.6666563487342e-03
42.240757332200	-4.7321249975241e-03
42.270736578000	-4.7948502005716e-03
42.300715823800	-4.8547796593092e-03
42.330695069600	-4.9118632075823e-03
42.360674315400	-4.9660528629512e-03
42.390653561200	-5.0173028762178e-03
42.420632807000	-5.0655697791299e-03
42.450612052800	-5.1108124302175e-03
42.480591298600	-5.1529920587164e-03
42.510570544400	-5.1920723065366e-03
42.540549790200	-5.2280192682339e-03
42.570529036000	-5.2608015289474e-03
42.600508281800	-5.2903902002629e-03
42.630487527600	-5.3167589539687e-03
42.660466773400	-5.3398840536694e-03
42.690446019200	-5.3597443842254e-03
42.720425265000	-5.3763214789887e-03
42.750404510800	-5.3895995448070e-03
42.780383756600	-5.3995654847695e-03
42.810363002400	-5.4062089186721e-03
42.840342248200	-5.4095222011769e-03
42.870321494000	-5.4095004376497e-03
42.900300739800	-5.4061414976546e-03
42.930279985600	-5.3994460260919e-03
42.960259231400	-5.3894174519644e-03
42.990238477200	-5.3760619947610e-03
43.020217723000	-5.3593886684483e-03
43.050196968800	-5.3394092830621e-03
43.080176214600	-5.3161384438945e-03
43.110155460400	-5.2895935482729e-03
43.140134706200	-5.2597947799305e-03
43.170113952000	-5.2267651009684e-03
43.200093197800	-5.1905302414147e-03
43.230072443600	-5.1511186863837e-03
43.260051689400	-5.1085616608453e-03
43.290030935200	-5.0628931120121e-03
43.320010181000	-5.0141496893582e-03
43.349989426800	-4.9623707222822e-03
43.379968672600	-4.9075981954313e-03
43.409947918400	-4.8498767217053e-03
43.439927164200	-4.7892535129593e-03
43.469906410000	-4.7257783484287e-03
43.499885655800	-4.6595035409014e-03
43.529864901600	-4.5904839006620e-03
43.559844147400	-4.5187766972379e-03
43.589823393200	-4.4444416189770e-03
43.619802639000	-4.3675407304901e-03
43.649781884800	-4.2881384279913e-03
43.679761130600	-4.2063013925736e-03
43.709740376400	-4.1220985414569e-03
43.739719622200	-4.0356009772487e-03
43.769698868000	-3.9468819352596e-03
43.799678113800	-3.8560167289153e-03
43.829657359600	-3.7630826933129e-03
43.859636605400	-3.6681591269651e-03
43.889615851200	-3.5713272317835e-03
43.919595097000	-3.4726700513496e-03
43.949574342800	-3.3722724075244e-03
43.979553588600	-3.2702208354511e-03
44.009532834400	-3.1666035170046e-03
44.039512080200	-3.0615102127432e-03
44.069491326000	-2.9550321924206e-03
44.099470571800	-2.8472621641156e-03
44.129449817600	-2.7382942020405e-03
44.159429063400	-2.6282236730875e-03
44.189408309200	-2.5171471621768e-03
44.219387555000	-2.4051623964682e-03
44.249366800800	-2.2923681685008e-03
44.279346046600	-2.1788642583259e-03
44.309325292400	-2.0647513546992e-03
44.339304538200	-1.9501309753986e-03
44.369283784000	-1.8351053867359e-03
44.399263029800	-1.7197775223297e-03
44.429242275600	-1.6042509012099e-03
44.459221521400	-1.4886295453218e-03
44.489200767200	-1.3730178965012e-03
44.519180013000	-1.2575207329903e-03
44.549159258800	-1.1422430855655e-03
44.579138504600	-1.0272901533489e-03
44.609117750400	-9.1276721937418e-04
44.639096996200	-7.9877956597971e-04
44.669076242000	-6.8543239010012e-04
44.699055487800	-5.7283071852864e-04
44.729034733600	-4.6107932322235e-04
44.759013979400	-3.5028263672219e-04
44.788993225200	-2.4054466775979e-04
44.818972471000	-1.3196891712283e-04
44.848951716800	-2.4658293850436e-05
44.878930962600	8.1284968170248e-05
44.908910208400	1.8575939313531e-04
44.938889454200	2.8866434571290e-04
44.968868700000	3.8990011281953e-04
44.998847945800	4.8936798471470e-04
45.028827191600	5.8697033534484e-04
45.058806437400	6.8261070186868e-04
45.088785683200	7.7619386329658e-04
45.118764929000	8.6762591817739e-04
45.148744174800	9.5681436126696e-04
45.178723420600	1.0436681591138e-03
45.208702666400	1.1280978244976e-03
45.238681912200	1.2100154896586e-03
45.268661158000	1.2893349782555e-03
45.298640403800	1.3659718759907e-03
45.328619649600	1.4398435998461e-03
45.358598895400	1.5108694658673e-03
45.388578141200	1.5789707554437e-03
45.418557387000	1.6440707800253e-03
45.448536632800	1.7060949442245e-03
45.478515878600	1.7649708072492e-03
45.508495124400	1.8206281426168e-03
45.538474370200	1.8729989960977e-03
45.568453616000	1.9220177418429e-03
45.598432861800	1.9676211366465e-03
45.628412107600	2.0097483723007e-03
45.658391353400	2.0483411259983e-03
45.688370599200	2.0833436087423e-03
45.718349845000	2.1147026117229e-03
45.748329090800	2.1423675506235e-03
45.778308336600	2.1662905078211e-03
45.808287582400	2.1864262724448e-03
45.838266828200	2.2027323782623e-03
45.868246074000	2.2151691393626e-03
45.898225319800	2.2236996836073e-03
45.928204565600	2.2282899838240e-03
45.958183811400	2.2289088867165e-03
45.988163057200	2.2255281394711e-03
46.018142303000	2.2181224140364e-03
46.048121548800	2.2066693290602e-03
46.078100794600	2.1911494694659e-03
46.108080040400	2.1715464036547e-03
46.138059286200	2.1478466983215e-03
46.168038532000	2.1200399308733e-03
46.198017777800	2.0881186994442e-03
46.227997023600	2.0520786304989e-03
46.257976269400	2.0119183840218e-03
46.287955515200	1.9676396562907e-03
46.317934761000	1.9192471802335e-03
46.347914006800	1.8667487233729e-03
46.377893252600	1.8101550833608e-03
46.407872498400	1.7494800811120e-03
46.437851744200	1.6847405515426e-03
46.467830990000	1.6159563319274e-03
46.497810235800	1.5431502478860e-03
46.527789481600	1.4663480970138e-03
46.557768727400	1.3855786301753e-03
46.587747973200	1.3008735304769e-03
46.617727219000	1.2122673899414e-03
46.647706464800	1.1197976839067e-03
46.677685710600	1.0235047431723e-03
46.707664956400	9.2343172392188e-04
46.737644202200	8.1962457544885e-04
46.767623448000	7.1213200571656e-04
46.797602693800	6.0100544478410e-04
46.827581939600	4.8629900613239e-04
46.857561185400	3.6806944592597e-04
46.887540431200	2.4637612024783e-04
46.917519677000	1.2128094034654e-04
46.947498922800	-7.1516740638209e-06
46.977478168600	-1.3885484340843e-04
47.007457414400	-2.7375927871739e-04
47.037436660200	-4.1179333390685e-04
47.067415906000	-5.5288305982872e-04
47.097395151800	-6.9695226004064e-04
47.127374397600	-8.4392254824646e-04
47.157353643400	-9.9371340735627e-04
47.187332889200	-1.1462422501135e-03
47.217312135000	-1.3014244812358e-03
47.247291380800	-1.4591735610142e-03
47.277270626600	-1.6194010703160e-03
47.307249872400	-1.7820167769326e-03
47.337229118200	-1.9469287032158e-03
47.367208364000	-2.1140431949430e-03
47.397187609800	-2.2832649913502e-03
47.427166855600	-2.4544972962748e-03
47.457146101400	-2.6276418503432e-03
47.487125347200	-2.8025990041436e-03
47.517104593000	-2.9792677923190e-03
47.547083838800	-3.1575460085179e-03
47.577063084600	-3.3373302811379e-03
47.607042330400	-3.5185161497973e-03
47.637021576200	-3.7009981424694e-03
47.667000822000	-3.8846698532142e-03
47.696980067800	-4.0694240204415e-03
47.726959313600	-4.2551526056376e-03
47.756938559400	-4.4417468724919e-03
47.786917805200	-4.6290974663535e-03
47.816897051000	-4.8170944939536e-03
47.846876296800	-5.0056276033254e-03
47.876855542600	-5.1945860638545e-03
47.906834788400	-5.3838588463946e-03
47.936814034200	-5.5733347033803e-03
47.966793280000	-5.7629022488708e-03
47.996772525800	-5.9524500384595e-03
48.026751771600	-6.1418666489820e-03
48.056731017400	-6.3310407579585e-03
48.086710263200	-6.5198612227044e-03
48.116689509000	-6.7082171590454e-03
48.146668754800	-6.8959980195724e-03
48.176648000600	-7.0830936713735e-03
48.206627246400	-7.2693944731797e-03
48.236606492200	-7.4547913518623e-03
48.266585738000	-7.6391758782218e-03
48.296564983800	-7.8224403420057e-03
48.326544229600	-8.0044778260984e-03
48.356523475400	-8.1851822798219e-03
48.386502721200	-8.3644485912910e-03
48.416481967000	-8.5421726587667e-03
48.446461212800	-8.7182514609511e-03
48.476440458600	-8.8925831261694e-03
48.506419704400	-9.0650670003874e-03
48.536398950200	-9.2356037140099e-03
48.566378196000	-9.4040952474109e-03
48.596357441800	-9.5704449951453e-03
48.626336687600	-9.7345578287944e-03
48.656315933400	-9.8963401583979e-03
48.686295179200	-1.0055699992426e-02
48.716274425000	-1.0212546996253e-02
48.746253670800	-1.0366792549077e-02
48.776232916600	-1.0518349799262e-02
48.806212162400	-1.0667133718054e-02
48.836191408200	-1.0813061151622e-02
48.866170654000	-1.0956050871417e-02
48.896149899800	-1.1096023622780e-02
48.926129145600	-1.1232902171794e-02
48.956108391400	-1.1366611350334e-02
48.986087637200	-1.1497078099285e-02
49.016066883000	-1.1624231509909e-02
49.046046128800	-1.1748002863328e-02
49.076025374600	-1.1868325668103e-02
49.106004620400	-1.1985135695879e-02
49.135983866200	-1.2098371015087e-02
49.165963112000	-1.2207972022674e-02
49.195942357800	-1.2313881473847e-02
49.225921603600	-1.2416044509818e-02
49.255900849400	-1.2514408683536e-02
49.285880095200	-1.2608923983391e-02
49.315859341000	-1.2699542854887e-02
49.345838586800	-1.2786220220262e-02
49.375817832600	-1.2868913496076e-02
49.405797078400	-1.2947582608728e-02
49.435776324200	-1.3022190007929e-02
49.465755570000	-1.3092700678116e-02
49.495734815800	-1.3159082147810e-02
49.525714061600	-1.3221304496927e-02
49.555693307400	-1.3279340362035e-02
49.585672553200	-1.3333164939583e-02
49.615651799000	-1.3382755987089e-02
49.645631044800	-1.3428093822315e-02
49.675610290600	-1.3469161320428e-02
49.705589536400	-1.3505943909175e-02
49.735568782200	-1.3538429562067e-02
49.765548028000	-1.3566608789620e-02
49.795527273800	-1.3590474628634e-02
49.825506519600	-1.3610022629569e-02
49.855485765400	-1.3625250842009e-02
49.885465011200	-1.3636159798256e-02
49.915444257000	-1.3642752495077e-02
49.945423502800	-1.3645034373624e-02
49.975402748600	-1.3643013297565e-02
50.005381994400	-1.3636699529447e-02
50.035361240200	-1.3626105705326e-02
50.065340486000	-1.3611246807707e-02
50.095319731800	-1.3592140136806e-02
50.125298977600	-1.3568805280193e-02
50.155278223400	-1.3541264080836e-02
50.185257469200	-1.3509540603595e-02
50.215236715000	-1.3473661100199e-02
50.245215960800	-1.3433653972748e-02
50.275195206600	-1.3389549735786e-02
50.305174452400	-1.3341380976981e-02
50.335153698200	-1.3289182316460e-02
50.365132944000	-1.3232990364841e-02
50.395112189800	-1.3172843680014e-02
50.425091435600	-1.3108782722712e-02
50.455070681400	-1.3040849810916e-02
50.485049927200	-1.2969089073154e-02
50.515029173000	-1.2893546400733e-02
50.545008418800	-1.2814269398957e-02
50.574987664600	-1.2731307337385e-02
50.604966910400	-1.2644711099168e-02
50.634946156200	-1.2554533129540e-02
50.664925402000	-1.2460827383484e-02
50.694904647800	-1.2363649272656e-02
50.724883893600	-1.2263055611594e-02
50.754863139400	-1.2159104563291e-02
50.784842385200	-1.2051855584158e-02
50.814821631000	-1.1941369368454e-02
50.844800876800	-1.1827707792225e-02
50.874780122600	-1.1710933856811e-02
50.904759368400	-1.1591111631970e-02
50.934738614200	-1.1468306198677e-02
50.964717860000	-1.1342583591659e-02
50.994697105800	-1.1214010741702e-02
51.024676351600	-1.1082655417805e-02
51.054655597400	-1.0948586169221e-02
51.084634843200	-1.0811872267442e-02
51.114614089000	-1.0672583648185e-02
51.144593334800	-1.0530790853429e-02
51.174572580600	-1.0386564973553e-02
51.204551826400	-1.0239977589638e-02
51.234531072200	-1.0091100715966e-02
51.264510318000	-9.9400067427903e-03
51.294489563800	-9.7867683794068e-03
51.324468809600	-9.6314585975926e-03
51.354448055400	-9.4741505754502e-03
51.384427301200	-9.3149176417117e-03
51.414406547000	-9.1538332205498e-03
51.444385792800	-8.9909707769417e-03
51.474365038600	-8.8264037626345e-03
51.504344284400	-8.6602055627546e-03
51.534323530200	-8.4924494431085e-03
51.564302776000	-8.3232084982168e-03
51.594282021800	-8.1525556001245e-03
51.624261267600	-7.9805633480294e-03
51.654240513400	-7.8073040187690e-03
51.684219759200	-7.6328495182049e-03
51.714199005000	-7.4572713335436e-03
51.744178250800	-7.2806404866302e-03
51.774157496600	-7.1030274882515e-03
51.804136742400	-6.9245022934825e-03
51.834115988200	-6.7451342581103e-03
51.864095234000	-6.5649920961670e-03
51.894074479800	-6.3841438386028e-03
51.924053725600	-6.2026567931288e-03
51.954032971400	-6.0205975052571e-03
51.984012217200	-5.8380317205659e-03
52.013991463000	-5.6550243482134e-03
52.043970708800	-5.4716394257263e-03
52.073949954600	-5.2879400850842e-03
52.103929200400	-5.1039885201209e-03
52.133908446200	-4.9198459552627e-03
52.163887692000	-4.7355726156216e-03
52.193866937800	-4.5512276984604e-03
52.223846183600	-4.3668693460434e-03
52.253825429400	-4.1825546198886e-03
52.283804675200	-3.9983394764313e-03
52.313783921000	-3.8142787441113e-03
52.343763166800	-3.6304261018917e-03
52.373742412600	-3.4468340592174e-03
52.403721658400	-3.2635539374195e-03
52.433700904200	-3.0806358525698e-03
52.463680150000	-2.8981286997878e-03
52.493659395800	-2.7160801390034e-03
52.523638641600	-2.5345365821733e-03
52.553617887400	-2.3535431819511e-03
52.583597133200	-2.1731438218074e-03
52.613576379000	-1.9933811075956e-03
52.643555624800	-1.8142963605569e-03
52.673534870600	-1.6359296117584e-03
52.703514116400	-1.4583195979543e-03
52.733493362200	-1.2815037588598e-03
52.763472608000	-1.1055182358277e-03
52.793451853800	-9.3039787191248e-04
52.823431099600	-7.5617621330889e-04
52.853410345400	-5.8288551214874e-04
52.883389591200	-4.1055673063899e-04
52.913368837000	-2.3921954652268e-04
52.943348082800	-6.8902359843008e-05
52.973327328600	1.0036769901025e-04
53.003306574400	2.6856475999421e-04
53.033285820200	4.3566420286942e-04
53.063265066000	6.0164264544407e-04
53.093244311800	7.6647793063137e-04
53.123223557600	9.3014911234682e-04
53.153202803400	1.0926364402732e-03
53.183182049200	1.2539213435220e-03
53.213161295000	1.4139864132211e-03
53.243140540800	1.5728153840591e-03
53.273119786600	1.7303931148192e-03
53.303099032400	1.8867055679331e-03
53.333078278200	2.0417397880902e-03
53.363057524000	2.1954838799360e-03
53.393036769800	2.3479269848928e-03
53.423016015600	2.4990592571420e-03
53.452995261400	2.6488718387999e-03
53.482974507200	2.7973568343285e-03
53.512953753000	2.9445072842155e-03
53.542932998800	3.0903171379637e-03
53.572912244600	3.2347812264273e-03
53.602891490400	3.3778952335352e-03
53.632870736200	3.5196556674408e-03
53.662849982000	3.6600598311371e-03
53.692829227800	3.7991057925796e-03
53.722808473600	3.9367923543554e-03
53.752787719400	4.0731190229409e-03
53.782766965200	4.2080859775888e-03
53.812746211000	4.3416940388857e-03
53.842725456800	4.4739446370205e-03
53.872704702600	4.6048397798079e-03
53.902683948400	4.7343820205052e-03
53.932663194200	4.8625744254663e-03
53.962642440000	4.9894205416726e-03
53.992621685800	5.1149243641838e-03
54.022600931600	5.2390903035483e-03
54.052580177400	5.3619231532145e-03
54.082559423200	5.4834280569847e-03
54.112538669000	5.6036104765505e-03
54.142517914800	5.7224761591510e-03
54.172497160600	5.8400311053932e-03
54.202476406400	5.9562815372736e-03
54.232455652200	6.0712338664407e-03
54.262434898000	6.1848946627362e-03
54.292414143800	6.2972706230523e-03
54.322393389600	6.4083685405443e-03
54.352372635400	6.5181952742330e-03
54.382351881200	6.6267577190342e-03
54.412331127000	6.7340627762510e-03
54.442310372800	6.8401173245623e-03
54.472289618600	6.9449281915428e-03
54.502268864400	7.0485021257468e-03
54.532248110200	7.1508457693883e-03
54.562227356000	7.2519656316495e-03
54.592206601800	7.3518680626470e-03
54.622185847600	7.4505592280870e-03
54.652165093400	7.5480450846365e-03
54.682144339200	7.6443313560403e-03
54.712123585000	7.7394235100082e-03
54.742102830800	7.8333267359007e-03
54.772082076600	7.9260459232357e-03
54.802061322400	8.0175856410410e-03
54.832040568200	8.1079501180754e-03
54.862019814000	8.1971432239386e-03
54.891999059800	8.2851684510913e-03
54.921978305600	8.3720288978044e-03
54.951957551400	8.4577272520546e-03
54.981936797200	8.5422657763843e-03
55.011916043000	8.6256462937400e-03
55.041895288800	8.7078701743052e-03
55.071874534600	8.7889383233393e-03
55.101853780400	8.8688511700351e-03
55.131833026200	8.9476086574062e-03
55.161812272000	9.0252102332121e-03
55.191791517800	9.1016548419304e-03
55.221770763600	9.1769409177827e-03
55.251750009400	9.2510663788193e-03
55.281729255200	9.3240286220672e-03
55.311708501000	9.3958245197445e-03
55.341687746800	9.4664504165433e-03
55.371666992600	9.5359021279801e-03
55.401646238400	9.6041749398150e-03
55.431625484200	9.6712636085355e-03
55.461604730000	9.7371623629033e-03
55.491583975800	9.8018649065578e-03
55.521563221600	9.8653644216719e-03
55.551542467400	9.9276535736522e-03
55.581521713200	9.9887245168750e-03
55.611500959000	1.0048568901449e-02
55.641480204800	1.0107177880996e-02
55.671459450600	1.0164542121428e-02
55.701438696400	1.0220651810727e-02
55.731417942200	1.0275496669690e-02
55.761397188000	1.0329065963642e-02
55.791376433800	1.0381348515086e-02
55.821355679600	1.0432332717292e-02
55.851334925400	1.0482006548777e-02
55.881314171200	1.0530357588692e-02
55.911293417000	1.0577373033056e-02
55.941272662800	1.0623039711854e-02
55.971251908600	1.0667344106946e-02
56.001231154400	1.0710272370778e-02
56.031210400200	1.0751810345867e-02
56.061189646000	1.0791943585035e-02
56.091168891800	1.0830657372362e-02
56.121148137600	1.0867936744841e-02
56.151127383400	1.0903766514688e-02
56.181106629200	1.0938131292302e-02
56.211085875000	1.0971015509820e-02
56.241065120800	1.1002403445264e-02
56.271044366600	1.1032279247219e-02
56.301023612400	1.1060626960042e-02
56.331002858200	1.1087430549539e-02
56.360982104000	1.1112673929100e-02
56.390961349800	1.1136340986251e-02
56.420940595600	1.1158415609586e-02
56.450919841400	1.1178881716045e-02
56.480899087200	1.1197723278512e-02
56.510878333000	1.1214924353684e-02
56.540857578800	1.1230469110195e-02
56.570836824600	1.1244341856931e-02
56.600816070400	1.1256527071531e-02
56.630795316200	1.1267009429019e-02
56.660774562000	1.1275773830528e-02
56.690753807800	1.1282805432102e-02
56.720733053600	1.1288089673504e-02
56.750712299400	1.1291612307034e-02
56.780691545200	1.1293359426283e-02
56.810670791000	1.1293317494817e-02
56.840650036800	1.1291473374726e-02
56.870629282600	1.1287814355033e-02
56.900608528400	1.1282328179894e-02
56.930587774200	1.1275003076580e-02
56.960567020000	1.1265827783191e-02
56.990546265800	1.1254791576069e-02
57.020525511600	1.1241884296870e-02
57.050504757400	1.1227096379278e-02
57.080484003200	1.1210418875303e-02
57.110463249000	1.1191843481143e-02
57.140442494800	1.1171362562571e-02
57.170421740600	1.1148969179824e-02
57.200400986400	1.1124657111942e-02
57.230380232200	1.1098420880542e-02
57.260359478000	1.1070255772993e-02
57.290338723800	1.1040157864952e-02
57.320317969600	1.1008124042237e-02
57.350297215400	1.0974152022016e-02
57.380276461200	1.0938240373261e-02
57.410255707000	1.0900388536467e-02
57.440234952800	1.0860596842584e-02
57.470214198600	1.0818866531154e-02
57.500193444400	1.0775199767615e-02
57.530172690200	1.0729599659755e-02
57.560151936000	1.0682070273288e-02
57.590131181800	1.0632616646538e-02
57.620110427600	1.0581244804191e-02
57.650089673400	1.0527961770118e-02
57.680068919200	1.0472775579229e-02
57.710048165000	1.0415695288351e-02
57.740027410800	1.0356730986109e-02
57.770006656600	1.0295893801793e-02
57.799985902400	1.0233195913197e-02
57.829965148200	1.0168650553411e-02
57.859944394000	1.0102272016563e-02
57.889923639800	1.0034075662486e-02
57.919902885600	9.9640779203131e-03
57.949882131400	9.8922962909741e-03
57.979861377200	9.8187493486036e-03
58.009840623000	9.7434567408386e-03
58.039819868800	9.6664391880075e-03
58.069799114600	9.5877184812019e-03
58.099778360400	9.5073174792296e-03
58.129757606200	9.4252601044447e-03
58.159736852000	9.3415713374552e-03
58.189716097800	9.2562772107055e-03
58.219695343600	9.1694048009382e-03
58.249674589400	9.0809822205349e-03
58.279653835200	8.9910386077409e-03
58.309633081000	8.8996041157782e-03
58.339612326800	8.8067099008535e-03
58.369591572600	8.7123881090673e-03
58.399570818400	8.6166718622338e-03
58.429550064200	8.5195952426204e-03
58.459529310000	8.4211932766178e-03
58.489508555800	8.3215019173534e-03
58.519487801600	8.2205580262602e-03
58.549467047400	8.1183993536158e-03
58.579446293200	8.0150645180677e-03
58.609425539000	7.9105929851605e-03
58.639404784800	7.8050250448836e-03
58.669384030600	7.6984017882568e-03
58.699363276400	7.5907650829761e-03
58.729342522200	7.4821575481374e-03
58.759321768000	7.3726225280630e-03
58.789301013800	7.2622040652518e-03
58.819280259600	7.1509468724784e-03
58.849259505400	7.0388963040650e-03
58.879238751200	6.9260983263527e-03
58.909217997000	6.8125994873984e-03
58.939197242800	6.6984468859249e-03
58.969176488600	6.5836881395531e-03
58.999155734400	6.4683713523456e-03
59.029134980200	6.3525450816903e-03
59.059114226000	6.2362583045569e-03
59.089093471800	6.1195603831570e-03
59.119072717600	6.0025010300393e-03
59.149051963400	5.8851302726536e-03
59.179031209200	5.7674984174176e-03
59.209010455000	5.6496560133190e-03
59.238989700800	5.5316538150899e-03
59.268968946600	5.4135427459860e-03
59.298948192400	5.2953738602092e-03
59.328927438200	5.1771983050073e-03
59.358906684000	5.0590672824886e-03
59.388885929800	4.9410320111887e-03
59.418865175600	4.8231436874256e-03
59.448844421400	4.7054534464815e-03
59.478823667200	4.5880123236496e-03
59.508802913000	4.4708712151822e-03
59.538782158800	4.3540808391812e-03
59.568761404600	4.2376916964657e-03
59.598740650400	4.1217540314594e-03
59.628719896200	4.0063177931328e-03
59.658699142000	3.8914325960406e-03
59.688678387800	3.7771476814930e-03
59.718657633600	3.6635118788985e-03
59.748636879400	3.5505735673173e-03
59.778616125200	3.4383806372631e-03
59.808595371000	3.3269804527927e-03
59.838574616800	3.2164198139188e-03
59.868553862600	3.1067449193868e-03
59.898533108400	2.9980013298506e-03
59.928512354200	2.8902339314851e-03
59.958491600000	2.7834869000724e-03
59.988470845800	2.6778036655981e-03
60.018450091600	2.5732268773925e-03
60.048429337400	2.4697983698534e-03
60.078408583200	2.3675591287837e-03
60.108387829000	2.2665492583802e-03
60.138367074800	2.1668079489045e-03
60.168346320600	2.0683734450721e-03
60.198325566400	1.9712830151894e-03
60.228304812200	1.8755729210720e-03
60.258284058000	1.7812783887742e-03
60.288263303800	1.6884335801610e-03
60.318242549600	1.5970715653507e-03
60.348221795400	1.5072242960574e-03
60.378201041200	1.4189225798616e-03
60.408180287000	1.3321960554345e-03
60.438159532800	1.2470731687429e-03
60.468138778600	1.1635811502593e-03
60.498118024400	1.0817459932016e-03
60.528097270200	1.0015924328242e-03
60.558076516000	9.2314392678496e-04
60.588055761800	8.4642263660595e-04
60.618035007600	7.7144941025044e-04
60.648014253400	6.9824376583357e-04
60.677993499200	6.2682387648493e-04
60.707972745000	5.5720655637947e-04
60.737951990800	4.8940724795243e-04
60.767931236600	4.2344001031238e-04
60.797910482400	3.5931750886566e-04
60.827889728200	2.9705100616411e-04
60.857868974000	2.3665035398692e-04
60.887848219800	1.7812398666602e-04
60.917827465600	1.2147891566347e-04
60.947806711400	6.6720725407887e-05
60.977785957200	1.3853570395754e-05
61.007765203000	-3.7119826437787e-05
61.037744448800	-8.6198174075261e-05
61.067723694600	-1.3338161249826e-04
61.097702940400	-1.7867171049305e-04
61.127682186200	-2.2207146218083e-04
61.157661432000	-2.6358528227431e-04
61.187640677800	-3.0321900006360e-04
61.217619923600	-3.4097985213558e-04
61.247599169400	-3.7687647383229e-04
61.277578415200	-4.1091888945495e-04
61.307557661000	-4.4311850122170e-04
61.337536906800	-4.7348807698826e-04
61.367516152600	-5.0204173674187e-04
61.397495398400	-5.2879493788023e-04
61.427474644200	-5.5376445928838e-04
61.457453890000	-5.7696838422750e-04
61.487433135800	-5.9842608205096e-04
61.517412381600	-6.1815818876403e-04
61.547391627400	-6.3618658644491e-04
61.577370873200	-6.5253438154567e-04
61.607350119000	-6.6722588209317e-04
61.637329364800	-6.8028657381073e-04
61.667308610600	-6.9174309518272e-04
61.697287856400	-7.0162321148509e-04
61.727267102200	-7.0995578780603e-04
61.757246348000	-7.1677076108199e-04
61.787225593800	-7.2209911117502e-04
61.817204839600	-7.2597283101873e-04
61.847184085400	-7.2842489586087e-04
61.877163331200	-7.2948923163145e-04
61.907142577000	-7.2920068246629e-04
61.937121822800	-7.2759497741675e-04
61.967101068600	-7.2470869637702e-04
61.997080314400	-7.2057923526148e-04
62.027059560200	-7.1524477046505e-04
62.057038806000	-7.0874422264045e-04
62.087018051800	-7.0111721982679e-04
62.116997297600	-6.9240405996468e-04
62.146976543400	-6.8264567283372e-04
62.176955789200	-6.7188358144857e-04
62.206935035000	-6.6015986295074e-04
62.236914280800	-6.4751710903344e-04
62.266893526600	-6.3399838593735e-04
62.296872772400	-6.1964719405586e-04
62.326852018200	-6.0450742718842e-04
62.356831264000	-5.8862333148117e-04
62.386810509800	-5.7203946409434e-04
62.416789755600	-5.5480065163614e-04
62.446769001400	-5.3695194840326e-04
62.476748247200	-5.1853859446795e-04
62.506727493000	-4.9960597365235e-04
62.536706738800	-4.8019957143036e-04
62.566685984600	-4.6036493279774e-04
62.596665230400	-4.4014762015108e-04
62.626644476200	-4.1959317121626e-04
62.656623722000	-3.9874705706701e-04
62.686602967800	-3.7765464027414e-04
62.716582213600	-3.5636113322587e-04
62.746561459400	-3.3491155665941e-04
62.776540705200	-3.1335069844407e-04
62.806519951000	-2.9172307265551e-04
62.836499196800	-2.7007287898084e-04
62.866478442600	-2.4844396249376e-04
62.896457688400	-2.2687977383857e-04
62.926436934200	-2.0542332986165e-04
62.956416180000	-1.8411717472836e-04
62.986395425800	-1.6300334156306e-04
63.016374671600	-1.4212331464914e-04
63.046353917400	-1.2151799222584e-04
63.076333163200	-1.0122764991756e-04
63.106312409000	-8.1291904831151e-05
63.136291654800	-6.1749680355838e-05
63.166270900600	-4.2639171699633e-05
63.196250146400	-2.3997812195668e-05
63.226229392200	-5.8622404108229e-06
63.256208638000	1.1731731911572e-05
63.286187883800	2.8749151044121e-05
63.316167129600	4.5155951572762e-05
63.346146375400	6.0918985770054e-05
63.376125621200	7.6006052016108e-05
63.406104867000	9.0385922239860e-05
63.436084112800	1.0402836835438e-04
63.466063358600	1.1690418766086e-04
63.496042604400	1.2898522719700e-04
63.526021850200	1.4024440700653e-04
63.556001096000	1.5065574230764e-04
63.585980341800	1.6019436453926e-04
63.615959587600	1.6883654126521e-04
63.645938833400	1.7655969491730e-04
63.675918079200	1.8334242035983e-04
63.705897325000	1.8916450125877e-04
63.735876570800	1.9400692524044e-04
63.765855816600	1.9785189782551e-04
63.795835062400	2.0068285512537e-04
63.825814308200	2.0248447528925e-04
63.855793554000	2.0324268869161e-04
63.885772799800	2.0294468685062e-04
63.915752045600	2.0157893006989e-04
63.945731291400	1.9913515379666e-04
63.975710537200	1.9560437369121e-04
64.005689783000	1.9097888940337e-04
64.035669028800	1.8525228705335e-04
64.065648274600	1.7841944041539e-04
64.095627520400	1.7047651080398e-04
64.125606766200	1.6142094566388e-04
64.155586012000	1.5125147586619e-04
64.185565257800	1.3996811171420e-04
64.215544503600	1.2757213766408e-04
64.245523749400	1.1406610576650e-04
64.275502995200	9.9453827836904e-05
64.305482241000	8.3740366363090e-05
64.335461486800	6.6932024160294e-05
64.365440732600	4.9036332785017e-05
64.395419978400	3.0062039720225e-05
64.425399224200	1.0019094345690e-05
64.455378470000	-1.1081367291491e-05
64.485357715800	-3.3227038889981e-05
64.515336961600	-5.6404461473493e-05
64.545316207400	-8.0599042117683e-05
64.575295453200	-1.0579507380495e-04
64.605274699000	-1.3197575638624e-04
64.635253944800	-1.5912321862796e-04
64.665233190600	-1.8721854132078e-04
64.695212436400	-2.1624178142645e-04
64.725191682200	-2.4617199723713e-04
64.755170928000	-2.7698727452143e-04
64.785150173800	-3.0866475362956e-04
64.815129419600	-3.4118065752984e-04
64.845108665400	-3.7451032074718e-04
64.875087911200	-4.0862821917372e-04
64.905067157000	-4.4350800072068e-04
64.935046402800	-4.7912251677976e-04
64.965025648600	-5.1544385446147e-04
64.995004894400	-5.5244336957715e-04
65.024984140200	-5.9009172033059e-04
65.054963386000	-6.2835890168447e-04
65.084942631800	-6.6721428036614e-04
65.114921877600	-7.0662663047662e-04
65.144901123400	-7.4656416966612e-04
65.174880369200	-7.8699459583881e-04
65.204859615000	-8.2788512434893e-04
65.234838860800	-8.6920252564996e-04
65.264818106600	-9.1091316335809e-04
65.294797352400	-9.5298303269069e-04
65.324776598200	-9.9537779924027e-04
65.354755844000	-1.0380628380439e-03
65.384735089800	-1.0810032729080e-03
65.414714335600	-1.1241640159478e-03
65.444693581400	-1.1675098073010e-03
65.474672827200	-1.2110052549743e-03
65.504652073000	-1.2546148747823e-03
65.534631318800	-1.2983031303373e-03
65.564610564600	-1.3420344730486e-03
65.594589810400	-1.3857733820910e-03
65.624569056200	-1.4294844042997e-03
65.654548302000	-1.4731321939521e-03
65.684527547800	-1.5166815523948e-03
65.714506793600	-1.5600974674745e-03
65.744486039400	-1.6033451527331e-03
65.774465285200	-1.6463900863255e-03
65.804444531000	-1.6891980496209e-03
65.834423776800	-1.7317351654473e-03
65.864403022600	-1.7739679359389e-03
65.894382268400	-1.8158632799493e-03
65.924361514200	-1.8573885699899e-03
65.954340760000	-1.8985116686556e-03
65.984320005800	-1.9392009645016e-03
66.014299251600	-1.9794254073321e-03
66.044278497400	-2.0191545428657e-03
66.074257743200	-2.0583585467409e-03
66.104236989000	-2.0970082578271e-03
66.134216234800	-2.1350752108058e-03
66.164195480600	-2.1725316679881e-03
66.194174726400	-2.2093506503366e-03
66.224153972200	-2.2455059676576e-03
66.254133218000	-2.2809722479338e-03
66.284112463800	-2.3157249657658e-03
66.314091709600	-2.3497404698933e-03
66.344070955400	-2.3829960097670e-03
66.374050201200	-2.4154697611432e-03
66.404029447000	-2.4471408506747e-03
66.434008692800	-2.4779893794716e-03
66.463987938600	-2.5079964456084e-03
66.493967184400	-2.5371441655515e-03
66.523946430200	-2.5654156944868e-03
66.553925676000	-2.5927952455243e-03
66.583904921800	-2.6192681077605e-03
66.613884167600	-2.6448206631775e-03
66.643863413400	-2.6694404023633e-03
66.673842659200	-2.6931159390339e-03
66.703821905000	-2.7158370233436e-03
66.733801150800	-2.7375945539673e-03
66.763780396600	-2.7583805889429e-03
66.793759642400	-2.7781883552613e-03
66.823738888200	-2.7970122571937e-03
66.853718134000	-2.8148478833455e-03
66.883697379800	-2.8316920124310e-03
66.913676625600	-2.8475426177601e-03
66.943655871400	-2.8623988704319e-03
66.973635117200	-2.8762611412321e-03
67.003614363000	-2.8891310012299e-03
67.033593608800	-2.9010112210739e-03
67.063572854600	-2.9119057689858e-03
67.093552100400	-2.9218198074545e-03
67.123531346200	-2.9307596886311e-03
67.153510592000	-2.9387329484302e-03
67.183489837800	-2.9457482993418e-03
67.213469083600	-2.9518156219600e-03
67.243448329400	-2.9569459552372e-03
67.273427575200	-2.9611514854712e-03
67.303406821000	-2.9644455340375e-03
67.333386066800	-2.9668425438763e-03
67.363365312600	-2.9683580647487e-03
67.393344558400	-2.9690087372755e-03
67.423323804200	-2.9688122757740e-03
67.453303050000	-2.9677874499095e-03
67.483282295800	-2.9659540651796e-03
67.513261541600	-2.9633329422496e-03
67.543240787400	-2.9599458951604e-03
67.573220033200	-2.9558157084286e-03
67.603199279000	-2.9509661130637e-03
67.633178524800	-2.9454217615233e-03
67.663157770600	-2.9392082016335e-03
67.693137016400	-2.9323518494987e-03
67.723116262200	-2.9248799614286e-03
67.753095508000	-2.9168206049099e-03
67.783074753800	-2.9082026286516e-03
67.813053999600	-2.8990556317342e-03
67.843033245400	-2.8894099318930e-03
67.873012491200	-2.8792965329677e-03
67.902991737000	-2.8687470915507e-03
67.932970982800	-2.8577938828678e-03
67.962950228600	-2.8464697659253e-03
67.992929474400	-2.8348081479586e-03
68.022908720200	-2.8228429482180e-03
68.052887966000	-2.8106085611292e-03
68.082867211800	-2.7981398188636e-03
68.112846457600	-2.7854719533587e-03
68.142825703400	-2.7726405578250e-03
68.172804949200	-2.7596815477797e-03
68.202784195000	-2.7466311216462e-03
68.232763440800	-2.7335257209589e-03
68.262742686600	-2.7204019902155e-03
68.292721932400	-2.7072967364147e-03
68.322701178200	-2.6942468883245e-03
68.352680424000	-2.6812894555179e-03
68.382659669800	-2.6684614872230e-03
68.412638915600	-2.6558000310245e-03
68.442618161400	-2.6433420914631e-03
68.472597407200	-2.6311245885723e-03
68.502576653000	-2.6191843163973e-03
68.532555898800	-2.6075579015361e-03
68.562535144600	-2.5962817617489e-03
68.592514390400	-2.5853920646745e-03
68.622493636200	-2.5749246866997e-03
68.652472882000	-2.5649151720220e-03
68.682452127800	-2.5553986919490e-03
68.712431373600	-2.5464100044762e-03
68.742410619400	-2.5379834141852e-03
68.772389865200	-2.5301527325042e-03
68.802369111000	-2.5229512383720e-03
68.832348356800	-2.5164116393465e-03
68.862327602600	-2.5105660331979e-03
68.892306848400	-2.5054458700283e-03
68.922286094200	-2.5010819149550e-03
68.952265340000	-2.4975042113988e-03
68.982244585800	-2.4947420450152e-03
69.012223831600	-2.4928239083061e-03
69.042203077400	-2.4917774659503e-03
69.072182323200	-2.4916295208884e-03
69.102161569000	-2.4924059811999e-03
69.132140814800	-2.4941318278058e-03
69.162120060600	-2.4968310830322e-03
69.192099306400	-2.5005267800697e-03
69.222078552200	-2.5052409333586e-03
69.252057798000	-2.5109945099352e-03
69.282037043800	-2.5178074017676e-03
69.312016289600	-2.5256983991129e-03
69.341995535400	-2.5346851649239e-03
69.371974781200	-2.5447842103335e-03
69.401954027000	-2.5560108712449e-03
69.431933272800	-2.5683792860525e-03
69.461912518600	-2.5819023745184e-03
69.491891764400	-2.5965918178296e-03
69.521871010200	-2.6124580398570e-03
69.551850256000	-2.6295101896388e-03
69.581829501800	-2.6477561251084e-03
69.611808747600	-2.6672023980849e-03
69.641787993400	-2.6878542405461e-03
69.671767239200	-2.7097155521988e-03
69.701746485000	-2.7327888893620e-03
69.731725730800	-2.7570754551785e-03
69.761704976600	-2.7825750911656e-03
69.791684222400	-2.8092862701181e-03
69.821663468200	-2.8372060903723e-03
69.851642714000	-2.8663302714415e-03
69.881621959800	-2.8966531510281e-03
69.911601205600	-2.9281676834207e-03
69.941580451400	-2.9608654392796e-03
69.971559697200	-2.9947366068135e-03
70.001538943000	-3.0297699943518e-03
70.031518188800	-3.0659530343096e-03
70.061497434600	-3.1032717885478e-03
70.091476680400	-3.1417109551236e-03
70.121455926200	-3.1812538764299e-03
70.151435172000	-3.2218825487167e-03
70.181414417800	-3.2635776329897e-03
70.211393663600	-3.3063184672774e-03
70.241372909400	-3.3500830802584e-03
70.271352155200	-3.3948482062372e-03
70.301331401000	-3.4405893014582e-03
70.331310646800	-3.4872805617436e-03
70.361289892600	-3.5348949414413e-03
70.391269138400	-3.5834041736668e-03
70.421248384200	-3.6327787918218e-03
70.451227630000	-3.6829881523715e-03
70.481206875800	-3.7340004588607e-03
70.511186121600	-3.7857827871473e-03
70.541165367400	-3.8383011118323e-03
70.571144613200	-3.8915203338613e-03
70.601123859000	-3.9454043092741e-03
70.631103104800	-3.9999158790761e-03
70.661082350600	-4.0550169002049e-03
70.691061596400	-4.1106682775633e-03
70.721040842200	-4.1668299970909e-03
70.751020088000	-4.2234611598428e-03
70.780999333800	-4.2805200170450e-03
70.810978579600	-4.3379640060933e-03
70.840957825400	-4.3957497874637e-03
70.870937071200	-4.4538332824995e-03
70.900916317000	-4.5121697120389e-03
70.930895562800	-4.5707136358496e-03
70.960874808600	-4.6294189928308e-03
70.990854054400	-4.6882391419467e-03
71.020833300200	-4.7471269038529e-03
71.050812546000	-4.8060346031751e-03
71.080791791800	-4.8649141114021e-03
71.110771037600	-4.9237168903513e-03
71.140750283400	-4.9823940361654e-03
71.170729529200	-5.0408963238000e-03
71.200708775000	-5.0991742519573e-03
71.230688020800	-5.1571780884252e-03
71.260667266600	-5.2148579157774e-03
71.290646512400	-5.2721636773911e-03
71.320625758200	-5.3290452237379e-03
71.350605004000	-5.3854523589036e-03
71.380584249800	-5.4413348872923e-03
71.410563495600	-5.4966426604687e-03
71.440542741400	-5.5513256240953e-03
71.470521987200	-5.6053338649174e-03
71.500501233000	-5.6586176577504e-03
71.530480478800	-5.7111275124251e-03
71.560459724600	-5.7628142206444e-03
71.590438970400	-5.8136289027048e-03
71.620418216200	-5.8635230540398e-03
71.650397462000	-5.9124485915367e-03
71.680376707800	-5.9603578995834e-03
71.710355953600	-6.0072038757992e-03
71.740335199400	-6.0529399764051e-03
71.770314445200	-6.0975202611883e-03
71.800293691000	-6.1408994380174e-03
71.830272936800	-6.1830329068636e-03
71.860252182600	-6.2238768032846e-03
71.890231428400	-6.2633880413282e-03
71.920210674200	-6.3015243558123e-03
71.950189920000	-6.3382443439407e-03
71.980169165800	-6.3735075062112e-03
72.010148411600	-6.4072742865765e-03
72.040127657400	-6.4395061118170e-03
72.070106903200	-6.4701654300868e-03
72.100086149000	-6.4992157485922e-03
72.130065394800	-6.5266216703669e-03
72.160044640600	-6.5523489301053e-03
72.190023886400	-6.5763644290179e-03
72.220003132200	-6.5986362686726e-03
72.249982378000	-6.6191337837891e-03
72.279961623800	-6.6378275739510e-03
72.309940869600	-6.6546895342029e-03
72.339920115400	-6.6696928845034e-03
72.369899361200	-6.6828121979995e-03
72.399878607000	-6.6940234280968e-03
72.429857852800	-6.7033039342946e-03
72.459837098600	-6.7106325067595e-03
72.489816344400	-6.7159893896115e-03
72.519795590200	-6.7193563028983e-03
72.549774836000	-6.7207164632329e-03
72.579754081800	-6.7200546030733e-03
72.609733327600	-6.7173569886228e-03
72.639712573400	-6.7126114363308e-03
72.669691819200	-6.7058073279766e-03
72.699671065000	-6.6969356243174e-03
72.729650310800	-6.6859888772871e-03
72.759629556600	-6.6729612407285e-03
72.789608802400	-6.6578484796492e-03
72.819588048200	-6.6406479779865e-03
72.849567294000	-6.6213587448732e-03
72.879546539800	-6.5999814193946e-03
72.909525785600	-6.5765182738295e-03
72.939505031400	-6.5509732153699e-03
72.969484277200	-6.5233517863131e-03
72.999463523000	-6.4936611627262e-03
73.029442768800	-6.4619101515785e-03
73.059422014600	-6.4281091863435e-03
73.089401260400	-6.3922703210719e-03
73.119380506200	-6.3544072229373e-03
73.149359752000	-6.3145351632600e-03
73.179338997800	-6.2726710070149e-03
73.209318243600	-6.2288332008293e-03
73.239297489400	-6.1830417594818e-03
73.269276735200	-6.1353182509091e-03
73.299255981000	-6.0856857797366e-03
73.329235226800	-6.0341689693415e-03
73.359214472600	-5.9807939424663e-03
73.389193718400	-5.9255883003965e-03
73.419172964200	-5.8685811007213e-03
73.449152210000	-5.8098028336946e-03
73.479131455800	-5.7492853972176e-03
73.509110701600	-5.6870620704630e-03
73.539089947400	-5.6231674861656e-03
73.569069193200	-5.5576376016011e-03
73.599048439000	-5.4905096682800e-03
73.629027684800	-5.4218222003826e-03
73.659006930600	-5.3516149419626e-03
73.688986176400	-5.2799288329498e-03
73.718965422200	-5.2068059739799e-03
73.748944668000	-5.1322895900854e-03
73.778923913800	-5.0564239932776e-03
73.808903159600	-4.9792545440555e-03
73.838882405400	-4.9008276118752e-03
73.868861651200	-4.8211905346159e-03
73.898840897000	-4.7403915770788e-03
73.928820142800	-4.6584798885580e-03
73.958799388600	-4.5755054595203e-03
73.988778634400	-4.4915190774355e-03
74.018757880200	-4.4065722817952e-03
74.048737126000	-4.3207173183644e-03
74.078716371800	-4.2340070927058e-03
74.108695617600	-4.1464951230199e-03
74.138674863400	-4.0582354923457e-03
74.168654109200	-3.9692828001656e-03
74.198633355000	-3.8796921134580e-03
74.228612600800	-3.7895189172463e-03
74.258591846600	-3.6988190646866e-03
74.288571092400	-3.6076487267437e-03
74.318550338200	-3.5160643415002e-03
74.348529584000	-3.4241225631478e-03
74.378508829800	-3.3318802107075e-03
74.408488075600	-3.2393942165267e-03
74.438467321400	-3.1467215746027e-03
74.468446567200	-3.0539192887798e-03
74.498425813000	-2.9610443208707e-03
74.528405058800	-2.8681535387480e-03
74.558384304600	-2.7753036644594e-03
74.588363550400	-2.6825512224105e-03
74.618342796200	-2.5899524876691e-03
74.648322042000	-2.4975634344366e-03
74.678301287800	-2.4054396847372e-03
74.708280533600	-2.3136364573735e-03
74.738259779400	-2.2222085171964e-03
74.768239025200	-2.1312101247389e-03
74.798218271000	-2.0406949862607e-03
74.828197516800	-1.9507162042530e-03
74.858176762600	-1.8613262284485e-03
74.888156008400	-1.7725768073867e-03
74.918135254200	-1.6845189405785e-03
74.948114500000	-1.5972028313179e-03
74.978093745800	-1.5106778401846e-03
75.008072991600	-1.4249924392849e-03
75.038052237400	-1.3401941672725e-03
75.068031483200	-1.2563295851948e-03
75.098010729000	-1.1734442332069e-03
75.127989974800	-1.0915825881951e-03
75.157969220600	-1.0107880223520e-03
75.187948466400	-9.3110276274279e-04
75.217927712200	-8.5256785190377e-04
75.247906958000	-7.7522310950990e-04
75.277886203800	-6.9910709515072e-04
75.307865449600	-6.2425707225064e-04
75.337844695400	-5.5070897316945e-04
75.367823941200	-4.7849736551773e-04
75.397803187000	-4.0765541972072e-04
75.427782432800	-3.3821487786299e-04
75.457761678600	-2.7020602384528e-04
75.487740924400	-2.0365765488347e-04
75.517720170200	-1.3859705437853e-04
75.547699416000	-7.5049966185099e-05
75.577678661800	-1.3040570304875e-05
75.607657907600	4.7408539970119e-05
75.637637153400	1.0627637944077e-04
75.667616399200	1.6354359088828e-04
75.697595645000	2.1919246344491e-04
75.727574890800	2.7320694942842e-04
75.757554136600	3.2557267962224e-04
75.787533382400	3.7627697698461e-04
75.817512628200	4.2530886877163e-04
75.847491874000	4.7265909706028e-04
75.877471119800	5.1832012765940e-04
75.907450365600	5.6228615739784e-04
75.937429611400	6.0455311978035e-04
75.967408857200	6.4511868900388e-04
75.997388103000	6.8398228232783e-04
76.027367348800	7.2114506079371e-04
76.057346594600	7.5660992829121e-04
76.087325840400	7.9038152896902e-04
76.117305086200	8.2246624299058e-04
76.147284332000	8.5287218063619e-04
76.177263577800	8.8160917475468e-04
76.207242823600	9.0868877156942e-04
76.237222069400	9.3412421984474e-04
76.267201315200	9.5793045842071e-04
76.297180561000	9.8012410212555e-04
76.327159806800	1.0007234260765e-03
76.357139052600	1.0197483483817e-03
76.387118298400	1.0372204112566e-03
76.417097544200	1.0531627605711e-03
76.447076790000	1.0676001238436e-03
76.477056035800	1.0805587867001e-03
76.507035281600	1.0920665678198e-03
76.537014527400	1.1021527923861e-03
76.566993773200	1.1108482640685e-03
76.596973019000	1.1181852355564e-03
76.626952264800	1.1241973776735e-03
76.656931510600	1.1289197470975e-03
76.686910756400	1.1323887527135e-03
76.716890002200	1.1346421206323e-03
76.746869248000	1.1357188579027e-03
76.776848493800	1.1356592149498e-03
76.806827739600	1.1345046467747e-03
76.836806985400	1.1322977729479e-03
76.866786231200	1.1290823364328e-03
76.896765477000	1.1249031612767e-03
76.926744722800	1.1198061092069e-03
76.956723968600	1.1138380351706e-03
76.986703214400	1.1070467418589e-03
77.016682460200	1.0994809332563e-03
77.046661706000	1.0911901672574e-03
77.076640951800	1.0822248073933e-03
77.106620197600	1.0726359737126e-03
77.136599443400	1.0624754928611e-03
77.166578689200	1.0517958474049e-03
77.196557935000	1.0406501244453e-03
77.226537180800	1.0290919635698e-03
77.256516426600	1.0171755041891e-03
77.286495672400	1.0049553323069e-03
77.316474918200	9.9248642677267e-04
77.346454164000	9.7982410506530e-04
77.376433409800	9.6702396865892e-04
77.406412655600	9.5414184802059e-04
77.436391901400	9.4123374729070e-04
77.466371147200	9.2835578869744e-04
77.496350393000	9.1556415675662e-04
77.526329638800	9.0291504230863e-04
77.556308884600	8.9046458644452e-04
77.586288130400	8.7826882437325e-04
77.616267376200	8.6638362928243e-04
77.646246622000	8.5486465624484e-04
77.676225867800	8.4376728622295e-04
77.706205113600	8.3314657022399e-04
77.736184359400	8.2305717365759e-04
77.766163605200	8.1355332094822e-04
77.796142851000	8.0468874045437e-04
77.826122096800	7.9651660974619e-04
77.856101342600	7.8908950129306e-04
77.886080588400	7.8245932861225e-04
77.916059834200	7.7667729292940e-04
77.946039080000	7.7179383040135e-04
77.976018325800	7.6785855995109e-04
78.005997571600	7.6492023176428e-04
78.035976817400	7.6302667649632e-04
78.065956063200	7.6222475523811e-04
78.095935309000	7.6256031028819e-04
78.125914554800	7.6407811677827e-04
78.155893800600	7.6682183519825e-04
78.185873046400	7.7083396486627e-04
78.215852292200	7.7615579838838e-04
78.245831538000	7.8282737715163e-04
78.275810783800	7.9088744789344e-04
78.305790029600	8.0037342038914e-04
78.335769275400	8.1132132629876e-04
78.365748521200	8.2376577921287e-04
78.395727767000	8.3773993593641e-04
78.425707012800	8.5327545904831e-04
78.455686258600	8.7040248077356e-04
78.485665504400	8.8914956820318e-04
78.515644750200	9.0954368989650e-04
78.545623996000	9.3161018389859e-04
78.575603241800	9.5537272720500e-04
78.605582487600	9.8085330670394e-04
78.635561733400	1.0080721916254e-03
78.665540979200	1.0370479075249e-03
78.695520225000	1.0677972118282e-03
78.725499470800	1.1003350709628e-03
78.755478716600	1.1346746390981e-03
78.785457962400	1.1708272385193e-03
78.815437208200	1.2088023416520e-03
78.845416454000	1.2486075547606e-03
78.875395699800	1.2902486033355e-03
78.905374945600	1.3337293191858e-03
78.935354191400	1.3790516292538e-03
78.965333437200	1.4262155461616e-03
78.995312683000	1.4752191605039e-03
79.025291928800	1.5260586348956e-03
79.055271174600	1.5787281997823e-03
79.085250420400	1.6332201510216e-03
79.115229666200	1.6895248492392e-03
79.145208912000	1.7476307209638e-03
79.175188157800	1.8075242615429e-03
79.205167403600	1.8691900398391e-03
79.235146649400	1.9326107047059e-03
79.265125895200	1.9977669932405e-03
79.295105141000	2.0646377408081e-03
79.325084386800	2.1331998928314e-03
79.355063632600	2.2034285183393e-03
79.385042878400	2.2752968252622e-03
79.415022124200	2.3487761774657e-03
79.445001370000	2.4238361135084e-03
79.474980615800	2.5004443671102e-03
79.504959861600	2.5785668893149e-03
79.534939107400	2.6581678723301e-03
79.564918353200	2.7392097750250e-03
79.594897599000	2.8216533500660e-03
79.624876844800	2.9054576726682e-03
79.654856090600	2.9905801709389e-03
79.684835336400	3.0769766577885e-03
79.714814582200	3.1646013643823e-03
79.744793828000	3.2534069751057e-03
79.774773073800	3.3433446640124e-03
79.804752319600	3.4343641327272e-03
79.834731565400	3.5264136497690e-03
79.864710811200	3.6194400912623e-03
79.894690057000	3.7133889830026e-03
79.924669302800	3.8082045438386e-03
79.954648548600	3.9038297303360e-03
79.984627794400	4.0002062826826e-03
80.014607040200	4.0972747717977e-03
80.044586286000	4.1949746476025e-03
80.074565531800	4.2932442884123e-03
80.104544777600	4.3920210514064e-03
80.134524023400	4.4912413241324e-03
80.164503269200	4.5908405769999e-03
80.194482515000	4.6907534167190e-03
80.224461760800	4.7909136406356e-03
80.254441006600	4.8912542919174e-03
80.284420252400	4.9917077155412e-03
80.314399498200	5.0922056150343e-03
80.344378744000	5.1926791099179e-03
80.374357989800	5.2930587938047e-03
80.404337235600	5.3932747930978e-03
80.434316481400	5.4932568262397e-03
80.464295727200	5.5929342634606e-03
80.494274973000	5.6922361869712e-03
80.524254218800	5.7910914515485e-03
80.554233464600	5.8894287454608e-03
80.584212710400	5.9871766516778e-03
80.614191956200	6.0842637093117e-03
80.644171202000	6.1806184752347e-03
80.674150447800	6.2761695858196e-03
80.704129693600	6.3708458187465e-03
80.734108939400	6.4645761548226e-03
80.764088185200	6.5572898397599e-03
80.794067431000	6.6489164458547e-03
80.824046676800	6.7393859335154e-03
80.854025922600	6.8286287125830e-03
80.884005168400	6.9165757033902e-03
80.913984414200	7.0031583975037e-03
80.943963660000	7.0883089180968e-03
80.973942905800	7.1719600798972e-03
81.003922151600	7.2540454486566e-03
81.033901397400	7.3344994000901e-03
81.063880643200	7.4132571782304e-03
81.093859889000	7.4902549531467e-03
81.123839134800	7.5654298779750e-03
81.153818380600	7.6387201452092e-03
81.183797626400	7.7100650422030e-03
81.213776872200	7.7794050058311e-03
81.243756118000	7.8466816762624e-03
81.273735363800	7.9118379497950e-03
81.303714609600	7.9748180307070e-03
81.333693855400	8.0355674820749e-03
81.363673101200	8.0940332755145e-03
81.393652347000	8.1501638397993e-03
81.423631592800	8.2039091083122e-03
81.453610838600	8.2552205652869e-03
81.483590084400	8.3040512907987e-03
81.513569330200	8.3503560044620e-03
81.543548576000	8.3940911077958e-03
81.573527821800	8.4352147252184e-03
81.603507067600	8.4736867436342e-03
81.633486313400	8.5094688505751e-03
81.663465559200	8.5425245708642e-03
81.693444805000	8.5728193017650e-03
81.723424050800	8.6003203465867e-03
81.753403296600	8.6249969467127e-03
81.783382542400	8.6468203120234e-03
81.813361788200	8.6657636496859e-03
81.843341034000	8.6818021912823e-03
81.873320279800	8.6949132182527e-03
81.903299525600	8.7050760856289e-03
81.933278771400	8.7122722440355e-03
81.963258017200	8.7164852599393e-03
81.993237263000	8.7177008341262e-03
82.023216508800	8.7159068183888e-03
82.053195754600	8.7110932304091e-03
82.083175000400	8.7032522668200e-03
82.113154246200	8.6923783144350e-03
82.143133492000	8.6784679596327e-03
82.173112737800	8.6615199958885e-03
82.203091983600	8.6415354294431e-03
82.233071229400	8.6185174831040e-03
82.263050475200	8.5924715981731e-03
82.293029721000	8.5634054344983e-03
82.323008966800	8.5313288686481e-03
82.352988212600	8.4962539902078e-03
82.382967458400	8.4581950962013e-03
82.412946704200	8.4171686836403e-03
82.442925950000	8.3731934402069e-03
82.472905195800	8.3262902330757e-03
82.502884441600	8.2764820958855e-03
82.532863687400	8.2237942138683e-03
82.562842933200	8.1682539071492e-03
82.592822179000	8.1098906122298e-03
82.622801424800	8.0487358616697e-03
82.652780670600	7.9848232619837e-03
82.682759916400	7.9181884697708e-03
82.712739162200	7.8488691660975e-03
82.742718408000	7.7769050291534e-03
82.772697653800	7.7023377052039e-03
82.802676899600	7.6252107778638e-03
82.832656145400	7.5455697357171e-03
82.862635391200	7.4634619383096e-03
82.892614637000	7.3789365805447e-03
82.922593882800	7.2920446555095e-03
82.952573128600	7.2028389157661e-03
82.982552374400	7.1113738331365e-03
83.012531620200	7.0177055570195e-03
83.042510866000	6.9218918712715e-03
83.072490111800	6.8239921496890e-03
83.102469357600	6.7240673101312e-03
83.132448603400	6.6221797673203e-03
83.162427849200	6.5183933843609e-03
83.192407095000	6.4127734230182e-03
83.222386340800	6.3053864927991e-03
83.252365586600	6.1963004988784e-03
83.282344832400	6.0855845889144e-03
83.312324078200	5.9733090987996e-03
83.342303324000	5.8595454973933e-03
83.372282569800	5.7443663302815e-03
83.402261815600	5.6278451626146e-03
83.432241061400	5.5100565210687e-03
83.462220307200	5.3910758349832e-03
83.492199553000	5.2709793767222e-03
83.522178798800	5.1498442013120e-03
83.552158044600	5.0277480854068e-03
83.582137290400	4.9047694656330e-03
83.612116536200	4.7809873763662e-03
83.642095782000	4.6564813869930e-03
83.672075027800	4.5313315387130e-03
83.702054273600	4.4056182809317e-03
83.732033519400	4.2794224073024e-03
83.762012765200	4.1528249914686e-03
83.791992011000	4.0259073225636e-03
83.821971256800	3.8987508405218e-03
83.851950502600	3.7714370712560e-03
83.881929748400	3.6440475617578e-03
83.911908994200	3.5166638151750e-03
83.941888240000	3.3893672259211e-03
83.971867485800	3.2622390148742e-03
84.001846731600	3.1353601647176e-03
84.031825977400	3.0088113554796e-03
84.061805223200	2.8826729003261e-03
84.091784469000	2.7570246816611e-03
84.121763714800	2.6319460875884e-03
84.151742960600	2.5075159487904e-03
84.181722206400	2.3838124758756e-03
84.211701452200	2.2609131972490e-03
84.241680698000	2.1388948975583e-03
84.271659943800	2.0178335567667e-03
84.301639189600	1.8978042899059e-03
84.331618435400	1.7788812875584e-03
84.361597681200	1.6611377571203e-03
84.391576927000	1.5446458648941e-03
84.421556172800	1.4294766790605e-03
84.451535418600	1.3157001135769e-03
84.481514664400	1.2033848730496e-03
84.511493910200	1.0925983986270e-03
84.541473156000	9.8340681495852e-04
84.571452401800	8.7587487826366e-04
84.601431647600	7.7006592555506e-04
84.631410893400	6.6604182505783e-04
84.661390139200	5.6386292786664e-04
84.691369385000	4.6358802088072e-04
84.721348630800	3.6527428105613e-04
84.751327876600	2.6897723101313e-04
84.781307122400	1.7475069603557e-04
84.811286368200	8.2646762497711e-05
84.841265614000	-7.2842622470243e-06
84.871244859800	-9.4993888482549e-05
84.901224105600	-1.8043548122006e-04
84.931203351400	-2.6356429573116e-04
84.961182597200	-3.4433751149510e-04
84.991161843000	-4.2271426453269e-04
85.021141088800	-4.9865567810058e-04
85.051120334600	-5.7212489172138e-04
85.081099580400	-6.4308708852613e-04
85.111078826200	-7.1150952088756e-04
85.141058072000	-7.7736153432375e-04
85.171037317800	-8.4061458965346e-04
85.201016563600	-9.0124228338590e-04
85.230995809400	-9.5922036632916e-04
85.260975055200	-1.0145267604034e-03
85.290954301000	-1.0671415736458e-03
85.320933546800	-1.1170471133969e-03
85.350912792600	-1.1642278976581e-03
85.380892038400	-1.2086706646133e-03
85.410871284200	-1.2503643803081e-03
85.440850530000	-1.2893002444814e-03
85.470829775800	-1.3254716945474e-03
85.500809021600	-1.3588744077259e-03
85.530788267400	-1.3895063013210e-03
85.560767513200	-1.4173675311503e-03
85.590746759000	-1.4424604881277e-03
85.620726004800	-1.4647897930050e-03
85.650705250600	-1.4843622892782e-03
85.680684496400	-1.5011870342681e-03
85.710663742200	-1.5152752883822e-03
85.740642988000	-1.5266405025724e-03
85.770622233800	-1.5352983039986e-03
85.800601479600	-1.5412664799136e-03
85.830580725400	-1.5445649597856e-03
85.860559971200	-1.5452157956741e-03
85.890539217000	-1.5432431408798e-03
85.920518462800	-1.5386732268872e-03
85.950497708600	-1.5315343386228e-03
85.980476954400	-1.5218567880511e-03
86.010456200200	-1.5096728861334e-03
86.040435446000	-1.4950169131752e-03
86.070414691800	-1.4779250875900e-03
86.100393937600	-1.4584355331066e-03
86.130373183400	-1.4365882444512e-03
86.160352429200	-1.4124250515356e-03
86.190331675000	-1.3859895821821e-03
86.220310920800	-1.3573272234204e-03
86.250290166600	-1.3264850813917e-03
86.280269412400	-1.2935119398931e-03
86.310248658200	-1.2584582176031e-03
86.340227904000	-1.2213759240231e-03
86.370207149800	-1.1823186141767e-03
86.400186395600	-1.1413413421045e-03
86.430165641400	-1.0985006131978e-03
86.460144887200	-1.0538543354120e-03
86.490124133000	-1.0074617694025e-03
86.520103378800	-9.5938347762834e-04
86.550082624600	-9.0968127246642e-04
86.580061870400	-8.5841816338347e-04
86.610041116200	-8.0565830321057e-04
86.640020362000	-7.5146693356791e-04
86.669999607800	-6.9591032948705e-04
86.699978853600	-6.3905574327873e-04
86.729958099400	-5.8097134769513e-04
86.759937345200	-5.2172617843557e-04
86.789916591000	-4.6139007604559e-04
86.819895836800	-4.0003362725928e-04
86.849875082600	-3.3772810583556e-04
86.879854328400	-2.7454541293923e-04
86.909833574200	-2.1055801711792e-04
86.939812820000	-1.4583889392627e-04
86.969792065800	-8.0461465249183e-05
86.999771311600	-1.4499538375680e-05
87.029750557400	5.1972755124604e-05
87.059729803200	1.1888102067037e-04
87.089709049000	1.8615066203104e-04
87.119688294800	2.5370694273069e-04
87.149667540600	3.2147504744149e-04
87.179646786400	3.8938014331501e-04
87.209626032200	4.5734744119973e-04
87.239605278000	5.2530225669326e-04
87.269584523800	5.9317007097817e-04
87.299563769600	6.6087659139057e-04
87.329543015400	7.2834781167083e-04
87.359522261200	7.9551007184625e-04
87.389501507000	8.6229011769609e-04
87.419480752800	9.2861515974951e-04
87.449459998600	9.9441293176777e-04
87.479439244400	1.0596117486624e-03
87.509418490200	1.1241405638020e-03
87.539397736000	1.1879290256596e-03
87.569376981800	1.2509075337567e-03
87.599356227600	1.3130072938548e-03
87.629335473400	1.3741603723531e-03
87.659314719200	1.4342997498460e-03
87.689293965000	1.4933593737983e-03
87.719273210800	1.5512742102947e-03
87.749252456600	1.6079802948233e-03
87.779231702400	1.6634147820519e-03
87.809210948200	1.7175159945573e-03
87.839190194000	1.7702234704696e-03
87.869169439800	1.8214780099934e-03
87.899148685600	1.8712217207696e-03
87.929127931400	1.9193980620426e-03
87.959107177200	1.9659518875984e-03
87.989086423000	2.0108294874401e-03
88.019065668800	2.0539786281696e-03
88.049044914600	2.0953485920440e-03
88.079024160400	2.1348902146775e-03
88.109003406200	2.1725559213604e-03
88.138982652000	2.2082997619681e-03
88.168961897800	2.2420774444347e-03
88.198941143600	2.2738463667657e-03
88.228920389400	2.3035656475682e-03
88.258899635200	2.3311961550753e-03
88.288878881000	2.3567005346457e-03
88.318858126800	2.3800432347180e-03
88.348837372600	2.4011905312033e-03
88.378816618400	2.4201105502986e-03
88.408795864200	2.4367732897075e-03
88.438775110000	2.4511506382536e-03
88.468754355800	2.4632163938753e-03
88.498733601600	2.4729462799904e-03
88.528712847400	2.4803179602233e-03
88.558692093200	2.4853110514850e-03
88.588671339000	2.4879071354003e-03
88.618650584800	2.4880897680785e-03
88.648629830600	2.4858444882227e-03
88.678609076400	2.4811588235764e-03
88.708588322200	2.4740222957072e-03
88.738567568000	2.4644264231281e-03
88.768546813800	2.4523647227593e-03
88.798526059600	2.4378327097339e-03
88.828505305400	2.4208278955526e-03
88.858484551200	2.4013497845951e-03
88.888463797000	2.3793998689950e-03
88.918443042800	2.3549816218885e-03
88.948422288600	2.3281004890476e-03
88.978401534400	2.2987638789095e-03
89.008380780200	2.2669811510170e-03
89.038360026000	2.2327636028831e-03
89.068339271800	2.1961244552983e-03
89.098318517600	2.1570788360949e-03
89.128297763400	2.1156437623911e-03
89.158277009200	2.0718381213318e-03
89.188256255000	2.0256826493485e-03
89.218235500800	1.9771999099613e-03
89.248214746600	1.9264142701466e-03
89.278193992400	1.8733518752945e-03
89.308173238200	1.8180406227831e-03
89.338152484000	1.7605101341961e-03
89.368131729800	1.7007917262130e-03
89.398110975600	1.6389183801993e-03
89.428090221400	1.5749247105296e-03
89.458069467200	1.5088469316725e-03
89.488048713000	1.4407228240717e-03
89.518027958800	1.3705916988551e-03
89.548007204600	1.2984943614068e-03
89.577986450400	1.2244730738371e-03
89.607965696200	1.1485715163859e-03
89.637944942000	1.0708347477970e-03
89.667924187800	9.9130916469990e-04
89.697903433600	9.1004246003794e-04
89.727882679400	8.2708358058153e-04
89.757861925200	7.4248268356597e-04
89.787841171000	6.5629109249416e-04
89.817820416800	5.6856125214498e-04
89.847799662600	4.7934668282863e-04
89.877778908400	3.8870193393086e-04
89.907758154200	2.9668253678833e-04
89.937737400000	2.0334495693799e-04
89.967716645800	1.0874654578349e-04
89.997695891600	1.2945491722205e-05
90.027675137400	-8.3999229223319e-05
90.057654383200	-1.8202790322541e-04
90.087633629000	-2.8108012887851e-04
90.117612874800	-3.8109486778899e-04
90.147592120600	-4.8201049548305e-04
90.177571366400	-5.8376485258770e-04
90.207550612200	-6.8629529624023e-04
90.237529858000	-7.8953875168097e-04
90.267509103800	-8.9343176398480e-04
90.297488349600	-9.9791054988629e-04
90.327467595400	-1.1029110496539e-03
90.357446841200	-1.2083689789689e-03
90.387426087000	-1.3142198807633e-03
90.417405332800	-1.4203991769749e-03
90.447384578600	-1.5268422201732e-03
90.477363824400	-1.6334843450131e-03
90.507343070200	-1.7402609194746e-03
90.537322316000	-1.8471073958422e-03
90.567301561800	-1.9539593613854e-03
90.597280807600	-2.0607525886942e-03
90.627260053400	-2.1674230856312e-03
90.657239299200	-2.2739071448565e-03
90.687218545000	-2.3801413928868e-03
90.717197790800	-2.4860628386465e-03
90.747177036600	-2.5916089214738e-03
90.777156282400	-2.6967175585406e-03
90.807135528200	-2.8013271916491e-03
90.837114774000	-2.9053768333687e-03
90.867094019800	-3.0088061124738e-03
90.897073265600	-3.1115553186492e-03
90.927052511400	-3.2135654464269e-03
90.957031757200	-3.3147782383188e-03
90.987011003000	-3.4151362271146e-03
91.016990248800	-3.5145827773095e-03
91.046969494600	-3.6130621256314e-03
91.076948740400	-3.7105194206372e-03
91.106927986200	-3.8069007613470e-03
91.136907232000	-3.9021532348890e-03
91.166886477800	-3.9962249531259e-03
91.196865723600	-4.0890650882370e-03
91.226844969400	-4.1806239072299e-03
91.256824215200	-4.2708528053567e-03
91.286803461000	-4.3597043384115e-03
91.316782706800	-4.4471322538875e-03
91.346761952600	-4.5330915209701e-03
91.376741198400	-4.6175383593481e-03
91.406720444200	-4.7004302668229e-03
91.436699690000	-4.7817260456965e-03
91.466678935800	-4.8613858279246e-03
91.496658181600	-4.9393710990151e-03
91.526637427400	-5.0156447206617e-03
91.556616673200	-5.0901709520960e-03
91.586595919000	-5.1629154701481e-03
91.616575164800	-5.2338453880036e-03
91.646554410600	-5.3029292726489e-03
91.676533656400	-5.3701371609943e-03
91.706512902200	-5.4354405746697e-03
91.736492148000	-5.4988125334855e-03
91.766471393800	-5.5602275675551e-03
91.796450639600	-5.6196617280746e-03
91.826429885400	-5.6770925967572e-03
91.856409131200	-5.7324992939227e-03
91.886388377000	-5.7858624852401e-03
91.916367622800	-5.8371643871269e-03
91.946346868600	-5.8863887708051e-03
91.976326114400	-5.9335209650200e-03
92.006305360200	-5.9785478574250e-03
92.036284606000	-6.0214578946395e-03
92.066263851800	-6.0622410809866e-03
92.096243097600	-6.1008889759188e-03
92.126222343400	-6.1373946901418e-03
92.156201589200	-6.1717528804471e-03
92.186180835000	-6.2039597432637e-03
92.216160080800	-6.2340130069446e-03
92.246139326600	-6.2619119227985e-03
92.276118572400	-6.2876572548845e-03
92.306097818200	-6.3112512685851e-03
92.336077064000	-6.3326977179732e-03
92.366056309800	-6.3520018319929e-03
92.396035555600	-6.3691702994728e-03
92.426014801400	-6.3842112529909e-03
92.455994047200	-6.3971342516125e-03
92.485973293000	-6.4079502625237e-03
92.515952538800	-6.4166716415818e-03
92.545931784600	-6.4233121128082e-03
92.575911030400	-6.4278867468455e-03
92.605890276200	-6.4304119384067e-03
92.635869522000	-6.4309053827414e-03
92.665848767800	-6.4293860511450e-03
92.695828013600	-6.4258741655405e-03
92.725807259400	-6.4203911721588e-03
92.755786505200	-6.4129597143482e-03
92.785765751000	-6.4036036045419e-03
92.815744996800	-6.3923477954132e-03
92.845724242600	-6.3792183502502e-03
92.875703488400	-6.3642424125806e-03
92.905682734200	-6.3474481750786e-03
92.935661980000	-6.3288648477857e-03
92.965641225800	-6.3085226256793e-03
92.995620471600	-6.2864526556210e-03
93.025599717400	-6.2626870027190e-03
93.055578963200	-6.2372586161379e-03
93.085558209000	-6.2102012943910e-03
93.115537454800	-6.1815496501486e-03
93.145516700600	-6.1513390745976e-03
93.175495946400	-6.1196057013878e-03
93.205475192200	-6.0863863701991e-03
93.235454438000	-6.0517185899658e-03
93.265433683800	-6.0156405017931e-03
93.295412929600	-5.9781908416016e-03
93.325392175400	-5.9394089025350e-03
93.355371421200	-5.8993344971665e-03
93.385350667000	-5.8580079195411e-03
93.415329912800	-5.8154699070865e-03
93.445309158600	-5.7717616024310e-03
93.475288404400	-5.7269245151621e-03
93.505267650200	-5.6810004835609e-03
93.535246896000	-5.6340316363488e-03
93.565226141800	-5.5860603544799e-03
93.595205387600	-5.5371292330140e-03
93.625184633400	-5.4872810431054e-03
93.655163879200	-5.4365586941403e-03
93.685143125000	-5.3850051960574e-03
93.715122370800	-5.3326636218845e-03
93.745101616600	-5.2795770705246e-03
93.775080862400	-5.2257886298229e-03
93.805060108200	-5.1713413399485e-03
93.835039354000	-5.1162781571206e-03
93.865018599800	-5.0606419177112e-03
93.894997845600	-5.0044753027552e-03
93.924977091400	-4.9478208028968e-03
93.954956337200	-4.8907206838024e-03
93.984935583000	-4.8332169520687e-03
94.014914828800	-4.7753513216536e-03
94.044894074600	-4.7171651808585e-03
94.074873320400	-4.6586995598873e-03
94.104852566200	-4.5999950990097e-03
94.134831812000	-4.5410920173534e-03
94.164811057800	-4.4820300823493e-03
94.194790303600	-4.4228485798554e-03
94.224769549400	-4.3635862849802e-03
94.254748795200	-4.3042814336299e-03
94.284728041000	-4.2449716947991e-03
94.314707286800	-4.1856941436278e-03
94.344686532600	-4.1264852352419e-03
94.374665778400	-4.0673807793984e-03
94.404645024200	-4.0084159159517e-03
94.434624270000	-3.9496250911598e-03
94.464603515800	-3.8910420348446e-03
94.494582761600	-3.8326997384239e-03
94.524562007400	-3.7746304338273e-03
94.554541253200	-3.7168655733114e-03
94.584520499000	-3.6594358101859e-03
94.614499744800	-3.6023709804615e-03
94.644478990600	-3.5457000854326e-03
94.674458236400	-3.4894512752014e-03
94.704437482200	-3.4336518331544e-03
94.734416728000	-3.3783281613986e-03
94.764395973800	-3.3235057671634e-03
94.794375219600	-3.2692092501744e-03
94.824354465400	-3.2154622910047e-03
94.854333711200	-3.1622876404067e-03
94.884312957000	-3.1097071096270e-03
94.914292202800	-3.0577415617076e-03
94.944271448600	-3.0064109037731e-03
94.974250694400	-2.9557340803052e-03
95.004229940200	-2.9057290674017e-03
95.034209186000	-2.8564128680200e-03
95.064188431800	-2.8078015082018e-03
95.094167677600	-2.7599100342733e-03
95.124146923400	-2.7127525110201e-03
95.154126169200	-2.6663420208268e-03
95.184105415000	-2.6206906637781e-03
95.214084660800	-2.5758095587123e-03
95.244063906600	-2.5317088452197e-03
95.274043152400	-2.4883976865757e-03
95.304022398200	-2.4458842736000e-03
95.334001644000	-2.4041758294298e-03
95.363980889800	-2.3632786151963e-03
95.393960135600	-2.3231979365905e-03
95.423939381400	-2.2839381513073e-03
95.453918627200	-2.2455026773515e-03
95.483897873000	-2.2078940021919e-03
95.513877118800	-2.1711136927487e-03
95.543856364600	-2.1351624061960e-03
95.573835610400	-2.1000399015643e-03
95.603814856200	-2.0657450521238e-03
95.633794102000	-2.0322758585316e-03
95.663773347800	-1.9996294627219e-03
95.693752593600	-1.9678021625221e-03
95.723731839400	-1.9367894269720e-03
95.753711085200	-1.9065859123272e-03
95.783690331000	-1.8771854787246e-03
95.813669576800	-1.8485812074883e-03
95.843648822600	-1.8207654190535e-03
95.873628068400	-1.7937296914856e-03
95.903607314200	-1.7674648795710e-03
95.933586560000	-1.7419611344571e-03
95.963565805800	-1.7172079238151e-03
95.993545051600	-1.6931940525037e-03
96.023524297400	-1.6699076837068e-03
96.053503543200	-1.6473363605219e-03
96.083482789000	-1.6254670279720e-03
96.113462034800	-1.6042860554163e-03
96.143441280600	-1.5837792593345e-03
96.173420526400	-1.5639319264562e-03
96.203399772200	-1.5447288372124e-03
96.233379018000	-1.5261542894786e-03
96.263358263800	-1.5081921225877e-03
96.293337509600	-1.4908257415806e-03
96.323316755400	-1.4740381416731e-03
96.353296001200	-1.4578119329075e-03
96.383275247000	-1.4421293649657e-03
96.413254492800	-1.4269723521146e-03
96.443233738600	-1.4123224982582e-03
96.473212984400	-1.3981611220692e-03
96.503192230200	-1.3844692821736e-03
96.533171476000	-1.3712278023613e-03
96.563150721800	-1.3584172967970e-03
96.593129967600	-1.3460181952045e-03
96.623109213400	-1.3340107679991e-03
96.653088459200	-1.3223751513410e-03
96.683067705000	-1.3110913720854e-03
96.713046950800	-1.3001393726035e-03
96.743026196600	-1.2894990354486e-03
96.773005442400	-1.2791502078442e-03
96.802984688200	-1.2690727259675e-03
96.832963934000	-1.2592464390069e-03
96.862943179800	-1.2496512329671e-03
96.892922425600	-1.2402670542009e-03
96.922901671400	-1.2310739326429e-03
96.952880917200	-1.2220520047248e-03
96.982860163000	-1.2131815359479e-03
97.012839408800	-1.2044429430941e-03
97.042818654600	-1.1958168160520e-03
97.072797900400	-1.1872839392393e-03
97.102777146200	-1.1788253126013e-03
97.132756392000	-1.1704221721658e-03
97.162735637800	-1.1620560101359e-03
97.192714883600	-1.1537085945032e-03
97.222694129400	-1.1453619881625e-03
97.252673375200	-1.1369985675126e-03
97.282652621000	-1.1286010405264e-03
97.312631866800	-1.1201524642739e-03
97.342611112600	-1.1116362618848e-03
97.372590358400	-1.1030362389350e-03
97.402569604200	-1.0943365992440e-03
97.432548850000	-1.0855219600708e-03
97.462528095800	-1.0765773666953e-03
97.492507341600	-1.0674883063738e-03
97.522486587400	-1.0582407216597e-03
97.552465833200	-1.0488210230756e-03
97.582445079000	-1.0392161011327e-03
97.612424324800	-1.0294133376837e-03
97.642403570600	-1.0194006166058e-03
97.672382816400	-1.0091663338040e-03
97.702362062200	-9.9869940653038e-04
97.732341308000	-9.8798928201172e-04
97.762320553800	-9.7702594538342e-04
97.792299799600	-9.6579992692356e-04
97.822279045400	-9.5430230858505e-04
97.852258291200	-9.4252472982317e-04
97.882237537000	-9.3045939271686e-04
97.912216782800	-9.1809906638292e-04
97.942196028600	-9.0543709068295e-04
97.972175274400	-8.9246737922368e-04
98.002154520200	-8.7918442165208e-04
98.032133766000	-8.6558328524739e-04
98.062113011800	-8.5165961581289e-04
98.092092257600	-8.3740963787105e-04
98.122071503400	-8.2283015416641e-04
98.152050749200	-8.0791854448118e-04
98.182029995000	-7.9267276376933e-04
98.212009240800	-7.7709133961567e-04
98.241988486600	-7.6117336902708e-04
98.271967732400	-7.4491851456357e-04
98.301946978200	-7.2832699981790e-04
98.331926224000	-7.1139960425270e-04
98.361905469800	-6.9413765740506e-04
98.391884715600	-6.7654303246887e-04
98.421863961400	-6.5861813926606e-04
98.451843207200	-6.4036591661839e-04
98.481822453000	-6.2178982413191e-04
98.511801698800	-6.0289383340709e-04
98.541780944600	-5.8368241868781e-04
98.571760190400	-5.6416054696322e-04
98.601739436200	-5.4433366753685e-04
98.631718682000	-5.2420770107795e-04
98.661697927800	-5.0378902817046e-04
98.691677173600	-4.8308447737546e-04
98.721656419400	-4.6210131282355e-04
98.751635665200	-4.4084722135379e-04
98.781614911000	-4.1933029921654e-04
98.811594156800	-3.9755903835767e-04
98.841573402600	-3.7554231230207e-04
98.871552648400	-3.5328936165494e-04
98.901531894200	-3.3080977923921e-04
98.931511140000	-3.0811349488834e-04
98.961490385800	-2.8521075991340e-04
98.991469631600	-2.6211213126428e-04
99.021448877400	-2.3882845540445e-04
99.051428123200	-2.1537085191943e-04
99.081407369000	-1.9175069687906e-04
99.111386614800	-1.6797960597395e-04
99.141365860600	-1.4406941744653e-04
99.171345106400	-1.2003217483745e-04
99.201324352200	-9.5880109567977e-05
99.231303598000	-7.1625623379249e-05
99.261282843800	-4.7281270649338e-05
99.291262089600	-2.2859740608983e-05
99.321241335400	1.6261605229842e-06
99.351220581200	2.6163527463559e-05
99.381199827000	5.0739373827910e-05
99.411179072800	7.5340650109223e-05
99.441158318600	9.9954261655231e-05
99.471137564400	1.2456708662068e-04
99.501116810200	1.4916599387507e-04
99.531096056000	1.7373786084526e-04
99.561075301800	1.9826959127242e-04
99.591054547600	2.2274813286338e-04
99.621033793400	2.4716049481614e-04
99.651013039200	2.7149376520004e-04
99.680992285000	2.9573512817085e-04
99.710971530800	3.1987188100160e-04
99.740950776600	3.4389145091016e-04
99.770930022400	3.6778141166487e-04
99.800909268200	3.9152949994975e-04
99.830888514000	4.1512363147131e-04
99.860867759800	4.3855191678930e-04
99.890847005600	4.6180267685387e-04
99.920826251400	4.8486445823242e-04
99.950805497200	5.0772604800939e-04
99.980784743000	5.3037648834298e-04
100.010763988800	5.5280509066303e-04
100.040743234600	5.7500144949481e-04
100.070722480400	5.9695545589402e-04
100.100701726200	6.1865731047848e-04
100.130680972000	6.4009753604290e-04
100.160660217800	6.6126698974334e-04
100.190639463600	6.8215687483849e-04
100.220618709400	7.0275875197560e-04
100.250597955200	7.2306455000921e-04
100.280577201000	7.4306657634166e-04
100.310556446800	7.6275752677459e-04
100.340535692600	7.8213049486152e-04
100.370514938400	8.0117898075188e-04
100.400494184200	8.1989689951782e-04
100.430473430000	8.3827858895532e-04
100.460452675800	8.5631881685201e-04
100.490431921600	8.7401278771457e-04
100.520411167400	8.9135614894938e-04
100.550390413200	9.0834499649037e-04
100.580369659000	9.2497587986901e-04
100.610348904800	9.4124580672182e-04
100.640328150600	9.5715224673139e-04
100.670307396400	9.7269313499761e-04
100.700286642200	9.8786687483645e-04
100.730265888000	1.0026723400042e-03
100.760245133800	1.0171088763456e-03
100.790224379600	1.0311763028657e-03
100.820203625400	1.0448749122241e-03
100.850182871200	1.0582054706534e-03
100.880162117000	1.0711692173019e-03
100.910141362800	1.0837678630033e-03
100.940120608600	1.0960035884746e-03
100.970099854400	1.1078790419459e-03
101.000079100200	1.1193973362264e-03
101.030058346000	1.1305620452083e-03
101.060037591800	1.1413771998172e-03
101.090016837600	1.1518472834105e-03
101.119996083400	1.1619772266329e-03
101.149975329200	1.1717724017332e-03
101.179954575000	1.1812386163520e-03
101.209933820800	1.1903821067852e-03
101.239913066600	1.1992095307342e-03
101.269892312400	1.2077279595498e-03
101.299871558200	1.2159448699800e-03
101.329850804000	1.2238681354316e-03
101.359830049800	1.2315060167552e-03
101.389809295600	1.2388671525657e-03
101.419788541400	1.2459605491083e-03
101.449767787200	1.2527955696832e-03
101.479747033000	1.2593819236405e-03
101.509726278800	1.2657296549572e-03
101.539705524600	1.2718491304120e-03
101.569684770400	1.2777510273690e-03
101.599664016200	1.2834463211848e-03
101.629643262000	1.2889462722548e-03
101.659622507800	1.2942624127115e-03
101.689601753600	1.2994065327913e-03
101.719580999400	1.3043906668845e-03
101.749560245200	1.3092270792842e-03
101.779539491000	1.3139282496505e-03
101.809518736800	1.3185068582064e-03
101.839497982600	1.3229757706814e-03
101.869477228400	1.3273480230199e-03
101.899456474200	1.3316368058718e-03
101.929435720000	1.3358554488820e-03
101.959414965800	1.3400174047968e-03
101.989394211600	1.3441362334041e-03
102.019373457400	1.3482255853258e-03
102.049352703200	1.3522991856804e-03
102.079331949000	1.3563708176332e-03
102.109311194800	1.3604543058521e-03
102.139290440600	1.3645634998888e-03
102.169269686400	1.3687122575016e-03
102.199248932200	1.3729144279387e-03
102.229228178000	1.3771838352015e-03
102.259207423800	1.3815342613049e-03
102.289186669600	1.3859794295525e-03
102.319165915400	1.3905329878467e-03
102.349145161200	1.3952084920505e-03
102.379124407000	1.4000193894190e-03
102.409103652800	1.4049790021200e-03
102.439082898600	1.4101005108595e-03
102.469062144400	1.4153969386321e-03
102.499041390200	1.4208811346119e-03
102.529020636000	1.4265657582029e-03
102.558999881800	1.4324632632651e-03
102.588979127600	1.4385858825338e-03
102.618958373400	1.4449456122487e-03
102.648937619200	1.4515541970096e-03
102.678916865000	1.4584231148751e-03
102.708896110800	1.4655635627198e-03
102.738875356600	1.4729864418658e-03
102.768854602400	1.4807023440053e-03
102.798833848200	1.4887215374269e-03
102.828813094000	1.4970539535630e-03
102.858792339800	1.5057091738707e-03
102.888771585600	1.5146964170616e-03
102.918750831400	1.5240245266935e-03
102.948730077200	1.5337019591371e-03
102.978709323000	1.5437367719316e-03
103.008688568800	1.5541366125405e-03
103.038667814600	1.5649087075200e-03
103.068647060400	1.5760598521120e-03
103.098626306200	1.5875964002723e-03
103.128605552000	1.5995242551449e-03
103.158584797800	1.6118488599923e-03
103.188564043600	1.6245751895924e-03
103.218543289400	1.6377077421095e-03
103.248522535200	1.6512505314498e-03
103.278501781000	1.6652070801087e-03
103.308481026800	1.6795804125181e-03
103.338460272600	1.6943730488992e-03
103.368439518400	1.7095869996306e-03
103.398418764200	1.7252237601341e-03
103.428398010000	1.7412843062865e-03
103.458377255800	1.7577690903608e-03
103.488356501600	1.7746780375019e-03
103.518335747400	1.7920105427405e-03
103.548314993200	1.8097654685484e-03
103.578294239000	1.8279411429379e-03
103.608273484800	1.8465353581077e-03
103.638252730600	1.8655453696367e-03
103.668231976400	1.8849678962270e-03
103.698211222200	1.9047991199959e-03
103.728190468000	1.9250346873176e-03
103.758169713800	1.9456697102136e-03
103.788148959600	1.9666987682902e-03
103.818128205400	1.9881159112221e-03
103.848107451200	2.0099146617793e-03
103.878086697000	2.0320880193940e-03
103.908065942800	2.0546284642646e-03
103.938045188600	2.0775279619930e-03
103.968024434400	2.1007779687500e-03
103.998003680200	2.1243694369640e-03
104.027982926000	2.1482928215274e-03
104.057962171800	2.1725380865148e-03
104.087941417600	2.1970947124059e-03
104.117920663400	2.2219517038060e-03
104.147899909200	2.2470975976574e-03
104.177879155000	2.2725204719315e-03
104.207858400800	2.2982079547953e-03
104.237837646600	2.3241472342413e-03
104.267816892400	2.3503250681730e-03
104.297796138200	2.3767277949338e-03
104.327775384000	2.4033413442707e-03
104.357754629800	2.4301512487217e-03
104.387733875600	2.4571426554141e-03
104.417713121400	2.4843003382635e-03
104.447692367200	2.5116087105615e-03
104.477671613000	2.5390518379378e-03
104.507650858800	2.5666134516861e-03
104.537630104600	2.5942769624390e-03
104.567609350400	2.6220254741789e-03
104.597588596200	2.6498417985716e-03
104.627567842000	2.6777084696070e-03
104.657547087800	2.7056077585336e-03
104.687526333600	2.7335216890721e-03
104.717505579400	2.7614320528922e-03
104.747484825200	2.7893204253378e-03
104.777464071000	2.8171681813854e-03
104.807443316800	2.8449565118196e-03
104.837422562600	2.8726664396097e-03
104.867401808400	2.9002788364718e-03
104.897381054200	2.9277744395991e-03
104.927360300000	2.9551338685461e-03
104.957339545800	2.9823376422468e-03
104.987318791600	3.0093661961539e-03
105.017298037400	3.0361998994796e-03
105.047277283200	3.0628190725224e-03
105.077256529000	3.0892040040620e-03
105.107235774800	3.1153349688073e-03
105.137215020600	3.1411922448778e-03
105.167194266400	3.1667561313036e-03
105.197173512200	3.1920069655261e-03
105.227152758000	3.2169251408822e-03
105.257132003800	3.2414911240561e-03
105.287111249600	3.2656854724802e-03
105.317090495400	3.2894888516697e-03
105.347069741200	3.3128820524740e-03
105.377048987000	3.3358460082272e-03
105.407028232800	3.3583618117826e-03
105.437007478600	3.3804107324143e-03
105.466986724400	3.4019742325687e-03
105.496965970200	3.4230339844522e-03
105.526945216000	3.4435718864370e-03
105.556924461800	3.4635700792701e-03
105.586903707600	3.4830109620709e-03
105.616882953400	3.5018772081013e-03
105.646862199200	3.5201517802932e-03
105.676841445000	3.5378179465199e-03
105.706820690800	3.5548592945953e-03
105.736799936600	3.5712597469889e-03
105.766779182400	3.5870035752407e-03
105.796758428200	3.6020754140636e-03
105.826737674000	3.6164602751206e-03
105.856716919800	3.6301435604631e-03
105.886696165600	3.6431110756173e-03
105.916675411400	3.6553490423092e-03
105.946654657200	3.6668441108130e-03
105.976633903000	3.6775833719144e-03
106.006613148800	3.6875543684767e-03
106.036592394600	3.6967451065986e-03
106.066571640400	3.7051440663553e-03
106.096550886200	3.7127402121113e-03
106.126530132000	3.7195230023974e-03
106.156509377800	3.7254823993417e-03
106.186488623600	3.7306088776473e-03
106.216467869400	3.7348934331082e-03
106.246447115200	3.7383275906565e-03
106.276426361000	3.7409034119335e-03
106.306405606800	3.7426135023781e-03
106.336384852600	3.7434510178280e-03
106.366364098400	3.7434096706256e-03
106.396343344200	3.7424837352268e-03
106.426322590000	3.7406680533048e-03
106.456301835800	3.7379580383483e-03
106.486281081600	3.7343496797482e-03
106.516260327400	3.7298395463702e-03
106.546239573200	3.7244247896124e-03
106.576218819000	3.7181031459441e-03
106.606198064800	3.7108729389252e-03
106.636177310600	3.7027330807049e-03
106.666156556400	3.6936830730004e-03
106.696135802200	3.6837230075535e-03
106.726115048000	3.6728535660685e-03
106.756094293800	3.6610760196296e-03
106.786073539600	3.6483922276020e-03
106.816052785400	3.6348046360165e-03
106.846032031200	3.6203162754426e-03
106.876011277000	3.6049307583507e-03
106.905990522800	3.5886522759691e-03
106.935969768600	3.5714855946382e-03
106.965949014400	3.5534360516680e-03
106.995928260200	3.5345095507029e-03
107.025907506000	3.5147125565986e-03
107.055886751800	3.4940520898197e-03
107.085865997600	3.4725357203611e-03
107.115845243400	3.4501715612026e-03
107.145824489200	3.4269682613021e-03
107.175803735000	3.4029349981372e-03
107.205782980800	3.3780814698010e-03
107.235762226600	3.3524178866622e-03
107.265741472400	3.3259549625985e-03
107.295720718200	3.2987039058108e-03
107.325699964000	3.2706764092312e-03
107.355679209800	3.2418846405307e-03
107.385658455600	3.2123412317413e-03
107.415637701400	3.1820592685000e-03
107.445616947200	3.1510522789274e-03
107.475596193000	3.1193342221521e-03
107.505575438800	3.0869194764924e-03
107.535554684600	3.0538228273080e-03
107.565533930400	3.0200594545328e-03
107.595513176200	2.9856449199028e-03
107.625492422000	2.9505951538908e-03
107.655471667800	2.9149264423624e-03
107.685450913600	2.8786554129647e-03
107.715430159400	2.8417990212631e-03
107.745409405200	2.8043745366389e-03
107.775388651000	2.7663995279623e-03
107.805367896800	2.7278918490540e-03
107.835347142600	2.6888696239507e-03
107.865326388400	2.6493512319887e-03
107.895305634200	2.6093552927191e-03
107.925284880000	2.5689006506711e-03
107.955264125800	2.5280063599765e-03
107.985243371600	2.4866916688713e-03
108.015222617400	2.4449760040890e-03
108.045201863200	2.4028789551598e-03
108.075181109000	2.3604202586329e-03
108.105160354800	2.3176197822341e-03
108.135139600600	2.2744975089755e-03
108.165118846400	2.2310735212328e-03
108.195098092200	2.1873679848032e-03
108.225077338000	2.1434011329608e-03
108.255056583800	2.0991932505238e-03
108.285035829600	2.0547646579475e-03
108.315015075400	2.0101356954593e-03
108.344994321200	1.9653267072498e-03
108.374973567000	1.9203580257342e-03
108.404952812800	1.8752499558985e-03
108.434932058600	1.8300227597458e-03
108.464911304400	1.7846966408552e-03
108.494890550200	1.7392917290694e-03
108.524869796000	1.6938280653220e-03
108.554849041800	1.6483255866217e-03
108.584828287600	1.6028041112027e-03
108.614807533400	1.5572833238586e-03
108.644786779200	1.5117827614694e-03
108.674766025000	1.4663217987365e-03
108.704745270800	1.4209196341369e-03
108.734724516600	1.3755952761096e-03
108.764703762400	1.3303675294856e-03
108.794683008200	1.2852549821733e-03
108.824662254000	1.2402759921108e-03
108.854641499800	1.1954486744954e-03
108.884620745600	1.1507908893026e-03
108.914599991400	1.1063202291025e-03
108.944579237200	1.0620540071862e-03
108.974558483000	1.0180092460101e-03
109.004537728800	9.7420266596782e-04
109.034516974600	9.3065067449960e-04
109.064496220400	8.8736935554627e-04
109.094475466200	8.4437445935715e-04
109.124454712000	8.0168139265917e-04
109.154433957800	7.5930520919476e-04
109.184413203600	7.1726060063552e-04
109.214392449400	6.7556188787823e-04
109.244371695200	6.3422301272948e-04
109.274350941000	5.9325752998467e-04
109.304330186800	5.5267859990676e-04
109.334309432600	5.1249898110965e-04
109.364288678400	4.7273102385082e-04
109.394267924200	4.3338666373728e-04
109.424247170000	3.9447741584840e-04
109.454226415800	3.5601436927899e-04
109.484205661600	3.1800818210532e-04
109.514184907400	2.8046907677644e-04
109.544164153200	2.4340683593282e-04
109.574143399000	2.0683079865359e-04
109.604122644800	1.7074985713361e-04
109.634101890600	1.3517245379097e-04
109.664081136400	1.0010657880485e-04
109.694060382200	6.5559768083863e-05
109.724039628000	3.1539101663841e-05
109.754018873800	-1.9487974658547e-06
109.783998119600	-3.4897764109122e-05
109.813977365400	-6.7302091184949e-05
109.843956611200	-9.9156529626692e-05
109.873935857000	-1.3045628786159e-04
109.903915102800	-1.6119703087376e-04
109.933894348600	-1.9137487885418e-04
109.963873594400	-2.2098640544188e-04
109.993852840200	-2.5002863556055e-04
110.023832086000	-2.7849904285540e-04
110.053811331800	-3.0639554673561e-04
110.083790577600	-3.3371650902766e-04
110.113769823400	-3.6046073024572e-04
110.143749069200	-3.8662744548510e-04
110.173728315000	-4.1221631994568e-04
110.203707560800	-4.3722744409203e-04
110.233686806600	-4.6166132845767e-04
110.263666052400	-4.8551889810103e-04
110.293645298200	-5.0880148672107e-04
110.323624544000	-5.3151083044082e-04
110.353603789800	-5.5364906126732e-04
110.383583035600	-5.7521870023686e-04
110.413562281400	-5.9622265025453e-04
110.443541527200	-6.1666418863751e-04
110.473520773000	-6.3654695937173e-04
110.503500018800	-6.5587496509166e-04
110.533479264600	-6.7465255879339e-04
110.563458510400	-6.9288443529130e-04
110.593437756200	-7.1057562242881e-04
110.623417002000	-7.2773147205392e-04
110.653396247800	-7.4435765077044e-04
110.683375493600	-7.6046013047598e-04
110.713354739400	-7.7604517869781e-04
110.743333985200	-7.9111934873820e-04
110.773313231000	-8.0568946964038e-04
110.803292476800	-8.1976263598711e-04
110.833271722600	-8.3334619754332e-04
110.863250968400	-8.4644774875467e-04
110.893230214200	-8.5907511811410e-04
110.923209460000	-8.7123635740815e-04
110.953188705800	-8.8293973085511e-04
110.983167951600	-8.9419370414720e-04
111.013147197400	-9.0500693340863e-04
111.043126443200	-9.1538825408196e-04
111.073105689000	-9.2534666975454e-04
111.103084934800	-9.3489134093748e-04
111.133064180600	-9.4403157380887e-04
111.163043426400	-9.5277680893371e-04
111.193022672200	-9.6113660997213e-04
111.223001918000	-9.6912065238818e-04
111.252981163800	-9.7673871217090e-04
111.282960409600	-9.8400065457941e-04
111.312939655400	-9.9091642292390e-04
111.342918901200	-9.9749602739389e-04
111.372898147000	-1.0037495339453e-03
111.402877392800	-1.0096870532579e-03
111.432856638600	-1.0153187297734e-03
111.462835884400	-1.0206547308271e-03
111.492815130200	-1.0257052358812e-03
111.522794376000	-1.0304804258735e-03
111.552773621800	-1.0349904726895e-03
111.582752867600	-1.0392455287695e-03
111.612732113400	-1.0432557168602e-03
111.642711359200	-1.0470311199218e-03
111.672690605000	-1.0505817711981e-03
111.702669850800	-1.0539176444612e-03
111.732649096600	-1.0570486444386e-03
111.762628342400	-1.0599845974321e-03
111.792607588200	-1.0627352421375e-03
111.822586834000	-1.0653102206717e-03
111.852566079800	-1.0677190698185e-03
111.882545325600	-1.0699712124971e-03
111.912524571400	-1.0720759494642e-03
111.942503817200	-1.0740424512543e-03
111.972483063000	-1.0758797503666e-03
112.002462308800	-1.0775967337050e-03
112.032441554600	-1.0792021352765e-03
112.062420800400	-1.0807045291545e-03
112.092400046200	-1.0821123227133e-03
112.122379292000	-1.0834337501381e-03
112.152358537800	-1.0846768662148e-03
112.182337783600	-1.0858495404070e-03
112.212317029400	-1.0869594512207e-03
112.242296275200	-1.0880140808634e-03
112.272275521000	-1.0890207102002e-03
112.302254766800	-1.0899864140092e-03
112.332234012600	-1.0909180565413e-03
112.362213258400	-1.0918222873840e-03
112.392192504200	-1.0927055376336e-03
112.422171750000	-1.0935740163766e-03
112.452150995800	-1.0944337074815e-03
112.482130241600	-1.0952903667027e-03
112.512109487400	-1.0961495190963e-03
112.542088733200	-1.0970164567494e-03
112.572067979000	-1.0978962368212e-03
112.602047224800	-1.0987936798971e-03
112.632026470600	-1.0997133686535e-03
112.662005716400	-1.1006596468343e-03
112.691984962200	-1.1016366185349e-03
112.721964208000	-1.1026481477945e-03
112.751943453800	-1.1036978584925e-03
112.781922699600	-1.1047891345490e-03
112.811901945400	-1.1059251204229e-03
112.841881191200	-1.1071087219085e-03
112.871860437000	-1.1083426072245e-03
112.901839682800	-1.1096292083924e-03
112.931818928600	-1.1109707229001e-03
112.961798174400	-1.1123691156471e-03
112.991777420200	-1.1138261211649e-03
113.021756666000	-1.1153432461095e-03
113.051735911800	-1.1169217720196e-03
113.081715157600	-1.1185627583352e-03
113.111694403400	-1.1202670456703e-03
113.141673649200	-1.1220352593353e-03
113.171652895000	-1.1238678131003e-03
113.201632140800	-1.1257649131946e-03
113.231611386600	-1.1277265625352e-03
113.261590632400	-1.1297525651761e-03
113.291569878200	-1.1318425309727e-03
113.321549124000	-1.1339958804532e-03
113.351528369800	-1.1362118498884e-03
113.381507615600	-1.1384894965536e-03
113.411486861400	-1.1408277041735e-03
113.441466107200	-1.1432251885419e-03
113.471445353000	-1.1456805033081e-03
113.501424598800	-1.1481920459213e-03
113.531403844600	-1.1507580637245e-03
113.561383090400	-1.1533766601885e-03
113.591362336200	-1.1560458012777e-03
113.621341582000	-1.1587633219381e-03
113.651320827800	-1.1615269326991e-03
113.681300073600	-1.1643342263783e-03
113.711279319400	-1.1671826848823e-03
113.741258565200	-1.1700696860915e-03
113.771237811000	-1.1729925108217e-03
113.801217056800	-1.1759483498514e-03
113.831196302600	-1.1789343110063e-03
113.861175548400	-1.1819474262906e-03
113.891154794200	-1.1849846590564e-03
113.921134040000	-1.1880429112010e-03
113.951113285800	-1.1911190303827e-03
113.981092531600	-1.1942098172455e-03
114.011071777400	-1.1973120326438e-03
114.041051023200	-1.2004224048566e-03
114.071030269000	-1.2035376367823e-03
114.101009514800	-1.2066544131058e-03
114.130988760600	-1.2097694074264e-03
114.160968006400	-1.2128792893393e-03
114.190947252200	-1.2159807314607e-03
114.220926498000	-1.2190704163880e-03
114.250905743800	-1.2221450435858e-03
114.280884989600	-1.2252013361891e-03
114.310864235400	-1.2282360477156e-03
114.340843481200	-1.2312459686777e-03
114.370822727000	-1.2342279330869e-03
114.400801972800	-1.2371788248424e-03
114.430781218600	-1.2400955839946e-03
114.460760464400	-1.2429752128778e-03
114.490739710200	-1.2458147821034e-03
114.520718956000	-1.2486114364055e-03
114.550698201800	-1.2513624003338e-03
114.580677447600	-1.2540649837850e-03
114.610656693400	-1.2567165873667e-03
114.640635939200	-1.2593147075874e-03
114.670615185000	-1.2618569418663e-03
114.700594430800	-1.2643409933564e-03
114.730573676600	-1.2667646755766e-03
114.760552922400	-1.2691259168448e-03
114.790532168200	-1.2714227645099e-03
114.820511414000	-1.2736533889743e-03
114.850490659800	-1.2758160875058e-03
114.880469905600	-1.2779092878316e-03
114.910449151400	-1.2799315515113e-03
114.940428397200	-1.2818815770860e-03
114.970407643000	-1.2837582029979e-03
115.000386888800	-1.2855604102794e-03
115.030366134600	-1.2872873250069e-03
115.060345380400	-1.2889382205176e-03
115.090324626200	-1.2905125193870e-03
115.120303872000	-1.2920097951643e-03
115.150283117800	-1.2934297738647e-03
115.180262363600	-1.2947723352170e-03
115.210241609400	-1.2960375136647e-03
115.240220855200	-1.2972254991209e-03
115.270200101000	-1.2983366374758e-03
115.300179346800	-1.2993714308561e-03
115.330158592600	-1.3003305376379e-03
115.360137838400	-1.3012147722119e-03
115.390117084200	-1.3020251045028e-03
115.420096330000	-1.3027626592427e-03
115.450075575800	-1.3034287150018e-03
115.480054821600	-1.3040247029751e-03
115.510034067400	-1.3045522055308e-03
115.540013313200	-1.3050129545184e-03
115.569992559000	-1.3054088293425e-03
115.599971804800	-1.3057418548038e-03
115.629951050600	-1.3060141987093e-03
115.659930296400	-1.3062281692572e-03
115.689909542200	-1.3063862121982e-03
115.719888788000	-1.3064909077790e-03
115.749868033800	-1.3065449674700e-03
115.779847279600	-1.3065512304836e-03
115.809826525400	-1.3065126600867e-03
115.839805771200	-1.3064323397130e-03
115.869785017000	-1.3063134688794e-03
115.899764262800	-1.3061593589128e-03
115.929743508600	-1.3059734284931e-03
115.959722754400	-1.3057591990169e-03
115.989702000200	-1.3055202897899e-03
116.019681246000	-1.3052604130527e-03
116.049660491800	-1.3049833688475e-03
116.079639737600	-1.3046930397320e-03
116.109618983400	-1.3043933853478e-03
116.139598229200	-1.3040884368491e-03
116.169577475000	-1.3037822912010e-03
116.199556720800	-1.3034791053531e-03
116.229535966600	-1.3031830902966e-03
116.259515212400	-1.3028985050123e-03
116.289494458200	-1.3026296503178e-03
116.319473704000	-1.3023808626217e-03
116.349452949800	-1.3021565075918e-03
116.379432195600	-1.3019609737479e-03
116.409411441400	-1.3017986659840e-03
116.439390687200	-1.3016739990319e-03
116.469369933000	-1.3015913908716e-03
116.499349178800	-1.3015552560987e-03
116.529328424600	-1.3015699992570e-03
116.559307670400	-1.3016400081441e-03
116.589286916200	-1.3017696470995e-03
116.619266162000	-1.3019632502838e-03
116.649245407800	-1.3022251149568e-03
116.679224653600	-1.3025594947639e-03
116.709203899400	-1.3029705930390e-03
116.739183145200	-1.3034625561332e-03
116.769162391000	-1.3040394667770e-03
116.799141636800	-1.3047053374847e-03
116.829120882600	-1.3054641040099e-03
116.859100128400	-1.3063196188610e-03
116.889079374200	-1.3072756448835e-03
116.919058620000	-1.3083358489184e-03
116.949037865800	-1.3095037955456e-03
116.979017111600	-1.3107829409188e-03
117.008996357400	-1.3121766267012e-03
117.038975603200	-1.3136880741092e-03
117.068954849000	-1.3153203780719e-03
117.098934094800	-1.3170765015149e-03
117.128913340600	-1.3189592697741e-03
117.158892586400	-1.3209713651488e-03
117.188871832200	-1.3231153216000e-03
117.218851078000	-1.3253935196014e-03
117.248830323800	-1.3278081811494e-03
117.278809569600	-1.3303613649397e-03
117.308788815400	-1.3330549617157e-03
117.338768061200	-1.3358906897965e-03
117.368747307000	-1.3388700907886e-03
117.398726552800	-1.3419945254891e-03
117.428705798600	-1.3452651699840e-03
117.458685044400	-1.3486830119496e-03
117.488664290200	-1.3522488471585e-03
117.518643536000	-1.3559632761991e-03
117.548622781800	-1.3598267014102e-03
117.578602027600	-1.3638393240360e-03
117.608581273400	-1.3680011416070e-03
117.638560519200	-1.3723119455481e-03
117.668539765000	-1.3767713190201e-03
117.698519010800	-1.3813786349958e-03
117.728498256600	-1.3861330545754e-03
117.758477502400	-1.3910335255428e-03
117.788456748200	-1.3960787811664e-03
117.818435994000	-1.4012673392452e-03
117.848415239800	-1.4065975014039e-03
117.878394485600	-1.4120673526366e-03
117.908373731400	-1.4176747611027e-03
117.938352977200	-1.4234173781738e-03
117.968332223000	-1.4292926387344e-03
117.998311468800	-1.4352977617352e-03
118.028290714600	-1.4414297510005e-03
118.058269960400	-1.4476853962880e-03
118.088249206200	-1.4540612746029e-03
118.118228452000	-1.4605537517630e-03
118.148207697800	-1.4671589842156e-03
118.178186943600	-1.4738729211040e-03
118.208166189400	-1.4806913065828e-03
118.238145435200	-1.4876096823786e-03
118.268124681000	-1.4946233905958e-03
118.298103926800	-1.5017275767637e-03
118.328083172600	-1.5089171931226e-03
118.358062418400	-1.5161870021458e-03
118.388041664200	-1.5235315802943e-03
118.418020910000	-1.5309453220000e-03
118.448000155800	-1.5384224438749e-03
118.477979401600	-1.5459569891405e-03
118.507958647400	-1.5535428322740e-03
118.537937893200	-1.5611736838668e-03
118.567917139000	-1.5688430956896e-03
118.597896384800	-1.5765444659594e-03
118.627875630600	-1.5842710448034e-03
118.657854876400	-1.5920159399134e-03
118.687834122200	-1.5997721223854e-03
118.717813368000	-1.6075324327377e-03
118.747792613800	-1.6152895871025e-03
118.777771859600	-1.6230361835830e-03
118.807751105400	-1.6307647087698e-03
118.837730351200	-1.6384675444105e-03
118.867709597000	-1.6461369742245e-03
118.897688842800	-1.6537651908556e-03
118.927668088600	-1.6613443029557e-03
118.957647334400	-1.6688663423922e-03
118.987626580200	-1.6763232715700e-03
119.017605826000	-1.6837069908615e-03
119.047585071800	-1.6910093461362e-03
119.077564317600	-1.6982221363816e-03
119.107543563400	-1.7053371214073e-03
119.137522809200	-1.7123460296236e-03
119.167502055000	-1.7192405658871e-03
119.197481300800	-1.7260124194030e-03
119.227460546600	-1.7326532716777e-03
119.257439792400	-1.7391548045108e-03
119.287419038200	-1.7455087080190e-03
119.317398284000	-1.7517066886837e-03
119.347377529800	-1.7577404774108e-03
119.377356775600	-1.7636018375973e-03
119.407336021400	-1.7692825731935e-03
119.437315267200	-1.7747745367515e-03
119.467294513000	-1.7800696374538e-03
119.497273758800	-1.7851598491100e-03
119.527253004600	-1.7900372181146e-03
119.557232250400	-1.7946938713563e-03
119.587211496200	-1.7991220240705e-03
119.617190742000	-1.8033139876258e-03
119.647169987800	-1.8072621772356e-03
119.677149233600	-1.8109591195873e-03
119.707128479400	-1.8143974603790e-03
119.737107725200	-1.8175699717561e-03
119.767086971000	-1.8204695596403e-03
119.797066216800	-1.8230892709403e-03
119.827045462600	-1.8254223006389e-03
119.857024708400	-1.8274619987464e-03
119.887003954200	-1.8292018771134e-03
119.916983200000	-1.8306356160954e-03
119.946962445800	-1.8317570710608e-03
119.976941691600	-1.8325602787358e-03
120.006920937400	-1.8330394633787e-03
120.036900183200	-1.8331890427760e-03
120.066879429000	-1.8330036340544e-03
120.096858674800	-1.8324780593011e-03
120.126837920600	-1.8316073509867e-03
120.156817166400	-1.8303867571841e-03
120.186796412200	-1.8288117465772e-03
120.216775658000	-1.8268780132541e-03
120.246754903800	-1.8245814812785e-03
120.276734149600	-1.8219183090350e-03
120.306713395400	-1.8188848933422e-03
120.336692641200	-1.8154778733291e-03
120.366671887000	-1.8116941340707e-03
120.396651132800	-1.8075308099780e-03
120.426630378600	-1.8029852879379e-03
120.456609624400	-1.7980552102009e-03
120.486588870200	-1.7927384770106e-03
120.516568116000	-1.7870332489744e-03
120.546547361800	-1.7809379491705e-03
120.576526607600	-1.7744512649892e-03
120.606505853400	-1.7675721497069e-03
120.636485099200	-1.7602998237897e-03
120.666464345000	-1.7526337759247e-03
120.696443590800	-1.7445737637789e-03
120.726422836600	-1.7361198144832e-03
120.756402082400	-1.7272722248415e-03
120.786381328200	-1.7180315612632e-03
120.816360574000	-1.7083986594206e-03
120.846339819800	-1.6983746236297e-03
120.876319065600	-1.6879608259553e-03
120.906298311400	-1.6771589050417e-03
120.936277557200	-1.6659707646686e-03
120.966256803000	-1.6543985720348e-03
120.996236048800	-1.6424447557709e-03
121.026215294600	-1.6301120036819e-03
121.056194540400	-1.6174032602240e-03
121.086173786200	-1.6043217237153e-03
121.116153032000	-1.5908708432863e-03
121.146132277800	-1.5770543155704e-03
121.176111523600	-1.5628760811394e-03
121.206090769400	-1.5483403206878e-03
121.236070015200	-1.5334514509685e-03
121.266049261000	-1.5182141204854e-03
121.296028506800	-1.5026332049468e-03
121.326007752600	-1.4867138024846e-03
121.355986998400	-1.4704612286436e-03
121.385966244200	-1.4538810111477e-03
121.415945490000	-1.4369788844466e-03
121.445924735800	-1.4197607840505e-03
121.475903981600	-1.4022328406578e-03
121.505883227400	-1.3844013740820e-03
121.535862473200	-1.3662728869855e-03
121.565841719000	-1.3478540584250e-03
121.595820964800	-1.3291517372177e-03
121.625800210600	-1.3101729351332e-03
121.655779456400	-1.2909248199202e-03
121.685758702200	-1.2714147081749e-03
121.715737948000	-1.2516500580579e-03
121.745717193800	-1.2316384618692e-03
121.775696439600	-1.2113876384879e-03
121.805675685400	-1.1909054256853e-03
121.835654931200	-1.1701997723205e-03
121.865634177000	-1.1492787304249e-03
121.895613422800	-1.1281504471870e-03
121.925592668600	-1.1068231568438e-03
121.955571914400	-1.0853051724893e-03
121.985551160200	-1.0636048778077e-03
122.015530406000	-1.0417307187419e-03
122.045509651800	-1.0196911951049e-03
122.075488897600	-9.9749485214394e-04
122.105468143400	-9.7515027206731e-04
122.135447389200	-9.5266606554169e-04
122.165426635000	-9.3005086317058e-04
122.195405880800	-9.0731330696263e-04
122.225385126600	-8.8446204179944e-04
122.255364372400	-8.6150570691211e-04
122.285343618200	-8.3845292737615e-04
122.315322864000	-8.1531230563393e-04
122.345302109800	-7.9209241305412e-04
122.375281355600	-7.6880178153757e-04
122.405260601400	-7.4544889517876e-04
122.435239847200	-7.2204218199211e-04
122.465219093000	-6.9859000571249e-04
122.495198338800	-6.7510065767875e-04
122.525177584600	-6.5158234880960e-04
122.555156830400	-6.2804320168053e-04
122.585136076200	-6.0449124271075e-04
122.615115322000	-5.8093439446885e-04
122.645094567800	-5.5738046810562e-04
122.675073813600	-5.3383715592277e-04
122.705053059400	-5.1031202408555e-04
122.735032305200	-4.8681250548774e-04
122.765011551000	-4.6334589277674e-04
122.794990796800	-4.3991933154681e-04
122.824970042600	-4.1653981370797e-04
122.854949288400	-3.9321417103815e-04
122.884928534200	-3.6994906892572e-04
122.914907780000	-3.4675100030963e-04
122.944887025800	-3.2362627982387e-04
122.974866271600	-3.0058103815294e-04
123.004845517400	-2.7762121660484e-04
123.034824763200	-2.5475256190751e-04
123.064804009000	-2.3198062123492e-04
123.094783254800	-2.0931073746830e-04
123.124762500600	-1.8674804469802e-04
123.154741746400	-1.6429746397126e-04
123.184720992200	-1.4196369929035e-04
123.214700238000	-1.1975123386646e-04
123.244679483800	-9.7664326632856e-05
123.274658729600	-7.5707009021976e-05
123.304637975400	-5.3883082009861e-05
123.334617221200	-3.2196113431598e-05
123.364596467000	-1.0649435570867e-05
123.394575712800	1.0753856973531e-05
123.424554958600	3.2010909141570e-05
123.454534204400	5.3119106984095e-05
123.484513450200	7.4076078951130e-05
123.514492696000	9.4879696894801e-05
123.544471941800	1.1552807678554e-04
123.574451187600	1.3601957914057e-04
123.604430433400	1.5635280916399e-04
123.634409679200	1.7652661659812e-04
123.664388925000	1.9654009528603e-04
123.694368170800	2.1639258244561e-04
123.724347416600	2.3608365765569e-04
123.754326662400	2.5561314155521e-04
123.784305908200	2.7498109425671e-04
123.814285154000	2.9418781347558e-04
123.844264399800	3.1323383237716e-04
123.874243645600	3.3211991714372e-04
123.904222891400	3.5084706426393e-04
123.934202137200	3.6941649754763e-04
123.964181383000	3.8782966486909e-04
123.994160628800	4.0608823464209e-04
124.024139874600	4.2419409203077e-04
124.054119120400	4.4214933490011e-04
124.084098366200	4.5995626951049e-04
124.114077612000	4.7761740596103e-04
124.144056857800	4.9513545338646e-04
124.174036103600	5.1251331491296e-04
124.204015349400	5.2975408237823e-04
124.233994595200	5.4686103082173e-04
124.263973841000	5.6383761275102e-04
124.293953086800	5.8068745219049e-04
124.323932332600	5.9741433851903e-04
124.353911578400	6.1402222010341e-04
124.383890824200	6.3051519773437e-04
124.413870070000	6.4689751787273e-04
124.443849315800	6.6317356571283e-04
124.473828561600	6.7934785807119e-04
124.503807807400	6.9542503610813e-04
124.533787053200	7.1140985789046e-04
124.563766299000	7.2730719080359e-04
124.593745544800	7.4312200382138e-04
124.623724790600	7.5885935964248e-04
124.653704036400	7.7452440670193e-04
124.683683282200	7.9012237106686e-04
124.713662528000	8.0565854822549e-04
124.743641773800	8.2113829477860e-04
124.773621019600	8.3656702004279e-04
124.803600265400	8.5195017757501e-04
124.833579511200	8.6729325662791e-04
124.863558757000	8.8260177354565e-04
124.893538002800	8.9788126310987e-04
124.923517248600	9.1313726984568e-04
124.953496494400	9.2837533929749e-04
124.983475740200	9.4360100928455e-04
125.013454986000	9.5881980114626e-04
125.043434231800	9.7403721098710e-04
125.073413477600	9.8925870093123e-04
125.103392723400	1.0044896903968e-03
125.133371969200	1.0197355473996e-03
125.163351215000	1.0350015798973e-03
125.193330460800	1.0502930271815e-03
125.223309706600	1.0656150513313e-03
125.253288952400	1.0809727287347e-03
125.283268198200	1.0963710416896e-03
125.313247444000	1.1118148700940e-03
125.343226689800	1.1273089832344e-03
125.373205935600	1.1428580316818e-03
125.403185181400	1.1584665393063e-03
125.433164427200	1.1741388954174e-03
125.463143673000	1.1898793470412e-03
125.493122918800	1.2056919913418e-03
125.523102164600	1.2215807681981e-03
125.553081410400	1.2375494529417e-03
125.583060656200	1.2536016492677e-03
125.613039902000	1.2697407823243e-03
125.643019147800	1.2859700919916e-03
125.672998393600	1.3022926263548e-03
125.702977639400	1.3187112353835e-03
125.732956885200	1.3352285648208e-03
125.762936131000	1.3518470502926e-03
125.792915376800	1.3685689116424e-03
125.822894622600	1.3853961475000e-03
125.852873868400	1.4023305300890e-03
125.882853114200	1.4193736002818e-03
125.912832360000	1.4365266629059e-03
125.942811605800	1.4537907823098e-03
125.972790851600	1.4711667781920e-03
126.002770097400	1.4886552216997e-03
126.032749343200	1.5062564318021e-03
126.062728589000	1.5239704719428e-03
126.092707834800	1.5417971469759e-03
126.122687080600	1.5597360003898e-03
126.152666326400	1.5777863118235e-03
126.182645572200	1.5959470948768e-03
126.212624818000	1.6142170952203e-03
126.242604063800	1.6325947890059e-03
126.272583309600	1.6510783815820e-03
126.302562555400	1.6696658065139e-03
126.332541801200	1.6883547249129e-03
126.362521047000	1.7071425250752e-03
126.392500292800	1.7260263224312e-03
126.422479538600	1.7450029598066e-03
126.452458784400	1.7640690079957e-03
126.482438030200	1.7832207666478e-03
126.512417276000	1.8024542654649e-03
126.542396521800	1.8217652657117e-03
126.572375767600	1.8411492620369e-03
126.602355013400	1.8606014846034e-03
126.632334259200	1.8801169015276e-03
126.662313505000	1.8996902216242e-03
126.692292750800	1.9193158974561e-03
126.722271996600	1.9389881286848e-03
126.752251242400	1.9587008657201e-03
126.782230488200	1.9784478136652e-03
126.812209734000	1.9982224365533e-03
126.842188979800	2.0180179618725e-03
126.872168225600	2.0378273853740e-03
126.902147471400	2.0576434761600e-03
126.932126717200	2.0774587820456e-03
126.962105963000	2.0972656351896e-03
126.992085208800	2.1170561579895e-03
127.022064454600	2.1368222692335e-03
127.052043700400	2.1565556905058e-03
127.082022946200	2.1762479528352e-03
127.112002192000	2.1958904035844e-03
127.141981437800	2.2154742135696e-03
127.171960683600	2.2349903844060e-03
127.201939929400	2.2544297560695e-03
127.231919175200	2.2737830146679e-03
127.261898421000	2.2930407004144e-03
127.291877666800	2.3121932157931e-03
127.321856912600	2.3312308339105e-03
127.351836158400	2.3501437070223e-03
127.381815404200	2.3689218752280e-03
127.411794650000	2.3875552753233e-03
127.441773895800	2.4060337498024e-03
127.471753141600	2.4243470559982e-03
127.501732387400	2.4424848753545e-03
127.531711633200	2.4604368228161e-03
127.561690879000	2.4781924563310e-03
127.591670124800	2.4957412864517e-03
127.621649370600	2.5130727860267e-03
127.651628616400	2.5301763999714e-03
127.681607862200	2.5470415551088e-03
127.711587108000	2.5636576700679e-03
127.741566353800	2.5800141652308e-03
127.771545599600	2.5961004727174e-03
127.801524845400	2.6119060463955e-03
127.831504091200	2.6274203719080e-03
127.861483337000	2.6426329767045e-03
127.891462582800	2.6575334400666e-03
127.921441828600	2.6721114031173e-03
127.951421074400	2.6863565788018e-03
127.981400320200	2.7002587618300e-03
128.011379566000	2.7138078385703e-03
128.041358811800	2.7269937968818e-03
128.071338057600	2.7398067358766e-03
128.101317303400	2.7522368756000e-03
128.131296549200	2.7642745666179e-03
128.161275795000	2.7759102995015e-03
128.191255040800	2.7871347141987e-03
128.221234286600	2.7979386092817e-03
128.251213532400	2.8083129510594e-03
128.281192778200	2.8182488825474e-03
128.311172024000	2.8277377322818e-03
128.341151269800	2.8367710229703e-03
128.371130515600	2.8453404799690e-03
128.401109761400	2.8534380395753e-03
128.431089007200	2.8610558571296e-03
128.461068253000	2.8681863149134e-03
128.491047498800	2.8748220298381e-03
128.521026744600	2.8809558609137e-03
128.551005990400	2.8865809164898e-03
128.580985236200	2.8916905612600e-03
128.610964482000	2.8962784230223e-03
128.640943727800	2.9003383991880e-03
128.670922973600	2.9038646630301e-03
128.700902219400	2.9068516696658e-03
128.730881465200	2.9092941617646e-03
128.760860711000	2.9111871749771e-03
128.790839956800	2.9125260430757e-03
128.820819202600	2.9133064028037e-03
128.850798448400	2.9135241984252e-03
128.880777694200	2.9131756859713e-03
128.910756940000	2.9122574371770e-03
128.940736185800	2.9107663431043e-03
128.970715431600	2.9086996174473e-03
129.000694677400	2.9060547995144e-03
129.030673923200	2.9028297568844e-03
129.060653169000	2.8990226877338e-03
129.090632414800	2.8946321228301e-03
129.120611660600	2.8896569271913e-03
129.150590906400	2.8840963014066e-03
129.180570152200	2.8779497826184e-03
129.210549398000	2.8712172451627e-03
129.240528643800	2.8638989008676e-03
129.270507889600	2.8559952990082e-03
129.300487135400	2.8475073259180e-03
129.330466381200	2.8384362042574e-03
129.360445627000	2.8287834919380e-03
129.390424872800	2.8185510807043e-03
129.420404118600	2.8077411943748e-03
129.450383364400	2.7963563867423e-03
129.480362610200	2.7843995391357e-03
129.510341856000	2.7718738576466e-03
129.540321101800	2.7587828700223e-03
129.570300347600	2.7451304222278e-03
129.600279593400	2.7309206746816e-03
129.630258839200	2.7161580981675e-03
129.660238085000	2.7008474694276e-03
129.690217330800	2.6849938664403e-03
129.720196576600	2.6686026633885e-03
129.750175822400	2.6516795253226e-03
129.780155068200	2.6342304025252e-03
129.810134314000	2.6162615245810e-03
129.840113559800	2.5977793941608e-03
129.870092805600	2.5787907805242e-03
129.900072051400	2.5593027127486e-03
129.930051297200	2.5393224726919e-03
129.960030543000	2.5188575876958e-03
129.990009788800	2.4979158230382e-03
130.019989034600	2.4765051741420e-03
130.049968280400	2.4546338585495e-03
130.079947526200	2.4323103076709e-03
130.109926772000	2.4095431583154e-03
130.139906017800	2.3863412440145e-03
130.169885263600	2.3627135861468e-03
130.199864509400	2.3386693848746e-03
130.229843755200	2.3142180099012e-03
130.259823001000	2.2893689910601e-03
130.289802246800	2.2641320087459e-03
130.319781492600	2.2385168841974e-03
130.349760738400	2.2125335696446e-03
130.379739984200	2.1861921383290e-03
130.409719230000	2.1595027744103e-03
130.439698475800	2.1324757627688e-03
130.469677721600	2.1051214787164e-03
130.499656967400	2.0774503776273e-03
130.529636213200	2.0494729844993e-03
130.559615459000	2.0211998834595e-03
130.589594704800	1.9926417072237e-03
130.619573950600	1.9638091265237e-03
130.649553196400	1.9347128395130e-03
130.679532442200	1.9053635611645e-03
130.709511688000	1.8757720126704e-03
130.739490933800	1.8459489108579e-03
130.769470179600	1.8159049576333e-03
130.799449425400	1.7856508294644e-03
130.829428671200	1.7551971669164e-03
130.859407917000	1.7245545642506e-03
130.889387162800	1.6937335591003e-03
130.919366408600	1.6627446222343e-03
130.949345654400	1.6315981474211e-03
130.979324900200	1.6003044414049e-03
131.009304146000	1.5688737140060e-03
131.039283391800	1.5373160683563e-03
131.069262637600	1.5056414912829e-03
131.099241883400	1.4738598438496e-03
131.129221129200	1.4419808520689e-03
131.159200375000	1.4100140977952e-03
131.189179620800	1.3779690098102e-03
131.219158866600	1.3458548551110e-03
131.249138112400	1.3136807304123e-03
131.279117358200	1.2814555538717e-03
131.309096604000	1.2491880570504e-03
131.339075849800	1.2168867771167e-03
131.369055095600	1.1845600493040e-03
131.399034341400	1.1522159996321e-03
131.429013587200	1.1198625379001e-03
131.458992833000	1.0875073509612e-03
131.488972078800	1.0551578962873e-03
131.518951324600	1.0228213958315e-03
131.548930570400	9.9050483019655e-04
131.578909816200	9.5821493311731e-04
131.608889062000	9.2595818626444e-04
131.638868307800	8.9374081437579e-04
131.668847553600	8.6156878072270e-04
131.698826799400	8.2944778291726e-04
131.728806045200	7.9738324906643e-04
131.758785291000	7.6538033427867e-04
131.788764536800	7.3344391752810e-04
131.818743782600	7.0157859888102e-04
131.848723028400	6.6978869708924e-04
131.878702274200	6.3807824755403e-04
131.908681520000	6.0645100066441e-04
131.938660765800	5.7491042051279e-04
131.968640011600	5.4345968399087e-04
131.998619257400	5.1210168026788e-04
132.028598503200	4.8083901065323e-04
132.058577749000	4.4967398884496e-04
132.088556994800	4.1860864156496e-04
132.118536240600	3.8764470958163e-04
132.148515486400	3.5678364911998e-04
132.178494732200	3.2602663365905e-04
132.208473978000	2.9537455611572e-04
132.238453223800	2.6482803141391e-04
132.268432469600	2.3438739943732e-04
132.298411715400	2.0405272836382e-04
132.328390961200	1.7382381837886e-04
132.358370207000	1.4370020576498e-04
132.388349452800	1.1368116736401e-04
132.418328698600	8.3765725408037e-05
132.448307944400	5.3952652714994e-05
132.478287190200	2.4240478244029e-05
132.508266436000	-5.3725069944529e-06
132.538245681800	-3.4888243679642e-05
132.568224927600	-6.4308897578098e-05
132.598204173400	-9.3636852604846e-05
132.628183419200	-1.2287470355465e-04
132.658162665000	-1.5202524851069e-04
132.688141910800	-1.8109148093827e-04
132.718121156600	-2.1007658147169e-04
132.748100402400	-2.3898390940254e-04
132.778079648200	-2.6781699387836e-04
132.808058894000	-2.9657952482086e-04
132.838038139800	-3.2527534357310e-04
132.868017385600	-3.5390843328571e-04
132.897996631400	-3.8248290905218e-04
132.927975877200	-4.1100300780411e-04
132.957955123000	-4.3947307797697e-04
132.987934368800	-4.6789756895788e-04
133.017913614600	-4.9628102032679e-04
133.047892860400	-5.2462805090297e-04
133.077872106200	-5.5294334760884e-04
133.107851352000	-5.8123165416356e-04
133.137830597800	-6.0949775961904e-04
133.167809843600	-6.3774648675121e-04
133.197789089400	-6.6598268031970e-04
133.227768335200	-6.9421119520926e-04
133.257747581000	-7.2243688446644e-04
133.287726826800	-7.5066458724531e-04
133.317706072600	-7.7889911667612e-04
133.347685318400	-8.0714524767099e-04
133.377664564200	-8.3540770468081e-04
133.407643810000	-8.6369114941785e-04
133.437623055800	-8.9200016855838e-04
133.467602301600	-9.2033926144013e-04
133.497581547400	-9.4871282776903e-04
133.527560793200	-9.7712515535021e-04
133.557540039000	-1.0055804078579e-03
133.587519284800	-1.0340826126594e-03
133.617498530600	-1.0626356487073e-03
133.647477776400	-1.0912432345161e-03
133.677457022200	-1.1199089162369e-03
133.707436268000	-1.1486360558454e-03
133.737415513800	-1.1774278194587e-03
133.767394759600	-1.2062871657949e-03
133.797374005400	-1.2352168347907e-03
133.827353251200	-1.2642193363909e-03
133.857332497000	-1.2932969395262e-03
133.887311742800	-1.3224516612910e-03
133.917290988600	-1.3516852563376e-03
133.947270234400	-1.3809992065008e-03
133.977249480200	-1.4103947106657e-03
134.007228726000	-1.4398726748931e-03
134.037207971800	-1.4694337028169e-03
134.067187217600	-1.4990780863259e-03
134.097166463400	-1.5288057965429e-03
134.127145709200	-1.5586164751157e-03
134.157124955000	-1.5885094258309e-03
134.187104200800	-1.6184836065634e-03
134.217083446600	-1.6485376215746e-03
134.247062692400	-1.6786697141700e-03
134.277041938200	-1.7088777597281e-03
134.307021184000	-1.7391592591120e-03
134.337000429800	-1.7695113324743e-03
134.366979675600	-1.7999307134656e-03
134.396958921400	-1.8304137438574e-03
134.426938167200	-1.8609563685882e-03
134.456917413000	-1.8915541312426e-03
134.486896658800	-1.9222021699728e-03
134.516875904600	-1.9528952138699e-03
134.546855150400	-1.9836275797944e-03
134.576834396200	-2.0143931696720e-03
134.606813642000	-2.0451854682637e-03
134.636792887800	-2.0759975414151e-03
134.666772133600	-2.1068220347930e-03
134.696751379400	-2.1376511731133e-03
134.726730625200	-2.1684767598668e-03
134.756709871000	-2.1992901775472e-03
134.786689116800	-2.2300823883855e-03
134.816668362600	-2.2608439355953e-03
134.846647608400	-2.2915649451309e-03
134.876626854200	-2.3222351279624e-03
134.906606100000	-2.3528437828694e-03
134.936585345800	-2.3833797997548e-03
134.966564591600	-2.4138316634802e-03
134.996543837400	-2.4441874582231e-03
135.026523083200	-2.4744348723567e-03
135.056502329000	-2.5045612038515e-03
135.086481574800	-2.5345533661962e-03
135.116460820600	-2.5643978948396e-03
135.146440066400	-2.5940809541479e-03
135.176419312200	-2.6235883448765e-03
135.206398558000	-2.6529055121532e-03
135.236377803800	-2.6820175539679e-03
135.266357049600	-2.7109092301655e-03
135.296336295400	-2.7395649719361e-03
135.326315541200	-2.7679688917979e-03
135.356294787000	-2.7961047940663e-03
135.386274032800	-2.8239561858023e-03
135.416253278600	-2.8515062882344e-03
135.446232524400	-2.8787380486441e-03
135.476211770200	-2.9056341527092e-03
135.506191016000	-2.9321770372948e-03
135.536170261800	-2.9583489036827e-03
135.566149507600	-2.9841317312300e-03
135.596128753400	-3.0095072914465e-03
135.626107999200	-3.0344571624802e-03
135.656087245000	-3.0589627439985e-03
135.686066490800	-3.0830052724555e-03
135.716045736600	-3.1065658367314e-03
135.746024982400	-3.1296253941317e-03
135.776004228200	-3.1521647867334e-03
135.805983474000	-3.1741647580648e-03
135.835962719800	-3.1956059701036e-03
135.865941965600	-3.2164690205804e-03
135.895921211400	-3.2367344605722e-03
135.925900457200	-3.2563828123695e-03
135.955879703000	-3.2753945876039e-03
135.985858948800	-3.2937503056169e-03
136.015838194600	-3.3114305120569e-03
136.045817440400	-3.3284157976846e-03
136.075796686200	-3.3446868173723e-03
136.105775932000	-3.3602243092781e-03
136.135755177800	-3.3750091141780e-03
136.165734423600	-3.3890221949376e-03
136.195713669400	-3.4022446561063e-03
136.225692915200	-3.4146577636137e-03
136.255672161000	-3.4262429645510e-03
136.285651406800	-3.4369819070183e-03
136.315630652600	-3.4468564600182e-03
136.345609898400	-3.4558487333764e-03
136.375589144200	-3.4639410976710e-03
136.405568390000	-3.4711162041496e-03
136.435547635800	-3.4773570046150e-03
136.465526881600	-3.4826467712600e-03
136.495506127400	-3.4869691164310e-03
136.525485373200	-3.4903080123012e-03
136.555464619000	-3.4926478104321e-03
136.585443864800	-3.4939732612047e-03
136.615423110600	-3.4942695330992e-03
136.645402356400	-3.4935222318047e-03
136.675381602200	-3.4917174191368e-03
136.705360848000	-3.4888416317453e-03
136.735340093800	-3.4848818995909e-03
136.765319339600	-3.4798257641714e-03
136.795298585400	-3.4736612964781e-03
136.825277831200	-3.4663771146622e-03
136.855257077000	-3.4579624013930e-03
136.885236322800	-3.4484069208873e-03
136.915215568600	-3.4377010355921e-03
136.945194814400	-3.4258357225010e-03
136.975174060200	-3.4128025890871e-03
137.005153306000	-3.3985938888319e-03
137.035132551800	-3.3832025363346e-03
137.065111797600	-3.3666221219820e-03
137.095091043400	-3.3488469261631e-03
137.125070289200	-3.3298719330103e-03
137.155049535000	-3.3096928436507e-03
137.185028780800	-3.2883060889517e-03
137.215008026600	-3.2657088417435e-03
137.244987272400	-3.2418990285042e-03
137.274966518200	-3.2168753404922e-03
137.304945764000	-3.1906372443093e-03
137.334925009800	-3.1631849918835e-03
137.364904255600	-3.1345196298539e-03
137.394883501400	-3.1046430083468e-03
137.424862747200	-3.0735577891298e-03
137.454841993000	-3.0412674531306e-03
137.484821238800	-3.0077763073086e-03
137.514800484600	-2.9730894908699e-03
137.544779730400	-2.9372129808119e-03
137.574758976200	-2.9001535967900e-03
137.604738222000	-2.8619190052956e-03
137.634717467800	-2.8225177231353e-03
137.664696713600	-2.7819591202057e-03
137.694675959400	-2.7402534215526e-03
137.724655205200	-2.6974117087105e-03
137.754634451000	-2.6534459203127e-03
137.784613696800	-2.6083688519697e-03
137.814592942600	-2.5621941554066e-03
137.844572188400	-2.5149363368587e-03
137.874551434200	-2.4666107547186e-03
137.904530680000	-2.4172336164326e-03
137.934509925800	-2.3668219746439e-03
137.964489171600	-2.3153937225807e-03
137.994468417400	-2.2629675886872e-03
138.024447663200	-2.2095631304981e-03
138.054426909000	-2.1552007277563e-03
138.084406154800	-2.0999015747739e-03
138.114385400600	-2.0436876720400e-03
138.144364646400	-1.9865818170751e-03
138.174343892200	-1.9286075945376e-03
138.204323138000	-1.8697893655846e-03
138.234302383800	-1.8101522564911e-03
138.264281629600	-1.7497221465348e-03
138.294260875400	-1.6885256551496e-03
138.324240121200	-1.6265901283565e-03
138.354219367000	-1.5639436244786e-03
138.384198612800	-1.5006148991471e-03
138.414177858600	-1.4366333896084e-03
138.444157104400	-1.3720291983412e-03
138.474136350200	-1.3068330759927e-03
138.504115596000	-1.2410764036464e-03
138.534094841800	-1.1747911744308e-03
138.564074087600	-1.1080099744824e-03
138.594053333400	-1.0407659632763e-03
138.624032579200	-9.7309285333501e-04
138.654011825000	-9.0502488933289e-04
138.683991070800	-8.3659682660821e-04
138.713970316600	-7.6784390909941e-04
138.743949562400	-6.9880184672079e-04
138.773928808200	-6.2950679219438e-04
138.803908054000	-5.5999531735474e-04
138.833887299800	-4.9030438894442e-04
138.863866545600	-4.2047134391808e-04
138.893845791400	-3.5053386427400e-04
138.923825037200	-2.8052995143214e-04
138.953804283000	-2.1049790017835e-04
138.983783528800	-1.4047627219510e-04
139.013762774600	-7.0503869199110e-05
139.043742020400	-6.1970570725273e-07
139.073721266200	6.9137018547911e-05
139.103700512000	1.3872694653090e-04
139.133679757800	2.0811059212205e-04
139.163659003600	2.7724836861944e-04
139.193638249400	3.4610061750086e-04
139.223617495200	4.1462763742251e-04
139.253596741000	4.8278971343032e-04
139.283575986800	5.5054714636019e-04
139.313555232600	6.1786028240239e-04
139.343534478400	6.8468954280580e-04
139.373513724200	7.5099545369688e-04
139.403492970000	8.1673867598837e-04
139.433472215800	8.8188003535242e-04
139.463451461600	9.4638055223266e-04
139.493430707400	1.0102014718696e-03
139.523409953200	1.0733042943135e-03
139.553389199000	1.1356508043993e-03
139.583368444800	1.1972031016569e-03
139.613347690600	1.2579236301315e-03
139.643326936400	1.3177752080877e-03
139.673306182200	1.3767210575712e-03
139.703285428000	1.4347248338024e-03
139.733264673800	1.4917506543756e-03
139.763243919600	1.5477631282382e-03
139.793223165400	1.6027273844233e-03
139.823202411200	1.6566091005115e-03
139.853181657000	1.7093745307943e-03
139.883160902800	1.7609905341154e-03
139.913140148600	1.8114246013639e-03
139.943119394400	1.8606448825941e-03
139.973098640200	1.9086202137473e-03
140.003077886000	1.9553201429519e-03
140.033057131800	2.0007149563754e-03
140.063036377600	2.0447757036071e-03
140.093015623400	2.0874742225450e-03
140.122994869200	2.1287831637658e-03
140.152974115000	2.1686760143535e-03
140.182953360800	2.2071271211656e-03
140.212932606600	2.2441117135126e-03
140.242911852400	2.2796059252313e-03
140.272891098200	2.3135868161289e-03
140.302870344000	2.3460323927781e-03
140.332849589800	2.3769216286429e-03
140.362828835600	2.4062344835143e-03
140.392808081400	2.4339519222379e-03
140.422787327200	2.4600559327137e-03
140.452766573000	2.4845295431512e-03
140.482745818800	2.5073568385605e-03
140.512725064600	2.5285229764639e-03
140.542704310400	2.5480142018118e-03
140.572683556200	2.5658178610856e-03
140.602662802000	2.5819224155745e-03
140.632642047800	2.5963174538113e-03
140.662621293600	2.6089937031522e-03
140.692600539400	2.6199430404904e-03
140.722579785200	2.6291585020884e-03
140.752559031000	2.6366342925199e-03
140.782538276800	2.6423657927088e-03
140.812517522600	2.6463495670566e-03
140.842496768400	2.6485833696483e-03
140.872476014200	2.6490661495286e-03
140.902455260000	2.6477980550409e-03
140.932434505800	2.6447804372218e-03
140.962413751600	2.6400158522460e-03
140.992392997400	2.6335080629149e-03
141.022372243200	2.6252620391867e-03
141.052351489000	2.6152839577420e-03
141.082330734800	2.6035812005842e-03
141.112309980600	2.5901623526712e-03
141.142289226400	2.5750371985793e-03
141.172268472200	2.5582167181966e-03
141.202247718000	2.5397130814492e-03
141.232226963800	2.5195396420595e-03
141.262206209600	2.4977109303405e-03
141.292185455400	2.4742426450288e-03
141.322164701200	2.4491516441594e-03
141.352143947000	2.4224559349896e-03
141.382123192800	2.3941746629749e-03
141.412102438600	2.3643280998058e-03
141.442081684400	2.3329376305119e-03
141.472060930200	2.3000257396415e-03
141.502040176000	2.2656159965263e-03
141.532019421800	2.2297330396414e-03
141.561998667600	2.1924025600698e-03
141.591977913400	2.1536512840854e-03
141.621957159200	2.1135069548648e-03
141.651936405000	2.0719983133421e-03
141.681915650800	2.0291550782207e-03
141.711894896600	1.9850079251562e-03
141.741874142400	1.9395884651266e-03
141.771853388200	1.8929292220056e-03
141.801832634000	1.8450636093566e-03
141.831811879800	1.7960259064636e-03
141.861791125600	1.7458512336200e-03
141.891770371400	1.6945755266915e-03
141.921749617200	1.6422355109756e-03
141.951728863000	1.5888686743756e-03
141.981708108800	1.5345132399125e-03
142.011687354600	1.4792081375952e-03
142.041666600400	1.4229929756716e-03
142.071645846200	1.3659080112836e-03
142.101625092000	1.3079941205500e-03
142.131604337800	1.2492927681001e-03
142.161583583600	1.1898459760842e-03
142.191562829400	1.1296962926850e-03
142.221542075200	1.0688867601557e-03
142.251521321000	1.0074608824112e-03
142.281500566800	9.4546259219864e-04
142.311479812600	8.8293621787429e-04
142.341459058400	8.1992644981420e-04
142.371438304200	7.5647830648612e-04
142.401417550000	6.9263710021102e-04
142.431396795800	6.2844840264238e-04
142.461376041600	5.6395800999207e-04
142.491355287400	4.9921190803179e-04
142.521334533200	4.3425623689917e-04
142.551313779000	3.6913725573817e-04
142.581293024800	3.0390130720327e-04
142.611272270600	2.3859478185732e-04
142.641251516400	1.7326408249303e-04
142.671230762200	1.0795558840826e-04
142.701210008000	4.2715619665055e-05
142.731189253800	-2.2409598636981e-05
142.761168499600	-8.7373972043000e-05
142.791147745400	-1.5213157235042e-04
142.821126991200	-2.1663667311141e-04
142.851106237000	-2.8084378500013e-04
142.881085482800	-3.4470769101448e-04
142.911064728600	-4.0818348148236e-04
142.941043974400	-4.7122658884245e-04
142.971023220200	-5.3379282216966e-04
143.001002466000	-5.9583840141574e-04
143.030981711800	-6.5731999133555e-04
143.060960957600	-7.1819473506976e-04
143.090940203400	-7.7842028735520e-04
143.120919449200	-8.3795484733403e-04
143.150898695000	-8.9675719093359e-04
143.180877940800	-9.5478670278874e-04
143.210857186600	-1.0120034076792e-03
143.240836432400	-1.0683680014547e-03
143.270815678200	-1.1238418814207e-03
143.300794924000	-1.1783871761588e-03
143.330774169800	-1.2319667747561e-03
143.360753415600	-1.2845443554167e-03
143.390732661400	-1.3360844134321e-03
143.420711907200	-1.3865522884855e-03
143.450691153000	-1.4359141912654e-03
143.480670398800	-1.4841372293661e-03
143.510649644600	-1.5311894324528e-03
143.540628890400	-1.5770397766674e-03
143.570608136200	-1.6216582082563e-03
143.600587382000	-1.6650156663966e-03
143.630566627800	-1.7070841052032e-03
143.660545873600	-1.7478365148957e-03
143.690525119400	-1.7872469421069e-03
143.720504365200	-1.8252905093157e-03
143.750483611000	-1.8619434333863e-03
143.780462856800	-1.8971830431977e-03
143.810442102600	-1.9309877963479e-03
143.840421348400	-1.9633372949188e-03
143.870400594200	-1.9942123002857e-03
143.900379840000	-2.0235947469606e-03
143.930359085800	-2.0514677554557e-03
143.960338331600	-2.0778156441564e-03
143.990317577400	-2.1026239401916e-03
144.020296823200	-2.1258793892941e-03
144.050276069000	-2.1475699646401e-03
144.080255314800	-2.1676848746612e-03
144.110234560600	-2.1862145698207e-03
144.140213806400	-2.2031507483495e-03
144.170193052200	-2.2184863609355e-03
144.200172298000	-2.2322156143616e-03
144.230151543800	-2.2443339740911e-03
144.260130789600	-2.2548381657953e-03
144.290110035400	-2.2637261758242e-03
144.320089281200	-2.2709972506184e-03
144.350068527000	-2.2766518950625e-03
144.380047772800	-2.2806918697831e-03
144.410027018600	-2.2831201873904e-03
144.440006264400	-2.2839411076706e-03
144.469985510200	-2.2831601317291e-03
144.499964756000	-2.2807839950937e-03
144.529944001800	-2.2768206597798e-03
144.559923247600	-2.2712793053280e-03
144.589902493400	-2.2641703188191e-03
144.619881739200	-2.2555052838775e-03
144.649860985000	-2.2452969686712e-03
144.679840230800	-2.2335593129192e-03
144.709819476600	-2.2203074139185e-03
144.739798722400	-2.2055575116020e-03
144.769777968200	-2.1893269726411e-03
144.799757214000	-2.1716342736069e-03
144.829736459800	-2.1524989832047e-03
144.859715705600	-2.1319417435979e-03
144.889694951400	-2.1099842508374e-03
144.919674197200	-2.0866492344137e-03
144.949653443000	-2.0619604359511e-03
144.979632688800	-2.0359425870608e-03
145.009611934600	-2.0086213863743e-03
145.039591180400	-1.9800234757768e-03
145.069570426200	-1.9501764158614e-03
145.099549672000	-1.9191086606269e-03
145.129528917800	-1.8868495314405e-03
145.159508163600	-1.8534291902890e-03
145.189487409400	-1.8188786123432e-03
145.219466655200	-1.7832295578580e-03
145.249445901000	-1.7465145434351e-03
145.279425146800	-1.7087668126727e-03
145.309404392600	-1.6700203062290e-03
145.339383638400	-1.6303096313256e-03
145.369362884200	-1.5896700307183e-03
145.399342130000	-1.5481373511629e-03
145.429321375800	-1.5057480114047e-03
145.459300621600	-1.4625389697184e-03
145.489279867400	-1.4185476910296e-03
145.519259113200	-1.3738121136462e-03
145.549238359000	-1.3283706156283e-03
145.579217604800	-1.2822619808294e-03
145.609196850600	-1.2355253646356e-03
145.639176096400	-1.1882002594368e-03
145.669155342200	-1.1403264598578e-03
145.699134588000	-1.0919440277828e-03
145.729113833800	-1.0430932572025e-03
145.759093079600	-9.9381463891632e-04
145.789072325400	-9.4414882512113e-04
145.819051571200	-8.9413659391733e-04
145.849030817000	-8.4381881376497e-04
145.879010062800	-7.9323640792084e-04
145.908989308600	-7.4243031888864e-04
145.938968554400	-6.9144147291373e-04
145.968947800200	-6.4031074455423e-04
145.998927046000	-5.8907892136004e-04
146.028906291800	-5.3778666869120e-04
146.058885537600	-4.8647449470692e-04
146.088864783400	-4.3518271555663e-04
146.118844029200	-3.8395142080380e-04
146.148823275000	-3.3282043911352e-04
146.178802520800	-2.8182930423425e-04
146.208781766600	-2.3101722130402e-04
146.238761012400	-1.8042303351108e-04
146.268740258200	-1.3008518913857e-04
146.298719504000	-8.0041709022530e-05
146.328698749800	-3.0330154452045e-05
146.358677995600	1.9012404459863e-05
146.388657241400	6.7949419906684e-05
146.418636487200	1.1644489699258e-04
146.448615733000	1.6446342378315e-04
146.478594978800	2.1197020077629e-04
146.508574224600	2.5893106976705e-04
146.538553470400	3.0531254208104e-04
146.568532716200	3.5108182615149e-04
146.598511962000	3.9620685441571e-04
146.628491207800	4.4065630950724e-04
146.658470453600	4.8439964972080e-04
146.688449699400	5.2740713372754e-04
146.718428945200	5.6964984451914e-04
146.748408191000	6.1109971255981e-04
146.778387436800	6.5172953812584e-04
146.808366682600	6.9151301281355e-04
146.838345928400	7.3042474019675e-04
146.868325174200	7.6844025561593e-04
146.898304420000	8.0553604508216e-04
146.928283665800	8.4168956327935e-04
146.958262911600	8.7687925064955e-04
146.988242157400	9.1108454954670e-04
147.018221403200	9.4428591944506e-04
147.048200649000	9.7646485118969e-04
147.078179894800	1.0076038802768e-03
147.108159140600	1.0376865991531e-03
147.138138386400	1.0666976685239e-03
147.168117632200	1.0946228276612e-03
147.198096878000	1.1214489037025e-03
147.228076123800	1.1471638199338e-03
147.258055369600	1.1717566030509e-03
147.288034615400	1.1952173893915e-03
147.318013861200	1.2175374301360e-03
147.347993107000	1.2387090954721e-03
147.377972352800	1.2587258777202e-03
147.407951598600	1.2775823934196e-03
147.437930844400	1.2952743843734e-03
147.467910090200	1.3117987176525e-03
147.497889336000	1.3271533845613e-03
147.527868581800	1.3413374985648e-03
147.557847827600	1.3543512921837e-03
147.587827073400	1.3661961128580e-03
147.617806319200	1.3768744177872e-03
147.647785565000	1.3863897677506e-03
147.677764810800	1.3947468199178e-03
147.707744056600	1.4019513196531e-03
147.737723302400	1.4080100913272e-03
147.767702548200	1.4129310281421e-03
147.797681794000	1.4167230809828e-03
147.827661039800	1.4193962463046e-03
147.857640285600	1.4209615530719e-03
147.887619531400	1.4214310487579e-03
147.917598777200	1.4208177844226e-03
147.947578023000	1.4191357988828e-03
147.977557268800	1.4164001019896e-03
148.007536514600	1.4126266570312e-03
148.037515760400	1.4078323622775e-03
148.067495006200	1.4020350316855e-03
148.097474252000	1.3952533747842e-03
148.127453497800	1.3875069757591e-03
148.157432743600	1.3788162717564e-03
148.187411989400	1.3692025304291e-03
148.217391235200	1.3586878267455e-03
148.247370481000	1.3472950190844e-03
148.277349726800	1.3350477246391e-03
148.307328972600	1.3219702941546e-03
148.337308218400	1.3080877860229e-03
148.367287464200	1.2934259397604e-03
148.397266710000	1.2780111488946e-03
148.427245955800	1.2618704332852e-03
148.457225201600	1.2450314109061e-03
148.487204447400	1.2275222691177e-03
148.517183693200	1.2093717354540e-03
148.547162939000	1.1906090479547e-03
148.577142184800	1.1712639250714e-03
148.607121430600	1.1513665351741e-03
148.637100676400	1.1309474656902e-03
148.667079922200	1.1100376919041e-03
148.697059168000	1.0886685454471e-03
148.727038413800	1.0668716825086e-03
148.757017659600	1.0446790517989e-03
148.786996905400	1.0221228622932e-03
148.816976151200	9.9923555078906e-04
148.846955397000	9.7604974930697e-04
148.876934642800	9.5259825236635e-04
148.906913888600	9.2891398416697e-04
148.936893134400	9.0502996570786e-04
148.966872380200	8.8097928187469e-04
148.996851626000	8.5679504852690e-04
149.026830871800	8.3251037961593e-04
149.056810117600	8.0815835436572e-04
149.086789363400	7.8377198454665e-04
149.116768609200	7.5938418187387e-04
149.146747855000	7.3502772556101e-04
149.176727100800	7.1073523005988e-04
149.206706346600	6.8653911301681e-04
149.236685592400	6.6247156347571e-04
149.266664838200	6.3856451035815e-04
149.296644084000	6.1484959124999e-04
149.326623329800	5.9135812152405e-04
149.356602575600	5.6812106382799e-04
149.386581821400	5.4516899796608e-04
149.416561067200	5.2253209120313e-04
149.446540313000	5.0024006901863e-04
149.476519558800	4.7832218633835e-04
149.506498804600	4.5680719927067e-04
149.536478050400	4.3572333737382e-04
149.566457296200	4.1509827648028e-04
149.596436542000	3.9495911210347e-04
149.626415787800	3.7533233345180e-04
149.656395033600	3.5624379807426e-04
149.686374279400	3.3771870716100e-04
149.716353525200	3.1978158152219e-04
149.746332771000	3.0245623826718e-04
149.776312016800	2.8576576820576e-04
149.806291262600	2.6973251399240e-04
149.836270508400	2.5437804903365e-04
149.866249754200	2.3972315717819e-04
149.896229000000	2.2578781320817e-04
149.926208245800	2.1259116414978e-04
149.956187491600	2.0015151142025e-04
149.986166737400	1.8848629382734e-04
150.016145983200	1.7761207143713e-04
150.046125229000	1.6754451032439e-04
150.076104474800	1.5829836821962e-04
150.106083720600	1.4988748106541e-04
150.136062966400	1.4232475049426e-04
150.166042212200	1.3562213223908e-04
150.196021458000	1.2979062548634e-04
150.226000703800	1.2484026318140e-04
150.255979949600	1.2078010329442e-04
150.285959195400	1.1761822105409e-04
150.315938441200	1.1536170215597e-04
150.345917687000	1.1401663695084e-04
150.375896932800	1.1358811561783e-04
150.405876178600	1.1408022432587e-04
150.435855424400	1.1549604238633e-04
150.465834670200	1.1783764039857e-04
150.495813916000	1.2110607938916e-04
150.525793161800	1.2530141094477e-04
150.555772407600	1.3042267833743e-04
150.585751653400	1.3646791864034e-04
150.615730899200	1.4343416583101e-04
150.645710145000	1.5131745487790e-04
150.675689390800	1.6011282680558e-04
150.705668636600	1.6981433473261e-04
150.735647882400	1.8041505087528e-04
150.765627128200	1.9190707450964e-04
150.795606374000	2.0428154088296e-04
150.825585619800	2.1752863106528e-04
150.855564865600	2.3163758273049e-04
150.885544111400	2.4659670185556e-04
150.915523357200	2.6239337532582e-04
150.945502603000	2.7901408443304e-04
150.975481848800	2.9644441925248e-04
151.005461094600	3.1466909388398e-04
151.035440340400	3.3367196254161e-04
151.065419586200	3.5343603647532e-04
151.095398832000	3.7394350170737e-04
151.125378077800	3.9517573756562e-04
151.155357323600	4.1711333599472e-04
151.185336569400	4.3973612162586e-04
151.215315815200	4.6302317258463e-04
151.245295061000	4.8695284201626e-04
151.275274306800	5.1150278030641e-04
151.305253552600	5.3664995797525e-04
151.335232798400	5.6237068922191e-04
151.365212044200	5.8864065609580e-04
151.395191290000	6.1543493327040e-04
151.425170535800	6.4272801339503e-04
151.455149781600	6.7049383299923e-04
151.485129027400	6.9870579892382e-04
151.515108273200	7.2733681525254e-04
151.545087519000	7.5635931071723e-04
151.575066764800	7.8574526654960e-04
151.605046010600	8.1546624475168e-04
151.635025256400	8.4549341675699e-04
151.665004502200	8.7579759245416e-04
151.694983748000	9.0634924954393e-04
151.724962993800	9.3711856320077e-04
151.754942239600	9.6807543600958e-04
151.784921485400	9.9918952814791e-04
151.814900731200	1.0304302877839e-03
151.844879977000	1.0617669816601e-03
151.874859222800	1.0931687258320e-03
151.904838468600	1.1246045165329e-03
151.934817714400	1.1560432611323e-03
151.964796960200	1.1874538091595e-03
151.994776206000	1.2188049833597e-03
152.024755451800	1.2500656107541e-03
152.054734697600	1.2812045536718e-03
152.084713943400	1.3121907407240e-03
152.114693189200	1.3429931976890e-03
152.144672435000	1.3735810782792e-03
152.174651680800	1.4039236947579e-03
152.204630926600	1.4339905483773e-03
152.234610172400	1.4637513596075e-03
152.264589418200	1.4931760981261e-03
152.294568664000	1.5222350125398e-03
152.324547909800	1.5508986598084e-03
152.354527155600	1.5791379343429e-03
152.384506401400	1.6069240967479e-03
152.414485647200	1.6342288021816e-03
152.444464893000	1.6610241283051e-03
152.474444138800	1.6872826027926e-03
152.504423384600	1.7129772303775e-03
152.534402630400	1.7380815194063e-03
152.564381876200	1.7625695078751e-03
152.594361122000	1.7864157889230e-03
152.624340367800	1.8095955357573e-03
152.654319613600	1.8320845259870e-03
152.684298859400	1.8538591653397e-03
152.714278105200	1.8748965107391e-03
152.744257351000	1.8951742927213e-03
152.774236596800	1.9146709371672e-03
152.804215842600	1.9333655863299e-03
152.834195088400	1.9512381191369e-03
152.864174334200	1.9682691707477e-03
152.894153580000	1.9844401513465e-03
152.924132825800	1.9997332641533e-03
152.954112071600	2.0141315226344e-03
152.984091317400	2.0276187668973e-03
153.014070563200	2.0401796792521e-03
153.044049809000	2.0517997989257e-03
153.074029054800	2.0624655359151e-03
153.104008300600	2.0721641839641e-03
153.133987546400	2.0808839326530e-03
153.163966792200	2.0886138785895e-03
153.193946038000	2.0953440356884e-03
153.223925283800	2.1010653445325e-03
153.253904529600	2.1057696808033e-03
153.283883775400	2.1094498627764e-03
153.313863021200	2.1120996578711e-03
153.343842267000	2.1137137882516e-03
153.373821512800	2.1142879354710e-03
153.403800758600	2.1138187441568e-03
153.433780004400	2.1123038247332e-03
153.463759250200	2.1097417551771e-03
153.493738496000	2.1061320818078e-03
153.523717741800	2.1014753191098e-03
153.553696987600	2.0957729485873e-03
153.583676233400	2.0890274166544e-03
153.613655479200	2.0812421315618e-03
153.643634725000	2.0724214593631e-03
153.673613970800	2.0625707189265e-03
153.703593216600	2.0516961759954e-03
153.733572462400	2.0398050363053e-03
153.763551708200	2.0269054377634e-03
153.793530954000	2.0130064416989e-03
153.823510199800	1.9981180231937e-03
153.853489445600	1.9822510605022e-03
153.883468691400	1.9654173235720e-03
153.913447937200	1.9476294616764e-03
153.943427183000	1.9289009901711e-03
153.973406428800	1.9092462763898e-03
154.003385674600	1.8886805246909e-03
154.033364920400	1.8672197606721e-03
154.063344166200	1.8448808145674e-03
154.093323412000	1.8216813038449e-03
154.123302657800	1.7976396150207e-03
154.153281903600	1.7727748847093e-03
154.183261149400	1.7471069799275e-03
154.213240395200	1.7206564776738e-03
154.243219641000	1.6934446438016e-03
154.273198886800	1.6654934112086e-03
154.303178132600	1.6368253573641e-03
154.333157378400	1.6074636811964e-03
154.363136624200	1.5774321793639e-03
154.393115870000	1.5467552219329e-03
154.423095115800	1.5154577274873e-03
154.453074361600	1.4835651376946e-03
154.483053607400	1.4511033913538e-03
154.513032853200	1.4180988979509e-03
154.543012099000	1.3845785107492e-03
154.572991344800	1.3505694994402e-03
154.602970590600	1.3160995223832e-03
154.632949836400	1.2811965984618e-03
154.662929082200	1.2458890785841e-03
154.692908328000	1.2102056168560e-03
154.722887573800	1.1741751414573e-03
154.752866819600	1.1378268252468e-03
154.782846065400	1.1011900561301e-03
154.812825311200	1.0642944072155e-03
154.842804557000	1.0271696067907e-03
154.872783802800	9.8984550814942e-04
154.902763048600	9.5235205929772e-04
154.932742294400	9.1471927257121e-04
154.962721540200	8.7697719419288e-04
154.992700786000	8.3915587380240e-04
155.022680031800	8.0128533398725e-04
155.052659277600	7.6339553984633e-04
155.082638523400	7.2551636861646e-04
155.112617769200	6.8767757939228e-04
155.142597015000	6.4990878296982e-04
155.172576260800	6.1223941184418e-04
155.202555506600	5.7469869039119e-04
155.232534752400	5.3731560526315e-04
155.262513998200	5.0011887602831e-04
155.292493244000	4.6313692608363e-04
155.322472489800	4.2639785386996e-04
155.352451735600	3.8992940441873e-04
155.382430981400	3.5375894125858e-04
155.412410227200	3.1791341871041e-04
155.442389473000	2.8241935459859e-04
155.472368718800	2.4730280340591e-04
155.502347964600	2.1258932989930e-04
155.532327210400	1.7830398325293e-04
155.562306456200	1.4447127169484e-04
155.592285702000	1.1111513770269e-04
155.622264947800	7.8258933773682e-05
155.652244193600	4.5925398793266e-05
155.682223439400	1.4136635026445e-05
155.712202685200	-1.7085914244895e-05
155.742181931000	-4.7721486416006e-05
155.772161176800	-7.7750020562545e-05
155.802140422600	-1.0715217773178e-04
155.832119668400	-1.3590936050102e-04
155.862098914200	-1.6400373178335e-04
155.892078160000	-1.9141823286143e-04
155.922057405800	-2.1813660063094e-04
155.952036651600	-2.4414338403592e-04
155.982015897400	-2.6942395967923e-04
156.011995143200	-2.9396454659189e-04
156.041974389000	-3.1775222014628e-04
156.071953634800	-3.4077492509846e-04
156.101932880600	-3.6302148774647e-04
156.131912126400	-3.8448162719151e-04
156.161891372200	-4.0514596569050e-04
156.191870618000	-4.2500603808899e-04
156.221849863800	-4.4405430032443e-04
156.251829109600	-4.6228413699069e-04
156.281808355400	-4.7968986795574e-04
156.311787601200	-4.9626675402526e-04
156.341766847000	-5.1201100164576e-04
156.371746092800	-5.2691976664211e-04
156.401725338600	-5.4099115698487e-04
156.431704584400	-5.5422423458414e-04
156.461683830200	-5.6661901610747e-04
156.491663076000	-5.7817647282021e-04
156.521642321800	-5.8889852944792e-04
156.551621567600	-5.9878806206124e-04
156.581600813400	-6.0784889498457e-04
156.611580059200	-6.1608579673099e-04
156.641559305000	-6.2350447496682e-04
156.671538550800	-6.3011157050998e-04
156.701517796600	-6.3591465036759e-04
156.731497042400	-6.4092219981887e-04
156.761476288200	-6.4514361355071e-04
156.791455534000	-6.4858918585372e-04
156.821434779800	-6.5127009988822e-04
156.851414025600	-6.5319841602975e-04
156.881393271400	-6.5438705930521e-04
156.911372517200	-6.5484980593149e-04
156.941351763000	-6.5460126896902e-04
156.971331008800	-6.5365688310413e-04
157.001310254600	-6.5203288857447e-04
157.031289500400	-6.4974631425289e-04
157.061268746200	-6.4681495990588e-04
157.091247992000	-6.4325737764363e-04
157.121227237800	-6.3909285257946e-04
157.151206483600	-6.3434138271717e-04
157.181185729400	-6.2902365808574e-04
157.211164975200	-6.2316103914152e-04
157.241144221000	-6.1677553445871e-04
157.271123466800	-6.0988977772973e-04
157.301102712600	-6.0252700409782e-04
157.331081958400	-5.9471102584473e-04
157.361061204200	-5.8646620745727e-04
157.391040450000	-5.7781744009675e-04
157.421019695800	-5.6879011549638e-04
157.450998941600	-5.5941009931196e-04
157.480978187400	-5.4970370395180e-04
157.510957433200	-5.3969766091263e-04
157.540936679000	-5.2941909264824e-04
157.570915924800	-5.1889548399866e-04
157.600895170600	-5.0815465320772e-04
157.630874416400	-4.9722472255733e-04
157.660853662200	-4.8613408864756e-04
157.690832908000	-4.7491139235141e-04
157.720812153800	-4.6358548847402e-04
157.750791399600	-4.5218541514605e-04
157.780770645400	-4.4074036298143e-04
157.810749891200	-4.2927964402989e-04
157.840729137000	-4.1783266055486e-04
157.870708382800	-4.0642887366753e-04
157.900687628600	-3.9509777184819e-04
157.930666874400	-3.8386883938589e-04
157.960646120200	-3.7277152476764e-04
157.990625366000	-3.6183520904861e-04
158.020604611800	-3.5108917423446e-04
158.050583857600	-3.4056257170750e-04
158.080563103400	-3.3028439072772e-04
158.110542349200	-3.2028342704030e-04
158.140521595000	-3.1058825162064e-04
158.170500840800	-3.0122717958819e-04
158.200480086600	-2.9222823932002e-04
158.230459332400	-2.8361914179497e-04
158.260438578200	-2.7542725019911e-04
158.290417824000	-2.6767954982275e-04
158.320397069800	-2.6040261827935e-04
158.350376315600	-2.5362259607611e-04
158.380355561400	-2.4736515756577e-04
158.410334807200	-2.4165548230888e-04
158.440314053000	-2.3651822687537e-04
158.470293298800	-2.3197749711384e-04
158.500272544600	-2.2805682091654e-04
158.530251790400	-2.2477912150767e-04
158.560231036200	-2.2216669128196e-04
158.590210282000	-2.2024116622019e-04
158.620189527800	-2.1902350090750e-04
158.650168773600	-2.1853394418009e-04
158.680148019400	-2.1879201542508e-04
158.710127265200	-2.1981648155779e-04
158.740106511000	-2.2162533470003e-04
158.770085756800	-2.2423577058230e-04
158.800065002600	-2.2766416769235e-04
158.830044248400	-2.3192606719128e-04
158.860023494200	-2.3703615361843e-04
158.890002740000	-2.4300823640475e-04
158.919981985800	-2.4985523221423e-04
158.949961231600	-2.5758914813171e-04
158.979940477400	-2.6622106571493e-04
159.009919723200	-2.7576112592754e-04
159.039898969000	-2.8621851496924e-04
159.069878214800	-2.9760145101817e-04
159.099857460600	-3.0991717189988e-04
159.129836706400	-3.2317192369622e-04
159.159815952200	-3.3737095030680e-04
159.189795198000	-3.5251848397447e-04
159.219774443800	-3.6861773678564e-04
159.249753689600	-3.8567089315505e-04
159.279732935400	-4.0367910330383e-04
159.309712181200	-4.2264247773870e-04
159.339691427000	-4.4256008273913e-04
159.369670672800	-4.6342993685842e-04
159.399649918600	-4.8524900844347e-04
159.429629164400	-5.0801321417735e-04
159.459608410200	-5.3171741864750e-04
159.489587656000	-5.5635543494144e-04
159.519566901800	-5.8192002627118e-04
159.549546147600	-6.0840290862596e-04
159.579525393400	-6.3579475445254e-04
159.609504639200	-6.6408519736083e-04
159.639483885000	-6.9326283785197e-04
159.669463130800	-7.2331525006461e-04
159.699442376600	-7.5422898953461e-04
159.729421622400	-7.8598960196198e-04
159.759400868200	-8.1858163297812e-04
159.789380114000	-8.5198863890542e-04
159.819359359800	-8.8619319850020e-04
159.849338605600	-9.2117692566919e-04
159.879317851400	-9.5692048314867e-04
159.909297097200	-9.9340359713445e-04
159.939276343000	-1.0306050728500e-03
159.969255588800	-1.0685028110389e-03
159.999234834600	-1.1070738253677e-03
160.029214080400	-1.1462942607227e-03
160.059193326200	-1.1861394123857e-03
160.089172572000	-1.2265837460696e-03
160.119151817800	-1.2676009187981e-03
160.149131063600	-1.3091638006092e-03
160.179110309400	-1.3512444970626e-03
160.209089555200	-1.3938143725322e-03
160.239068801000	-1.4368440742598e-03
160.269048046800	-1.4803035571513e-03
160.299027292600	-1.5241621092895e-03
160.329006538400	-1.5683883781420e-03
160.358985784200	-1.6129503974399e-03
160.388965030000	-1.6578156147014e-03
160.418944275800	-1.7029509193763e-03
160.448923521600	-1.7483226715841e-03
160.478902767400	-1.7938967314197e-03
160.508882013200	-1.8396384887997e-03
160.538861259000	-1.8855128938204e-03
160.568840504800	-1.9314844876009e-03
160.598819750600	-1.9775174335809e-03
160.628798996400	-2.0235755492446e-03
160.658778242200	-2.0696223382418e-03
160.688757488000	-2.1156210228748e-03
160.718736733800	-2.1615345769209e-03
160.748715979600	-2.2073257587611e-03
160.778695225400	-2.2529571447815e-03
160.808674471200	-2.2983911630185e-03
160.838653717000	-2.3435901270136e-03
160.868632962800	-2.3885162698485e-03
160.898612208600	-2.4331317783260e-03
160.928591454400	-2.4773988272662e-03
160.958570700200	-2.5212796138844e-03
160.988549946000	-2.5647363922194e-03
161.018529191800	-2.6077315075780e-03
161.048508437600	-2.6502274309650e-03
161.078487683400	-2.6921867934640e-03
161.108466929200	-2.7335724205384e-03
161.138446175000	-2.7743473662184e-03
161.168425420800	-2.8144749471429e-03
161.198404666600	-2.8539187764224e-03
161.228383912400	-2.8926427972925e-03
161.258363158200	-2.9306113165239e-03
161.288342404000	-2.9677890375594e-03
161.318321649800	-3.0041410933443e-03
161.348300895600	-3.0396330788195e-03
161.378280141400	-3.0742310830473e-03
161.408259387200	-3.1079017209380e-03
161.438238633000	-3.1406121645467e-03
161.468217878800	-3.1723301739121e-03
161.498197124600	-3.2030241274059e-03
161.528176370400	-3.2326630515652e-03
161.558155616200	-3.2612166503776e-03
161.588134862000	-3.2886553339936e-03
161.618114107800	-3.3149502468351e-03
161.648093353600	-3.3400732950768e-03
161.678072599400	-3.3639971734709e-03
161.708051845200	-3.3866953914919e-03
161.738031091000	-3.4081422987739e-03
161.768010336800	-3.4283131098178e-03
161.797989582600	-3.4471839279439e-03
161.827968828400	-3.4647317684664e-03
161.857948074200	-3.4809345810677e-03
161.887927320000	-3.4957712713514e-03
161.917906565800	-3.5092217215519e-03
161.947885811600	-3.5212668103818e-03
161.977865057400	-3.5318884319971e-03
162.007844303200	-3.5410695140620e-03
162.037823549000	-3.5487940348952e-03
162.067802794800	-3.5550470396821e-03
162.097782040600	-3.5598146557360e-03
162.127761286400	-3.5630841067936e-03
162.157740532200	-3.5648437263314e-03
162.187719778000	-3.5650829698891e-03
162.217699023800	-3.5637924263878e-03
162.247678269600	-3.5609638284329e-03
162.277657515400	-3.5565900615904e-03
162.307636761200	-3.5506651726272e-03
162.337616007000	-3.5431843767078e-03
162.367595252800	-3.5341440635405e-03
162.397574498600	-3.5235418024648e-03
162.427553744400	-3.5113763464771e-03
162.457532990200	-3.4976476351891e-03
162.487512236000	-3.4823567967153e-03
162.517491481800	-3.4655061484888e-03
162.547470727600	-3.4470991970026e-03
162.577449973400	-3.4271406364769e-03
162.607429219200	-3.4056363464538e-03
162.637408465000	-3.3825933883195e-03
162.667387710800	-3.3580200007592e-03
162.697366956600	-3.3319255941459e-03
162.727346202400	-3.3043207438710e-03
162.757325448200	-3.2752171826193e-03
162.787304694000	-3.2446277915981e-03
162.817283939800	-3.2125665907270e-03
162.847263185600	-3.1790487277970e-03
162.877242431400	-3.1440904666095e-03
162.907221677200	-3.1077091741057e-03
162.937200923000	-3.0699233064985e-03
162.967180168800	-3.0307523944187e-03
162.997159414600	-2.9902170270905e-03
163.027138660400	-2.9483388355504e-03
163.057117906200	-2.9051404749240e-03
163.087097152000	-2.8606456057796e-03
163.117076397800	-2.8148788745724e-03
163.147055643600	-2.7678658932015e-03
163.177034889400	-2.7196332176949e-03
163.207014135200	-2.6702083260454e-03
163.236993381000	-2.6196195952160e-03
163.266972626800	-2.5678962773374e-03
163.296951872600	-2.5150684751192e-03
163.326931118400	-2.4611671164983e-03
163.356910364200	-2.4062239285480e-03
163.386889610000	-2.3502714106714e-03
163.416868855800	-2.2933428071063e-03
163.446848101600	-2.2354720787642e-03
163.476827347400	-2.1766938744335e-03
163.506806593200	-2.1170435013701e-03
163.536785839000	-2.0565568953061e-03
163.566765084800	-1.9952705899027e-03
163.596744330600	-1.9332216856772e-03
163.626723576400	-1.8704478184320e-03
163.656702822200	-1.8069871272166e-03
163.686682068000	-1.7428782218515e-03
163.716661313800	-1.6781601500453e-03
163.746640559600	-1.6128723641351e-03
163.776619805400	-1.5470546874825e-03
163.806599051200	-1.4807472805550e-03
163.836578297000	-1.4139906067268e-03
163.866557542800	-1.3468253978293e-03
163.896536788600	-1.2792926194845e-03
163.926516034400	-1.2114334362535e-03
163.956495280200	-1.1432891766334e-03
163.986474526000	-1.0749012979343e-03
164.016453771800	-1.0063113510706e-03
164.046433017600	-9.3756094529859e-04
164.076412263400	-8.6869171293439e-04
164.106391509200	-7.9974527408410e-04
164.136370755000	-7.3076320142042e-04
164.166350000800	-6.6178698503790e-04
164.196329246600	-5.9285799742020e-04
164.226308492400	-5.2401745855185e-04
164.256287738200	-4.5530640120742e-04
164.286266984000	-3.8676563645041e-04
164.316246229800	-3.1843571937414e-04
164.346225475600	-2.5035691511670e-04
164.376204721400	-1.8256916518170e-04
164.406183967200	-1.1511205409621e-04
164.436163213000	-4.8024776437070e-05
164.466142458800	1.8653895743776e-05
164.496121704600	8.4885645064496e-05
164.526100950400	1.5063264049926e-04
164.556080196200	2.1585756857530e-04
164.586059442000	2.8052366405221e-04
164.616038687800	3.4459474005494e-04
164.646017933600	4.0803521763251e-04
164.675997179400	4.7081015471524e-04
164.705976425200	5.3288527444346e-04
164.735955671000	5.9422699284171e-04
164.765934916800	6.5480244581283e-04
164.795914162600	7.1457951542703e-04
164.825893408400	7.7352685548186e-04
164.855872654200	8.3161391630950e-04
164.885851900000	8.8881096880878e-04
164.915831145800	9.4508912767978e-04
164.945810391600	1.0004203738400e-03
164.975789637400	1.0547775760014e-03
165.005768883200	1.1081345113896e-03
165.035748129000	1.1604658855846e-03
165.065727374800	1.2117473514682e-03
165.095706620600	1.2619555272572e-03
165.125685866400	1.3110680136103e-03
165.155665112200	1.3590634097902e-03
165.185644358000	1.4059213288687e-03
165.215623603800	1.4516224119605e-03
165.245602849600	1.4961483414730e-03
165.275582095400	1.5394818533621e-03
165.305561341200	1.5816067483818e-03
165.335540587000	1.6225079023187e-03
165.365519832800	1.6621712752037e-03
165.395499078600	1.7005839194920e-03
165.425478324400	1.7377339872060e-03
165.455457570200	1.7736107360348e-03
165.485436816000	1.8082045343864e-03
165.515416061800	1.8415068653885e-03
165.545395307600	1.8735103298362e-03
165.575374553400	1.9042086480846e-03
165.605353799200	1.9335966608855e-03
165.635333045000	1.9616703291704e-03
165.665312290800	1.9884267327794e-03
165.695291536600	2.0138640681402e-03
165.725270782400	2.0379816449000e-03
165.755250028200	2.0607798815154e-03
165.785229274000	2.0822602998060e-03
165.815208519800	2.1024255184783e-03
165.845187765600	2.1212792456269e-03
165.875167011400	2.1388262702241e-03
165.905146257200	2.1550724526036e-03
165.935125503000	2.1700247139532e-03
165.965104748800	2.1836910248250e-03
165.995083994600	2.1960803926769e-03
166.025063240400	2.2072028484594e-03
166.055042486200	2.2170694322603e-03
166.085021732000	2.2256921780251e-03
166.115000977800	2.2330840973672e-03
166.144980223600	2.2392591624858e-03
166.174959469400	2.2442322882097e-03
166.204938715200	2.2480193131855e-03
166.234917961000	2.2506369802298e-03
166.264897206800	2.2521029158656e-03
166.294876452600	2.2524356090652e-03
166.324855698400	2.2516543892192e-03
166.354834944200	2.2497794033577e-03
166.384814190000	2.2468315926436e-03
166.414793435800	2.2428326681651e-03
166.444772681600	2.2378050860495e-03
166.474751927400	2.2317720219265e-03
166.504731173200	2.2247573447643e-03
166.534710419000	2.2167855901077e-03
166.564689664800	2.2078819327431e-03
166.594668910600	2.1980721588200e-03
166.624648156400	2.1873826374563e-03
166.654627402200	2.1758402918563e-03
166.684606648000	2.1634725699706e-03
166.714585893800	2.1503074147279e-03
166.744565139600	2.1363732338686e-03
166.774544385400	2.1216988694096e-03
166.804523631200	2.1063135667731e-03
166.834502877000	2.0902469436086e-03
166.864482122800	2.0735289583402e-03
166.894461368600	2.0561898784708e-03
166.924440614400	2.0382602486749e-03
166.954419860200	2.0197708587120e-03
166.984399106000	2.0007527111925e-03
167.014378351800	1.9812369892292e-03
167.044357597600	1.9612550240051e-03
167.074336843400	1.9408382622917e-03
167.104316089200	1.9200182339494e-03
167.134295335000	1.8988265194420e-03
167.164274580800	1.8772947173986e-03
167.194253826600	1.8554544122542e-03
167.224233072400	1.8333371420023e-03
167.254212318200	1.8109743660906e-03
167.284191564000	1.7883974334922e-03
167.314170809800	1.7656375509839e-03
167.344150055600	1.7427257516631e-03
167.374129301400	1.7196928637340e-03
167.404108547200	1.6965694795953e-03
167.434087793000	1.6733859252583e-03
167.464067038800	1.6501722301269e-03
167.494046284600	1.6269580971689e-03
167.524025530400	1.6037728735080e-03
167.554004776200	1.5806455214654e-03
167.583984022000	1.5576045900799e-03
167.613963267800	1.5346781871345e-03
167.643942513600	1.5118939517159e-03
167.673921759400	1.4892790273358e-03
167.703901005200	1.4668600356385e-03
167.733880251000	1.4446630507219e-03
167.763859496800	1.4227135740961e-03
167.793838742600	1.4010365103044e-03
167.823817988400	1.3796561432308e-03
167.853797234200	1.3585961131164e-03
167.883776480000	1.3378793943078e-03
167.913755725800	1.3175282737584e-03
167.943734971600	1.2975643303036e-03
167.973714217400	1.2780084147308e-03
168.003693463200	1.2588806306618e-03
168.033672709000	1.2402003162672e-03
168.063651954800	1.2219860268303e-03
168.093631200600	1.2042555181765e-03
168.123610446400	1.1870257309843e-03
168.153589692200	1.1703127759930e-03
168.183568938000	1.1541319201212e-03
168.213548183800	1.1384975735083e-03
168.243527429600	1.1234232774918e-03
168.273506675400	1.1089216935319e-03
168.303485921200	1.0950045930923e-03
168.333465167000	1.0816828484879e-03
168.363444412800	1.0689664247064e-03
168.393423658600	1.0568643722121e-03
168.423402904400	1.0453848207373e-03
168.453382150200	1.0345349740665e-03
168.483361396000	1.0243211058189e-03
168.513340641800	1.0147485562308e-03
168.543319887600	1.0058217299407e-03
168.573299133400	9.9754409477902e-04
168.603278379200	9.8991818156127e-04
168.633257625000	9.8294558488489e-04
168.663236870800	9.7662696492731e-04
168.693216116600	9.7096205024253e-04
168.723195362400	9.6594964155230e-04
168.753174608200	9.6158761652693e-04
168.783153854000	9.5787293554979e-04
168.813133099800	9.5480164845868e-04
168.843112345600	9.5236890225600e-04
168.873091591400	9.5056894977898e-04
168.903070837200	9.4939515931993e-04
168.933050083000	9.4884002518583e-04
168.963029328800	9.4889517918527e-04
168.993008574600	9.4955140303024e-04
169.022987820400	9.5079864163886e-04
169.052967066200	9.5262601732468e-04
169.082946312000	9.5502184485684e-04
169.112925557800	9.5797364737501e-04
169.142904803600	9.6146817314150e-04
169.172884049400	9.6549141311285e-04
169.202863295200	9.7002861931162e-04
169.232842541000	9.7506432397892e-04
169.262821786800	9.8058235948691e-04
169.292801032600	9.8656587899018e-04
169.322780278400	9.9299737779377e-04
169.352759524200	9.9985871541516e-04
169.382738770000	1.0071311383167e-03
169.412718015800	1.0147953032842e-03
169.442697261600	1.0228313014271e-03
169.472676507400	1.0312186827744e-03
169.502655753200	1.0399364814404e-03
169.532634999000	1.0489632413341e-03
169.562614244800	1.0582770423837e-03
169.592593490600	1.0678555272504e-03
169.622572736400	1.0776759285009e-03
169.652551982200	1.0877150962127e-03
169.682531228000	1.0979495259799e-03
169.712510473800	1.1083553872925e-03
169.742489719600	1.1189085522582e-03
169.772468965400	1.1295846246362e-03
169.802448211200	1.1403589691523e-03
169.832427457000	1.1512067410656e-03
169.862406702800	1.1621029159538e-03
169.892385948600	1.1730223196870e-03
169.922365194400	1.1839396585583e-03
169.952344440200	1.1948295495381e-03
169.982323686000	1.2056665506226e-03
170.012302931800	1.2164251912417e-03
170.042282177600	1.2270800026965e-03
170.072261423400	1.2376055485935e-03
170.102240669200	1.2479764552423e-03
170.132219915000	1.2581674419870e-03
170.162199160800	1.2681533514372e-03
170.192178406600	1.2779091795673e-03
170.222157652400	1.2874101056533e-03
170.252136898200	1.2966315220139e-03
170.282116144000	1.3055490635254e-03
170.312095389800	1.3141386368792e-03
170.342074635600	1.3223764495500e-03
170.372053881400	1.3302390384457e-03
170.402033127200	1.3377032982072e-03
170.432012373000	1.3447465091278e-03
170.461991618800	1.3513463646647e-03
170.491970864600	1.3574809985110e-03
170.521950110400	1.3631290112007e-03
170.551929356200	1.3682694962181e-03
170.581908602000	1.3728820655836e-03
170.611887847800	1.3769468748896e-03
170.641867093600	1.3804446477575e-03
170.671846339400	1.3833566996925e-03
170.701825585200	1.3856649613087e-03
170.731804831000	1.3873520009001e-03
170.761784076800	1.3884010463338e-03
170.791763322600	1.3887960062407e-03
170.821742568400	1.3885214904821e-03
170.851721814200	1.3875628298698e-03
170.881701060000	1.3859060951169e-03
170.911680305800	1.3835381150016e-03
170.941659551600	1.3804464937213e-03
170.971638797400	1.3766196274195e-03
171.001618043200	1.3720467198681e-03
171.031597289000	1.3667177972858e-03
171.061576534800	1.3606237222779e-03
171.091555780600	1.3537562068821e-03
171.121535026400	1.3461078247041e-03
171.151514272200	1.3376720221317e-03
171.181493518000	1.3284431286119e-03
171.211472763800	1.3184163659825e-03
171.241452009600	1.3075878568449e-03
171.271431255400	1.2959546319692e-03
171.301410501200	1.2835146367228e-03
171.331389747000	1.2702667365153e-03
171.361368992800	1.2562107212517e-03
171.391348238600	1.2413473087891e-03
171.421327484400	1.2256781473916e-03
171.451306730200	1.2092058171803e-03
171.481285976000	1.1919338305752e-03
171.511265221800	1.1738666317272e-03
171.541244467600	1.1550095949405e-03
171.571223713400	1.1353690220850e-03
171.601202959200	1.1149521390003e-03
171.631182205000	1.0937670908944e-03
171.661161450800	1.0718229367396e-03
171.691140696600	1.0491296426717e-03
171.721119942400	1.0256980743967e-03
171.751099188200	1.0015399886123e-03
171.781078434000	9.7666802345224e-04
171.811057679800	9.5109568796154e-04
171.841036925600	9.2483735061249e-04
171.871016171400	8.9790822687253e-04
171.900995417200	8.7032436583527e-04
171.930974663000	8.4210263592750e-04
171.960953908800	8.1326070970589e-04
171.990933154600	7.8381704775778e-04
172.020912400400	7.5379088172193e-04
172.050891646200	7.2320219644534e-04
172.080870892000	6.9207171129379e-04
172.110850137800	6.6042086063416e-04
172.140829383600	6.2827177350786e-04
172.170808629400	5.9564725251523e-04
172.200787875200	5.6257075193179e-04
172.230767121000	5.2906635507798e-04
172.260746366800	4.9515875096489e-04
172.290725612600	4.6087321023912e-04
172.320704858400	4.2623556045078e-04
172.350684104200	3.9127216066935e-04
172.380663350000	3.5600987547271e-04
172.410642595800	3.2047604833559e-04
172.440621841600	2.8469847444397e-04
172.470601087400	2.4870537296292e-04
172.500580333200	2.1252535878576e-04
172.530559579000	1.7618741379320e-04
172.560538824800	1.3972085765126e-04
172.590518070600	1.0315531817791e-04
172.620497316400	6.6520701308184e-05
172.650476562200	2.9847160688443e-05
172.680455808000	-6.8349330692494e-06
172.710435053800	-4.3495023441393e-05
172.740414299600	-8.0102399324180e-05
172.770393545400	-1.1662622660949e-04
172.800372791200	-1.5303557997339e-04
172.830352037000	-1.8929947484463e-04
172.860331282800	-2.2538689952014e-04
172.890310528600	-2.6126684739467e-04
172.920289774400	-2.9690834927132e-04
172.950269020200	-3.3228050571953e-04
172.980248266000	-3.6735251944725e-04
173.010227511800	-4.0209372765375e-04
173.040206757600	-4.3647363432945e-04
173.070186003400	-4.7046194246933e-04
173.100165249200	-5.0402858616649e-04
173.130144495000	-5.3714376255225e-04
173.160123740800	-5.6977796354966e-04
173.190102986600	-6.0190200740711e-04
173.220082232400	-6.3348706997914e-04
173.250061478200	-6.6450471572150e-04
173.280040724000	-6.9492692836809e-04
173.310019969800	-7.2472614125726e-04
173.339999215600	-7.5387526727568e-04
173.369978461400	-7.8234772838799e-04
173.399957707200	-8.1011748472101e-04
173.429936953000	-8.3715906317165e-04
173.459916198800	-8.6344758550795e-04
173.489895444600	-8.8895879593346e-04
173.519874690400	-9.1366908808527e-04
173.549853936200	-9.3755553143693e-04
173.579833182000	-9.6059589707765e-04
173.609812427800	-9.8276868284017e-04
173.639791673600	-1.0040531377499e-03
173.669770919400	-1.0244292857690e-03
173.699750165200	-1.0438779488092e-03
173.729729411000	-1.0623807689886e-03
173.759708656800	-1.0799202301075e-03
173.789687902600	-1.0964796783200e-03
173.819667148400	-1.1120433419780e-03
173.849646394200	-1.1265963506262e-03
173.879625640000	-1.1401247531253e-03
173.909604885800	-1.1526155348852e-03
173.939584131600	-1.1640566341862e-03
173.969563377400	-1.1744369575713e-03
173.999542623200	-1.1837463942907e-03
174.029521869000	-1.1919758297826e-03
174.059501114800	-1.1991171581730e-03
174.089480360600	-1.2051632937814e-03
174.119459606400	-1.2101081816164e-03
174.149438852200	-1.2139468068500e-03
174.179418098000	-1.2166752032574e-03
174.209397343800	-1.2182904606123e-03
174.239376589600	-1.2187907310264e-03
174.269355835400	-1.2181752342268e-03
174.299335081200	-1.2164442617599e-03
174.329314327000	-1.2135991801189e-03
174.359293572800	-1.2096424327863e-03
174.389272818600	-1.2045775411885e-03
174.419252064400	-1.1984091045584e-03
174.449231310200	-1.1911427987036e-03
174.479210556000	-1.1827853736796e-03
174.509189801800	-1.1733446503670e-03
174.539169047600	-1.1628295159537e-03
174.569148293400	-1.1512499183258e-03
174.599127539200	-1.1386168593670e-03
174.629106785000	-1.1249423871751e-03
174.659086030800	-1.1102395871969e-03
174.689065276600	-1.0945225722906e-03
174.719044522400	-1.0778064717229e-03
174.749023768200	-1.0601074191077e-03
174.779003014000	-1.0414425392994e-03
174.808982259800	-1.0218299342479e-03
174.838961505600	-1.0012886678301e-03
174.868940751400	-9.7983874966990e-04
174.898919997200	-9.5750111795967e-04
174.928899243000	-9.3429762130007e-04
174.958878488800	-9.1025099957293e-04
174.988857734600	-8.8538486386469e-04
175.018836980400	-8.5972367545846e-04
175.048816226200	-8.3329272391377e-04
175.078795472000	-8.0611810425376e-04
175.108774717800	-7.7822669328103e-04
175.138753963600	-7.4964612504372e-04
175.168733209400	-7.2040476547481e-04
175.198712455200	-6.9053168622797e-04
175.228691701000	-6.6005663773472e-04
175.258670946800	-6.2901002150805e-04
175.288650192600	-5.9742286171857e-04
175.318629438400	-5.6532677607024e-04
175.348608684200	-5.3275394600324e-04
175.378587930000	-4.9973708625234e-04
175.408567175800	-4.6630941379002e-04
175.438546421600	-4.3250461618393e-04
175.468525667400	-3.9835681939920e-04
175.498504913200	-3.6390055507674e-04
175.528484159000	-3.2917072731899e-04
175.558463404800	-2.9420257901543e-04
175.588442650600	-2.5903165774053e-04
175.618421896400	-2.2369378125747e-04
175.648401142200	-1.8822500266109e-04
175.678380388000	-1.5266157519450e-04
175.708359633800	-1.1703991677354e-04
175.738338879600	-8.1396574254328e-05
175.768318125400	-4.5768187478739e-05
175.798297371200	-1.0191453133680e-05
175.828276617000	2.5296911540307e-05
175.858255862800	6.0660205154980e-05
175.888235108600	9.5861778658733e-05
175.918214354400	1.3086507186295e-04
175.948193600200	1.6563364997392e-04
175.978172846000	2.0013124009372e-04
176.008152091800	2.3432176765357e-04
176.038131337600	2.6816939274283e-04
176.068110583400	3.0163854629731e-04
176.098089829200	3.3469396611019e-04
176.128069075000	3.6730073262908e-04
176.158048320800	3.9942430450314e-04
176.188027566600	4.3103055384387e-04
176.218006812400	4.6208580116383e-04
176.247986058200	4.9255684995752e-04
176.277965304000	5.2241102088911e-04
176.307944549800	5.5161618555175e-04
176.337923795600	5.8014079976398e-04
176.367903041400	6.0795393636865e-04
176.397882287200	6.3502531750059e-04
176.427861533000	6.6132534628942e-04
176.457840778800	6.8682513796463e-04
176.487820024600	7.1149655033037e-04
176.517799270400	7.3531221357807e-04
176.547778516200	7.5824555940560e-04
176.577757762000	7.8027084941218e-04
176.607737007800	8.0136320273908e-04
176.637716253600	8.2149862292671e-04
176.667695499400	8.4065402395935e-04
176.697674745200	8.5880725546983e-04
176.727653991000	8.7593712707672e-04
176.757633236800	8.9202343182796e-04
176.787612482600	9.0704696872527e-04
176.817591728400	9.2098956430466e-04
176.847570974200	9.3383409324943e-04
176.877550220000	9.4556449801260e-04
176.907529465800	9.5616580742690e-04
176.937508711600	9.6562415428140e-04
176.967487957400	9.7392679184468e-04
176.997467203200	9.8106210931557e-04
177.027446449000	9.8701964618352e-04
177.057425694800	9.9179010548153e-04
177.087404940600	9.9536536591584e-04
177.117384186400	9.9773849285760e-04
177.147363432200	9.9890374818267e-04
177.177342678000	9.9885659894705e-04
177.207321923800	9.9759372488640e-04
177.237301169600	9.9511302472934e-04
177.267280415400	9.9141362131521e-04
177.297259661200	9.8649586550842e-04
177.327238907000	9.8036133890242e-04
177.357218152800	9.7301285530756e-04
177.387197398600	9.6445446101842e-04
177.417176644400	9.5469143385730e-04
177.447155890200	9.4373028099168e-04
177.477135136000	9.3157873552487e-04
177.507114381800	9.1824575186004e-04
177.537093627600	9.0374149983925e-04
177.567072873400	8.8807735766013e-04
177.597052119200	8.7126590357423e-04
177.627031365000	8.5332090637214e-04
177.657010610800	8.3425731466174e-04
177.686989856600	8.1409124494722e-04
177.716969102400	7.9283996851751e-04
177.746948348200	7.7052189715425e-04
177.776927594000	7.4715656767024e-04
177.806906839800	7.2276462529088e-04
177.836886085600	6.9736780589197e-04
177.866865331400	6.7098891710857e-04
177.896844577200	6.4365181833071e-04
177.926823823000	6.1538139960287e-04
177.956803068800	5.8620355944519e-04
177.986782314600	5.5614518161575e-04
178.016761560400	5.2523411083392e-04
178.046740806200	4.9349912748624e-04
178.076720052000	4.6096992133713e-04
178.106699297800	4.2767706426774e-04
178.136678543600	3.9365198206742e-04
178.166657789400	3.5892692530316e-04
178.196637035200	3.2353493929331e-04
178.226616281000	2.8750983321284e-04
178.256595526800	2.5088614835839e-04
178.286574772600	2.1369912560217e-04
178.316554018400	1.7598467206466e-04
178.346533264200	1.3777932703684e-04
178.376512510000	9.9120227183668e-05
178.406491755800	6.0045071061007e-05
178.436471001600	2.0592082979290e-05
178.466450247400	-1.9200023752375e-05
178.496429493200	-5.9292084167057e-05
178.526408739000	-9.9644519530675e-05
178.556387984800	-1.4021737574667e-04
178.586367230600	-1.8097036223832e-04
178.616346476400	-2.2186289127172e-04
178.646325722200	-2.6285411768200e-04
178.676304968000	-3.0390297896486e-04
178.706284213800	-3.4496823569499e-04
178.736263459600	-3.8600851223261e-04
178.766242705400	-4.2698233767894e-04
178.796221951200	-4.6784818704115e-04
178.826201197000	-5.0856452256692e-04
178.856180442800	-5.4908983520858e-04
178.886159688600	-5.8938268617656e-04
178.916138934400	-6.2940174854164e-04
178.946118180200	-6.6910584884548e-04
178.976097426000	-7.0845400867858e-04
179.006076671800	-7.4740548618504e-04
179.036055917600	-7.8591981745322e-04
179.066035163400	-8.2395685775150e-04
179.096014409200	-8.6147682256856e-04
179.125993655000	-8.9844032841726e-04
179.155972900800	-9.3480843336195e-04
179.185952146600	-9.7054267722856e-04
179.215931392400	-1.0056051214576e-03
179.245910638200	-1.0399583885601e-03
179.275889884000	-1.0735657011367e-03
179.305869129800	-1.1063909204212e-03
179.335848375600	-1.1383985843092e-03
179.365827621400	-1.1695539448332e-03
179.395806867200	-1.1998230050472e-03
179.425786113000	-1.2291725552815e-03
179.455765358800	-1.2575702087328e-03
179.485744604600	-1.2849844363511e-03
179.515723850400	-1.3113846009889e-03
179.545703096200	-1.3367409907774e-03
179.575682342000	-1.3610248516939e-03
179.605661587800	-1.3842084192883e-03
179.635640833600	-1.4062649495342e-03
179.665620079400	-1.4271687487727e-03
179.695599325200	-1.4468952027180e-03
179.725578571000	-1.4654208044926e-03
179.755557816800	-1.4827231816639e-03
179.785537062600	-1.4987811222519e-03
179.815516308400	-1.5135745996810e-03
179.845495554200	-1.5270847966477e-03
179.875474800000	-1.5392941278798e-03
179.905454045800	-1.5501862617601e-03
179.935433291600	-1.5597461407918e-03
179.965412537400	-1.5679600008825e-03
179.995391783200	-1.5748153894243e-03
180.025371029000	-1.5803011821501e-03
180.055350274800	-1.5844075987456e-03
180.085329520600	-1.5871262171992e-03
180.115308766400	-1.5884499868722e-03
180.145288012200	-1.5883732402729e-03
180.175267258000	-1.5868917035207e-03
180.205246503800	-1.5840025054848e-03
180.235225749600	-1.5797041855872e-03
180.265204995400	-1.5739967002568e-03
180.295184241200	-1.5668814280268e-03
180.325163487000	-1.5583611732643e-03
180.355142732800	-1.5484401685273e-03
180.385121978600	-1.5371240755413e-03
180.415101224400	-1.5244199847920e-03
180.445080470200	-1.5103364137295e-03
180.475059716000	-1.4948833035836e-03
180.505038961800	-1.4780720147878e-03
180.535018207600	-1.4599153210139e-03
180.564997453400	-1.4404274018187e-03
180.594976699200	-1.4196238339057e-03
180.624955945000	-1.3975215810078e-03
180.654935190800	-1.3741389823950e-03
180.684914436600	-1.3494957400163e-03
180.714893682400	-1.3236129042834e-03
180.744872928200	-1.2965128585070e-03
180.774852174000	-1.2682193019955e-03
180.804831419800	-1.2387572318305e-03
180.834810665600	-1.2081529233321e-03
180.864789911400	-1.1764339092297e-03
180.894769157200	-1.1436289575533e-03
180.924748403000	-1.1097680482657e-03
180.954727648800	-1.0748823486518e-03
180.984706894600	-1.0390041874879e-03
181.014686140400	-1.0021670280097e-03
181.044665386200	-9.6440543970424e-04
181.074644632000	-9.2575506894804e-04
181.104623877800	-8.8625260851665e-04
181.134603123600	-8.4593576599249e-04
181.164582369400	-8.0484323109741e-04
181.194561615200	-7.6301464197881e-04
181.224540861000	-7.2049055047857e-04
181.254520106800	-6.7731238641533e-04
181.284499352600	-6.3352242091149e-04
181.314478598400	-5.8916372879761e-04
181.344457844200	-5.4428015012740e-04
181.374437090000	-4.9891625083780e-04
181.404416335800	-4.5311728258946e-04
181.434395581600	-4.0692914182351e-04
181.464374827400	-3.6039832807188e-04
181.494354073200	-3.1357190155863e-04
181.524333319000	-2.6649744013106e-04
181.554312564800	-2.1922299555964e-04
181.584291810600	-1.7179704924684e-04
181.614271056400	-1.2426846738546e-04
181.644250302200	-7.6686455607495e-05
181.674229548000	-2.9100513165618e-05
181.704208793800	1.8439613310625e-05
181.734188039600	6.5883976440923e-05
181.764167285400	1.1318247505936e-04
181.794146531200	1.6028490147486e-04
181.824125777000	2.0714098898288e-04
181.854105022800	2.5370045958372e-04
181.884084268600	2.9991307186299e-04
181.914063514400	3.4572866898889e-04
181.944042760200	3.9109722678134e-04
181.974022006000	4.3596890180741e-04
182.004001251800	4.8029407945759e-04
182.033980497600	5.2402342195726e-04
182.063959743400	5.6710791626777e-04
182.093938989200	6.0949892183129e-04
182.123918235000	6.5114821811413e-04
182.153897480800	6.9200805190266e-04
182.183876726600	7.3203118430667e-04
182.213855972400	7.7117093742494e-04
182.243835218200	8.0938124062784e-04
182.273814464000	8.4661667641247e-04
182.303793709800	8.8283252578569e-04
182.333772955600	9.1798481313108e-04
182.363752201400	9.5203035051611e-04
182.393731447200	9.8492678139620e-04
182.423710693000	1.0166326236729e-03
182.453689938800	1.0471073120641e-03
182.483669184600	1.0763112397441e-03
182.513648430400	1.1042057992127e-03
182.543627676200	1.1307534223533e-03
182.573606922000	1.1559176196394e-03
182.603586167800	1.1796630184501e-03
182.633565413600	1.2019554004582e-03
182.663544659400	1.2227617380510e-03
182.693523905200	1.2420502297486e-03
182.723503151000	1.2597903345833e-03
182.753482396800	1.2759528054052e-03
182.783461642600	1.2905097210800e-03
182.813440888400	1.3034345175462e-03
182.843420134200	1.3147020176993e-03
182.873399380000	1.3242884600723e-03
182.903378625800	1.3321715262822e-03
182.933357871600	1.3383303672141e-03
182.963337117400	1.3427456279153e-03
182.993316363200	1.3453994711720e-03
183.023295609000	1.3462755997442e-03
183.053274854800	1.3453592772339e-03
183.083254100600	1.3426373475649e-03
183.113233346400	1.3380982530505e-03
183.143212592200	1.3317320510307e-03
183.173191838000	1.3235304290588e-03
183.203171083800	1.3134867186204e-03
183.233150329600	1.3015959073665e-03
183.263129575400	1.2878546498491e-03
183.293108821200	1.2722612767414e-03
183.323088067000	1.2548158025347e-03
183.353067312800	1.2355199316969e-03
183.383046558600	1.2143770632868e-03
183.413025804400	1.1913922940140e-03
183.443005050200	1.1665724197381e-03
183.472984296000	1.1399259354032e-03
183.502963541800	1.1114630334029e-03
183.532942787600	1.0811956003738e-03
183.562922033400	1.0491372124175e-03
183.592901279200	1.0153031287511e-03
183.622880525000	9.7971028378857e-04
183.652859770800	9.4237727765692e-04
183.682839016600	9.0332436515251e-04
183.712818262400	8.6257344314360e-04
183.742797508200	8.2014803642770e-04
183.772776754000	7.7607328205328e-04
183.802755999800	7.3037591211672e-04
183.832735245600	6.8308423504716e-04
183.862714491400	6.3422811539321e-04
183.892693737200	5.8383895212675e-04
183.922672983000	5.3194965548079e-04
183.952652228800	4.7859462233946e-04
183.982631474600	4.2380971019990e-04
184.012610720400	3.6763220972681e-04
184.042589966200	3.1010081592219e-04
184.072569212000	2.5125559793378e-04
184.102548457800	1.9113796752735e-04
184.132527703600	1.2979064624906e-04
184.162506949400	6.7257631305339e-05
184.192486195200	3.5841601894155e-06
184.222465441000	-6.1183325915805e-05
184.252444686800	-1.2699721992700e-04
184.282423932600	-1.9380878780953e-04
184.312403178400	-2.6156820865274e-04
184.342382424200	-3.3022461583685e-04
184.372361670000	-3.9972613925555e-04
184.402340915800	-4.7001994855752e-04
184.432320161600	-5.4105229736908e-04
184.462299407400	-6.1276856845901e-04
184.492278653200	-6.8511331980586e-04
184.522257899000	-7.5803033152688e-04
184.552237144800	-8.3146265362722e-04
184.582216390600	-9.0535265452669e-04
184.612195636400	-9.7964207032105e-04
184.642174882200	-1.0542720547337e-03
184.672154128000	-1.1291832297130e-03
184.702133373800	-1.2043157366302e-03
184.732112619600	-1.2796092880311e-03
184.762091865400	-1.3550032198956e-03
184.792071111200	-1.4304365443575e-03
184.822050357000	-1.5058480028371e-03
184.852029602800	-1.5811761195377e-03
184.882008848600	-1.6563592552584e-03
184.911988094400	-1.7313356614731e-03
184.941967340200	-1.8060435346276e-03
184.971946586000	-1.8804210706037e-03
185.001925831800	-1.9544065193013e-03
185.031905077600	-2.0279382392889e-03
185.061884323400	-2.1009547524707e-03
185.091863569200	-2.1733947987213e-03
185.121842815000	-2.2451973904375e-03
185.151822060800	-2.3163018669556e-03
185.181801306600	-2.3866479487853e-03
185.211780552400	-2.4561757916094e-03
185.241759798200	-2.5248260399981e-03
185.271739044000	-2.5925398807901e-03
185.301718289800	-2.6592590960881e-03
185.331697535600	-2.7249261158218e-03
185.361676781400	-2.7894840698268e-03
185.391656027200	-2.8528768393930e-03
185.421635273000	-2.9150491082317e-03
185.451614518800	-2.9759464128155e-03
185.481593764600	-3.0355151920423e-03
185.511573010400	-3.0937028361768e-03
185.541552256200	-3.1504577350241e-03
185.571531502000	-3.2057293252878e-03
185.601510747800	-3.2594681370696e-03
185.631489993600	-3.3116258394652e-03
185.661469239400	-3.3621552852133e-03
185.691448485200	-3.4110105543540e-03
185.721427731000	-3.4581469968571e-03
185.751406976800	-3.5035212741765e-03
185.781386222600	-3.5470913996933e-03
185.811365468400	-3.5888167780065e-03
185.841344714200	-3.6286582430345e-03
185.871323960000	-3.6665780948901e-03
185.901303205800	-3.7025401354933e-03
185.931282451600	-3.7365097028860e-03
185.961261697400	-3.7684537042166e-03
185.991240943200	-3.7983406473615e-03
186.021220189000	-3.8261406711510e-03
186.051199434800	-3.8518255741713e-03
186.081178680600	-3.8753688421135e-03
186.111157926400	-3.8967456736411e-03
186.141137172200	-3.9159330047513e-03
186.171116418000	-3.9329095316048e-03
186.201095663800	-3.9476557318000e-03
186.231074909600	-3.9601538840714e-03
186.261054155400	-3.9703880863902e-03
186.291033401200	-3.9783442724484e-03
186.321012647000	-3.9840102265095e-03
186.350991892800	-3.9873755966085e-03
186.380971138600	-3.9884319060881e-03
186.410950384400	-3.9871725634563e-03
186.440929630200	-3.9835928705559e-03
186.470908876000	-3.9776900290340e-03
186.500888121800	-3.9694631451041e-03
186.530867367600	-3.9589132325944e-03
186.560846613400	-3.9460432142755e-03
186.590825859200	-3.9308579214658e-03
186.620805105000	-3.9133640919106e-03
186.650784350800	-3.8935703659360e-03
186.680763596600	-3.8714872808779e-03
186.710742842400	-3.8471272637888e-03
186.740722088200	-3.8205046224271e-03
186.770701334000	-3.7916355345346e-03
186.800680579800	-3.7605380354101e-03
186.830659825600	-3.7272320037876e-03
186.860639071400	-3.6917391460297e-03
186.890618317200	-3.6540829786503e-03
186.920597563000	-3.6142888091774e-03
186.950576808800	-3.5723837153743e-03
186.980556054600	-3.5283965228342e-03
187.010535300400	-3.4823577809681e-03
187.040514546200	-3.4342997374048e-03
187.070493792000	-3.3842563108251e-03
187.100473037800	-3.3322630622535e-03
187.130452283600	-3.2783571648312e-03
187.160431529400	-3.2225773720967e-03
187.190410775200	-3.1649639848014e-03
187.220390021000	-3.1055588162882e-03
187.250369266800	-3.0444051564645e-03
187.280348512600	-2.9815477343996e-03
187.310327758400	-2.9170326795803e-03
187.340307004200	-2.8509074818582e-03
187.370286250000	-2.7832209501245e-03
187.400265495800	-2.7140231697477e-03
187.430244741600	-2.6433654588137e-03
187.460223987400	-2.5713003232057e-03
187.490203233200	-2.4978814105643e-03
187.520182479000	-2.4231634631694e-03
187.550161724800	-2.3472022697859e-03
187.580140970600	-2.2700546165153e-03
187.610120216400	-2.1917782366991e-03
187.640099462200	-2.1124317599182e-03
187.670078708000	-2.0320746601337e-03
187.700057953800	-1.9507672030176e-03
187.730037199600	-1.8685703925191e-03
187.760016445400	-1.7855459167164e-03
187.789995691200	-1.7017560930029e-03
187.819974937000	-1.6172638126570e-03
187.849954182800	-1.5321324848466e-03
187.879933428600	-1.4464259801188e-03
187.909912674400	-1.3602085734276e-03
187.939891920200	-1.2735448867502e-03
187.969871166000	-1.1864998313451e-03
187.999850411800	-1.0991385497055e-03
188.029829657600	-1.0115263572606e-03
188.059808903400	-9.2372868387804e-04
188.089788149200	-8.3581101522298e-04
188.119767395000	-7.4783883402574e-04
188.149746640800	-6.5987756131380e-04
188.179725886600	-5.7199249766186e-04
188.209705132400	-4.8424876451422e-04
188.239684378200	-3.9671124563413e-04
188.269663624000	-3.0944452873421e-04
188.299642869800	-2.2251284734219e-04
188.329622115600	-1.3598002295609e-04
188.359601361400	-4.9909407542595e-05
188.389580607200	3.5636173567763e-05
188.419559853000	1.2059447833524e-04
188.449539098800	2.0490390416253e-04
188.479518344600	2.8850354349078e-04
188.509497590400	3.7133323878798e-04
188.539476836200	4.5333363687807e-04
188.569456082000	5.3444624255983e-04
188.599435327800	6.1461347146502e-04
188.629414573600	6.9377870210606e-04
188.659393819400	7.7188632706418e-04
188.689373065200	8.4888180326965e-04
188.719352311000	9.2471170132646e-04
188.749331556800	9.9932375383497e-04
188.779310802600	1.0726669026664e-03
188.809290048400	1.1446913451442e-03
188.839269294200	1.2153485790890e-03
188.869248540000	1.2845914466829e-03
188.899227785800	1.3523741771129e-03
188.929207031600	1.4186524279503e-03
188.959186277400	1.4833833252297e-03
188.989165523200	1.5465255021849e-03
189.019144769000	1.6080391366086e-03
189.049124014800	1.6678859867966e-03
189.079103260600	1.7260294260429e-03
189.109082506400	1.7824344756530e-03
189.139061752200	1.8370678364415e-03
189.169040998000	1.8898979186847e-03
189.199020243800	1.9408948704976e-03
189.228999489600	1.9900306046086e-03
189.258978735400	2.0372788235043e-03
189.288957981200	2.0826150429202e-03
189.318937227000	2.1260166136524e-03
189.348916472800	2.1674627416709e-03
189.378895718600	2.2069345065113e-03
189.408874964400	2.2444148779274e-03
189.438854210200	2.2798887307881e-03
189.468833456000	2.3133428582013e-03
189.498812701800	2.3447659828525e-03
189.528791947600	2.3741487665440e-03
189.558771193400	2.4014838179261e-03
189.588750439200	2.4267656984097e-03
189.618729685000	2.4499909262530e-03
189.648708930800	2.4711579788178e-03
189.678688176600	2.4902672929906e-03
189.708667422400	2.5073212637661e-03
189.738646668200	2.5223242409937e-03
189.768625914000	2.5352825242860e-03
189.798605159800	2.5462043560957e-03
189.828584405600	2.5550999129612e-03
189.858563651400	2.5619812949311e-03
189.888542897200	2.5668625131733e-03
189.918522143000	2.5697594757792e-03
189.948501388800	2.5706899717741e-03
189.978480634600	2.5696736533479e-03
190.008459880400	2.5667320163191e-03
190.038439126200	2.5618883788505e-03
190.068418372000	2.5551678584332e-03
190.098397617800	2.5465973471591e-03
190.128376863600	2.5362054853045e-03
190.158356109400	2.5240226332447e-03
190.188335355200	2.5100808417277e-03
190.218314601000	2.4944138205308e-03
190.248293846800	2.4770569055281e-03
190.278273092600	2.4580470241986e-03
190.308252338400	2.4374226596054e-03
190.338231584200	2.4152238128776e-03
190.368210830000	2.3914919642288e-03
190.398190075800	2.3662700325470e-03
190.428169321600	2.3396023335931e-03
190.458148567400	2.3115345368432e-03
190.488127813200	2.2821136210169e-03
190.518107059000	2.2513878283297e-03
190.548086304800	2.2194066175106e-03
190.578065550600	2.1862206156298e-03
190.608044796400	2.1518815687783e-03
190.638024042200	2.1164422916447e-03
190.668003288000	2.0799566160363e-03
190.697982533800	2.0424793383903e-03
190.727961779600	2.0040661663235e-03
190.757941025400	1.9647736642706e-03
190.787920271200	1.9246591982591e-03
190.817899517000	1.8837808798732e-03
190.847878762800	1.8421975094577e-03
190.877858008600	1.7999685186143e-03
190.907837254400	1.7571539120435e-03
190.937816500200	1.7138142087857e-03
190.967795746000	1.6700103829161e-03
190.997774991800	1.6258038037484e-03
191.027754237600	1.5812561756030e-03
191.057733483400	1.5364294771948e-03
191.087712729200	1.4913859006982e-03
191.117691975000	1.4461877905453e-03
191.147671220800	1.4008975820149e-03
191.177650466600	1.3555777396689e-03
191.207629712400	1.3102906956947e-03
191.237608958200	1.2650987882108e-03
191.267588204000	1.2200641995925e-03
191.297567449800	1.1752488948785e-03
191.327546695600	1.1307145603122e-03
191.357525941400	1.0865225420792e-03
191.387505187200	1.0427337852969e-03
191.417484433000	9.9940877331375e-04
191.447463678800	9.5660746737612e-04
191.477442924600	9.1438924671979e-04
191.507422170400	8.7281284914244e-04
191.537401416200	8.3193631211382e-04
191.567380662000	7.9181691447954e-04
191.597359907800	7.5251111881387e-04
191.627339153600	7.1407451447652e-04
191.657318399400	6.7656176142786e-04
191.687297645200	6.4002653485611e-04
191.717276891000	6.0452147066977e-04
191.747256136800	5.7009811190733e-04
191.777235382600	5.3680685611604e-04
191.807214628400	5.0469690375024e-04
191.837193874200	4.7381620763901e-04
191.867173120000	4.4421142357227e-04
191.897152365800	4.1592786205286e-04
191.927131611600	3.8900944126178e-04
191.957110857400	3.6349864128212e-04
191.987090103200	3.3943645962663e-04
192.017069349000	3.1686236811227e-04
192.047048594800	2.9581427112411e-04
192.077027840600	2.7632846530978e-04
192.107007086400	2.5843960074420e-04
192.136986332200	2.4218064360315e-04
192.166965578000	2.2758284038277e-04
192.196944823800	2.1467568370091e-04
192.226924069600	2.0348687971452e-04
192.256903315400	1.9404231718606e-04
192.286882561200	1.8636603823034e-04
192.316861807000	1.8048021077167e-04
192.346841052800	1.7640510273957e-04
192.376820298600	1.7415905803002e-04
192.406799544400	1.7375847425713e-04
192.436778790200	1.7521778231904e-04
192.466758036000	1.7854942779965e-04
192.496737281800	1.8376385422666e-04
192.526716527600	1.9086948820418e-04
192.556695773400	1.9987272643694e-04
192.586675019200	2.1077792466092e-04
192.616654265000	2.2358738849394e-04
192.646633510800	2.3830136621757e-04
192.676612756600	2.5491804350029e-04
192.706592002400	2.7343354006979e-04
192.736571248200	2.9384190834064e-04
192.766550494000	3.1613513400175e-04
192.796529739800	3.4030313856608e-04
192.826508985600	3.6633378388356e-04
192.856488231400	3.9421287861597e-04
192.886467477200	4.2392418667106e-04
192.916446723000	4.5544943759106e-04
192.946425968800	4.8876833888931e-04
192.976405214600	5.2385859032639e-04
193.006384460400	5.6069590011593e-04
193.036363706200	5.9925400304788e-04
193.066342952000	6.3950468051578e-04
193.096322197800	6.8141778243238e-04
193.126301443600	7.2496125101638e-04
193.156280689400	7.7010114643128e-04
193.186259935200	8.1680167425555e-04
193.216239181000	8.6502521476173e-04
193.246218426800	9.1473235398014e-04
193.276197672600	9.6588191652143e-04
193.306176918400	1.0184310001304e-03
193.336156164200	1.0723350119419e-03
193.366135410000	1.1275477064084e-03
193.396114655800	1.1840212248656e-03
193.426093901600	1.2417061367046e-03
193.456073147400	1.3005514821118e-03
193.486052393200	1.3605048163435e-03
193.516031639000	1.4215122554927e-03
193.546010884800	1.4835185237117e-03
193.575990130600	1.5464670018474e-03
193.605969376400	1.6102997774470e-03
193.635948622200	1.6749576960900e-03
193.665927868000	1.7403804140026e-03
193.695907113800	1.8065064519057e-03
193.725886359600	1.8732732500511e-03
193.755865605400	1.9406172243958e-03
193.785844851200	2.0084738238648e-03
193.815824097000	2.0767775886510e-03
193.845803342800	2.1454622095014e-03
193.875782588600	2.2144605879347e-03
193.905761834400	2.2837048973382e-03
193.935741080200	2.3531266448876e-03
193.965720326000	2.4226567342352e-03
193.995699571800	2.4922255289097e-03
194.025678817600	2.5617629163694e-03
194.055658063400	2.6311983726532e-03
194.085637309200	2.7004610275680e-03
194.115616555000	2.7694797303564e-03
194.145595800800	2.8381831157824e-03
194.175575046600	2.9064996705771e-03
194.205554292400	2.9743578001824e-03
194.235533538200	3.0416858957334e-03
194.265512784000	3.1084124012161e-03
194.295492029800	3.1744658807424e-03
194.325471275600	3.2397750858763e-03
194.355450521400	3.3042690229546e-03
194.385429767200	3.3678770203356e-03
194.415409013000	3.4305287955176e-03
194.445388258800	3.4921545220632e-03
194.475367504600	3.5526848962686e-03
194.505346750400	3.6120512035162e-03
194.535325996200	3.6701853842495e-03
194.565305242000	3.7270200995078e-03
194.595284487800	3.7824887959621e-03
194.625263733600	3.8365257703900e-03
194.655242979400	3.8890662335303e-03
194.685222225200	3.9400463732581e-03
194.715201471000	3.9894034170208e-03
194.745180716800	4.0370756934770e-03
194.775159962600	4.0830026932808e-03
194.805139208400	4.1271251289538e-03
194.835118454200	4.1693849937894e-03
194.865097700000	4.2097256197332e-03
194.895076945800	4.2480917341854e-03
194.925056191600	4.2844295156712e-03
194.955035437400	4.3186866483266e-03
194.985014683200	4.3508123751479e-03
195.014993929000	4.3807575499544e-03
195.044973174800	4.4084746880139e-03
195.074952420600	4.4339180152840e-03
195.104931666400	4.4570435162208e-03
195.134910912200	4.4778089801090e-03
195.164890158000	4.4961740458701e-03
195.194869403800	4.5121002453034e-03
195.224848649600	4.5255510447193e-03
195.254827895400	4.5364918849233e-03
195.284807141200	4.5448902195123e-03
195.314786387000	4.5507155514453e-03
195.344765632800	4.5539394678515e-03
195.374744878600	4.5545356730430e-03
195.404724124400	4.5524800196969e-03
195.434703370200	4.5477505381774e-03
195.464682616000	4.5403274639669e-03
195.494661861800	4.5301932631780e-03
195.524641107600	4.5173326561210e-03
195.554620353400	4.5017326389011e-03
195.584599599200	4.4833825030236e-03
195.614578845000	4.4622738529844e-03
195.644558090800	4.4384006218282e-03
195.674537336600	4.4117590846558e-03
195.704516582400	4.3823478700651e-03
195.734495828200	4.3501679695118e-03
195.764475074000	4.3152227445787e-03
195.794454319800	4.2775179321419e-03
195.824433565600	4.2370616474279e-03
195.854412811400	4.1938643849527e-03
195.884392057200	4.1479390173411e-03
195.914371303000	4.0993007920220e-03
195.944350548800	4.0479673257997e-03
195.974329794600	3.9939585973025e-03
196.004309040400	3.9372969373121e-03
196.034288286200	3.8780070169788e-03
196.064267532000	3.8161158339293e-03
196.094246777800	3.7516526962770e-03
196.124226023600	3.6846492045448e-03
196.154205269400	3.6151392315137e-03
196.184184515200	3.5431589000119e-03
196.214163761000	3.4687465586605e-03
196.244143006800	3.3919427555955e-03
196.274122252600	3.3127902101846e-03
196.304101498400	3.2313337827624e-03
196.334080744200	3.1476204424074e-03
196.364059990000	3.0616992327862e-03
196.394039235800	2.9736212360928e-03
196.424018481600	2.8834395351127e-03
196.453997727400	2.7912091734411e-03
196.483976973200	2.6969871138904e-03
196.513956219000	2.6008321951184e-03
196.543935464800	2.5028050865160e-03
196.573914710600	2.4029682413896e-03
196.603893956400	2.3013858484790e-03
196.633873202200	2.1981237818507e-03
196.663852448000	2.0932495492088e-03
196.693831693800	1.9868322386674e-03
196.723810939600	1.8789424640296e-03
196.753790185400	1.7696523086192e-03
196.783769431200	1.6590352677136e-03
196.813748677000	1.5471661896258e-03
196.843727922800	1.4341212154881e-03
196.873707168600	1.3199777177861e-03
196.903686414400	1.2048142376988e-03
196.933665660200	1.0887104212962e-03
196.963644906000	9.7174695465172e-04
196.993624151800	8.5400549792311e-04
197.023603397600	7.3556861846079e-04
197.053582643400	6.1651972300053e-04
197.083561889200	4.9694298899956e-04
197.113541135000	3.7692329517577e-04
197.143520380800	2.5654615131040e-04
197.173499626600	1.3589762737533e-04
197.203478872400	1.5064282046777e-05
197.233458118200	-1.0586690933211e-04
197.263437364000	-2.2680862727693e-04
197.293416609800	-3.4767328111239e-04
197.323395855600	-4.6837308228357e-04
197.353375101400	-5.8882011796362e-04
197.383354347200	-7.0892642489351e-04
197.413333593000	-8.2860406338873e-04
197.443312838800	-9.4776519144800e-04
197.473292084600	-1.0663221388987e-03
197.503271330400	-1.1841874815135e-03
197.533250576200	-1.3012741150334e-03
197.563229822000	-1.4174953290310e-03
197.593209067800	-1.5327648805493e-03
197.623188313600	-1.6469970674508e-03
197.653167559400	-1.7601068014121e-03
197.683146805200	-1.8720096804989e-03
197.713126051000	-1.9826220612574e-03
197.743105296800	-2.0918611302585e-03
197.773084542600	-2.1996449750301e-03
197.803063788400	-2.3058926543160e-03
197.833043034200	-2.4105242675972e-03
197.863022280000	-2.5134610238160e-03
197.893001525800	-2.6146253092383e-03
197.922980771600	-2.7139407543977e-03
197.952960017400	-2.8113323000580e-03
197.982939263200	-2.9067262621372e-03
198.012918509000	-3.0000503955349e-03
198.042897754800	-3.0912339568047e-03
198.072877000600	-3.1802077656169e-03
198.102856246400	-3.2669042649558e-03
198.132835492200	-3.3512575799977e-03
198.162814738000	-3.4332035756158e-03
198.192793983800	-3.5126799124626e-03
198.222773229600	-3.5896261015765e-03
198.252752475400	-3.6639835574657e-03
198.282731721200	-3.7356956496198e-03
198.312710967000	-3.8047077524045e-03
198.342690212800	-3.8709672932916e-03
198.372669458600	-3.9344237993838e-03
198.402648704400	-3.9950289421896e-03
198.432627950200	-4.0527365806085e-03
198.462607196000	-4.1075028020880e-03
198.492586441800	-4.1592859619138e-03
198.522565687600	-4.2080467205984e-03
198.552544933400	-4.2537480793333e-03
198.582524179200	-4.2963554134718e-03
198.612503425000	-4.3358365040130e-03
198.642482670800	-4.3721615670568e-03
198.672461916600	-4.4053032812031e-03
198.702441162400	-4.4352368128696e-03
198.732420408200	-4.4619398395045e-03
198.762399654000	-4.4853925706734e-03
198.792378899800	-4.5055777669985e-03
198.822358145600	-4.5224807569339e-03
198.852337391400	-4.5360894513600e-03
198.882316637200	-4.5463943559834e-03
198.912295883000	-4.5533885815295e-03
198.942275128800	-4.5570678517173e-03
198.972254374600	-4.5574305090097e-03
199.002233620400	-4.5544775181308e-03
199.032212866200	-4.5482124673471e-03
199.062192112000	-4.5386415675098e-03
199.092171357800	-4.5257736488579e-03
199.122150603600	-4.5096201555838e-03
199.152129849400	-4.4901951381643e-03
199.182109095200	-4.4675152434631e-03
199.212088341000	-4.4415997026124e-03
199.242067586800	-4.4124703166818e-03
199.272046832600	-4.3801514401484e-03
199.302026078400	-4.3446699621781e-03
199.332005324200	-4.3060552857366e-03
199.361984570000	-4.2643393045451e-03
199.391963815800	-4.2195563779011e-03
199.421943061600	-4.1717433033841e-03
199.451922307400	-4.1209392874710e-03
199.481901553200	-4.0671859140835e-03
199.511880799000	-4.0105271110963e-03
199.541860044800	-3.9510091148331e-03
199.571839290600	-3.8886804325810e-03
199.601818536400	-3.8235918031555e-03
199.631797782200	-3.7557961555494e-03
199.661777028000	-3.6853485657010e-03
199.691756273800	-3.6123062114187e-03
199.721735519600	-3.5367283255011e-03
199.751714765400	-3.4586761470916e-03
199.781694011200	-3.3782128713112e-03
199.811673257000	-3.2954035972113e-03
199.841652502800	-3.2103152740919e-03
199.871631748600	-3.1230166462315e-03
199.901610994400	-3.0335781960772e-03
199.931590240200	-2.9420720859422e-03
199.961569486000	-2.8485720982631e-03
199.991548731800	-2.7531535744673e-03
