#Parameters = {cpw=15; sigma_z=0.4; wakelength=200; xbeam=0; xtest=0; ybeam=0; ytest=0}
# Beta-weighted transverse dipolar bunch wake, x-plane
# beta_factor is dimensionless: sum(beta_i/<beta>)
# Z_perp unit: Ohm/m
#"s / mm"	"W_perp_beta [V/pC/m]"
#------------------------
-9.983088851400	1.2162498993670e-14
-9.953109605600	2.0849998274863e-14
-9.923130359800	2.1197498246111e-14
-9.893151114000	1.4247498821157e-14
-9.863171868200	1.6610498625641e-14
-9.833192622400	1.6888498602639e-14
-9.803213376600	1.3343998895913e-14
-9.773234130800	1.6123998665894e-14
-9.743254885000	4.3784996377213e-15
-9.713275639200	2.2795998113851e-14
-9.683296393400	1.7305498568137e-14
-9.653317147600	1.5672248703272e-14
-9.623337901800	7.7492493588242e-15
-9.593358656000	2.4811497947087e-14
-9.563379410200	2.0676248289240e-14
-9.533400164400	2.2552748133977e-14
-9.503420918600	1.9737998366871e-14
-9.473441672800	3.2282747328914e-14
-9.443462427000	2.2952373100912e-14
-9.413483181200	1.9512123385560e-14
-9.383503935400	2.7261372744384e-14
-9.353524689600	3.3333934741938e-14
-9.323545443800	2.2895904355584e-14
-9.293566198000	2.5751919744277e-14
-9.263586952200	2.7856466445146e-14
-9.233607706400	4.2494902733956e-14
-9.203628460600	3.3064622264221e-14
-9.173649214800	3.1118622425234e-14
-9.143669969000	2.8512372640876e-14
-9.113690723200	1.9755373365433e-14
-9.083711477400	2.0432998309366e-14
-9.053732231600	2.5923497855080e-14
-9.023752985800	2.3282498073597e-14
-8.993773740000	3.6139997009763e-14
-8.963794494200	3.2039497349040e-14
-8.933815248400	3.4193997170776e-14
-8.903836002600	2.5019997929836e-14
-8.873856756800	3.6834996952259e-14
-8.843877511000	3.1066497429546e-14
-8.813898265200	3.5027997101771e-14
-8.783919019400	2.9050997596310e-14
-8.753939773600	4.3784996377213e-14
-8.723960527800	4.0587996641734e-14
-8.693981282000	3.2178497337539e-14
-8.664002036200	4.1004996607231e-14
-8.634022790400	3.6348496992512e-14
-8.604043544600	3.2108997343290e-14
-8.574064298800	3.5027997101771e-14
-8.544085053000	3.2942997274284e-14
-8.514105807200	5.4974495451390e-14
-8.484126561400	4.0240496670486e-14
-8.454147315600	4.0309996664736e-14
-8.424168069800	3.4054997182277e-14
-8.394188824000	3.5166997090270e-14
-8.364209578200	3.7668996883253e-14
-8.334230332400	2.8355997653814e-14
-8.304251086600	2.7799997699818e-14
-8.274271840800	3.2386997320288e-14
-8.244292595000	3.7251996917756e-14
-8.214313349200	3.2664997297286e-14
-8.184334103400	3.0440997481301e-14
-8.154354857600	1.5706998700397e-14
-8.124375611800	2.1405998228860e-14
-8.094396366000	1.6123998665894e-14
-8.064417120200	2.3907998021843e-14
-8.034437874400	3.0579997469800e-14
-8.004458628600	2.3768998033344e-14
-7.974479382800	1.6123998665894e-14
-7.944500137000	2.6965997768823e-14
-7.914520891200	1.9042998424375e-14
-7.884541645400	2.1405998228860e-14
-7.854562399600	9.7299991949363e-15
-7.824583153800	1.9181998412874e-14
-7.794603908000	2.5436997895333e-14
-7.764624662200	2.7104997757322e-14
-7.734645416400	1.5845998688896e-14
-7.704666170600	2.2517998136852e-14
-7.674686924800	6.3939994709581e-15
-7.644707679000	1.7652998539384e-14
-7.614728433200	1.3343998895913e-14
-7.584749187400	9.8689991834353e-15
-7.554769941600	1.8486998470379e-14
-7.524790695800	1.5706998700397e-14
-7.494811450000	1.5150998746401e-14
-7.464832204200	1.8069998504882e-14
-7.434852958400	1.1258999068426e-14
-7.404873712600	1.4038998838408e-14
-7.374894466800	8.4789992984445e-15
-7.344915221000	8.8959992639417e-15
-7.314935975200	1.7374998562386e-14
-7.284956729400	1.7096998585388e-14
-7.254977483600	5.6989995284627e-15
-7.224998237800	1.2926998930415e-14
-7.195018992000	0.0000000000000e+00
-7.165039746200	7.0889994134536e-15
-7.135060500400	-7.4364993847013e-15
-7.105081254600	9.0349992524408e-16
-7.075102008800	6.6719994479563e-15
-7.045122763000	9.5214992121876e-15
-7.015143517200	3.6139997009763e-15
-6.985164271400	1.3204998907413e-15
-6.955185025600	-1.0563999125931e-14
-6.925205779800	-3.4054997182277e-15
-6.895226534000	-1.1814999022423e-14
-6.865247288200	-1.2301498982169e-14
-6.835268042400	-3.6834996952259e-15
-6.805288796600	-6.8109994364554e-15
-6.775309550800	-6.5329994594572e-15
-6.745330305000	-1.0911499097179e-14
-6.715351059200	-3.6834996952259e-15
-6.685371813400	2.0154998332368e-15
-6.655392567600	-1.0424999137432e-14
-6.625413321800	1.3552498878661e-15
-6.595434076000	-2.7799997699818e-16
-6.565454830200	4.1004996607231e-15
-6.535475584400	-1.1154749077052e-14
-6.505496338600	-1.7374998562386e-15
-6.475517092800	-1.6054498671645e-14
-6.445537847000	-7.6449993674499e-15
-6.415558601200	-2.5350122902521e-14
-6.385579355400	-1.9459998389873e-14
-6.355600109600	-1.3769686360691e-14
-6.325620863800	-8.5050617962880e-15
-6.295641618000	-1.9281904654608e-14
-6.265662372200	-2.4463997975840e-14
-6.235683126400	-1.5924186182427e-14
-6.205703880600	-1.0598749123056e-14
-6.175724634800	-1.9929123351057e-14
-6.145745389000	-1.9894373353932e-14
-6.115766143200	-1.4091123834095e-14
-6.085786897400	-1.1293749065551e-14
-6.055807651600	-1.9147248415750e-14
-6.025828405800	-2.1266998240361e-14
-5.995849160000	-7.6797493645747e-15
-5.965869914200	-1.1780249025298e-14
-5.935890668400	-2.1440748225985e-14
-5.905911422600	-1.3656748870036e-14
-5.875932176800	-6.4634994652077e-15
-5.845952931000	-6.3244994767086e-15
-5.815973685200	-9.6604992006867e-15
-5.785994439400	-1.6123998665894e-14
-5.756015193600	-1.2579498959168e-14
-5.726035947800	-1.7444498556636e-14
-5.696056702000	-2.0363498315117e-14
-5.666077456200	-2.0919498269113e-14
-5.636098210400	-1.2509998964918e-14
-5.606118964600	-4.3089996434718e-15
-5.576139718800	-1.8000498510632e-14
-5.546160473000	-2.2448498142603e-14
-5.516181227200	-8.3399993099454e-15
-5.486201981400	-9.7299991949363e-15
-5.456222735600	-6.1159994939599e-15
-5.426243489800	-1.4177998826907e-14
-5.396264244000	-4.7259996089690e-15
-5.366284998200	-6.6719994479563e-15
-5.336305752400	-9.8689991834353e-15
-5.306326506600	-1.1675999033924e-14
-5.276347260800	-1.0146999160434e-14
-5.246368015000	-1.1119999079927e-14
-5.216388769200	-1.1675999033924e-14
-5.186409523400	-6.3939994709581e-15
-5.156430277600	-2.7799997699818e-16
-5.126451031800	1.6679998619891e-15
-5.096471786000	-9.8689991834353e-15
-5.066492540200	-3.4749997124772e-15
-5.036513294400	-9.5909992064372e-15
-5.006534048600	-2.3073998090849e-14
-4.976554802800	-1.4872998769403e-14
-4.946575557000	-2.4880997941337e-14
-4.916596311200	-9.7299991949363e-15
-4.886617065400	-6.9499994249545e-16
-4.856637819600	-1.9459998389873e-15
-4.826658573800	-1.2509998964918e-14
-4.796679328000	1.0563999125931e-14
-4.766700082200	3.3359997239781e-15
-4.736720836400	9.4519992179381e-15
-4.706741590600	-1.3899998849909e-15
-4.676762344800	1.3899998849909e-14
-4.646783099000	4.5869996204699e-15
-4.616803853200	1.4872998769403e-14
-4.586824607400	4.3089996434718e-15
-4.556845361600	3.3359997239781e-15
-4.526866115800	2.2239998159854e-15
-4.496886870000	6.1159994939599e-15
-4.466907624200	5.2819995629654e-15
-4.436928378400	6.9499994249545e-15
-4.406949132600	3.8919996779745e-15
-4.376969886800	9.3129992294390e-15
-4.346990641000	-2.2239998159854e-15
-4.317011395200	8.3399993099454e-16
-4.287032149400	-4.1699996549727e-15
-4.257052903600	-5.5599995399636e-16
-4.227073657800	-6.5329994594572e-15
-4.197094412000	1.0146999160434e-14
-4.167115166200	3.0579997469800e-15
-4.137135920400	-1.3899998849909e-15
-4.107156674600	-6.9499994249545e-15
-4.077177428800	1.8069998504882e-14
-4.047198183000	1.1536999045424e-14
-4.017218937200	1.5289998734900e-14
-3.987239691400	1.1884499016672e-14
-3.957260445600	1.3413498890162e-14
-3.927281199800	3.8919996779745e-15
-3.897301954000	1.1814999022423e-14
-3.867322708200	7.5059993789508e-15
-3.837343462400	2.1683998205858e-14
-3.807364216600	1.1467499051175e-14
-3.777384970800	1.2092998999421e-14
-3.747405725000	8.6874992811931e-15
-3.717426479200	1.8139498499131e-14
-3.687447233400	4.9344995917177e-15
-3.657467987600	5.3862495543397e-15
-3.627488741800	4.5174996262204e-15
-3.597509496000	1.3517748881536e-14
-3.567530250200	1.5289998734900e-15
-3.537551004400	8.3747493070701e-15
-3.507571758600	9.0697492495656e-15
-3.477592512800	1.4247498821157e-14
-3.447613267000	3.2664997297286e-15
-3.417634021200	3.6139997009763e-15
-3.387654775400	5.0387495830920e-15
-3.357675529600	1.6879811103358e-14
-3.327696283800	1.4038998838408e-14
-3.297717038000	1.8780201571119e-14
-3.267737792200	2.1190982621650e-14
-3.237758546400	2.9407185066839e-14
-3.207779300600	1.8999560927969e-14
-3.177800054800	4.2481871485034e-14
-3.147820809000	6.0881994962601e-14
-3.117841563200	9.8359866861668e-14
-3.087862317400	1.5376873727712e-13
-3.057883071600	2.8585347634838e-13
-3.027903825800	4.8166971014647e-13
-2.997924580000	8.5464142928665e-13
-2.967945334200	1.5079413752324e-12
-2.937966088400	2.6707110290244e-12
-2.907986842600	4.6974698613296e-12
-2.878007596800	8.2246988194854e-12
-2.848028351000	1.4322975814912e-11
-2.818049105200	2.4853336943626e-11
-2.788069859400	4.2877048452337e-11
-2.758090613600	7.3608833909578e-11
-2.728111367800	1.2566690110227e-10
-2.698132122000	2.1340480584281e-10
-2.668152876200	3.6045240717603e-10
-2.638173630400	6.0557701039433e-10
-2.608194384600	1.0118736292772e-09
-2.578215138800	1.6817078323549e-09
-2.548235893000	2.7798864154912e-09
-2.518256647200	4.5704828773366e-09
-2.488277401400	7.4740654520931e-09
-2.458298155600	1.2156675589152e-08
-2.428318909800	1.9666886320255e-08
-2.398339664000	3.1646225932580e-08
-2.368360418200	5.0649610472232e-08
-2.338381172400	8.0630671725588e-08
-2.308401926600	1.2767222071535e-07
-2.278422680800	2.0107918994563e-07
-2.248443435000	3.1500310041353e-07
-2.218464189200	4.9084236901052e-07
-2.188484943400	7.6076651089490e-07
-2.158505697600	1.1728583075683e-06
-2.128526451800	1.7985698557747e-06
-2.098547206000	2.7434657169006e-06
-2.068567960200	4.1626047613425e-06
-2.038588714400	6.2824244602749e-06
-2.008609468600	9.4316780936305e-06
-1.978630222800	1.4084891364287e-05
-1.948650977000	2.0923012437910e-05
-1.918671731200	3.0917513252156e-05
-1.888692485400	4.5446253937313e-05
-1.858713239600	6.6452067495629e-05
-1.828733993800	9.6658394081073e-05
-1.798754748000	1.3986055572015e-04
-1.768775502200	2.0131659487313e-04
-1.738796256400	2.8826820694736e-04
-1.708817010600	4.1063039720375e-04
-1.678837764800	5.8189831820031e-04
-1.648858519000	8.2033152398877e-04
-1.618879273200	1.1504898351305e-03
-1.588900027400	1.6052113281389e-03
-1.558920781600	2.2281417865265e-03
-1.528941535800	3.0769463281655e-03
-1.498962290000	4.2273578005097e-03
-1.468983044200	5.7782426984718e-03
-1.439003798400	7.8578934075048e-03
-1.409024552600	1.0631784864593e-02
-1.379045306800	1.4312063345962e-02
-1.349066061000	1.9169063791798e-02
-1.319086815200	2.5545178281400e-02
-1.289107569400	3.3871420019130e-02
-1.259128323600	4.4687042159745e-02
-1.229149077800	5.8662576317452e-02
-1.199169832000	7.6626648699019e-02
-1.169190586200	9.9596909294171e-02
-1.139211340400	1.2881536817550e-01
-1.109232094600	1.6578836950105e-01
-1.079252848800	2.1233134534221e-01
-1.049273603000	2.7061837554852e-01
-1.019294357200	3.4323643484653e-01
-0.989315111400	4.3324403363950e-01
-0.959335865600	5.4423375524585e-01
-0.929356619800	6.8039796190387e-01
-0.899377374000	8.4659668892342e-01
-0.869398128200	1.0484264770224e+00
-0.839418882400	1.2922886153604e+00
-0.809439636600	1.5854549923380e+00
-0.779460390800	1.9361294900064e+00
-0.749481145000	2.3535026246646e+00
-0.719501899200	2.8477969457343e+00
-0.689522653400	3.4303005726691e+00
-0.659543407600	4.1133861905797e+00
-0.629564161800	4.9105128534662e+00
-0.599584916000	5.8362080714652e+00
-0.569605670200	6.9060278943648e+00
-0.539626424400	8.1364930529978e+00
-0.509647178600	9.5449996834547e+00
-0.479667932800	1.1149703731510e+01
-0.449688687000	1.2969378805641e+01
-0.419709441200	1.5023248000083e+01
-0.389730195400	1.7330791022387e+01
-0.359750949600	1.9911528805796e+01
-0.329771703800	2.2784788633979e+01
-0.299792458000	2.5969453620100e+01
-0.269813212200	2.9483701128082e+01
-0.239833966400	3.3344735366009e+01
-0.209854720600	3.7568519886788e+01
-0.179875474800	4.2169516070397e+01
-0.149896229000	4.7160433812188e+01
-0.119916983200	5.2552000586863e+01
-0.089937737400	5.8352754790720e+01
-0.059958491600	6.4568868787594e+01
-0.029979245800	7.1204006408219e+01
0.000000000000	7.8259218799543e+01
0.029979245800	8.5732881519254e+01
0.059958491600	9.3620674658232e+01
0.089937737400	1.0191560659197e+02
0.119916983200	1.1060808075694e+02
0.149896229000	1.1968600366628e+02
0.179875474800	1.2913493126654e+02
0.209854720600	1.3893824973603e+02
0.239833966400	1.4907738597211e+02
0.269813212200	1.5953204233905e+02
0.299792458000	1.7028044977100e+02
0.329771703800	1.8129963305749e+02
0.359750949600	1.9256568208419e+02
0.389730195400	2.0405402295168e+02
0.419709441200	2.1573968323435e+02
0.449688687000	2.2759754614661e+02
0.479667932800	2.3960258902584e+02
0.509647178600	2.5173010228733e+02
0.539626424400	2.6395588582095e+02
0.569605670200	2.7625642064658e+02
0.599584916000	2.8860901449120e+02
0.629564161800	3.0099192076357e+02
0.659543407600	3.1338443115559e+02
0.689522653400	3.2576694277039e+02
0.719501899200	3.3812100124986e+02
0.749481145000	3.5042932183740e+02
0.779460390800	3.6267579066146e+02
0.809439636600	3.7484544876100e+02
0.839418882400	3.8692446150184e+02
0.869398128200	3.9890007606083e+02
0.899377374000	4.1076056959620e+02
0.929356619800	4.2249519058959e+02
0.959335865600	4.3409409565546e+02
0.989315111400	4.4554828387982e+02
1.019294357200	4.5684953048943e+02
1.049273603000	4.6799032137711e+02
1.079252848800	4.7896378973135e+02
1.109232094600	4.8976365574904e+02
1.139211340400	5.0038417015750e+02
1.169190586200	5.1082006204143e+02
1.199169832000	5.2106649126681e+02
1.229149077800	5.3111900561917e+02
1.259128323600	5.4097350262863e+02
1.289107569400	5.5062619593841e+02
1.319086815200	5.6007358598489e+02
1.349066061000	5.6931243469416e+02
1.379045306800	5.7833974385855e+02
1.409024552600	5.8715273683423e+02
1.439003798400	5.9574884319421e+02
1.468983044200	6.0412568597652e+02
1.498962290000	6.1228107118260e+02
1.528941535800	6.2021297920259e+02
1.558920781600	6.2791955787052e+02
1.588900027400	6.3539911688137e+02
1.618879273200	6.4265012333133e+02
1.648858519000	6.4967119817225e+02
1.678837764800	6.5646111339935e+02
1.708817010600	6.6301878981739e+02
1.738796256400	6.6934329525447e+02
1.768775502200	6.7543384311435e+02
1.798754748000	6.8128979117667e+02
1.828733993800	6.8691064057122e+02
1.858713239600	6.9229603486622e+02
1.888692485400	6.9744575922256e+02
1.918671731200	7.0235973957577e+02
1.948650977000	7.0703804181575e+02
1.978630222800	7.1148087094097e+02
2.008609468600	7.1568857016910e+02
2.038588714400	7.1966161999067e+02
2.068567960200	7.2340063715554e+02
2.098547206000	7.2690637358489e+02
2.128526451800	7.3017971520330e+02
2.158505697600	7.3322168068751e+02
2.188484943400	7.3603342012945e+02
2.218464189200	7.3861621361223e+02
2.248443435000	7.4097146969853e+02
2.278422680800	7.4310072383139e+02
2.308401926600	7.4500563664795e+02
2.338381172400	7.4668799220683e+02
2.368360418200	7.4814969613033e+02
2.398339664000	7.4939277366276e+02
2.428318909800	7.5041936764633e+02
2.458298155600	7.5123173641615e+02
2.488277401400	7.5183225161624e+02
2.518256647200	7.5222339593818e+02
2.548235893000	7.5240776078444e+02
2.578215138800	7.5238804385830e+02
2.608194384600	7.5216704668246e+02
2.638173630400	7.5174767204839e+02
2.668152876200	7.5113292139867e+02
2.698132122000	7.5032589214445e+02
2.728111367800	7.4932977492043e+02
2.758090613600	7.4814785077956e+02
2.788069859400	7.4678348832986e+02
2.818049105200	7.4524014081586e+02
2.848028351000	7.4352134314700e+02
2.878007596800	7.4163070887553e+02
2.907986842600	7.3957192712645e+02
2.937966088400	7.3734875948202e+02
2.967945334200	7.3496503682346e+02
2.997924580000	7.3242465613248e+02
3.027903825800	7.2973157725518e+02
3.057883071600	7.2688981963119e+02
3.087862317400	7.2390345899059e+02
3.117841563200	7.2077662402130e+02
3.147820809000	7.1751349300995e+02
3.177800054800	7.1411829045857e+02
3.207779300600	7.1059528368021e+02
3.237758546400	7.0694877937617e+02
3.267737792200	7.0318312019750e+02
3.297717038000	6.9930268129371e+02
3.327696283800	6.9531186685150e+02
3.357675529600	6.9121510662618e+02
3.387654775400	6.8701685246865e+02
3.417634021200	6.8272157485082e+02
3.447613267000	6.7833375939206e+02
3.477592512800	6.7385790338974e+02
3.507571758600	6.6929851235630e+02
3.537551004400	6.6466009656597e+02
3.567530250200	6.5994716761357e+02
3.597509496000	6.5516423498833e+02
3.627488741800	6.5031580266540e+02
3.657467987600	6.4540636571763e+02
3.687447233400	6.4044040695046e+02
3.717426479200	6.3542239356244e+02
3.747405725000	6.3035677383402e+02
3.777384970800	6.2524797384726e+02
3.807364216600	6.2010039423888e+02
3.837343462400	6.1491840698934e+02
3.867322708200	6.0970635225029e+02
3.897301954000	6.0446853521288e+02
3.927281199800	5.9920922301942e+02
3.957260445600	5.9393264172058e+02
3.987239691400	5.8864297328061e+02
4.017218937200	5.8334435263279e+02
4.047198183000	5.7804086478731e+02
4.077177428800	5.7273654199380e+02
4.107156674600	5.6743536096063e+02
4.137135920400	5.6214124013302e+02
4.167115166200	5.5685803703202e+02
4.197094412000	5.5158954565630e+02
4.227073657800	5.4633949394866e+02
4.257052903600	5.4111154132909e+02
4.287032149400	5.3590927629621e+02
4.317011395200	5.3073621409874e+02
4.346990641000	5.2559579447878e+02
4.376969886800	5.2049137948832e+02
4.406949132600	5.1542625138070e+02
4.436928378400	5.1040361057834e+02
4.466907624200	5.0542657371823e+02
4.496886870000	5.0049817177645e+02
4.526866115800	4.9562134827296e+02
4.556845361600	4.9079895755796e+02
4.586824607400	4.8603376318078e+02
4.616803853200	4.8132843634247e+02
4.646783099000	4.7668555443299e+02
4.676762344800	4.7210759965388e+02
4.706741590600	4.6759695772733e+02
4.736720836400	4.6315591669229e+02
4.766700082200	4.5878666578831e+02
4.796679328000	4.5449129442776e+02
4.826658573800	4.5027179125692e+02
4.856637819600	4.4613004330633e+02
4.886617065400	4.4206783523088e+02
4.916596311200	4.3808684863978e+02
4.946575557000	4.3418866151677e+02
4.976554802800	4.3037474773061e+02
5.006534048600	4.2664647663594e+02
5.036513294400	4.2300511276450e+02
5.066492540200	4.1945181560657e+02
5.096471786000	4.1598763948257e+02
5.126451031800	4.1261353350439e+02
5.156430277600	4.0933034162636e+02
5.186409523400	4.0613880278524e+02
5.216388769200	4.0303955112892e+02
5.246368015000	4.0003311633321e+02
5.276347260800	3.9711992400610e+02
5.306326506600	3.9430029617885e+02
5.336305752400	3.9157445188307e+02
5.366284998200	3.8894250781309e+02
5.396264244000	3.8640447907249e+02
5.426243489800	3.8396028000412e+02
5.456222735600	3.8160972510225e+02
5.486201981400	3.7935253000605e+02
5.516181227200	3.7718831257294e+02
5.546160473000	3.7511659403081e+02
5.576139718800	3.7313680020768e+02
5.606118964600	3.7124826283742e+02
5.636098210400	3.6945022094021e+02
5.666077456200	3.6774182227621e+02
5.696056702000	3.6612212487077e+02
5.726035947800	3.6459009860988e+02
5.756015193600	3.6314462690384e+02
5.785994439400	3.6178450841776e+02
5.815973685200	3.6050845886693e+02
5.845952931000	3.5931511287535e+02
5.875932176800	3.5820302589551e+02
5.905911422600	3.5717067618756e+02
5.935890668400	3.5621646685587e+02
5.965869914200	3.5533872794106e+02
5.995849160000	3.5453571856535e+02
6.025828405800	3.5380562912932e+02
6.055807651600	3.5314658355778e+02
6.085786897400	3.5255664159278e+02
6.115766143200	3.5203380113144e+02
6.145745389000	3.5157600060648e+02
6.175724634800	3.5118112140716e+02
6.205703880600	3.5084699033836e+02
6.235683126400	3.5057138211556e+02
6.265662372200	3.5035202189329e+02
6.295641618000	3.5018658782483e+02
6.325620863800	3.5007271365075e+02
6.355600109600	3.5000799131383e+02
6.385579355400	3.4998997359814e+02
6.415558601200	3.5001617678970e+02
6.445537847000	3.5008408335645e+02
6.475517092800	3.5019114464493e+02
6.505496338600	3.5033478359147e+02
6.535475584400	3.5051239744519e+02
6.565454830200	3.5072136050057e+02
6.595434076000	3.5095902683708e+02
6.625413321800	3.5122273306340e+02
6.655392567600	3.5150980106385e+02
6.685371813400	3.5181754074455e+02
6.715351059200	3.5214325277688e+02
6.745330305000	3.5248423133599e+02
6.775309550800	3.5283776683165e+02
6.805288796600	3.5320114862941e+02
6.835268042400	3.5357166775938e+02
6.865247288200	3.5394661961054e+02
6.895226534000	3.5432330660808e+02
6.925205779800	3.5469904087155e+02
6.955185025600	3.5507114685147e+02
6.985164271400	3.5543696394225e+02
7.015143517200	3.5579384906905e+02
7.045122763000	3.5613917924649e+02
7.075102008800	3.5647035410705e+02
7.105081254600	3.5678479839688e+02
7.135060500400	3.5707996443715e+02
7.165039746200	3.5735333454865e+02
7.195018992000	3.5760242343785e+02
7.224998237800	3.5782478054218e+02
7.254977483600	3.5801799233281e+02
7.284956729400	3.5817968457297e+02
7.314935975200	3.5830752452988e+02
7.344915221000	3.5839922313862e+02
7.374894466800	3.5845253711605e+02
7.404873712600	3.5846527102318e+02
7.434852958400	3.5843527927435e+02
7.464832204200	3.5836046809145e+02
7.494811450000	3.5823879740186e+02
7.524790695800	3.5806828267847e+02
7.554769941600	3.5784699672037e+02
7.584749187400	3.5757307137287e+02
7.614728433200	3.5724469918548e+02
7.644707679000	3.5686013500665e+02
7.674686924800	3.5641769751398e+02
7.704666170600	3.5591577067881e+02
7.734645416400	3.5535280516421e+02
7.764624662200	3.5472731965508e+02
7.794603908000	3.5403790211976e+02
7.824583153800	3.5328321100194e+02
7.854562399600	3.5246197634228e+02
7.884541645400	3.5157300082887e+02
7.914520891200	3.5061516077581e+02
7.944500137000	3.4958740702940e+02
7.974479382800	3.4848876580125e+02
8.004458628600	3.4731833942790e+02
8.034437874400	3.4607530705652e+02
8.064417120200	3.4475892525626e+02
8.094396366000	3.4336852855506e+02
8.124375611800	3.4190352990157e+02
8.154354857600	3.4036342105220e+02
8.184334103400	3.3874777288298e+02
8.214313349200	3.3705623562645e+02
8.244292595000	3.3528853903343e+02
8.274271840800	3.3344449245986e+02
8.304251086600	3.3152398487896e+02
8.334230332400	3.2952698481875e+02
8.364209578200	3.2745354022552e+02
8.394188824000	3.2530377825335e+02
8.424168069800	3.2307790498034e+02
8.454147315600	3.2077620505187e+02
8.484126561400	3.1839904125162e+02
8.514105807200	3.1594685400089e+02
8.544085053000	3.1342016078693e+02
8.574064298800	3.1081955552099e+02
8.604043544600	3.0814570782706e+02
8.634022790400	3.0539936226196e+02
8.664002036200	3.0258133746791e+02
8.693981282000	2.9969252525837e+02
8.723960527800	2.9673388963847e+02
8.753939773600	2.9370646576080e+02
8.783919019400	2.9061135881805e+02
8.813898265200	2.8744974287345e+02
8.843877511000	2.8422285963040e+02
8.873856756800	2.8093201714262e+02
8.903836002600	2.7757858846613e+02
8.933815248400	2.7416401025445e+02
8.963794494200	2.7068978129854e+02
8.993773740000	2.6715746101300e+02
9.023752985800	2.6356866786999e+02
9.053732231600	2.5992507778250e+02
9.083711477400	2.5622842243862e+02
9.113690723200	2.5248048758851e+02
9.143669969000	2.4868311128567e+02
9.173649214800	2.4483818208434e+02
9.203628460600	2.4094763719478e+02
9.233607706400	2.3701346059825e+02
9.263586952200	2.3303768112355e+02
9.293566198000	2.2902237048687e+02
9.323545443800	2.2496964129706e+02
9.353524689600	2.2088164502803e+02
9.383503935400	2.1676056996035e+02
9.413483181200	2.1260863909400e+02
9.443462427000	2.0842810803424e+02
9.473441672800	2.0422126285255e+02
9.503420918600	1.9999041792483e+02
9.533400164400	1.9573791374869e+02
9.563379410200	1.9146611474202e+02
9.593358656000	1.8717740702490e+02
9.623337901800	1.8287419618679e+02
9.653317147600	1.7855890504126e+02
9.683296393400	1.7423397137015e+02
9.713275639200	1.6990184565947e+02
9.743254885000	1.6556498882884e+02
9.773234130800	1.6122586995687e+02
9.803213376600	1.5688696400431e+02
9.833192622400	1.5255074953717e+02
9.863171868200	1.4821970645187e+02
9.893151114000	1.4389631370446e+02
9.923130359800	1.3958304704602e+02
9.953109605600	1.3528237676617e+02
9.983088851400	1.3099676544686e+02
10.013068097200	1.2672866572837e+02
10.043047343000	1.2248051808950e+02
10.073026588800	1.1825474864401e+02
10.103005834600	1.1405376695521e+02
10.132985080400	1.0987996387064e+02
10.162964326200	1.0573570937875e+02
10.192943572000	1.0162335048951e+02
10.222922817800	9.7545209140750e+01
10.252902063600	9.3503580132111e+01
10.282881309400	8.9500729088351e+01
10.312860555200	8.5538890453839e+01
10.342839801000	8.1620265519927e+01
10.372819046800	7.7747020486915e+01
10.402798292600	7.3921284562268e+01
10.432777538400	7.0145148096723e+01
10.462756784200	6.6420660759858e+01
10.492736030000	6.2749829756675e+01
10.522715275800	5.9134618086712e+01
10.552694521600	5.5576942847120e+01
10.582673767400	5.2078673581162e+01
10.612653013200	4.8641630673462e+01
10.642632259000	4.5267583793368e+01
10.672611504800	4.1958250387685e+01
10.702590750600	3.8715294224016e+01
10.732569996400	3.5540323985890e+01
10.762549242200	3.2434891920812e+01
10.792528488000	2.9400492542303e+01
10.822507733800	2.6438561386969e+01
10.852486979600	2.3550473827570e+01
10.882466225400	2.0737543942998e+01
10.912445471200	1.8001023446047e+01
10.942424717000	1.5342100669780e+01
10.972403962800	1.2761899613237e+01
11.002383208600	1.0261479047205e+01
11.032362454400	7.8418316806755e+00
11.062341700200	5.5038833885810e+00
11.092320946000	3.2484925013444e+00
11.122300191800	1.0764491567059e+00
11.152279437600	-1.0115252857570e+00
11.182258683400	-3.0147787670599e+00
11.212237929200	-4.9327289878964e+00
11.242217175000	-6.7648638041391e+00
11.272196420800	-8.5107415585757e+00
11.302175666600	-1.0169991348758e+01
11.332154912400	-1.1742313230900e+01
11.362134158200	-1.3227478359825e+01
11.392113404000	-1.4625329065002e+01
11.422092649800	-1.5935778862794e+01
11.452071895600	-1.7158812405085e+01
11.482051141400	-1.8294485364502e+01
11.512030387200	-1.9342924256521e+01
11.542009633000	-2.0304326198802e+01
11.571988878800	-2.1178958608128e+01
11.601968124600	-2.1967158835423e+01
11.631947370400	-2.2669333739333e+01
11.661926616200	-2.3285959198943e+01
11.691905862000	-2.3817579566233e+01
11.721885107800	-2.4264807058948e+01
11.751864353600	-2.4628321094593e+01
11.781843599400	-2.4908867566328e+01
11.811822845200	-2.5107258061573e+01
11.841802091000	-2.5224369024204e+01
11.871781336800	-2.5261140861254e+01
11.901760582600	-2.5218576995077e+01
11.931739828400	-2.5097742862002e+01
11.961719074200	-2.4899764858518e+01
11.991698320000	-2.4625829236109e+01
12.021677565800	-2.4277180945871e+01
12.051656811600	-2.3855122434108e+01
12.081636057400	-2.3361012390131e+01
12.111615303200	-2.2796264447531e+01
12.141594549000	-2.2162345840230e+01
12.171573794800	-2.1460776014664e+01
12.201553040600	-2.0693125199461e+01
12.231532286400	-1.9861012934042e+01
12.261511532200	-1.8966106557597e+01
12.291490778000	-1.8010119659892e+01
12.321470023800	-1.6994810495443e+01
12.351449269600	-1.5921980362585e+01
12.381428515400	-1.4793471948989e+01
12.411407761200	-1.3611167645242e+01
12.441387007000	-1.2376987828085e+01
12.471366252800	-1.1092889114961e+01
12.501345498600	-9.7608625915180e+00
12.531324744400	-8.3829320137644e+00
12.561303990200	-6.9611519865532e+00
12.591283236000	-5.4976061201225e+00
12.621262481800	-3.9944051664141e+00
12.651241727600	-2.4536851369109e+00
12.681220973400	-8.7760540374573e-01
12.711200219200	7.3165321415540e-01
12.741179465000	2.3718903781274e+00
12.771158710800	4.0408881682397e+00
12.801137956600	5.7364130314085e+00
12.831117202400	7.4562177373627e+00
12.861096448200	9.1980433406771e+00
12.891075694000	1.0959621147087e+01
12.921054939800	1.2738674682302e+01
12.951034185600	1.4532921661528e+01
12.981013431400	1.6340075957941e+01
13.010992677200	1.8157849568316e+01
13.040971923000	1.9983954574078e+01
13.070951168800	2.1816105095998e+01
13.100930414600	2.3652019240815e+01
13.130909660400	2.5489421038036e+01
13.160888906200	2.7326042365223e+01
13.190868152000	2.9159624860048e+01
13.220847397800	3.0987921817454e+01
13.250826643600	3.2808700070249e+01
13.280805889400	3.4619741851500e+01
13.310785135200	3.6418846637110e+01
13.340764381000	3.8203832966971e+01
13.370743626800	3.9972540243138e+01
13.400722872600	4.1722830503469e+01
13.430702118400	4.3452590169222e+01
13.460681364200	4.5159731765110e+01
13.490660610000	4.6842195610366e+01
13.520639855800	4.8497951479390e+01
13.550619101600	5.0125000230575e+01
13.580598347400	5.1721375401958e+01
13.610577593200	5.3285144772376e+01
13.640556839000	5.4814411886817e+01
13.670536084800	5.6307317544736e+01
13.700515330600	5.7762041250104e+01
13.730494576400	5.9176802622023e+01
13.760473822200	6.0549862764762e+01
13.790453068000	6.1879525596134e+01
13.820432313800	6.3164139133140e+01
13.850411559600	6.4402096733886e+01
13.880390805400	6.5591838294797e+01
13.910370051200	6.6731851402206e+01
13.940349297000	6.7820672437444e+01
13.970328542800	6.8856887634587e+01
14.000307788600	6.9839134090090e+01
14.030287034400	7.0766100723550e+01
14.060266280200	7.1636529188922e+01
14.090245526000	7.2449214735525e+01
14.120224771800	7.3203007018263e+01
14.150204017600	7.3896810856498e+01
14.180183263400	7.4529586941069e+01
14.210162509200	7.5100352489037e+01
14.240141755000	7.5608181845722e+01
14.270121000800	7.6052207033702e+01
14.300100246600	7.6431618248467e+01
14.330079492400	7.6745664300483e+01
14.360058738200	7.6993653003453e+01
14.390037984000	7.7174951508644e+01
14.420017229800	7.7288986585159e+01
14.449996475600	7.7335244846126e+01
14.479975721400	7.7313272920783e+01
14.509954967200	7.7222677572524e+01
14.539934213000	7.7063125763000e+01
14.569913458800	7.6834344662426e+01
14.599892704600	7.6536121606282e+01
14.629871950400	7.6168303998677e+01
14.659851196200	7.5730799162642e+01
14.689830442000	7.5223574137718e+01
14.719809687800	7.4646655425221e+01
14.749788933600	7.4000128681618e+01
14.779768179400	7.3284138360500e+01
14.809747425200	7.2498887303686e+01
14.839726671000	7.1644636282023e+01
14.869705916800	7.0721703486513e+01
14.899685162600	6.9730463970415e+01
14.929664408400	6.8671349043037e+01
14.959643654200	6.7544845615971e+01
14.989622900000	6.6351495502545e+01
15.019602145800	6.5091894671328e+01
15.049581391600	6.3766692454566e+01
15.079560637400	6.2376590712447e+01
15.109539883200	6.0922342954135e+01
15.139519129000	5.9404753416573e+01
15.169498374800	5.7824676102053e+01
15.199477620600	5.6183013775625e+01
15.229456866400	5.4480716923407e+01
15.259436112200	5.2718782672936e+01
15.289415358000	5.0898253676699e+01
15.319394603800	4.9020216960022e+01
15.349373849600	4.7085802734528e+01
15.379353095400	4.5096183178400e+01
15.409332341200	4.3052571184712e+01
15.439311587000	4.0956219079107e+01
15.469290832800	3.8808417308149e+01
15.499270078600	3.6610493099663e+01
15.529249324400	3.4363809096433e+01
15.559228570200	3.2069761964627e+01
15.589207816000	2.9729780978339e+01
15.619187061800	2.7345326581663e+01
15.649166307600	2.4917888929726e+01
15.679145553400	2.2448986410107e+01
15.709124799200	1.9940164146122e+01
15.739104045000	1.7392992483408e+01
15.769083290800	1.4809065461306e+01
15.799062536600	1.2189999270516e+01
15.829041782400	9.5374306985149e+00
15.859021028200	6.8530155642364e+00
15.889000274000	4.1384271435167e+00
15.918979519800	1.3953545868070e+00
15.948958765600	-1.3744986693398e+00
15.978938011400	-4.1694164955003e+00
16.008917257200	-6.9876716658258e+00
16.038896503000	-9.8275274561973e+00
16.068875748800	-1.2687239242593e+01
16.098854994600	-1.5565056098175e+01
16.128834240400	-1.8459222387604e+01
16.158813486200	-2.1367979357109e+01
16.188792732000	-2.4289566718846e+01
16.218771977800	-2.7222224228072e+01
16.248751223600	-3.0164193251707e+01
16.278730469400	-3.3113718326841e+01
16.308709715200	-3.6069048707770e+01
16.338688961000	-3.9028439900159e+01
16.368668206800	-4.1990155180951e+01
16.398647452600	-4.4952467102655e+01
16.428626698400	-4.7913658980658e+01
16.458605944200	-5.0872026362260e+01
16.488585190000	-5.3825878476100e+01
16.518564435800	-5.6773539660710e+01
16.548543681600	-5.9713350770951e+01
16.578522927400	-6.2643670561077e+01
16.608502173200	-6.5562877043249e+01
16.638481419000	-6.8469368820309e+01
16.668460664800	-7.1361566391672e+01
16.698439910600	-7.4237913431229e+01
16.728419156400	-7.7096878036158e+01
16.758398402200	-7.9936953945604e+01
16.788377648000	-8.2756661728197e+01
16.818356893800	-8.5554549937432e+01
16.848336139600	-8.8329196233937e+01
16.878315385400	-9.1079208473736e+01
16.908294631200	-9.3803225761597e+01
16.938273877000	-9.6499919468641e+01
16.968253122800	-9.9167994213384e+01
16.998232368600	-1.0180618880546e+02
17.028211614400	-1.0441327715127e+02
17.058190860200	-1.0698806912087e+02
17.088170106000	-1.0952941137545e+02
17.118149351800	-1.1203618815482e+02
17.148128597600	-1.1450732202421e+02
17.178107843400	-1.1694177457998e+02
17.208087089200	-1.1933854711375e+02
17.238066335000	-1.2169668123435e+02
17.268045580800	-1.2401525944734e+02
17.298024826600	-1.2629340569168e+02
17.328004072400	-1.2853028583315e+02
17.357983318200	-1.3072510811439e+02
17.387962564000	-1.3287712356116e+02
17.417941809800	-1.3498562634474e+02
17.447921055600	-1.3704995410026e+02
17.477900301400	-1.3906948820087e+02
17.507879547200	-1.4104365398763e+02
17.537858793000	-1.4297192095515e+02
17.567838038800	-1.4485380289303e+02
17.597817284600	-1.4668885798304e+02
17.627796530400	-1.4847668885223e+02
17.657775776200	-1.5021694258208e+02
17.687755022000	-1.5190931067391e+02
17.717734267800	-1.5355352897071e+02
17.747713513600	-1.5514937753571e+02
17.777692759400	-1.5669668048800e+02
17.807672005200	-1.5819530579548e+02
17.837651251000	-1.5964516502561e+02
17.867630496800	-1.6104621305433e+02
17.897609742600	-1.6239844773362e+02
17.927588988400	-1.6370190951828e+02
17.957568234200	-1.6495668105227e+02
17.987547480000	-1.6616288671547e+02
18.017526725800	-1.6732069213124e+02
18.047505971600	-1.6843030363549e+02
18.077485217400	-1.6949196770803e+02
18.107464463200	-1.7050597036682e+02
18.137443709000	-1.7147263652584e+02
18.167422954800	-1.7239232931758e+02
18.197402200600	-1.7326544938058e+02
18.227381446400	-1.7409243411332e+02
18.257360692200	-1.7487375689492e+02
18.287339938000	-1.7560992627386e+02
18.317319183800	-1.7630148512546e+02
18.347298429600	-1.7694900977916e+02
18.377277675400	-1.7755310911655e+02
18.407256921200	-1.7811442364126e+02
18.437236167000	-1.7863362452152e+02
18.467215412800	-1.7911141260670e+02
18.497194658600	-1.7954851741869e+02
18.527173904400	-1.7994569611944e+02
18.557153150200	-1.8030373245547e+02
18.587132396000	-1.8062343568086e+02
18.617111641800	-1.8090563945950e+02
18.647090887600	-1.8115120074807e+02
18.677070133400	-1.8136099866071e+02
18.707049379200	-1.8153593331673e+02
18.737028625000	-1.8167692467247e+02
18.767007870800	-1.8178491133859e+02
18.796987116600	-1.8186084938395e+02
18.826966362400	-1.8190571112740e+02
18.856945608200	-1.8192048391867e+02
18.886924854000	-1.8190616890963e+02
18.916904099800	-1.8186377981716e+02
18.946883345600	-1.8179434167892e+02
18.976862591400	-1.8169888960324e+02
19.006841837200	-1.8157846751444e+02
19.036821083000	-1.8143412689483e+02
19.066800328800	-1.8126692552464e+02
19.096779574600	-1.8107792622111e+02
19.126758820400	-1.8086819557811e+02
19.156738066200	-1.8063880270740e+02
19.186717312000	-1.8039081798290e+02
19.216696557800	-1.8012531178910e+02
19.246675803600	-1.7984335327496e+02
19.276655049400	-1.7954600911443e+02
19.306634295200	-1.7923434227480e+02
19.336613541000	-1.7890941079419e+02
19.366592786800	-1.7857226656921e+02
19.396572032600	-1.7822395415411e+02
19.426551278400	-1.7786550957247e+02
19.456530524200	-1.7749795914265e+02
19.486509770000	-1.7712231831804e+02
19.516489015800	-1.7673959054334e+02
19.546468261600	-1.7635076612782e+02
19.576447507400	-1.7595682113675e+02
19.606426753200	-1.7555871630194e+02
19.636405999000	-1.7515739595254e+02
19.666385244800	-1.7475378696694e+02
19.696364490600	-1.7434879774691e+02
19.726343736400	-1.7394331721484e+02
19.756322982200	-1.7353821383502e+02
19.786302228000	-1.7313433465985e+02
19.816281473800	-1.7273250440197e+02
19.846260719600	-1.7233352453292e+02
19.876239965400	-1.7193817240941e+02
19.906219211200	-1.7154720042783e+02
19.936198457000	-1.7116133520773e+02
19.966177702800	-1.7078127680520e+02
19.996156948600	-1.7040769795656e+02
20.026136194400	-1.7004124335329e+02
20.056115440200	-1.6968252894867e+02
20.086094686000	-1.6933214129675e+02
20.116073931800	-1.6899063692429e+02
20.146053177600	-1.6865854173613e+02
20.176032423400	-1.6833635045450e+02
20.206011669200	-1.6802452609274e+02
20.235990915000	-1.6772349946391e+02
20.265970160800	-1.6743366872455e+02
20.295949406600	-1.6715539895411e+02
20.325928652400	-1.6688902177023e+02
20.355907898200	-1.6663483498026e+02
20.385887144000	-1.6639310226918e+02
20.415866389800	-1.6616405292422e+02
20.445845635600	-1.6594788159629e+02
20.475824881400	-1.6574474809840e+02
20.505804127200	-1.6555477724110e+02
20.535783373000	-1.6537805870518e+02
20.565762618800	-1.6521464695138e+02
20.595741864600	-1.6506456116743e+02
20.625721110400	-1.6492778525209e+02
20.655700356200	-1.6480426783632e+02
20.685679602000	-1.6469392234132e+02
20.715658847800	-1.6459662707342e+02
20.745638093600	-1.6451222535545e+02
20.775617339400	-1.6444052569464e+02
20.805596585200	-1.6438130198652e+02
20.835575831000	-1.6433429375470e+02
20.865555076800	-1.6429920642614e+02
20.895534322600	-1.6427571164157e+02
20.925513568400	-1.6426344760071e+02
20.955492814200	-1.6426201944172e+02
20.985472060000	-1.6427099965465e+02
21.015451305800	-1.6428992852823e+02
21.045430551600	-1.6431831462945e+02
21.075409797400	-1.6435563531564e+02
21.105389043200	-1.6440133727811e+02
21.135368289000	-1.6445483711705e+02
21.165347534800	-1.6451552194686e+02
21.195326780600	-1.6458275003138e+02
21.225306026400	-1.6465585144814e+02
21.255285272200	-1.6473412878119e+02
21.285264518000	-1.6481685784148e+02
21.315243763800	-1.6490328841419e+02
21.345223009600	-1.6499264503225e+02
21.375202255400	-1.6508412777499e+02
21.405181501200	-1.6517691309146e+02
21.435160747000	-1.6527015464717e+02
21.465139992800	-1.6536298419367e+02
21.495119238600	-1.6545451245990e+02
21.525098484400	-1.6554383006447e+02
21.555077730200	-1.6563000844785e+02
21.585056976000	-1.6571210082368e+02
21.615036221800	-1.6578914314801e+02
21.645015467600	-1.6586015510567e+02
21.674994713400	-1.6592414111268e+02
21.704973959200	-1.6598009133376e+02
21.734953205000	-1.6602698271377e+02
21.764932450800	-1.6606378002224e+02
21.794911696600	-1.6608943690987e+02
21.824890942400	-1.6610289697581e+02
21.854870188200	-1.6610309484492e+02
21.884849434000	-1.6608895725376e+02
21.914828679800	-1.6605940414429e+02
21.944807925600	-1.6601334976418e+02
21.974787171400	-1.6594970377271e+02
22.004766417200	-1.6586737235115e+02
22.034745663000	-1.6576525931651e+02
22.064724908800	-1.6564226723759e+02
22.094704154600	-1.6549729855228e+02
22.124683400400	-1.6532925668502e+02
22.154662646200	-1.6513704716329e+02
22.184641892000	-1.6491957873211e+02
22.214621137800	-1.6467576446550e+02
22.244600383600	-1.6440452287376e+02
22.274579629400	-1.6410477900561e+02
22.304558875200	-1.6377546554402e+02
22.334538121000	-1.6341552389487e+02
22.364517366800	-1.6302390526720e+02
22.394496612600	-1.6259957174422e+02
22.424475858400	-1.6214149734394e+02
22.454455104200	-1.6164866906853e+02
22.484434350000	-1.6112008794134e+02
22.514413595800	-1.6055477003065e+02
22.544392841600	-1.5995174745930e+02
22.574372087400	-1.5931006939904e+02
22.604351333200	-1.5862880304896e+02
22.634330579000	-1.5790703459682e+02
22.664309824800	-1.5714387016271e+02
22.694289070600	-1.5633843672389e+02
22.724268316400	-1.5548988302014e+02
22.754247562200	-1.5459738043879e+02
22.784226808000	-1.5366012387860e+02
22.814206053800	-1.5267733259171e+02
22.844185299600	-1.5164825100292e+02
22.874164545400	-1.5057214950564e+02
22.904143791200	-1.4944832523373e+02
22.934123037000	-1.4827610280851e+02
22.964102282800	-1.4705483506052e+02
22.994081528600	-1.4578390372506e+02
23.024060774400	-1.4446272011128e+02
23.054040020200	-1.4309072574394e+02
23.084019266000	-1.4166739297753e+02
23.113998511800	-1.4019222558208e+02
23.143977757600	-1.3866475930029e+02
23.173957003400	-1.3708456237543e+02
23.203936249200	-1.3545123604967e+02
23.233915495000	-1.3376441503238e+02
23.263894740800	-1.3202376793807e+02
23.293873986600	-1.3022899769364e+02
23.323853232400	-1.2837984191461e+02
23.353832478200	-1.2647607325002e+02
23.383811724000	-1.2451749969591e+02
23.413790969800	-1.2250396487698e+02
23.443770215600	-1.2043534829634e+02
23.473749461400	-1.1831156555323e+02
23.503728707200	-1.1613256852852e+02
23.533707953000	-1.1389834553797e+02
23.563687198800	-1.1160892145312e+02
23.593666444600	-1.0926435778984e+02
23.623645690400	-1.0686475276456e+02
23.653624936200	-1.0441024131819e+02
23.683604182000	-1.0190099510772e+02
23.713583427800	-9.9337222465789e+01
23.743562673600	-9.6719168328161e+01
23.773541919400	-9.4047114129380e+01
23.803521165200	-9.1321377666752e+01
23.833500411000	-8.8542312932878e+01
23.863479656800	-8.5710309916998e+01
23.893458902600	-8.2825794375404e+01
23.923438148400	-7.9889227571252e+01
23.953417394200	-7.6901105984084e+01
23.983396640000	-7.3861960989437e+01
24.013375885800	-7.0772358508926e+01
24.043355131600	-6.7632898631214e+01
24.073334377400	-6.4444215204313e+01
24.103313623200	-6.1206975399689e+01
24.133292869000	-5.7921879248660e+01
24.163272114800	-5.4589659151610e+01
24.193251360600	-5.1211079360553e+01
24.223230606400	-4.7786935435631e+01
24.253209852200	-4.4318053676118e+01
24.283189098000	-4.0805290526551e+01
24.313168343800	-3.7249531958619e+01
24.343147589600	-3.3651692829466e+01
24.373126835400	-3.0012716217078e+01
24.403106081200	-2.6333572733452e+01
24.433085327000	-2.2615259816264e+01
24.463064572800	-1.8858800999748e+01
24.493043818600	-1.5065245165559e+01
24.523023064400	-1.1235665774362e+01
24.553002310200	-7.3711600789425e+00
24.582981556000	-3.4728483196211e+00
24.612960801800	4.5812709721551e-01
24.642940047600	4.4206024366438e+00
24.672919293400	8.4133934879635e+00
24.702898539200	1.2435296431842e+01
24.732877785000	1.6485088720990e+01
24.762857030800	2.0561529973501e+01
24.792836276600	2.4663362877986e+01
24.822815522400	2.8789314109617e+01
24.852794768200	3.2938095256197e+01
24.882774014000	3.7108403753362e+01
24.912753259800	4.1298923828007e+01
24.942732505600	4.5508327449053e+01
24.972711751400	4.9735275284625e+01
25.002690997200	5.3978417664752e+01
25.032670243000	5.8236395548667e+01
25.062649488800	6.2507841495805e+01
25.092628734600	6.6791380639580e+01
25.122607980400	7.1085631663042e+01
25.152587226200	7.5389207775498e+01
25.182566472000	7.9700717689199e+01
25.212545717800	8.4018766595198e+01
25.242524963600	8.8341957137464e+01
25.272504209400	9.2668890384399e+01
25.302483455200	9.6998166796828e+01
25.332462701000	1.0132838719164e+02
25.362441946800	1.0565815370015e+02
25.392421192600	1.0998607072040e+02
25.422400438400	1.1431074586250e+02
25.452379684200	1.1863079088613e+02
25.482358930000	1.2294482262953e+02
25.512338175800	1.2725146392896e+02
25.542317421600	1.3154934452800e+02
25.572296667400	1.3583710197581e+02
25.602275913200	1.4011338251364e+02
25.632255159000	1.4437684194871e+02
25.662234404800	1.4862614651491e+02
25.692213650600	1.5285997371944e+02
25.722192896400	1.5707701317471e+02
25.752172142200	1.6127596741490e+02
25.782151388000	1.6545555269636e+02
25.812130633800	1.6961449978139e+02
25.842109879600	1.7375155470452e+02
25.872089125400	1.7786547952097e+02
25.902068371200	1.8195505303641e+02
25.932047617000	1.8601907151768e+02
25.962026862800	1.9005634938377e+02
25.992006108600	1.9406571987663e+02
26.021985354400	1.9804603571123e+02
26.051964600200	2.0199616970449e+02
26.081943846000	2.0591501538246e+02
26.111923091800	2.0980148756553e+02
26.141902337600	2.1365452293107e+02
26.171881583400	2.1747308055323e+02
26.201860829200	2.2125614241946e+02
26.231840075000	2.2500271392356e+02
26.261819320800	2.2871182433470e+02
26.291798566600	2.3238252724243e+02
26.321777812400	2.3601390097714e+02
26.351757058200	2.3960504900598e+02
26.381736304000	2.4315510030380e+02
26.411715549800	2.4666320969912e+02
26.441694795600	2.5012855819492e+02
26.471674041400	2.5355035326403e+02
26.501653287200	2.5692782911916e+02
26.531632533000	2.6026024695738e+02
26.561611778800	2.6354689517907e+02
26.591591024600	2.6678708958131e+02
26.621570270400	2.6998017352560e+02
26.651549516200	2.7312551808016e+02
26.681528762000	2.7622252213666e+02
26.711508007800	2.7927061250151e+02
26.741487253600	2.8226924396191e+02
26.771466499400	2.8521789932663e+02
26.801445745200	2.8811608944188e+02
26.831424991000	2.9096335318219e+02
26.861404236800	2.9375925741672e+02
26.891383482600	2.9650339695118e+02
26.921362728400	2.9919539444550e+02
26.951341974200	3.0183490030767e+02
26.981321220000	3.0442159256395e+02
27.011300465800	3.0695517670580e+02
27.041279711600	3.0943538551391e+02
27.071258957400	3.1186197885962e+02
27.101238203200	3.1423474348417e+02
27.131217449000	3.1655349275614e+02
27.161196694800	3.1881806640761e+02
27.191175940600	3.2102833024930e+02
27.221155186400	3.2318417586532e+02
27.251134432200	3.2528552028801e+02
27.281113678000	3.2733230565318e+02
27.311092923800	3.2932449883653e+02
27.341072169600	3.3126209107162e+02
27.371051415400	3.3314509754993e+02
27.401030661200	3.3497355700368e+02
27.431009907000	3.3674753127195e+02
27.460989152800	3.3846710485062e+02
27.490968398600	3.4013238442685e+02
27.520947644400	3.4174349839868e+02
27.550926890200	3.4330059638030e+02
27.580906136000	3.4480384869384e+02
27.610885381800	3.4625344584804e+02
27.640864627600	3.4764959800479e+02
27.670843873400	3.4899253443397e+02
27.700823119200	3.5028250295733e+02
27.730802365000	3.5151976938223e+02
27.760781610800	3.5270461692573e+02
27.790760856600	3.5383734562987e+02
27.820740102400	3.5491827176885e+02
27.850719348200	3.5594772724877e+02
27.880698594000	3.5692605900061e+02
27.910677839800	3.5785362836729e+02
27.940657085600	3.5873081048546e+02
27.970636331400	3.5955799366267e+02
28.000615577200	3.6033557875086e+02
28.030594823000	3.6106397851657e+02
28.060574068800	3.6174361700898e+02
28.090553314600	3.6237492892611e+02
28.120532560400	3.6295835898019e+02
28.150511806200	3.6349436126281e+02
28.180491052000	3.6398339861049e+02
28.210470297800	3.6442594197151e+02
28.240449543600	3.6482246977462e+02
28.270428789400	3.6517346730029e+02
28.300408035200	3.6547942605534e+02
28.330387281000	3.6574084315140e+02
28.360366526800	3.6595822068809e+02
28.390345772600	3.6613206514145e+02
28.420325018400	3.6626288675831e+02
28.450304264200	3.6635119895729e+02
28.480283510000	3.6639751773689e+02
28.510262755800	3.6640236109156e+02
28.540242001600	3.6636624843614e+02
28.570221247400	3.6628970003928e+02
28.600200493200	3.6617323646656e+02
28.630179739000	3.6601737803375e+02
28.660158984800	3.6582264427079e+02
28.690138230600	3.6558955339701e+02
28.720117476400	3.6531862180821e+02
28.750096722200	3.6501036357594e+02
28.780075968000	3.6466528995960e+02
28.810055213800	3.6428390893178e+02
28.840034459600	3.6386672471728e+02
28.870013705400	3.6341423734625e+02
28.899992951200	3.6292694222188e+02
28.929972197000	3.6240532970307e+02
28.959951442800	3.6184988470232e+02
28.989930688600	3.6126108629937e+02
29.019909934400	3.6063940737083e+02
29.049889180200	3.5998531423609e+02
29.079868426000	3.5929926631992e+02
29.109847671800	3.5858171583189e+02
29.139826917600	3.5783310746298e+02
29.169806163400	3.5705387809959e+02
29.199785409200	3.5624445655506e+02
29.229764655000	3.5540526331906e+02
29.259743900800	3.5453671032486e+02
29.289723146600	3.5363920073473e+02
29.319702392400	3.5271312874354e+02
29.349681638200	3.5175887940064e+02
29.379660884000	3.5077682845025e+02
29.409640129800	3.4976734219014e+02
29.439619375600	3.4873077734892e+02
29.469598621400	3.4766748098176e+02
29.499577867200	3.4657779038468e+02
29.529557113000	3.4546203302717e+02
29.559536358800	3.4432052650333e+02
29.589515604600	3.4315357850128e+02
29.619494850400	3.4196148679081e+02
29.649474096200	3.4074453922917e+02
29.679453342000	3.3950301378478e+02
29.709432587800	3.3823717857880e+02
29.739411833600	3.3694729194429e+02
29.769391079400	3.3563360250286e+02
29.799370325200	3.3429634925846e+02
29.829349571000	3.3293576170813e+02
29.859328816800	3.3155205996953e+02
29.889308062600	3.3014545492482e+02
29.919287308400	3.2871614838065e+02
29.949266554200	3.2726433324400e+02
29.979245800000	3.2579019371347e+02
30.009225045800	3.2429390548561e+02
30.039204291600	3.2277563597610e+02
30.069183537400	3.2123554455518e+02
30.099162783200	3.1967378279707e+02
30.129142029000	3.1809049474285e+02
30.159121274800	3.1648581717655e+02
30.189100520600	3.1485987991370e+02
30.219079766400	3.1321280610216e+02
30.249059012200	3.1154471253465e+02
30.279038258000	3.0985570997234e+02
30.309017503800	3.0814590347930e+02
30.338996749600	3.0641539276698e+02
30.368975995400	3.0466427254840e+02
30.398955241200	3.0289263290146e+02
30.428934487000	3.0110055964071e+02
30.458913732800	2.9928813469725e+02
30.488892978600	2.9745543650591e+02
30.518872224400	2.9560254039943e+02
30.548851470200	2.9372951900874e+02
30.578830716000	2.9183644266911e+02
30.608809961800	2.8992337983120e+02
30.638789207600	2.8799039747671e+02
30.668768453400	2.8603756153787e+02
30.698747699200	2.8406493732016e+02
30.728726945000	2.8207258992774e+02
30.758706190800	2.8006058469087e+02
30.788685436600	2.7802898759476e+02
30.818664682400	2.7597786570924e+02
30.848643928200	2.7390728761856e+02
30.878623174000	2.7181732385077e+02
30.908602419800	2.6970804730609e+02
30.938581665600	2.6757953368350e+02
30.968560911400	2.6543186190516e+02
30.998540157200	2.6326511453780e+02
31.028519403000	2.6107937821072e+02
31.058498648800	2.5887474402960e+02
31.088477894600	2.5665130798563e+02
31.118457140400	2.5440917135931e+02
31.148436386200	2.5214844111841e+02
31.178415632000	2.4986923030943e+02
31.208394877800	2.4757165844200e+02
31.238374123600	2.4525585186576e+02
31.268353369400	2.4292194413899e+02
31.298332615200	2.4057007638861e+02
31.328311861000	2.3820039766096e+02
31.358291106800	2.3581306526277e+02
31.388270352600	2.3340824509190e+02
31.418249598400	2.3098611195739e+02
31.448228844200	2.2854684988814e+02
31.478208090000	2.2609065242996e+02
31.508187335800	2.2361772293047e+02
31.538166581600	2.2112827481127e+02
31.568145827400	2.1862253182720e+02
31.598125073200	2.1610072831207e+02
31.628104319000	2.1356310941051e+02
31.658083564800	2.1100993129565e+02
31.688062810600	2.0844146137216e+02
31.718042056400	2.0585797846432e+02
31.748021302200	2.0325977298888e+02
31.778000548000	2.0064714711225e+02
31.807979793800	1.9802041489188e+02
31.837959039600	1.9537990240140e+02
31.867938285400	1.9272594783940e+02
31.897917531200	1.9005890162160e+02
31.927896777000	1.8737912645602e+02
31.957876022800	1.8468699740123e+02
31.987855268600	1.8198290190726e+02
32.017834514400	1.7926723983915e+02
32.047813760200	1.7654042348297e+02
32.077793006000	1.7380287753418e+02
32.107772251800	1.7105503906823e+02
32.137751497600	1.6829735749337e+02
32.167730743400	1.6553029448558e+02
32.197709989200	1.6275432390558e+02
32.227689235000	1.5996993169795e+02
32.257668480800	1.5717761577234e+02
32.287647726600	1.5437788586680e+02
32.317626972400	1.5157126339332e+02
32.347606218200	1.4875828126559e+02
32.377585464000	1.4593948370916e+02
32.407564709800	1.4311542605403e+02
32.437543955600	1.4028667450989e+02
32.467523201400	1.3745380592407e+02
32.497502447200	1.3461740752252e+02
32.527481693000	1.3177807663386e+02
32.557460938800	1.2893642039684e+02
32.587440184600	1.2609305545141e+02
32.617419430400	1.2324860761362e+02
32.647398676200	1.2040371153473e+02
32.677377922000	1.1755901034474e+02
32.707357167800	1.1471515528065e+02
32.737336413600	1.1187280529988e+02
32.767315659400	1.0903262667914e+02
32.797294905200	1.0619529259912e+02
32.827274151000	1.0336148271540e+02
32.857253396800	1.0053188271601e+02
32.887232642600	9.7707183866028e+01
32.917211888400	9.4888082539737e+01
32.947191134200	9.2075279740656e+01
32.977170380000	8.9269480610064e+01
33.007149625800	8.6471393924431e+01
33.037128871600	8.3681731582262e+01
33.067108117400	8.0901208080890e+01
33.097087363200	7.8130539983742e+01
33.127066609000	7.5370445378605e+01
33.157045854800	7.2621643327477e+01
33.187025100600	6.9884853308539e+01
33.217004346400	6.7160794650849e+01
33.246983592200	6.4450185962331e+01
33.276962838000	6.1753744551674e+01
33.306942083800	5.9072185844726e+01
33.336921329600	5.6406222796017e+01
33.366900575400	5.3756565296038e+01
33.396879821200	5.1123919574884e+01
33.426859067000	4.8508987602924e+01
33.456838312800	4.5912466489135e+01
33.486817558600	4.3335047877734e+01
33.516796804400	4.0777417343787e+01
33.546776050200	3.8240253788433e+01
33.576755296000	3.5724228834392e+01
33.606734541800	3.3230006222418e+01
33.636713787600	3.0758241209366e+01
33.666693033400	2.8309579968527e+01
33.696672279200	2.5884658992920e+01
33.726651525000	2.3484104502177e+01
33.756630770800	2.1108531853711e+01
33.786610016600	1.8758544958822e+01
33.816589262400	1.6434735704388e+01
33.846568508200	1.4137683380826e+01
33.876547754000	1.1867954116941e+01
33.906526999800	9.6261003223475e+00
33.936506245600	7.4126601380762e+00
33.966485491400	5.2281568960210e+00
33.996464737200	3.0730985878490e+00
34.026443983000	9.4797734399750e-01
34.056423228800	-1.1467310766277e+00
34.086402474600	-3.2105677856474e+00
34.116381720400	-5.2430912523017e+00
34.146360966200	-7.2438777780543e+00
34.176340212000	-9.2125219581340e+00
34.206319457800	-1.1148637129449e+01
34.236298703600	-1.3051855804325e+01
34.266277949400	-1.4921830089526e+01
34.296257195200	-1.6758232090031e+01
34.326236441000	-1.8560754297064e+01
34.356215686800	-2.0329109959868e+01
34.386194932600	-2.2063033440751e+01
34.416174178400	-2.3762280552934e+01
34.446153424200	-2.5426628880748e+01
34.476132670000	-2.7055878081757e+01
34.506111915800	-2.8649850170373e+01
34.536091161600	-3.0208389782588e+01
34.566070407400	-3.1731364421416e+01
34.596049653200	-3.3218664682710e+01
34.626028899000	-3.4670204460986e+01
34.656008144800	-3.6085921134946e+01
34.685987390600	-3.7465775732401e+01
34.715966636400	-3.8809753074286e+01
34.745945882200	-4.0117861897533e+01
34.775925128000	-4.1390134956538e+01
34.805904373800	-4.2626629103015e+01
34.835883619600	-4.3827425344028e+01
34.865862865400	-4.4992628878029e+01
34.895842111200	-4.6122369108739e+01
34.925821357000	-4.7216799636752e+01
34.955800602800	-4.8276098228730e+01
34.985779848600	-4.9300466764121e+01
35.015759094400	-5.0290131159318e+01
35.045738340200	-5.1245341269225e+01
35.075717586000	-5.2166370766208e+01
35.105696831800	-5.3053516996425e+01
35.135676077600	-5.3907100813576e+01
35.165655323400	-5.4727466390111e+01
35.195634569200	-5.5514981005967e+01
35.225613815000	-5.6270034814937e+01
35.255593060800	-5.6993040588784e+01
35.285572306600	-5.7684433439240e+01
35.315551552400	-5.8344670518061e+01
35.345530798200	-5.8974230695316e+01
35.375510044000	-5.9573614216124e+01
35.405489289800	-6.0143342336077e+01
35.435468535600	-6.0683956935596e+01
35.465447781400	-6.1196020113495e+01
35.495427027200	-6.1680113760061e+01
35.525406273000	-6.2136839109970e+01
35.555385518800	-6.2566816275368e+01
35.585364764600	-6.2970683759497e+01
35.615344010400	-6.3349097951240e+01
35.645323256200	-6.3702732600995e+01
35.675302502000	-6.4032278278298e+01
35.705281747800	-6.4338441811647e+01
35.735260993600	-6.4621945710981e+01
35.765240239400	-6.4883527573306e+01
35.795219485200	-6.5123939471970e+01
35.825198731000	-6.5343947330097e+01
35.855177976800	-6.5544330278732e+01
35.885157222600	-6.5725880000233e+01
35.915136468400	-6.5889400057504e+01
35.945115714200	-6.6035705209636e+01
35.975094960000	-6.6165620714570e+01
36.005074205800	-6.6279981619398e+01
36.035053451600	-6.6379632038926e+01
36.065032697400	-6.6465424423168e+01
36.095011943200	-6.6538218814393e+01
36.124991189000	-6.6598882094438e+01
36.154970434800	-6.6648287222938e+01
36.184949680600	-6.6687312467183e+01
36.214928926400	-6.6716840624313e+01
36.244908172200	-6.6737758236545e+01
36.274887418000	-6.6750954800182e+01
36.304866663800	-6.6757321969123e+01
36.334845909600	-6.6757752753609e+01
36.364825155400	-6.6753140714976e+01
36.394804401200	-6.6744379157143e+01
36.424783647000	-6.6732360315611e+01
36.454762892800	-6.6717974544739e+01
36.484742138600	-6.6702109504054e+01
36.514721384400	-6.6685649344379e+01
36.544700630200	-6.6669473894550e+01
36.574679876000	-6.6654457849499e+01
36.604659121800	-6.6641469960482e+01
36.634638367600	-6.6631372228227e+01
36.664617613400	-6.6625019099786e+01
36.694596859200	-6.6623256669868e+01
36.724576105000	-6.6626921887414e+01
36.754555350800	-6.6636841768212e+01
36.784534596600	-6.6653832614290e+01
36.814513842400	-6.6678699240880e+01
36.844493088200	-6.6712234211690e+01
36.874472334000	-6.6755217083256e+01
36.904451579800	-6.6808413659097e+01
36.934430825600	-6.6872575254446e+01
36.964410071400	-6.6948437972253e+01
36.994389317200	-6.7036721991208e+01
37.024368563000	-6.7138130866489e+01
37.054347808800	-6.7253350843934e+01
37.084327054600	-6.7383050188332e+01
37.114306300400	-6.7527878526517e+01
37.144285546200	-6.7688466205929e+01
37.174264792000	-6.7865423669291e+01
37.204244037800	-6.8059340846061e+01
37.234223283600	-6.8270786561263e+01
37.264202529400	-6.8500307962324e+01
37.294181775200	-6.8748429964509e+01
37.324161021000	-6.9015654715533e+01
37.354140266800	-6.9302461079910e+01
37.384119512600	-6.9609304143592e+01
37.414098758400	-6.9936614739416e+01
37.444078004200	-7.0284798993873e+01
37.474057250000	-7.0654237895690e+01
37.504036495800	-7.1045286886684e+01
37.534015741600	-7.1458275475357e+01
37.563994987400	-7.1893506873640e+01
37.593974233200	-7.2351257657207e+01
37.623953479000	-7.2831777449741e+01
37.653932724800	-7.3335288631514e+01
37.683911970600	-7.3861986072632e+01
37.713891216400	-7.4412036891246e+01
37.743870462200	-7.4985580237049e+01
37.773849708000	-7.5582727100309e+01
37.803828953800	-7.6203560146701e+01
37.833808199600	-7.6848133578154e+01
37.863787445400	-7.7516473019924e+01
37.893766691200	-7.8208575434053e+01
37.923745937000	-7.8924409059377e+01
37.953725182800	-7.9663913378209e+01
37.983704428600	-8.0426999109787e+01
38.013683674400	-8.1213548230575e+01
38.043662920200	-8.2023414021453e+01
38.073642166000	-8.2856421141841e+01
38.103621411800	-8.3712365730727e+01
38.133600657600	-8.4591015534599e+01
38.163579903400	-8.5492110062215e+01
38.193559149200	-8.6415360766127e+01
38.223538395000	-8.7360451250871e+01
38.253517640800	-8.8327037507680e+01
38.283496886600	-8.9314748175568e+01
38.313476132400	-9.0323184828609e+01
38.343455378200	-9.1351922289192e+01
38.373434624000	-9.2400508967041e+01
38.403413869800	-9.3468467223723e+01
38.433393115600	-9.4555293762376e+01
38.463372361400	-9.5660460042341e+01
38.493351607200	-9.6783412718382e+01
38.523330853000	-9.7923574104125e+01
38.553310098800	-9.9080342659346e+01
38.583289344600	-1.0025309350071e+02
38.613268590400	-1.0144117893550e+02
38.643247836200	-1.0264392901799e+02
38.673227082000	-1.0386065212785e+02
38.703206327800	-1.0509063557016e+02
38.733185573600	-1.0633314619663e+02
38.763164819400	-1.0758743104724e+02
38.793144065200	-1.0885271801196e+02
38.823123311000	-1.1012821651194e+02
38.853102556800	-1.1141311819949e+02
38.883081802600	-1.1270659767626e+02
38.913061048400	-1.1400781322909e+02
38.943040294200	-1.1531590758276e+02
38.973019540000	-1.1663000866898e+02
39.002998785800	-1.1794923041107e+02
39.032978031600	-1.1927267352344e+02
39.062957277400	-1.2059942632529e+02
39.092936523200	-1.2192856556772e+02
39.122915769000	-1.2325915727361e+02
39.152895014800	-1.2459025758936e+02
39.182874260600	-1.2592091364785e+02
39.212853506400	-1.2725016444178e+02
39.242832752200	-1.2857704170660e+02
39.272811998000	-1.2990057081222e+02
39.302791243800	-1.3121977166271e+02
39.332770489600	-1.3253365960316e+02
39.362749735400	-1.3384124633281e+02
39.392728981200	-1.3514154082373e+02
39.422708227000	-1.3643355024405e+02
39.452687472800	-1.3771628088508e+02
39.482666718600	-1.3898873909120e+02
39.512645964400	-1.4024993219200e+02
39.542625210200	-1.4149886943543e+02
39.572604456000	-1.4273456292141e+02
39.602583701800	-1.4395602853487e+02
39.632562947600	-1.4516228687732e+02
39.662542193400	-1.4635236419619e+02
39.692521439200	-1.4752529331104e+02
39.722500685000	-1.4868011453567e+02
39.752479930800	-1.4981587659542e+02
39.782459176600	-1.5093163753866e+02
39.812438422400	-1.5202646564171e+02
39.842417668200	-1.5309944030625e+02
39.872396914000	-1.5414965294847e+02
39.902376159800	-1.5517620787901e+02
39.932355405600	-1.5617822317292e+02
39.962334651400	-1.5715483152880e+02
39.992313897200	-1.5810518111632e+02
40.022293143000	-1.5902843641125e+02
40.052272388800	-1.5992377901725e+02
40.082251634600	-1.6079040847364e+02
40.112230880400	-1.6162754304835e+02
40.142210126200	-1.6243442051524e+02
40.172189372000	-1.6321029891518e+02
40.202168617800	-1.6395445730002e+02
40.232147863600	-1.6466619645872e+02
40.262127109400	-1.6534483962510e+02
40.292106355200	-1.6598973316631e+02
40.322085601000	-1.6660024725148e+02
40.352064846800	-1.6717577649990e+02
40.382044092600	-1.6771574060798e+02
40.412023338400	-1.6821958495448e+02
40.442002584200	-1.6868678118337e+02
40.471981830000	-1.6911682776381e+02
40.501961075800	-1.6950925052647e+02
40.531940321600	-1.6986360317597e+02
40.561919567400	-1.7017946777872e+02
40.591898813200	-1.7045645522564e+02
40.621878059000	-1.7069420566946e+02
40.651857304800	-1.7089238893597e+02
40.681836550600	-1.7105070490896e+02
40.711815796400	-1.7116888388830e+02
40.741795042200	-1.7124668692088e+02
40.771774288000	-1.7128390610402e+02
40.801753533800	-1.7128036486108e+02
40.831732779600	-1.7123591818885e+02
40.861712025400	-1.7115045287657e+02
40.891691271200	-1.7102388769630e+02
40.921670517000	-1.7085617356433e+02
40.951649762800	-1.7064729367359e+02
40.981629008600	-1.7039726359673e+02
41.011608254400	-1.7010613135984e+02
41.041587500200	-1.6977397748668e+02
41.071566746000	-1.6940091501323e+02
41.101545991800	-1.6898708947271e+02
41.131525237600	-1.6853267885077e+02
41.161504483400	-1.6803789351108e+02
41.191483729200	-1.6750297609120e+02
41.221462975000	-1.6692820136887e+02
41.251442220800	-1.6631387609867e+02
41.281421466600	-1.6566033881933e+02
41.311400712400	-1.6496795963169e+02
41.341379958200	-1.6423713994750e+02
41.371359204000	-1.6346831220927e+02
41.401338449800	-1.6266193958140e+02
41.431317695600	-1.6181851561274e+02
41.461296941400	-1.6093856387098e+02
41.491276187200	-1.6002263754904e+02
41.521255433000	-1.5907131904386e+02
41.551234678800	-1.5808521950794e+02
41.581213924600	-1.5706497837389e+02
41.611193170400	-1.5601126285259e+02
41.641172416200	-1.5492476740514e+02
41.671151662000	-1.5380621318928e+02
41.701130907800	-1.5265634748053e+02
41.731110153600	-1.5147594306879e+02
41.761089399400	-1.5026579763064e+02
41.791068645200	-1.4902673307816e+02
41.821047891000	-1.4775959488459e+02
41.851027136800	-1.4646525138758e+02
41.881006382600	-1.4514459307059e+02
41.910985628400	-1.4379853182299e+02
41.940964874200	-1.4242800017968e+02
41.970944120000	-1.4103395054072e+02
42.000923365800	-1.3961735437170e+02
42.030902611600	-1.3817920138570e+02
42.060881857400	-1.3672049870733e+02
42.090861103200	-1.3524227001974e+02
42.120840349000	-1.3374555469539e+02
42.150819594800	-1.3223140691118e+02
42.180798840600	-1.3070089474886e+02
42.210778086400	-1.2915509928159e+02
42.240757332200	-1.2759511364719e+02
42.270736578000	-1.2602204210922e+02
42.300715823800	-1.2443699910656e+02
42.330695069600	-1.2284110829233e+02
42.360674315400	-1.2123550156313e+02
42.390653561200	-1.1962131807930e+02
42.420632807000	-1.1799970327726e+02
42.450612052800	-1.1637180787469e+02
42.480591298600	-1.1473878686950e+02
42.510570544400	-1.1310179853345e+02
42.540549790200	-1.1146200340144e+02
42.570529036000	-1.0982056325716e+02
42.600508281800	-1.0817864011629e+02
42.630487527600	-1.0653739520798e+02
42.660466773400	-1.0489798795552e+02
42.690446019200	-1.0326157495731e+02
42.720425265000	-1.0162930896880e+02
42.750404510800	-1.0000233788656e+02
42.780383756600	-9.8381803735240e+01
42.810363002400	-9.6768841658350e+01
42.840342248200	-9.5164578913910e+01
42.870321494000	-9.3570133875713e+01
42.900300739800	-9.1986615041222e+01
42.930279985600	-9.0415120046951e+01
42.960259231400	-8.8856734692246e+01
42.990238477200	-8.7312531972349e+01
43.020217723000	-8.5783571121624e+01
43.050196968800	-8.4270896667822e+01
43.080176214600	-8.2775537498240e+01
43.110155460400	-8.1298505938635e+01
43.140134706200	-7.9840796845722e+01
43.170113952000	-7.8403386714098e+01
43.200093197800	-7.6987232798395e+01
43.230072443600	-7.5593272251473e+01
43.260051689400	-7.4222421279440e+01
43.290030935200	-7.2875574314261e+01
43.320010181000	-7.1553603204734e+01
43.349989426800	-7.0257356426557e+01
43.379968672600	-6.8987658312207e+01
43.409947918400	-6.7745308301356e+01
43.439927164200	-6.6531080212492e+01
43.469906410000	-6.5345721536426e+01
43.499885655800	-6.4189952752318e+01
43.529864901600	-6.3064466666874e+01
43.559844147400	-6.1969927777295e+01
43.589823393200	-6.0906971658583e+01
43.619802639000	-5.9876204375758e+01
43.649781884800	-5.8878201921531e+01
43.679761130600	-5.7913509679946e+01
43.709740376400	-5.6982641916494e+01
43.739719622200	-5.6086081295159e+01
43.769698868000	-5.5224278422853e+01
43.799678113800	-5.4397651421650e+01
43.829657359600	-5.3606585529221e+01
43.859636605400	-5.2851432727844e+01
43.889615851200	-5.2132511402322e+01
43.919595097000	-5.1450106027139e+01
43.949574342800	-5.0804466883135e+01
43.979553588600	-5.0195809803972e+01
44.009532834400	-4.9624315952626e+01
44.039512080200	-4.9090131628111e+01
44.069491326000	-4.8593368102628e+01
44.099470571800	-4.8134101489277e+01
44.129449817600	-4.7712372640480e+01
44.159429063400	-4.7328187077195e+01
44.189408309200	-4.6981514949003e+01
44.219387555000	-4.6672291025108e+01
44.249366800800	-4.6400414716268e+01
44.279346046600	-4.6165750127634e+01
44.309325292400	-4.5968126142469e+01
44.339304538200	-4.5807336536664e+01
44.369283784000	-4.5683140123968e+01
44.399263029800	-4.5595260931793e+01
44.429242275600	-4.5543388407449e+01
44.459221521400	-4.5527177654624e+01
44.489200767200	-4.5546249699903e+01
44.519180013000	-4.5600191789093e+01
44.549159258800	-4.5688557713082e+01
44.579138504600	-4.5810868162952e+01
44.609117750400	-4.5966611114028e+01
44.639096996200	-4.6155242238516e+01
44.669076242000	-4.6376185346366e+01
44.699055487800	-4.6628832853968e+01
44.729034733600	-4.6912546280255e+01
44.759013979400	-4.7226656769779e+01
44.788993225200	-4.7570465642282e+01
44.818972471000	-4.7943244968280e+01
44.848951716800	-4.8344238170132e+01
44.878930962600	-4.8772660648075e+01
44.908910208400	-4.9227700430636e+01
44.938889454200	-4.9708518848870e+01
44.968868700000	-5.0214251233795e+01
44.998847945800	-5.0744007636412e+01
45.028827191600	-5.1296873569656e+01
45.058806437400	-5.1871910771628e+01
45.088785683200	-5.2468157989398e+01
45.118764929000	-5.3084631782713e+01
45.148744174800	-5.3720327346851e+01
45.178723420600	-5.4374219353916e+01
45.208702666400	-5.5045262811800e+01
45.238681912200	-5.5732393940054e+01
45.268661158000	-5.6434531061881e+01
45.298640403800	-5.7150575511451e+01
45.328619649600	-5.7879412555726e+01
45.358598895400	-5.8619912329980e+01
45.388578141200	-5.9370930786165e+01
45.418557387000	-6.0131310653281e+01
45.448536632800	-6.0899882408902e+01
45.478515878600	-6.1675465260968e+01
45.508495124400	-6.2456868138996e+01
45.538474370200	-6.3242890693805e+01
45.568453616000	-6.4032324304869e+01
45.598432861800	-6.4823953094407e+01
45.628412107600	-6.5616554947307e+01
45.658391353400	-6.6408902535967e+01
45.688370599200	-6.7199764349152e+01
45.718349845000	-6.7987905723955e+01
45.748329090800	-6.8772089879939e+01
45.778308336600	-6.9551078954542e+01
45.808287582400	-7.0323635038846e+01
45.838266828200	-7.1088521212765e+01
45.868246074000	-7.1844502578762e+01
45.898225319800	-7.2590347293168e+01
45.928204565600	-7.3324827594200e+01
45.958183811400	-7.4046720825767e+01
45.988163057200	-7.4754810456165e+01
46.018142303000	-7.5447887090771e+01
46.048121548800	-7.6124749477832e+01
46.078100794600	-7.6784205506487e+01
46.108080040400	-7.7425073196128e+01
46.138059286200	-7.8046181676255e+01
46.168038532000	-7.8646372155947e+01
46.198017777800	-7.9224498882129e+01
46.227997023600	-7.9779430085778e+01
46.257976269400	-8.0310048915261e+01
46.287955515200	-8.0815254355994e+01
46.317934761000	-8.1293962135618e+01
46.347914006800	-8.1745105613923e+01
46.377893252600	-8.2167636656740e+01
46.407872498400	-8.2560526493061e+01
46.437851744200	-8.2922766554649e+01
46.467830990000	-8.3253369297417e+01
46.497810235800	-8.3551369003876e+01
46.527789481600	-8.3815822565982e+01
46.557768727400	-8.4045810247696e+01
46.587747973200	-8.4240436426637e+01
46.617727219000	-8.4398830314187e+01
46.647706464800	-8.4520146653459e+01
46.677685710600	-8.4603566394530e+01
46.707664956400	-8.4648297346394e+01
46.737644202200	-8.4653574805091e+01
46.767623448000	-8.4618662157487e+01
46.797602693800	-8.4542851460233e+01
46.827581939600	-8.4425463993413e+01
46.857561185400	-8.4265850788449e+01
46.887540431200	-8.4063393129835e+01
46.917519677000	-8.3817503030311e+01
46.947498922800	-8.3527623679095e+01
46.977478168600	-8.3193229862839e+01
47.007457414400	-8.2813828358982e+01
47.037436660200	-8.2388958301202e+01
47.067415906000	-8.1918191516705e+01
47.097395151800	-8.1401132835110e+01
47.127374397600	-8.0837420368707e+01
47.157353643400	-8.0226725763902e+01
47.187332889200	-7.9568754423691e+01
47.217312135000	-7.8863245701019e+01
47.247291380800	-7.8109973062931e+01
47.277270626600	-7.7308744225411e+01
47.307249872400	-7.6459401258873e+01
47.337229118200	-7.5561820664277e+01
47.367208364000	-7.4615913419855e+01
47.397187609800	-7.3621624998488e+01
47.427166855600	-7.2578935355786e+01
47.457146101400	-7.1487858888944e+01
47.487125347200	-7.0348444366493e+01
47.517104593000	-6.9160774829071e+01
47.547083838800	-6.7924967461381e+01
47.577063084600	-6.6641173435518e+01
47.607042330400	-6.5309577725887e+01
47.637021576200	-6.3930398895940e+01
47.667000822000	-6.2503888857001e+01
47.696980067800	-6.1030332599475e+01
47.726959313600	-5.9510047896749e+01
47.756938559400	-5.7943384982119e+01
47.786917805200	-5.6330726199126e+01
47.816897051000	-5.4672485625666e+01
47.846876296800	-5.2969108672300e+01
47.876855542600	-5.1221071655192e+01
47.906834788400	-4.9428881344133e+01
47.936814034200	-4.7593074486132e+01
47.966793280000	-4.5714217305070e+01
47.996772525800	-4.3792904977938e+01
48.026751771600	-4.1829761088211e+01
48.056731017400	-3.9825437056905e+01
48.086710263200	-3.7780611551914e+01
48.116689509000	-3.5695989876211e+01
48.146668754800	-3.3572303335553e+01
48.176648000600	-3.1410308586300e+01
48.206627246400	-2.9210786964026e+01
48.236606492200	-2.6974543793581e+01
48.266585738000	-2.4702407681280e+01
48.296564983800	-2.2395229789944e+01
48.326544229600	-2.0053883097481e+01
48.356523475400	-1.7679261639754e+01
48.386502721200	-1.5272279738475e+01
48.416481967000	-1.2833871214862e+01
48.446461212800	-1.0364988589852e+01
48.476440458600	-7.8666022716239e+00
48.506419704400	-5.3396997312203e+00
48.536398950200	-2.7852846670734e+00
48.566378196000	-2.0437615922800e-01
48.596357441800	2.4019921859244e+00
48.626336687600	5.0327730995813e+00
48.656315933400	7.6869065223135e+00
48.686295179200	1.0363320482867e+01
48.716274425000	1.3060931983150e+01
48.746253670800	1.5778647888572e+01
48.776232916600	1.8515365822885e+01
48.806212162400	2.1269975066696e+01
48.836191408200	2.4041357458806e+01
48.866170654000	2.6828388299524e+01
48.896149899800	2.9629937255125e+01
48.926129145600	3.2444869262600e+01
48.956108391400	3.5272045433868e+01
48.986087637200	3.8110323958603e+01
49.016066883000	4.0958561004857e+01
49.046046128800	4.3815611616634e+01
49.076025374600	4.6680330607605e+01
49.106004620400	4.9551573450139e+01
49.135983866200	5.2428197158848e+01
49.165963112000	5.5309061167830e+01
49.195942357800	5.8193028200831e+01
49.225921603600	6.1078965133525e+01
49.255900849400	6.3965743847154e+01
49.285880095200	6.6852242072744e+01
49.315859341000	6.9737344225155e+01
49.345838586800	7.2619942226228e+01
49.375817832600	7.5498936316283e+01
49.405797078400	7.8373235853267e+01
49.435776324200	8.1241760098843e+01
49.465755570000	8.4103438990739e+01
49.495734815800	8.6957213900677e+01
49.525714061600	8.9802038377234e+01
49.555693307400	9.2636878872991e+01
49.585672553200	9.5460715455349e+01
49.615651799000	9.8272542500406e+01
49.645631044800	1.0107136936932e+02
49.675610290600	1.0385622106656e+02
49.705589536400	1.0662613887956e+02
49.735568782200	1.0938018099914e+02
49.765548028000	1.1211742312030e+02
49.795527273800	1.1483695902289e+02
49.825506519600	1.1753790113151e+02
49.855485765400	1.2021938105451e+02
49.885465011200	1.2288055010136e+02
49.915444257000	1.2552057977822e+02
49.945423502800	1.2813866226112e+02
49.975402748600	1.3073401084666e+02
50.005381994400	1.3330586037960e+02
50.035361240200	1.3585346765731e+02
50.065340486000	1.3837611181055e+02
50.095319731800	1.4087309466054e+02
50.125298977600	1.4334374105191e+02
50.155278223400	1.4578739916142e+02
50.185257469200	1.4820344078222e+02
50.215236715000	1.5059126158352e+02
50.245215960800	1.5295028134551e+02
50.275195206600	1.5527994416938e+02
50.305174452400	1.5757971866246e+02
50.335153698200	1.5984909809827e+02
50.365132944000	1.6208760055163e+02
50.395112189800	1.6429476900863e+02
50.425091435600	1.6647017145154e+02
50.455070681400	1.6861340091879e+02
50.485049927200	1.7072407553995e+02
50.515029173000	1.7280183854586e+02
50.545008418800	1.7484635825399e+02
50.574987664600	1.7685732802926e+02
50.604966910400	1.7883446622032e+02
50.634946156200	1.8077751607159e+02
50.664925402000	1.8268624561131e+02
50.694904647800	1.8456044751563e+02
50.724883893600	1.8639993894924e+02
50.754863139400	1.8820456138267e+02
50.784842385200	1.8997418038653e+02
50.814821631000	1.9170868540320e+02
50.844800876800	1.9340798949606e+02
50.874780122600	1.9507202907685e+02
50.904759368400	1.9670076361140e+02
50.934738614200	1.9829417530423e+02
50.964717860000	1.9985226876234e+02
50.994697105800	2.0137507063881e+02
51.024676351600	2.0286262925648e+02
51.054655597400	2.0431501421232e+02
51.084634843200	2.0573231596295e+02
51.114614089000	2.0711464539191e+02
51.144593334800	2.0846213335901e+02
51.174572580600	2.0977493023264e+02
51.204551826400	2.1105320540524e+02
51.234531072200	2.1229714679287e+02
51.264510318000	2.1350696031916e+02
51.294489563800	2.1468286938459e+02
51.324468809600	2.1582511432135e+02
51.354448055400	2.1693395183478e+02
51.384427301200	2.1800965443183e+02
51.414406547000	2.1905250983721e+02
51.444385792800	2.2006282039804e+02
51.474365038600	2.2104090247756e+02
51.504344284400	2.2198708583863e+02
51.534323530200	2.2290171301773e+02
51.564302776000	2.2378513869023e+02
51.594282021800	2.2463772902750e+02
51.624261267600	2.2545986104675e+02
51.654240513400	2.2625192195422e+02
51.684219759200	2.2701430848255e+02
51.714199005000	2.2774742622290e+02
51.744178250800	2.2845168895283e+02
51.774157496600	2.2912751796041e+02
51.804136742400	2.2977534136550e+02
51.834115988200	2.3039559343887e+02
51.864095234000	2.3098871391990e+02
51.894074479800	2.3155514733366e+02
51.924053725600	2.3209534230806e+02
51.954032971400	2.3260975089192e+02
51.984012217200	2.3309882787448e+02
52.013991463000	2.3356303010742e+02
52.043970708800	2.3400281582980e+02
52.073949954600	2.3441864399690e+02
52.103929200400	2.3481097361349e+02
52.133908446200	2.3518026307242e+02
52.163887692000	2.3552696949910e+02
52.193866937800	2.3585154810268e+02
52.223846183600	2.3615445153457e+02
52.253825429400	2.3643612925498e+02
52.283804675200	2.3669702690817e+02
52.313783921000	2.3693758570715e+02
52.343763166800	2.3715824182827e+02
52.373742412600	2.3735942581667e+02
52.403721658400	2.3754156200285e+02
52.433700904200	2.3770506793131e+02
52.463680150000	2.3785035380162e+02
52.493659395800	2.3797782192267e+02
52.523638641600	2.3808786618053e+02
52.553617887400	2.3818087152062e+02
52.583597133200	2.3825721344467e+02
52.613576379000	2.3831725752289e+02
52.643555624800	2.3836135892210e+02
52.673534870600	2.3838986195006e+02
52.703514116400	2.3840309961663e+02
52.733493362200	2.3840139321213e+02
52.763472608000	2.3838505190343e+02
52.793451853800	2.3835437234803e+02
52.823431099600	2.3830963832670e+02
52.853410345400	2.3825112039494e+02
52.883389591200	2.3817907555359e+02
52.913368837000	2.3809374693909e+02
52.943348082800	2.3799536353352e+02
52.973327328600	2.3788413989474e+02
53.003306574400	2.3776027590703e+02
53.033285820200	2.3762395655232e+02
53.063265066000	2.3747535170234e+02
53.093244311800	2.3731461593178e+02
53.123223557600	2.3714188835275e+02
53.153202803400	2.3695729247069e+02
53.183182049200	2.3676093606174e+02
53.213161295000	2.3655291107181e+02
53.243140540800	2.3633329353739e+02
53.273119786600	2.3610214352813e+02
53.303099032400	2.3585950511128e+02
53.333078278200	2.3560540633800e+02
53.363057524000	2.3533985925146e+02
53.393036769800	2.3506285991683e+02
53.423016015600	2.3477438847294e+02
53.452995261400	2.3447440920574e+02
53.482974507200	2.3416287064319e+02
53.512953753000	2.3383970567176e+02
53.542932998800	2.3350483167412e+02
53.572912244600	2.3315815068805e+02
53.602891490400	2.3279954958623e+02
53.632870736200	2.3242890027683e+02
53.662849982000	2.3204605992453e+02
53.692829227800	2.3165087119185e+02
53.722808473600	2.3124316250034e+02
53.752787719400	2.3082274831153e+02
53.782766965200	2.3038942942713e+02
53.812746211000	2.2994299330827e+02
53.842725456800	2.2948321441333e+02
53.872704702600	2.2900985455407e+02
53.902683948400	2.2852266326948e+02
53.932663194200	2.2802137821723e+02
53.962642440000	2.2750572558192e+02
53.992621685800	2.2697542049996e+02
54.022600931600	2.2643016750047e+02
54.052580177400	2.2586966096170e+02
54.082559423200	2.2529358558250e+02
54.112538669000	2.2470161686838e+02
54.142517914800	2.2409342163141e+02
54.172497160600	2.2346865850365e+02
54.202476406400	2.2282697846339e+02
54.232455652200	2.2216802537361e+02
54.262434898000	2.2149143653218e+02
54.292414143800	2.2079684323304e+02
54.322393389600	2.2008387133789e+02
54.352372635400	2.1935214185758e+02
54.382351881200	2.1860127154275e+02
54.412331127000	2.1783087348290e+02
54.442310372800	2.1704055771331e+02
54.472289618600	2.1622993182916e+02
54.502268864400	2.1539860160609e+02
54.532248110200	2.1454617162655e+02
54.562227356000	2.1367224591128e+02
54.592206601800	2.1277642855519e+02
54.622185847600	2.1185832436692e+02
54.652165093400	2.1091753951138e+02
54.682144339200	2.0995368215456e+02
54.712123585000	2.0896636310994e+02
54.742102830800	2.0795519648571e+02
54.772082076600	2.0691980033209e+02
54.802061322400	2.0585979728806e+02
54.832040568200	2.0477481522681e+02
54.862019814000	2.0366448789912e+02
54.891999059800	2.0252845557393e+02
54.921978305600	2.0136636567556e+02
54.951957551400	2.0017787341661e+02
54.981936797200	1.9896264242606e+02
55.011916043000	1.9772034537175e+02
55.041895288800	1.9645066457652e+02
55.071874534600	1.9515329262741e+02
55.101853780400	1.9382793297714e+02
55.131833026200	1.9247430053730e+02
55.161812272000	1.9109212226243e+02
55.191791517800	1.8968113772444e+02
55.221770763600	1.8824109967672e+02
55.251750009400	1.8677177460724e+02
55.281729255200	1.8527294327999e+02
55.311708501000	1.8374440126424e+02
55.341687746800	1.8218595945093e+02
55.371666992600	1.8059744455562e+02
55.401646238400	1.7897869960736e+02
55.431625484200	1.7732958442308e+02
55.461604730000	1.7564997606669e+02
55.491583975800	1.7393976929258e+02
55.521563221600	1.7219887697291e+02
55.551542467400	1.7042723050807e+02
55.581521713200	1.6862478022009e+02
55.611500959000	1.6679149572822e+02
55.641480204800	1.6492736630643e+02
55.671459450600	1.6303240122231e+02
55.701438696400	1.6110663005701e+02
55.731417942200	1.5915010300569e+02
55.761397188000	1.5716289115829e+02
55.791376433800	1.5514508676006e+02
55.821355679600	1.5309680345168e+02
55.851334925400	1.5101817648851e+02
55.881314171200	1.4890936293880e+02
55.911293417000	1.4677054186044e+02
55.941272662800	1.4460191445616e+02
55.971251908600	1.4240370420674e+02
56.001231154400	1.4017615698227e+02
56.031210400200	1.3791954113100e+02
56.061189646000	1.3563414754581e+02
56.091168891800	1.3332028970812e+02
56.121148137600	1.3097830370897e+02
56.151127383400	1.2860854824744e+02
56.181106629200	1.2621140460604e+02
56.211085875000	1.2378727660325e+02
56.241065120800	1.2133659052301e+02
56.271044366600	1.1885979502136e+02
56.301023612400	1.1635736100993e+02
56.331002858200	1.1382978151668e+02
56.360982104000	1.1127757152368e+02
56.390961349800	1.0870126778216e+02
56.420940595600	1.0610142860488e+02
56.450919841400	1.0347863363599e+02
56.480899087200	1.0083348359850e+02
56.510878333000	9.8166600019536e+01
56.540857578800	9.5478624933693e+01
56.570836824600	9.2770220564505e+01
56.600816070400	9.0042068984476e+01
56.630795316200	8.7294871753824e+01
56.660774562000	8.4529349538272e+01
56.690753807800	8.1746241706195e+01
56.720733053600	7.8946305905444e+01
56.750712299400	7.6130317620208e+01
56.780691545200	7.3299069708298e+01
56.810670791000	7.0453371919229e+01
56.840650036800	6.7594050393534e+01
56.870629282600	6.4721947143730e+01
56.900608528400	6.1837919517402e+01
56.930587774200	5.8942839642862e+01
56.960567020000	5.6037593857892e+01
56.990546265800	5.3123082122060e+01
57.020525511600	5.0200217413152e+01
57.050504757400	4.7269925108246e+01
57.080484003200	4.4333142349994e+01
57.110463249000	4.1390817398692e+01
57.140442494800	3.8443908970709e+01
57.170421740600	3.5493385563894e+01
57.200400986400	3.2540224770578e+01
57.230380232200	2.9585412578782e+01
57.260359478000	2.6629942662303e+01
57.290338723800	2.3674815660306e+01
57.320317969600	2.0721038447110e+01
57.350297215400	1.7769623392830e+01
57.380276461200	1.4821587615566e+01
57.410255707000	1.1877952225848e+01
57.440234952800	8.9397415640173e+00
57.470214198600	6.0079824312851e+00
57.500193444400	3.0837033151690e+00
57.530172690200	1.6793361004476e-01
57.560151936000	-2.7382971664561e+00
57.590131181800	-5.6339601604647e+00
57.620110427600	-8.5180279715655e+00
57.650089673400	-1.1389475444413e+01
57.680068919200	-1.4247280461523e+01
57.710048165000	-1.7090424736491e+01
57.740027410800	-1.9917894606880e+01
57.770006656600	-2.2728681826023e+01
57.799985902400	-2.5521784352989e+01
57.829965148200	-2.8296207139958e+01
57.859944394000	-3.1050962916254e+01
57.889923639800	-3.3785072968280e+01
57.919902885600	-3.6497567914616e+01
57.949882131400	-3.9187488475534e+01
57.979861377200	-4.1853886236187e+01
58.009840623000	-4.4495824402748e+01
58.039819868800	-4.7112378550756e+01
58.069799114600	-4.9702637364962e+01
58.099778360400	-5.2265703369959e+01
58.129757606200	-5.4800693650878e+01
58.159736852000	-5.7306740563473e+01
58.189716097800	-5.9782992432879e+01
58.219695343600	-6.2228614240403e+01
58.249674589400	-6.4642788297642e+01
58.279653835200	-6.7024714907298e+01
58.309633081000	-6.9373613010043e+01
58.339612326800	-7.1688720816790e+01
58.369591572600	-7.3969296425769e+01
58.399570818400	-7.6214618423794e+01
58.429550064200	-7.8423986471136e+01
58.459529310000	-8.0596721869429e+01
58.489508555800	-8.2732168112045e+01
58.519487801600	-8.4829691416411e+01
58.549467047400	-8.6888681237719e+01
58.579446293200	-8.8908550763544e+01
58.609425539000	-9.0888737388871e+01
58.639404784800	-9.2828703171059e+01
58.669384030600	-9.4727935264285e+01
58.699363276400	-9.6585946333050e+01
58.729342522200	-9.8402274944313e+01
58.759321768000	-1.0017648593787e+02
58.789301013800	-1.0190817077463e+02
58.819280259600	-1.0359694786236e+02
58.849259505400	-1.0524246285865e+02
58.879238751200	-1.0684438895077e+02
58.909217997000	-1.0840242711210e+02
58.939197242800	-1.0991630633487e+02
58.969176488600	-1.1138578383903e+02
58.999155734400	-1.1281064525690e+02
59.029134980200	-1.1419070479361e+02
59.059114226000	-1.1552580536290e+02
59.089093471800	-1.1681581869835e+02
59.119072717600	-1.1806064543980e+02
59.149051963400	-1.1926021519484e+02
59.179031209200	-1.2041448657542e+02
59.209010455000	-1.2152344720932e+02
59.238989700800	-1.2258711372663e+02
59.268968946600	-1.2360553172119e+02
59.298948192400	-1.2457877568690e+02
59.328927438200	-1.2550694892903e+02
59.358906684000	-1.2639018345070e+02
59.388885929800	-1.2722863981429e+02
59.418865175600	-1.2802250697831e+02
59.448844421400	-1.2877200210948e+02
59.478823667200	-1.2947737037048e+02
59.508802913000	-1.3013888468336e+02
59.538782158800	-1.3075684546887e+02
59.568761404600	-1.3133158036199e+02
59.598740650400	-1.3186344390385e+02
59.628719896200	-1.3235281721026e+02
59.658699142000	-1.3280010761738e+02
59.688678387800	-1.3320574830449e+02
59.718657633600	-1.3357019789456e+02
59.748636879400	-1.3389394003268e+02
59.778616125200	-1.3417748294295e+02
59.808595371000	-1.3442135896416e+02
59.838574616800	-1.3462612406457e+02
59.868553862600	-1.3479235733648e+02
59.898533108400	-1.3492066047075e+02
59.928512354200	-1.3501165721208e+02
59.958491600000	-1.3506599279521e+02
59.988470845800	-1.3508433336286e+02
60.018450091600	-1.3506736536577e+02
60.048429337400	-1.3501579494540e+02
60.078408583200	-1.3493034729995e+02
60.108387829000	-1.3481176603421e+02
60.138367074800	-1.3466081249390e+02
60.168346320600	-1.3447826508499e+02
60.198325566400	-1.3426491857885e+02
60.228304812200	-1.3402158340363e+02
60.258284058000	-1.3374908492273e+02
60.288263303800	-1.3344826270089e+02
60.318242549600	-1.3311996975864e+02
60.348221795400	-1.3276507181584e+02
60.378201041200	-1.3238444652490e+02
60.408180287000	-1.3197898269456e+02
60.438159532800	-1.3154957950473e+02
60.468138778600	-1.3109714571336e+02
60.498118024400	-1.3062259885593e+02
60.528097270200	-1.3012686443828e+02
60.558076516000	-1.2961087512369e+02
60.588055761800	-1.2907556991477e+02
60.618035007600	-1.2852189333110e+02
60.648014253400	-1.2795079458325e+02
60.677993499200	-1.2736322674403e+02
60.707972745000	-1.2676014591771e+02
60.737951990800	-1.2614251040797e+02
60.767931236600	-1.2551127988540e+02
60.797910482400	-1.2486741455531e+02
60.827889728200	-1.2421187432654e+02
60.857868974000	-1.2354561798218e+02
60.887848219800	-1.2286960235291e+02
60.917827465600	-1.2218478149368e+02
60.947806711400	-1.2149210586457e+02
60.977785957200	-1.2079252151656e+02
61.007765203000	-1.2008696928293e+02
61.037744448800	-1.1937638397715e+02
61.067723694600	-1.1866169359784e+02
61.097702940400	-1.1794381854170e+02
61.127682186200	-1.1722367082506e+02
61.157661432000	-1.1650215331471e+02
61.187640677800	-1.1578015896886e+02
61.217619923600	-1.1505857008884e+02
61.247599169400	-1.1433825758226e+02
61.277578415200	-1.1362008023823e+02
61.307557661000	-1.1290488401550e+02
61.337536906800	-1.1219350134397e+02
61.367516152600	-1.1148675044029e+02
61.397495398400	-1.1078543463823e+02
61.427474644200	-1.1009034173435e+02
61.457453890000	-1.0940224334965e+02
61.487433135800	-1.0872189430767e+02
61.517412381600	-1.0805003202975e+02
61.547391627400	-1.0738737594787e+02
61.577370873200	-1.0673462693570e+02
61.607350119000	-1.0609246675829e+02
61.637329364800	-1.0546155754103e+02
61.667308610600	-1.0484254125814e+02
61.697287856400	-1.0423603924138e+02
61.727267102200	-1.0364265170933e+02
61.757246348000	-1.0306295731752e+02
61.787225593800	-1.0249751273012e+02
61.817204839600	-1.0194685221325e+02
61.847184085400	-1.0141148725044e+02
61.877163331200	-1.0089190618057e+02
61.907142577000	-1.0038857385855e+02
61.937121822800	-9.9901931339015e+01
61.967101068600	-9.9432395583447e+01
61.997080314400	-9.8980359190758e+01
62.027059560200	-9.8546190151722e+01
62.057038806000	-9.8130231627398e+01
62.087018051800	-9.7732801751711e+01
62.116997297600	-9.7354193458365e+01
62.146976543400	-9.6994674332210e+01
62.176955789200	-9.6654486485167e+01
62.206935035000	-9.6333846456799e+01
62.236914280800	-9.6032945139584e+01
62.266893526600	-9.5751947728919e+01
62.296872772400	-9.5490993697877e+01
62.326852018200	-9.5250196796695e+01
62.356831264000	-9.5029645076950e+01
62.386810509800	-9.4829400940386e+01
62.416789755600	-9.4649501212270e+01
62.446769001400	-9.4489957239204e+01
62.476748247200	-9.4350755011236e+01
62.506727493000	-9.4231855308121e+01
62.536706738800	-9.4133193869561e+01
62.566685984600	-9.4054681589207e+01
62.596665230400	-9.3996204732205e+01
62.626644476200	-9.3957625176041e+01
62.656623722000	-9.3938780674406e+01
62.686602967800	-9.3939485143790e+01
62.716582213600	-9.3959528972500e+01
62.746561459400	-9.3998679351750e+01
62.776540705200	-9.4056680628473e+01
62.806519951000	-9.4133254679479e+01
62.836499196800	-9.4228101306557e+01
62.866478442600	-9.4340898652095e+01
62.896457688400	-9.4471303634796e+01
62.926436934200	-9.4618952405008e+01
62.956416180000	-9.4783460819213e+01
62.986395425800	-9.4964424933171e+01
63.016374671600	-9.5161421513198e+01
63.046353917400	-9.5374008565058e+01
63.076333163200	-9.5601725879922e+01
63.106312409000	-9.5844095596824e+01
63.136291654800	-9.6100622781033e+01
63.166270900600	-9.6370796017755e+01
63.196250146400	-9.6654088020558e+01
63.226229392200	-9.6949956253876e+01
63.256208638000	-9.7257843568986e+01
63.286187883800	-9.7577178852786e+01
63.316167129600	-9.7907377688722e+01
63.346146375400	-9.8247843029195e+01
63.376125621200	-9.8597965878756e+01
63.406104867000	-9.8957125987407e+01
63.436084112800	-9.9324692553291e+01
63.466063358600	-9.9700024934081e+01
63.496042604400	-1.0008247336633e+02
63.526021850200	-1.0047137969205e+02
63.556001096000	-1.0086607809184e+02
63.585980341800	-1.0126589582374e+02
63.615959587600	-1.0167015396713e+02
63.645938833400	-1.0207816817093e+02
63.675918079200	-1.0248924940529e+02
63.705897325000	-1.0290270471606e+02
63.735876570800	-1.0331783798132e+02
63.765855816600	-1.0373395066915e+02
63.795835062400	-1.0415034259584e+02
63.825814308200	-1.0456631268393e+02
63.855793554000	-1.0498115971921e+02
63.885772799800	-1.0539418310592e+02
63.915752045600	-1.0580468361948e+02
63.945731291400	-1.0621196415588e+02
63.975710537200	-1.0661533047712e+02
64.005689783000	-1.0701409195184e+02
64.035669028800	-1.0740756229050e+02
64.065648274600	-1.0779506027427e+02
64.095627520400	-1.0817591047704e+02
64.125606766200	-1.0854944397969e+02
64.155586012000	-1.0891499907609e+02
64.185565257800	-1.0927192196990e+02
64.215544503600	-1.0961956746169e+02
64.245523749400	-1.0995729962563e+02
64.275502995200	-1.1028449247501e+02
64.305482241000	-1.1060053061604e+02
64.335461486800	-1.1090480988924e+02
64.365440732600	-1.1119673799774e+02
64.395419978400	-1.1147573512202e+02
64.425399224200	-1.1174123452026e+02
64.455378470000	-1.1199268311395e+02
64.485357715800	-1.1222954205801e+02
64.515336961600	-1.1245128729499e+02
64.545316207400	-1.1265741009261e+02
64.575295453200	-1.1284741756445e+02
64.605274699000	-1.1302083317291e+02
64.635253944800	-1.1317719721420e+02
64.665233190600	-1.1331606728483e+02
64.695212436400	-1.1343701872910e+02
64.725191682200	-1.1353964506716e+02
64.755170928000	-1.1362355840333e+02
64.785150173800	-1.1368838981415e+02
64.815129419600	-1.1373378971590e+02
64.845108665400	-1.1375942821113e+02
64.875087911200	-1.1376499541397e+02
64.905067157000	-1.1375020175388e+02
64.935046402800	-1.1371477825750e+02
64.965025648600	-1.1365847680841e+02
64.995004894400	-1.1358107038453e+02
65.024984140200	-1.1348235327290e+02
65.054963386000	-1.1336214126173e+02
65.084942631800	-1.1322027180946e+02
65.114921877600	-1.1305660419072e+02
65.144901123400	-1.1287101961905e+02
65.174880369200	-1.1266342134632e+02
65.204859615000	-1.1243373473870e+02
65.234838860800	-1.1218190732916e+02
65.264818106600	-1.1190790884646e+02
65.294797352400	-1.1161173122065e+02
65.324776598200	-1.1129338856502e+02
65.354755844000	-1.1095291713466e+02
65.384735089800	-1.1059037526151e+02
65.414714335600	-1.1020584326621e+02
65.444693581400	-1.0979942334666e+02
65.474672827200	-1.0937123944354e+02
65.504652073000	-1.0892143708287e+02
65.534631318800	-1.0845018319588e+02
65.564610564600	-1.0795766591631e+02
65.594589810400	-1.0744409435539e+02
65.624569056200	-1.0690969835472e+02
65.654548302000	-1.0635472821741e+02
65.684527547800	-1.0577945441768e+02
65.714506793600	-1.0518416728920e+02
65.744486039400	-1.0456917669267e+02
65.774465285200	-1.0393481166279e+02
65.804444531000	-1.0328142003514e+02
65.834423776800	-1.0260936805330e+02
65.864403022600	-1.0191903995665e+02
65.894382268400	-1.0121083754928e+02
65.924361514200	-1.0048517975042e+02
65.954340760000	-9.9742502126955e+01
65.984320005800	-9.8983256408428e+01
66.014299251600	-9.8207909985071e+01
66.044278497400	-9.7416945389404e+01
66.074257743200	-9.6610859761910e+01
66.104236989000	-9.5790164301379e+01
66.134216234800	-9.4955383700457e+01
66.164195480600	-9.4107055567021e+01
66.194174726400	-9.3245729831955e+01
66.224153972200	-9.2371968143962e+01
66.254133218000	-9.1486343252024e+01
66.284112463800	-9.0589438376168e+01
66.314091709600	-8.9681846567171e+01
66.344070955400	-8.8764170055886e+01
66.374050201200	-8.7837019592852e+01
66.404029447000	-8.6901013778872e+01
66.434008692800	-8.5956778387260e+01
66.463987938600	-8.5004945678451e+01
66.493967184400	-8.4046153707682e+01
66.523946430200	-8.3081045626471e+01
66.553925676000	-8.2110268978597e+01
66.583904921800	-8.1134474991337e+01
66.613884167600	-8.0154317862658e+01
66.643863413400	-7.9170454045132e+01
66.673842659200	-7.8183541527298e+01
66.703821905000	-7.7194239113213e+01
66.733801150800	-7.6203205700945e+01
66.763780396600	-7.5211099560748e+01
66.793759642400	-7.4218577613665e+01
66.823738888200	-7.3226294711310e+01
66.853718134000	-7.2234902917561e+01
66.883697379800	-7.1245050792926e+01
66.913676625600	-7.0257382682308e+01
66.943655871400	-6.9272538006900e+01
66.973635117200	-6.8291150560969e+01
67.003614363000	-6.7313847814226e+01
67.033593608800	-6.6341250220521e+01
67.063572854600	-6.5373970533582e+01
67.093552100400	-6.4412613130494e+01
67.123531346200	-6.3457773343629e+01
67.153510592000	-6.2510036801717e+01
67.183489837800	-6.1569978780746e+01
67.213469083600	-6.0638163565350e+01
67.243448329400	-5.9715143821376e+01
67.273427575200	-5.8801459980247e+01
67.303406821000	-5.7897639635798e+01
67.333386066800	-5.7004196954184e+01
67.363365312600	-5.6121632097488e+01
67.393344558400	-5.5250430661637e+01
67.423323804200	-5.4391063129197e+01
67.453303050000	-5.3543984337627e+01
67.483282295800	-5.2709632963558e+01
67.513261541600	-5.1888431023619e+01
67.543240787400	-5.1080783392348e+01
67.573220033200	-5.0287077337694e+01
67.603199279000	-4.9507682074593e+01
67.633178524800	-4.8742948337096e+01
67.663157770600	-4.7993207969491e+01
67.693137016400	-4.7258773536876e+01
67.723116262200	-4.6539937955566e+01
67.753095508000	-4.5836974143756e+01
67.783074753800	-4.5150134692794e+01
67.813053999600	-4.4479651559435e+01
67.843033245400	-4.3825735779391e+01
67.873012491200	-4.3188577202502e+01
67.902991737000	-4.2568344249811e+01
67.932970982800	-4.1965183692812e+01
67.962950228600	-4.1379220455111e+01
67.992929474400	-4.0810557436735e+01
68.022908720200	-4.0259275361273e+01
68.052887966000	-3.9725432646043e+01
68.082867211800	-3.9209065295420e+01
68.112846457600	-3.8710186817475e+01
68.142825703400	-3.8228788164013e+01
68.172804949200	-3.7764837694114e+01
68.202784195000	-3.7318281161216e+01
68.232763440800	-3.6889041723793e+01
68.262742686600	-3.6477019979629e+01
68.292721932400	-3.6082094023686e+01
68.322701178200	-3.5704119529523e+01
68.352680424000	-3.5342929854213e+01
68.382659669800	-3.4998336166668e+01
68.412638915600	-3.4670127599279e+01
68.442618161400	-3.4358071422726e+01
68.472597407200	-3.4061913243814e+01
68.502576653000	-3.3781377226161e+01
68.532555898800	-3.3516166333527e+01
68.562535144600	-3.3265962595578e+01
68.592514390400	-3.3030427395819e+01
68.622493636200	-3.2809201781455e+01
68.652472882000	-3.2601906794863e+01
68.682452127800	-3.2408143826385e+01
68.712431373600	-3.2227494988092e+01
68.742410619400	-3.2059523508185e+01
68.772389865200	-3.1903774145627e+01
68.802369111000	-3.1759773624646e+01
68.832348356800	-3.1627031088664e+01
68.862327602600	-3.1505038573227e+01
68.892306848400	-3.1393271497485e+01
68.922286094200	-3.1291189173738e+01
68.952265340000	-3.1198235334562e+01
68.982244585800	-3.1113838677004e+01
69.012223831600	-3.1037413423311e+01
69.042203077400	-3.0968359897656e+01
69.072182323200	-3.0906065118295e+01
69.102161569000	-3.0849903404577e+01
69.132140814800	-3.0799236998219e+01
69.162120060600	-3.0753416698229e+01
69.192099306400	-3.0711782508867e+01
69.222078552200	-3.0673664299996e+01
69.252057798000	-3.0638382479192e+01
69.282037043800	-3.0605248674926e+01
69.312016289600	-3.0573566430182e+01
69.341995535400	-3.0542631905790e+01
69.371974781200	-3.0511734592812e+01
69.401954027000	-3.0480158033257e+01
69.431933272800	-3.0447180548427e+01
69.461912518600	-3.0412075974164e+01
69.491891764400	-3.0374114402279e+01
69.521871010200	-3.0332562927424e+01
69.551850256000	-3.0286686398668e+01
69.581829501800	-3.0235748175029e+01
69.611808747600	-3.0179010884220e+01
69.641787993400	-3.0115737183846e+01
69.671767239200	-3.0045190524298e+01
69.701746485000	-2.9966635912591e+01
69.731725730800	-2.9879340676372e+01
69.761704976600	-2.9782575227354e+01
69.791684222400	-2.9675613823396e+01
69.821663468200	-2.9557735328482e+01
69.851642714000	-2.9428223969831e+01
69.881621959800	-2.9286370091389e+01
69.911601205600	-2.9131470902940e+01
69.941580451400	-2.8962831224086e+01
69.971559697200	-2.8779764222361e+01
70.001538943000	-2.8581592144727e+01
70.031518188800	-2.8367647041715e+01
70.061497434600	-2.8137271483493e+01
70.091476680400	-2.7889819267137e+01
70.121455926200	-2.7624656114381e+01
70.151435172000	-2.7341160359163e+01
70.181414417800	-2.7038723624249e+01
70.211393663600	-2.6716751486273e+01
70.241372909400	-2.6374664128499e+01
70.271352155200	-2.6011896980660e+01
70.301331401000	-2.5627901345218e+01
70.331310646800	-2.5222145009404e+01
70.361289892600	-2.4794112842421e+01
70.391269138400	-2.4343307377202e+01
70.421248384200	-2.3869249376121e+01
70.451227630000	-2.3371478380090e+01
70.481206875800	-2.2849553240464e+01
70.511186121600	-2.2303052633227e+01
70.541165367400	-2.1731575554907e+01
70.571144613200	-2.1134741799730e+01
70.601123859000	-2.0512192417507e+01
70.631103104800	-1.9863590151777e+01
70.661082350600	-1.9188619857766e+01
70.691061596400	-1.8486988899701e+01
70.721040842200	-1.7758427527089e+01
70.751020088000	-1.7002689229546e+01
70.780999333800	-1.6219551069810e+01
70.810978579600	-1.5408813994581e+01
70.840957825400	-1.4570303122857e+01
70.870937071200	-1.3703868011457e+01
70.900916317000	-1.2809382897440e+01
70.930895562800	-1.1886746917155e+01
70.960874808600	-1.0935884301685e+01
70.990854054400	-9.9567445484513e+00
71.020833300200	-8.9493025688026e+00
71.050812546000	-7.9135588113956e+00
71.080791791800	-6.8495393612301e+00
71.110771037600	-5.7572960142106e+00
71.140750283400	-4.6369063271309e+00
71.170729529200	-3.4884736430069e+00
71.200708775000	-2.3121270917041e+00
71.230688020800	-1.1080215658293e+00
71.260667266600	1.2366232811503e-01
71.290646512400	1.3827183432967e+00
71.320625758200	2.6689146907940e+00
71.350605004000	3.9819941624422e+00
71.380584249800	5.3216742781942e+00
71.410563495600	6.6876474578777e+00
71.440542741400	8.0795812172084e+00
71.470521987200	9.4971183878938e+00
71.500501233000	1.0939877361640e+01
71.530480478800	1.2407452357849e+01
71.560459724600	1.3899413714769e+01
71.590438970400	1.5415308203839e+01
71.620418216200	1.6954659366953e+01
71.650397462000	1.8516967876326e+01
71.680376707800	2.0101711916646e+01
71.710355953600	2.1708347589160e+01
71.740335199400	2.3336309337315e+01
71.770314445200	2.4985010393581e+01
71.800293691000	2.6653843247019e+01
71.830272936800	2.8342180131177e+01
71.860252182600	3.0049373531853e+01
71.890231428400	3.1774756714253e+01
71.920210674200	3.3517644269048e+01
71.950189920000	3.5277332676823e+01
71.980169165800	3.7053100890377e+01
72.010148411600	3.8844210934339e+01
72.040127657400	4.0649908521526e+01
72.070106903200	4.2469423685455e+01
72.100086149000	4.4301971428430e+01
72.130065394800	4.6146752384559e+01
72.160044640600	4.8002953497106e+01
72.190023886400	4.9869748709498e+01
72.220003132200	5.1746299669365e+01
72.249982378000	5.3631756444911e+01
72.279961623800	5.5525258252951e+01
72.309940869600	5.7425934197912e+01
72.339920115400	5.9332904021092e+01
72.369899361200	6.1245278859460e+01
72.399878607000	6.3162162013268e+01
72.429857852800	6.5082649721740e+01
72.459837098600	6.7005831946100e+01
72.489816344400	6.8930793159171e+01
72.519795590200	7.0856613140802e+01
72.549774836000	7.2782367778350e+01
72.579754081800	7.4707129871443e+01
72.609733327600	7.6629969940258e+01
72.639712573400	7.8549957036526e+01
72.669691819200	8.0466159556486e+01
72.699671065000	8.2377646054998e+01
72.729650310800	8.4283486060038e+01
72.759629556600	8.6182750886777e+01
72.789608802400	8.8074514450462e+01
72.819588048200	8.9957854077307e+01
72.849567294000	9.1831851312625e+01
72.879546539800	9.3695592725386e+01
72.909525785600	9.5548170708461e+01
72.939505031400	9.7388684273737e+01
72.969484277200	9.9216239841359e+01
72.999463523000	1.0102995202232e+02
73.029442768800	1.0282894439364e+02
73.059422014600	1.0461235026538e+02
73.089401260400	1.0637931343874e+02
73.119380506200	1.0812898895454e+02
73.149359752000	1.0986054383126e+02
73.179338997800	1.1157315779206e+02
73.209318243600	1.1326602397994e+02
73.239297489400	1.1493834966040e+02
73.269276735200	1.1658935691094e+02
73.299255981000	1.1821828329672e+02
73.329235226800	1.1982438253158e+02
73.359214472600	1.2140692512403e+02
73.389193718400	1.2296519900739e+02
73.419172964200	1.2449851015346e+02
73.449152210000	1.2600618316924e+02
73.479131455800	1.2748756187604e+02
73.509110701600	1.2894200987036e+02
73.539089947400	1.3036891106614e+02
73.569069193200	1.3176767021766e+02
73.599048439000	1.3313771342275e+02
73.629027684800	1.3447848860571e+02
73.659006930600	1.3578946597944e+02
73.688986176400	1.3707013848650e+02
73.718965422200	1.3832002221839e+02
73.748944668000	1.3953865681292e+02
73.778923913800	1.4072560582909e+02
73.808903159600	1.4188045709910e+02
73.838882405400	1.4300282305736e+02
73.868861651200	1.4409234104587e+02
73.898840897000	1.4514867359589e+02
73.928820142800	1.4617150868554e+02
73.958799388600	1.4716055997307e+02
73.988778634400	1.4811556700555e+02
74.018757880200	1.4903629540288e+02
74.048737126000	1.4992253701672e+02
74.078716371800	1.5077411006442e+02
74.108695617600	1.5159085923766e+02
74.138674863400	1.5237265578574e+02
74.168654109200	1.5311939757340e+02
74.198633355000	1.5383100911313e+02
74.228612600800	1.5450744157200e+02
74.258591846600	1.5514867275285e+02
74.288571092400	1.5575470704997e+02
74.318550338200	1.5632557537926e+02
74.348529584000	1.5686133508296e+02
74.378508829800	1.5736206980898e+02
74.408488075600	1.5782788936507e+02
74.438467321400	1.5825892954774e+02
74.468446567200	1.5865535194637e+02
74.498425813000	1.5901734372250e+02
74.528405058800	1.5934511736452e+02
74.558384304600	1.5963891041812e+02
74.588363550400	1.5989898519264e+02
74.618342796200	1.6012562844366e+02
74.648322042000	1.6031915103209e+02
74.678301287800	1.6047988756013e+02
74.708280533600	1.6060819598448e+02
74.738259779400	1.6070445720704e+02
74.768239025200	1.6076907464367e+02
74.798218271000	1.6080247377132e+02
74.828197516800	1.6080510165396e+02
74.858176762600	1.6077742644788e+02
74.888156008400	1.6071993688667e+02
74.918135254200	1.6063314174655e+02
74.948114500000	1.6051756929247e+02
74.978093745800	1.6037376670554e+02
75.008072991600	1.6020229949235e+02
75.038052237400	1.6000375087675e+02
75.068031483200	1.5977872117476e+02
75.098010729000	1.5952782715302e+02
75.127989974800	1.5925170137169e+02
75.157969220600	1.5895099151212e+02
75.187948466400	1.5862635969032e+02
75.217927712200	1.5827848175648e+02
75.247906958000	1.5790804658162e+02
75.277886203800	1.5751575533180e+02
75.307865449600	1.5710232073069e+02
75.337844695400	1.5666846631128e+02
75.367823941200	1.5621492565736e+02
75.397803187000	1.5574244163559e+02
75.427782432800	1.5525176561884e+02
75.457761678600	1.5474365670170e+02
75.487740924400	1.5421888090874e+02
75.517720170200	1.5367821039642e+02
75.547699416000	1.5312242264950e+02
75.577678661800	1.5255229967252e+02
75.607657907600	1.5196862717736e+02
75.637637153400	1.5137219376760e+02
75.667616399200	1.5076379012041e+02
75.697595645000	1.5014420816697e+02
75.727574890800	1.4951424027196e+02
75.757554136600	1.4887467841319e+02
75.787533382400	1.4822631336203e+02
75.817512628200	1.4756993386545e+02
75.847491874000	1.4690632583058e+02
75.877471119800	1.4623627151246e+02
75.907450365600	1.4556054870590e+02
75.937429611400	1.4487992994218e+02
75.967408857200	1.4419518169144e+02
75.997388103000	1.4350706357147e+02
76.027367348800	1.4281632756378e+02
76.057346594600	1.4212371723764e+02
76.087325840400	1.4142996698296e+02
76.117305086200	1.4073580125264e+02
76.147284332000	1.4004193381531e+02
76.177263577800	1.3934906701901e+02
76.207242823600	1.3865789106673e+02
76.237222069400	1.3796908330440e+02
76.267201315200	1.3728330752212e+02
76.297180561000	1.3660121326927e+02
76.327159806800	1.3592343518422e+02
76.357139052600	1.3525059233931e+02
76.387118298400	1.3458328760174e+02
76.417097544200	1.3392210701105e+02
76.447076790000	1.3326761917368e+02
76.477056035800	1.3262037467548e+02
76.507035281600	1.3198090551250e+02
76.537014527400	1.3134972454074e+02
76.566993773200	1.3072732494545e+02
76.596973019000	1.3011417973047e+02
76.626952264800	1.2951074122815e+02
76.656931510600	1.2891744063029e+02
76.686910756400	1.2833468754069e+02
76.716890002200	1.2776286954965e+02
76.746869248000	1.2720235183092e+02
76.776848493800	1.2665347676153e+02
76.806827739600	1.2611656356480e+02
76.836806985400	1.2559190797701e+02
76.866786231200	1.2507978193802e+02
76.896765477000	1.2458043330613e+02
76.926744722800	1.2409408559759e+02
76.956723968600	1.2362093775088e+02
76.986703214400	1.2316116391616e+02
77.016682460200	1.2271491327001e+02
77.046661706000	1.2228230985575e+02
77.076640951800	1.2186345244940e+02
77.106620197600	1.2145841445160e+02
77.136599443400	1.2106724380539e+02
77.166578689200	1.2068996294025e+02
77.196557935000	1.2032656874212e+02
77.226537180800	1.1997703254981e+02
77.256516426600	1.1964130017752e+02
77.286495672400	1.1931929196372e+02
77.316474918200	1.1901090284612e+02
77.346454164000	1.1871600246292e+02
77.376433409800	1.1843443528007e+02
77.406412655600	1.1816602074456e+02
77.436391901400	1.1791055346353e+02
77.466371147200	1.1766780340908e+02
77.496350393000	1.1743751614867e+02
77.526329638800	1.1721941310072e+02
77.556308884600	1.1701319181540e+02
77.586288130400	1.1681852628020e+02
77.616267376200	1.1663506725005e+02
77.646246622000	1.1646244260175e+02
77.676225867800	1.1630025771222e+02
77.706205113600	1.1614809586046e+02
77.736184359400	1.1600551865258e+02
77.766163605200	1.1587206646971e+02
77.796142851000	1.1574725893829e+02
77.826122096800	1.1563059542228e+02
77.856101342600	1.1552155553686e+02
77.886080588400	1.1541959968311e+02
77.916059834200	1.1532416960323e+02
77.946039080000	1.1523468895569e+02
77.976018325800	1.1515056390977e+02
78.005997571600	1.1507118375899e+02
78.035976817400	1.1499592155286e+02
78.065956063200	1.1492413474617e+02
78.095935309000	1.1485516586546e+02
78.125914554800	1.1478834319179e+02
78.155893800600	1.1472298145937e+02
78.185873046400	1.1465838256921e+02
78.215852292200	1.1459383631720e+02
78.245831538000	1.1452862113585e+02
78.275810783800	1.1446200484912e+02
78.305790029600	1.1439324543941e+02
78.335769275400	1.1432159182612e+02
78.365748521200	1.1424628465503e+02
78.395727767000	1.1416655709756e+02
78.425707012800	1.1408163565946e+02
78.455686258600	1.1399074099779e+02
78.485665504400	1.1389308874564e+02
78.515644750200	1.1378789034374e+02
78.545623996000	1.1367435387810e+02
78.575603241800	1.1355168492289e+02
78.605582487600	1.1341908738778e+02
78.635561733400	1.1327576436888e+02
78.665540979200	1.1312091900246e+02
78.695520225000	1.1295375532058e+02
78.725499470800	1.1277347910791e+02
78.755478716600	1.1257929875879e+02
78.785457962400	1.1237042613368e+02
78.815437208200	1.1214607741431e+02
78.845416454000	1.1190547395654e+02
78.875395699800	1.1164784314019e+02
78.905374945600	1.1137241921492e+02
78.935354191400	1.1107844414140e+02
78.965333437200	1.1076516842702e+02
78.995312683000	1.1043185195505e+02
79.025291928800	1.1007776480677e+02
79.055271174600	1.0970218807553e+02
79.085250420400	1.0930441467198e+02
79.115229666200	1.0888375011979e+02
79.145208912000	1.0843951334092e+02
79.175188157800	1.0797103742976e+02
79.205167403600	1.0747767041533e+02
79.235146649400	1.0695877601081e+02
79.265125895200	1.0641373434969e+02
79.295105141000	1.0584194270767e+02
79.325084386800	1.0524281620977e+02
79.355063632600	1.0461578852185e+02
79.385042878400	1.0396031252581e+02
79.415022124200	1.0327586097794e+02
79.445001370000	1.0256192714953e+02
79.474980615800	1.0181802544943e+02
79.504959861600	1.0104369202752e+02
79.534939107400	1.0023848535889e+02
79.564918353200	9.9401986807825e+01
79.594897599000	9.8533801171199e+01
79.624876844800	9.7633557200699e+01
79.654856090600	9.6700908103274e+01
79.684835336400	9.5735532019388e+01
79.714814582200	9.4737132478528e+01
79.744793828000	9.3705438831530e+01
79.774773073800	9.2640206659253e+01
79.804752319600	9.1541218157197e+01
79.834731565400	9.0408282495647e+01
79.864710811200	8.9241236154973e+01
79.894690057000	8.8039943235732e+01
79.924669302800	8.6804295743231e+01
79.954648548600	8.5534213846257e+01
79.984627794400	8.4229646109684e+01
80.014607040200	8.2890569700700e+01
80.044586286000	8.1516990568423e+01
80.074565531800	8.0108943596699e+01
80.104544777600	7.8666492729905e+01
80.134524023400	7.7189731071586e+01
80.164503269200	7.5678780955819e+01
80.194482515000	7.4133793991184e+01
80.224461760800	7.2554951077263e+01
80.254441006600	7.0942462393629e+01
80.284420252400	6.9296567361295e+01
80.314399498200	6.7617534576609e+01
80.344378744000	6.5905661717649e+01
80.374357989800	6.4161275423156e+01
80.404337235600	6.2384731144080e+01
80.434316481400	6.0576412967868e+01
80.464295727200	5.8736733415599e+01
80.494274973000	5.6866133212149e+01
80.524254218800	5.4965081029557e+01
80.554233464600	5.3034073203804e+01
80.584212710400	5.1073633425249e+01
80.614191956200	4.9084312402971e+01
80.644171202000	4.7066687503317e+01
80.674150447800	4.5021362362956e+01
80.704129693600	4.2948966476780e+01
80.734108939400	4.0850154761018e+01
80.764088185200	3.8725607091932e+01
80.794067431000	3.6576027820520e+01
80.824046676800	3.4402145263642e+01
80.854025922600	3.2204711172031e+01
80.884005168400	2.9984500175670e+01
80.913984414200	2.7742309207011e+01
80.943963660000	2.5478956902587e+01
80.973942905800	2.3195282983528e+01
81.003922151600	2.0892147615557e+01
81.033901397400	1.8570430749047e+01
81.063880643200	1.6231031439733e+01
81.093859889000	1.3874867150697e+01
81.123839134800	1.1502873036267e+01
81.153818380600	9.1160012084904e+00
81.183797626400	6.7152199868324e+00
81.213776872200	4.3015131318124e+00
81.243756118000	1.8758790632637e+00
81.273735363800	-5.6066993605651e-01
81.303714609600	-3.0071085307768e+00
81.333693855400	-5.4623991563939e+00
81.363673101200	-7.9254928551686e+00
81.393652347000	-1.0395330123663e+01
81.423631592800	-1.2870841771139e+01
81.453610838600	-1.5350949788016e+01
81.483590084400	-1.7834568223599e+01
81.513569330200	-2.0320604072247e+01
81.543548576000	-2.2807958167174e+01
81.573527821800	-2.5295526081046e+01
81.603507067600	-2.7782199032538e+01
81.633486313400	-3.0266864798018e+01
81.663465559200	-3.2748408627501e+01
81.693444805000	-3.5225714164021e+01
81.723424050800	-3.7697664365575e+01
81.753403296600	-4.0163142428777e+01
81.783382542400	-4.2621032713351e+01
81.813361788200	-4.5070221666626e+01
81.843341034000	-4.7509598747143e+01
81.873320279800	-4.9938057346534e+01
81.903299525600	-5.2354495708810e+01
81.933278771400	-5.4757817846185e+01
81.963258017200	-5.7146934450606e+01
81.993237263000	-5.9520763800113e+01
82.023216508800	-6.1878232659206e+01
82.053195754600	-6.4218277172357e+01
82.083175000400	-6.6539843749852e+01
82.113154246200	-6.8841889945112e+01
82.143133492000	-7.1123385322703e+01
82.173112737800	-7.3383312316189e+01
82.203091983600	-7.5620667075063e+01
82.233071229400	-7.7834460299927e+01
82.263050475200	-8.0023718065172e+01
82.293029721000	-8.2187482628365e+01
82.323008966800	-8.4324813225604e+01
82.352988212600	-8.6434786852080e+01
82.382967458400	-8.8516499027131e+01
82.412946704200	-9.0569064543065e+01
82.442925950000	-9.2591618197049e+01
82.472905195800	-9.4583315505386e+01
82.502884441600	-9.6543333399509e+01
82.532863687400	-9.8470870903040e+01
82.562842933200	-1.0036514978928e+02
82.592822179000	-1.0222541521851e+02
82.622801424800	-1.0405093635456e+02
82.652780670600	-1.0584100695993e+02
82.682759916400	-1.0759494596910e+02
82.712739162200	-1.0931209803936e+02
82.742718408000	-1.1099183407862e+02
82.772697653800	-1.1263355174990e+02
82.802676899600	-1.1423667595173e+02
82.832656145400	-1.1580065927435e+02
82.862635391200	-1.1732498243097e+02
82.892614637000	-1.1880915466396e+02
82.922593882800	-1.2025271412531e+02
82.952573128600	-1.2165522823134e+02
82.982552374400	-1.2301629399103e+02
83.012531620200	-1.2433553830779e+02
83.042510866000	-1.2561261825449e+02
83.072490111800	-1.2684722132126e+02
83.102469357600	-1.2803906563609e+02
83.132448603400	-1.2918790015780e+02
83.162427849200	-1.3029350484142e+02
83.192407095000	-1.3135569077557e+02
83.222386340800	-1.3237430029205e+02
83.252365586600	-1.3334920704717e+02
83.282344832400	-1.3428031607509e+02
83.312324078200	-1.3516756381288e+02
83.342303324000	-1.3601091809740e+02
83.372282569800	-1.3681037813401e+02
83.402261815600	-1.3756597443707e+02
83.432241061400	-1.3827776874240e+02
83.462220307200	-1.3894585389167e+02
83.492199553000	-1.3957035368899e+02
83.522178798800	-1.4015142272961e+02
83.552158044600	-1.4068924620119e+02
83.582137290400	-1.4118403965757e+02
83.612116536200	-1.4163604876545e+02
83.642095782000	-1.4204554902406e+02
83.672075027800	-1.4241284545828e+02
83.702054273600	-1.4273827228534e+02
83.732033519400	-1.4302219255551e+02
83.762012765200	-1.4326499776707e+02
83.791992011000	-1.4346710745605e+02
83.821971256800	-1.4362896876093e+02
83.851950502600	-1.4375105596296e+02
83.881929748400	-1.4383387000229e+02
83.911908994200	-1.4387793797059e+02
83.941888240000	-1.4388381258055e+02
83.971867485800	-1.4385207161272e+02
84.001846731600	-1.4378331734031e+02
84.031825977400	-1.4367817593246e+02
84.061805223200	-1.4353729683653e+02
84.091784469000	-1.4336135214006e+02
84.121763714800	-1.4315103591293e+02
84.151742960600	-1.4290706353040e+02
84.181722206400	-1.4263017097765e+02
84.211701452200	-1.4232111413653e+02
84.241680698000	-1.4198066805514e+02
84.271659943800	-1.4160962620091e+02
84.301639189600	-1.4120879969805e+02
84.331618435400	-1.4077901654987e+02
84.361597681200	-1.4032112084690e+02
84.391576927000	-1.3983597196142e+02
84.421556172800	-1.3932444372933e+02
84.451535418600	-1.3878742361991e+02
84.481514664400	-1.3822581189447e+02
84.511493910200	-1.3764052075461e+02
84.541473156000	-1.3703247348082e+02
84.571452401800	-1.3640260356238e+02
84.601431647600	-1.3575185381928e+02
84.631410893400	-1.3508117551700e+02
84.661390139200	-1.3439152747508e+02
84.691369385000	-1.3368387517017e+02
84.721348630800	-1.3295918983455e+02
84.751327876600	-1.3221844755093e+02
84.781307122400	-1.3146262834431e+02
84.811286368200	-1.3069271527185e+02
84.841265614000	-1.2990969351161e+02
84.871244859800	-1.2911454945094e+02
84.901224105600	-1.2830826977544e+02
84.931203351400	-1.2749184055939e+02
84.961182597200	-1.2666624635834e+02
84.991161843000	-1.2583246930496e+02
85.021141088800	-1.2499148820879e+02
85.051120334600	-1.2414427766081e+02
85.081099580400	-1.2329180714375e+02
85.111078826200	-1.2243504014881e+02
85.141058072000	-1.2157493329981e+02
85.171037317800	-1.2071243548540e+02
85.201016563600	-1.1984848700030e+02
85.230995809400	-1.1898401869632e+02
85.260975055200	-1.1811995114388e+02
85.290954301000	-1.1725719380495e+02
85.320933546800	-1.1639664421811e+02
85.350912792600	-1.1553918719641e+02
85.380892038400	-1.1468569403899e+02
85.410871284200	-1.1383702175696e+02
85.440850530000	-1.1299401231443e+02
85.470829775800	-1.1215749188527e+02
85.500809021600	-1.1132827012646e+02
85.530788267400	-1.1050713946846e+02
85.560767513200	-1.0969487442348e+02
85.590746759000	-1.0889223091220e+02
85.620726004800	-1.0809994560951e+02
85.650705250600	-1.0731873530995e+02
85.680684496400	-1.0654929631345e+02
85.710663742200	-1.0579230383180e+02
85.740642988000	-1.0504841141660e+02
85.770622233800	-1.0431825040896e+02
85.800601479600	-1.0360242941170e+02
85.830580725400	-1.0290153378437e+02
85.860559971200	-1.0221612516159e+02
85.890539217000	-1.0154674099515e+02
85.920518462800	-1.0089389412026e+02
85.950497708600	-1.0025807234641e+02
85.980476954400	-9.9639738073101e+01
86.010456200200	-9.9039327930809e+01
86.040435446000	-9.8457252447592e+01
86.070414691800	-9.7893895741507e+01
86.100393937600	-9.7349615239166e+01
86.130373183400	-9.6824741420667e+01
86.160352429200	-9.6319577591097e+01
86.190331675000	-9.5834399678803e+01
86.220310920800	-9.5369456060602e+01
86.250290166600	-9.4924967414051e+01
86.280269412400	-9.4501126596898e+01
86.310248658200	-9.4098098553794e+01
86.340227904000	-9.3716020250326e+01
86.370207149800	-9.3355000634399e+01
86.400186395600	-9.3015120624971e+01
86.430165641400	-9.2696433128126e+01
86.460144887200	-9.2398963080430e+01
86.490124133000	-9.2122707519500e+01
86.520103378800	-9.1867635681684e+01
86.550082624600	-9.1633689126724e+01
86.580061870400	-9.1420781889255e+01
86.610041116200	-9.1228800656955e+01
86.640020362000	-9.1057604975142e+01
86.669999607800	-9.0907027477602e+01
86.699978853600	-9.0776874143373e+01
86.729958099400	-9.0666924579220e+01
86.759937345200	-9.0576932327495e+01
86.789916591000	-9.0506625199047e+01
86.819895836800	-9.0455705630841e+01
86.849875082600	-9.0423851067897e+01
86.879854328400	-9.0410714369157e+01
86.909833574200	-9.0415924236866e+01
86.939812820000	-9.0439085669000e+01
86.969792065800	-9.0479780434298e+01
86.999771311600	-9.0537567569397e+01
87.029750557400	-9.0611983897569e+01
87.059729803200	-9.0702544568512e+01
87.089709049000	-9.0808743618679e+01
87.119688294800	-9.0930054551536e+01
87.149667540600	-9.1065930937197e+01
87.179646786400	-9.1215807030802e+01
87.209626032200	-9.1379098409030e+01
87.239605278000	-9.1555202624105e+01
87.269584523800	-9.1743499874627e+01
87.299563769600	-9.1943353692563e+01
87.329543015400	-9.2154111645710e+01
87.359522261200	-9.2375106054923e+01
87.389501507000	-9.2605654725390e+01
87.419480752800	-9.2845061691228e+01
87.449459998600	-9.3092617972657e+01
87.479439244400	-9.3347602344994e+01
87.509418490200	-9.3609282118705e+01
87.539397736000	-9.3876913929742e+01
87.569376981800	-9.4149744539375e+01
87.599356227600	-9.4427011642728e+01
87.629335473400	-9.4707944685219e+01
87.659314719200	-9.4991765686100e+01
87.689293965000	-9.5277690068268e+01
87.719273210800	-9.5564927493547e+01
87.749252456600	-9.5852682702596e+01
87.779231702400	-9.6140156358638e+01
87.809210948200	-9.6426545894148e+01
87.839190194000	-9.6711046359699e+01
87.869169439800	-9.6992851274105e+01
87.899148685600	-9.7271153475041e+01
87.929127931400	-9.7545145969289e+01
87.959107177200	-9.7814022781800e+01
87.989086423000	-9.8076979802705e+01
88.019065668800	-9.8333215631481e+01
88.049044914600	-9.8581932417410e+01
88.079024160400	-9.8822336695544e+01
88.109003406200	-9.9053640217324e+01
88.138982652000	-9.9275060775066e+01
88.168961897800	-9.9485823019499e+01
88.198941143600	-9.9685159269559e+01
88.228920389400	-9.9872310313642e+01
88.258899635200	-1.0004652620155e+02
88.288878881000	-1.0020706702637e+02
88.318858126800	-1.0035320369544e+02
88.348837372600	-1.0048421868980e+02
88.378816618400	-1.0059940681130e+02
88.408795864200	-1.0069807591654e+02
88.438775110000	-1.0077954763724e+02
88.468754355800	-1.0084315808594e+02
88.498733601600	-1.0088825854670e+02
88.528712847400	-1.0091421614989e+02
88.558692093200	-1.0092041453057e+02
88.588671339000	-1.0090625446975e+02
88.618650584800	-1.0087115451790e+02
88.648629830600	-1.0081455160022e+02
88.678609076400	-1.0073590160289e+02
88.708588322200	-1.0063467993999e+02
88.738567568000	-1.0051038210029e+02
88.768546813800	-1.0036252417363e+02
88.798526059600	-1.0019064335616e+02
88.828505305400	-9.9994298434142e+01
88.858484551200	-9.9773070245774e+01
88.888463797000	-9.9526562120558e+01
88.918443042800	-9.9254400295894e+01
88.948422288600	-9.8956234310431e+01
88.978401534400	-9.8631737373843e+01
89.008380780200	-9.8280606712664e+01
89.038360026000	-9.7902563891869e+01
89.068339271800	-9.7497355111911e+01
89.098318517600	-9.7064751480914e+01
89.128297763400	-9.6604549261805e+01
89.158277009200	-9.6116570094136e+01
89.188256255000	-9.5600661190406e+01
89.218235500800	-9.5056695506711e+01
89.248214746600	-9.4484571887568e+01
89.278193992400	-9.3884215184793e+01
89.308173238200	-9.3255576350334e+01
89.338152484000	-9.2598632502990e+01
89.368131729800	-9.1913386968961e+01
89.398110975600	-9.1199869296224e+01
89.428090221400	-9.0458135242726e+01
89.458069467200	-8.9688266738427e+01
89.488048713000	-8.8890371821266e+01
89.518027958800	-8.8064584547111e+01
89.548007204600	-8.7211064873812e+01
89.577986450400	-8.6329998519494e+01
89.607965696200	-8.5421596795240e+01
89.637944942000	-8.4486096412359e+01
89.667924187800	-8.3523759264437e+01
89.697903433600	-8.2534872184416e+01
89.727882679400	-8.1519746676947e+01
89.757861925200	-8.0478718626313e+01
89.787841171000	-7.9412147980223e+01
89.817820416800	-7.8320418409798e+01
89.847799662600	-7.7203936946125e+01
89.877778908400	-7.6063133593728e+01
89.907758154200	-7.4898460921381e+01
89.937737400000	-7.3710393630667e+01
89.967716645800	-7.2499428102729e+01
89.997695891600	-7.1266081923683e+01
90.027675137400	-7.0010893389179e+01
90.057654383200	-6.8734420988602e+01
90.087633629000	-6.7437242869456e+01
90.117612874800	-6.6119956282458e+01
90.147592120600	-6.4783177007929e+01
90.177571366400	-6.3427538764032e+01
90.207550612200	-6.2053692597485e+01
90.237529858000	-6.0662306257347e+01
90.267509103800	-5.9254063552517e+01
90.297488349600	-5.7829663693599e+01
90.327467595400	-5.6389820619776e+01
90.357446841200	-5.4935262311400e+01
90.387426087000	-5.3466730088963e+01
90.417405332800	-5.1984977899173e+01
90.447384578600	-5.0490771588843e+01
90.477363824400	-4.8984888167316e+01
90.507343070200	-4.7468115058180e+01
90.537322316000	-4.5941249341014e+01
90.567301561800	-4.4405096983925e+01
90.597280807600	-4.2860472067643e+01
90.627260053400	-4.1308196001954e+01
90.657239299200	-3.9749096735254e+01
90.687218545000	-3.8184007958006e+01
90.717197790800	-3.6613768300907e+01
90.747177036600	-3.5039220528554e+01
90.777156282400	-3.3461210729422e+01
90.807135528200	-3.1880587502956e+01
90.837114774000	-3.0298201144587e+01
90.867094019800	-2.8714902829487e+01
90.897073265600	-2.7131543795872e+01
90.927052511400	-2.5548974528666e+01
90.957031757200	-2.3968043944337e+01
90.987011003000	-2.2389598577720e+01
91.016990248800	-2.0814481771629e+01
91.046969494600	-1.9243532870060e+01
91.076948740400	-1.7677586415794e+01
91.106927986200	-1.6117471353196e+01
91.136907232000	-1.4564010236984e+01
91.166886477800	-1.3018018447774e+01
91.196865723600	-1.1480303415167e+01
91.226844969400	-9.9516638491398e+00
91.256824215200	-8.4328889805181e+00
91.286803461000	-6.9247578112672e+00
91.316782706800	-5.4280383753480e+00
91.346761952600	-3.9434870108689e+00
91.376741198400	-2.4718476442490e+00
91.406720444200	-1.0138510871024e+00
91.436699690000	4.2978565346549e-01
91.466678935800	1.8583600504683e+00
91.496658181600	3.2711847178910e+00
91.526637427400	4.6675880561334e+00
91.556616673200	6.0469148814100e+00
91.586595919000	7.4085270384863e+00
91.616575164800	8.7518039961520e+00
91.646554410600	1.0076143424844e+01
91.676533656400	1.1380961755855e+01
91.706512902200	1.2665694721575e+01
91.736492148000	1.3929797876248e+01
91.766471393800	1.5172747096716e+01
91.796450639600	1.6394039062681e+01
91.826429885400	1.7593191716004e+01
91.856409131200	1.8769744698594e+01
91.886388377000	1.9923259768465e+01
91.916367622800	2.1053321193559e+01
91.946346868600	2.2159536122944e+01
91.976326114400	2.3241534935031e+01
92.006305360200	2.4298971562481e+01
92.036284606000	2.5331523793479e+01
92.066263851800	2.6338893549094e+01
92.096243097600	2.7320807136445e+01
92.126222343400	2.8277015477454e+01
92.156201589200	2.9207294312950e+01
92.186180835000	3.0111444381939e+01
92.216160080800	3.0989291575870e+01
92.246139326600	3.1840687067764e+01
92.276118572400	3.2665507416066e+01
92.306097818200	3.3463654643159e+01
92.336077064000	3.4235056288443e+01
92.366056309800	3.4979665435953e+01
92.396035555600	3.5697460716504e+01
92.426014801400	3.6388446284352e+01
92.455994047200	3.7052651768434e+01
92.485973293000	3.7690132198210e+01
92.515952538800	3.8300967904235e+01
92.545931784600	3.8885264393532e+01
92.575911030400	3.9443152199923e+01
92.605890276200	3.9974786709477e+01
92.635869522000	4.0480347961248e+01
92.665848767800	4.0960040423524e+01
92.695828013600	4.1414092745817e+01
92.725807259400	4.1842757486849e+01
92.755786505200	4.2246310818821e+01
92.785765751000	4.2625052208260e+01
92.815744996800	4.2979304073788e+01
92.845724242600	4.3309411421151e+01
92.875703488400	4.3615741455887e+01
92.905682734200	4.3898683174026e+01
92.935661980000	4.4158646931250e+01
92.965641225800	4.4396063990936e+01
92.995620471600	4.4611386051556e+01
93.025599717400	4.4805084753906e+01
93.055578963200	4.4977651168672e+01
93.085558209000	4.5129595264847e+01
93.115537454800	4.5261445359536e+01
93.145516700600	4.5373747549716e+01
93.175495946400	4.5467065126520e+01
93.205475192200	4.5541977972634e+01
93.235454438000	4.5599081943424e+01
93.265433683800	4.5638988232417e+01
93.295412929600	4.5662322721766e+01
93.325392175400	4.5669725318373e+01
93.355371421200	4.5661849276328e+01
93.385350667000	4.5639360506340e+01
93.415329912800	4.5602936872880e+01
93.445309158600	4.5553267479719e+01
93.475288404400	4.5491051944593e+01
93.505267650200	4.5416999663729e+01
93.535246896000	4.5331829066961e+01
93.565226141800	4.5236266864193e+01
93.595205387600	4.5131047283964e+01
93.625184633400	4.5016911304887e+01
93.655163879200	4.4894605880726e+01
93.685143125000	4.4764883159891e+01
93.715122370800	4.4628499700142e+01
93.745101616600	4.4486215679290e+01
93.775080862400	4.4338794102671e+01
93.805060108200	4.4187000008222e+01
93.835039354000	4.4031599669918e+01
93.865018599800	4.3873359800403e+01
93.894997845600	4.3713046753597e+01
93.924977091400	4.3551425728077e+01
93.954956337200	4.3389259972049e+01
93.984935583000	4.3227309990687e+01
94.014914828800	4.3066332756652e+01
94.044894074600	4.2907080924566e+01
94.074873320400	4.2750302050246e+01
94.104852566200	4.2596737815465e+01
94.134831812000	4.2447123259029e+01
94.164811057800	4.2302186014933e+01
94.194790303600	4.2162645558361e+01
94.224769549400	4.2029212460291e+01
94.254748795200	4.1902587651440e+01
94.284728041000	4.1783461696303e+01
94.314707286800	4.1672514077997e+01
94.344686532600	4.1570412494634e+01
94.374665778400	4.1477812167929e+01
94.404645024200	4.1395355164732e+01
94.434624270000	4.1323669732163e+01
94.464603515800	4.1263369647021e+01
94.494582761600	4.1215053580107e+01
94.524562007400	4.1179304476113e+01
94.554541253200	4.1156688949685e+01
94.584520499000	4.1147756698267e+01
94.614499744800	4.1153039932319e+01
94.644478990600	4.1173052823470e+01
94.674458236400	4.1208290971175e+01
94.704437482200	4.1259230888380e+01
94.734416728000	4.1326329506746e+01
94.764395973800	4.1410023701896e+01
94.794375219600	4.1510729839177e+01
94.824354465400	4.1628843340390e+01
94.854333711200	4.1764738271908e+01
94.884312957000	4.1918766954613e+01
94.914292202800	4.2091259596033e+01
94.944271448600	4.2282523945035e+01
94.974250694400	4.2492844969446e+01
95.004229940200	4.2722484556897e+01
95.034209186000	4.2971681239206e+01
95.064188431800	4.3240649940566e+01
95.094167677600	4.3529581749801e+01
95.124146923400	4.3838643716900e+01
95.154126169200	4.4167978674049e+01
95.184105415000	4.4517705081328e+01
95.214084660800	4.4887916897232e+01
95.244063906600	4.5278683474149e+01
95.274043152400	4.5690049478886e+01
95.304022398200	4.6122034838335e+01
95.334001644000	4.6574634710324e+01
95.363980889800	4.7047819479695e+01
95.393960135600	4.7541534779583e+01
95.423939381400	4.8055701537915e+01
95.453918627200	4.8590216049046e+01
95.483897873000	4.9144950070475e+01
95.513877118800	4.9719750944549e+01
95.543856364600	5.0314441745014e+01
95.573835610400	5.0928821448289e+01
95.603814856200	5.1562665129270e+01
95.633794102000	5.2215724181472e+01
95.663773347800	5.2887726561308e+01
95.693752593600	5.3578377056219e+01
95.723731839400	5.4287357576430e+01
95.753711085200	5.5014327470005e+01
95.783690331000	5.5758923860904e+01
95.813669576800	5.6520762009692e+01
95.843648822600	5.7299435696546e+01
95.873628068400	5.8094517626169e+01
95.903607314200	5.8905559854203e+01
95.933586560000	5.9732094234726e+01
95.963565805800	6.0573632888361e+01
95.993545051600	6.1429668690551e+01
96.023524297400	6.2299675779492e+01
96.053503543200	6.3183110083225e+01
96.083482789000	6.4079409865348e+01
96.113462034800	6.4987996288806e+01
96.143441280600	6.5908273997200e+01
96.173420526400	6.6839631713007e+01
96.203399772200	6.7781442852142e+01
96.233379018000	6.8733066154218e+01
96.263358263800	6.9693846327886e+01
96.293337509600	7.0663114710597e+01
96.323316755400	7.1640189942137e+01
96.353296001200	7.2624378651239e+01
96.383275247000	7.3614976154599e+01
96.413254492800	7.4611267167581e+01
96.443233738600	7.5612526525907e+01
96.473212984400	7.6618019917596e+01
96.503192230200	7.7627004624427e+01
96.533171476000	7.8638730272168e+01
96.563150721800	7.9652439588827e+01
96.593129967600	8.0667369170162e+01
96.623109213400	8.1682750251663e+01
96.653088459200	8.2697809486256e+01
96.683067705000	8.3711769726925e+01
96.713046950800	8.4723850813473e+01
96.743026196600	8.5733270362626e+01
96.773005442400	8.6739244560692e+01
96.802984688200	8.7740988957963e+01
96.832963934000	8.8737719264076e+01
96.862943179800	8.9728652143519e+01
96.892922425600	9.0713006010481e+01
96.922901671400	9.1690001822257e+01
96.952880917200	9.2658863870386e+01
96.982860163000	9.3618820568752e+01
97.012839408800	9.4569105237824e+01
97.042818654600	9.5508956884263e+01
97.072797900400	9.6437620975103e+01
97.102777146200	9.7354350205722e+01
97.132756392000	9.8258405260830e+01
97.162735637800	9.9149055567702e+01
97.192714883600	1.0002558004090e+02
97.222694129400	1.0088726781772e+02
97.252673375200	1.0173341898363e+02
97.282652621000	1.0256334528697e+02
97.312631866800	1.0337637084217e+02
97.342611112600	1.0417183282079e+02
97.372590358400	1.0494908212965e+02
97.402569604200	1.0570748407545e+02
97.432548850000	1.0644641901510e+02
97.462528095800	1.0716528299111e+02
97.492507341600	1.0786348835152e+02
97.522486587400	1.0854046435355e+02
97.552465833200	1.0919565775052e+02
97.582445079000	1.0982853336135e+02
97.612424324800	1.1043857462209e+02
97.642403570600	1.1102528411885e+02
97.672382816400	1.1158818410181e+02
97.702362062200	1.1212681697939e+02
97.732341308000	1.1264074579253e+02
97.762320553800	1.1312955466821e+02
97.792299799600	1.1359284925198e+02
97.822279045400	1.1403025711894e+02
97.852258291200	1.1444142816284e+02
97.882237537000	1.1482603496277e+02
97.912216782800	1.1518377312720e+02
97.942196028600	1.1551436161487e+02
97.972175274400	1.1581754303239e+02
98.002154520200	1.1609308390799e+02
98.032133766000	1.1634077494136e+02
98.062113011800	1.1656043122917e+02
98.092092257600	1.1675189246612e+02
98.122071503400	1.1691502312125e+02
98.152050749200	1.1704971258932e+02
98.182029995000	1.1715587531716e+02
98.212009240800	1.1723345090473e+02
98.241988486600	1.1728240418096e+02
98.271967732400	1.1730272525406e+02
98.301946978200	1.1729442953638e+02
98.331926224000	1.1725755774380e+02
98.361905469800	1.1719217586948e+02
98.391884715600	1.1709837513217e+02
98.421863961400	1.1697627189903e+02
98.451843207200	1.1682600758293e+02
98.481822453000	1.1664774851455e+02
98.511801698800	1.1644168578914e+02
98.541780944600	1.1620803508829e+02
98.571760190400	1.1594703647671e+02
98.601739436200	1.1565895417433e+02
98.631718682000	1.1534407630387e+02
98.661697927800	1.1500271461411e+02
98.691677173600	1.1463520417919e+02
98.721656419400	1.1424190307416e+02
98.751635665200	1.1382319202712e+02
98.781614911000	1.1337947404827e+02
98.811594156800	1.1291117403628e+02
98.841573402600	1.1241873836223e+02
98.871552648400	1.1190263443175e+02
98.901531894200	1.1136335022549e+02
98.931511140000	1.1080139381867e+02
98.961490385800	1.1021729287990e+02
98.991469631600	1.0961159415003e+02
99.021448877400	1.0898486290126e+02
99.051428123200	1.0833768237731e+02
99.081407369000	1.0767065321496e+02
99.111386614800	1.0698439284772e+02
99.141365860600	1.0627953489208e+02
99.171345106400	1.0555672851702e+02
99.201324352200	1.0481663779737e+02
99.231303598000	1.0405994105165e+02
99.261282843800	1.0328733016508e+02
99.291262089600	1.0249950989840e+02
99.321241335400	1.0169719718311e+02
99.351220581200	1.0088112040404e+02
99.381199827000	1.0005201866970e+02
99.411179072800	9.9210641071299e+01
99.441158318600	9.8357745931113e+01
99.471137564400	9.7494100040957e+01
99.501116810200	9.6620477891501e+01
99.531096056000	9.5737660893213e+01
99.561075301800	9.4846436589681e+01
99.591054547600	9.3947597864125e+01
99.621033793400	9.3041942139851e+01
99.651013039200	9.2130270575472e+01
99.680992285000	9.1213387255681e+01
99.710971530800	9.0292098378385e+01
99.740950776600	8.9367211439011e+01
99.770930022400	8.8439534412793e+01
99.800909268200	8.7509874935861e+01
99.830888514000	8.6579039485946e+01
99.860867759800	8.5647832563511e+01
99.890847005600	8.4717055874147e+01
99.920826251400	8.3787507513024e+01
99.950805497200	8.2859981152239e+01
99.980784743000	8.1935265231849e+01
100.010763988800	8.1014142155425e+01
100.040743234600	8.0097387490909e+01
100.070722480400	7.9185769177594e+01
100.100701726200	7.8280046740009e+01
100.130680972000	7.7380970509510e+01
100.160660217800	7.6489280854349e+01
100.190639463600	7.5605707419005e+01
100.220618709400	7.4730968373533e+01
100.250597955200	7.3865769673695e+01
100.280577201000	7.3010804332612e+01
100.310556446800	7.2166751704683e+01
100.340535692600	7.1334276782477e+01
100.370514938400	7.0514029507328e+01
100.400494184200	6.9706644094314e+01
100.430473430000	6.8912738372316e+01
100.460452675800	6.8132913139822e+01
100.490431921600	6.7367751537126e+01
100.520411167400	6.6617818435564e+01
100.550390413200	6.5883659844415e+01
100.580369659000	6.5165802336062e+01
100.610348904800	6.4464752489998e+01
100.640328150600	6.3780996356260e+01
100.670307396400	6.3114998938829e+01
100.700286642200	6.2467203699528e+01
100.730265888000	6.1838032082932e+01
100.760245133800	6.1227883062774e+01
100.790224379600	6.0637132710327e+01
100.820203625400	6.0066133785193e+01
100.850182871200	5.9515215348944e+01
100.880162117000	5.8984682401998e+01
100.910141362800	5.8474815544129e+01
100.940120608600	5.7985870658957e+01
100.970099854400	5.7518078622750e+01
101.000079100200	5.7071645037861e+01
101.030058346000	5.6646749991076e+01
101.060037591800	5.6243547837129e+01
101.090016837600	5.5862167007636e+01
101.119996083400	5.5502709845649e+01
101.149975329200	5.5165252466018e+01
101.179954575000	5.4849844641722e+01
101.209933820800	5.4556509716308e+01
101.239913066600	5.4285244542548e+01
101.269892312400	5.4036019447383e+01
101.299871558200	5.3808778223245e+01
101.329850804000	5.3603438145744e+01
101.359830049800	5.3419890017775e+01
101.389809295600	5.3257998239977e+01
101.419788541400	5.3117600907540e+01
101.449767787200	5.2998509933260e+01
101.479747033000	5.2900511196748e+01
101.509726278800	5.2823364719688e+01
101.539705524600	5.2766804866964e+01
101.569684770400	5.2730540573510e+01
101.599664016200	5.2714255596658e+01
101.629643262000	5.2717608793771e+01
101.659622507800	5.2740234424914e+01
101.689601753600	5.2781742480269e+01
101.719580999400	5.2841719032009e+01
101.749560245200	5.2919726610301e+01
101.779539491000	5.3015304603089e+01
101.809518736800	5.3127969679277e+01
101.839497982600	5.3257216234939e+01
101.869477228400	5.3402516862096e+01
101.899456474200	5.3563322839671e+01
101.929435720000	5.3739064646106e+01
101.959414965800	5.3929152493198e+01
101.989394211600	5.4132976880616e+01
102.019373457400	5.4349909170600e+01
102.049352703200	5.4579302182266e+01
102.079331949000	5.4820490804972e+01
102.109311194800	5.5072792630151e+01
102.139290440600	5.5335508601000e+01
102.169269686400	5.5607923679419e+01
102.199248932200	5.5889307529537e+01
102.229228178000	5.6178915217192e+01
102.259207423800	5.6475987924673e+01
102.289186669600	5.6779753680047e+01
102.319165915400	5.7089428100366e+01
102.349145161200	5.7404215148031e+01
102.379124407000	5.7723307899591e+01
102.409103652800	5.8045889326231e+01
102.439082898600	5.8371133085186e+01
102.469062144400	5.8698204321327e+01
102.499041390200	5.9026260478138e+01
102.529020636000	5.9354452117294e+01
102.558999881800	5.9681923746043e+01
102.588979127600	6.0007814651601e+01
102.618958373400	6.0331259741736e+01
102.648937619200	6.0651390390728e+01
102.678916865000	6.0967335289883e+01
102.708896110800	6.1278221301774e+01
102.738875356600	6.1583174317373e+01
102.768854602400	6.1881320115243e+01
102.798833848200	6.2171785221946e+01
102.828813094000	6.2453697772834e+01
102.858792339800	6.2726188372381e+01
102.888771585600	6.2988390953207e+01
102.918750831400	6.3239443632971e+01
102.948730077200	6.3478489568281e+01
102.978709323000	6.3704677804785e+01
103.008688568800	6.3917164122624e+01
103.038667814600	6.4115111876408e+01
103.068647060400	6.4297692828887e+01
103.098626306200	6.4464087977522e+01
103.128605552000	6.4613488373113e+01
103.158584797800	6.4745095929711e+01
103.188564043600	6.4858124224999e+01
103.218543289400	6.4951799290358e+01
103.248522535200	6.5025360389857e+01
103.278501781000	6.5078060787373e+01
103.308481026800	6.5109168501118e+01
103.338460272600	6.5117967044801e+01
103.368439518400	6.5103756154714e+01
103.398418764200	6.5065852502016e+01
103.428398010000	6.5003590389520e+01
103.458377255800	6.4916322432285e+01
103.488356501600	6.4803420221346e+01
103.518335747400	6.4664274969931e+01
103.548314993200	6.4498298141522e+01
103.578294239000	6.4304922059126e+01
103.608273484800	6.4083600495179e+01
103.638252730600	6.3833809241476e+01
103.668231976400	6.3555046658567e+01
103.698211222200	6.3246834204079e+01
103.728190468000	6.2908716939435e+01
103.758169713800	6.2540264014465e+01
103.788148959600	6.2141069129427e+01
103.818128205400	6.1710750973980e+01
103.848107451200	6.1248953642662e+01
103.878086697000	6.0755347026473e+01
103.908065942800	6.0229627180153e+01
103.938045188600	5.9671516664800e+01
103.968024434400	5.9080764865473e+01
103.998003680200	5.8457148283471e+01
104.027982926000	5.7800470802980e+01
104.057962171800	5.7110563931830e+01
104.087941417600	5.6387287016106e+01
104.117920663400	5.5630527428398e+01
104.147899909200	5.4840200729499e+01
104.177879155000	5.4016250803377e+01
104.207858400800	5.3158649965283e+01
104.237837646600	5.2267399042877e+01
104.267816892400	5.1342527430288e+01
104.297796138200	5.0384093115036e+01
104.327775384000	4.9392182677789e+01
104.357754629800	4.8366911264941e+01
104.387733875600	4.7308422534030e+01
104.417713121400	4.6216888572034e+01
104.447692367200	4.5092509786629e+01
104.477671613000	4.3935514770486e+01
104.507650858800	4.2746160138750e+01
104.537630104600	4.1524730339841e+01
104.567609350400	4.0271537439748e+01
104.597588596200	3.8986920880028e+01
104.627567842000	3.7671247209738e+01
104.657547087800	3.6324909791539e+01
104.687526333600	3.4948328482272e+01
104.717505579400	3.3541949288288e+01
104.747484825200	3.2106243995881e+01
104.777464071000	3.0641709777161e+01
104.807443316800	2.9148868771757e+01
104.837422562600	2.7628267644741e+01
104.867401808400	2.6080477121204e+01
104.897381054200	2.4506091497934e+01
104.927360300000	2.2905728132653e+01
104.957339545800	2.1280026911326e+01
104.987318791600	1.9629649694039e+01
105.017298037400	1.7955279739984e+01
105.047277283200	1.6257621112123e+01
105.077256529000	1.4537398062075e+01
105.107235774800	1.2795354395862e+01
105.137215020600	1.1032252821088e+01
105.167194266400	9.2488742762169e+00
105.197173512200	7.4460172425780e+00
105.227152758000	5.6244970397784e+00
105.257132003800	3.7851451052012e+00
105.287111249600	1.9288082582910e+00
105.317090495400	5.6347950342067e-02
105.347069741200	-1.8313604994830e+00
105.377048987000	-3.7334286811596e+00
105.407028232800	-5.6489558830771e+00
105.437007478600	-7.5770298928167e+00
105.466986724400	-9.5167278086512e+00
105.496965970200	-1.1467116860976e+01
105.526945216000	-1.3427255242871e+01
105.556924461800	-1.5396192948987e+01
105.586903707600	-1.7372972621935e+01
105.616882953400	-1.9356630405353e+01
105.646862199200	-2.1346196802823e+01
105.676841445000	-2.3340697541799e+01
105.706820690800	-2.5339154441698e+01
105.736799936600	-2.7340586285314e+01
105.766779182400	-2.9344009692699e+01
105.796758428200	-3.1348439996665e+01
105.826737674000	-3.3352892119041e+01
105.856716919800	-3.5356381446846e+01
105.886696165600	-3.7357924707499e+01
105.916675411400	-3.9356540842240e+01
105.946654657200	-4.1351251876883e+01
105.976633903000	-4.3341083789064e+01
106.006613148800	-4.5325067371139e+01
106.036592394600	-4.7302239087872e+01
106.066571640400	-4.9271641928100e+01
106.096550886200	-5.1232326249524e+01
106.126530132000	-5.3183350615800e+01
106.156509377800	-5.5123782625128e+01
106.186488623600	-5.7052699729514e+01
106.216467869400	-5.8969190043909e+01
106.246447115200	-6.0872353144437e+01
106.276426361000	-6.2761300854928e+01
106.306405606800	-6.4635158020991e+01
106.336384852600	-6.6493063270866e+01
106.366364098400	-6.8334169762317e+01
106.396343344200	-7.0157645914834e+01
106.426322590000	-7.1962676126424e+01
106.456301835800	-7.3748461474303e+01
106.486281081600	-7.5514220398789e+01
106.516260327400	-7.7259189369742e+01
106.546239573200	-7.8982623534893e+01
106.576218819000	-8.0683797349431e+01
106.606198064800	-8.2362005186238e+01
106.636177310600	-8.4016561926164e+01
106.666156556400	-8.5646803527785e+01
106.696135802200	-8.7252087576076e+01
106.726115048000	-8.8831793809468e+01
106.756094293800	-9.0385324624774e+01
106.786073539600	-9.1912105559502e+01
106.816052785400	-9.3411585751070e+01
106.846032031200	-9.4883238372497e+01
106.876011277000	-9.6326561044127e+01
106.905990522800	-9.7741076221006e+01
106.935969768600	-9.9126331555520e+01
106.965949014400	-1.0048190023496e+02
106.995928260200	-1.0180738129367e+02
107.025907506000	-1.0310239989951e+02
107.055886751800	-1.0436660761431e+02
107.085865997600	-1.0559968262809e+02
107.115845243400	-1.0680132996690e+02
107.145824489200	-1.0797128167388e+02
107.175803735000	-1.0910929696362e+02
107.205782980800	-1.1021516234950e+02
107.235762226600	-1.1128869174395e+02
107.265741472400	-1.1232972653153e+02
107.295720718200	-1.1333813561485e+02
107.325699964000	-1.1431381543308e+02
107.355679209800	-1.1525668995334e+02
107.385658455600	-1.1616671063471e+02
107.415637701400	-1.1704385636506e+02
107.445616947200	-1.1788813337079e+02
107.475596193000	-1.1869957509945e+02
107.505575438800	-1.1947824207550e+02
107.535554684600	-1.2022422172926e+02
107.565533930400	-1.2093762819931e+02
107.595513176200	-1.2161860210853e+02
107.625492422000	-1.2226731031395e+02
107.655471667800	-1.2288394563076e+02
107.685450913600	-1.2346872653066e+02
107.715430159400	-1.2402189681502e+02
107.745409405200	-1.2454372526298e+02
107.775388651000	-1.2503450525503e+02
107.805367896800	-1.2549455437236e+02
107.835347142600	-1.2592421397240e+02
107.865326388400	-1.2632384874100e+02
107.895305634200	-1.2669384622175e+02
107.925284880000	-1.2703461632278e+02
107.955264125800	-1.2734659080170e+02
107.985243371600	-1.2763022272915e+02
108.015222617400	-1.2788598593143e+02
108.045201863200	-1.2811437441289e+02
108.075181109000	-1.2831590175861e+02
108.105160354800	-1.2849110051797e+02
108.135139600600	-1.2864052156978e+02
108.165118846400	-1.2876473346953e+02
108.195098092200	-1.2886432177952e+02
108.225077338000	-1.2893988838251e+02
108.255056583800	-1.2899205077958e+02
108.285035829600	-1.2902144137288e+02
108.315015075400	-1.2902870673409e+02
108.344994321200	-1.2901450685924e+02
108.374973567000	-1.2897951441068e+02
108.404952812800	-1.2892441394701e+02
108.434932058600	-1.2884990114167e+02
108.464911304400	-1.2875668199109e+02
108.494890550200	-1.2864547201301e+02
108.524869796000	-1.2851699543611e+02
108.554849041800	-1.2837198438139e+02
108.584828287600	-1.2821117803644e+02
108.614807533400	-1.2803532182327e+02
108.644786779200	-1.2784516656059e+02
108.674766025000	-1.2764146762143e+02
108.704745270800	-1.2742498408689e+02
108.734724516600	-1.2719647789690e+02
108.764703762400	-1.2695671299891e+02
108.794683008200	-1.2670645449532e+02
108.824662254000	-1.2644646779047e+02
108.854641499800	-1.2617751773820e+02
108.884620745600	-1.2590036779073e+02
108.914599991400	-1.2561577914976e+02
108.944579237200	-1.2532450992065e+02
108.974558483000	-1.2502731427059e+02
109.004537728800	-1.2472494159154e+02
109.034516974600	-1.2441813566885e+02
109.064496220400	-1.2410763385641e+02
109.094475466200	-1.2379416625913e+02
109.124454712000	-1.2347845492360e+02
109.154433957800	-1.2316121303787e+02
109.184413203600	-1.2284314414091e+02
109.214392449400	-1.2252494134286e+02
109.244371695200	-1.2220728655666e+02
109.274350941000	-1.2189084974196e+02
109.304330186800	-1.2157628816196e+02
109.334309432600	-1.2126424565417e+02
109.364288678400	-1.2095535191555e+02
109.394267924200	-1.2065022180301e+02
109.424247170000	-1.2034945464987e+02
109.454226415800	-1.2005363359901e+02
109.484205661600	-1.1976332495340e+02
109.514184907400	-1.1947907754466e+02
109.544164153200	-1.1920142212039e+02
109.574143399000	-1.1893087075076e+02
109.604122644800	-1.1866791625512e+02
109.634101890600	-1.1841303164913e+02
109.664081136400	-1.1816666961305e+02
109.694060382200	-1.1792926198169e+02
109.724039628000	-1.1770121925659e+02
109.754018873800	-1.1748293014094e+02
109.783998119600	-1.1727476109770e+02
109.813977365400	-1.1707705593146e+02
109.843956611200	-1.1689013539436e+02
109.873935857000	-1.1671429681659e+02
109.903915102800	-1.1654981376187e+02
109.933894348600	-1.1639693570821e+02
109.963873594400	-1.1625588775428e+02
109.993852840200	-1.1612687035187e+02
110.023832086000	-1.1601005906451e+02
110.053811331800	-1.1590560435268e+02
110.083790577600	-1.1581363138580e+02
110.113769823400	-1.1573423988117e+02
110.143749069200	-1.1566750397012e+02
110.173728315000	-1.1561347209147e+02
110.203707560800	-1.1557216691246e+02
110.233686806600	-1.1554358527730e+02
110.263666052400	-1.1552769818322e+02
110.293645298200	-1.1552445078440e+02
110.323624544000	-1.1553376242350e+02
110.353603789800	-1.1555552669087e+02
110.383583035600	-1.1558961151156e+02
110.413562281400	-1.1563585925978e+02
110.443541527200	-1.1569408690104e+02
110.473520773000	-1.1576408616150e+02
110.503500018800	-1.1584562372480e+02
110.533479264600	-1.1593844145571e+02
110.563458510400	-1.1604225665092e+02
110.593437756200	-1.1615676231626e+02
110.623417002000	-1.1628162747043e+02
110.653396247800	-1.1641649747483e+02
110.683375493600	-1.1656099438916e+02
110.713354739400	-1.1671471735251e+02
110.743333985200	-1.1687724298951e+02
110.773313231000	-1.1704812584131e+02
110.803292476800	-1.1722689882074e+02
110.833271722600	-1.1741307369139e+02
110.863250968400	-1.1760614157014e+02
110.893230214200	-1.1780557345257e+02
110.923209460000	-1.1801082076078e+02
110.953188705800	-1.1822131591311e+02
110.983167951600	-1.1843647291521e+02
111.013147197400	-1.1865568797183e+02
111.043126443200	-1.1887834011882e+02
111.073105689000	-1.1910379187456e+02
111.103084934800	-1.1933138991043e+02
111.133064180600	-1.1956046573943e+02
111.163043426400	-1.1979033642237e+02
111.193022672200	-1.2002030529100e+02
111.223001918000	-1.2024966268717e+02
111.252981163800	-1.2047768671758e+02
111.282960409600	-1.2070364402305e+02
111.312939655400	-1.2092679056181e+02
111.342918901200	-1.2114637240589e+02
111.372898147000	-1.2136162654989e+02
111.402877392800	-1.2157178173124e+02
111.432856638600	-1.2177605926126e+02
111.462835884400	-1.2197367386606e+02
111.492815130200	-1.2216383453656e+02
111.522794376000	-1.2234574538667e+02
111.552773621800	-1.2251860651884e+02
111.582752867600	-1.2268161489615e+02
111.612732113400	-1.2283396521994e+02
111.642711359200	-1.2297485081219e+02
111.672690605000	-1.2310346450181e+02
111.702669850800	-1.2321899951381e+02
111.732649096600	-1.2332065036057e+02
111.762628342400	-1.2340761373425e+02
111.792607588200	-1.2347908939951e+02
111.822586834000	-1.2353428108552e+02
111.852566079800	-1.2357239737647e+02
111.882545325600	-1.2359265259966e+02
111.912524571400	-1.2359426771016e+02
111.942503817200	-1.2357647117132e+02
111.972483063000	-1.2353849983009e+02
112.002462308800	-1.2347959978632e+02
112.032441554600	-1.2339902725512e+02
112.062420800400	-1.2329604942150e+02
112.092400046200	-1.2316994528622e+02
112.122379292000	-1.2302000650222e+02
112.152358537800	-1.2284553820057e+02
112.182337783600	-1.2264585980523e+02
112.212317029400	-1.2242030583568e+02
112.242296275200	-1.2216822669670e+02
112.272275521000	-1.2188898945437e+02
112.302254766800	-1.2158197859757e+02
112.332234012600	-1.2124659678415e+02
112.362213258400	-1.2088226557101e+02
112.392192504200	-1.2048842612733e+02
112.422171750000	-1.2006453993020e+02
112.452150995800	-1.1961008944193e+02
112.482130241600	-1.1912457876829e+02
112.512109487400	-1.1860753429707e+02
112.542088733200	-1.1805850531620e+02
112.572067979000	-1.1747706461082e+02
112.602047224800	-1.1686280903865e+02
112.632026470600	-1.1621536008307e+02
112.662005716400	-1.1553436438331e+02
112.691984962200	-1.1481949424111e+02
112.721964208000	-1.1407044810340e+02
112.751943453800	-1.1328695102047e+02
112.781922699600	-1.1246875507905e+02
112.811901945400	-1.1161563980984e+02
112.841881191200	-1.1072741256915e+02
112.871860437000	-1.0980390889406e+02
112.901839682800	-1.0884499283081e+02
112.931818928600	-1.0785055723599e+02
112.961798174400	-1.0682052405024e+02
112.991777420200	-1.0575484454405e+02
113.021756666000	-1.0465349953542e+02
113.051735911800	-1.0351649957914e+02
113.081715157600	-1.0234388512735e+02
113.111694403400	-1.0113572666131e+02
113.141673649200	-9.9892124794020e+01
113.171652895000	-9.8613210343729e+01
113.201632140800	-9.7299144378026e+01
113.231611386600	-9.5950118228545e+01
113.261590632400	-9.4566353476142e+01
113.291569878200	-9.3148101906536e+01
113.321549124000	-9.1695645436394e+01
113.351528369800	-9.0209296009868e+01
113.381507615600	-8.8689395465651e+01
113.411486861400	-8.7136315374613e+01
113.441466107200	-8.5550456848121e+01
113.471445353000	-8.3932250317196e+01
113.501424598800	-8.2282155282638e+01
113.531403844600	-8.0600660036350e+01
113.561383090400	-7.8888281354044e+01
113.591362336200	-7.7145564159604e+01
113.621341582000	-7.5373081161373e+01
113.651320827800	-7.3571432460668e+01
113.681300073600	-7.1741245132856e+01
113.711279319400	-6.9883172781364e+01
113.741258565200	-6.7997895064983e+01
113.771237811000	-6.6086117198913e+01
113.801217056800	-6.4148569429961e+01
113.831196302600	-6.2186006486375e+01
113.861175548400	-6.0199207002804e+01
113.891154794200	-5.8188972920894e+01
113.921134040000	-5.6156128866066e+01
113.951113285800	-5.4101521501042e+01
113.981092531600	-5.2026018856710e+01
114.011071777400	-4.9930509640933e+01
114.041051023200	-4.7815902525943e+01
114.071030269000	-4.5683125414975e+01
114.101009514800	-4.3533124688819e+01
114.130988760600	-4.1366864432979e+01
114.160968006400	-3.9185325646178e+01
114.190947252200	-3.6989505430919e+01
114.220926498000	-3.4780416166883e+01
114.250905743800	-3.2559084667919e+01
114.280884989600	-3.0326551323425e+01
114.310864235400	-2.8083869224927e+01
114.340843481200	-2.5832103278671e+01
114.370822727000	-2.3572329305078e+01
114.400801972800	-2.1305633125899e+01
114.430781218600	-1.9033109639941e+01
114.460760464400	-1.6755861888238e+01
114.490739710200	-1.4475000109559e+01
114.520718956000	-1.2191640787146e+01
114.550698201800	-9.9069056875860e+00
114.580677447600	-7.6219208927484e+00
114.610656693400	-5.3378158256939e+00
114.640635939200	-3.0557222714998e+00
114.670615185000	-7.7677339393312e-01
114.700594430800	1.4978972510845e+00
114.730573676600	3.7671567042732e+00
114.760552922400	6.0298735931011e+00
114.790532168200	8.2849191222504e+00
114.820511414000	1.0531168063485e+01
114.850490659800	1.2767499743971e+01
114.880469905600	1.4992799032084e+01
114.910449151400	1.7205957319771e+01
114.940428397200	1.9405873500489e+01
114.970407643000	2.1591454941795e+01
115.000386888800	2.3761618451635e+01
115.030366134600	2.5915291237393e+01
115.060345380400	2.8051411856764e+01
115.090324626200	3.0168931159541e+01
115.120303872000	3.2266813219376e+01
115.150283117800	3.4344036254623e+01
115.180262363600	3.6399593537356e+01
115.210241609400	3.8432494289673e+01
115.240220855200	4.0441764566414e+01
115.270200101000	4.2426448123418e+01
115.300179346800	4.4385607270478e+01
115.330158592600	4.6318323708143e+01
115.360137838400	4.8223699347555e+01
115.390117084200	5.0100857112508e+01
115.420096330000	5.1948941722933e+01
115.450075575800	5.3767120459046e+01
115.480054821600	5.5554583905390e+01
115.510034067400	5.7310546674045e+01
115.540013313200	5.9034248106271e+01
115.569992559000	6.0724952951912e+01
115.599971804800	6.2381952025856e+01
115.629951050600	6.4004562840912e+01
115.659930296400	6.5592130216474e+01
115.689909542200	6.7144026862339e+01
115.719888788000	6.8659653937124e+01
115.749868033800	7.0138441580691e+01
115.779847279600	7.1579849420057e+01
115.809826525400	7.2983367048271e+01
115.839805771200	7.4348514475777e+01
115.869785017000	7.5674842553786e+01
115.899764262800	7.6961933369249e+01
115.929743508600	7.8209400610990e+01
115.959722754400	7.9416889906651e+01
115.989702000200	8.0584079130083e+01
116.019681246000	8.1710678678850e+01
116.049660491800	8.2796431721577e+01
116.079639737600	8.3841114414848e+01
116.109618983400	8.4844536089440e+01
116.139598229200	8.5806539405673e+01
116.169577475000	8.6727000477705e+01
116.199556720800	8.7605828966622e+01
116.229535966600	8.8442968142206e+01
116.259515212400	8.9238394913304e+01
116.289494458200	8.9992119826719e+01
116.319473704000	9.0704187034624e+01
116.349452949800	9.1374674230489e+01
116.379432195600	9.2003692553552e+01
116.409411441400	9.2591386461918e+01
116.439390687200	9.3137933574361e+01
116.469369933000	9.3643544480972e+01
116.499349178800	9.4108462522801e+01
116.529328424600	9.4532963540688e+01
116.559307670400	9.4917355593490e+01
116.589286916200	9.5261978645965e+01
116.619266162000	9.5567204226573e+01
116.649245407800	9.5833435055519e+01
116.679224653600	9.6061104643360e+01
116.709203899400	9.6250676860546e+01
116.739183145200	9.6402645478285e+01
116.769162391000	9.6517533681159e+01
116.799141636800	9.6595893551932e+01
116.829120882600	9.6638305529031e+01
116.859100128400	9.6645377837204e+01
116.889079374200	9.6617745891882e+01
116.919058620000	9.6556071677797e+01
116.949037865800	9.6461043102450e+01
116.979017111600	9.6333373325014e+01
117.008996357400	9.6173800061329e+01
117.038975603200	9.5983084865614e+01
117.068954849000	9.5762012389594e+01
117.098934094800	9.5511389619733e+01
117.128913340600	9.5232045093300e+01
117.158892586400	9.4924828093993e+01
117.188871832200	9.4590607827914e+01
117.218851078000	9.4230272580646e+01
117.248830323800	9.3844728856255e+01
117.278809569600	9.3434900499023e+01
117.308788815400	9.3001727798764e+01
117.338768061200	9.2546166580555e+01
117.368747307000	9.2069187279777e+01
117.398726552800	9.1571774003320e+01
117.428705798600	9.1054923577886e+01
117.458685044400	9.0519644586265e+01
117.488664290200	8.9966956392535e+01
117.518643536000	8.9397888157107e+01
117.548622781800	8.8813477842568e+01
117.578602027600	8.8214771211271e+01
117.608581273400	8.7602820815639e+01
117.638560519200	8.6978684982158e+01
117.668539765000	8.6343426790033e+01
117.698519010800	8.5698113045489e+01
117.728498256600	8.5043813252721e+01
117.758477502400	8.4381598582460e+01
117.788456748200	8.3712540839187e+01
117.818435994000	8.3037711427952e+01
117.848415239800	8.2358180321836e+01
117.878394485600	8.1675015031028e+01
117.908373731400	8.0989279574533e+01
117.938352977200	8.0302033455494e+01
117.968332223000	7.9614330641133e+01
117.998311468800	7.8927218548293e+01
118.028290714600	7.8241737035571e+01
118.058269960400	7.7558917403025e+01
118.088249206200	7.6879781400410e+01
118.118228452000	7.6205340244934e+01
118.148207697800	7.5536593649469e+01
118.178186943600	7.4874528862174e+01
118.208166189400	7.4220119718468e+01
118.238145435200	7.3574325706263e+01
118.268124681000	7.2938091045398e+01
118.298103926800	7.2312343782137e+01
118.328083172600	7.1697994899653e+01
118.358062418400	7.1095937445334e+01
118.388041664200	7.0507045675798e+01
118.418020910000	6.9932174220422e+01
118.448000155800	6.9372157264238e+01
118.477979401600	6.8827807750968e+01
118.507958647400	6.8299916607004e+01
118.537937893200	6.7789251987077e+01
118.567917139000	6.7296558542376e+01
118.597896384800	6.6822556711815e+01
118.627875630600	6.6367942037173e+01
118.657854876400	6.5933384502756e+01
118.687834122200	6.5519527900253e+01
118.717813368000	6.5126989219404e+01
118.747792613800	6.4756358065089e+01
118.777771859600	6.4408196101404e+01
118.807751105400	6.4083036523297e+01
118.837730351200	6.3781383556262e+01
118.867709597000	6.3503711984615e+01
118.897688842800	6.3250466708804e+01
118.927668088600	6.3022062332206e+01
118.957647334400	6.2818882777815e+01
118.987626580200	6.2641280935224e+01
119.017605826000	6.2489578338228e+01
119.047585071800	6.2364064873405e+01
119.077564317600	6.2264998519948e+01
119.107543563400	6.2192605121021e+01
119.137522809200	6.2147078186882e+01
119.167502055000	6.2128578729960e+01
119.197481300800	6.2137235132069e+01
119.227460546600	6.2173143043909e+01
119.257439792400	6.2236365316938e+01
119.287419038200	6.2326931967721e+01
119.317398284000	6.2444840174788e+01
119.347377529800	6.2590054308019e+01
119.377356775600	6.2762505990531e+01
119.407336021400	6.2962094193038e+01
119.437315267200	6.3188685360583e+01
119.467294513000	6.3442113571537e+01
119.497273758800	6.3722180728728e+01
119.527253004600	6.4028656782507e+01
119.557232250400	6.4361279985566e+01
119.587211496200	6.4719757179252e+01
119.617190742000	6.5103764111113e+01
119.647169987800	6.5512945783383e+01
119.677149233600	6.5946916832064e+01
119.707128479400	6.6405261936253e+01
119.737107725200	6.6887536257317e+01
119.767086971000	6.7393265907504e+01
119.797066216800	6.7921948447532e+01
119.827045462600	6.8473053412684e+01
119.857024708400	6.9046022866898e+01
119.887003954200	6.9640271984325e+01
119.916983200000	7.0255189657789e+01
119.946962445800	7.0890139133556e+01
119.976941691600	7.1544458671811e+01
120.006920937400	7.2217462232193e+01
120.036900183200	7.2908440183725e+01
120.066879429000	7.3616660038453e+01
120.096858674800	7.4341367208073e+01
120.126837920600	7.5081785782827e+01
120.156817166400	7.5837119331891e+01
120.186796412200	7.6606551724480e+01
120.216775658000	7.7389247970886e+01
120.246754903800	7.8184355082598e+01
120.276734149600	7.8991002950692e+01
120.306713395400	7.9808305241620e+01
120.336692641200	8.0635360309516e+01
120.366671887000	8.1471252124138e+01
120.396651132800	8.2315051213534e+01
120.426630378600	8.3165815620500e+01
120.456609624400	8.4022591871900e+01
120.486588870200	8.4884415959895e+01
120.516568116000	8.5750314334115e+01
120.546547361800	8.6619304903798e+01
120.576526607600	8.7490398048914e+01
120.606505853400	8.8362597639277e+01
120.636485099200	8.9234902060638e+01
120.666464345000	9.0106305246750e+01
120.696443590800	9.0975797716396e+01
120.726422836600	9.1842367614331e+01
120.756402082400	9.2705001755142e+01
120.786381328200	9.3562686668973e+01
120.816360574000	9.4414409648082e+01
120.846339819800	9.5259159793204e+01
120.876319065600	9.6095929058675e+01
120.906298311400	9.6923713295287e+01
120.936277557200	9.7741513289830e+01
120.966256803000	9.8548335800302e+01
120.996236048800	9.9343194585744e+01
121.026215294600	1.0012511142969e+02
121.056194540400	1.0089311715622e+02
121.086173786200	1.0164625263753e+02
121.116153032000	1.0238356979218e+02
121.146132277800	1.0310413257282e+02
121.176111523600	1.0380701794256e+02
121.206090769400	1.0449131683895e+02
121.236070015200	1.0515613512458e+02
121.266049261000	1.0580059452342e+02
121.296028506800	1.0642383354192e+02
121.326007752600	1.0702500837386e+02
121.355986998400	1.0760329378828e+02
121.385966244200	1.0815788399927e+02
121.415945490000	1.0868799351706e+02
121.445924735800	1.0919285797931e+02
121.475903981600	1.0967173496191e+02
121.505883227400	1.1012390476842e+02
121.535862473200	1.1054867119729e+02
121.565841719000	1.1094536228619e+02
121.595820964800	1.1131333103268e+02
121.625800210600	1.1165195609033e+02
121.655779456400	1.1196064243981e+02
121.685758702200	1.1223882203410e+02
121.715737948000	1.1248595441723e+02
121.745717193800	1.1270152731586e+02
121.775696439600	1.1288505720317e+02
121.805675685400	1.1303608983441e+02
121.835654931200	1.1315420075355e+02
121.865634177000	1.1323899577059e+02
121.895613422800	1.1329011140890e+02
121.925592668600	1.1330721532226e+02
121.955571914400	1.1329000668099e+02
121.985551160200	1.1323821652699e+02
122.015530406000	1.1315160809705e+02
122.045509651800	1.1302997711428e+02
122.075488897600	1.1287315204725e+02
122.105468143400	1.1268099433659e+02
122.135447389200	1.1245339858873e+02
122.165426635000	1.1219029273669e+02
122.195405880800	1.1189163816751e+02
122.225385126600	1.1155742981647e+02
122.255364372400	1.1118769622763e+02
122.285343618200	1.1078249958089e+02
122.315322864000	1.1034193568534e+02
122.345302109800	1.0986613393889e+02
122.375281355600	1.0935525725431e+02
122.405260601400	1.0880950195154e+02
122.435239847200	1.0822909761649e+02
122.465219093000	1.0761430692630e+02
122.495198338800	1.0696542544143e+02
122.525177584600	1.0628278136440e+02
122.555156830400	1.0556673526575e+02
122.585136076200	1.0481767977724e+02
122.615115322000	1.0403603925252e+02
122.645094567800	1.0322226939585e+02
122.675073813600	1.0237685685886e+02
122.705053059400	1.0150031880591e+02
122.735032305200	1.0059320244849e+02
122.765011551000	9.9656084548918e+01
122.794990796800	9.8689570893901e+01
122.824970042600	9.7694295738491e+01
122.854949288400	9.6670921220829e+01
122.884928534200	9.5620136748330e+01
122.914907780000	9.4542658355829e+01
122.944887025800	9.3439228036319e+01
122.974866271600	9.2310613044903e+01
123.004845517400	9.1157605176615e+01
123.034824763200	8.9981020018805e+01
123.064804009000	8.8781696178791e+01
123.094783254800	8.7560494487523e+01
123.124762500600	8.6318297180001e+01
123.154741746400	8.5056007053260e+01
123.184720992200	8.3774546602697e+01
123.214700238000	8.2474857137595e+01
123.244679483800	8.1157897876679e+01
123.274658729600	7.9824645024579e+01
123.304637975400	7.8476090830093e+01
123.334617221200	7.7113242627158e+01
123.364596467000	7.5737121859449e+01
123.394575712800	7.4348763089568e+01
123.424554958600	7.2949212993760e+01
123.454534204400	7.1539529343156e+01
123.484513450200	7.0120779972509e+01
123.514492696000	6.8694041737449e+01
123.544471941800	6.7260399461255e+01
123.574451187600	6.5820944872182e+01
123.604430433400	6.4376775532373e+01
123.634409679200	6.2928993759408e+01
123.664388925000	6.1478705541549e+01
123.694368170800	6.0027019447727e+01
123.724347416600	5.8575045533357e+01
123.754326662400	5.7123894243055e+01
123.784305908200	5.5674675311316e+01
123.814285154000	5.4228496662262e+01
123.844264399800	5.2786463309515e+01
123.874243645600	5.1349676257310e+01
123.904222891400	4.9919231403903e+01
123.934202137200	4.8496218448383e+01
123.964181383000	4.7081719801944e+01
123.994160628800	4.5676809504727e+01
124.024139874600	4.4282552149276e+01
124.054119120400	4.2900001811688e+01
124.084098366200	4.1530200991532e+01
124.114077612000	4.0174179561571e+01
124.144056857800	3.8832953728346e+01
124.174036103600	3.7507525004657e+01
124.204015349400	3.6198879194968e+01
124.233994595200	3.4907985394749e+01
124.263973841000	3.3635795004759e+01
124.293953086800	3.2383240761260e+01
124.323932332600	3.1151235783136e+01
124.353911578400	2.9940672636876e+01
124.383890824200	2.8752422420366e+01
124.413870070000	2.7587333866406e+01
124.443849315800	2.6446232466880e+01
124.473828561600	2.5329919618440e+01
124.503807807400	2.4239171790600e+01
124.533787053200	2.3174739717059e+01
124.563766299000	2.2137347611106e+01
124.593745544800	2.1127692405883e+01
124.623724790600	2.0146443020317e+01
124.653704036400	1.9194239651436e+01
124.683683282200	1.8271693093840e+01
124.713662528000	1.7379384087004e+01
124.743641773800	1.6517862691101e+01
124.773621019600	1.5687647691996e+01
124.803600265400	1.4889226036036e+01
124.833579511200	1.4123052295224e+01
124.863558757000	1.3389548163349e+01
124.893538002800	1.2689101983611e+01
124.923517248600	1.2022068308237e+01
124.953496494400	1.1388767490571e+01
124.983475740200	1.0789485310086e+01
125.013454986000	1.0224472630721e+01
125.043434231800	9.6939450929266e+00
125.073413477600	9.1980828397772e+00
125.103392723400	8.7370302774494e+00
125.133371969200	8.3108958703614e+00
125.163351215000	7.9197519712164e+00
125.193330460800	7.5636346861664e+00
125.223309706600	7.2425437752766e+00
125.253288952400	6.9564425884385e+00
125.283268198200	6.7052580368429e+00
125.313247444000	6.4888806000908e+00
125.343226689800	6.3071643689861e+00
125.373205935600	6.1599271240174e+00
125.403185181400	6.0469504495029e+00
125.433164427200	5.9679798833380e+00
125.463143673000	5.9227251022483e+00
125.493122918800	5.9108601424187e+00
125.523102164600	5.9320236553321e+00
125.553081410400	5.9858191986182e+00
125.583060656200	6.0718155616800e+00
125.613039902000	6.1895471258261e+00
125.643019147800	6.3385142586108e+00
125.672998393600	6.5181837420427e+00
125.702977639400	6.7279892342945e+00
125.732956885200	6.9673317645112e+00
125.762936131000	7.2355802602818e+00
125.792915376800	7.5320721073064e+00
125.822894622600	7.8561137407616e+00
125.852873868400	8.2069812678308e+00
125.882853114200	8.5839211208403e+00
125.912832360000	8.9861507404080e+00
125.942811605800	9.4128592879830e+00
125.972790851600	9.8632083871253e+00
126.002770097400	1.0336332892845e+01
126.032749343200	1.0831341688293e+01
126.062728589000	1.1347318508072e+01
126.092707834800	1.1883322787395e+01
126.122687080600	1.2438390536315e+01
126.152666326400	1.3011535238211e+01
126.182645572200	1.3601748771677e+01
126.212624818000	1.4208002354979e+01
126.242604063800	1.4829247512168e+01
126.272583309600	1.5464417059962e+01
126.302562555400	1.6112426114463e+01
126.332541801200	1.6772173116753e+01
126.362521047000	1.7442540876413e+01
126.392500292800	1.8122397631974e+01
126.422479538600	1.8810598127295e+01
126.452458784400	1.9505984702845e+01
126.482438030200	2.0207388400864e+01
126.512417276000	2.0913630083336e+01
126.542396521800	2.1623521561727e+01
126.572375767600	2.2335866737394e+01
126.602355013400	2.3049462751586e+01
126.632334259200	2.3763101143945e+01
126.662313505000	2.4475569018374e+01
126.692292750800	2.5185650215186e+01
126.722271996600	2.5892126488379e+01
126.752251242400	2.6593778686933e+01
126.782230488200	2.7289387938973e+01
126.812209734000	2.7977736837665e+01
126.842188979800	2.8657610627713e+01
126.872168225600	2.9327798391283e+01
126.902147471400	2.9987094232245e+01
126.932126717200	3.0634298457556e+01
126.962105963000	3.1268218754660e+01
126.992085208800	3.1887671363752e+01
127.022064454600	3.2491482243776e+01
127.052043700400	3.3078488231020e+01
127.082022946200	3.3647538189178e+01
127.112002192000	3.4197494149765e+01
127.141981437800	3.4727232441772e+01
127.171960683600	3.5235644809451e+01
127.201939929400	3.5721639517147e+01
127.231919175200	3.6184142440084e+01
127.261898421000	3.6622098140055e+01
127.291877666800	3.7034470924931e+01
127.321856912600	3.7420245890979e+01
127.351836158400	3.7778429946946e+01
127.381815404200	3.8108052818893e+01
127.411794650000	3.8408168034810e+01
127.441773895800	3.8677853888015e+01
127.471753141600	3.8916214378403e+01
127.501732387400	3.9122380130589e+01
127.531711633200	3.9295509288060e+01
127.561690879000	3.9434788382419e+01
127.591670124800	3.9539433176873e+01
127.621649370600	3.9608689483112e+01
127.651628616400	3.9641833950765e+01
127.681607862200	3.9638174828640e+01
127.711587108000	3.9597052696976e+01
127.741566353800	3.9517841169974e+01
127.771545599600	3.9399947567899e+01
127.801524845400	3.9242813558054e+01
127.831504091200	3.9045915763995e+01
127.861483337000	3.8808766342343e+01
127.891462582800	3.8530913526612e+01
127.921441828600	3.8211942137493e+01
127.951421074400	3.7851474059048e+01
127.981400320200	3.7449168680342e+01
128.011379566000	3.7004723302018e+01
128.041358811800	3.6517873507413e+01
128.071338057600	3.5988393497797e+01
128.101317303400	3.5416096391375e+01
128.131296549200	3.4800834485732e+01
128.161275795000	3.4142499483417e+01
128.191255040800	3.3441022680412e+01
128.221234286600	3.2696375117261e+01
128.251213532400	3.1908567692670e+01
128.281192778200	3.1077651239431e+01
128.311172024000	3.0203716562549e+01
128.341151269800	2.9286894439499e+01
128.371130515600	2.8327355582559e+01
128.401109761400	2.7325310563233e+01
128.431089007200	2.6281009698765e+01
128.461068253000	2.5194742900846e+01
128.491047498800	2.4066839486578e+01
128.521026744600	2.2897667951878e+01
128.551005990400	2.1687635707454e+01
128.580985236200	2.0437188777601e+01
128.610964482000	1.9146811462048e+01
128.640943727800	1.7817025961138e+01
128.670922973600	1.6448391964673e+01
128.700902219400	1.5041506204768e+01
128.730881465200	1.3597001973107e+01
128.760860711000	1.2115548603032e+01
128.790839956800	1.0597850916912e+01
128.820819202600	9.0446486392988e+00
128.850798448400	7.4567157763811e+00
128.880777694200	5.8348599623092e+00
128.910756940000	4.1799217729751e+00
128.940736185800	2.4927740078711e+00
128.970715431600	7.7432094068563e-01
129.000694677400	-9.7450246068142e-01
129.030673923200	-2.7527313439670e+00
129.060653169000	-4.5593718115115e+00
129.090632414800	-6.3934017875706e+00
129.120611660600	-8.2537719131700e+00
129.150590906400	-1.0139406467674e+01
129.180570152200	-1.2049204316215e+01
129.210549398000	-1.3982039882095e+01
129.240528643800	-1.5936764143263e+01
129.270507889600	-1.7912205651937e+01
129.300487135400	-1.9907171576404e+01
129.330466381200	-2.1920448764042e+01
129.360445627000	-2.3950804824556e+01
129.390424872800	-2.5996989232411e+01
129.420404118600	-2.8057734447432e+01
129.450383364400	-3.0131757052509e+01
129.480362610200	-3.2217758907337e+01
129.510341856000	-3.4314428317112e+01
129.540321101800	-3.6420441215057e+01
129.570300347600	-3.8534462357689e+01
129.600279593400	-4.0655146531667e+01
129.630258839200	-4.2781139771099e+01
129.660238085000	-4.4911080584142e+01
129.690217330800	-4.7043601187734e+01
129.720196576600	-4.9177328749286e+01
129.750175822400	-5.1310886634149e+01
129.780155068200	-5.3442895657672e+01
129.810134314000	-5.5571975340657e+01
129.840113559800	-5.7696745167015e+01
129.870092805600	-5.9815825842417e+01
129.900072051400	-6.1927840552745e+01
129.930051297200	-6.4031416221139e+01
129.960030543000	-6.6125184762428e+01
129.990009788800	-6.8207784333754e+01
130.019989034600	-7.0277860580191e+01
130.049968280400	-7.2334067874155e+01
130.079947526200	-7.4375070547419e+01
130.109926772000	-7.6399544114555e+01
130.139906017800	-7.8406176486623e+01
130.169885263600	-8.0393669173930e+01
130.199864509400	-8.2360738476720e+01
130.229843755200	-8.4306116662629e+01
130.259823001000	-8.6228553129778e+01
130.289802246800	-8.8126815554382e+01
130.319781492600	-8.9999691021758e+01
130.349760738400	-9.1845987139653e+01
130.379739984200	-9.3664533132795e+01
130.409719230000	-9.5454180917621e+01
130.439698475800	-9.7213806156141e+01
130.469677721600	-9.8942309287898e+01
130.499656967400	-1.0063861653904e+02
130.529636213200	-1.0230168090753e+02
130.559615459000	-1.0393048312347e+02
130.589594704800	-1.0552403258373e+02
130.619573950600	-1.0708136825983e+02
130.649553196400	-1.0860155957828e+02
130.679532442200	-1.1008370727246e+02
130.709511688000	-1.1152694420532e+02
130.739490933800	-1.1293043616186e+02
130.769470179600	-1.1429338261092e+02
130.799449425400	-1.1561501743524e+02
130.829428671200	-1.1689460962932e+02
130.859407917000	-1.1813146396411e+02
130.889387162800	-1.1932492161824e+02
130.919366408600	-1.2047436077477e+02
130.949345654400	-1.2157919718318e+02
130.979324900200	-1.2263888468586e+02
131.009304146000	-1.2365291570865e+02
131.039283391800	-1.2462082171489e+02
131.069262637600	-1.2554217362259e+02
131.099241883400	-1.2641658218426e+02
131.129221129200	-1.2724369832895e+02
131.159200375000	-1.2802321346629e+02
131.189179620800	-1.2875485975212e+02
131.219158866600	-1.2943841031538e+02
131.249138112400	-1.3007367944623e+02
131.279117358200	-1.3066052274492e+02
131.309096604000	-1.3119883723148e+02
131.339075849800	-1.3168856141599e+02
131.369055095600	-1.3212967532929e+02
131.399034341400	-1.3252220051425e+02
131.429013587200	-1.3286619997745e+02
131.458992833000	-1.3316177810126e+02
131.488972078800	-1.3340908051654e+02
131.518951324600	-1.3360829393597e+02
131.548930570400	-1.3375964594806e+02
131.578909816200	-1.3386340477224e+02
131.608889062000	-1.3391987897500e+02
131.638868307800	-1.3392941714751e+02
131.668847553600	-1.3389240754497e+02
131.698826799400	-1.3380927768788e+02
131.728806045200	-1.3368049392587e+02
131.758785291000	-1.3350656096415e+02
131.788764536800	-1.3328802135339e+02
131.818743782600	-1.3302545494310e+02
131.848723028400	-1.3271947829943e+02
131.878702274200	-1.3237074408752e+02
131.908681520000	-1.3197994041938e+02
131.938660765800	-1.3154779016757e+02
131.968640011600	-1.3107505024554e+02
131.998619257400	-1.3056251085521e+02
132.028598503200	-1.3001099470254e+02
132.058577749000	-1.2942135618181e+02
132.088556994800	-1.2879448052935e+02
132.118536240600	-1.2813128294763e+02
132.148515486400	-1.2743270770037e+02
132.178494732200	-1.2669972717975e+02
132.208473978000	-1.2593334094630e+02
132.238453223800	-1.2513457474279e+02
132.268432469600	-1.2430447948260e+02
132.298411715400	-1.2344413021396e+02
132.328390961200	-1.2255462506072e+02
132.358370207000	-1.2163708414087e+02
132.388349452800	-1.2069264846373e+02
132.418328698600	-1.1972247880695e+02
132.448307944400	-1.1872775457423e+02
132.478287190200	-1.1770967263518e+02
132.508266436000	-1.1666944614800e+02
132.538245681800	-1.1560830336647e+02
132.568224927600	-1.1452748643223e+02
132.598204173400	-1.1342825015354e+02
132.628183419200	-1.1231186077166e+02
132.658162665000	-1.1117959471613e+02
132.688141910800	-1.1003273735003e+02
132.718121156600	-1.0887258170654e+02
132.748100402400	-1.0770042721793e+02
132.778079648200	-1.0651757843824e+02
132.808058894000	-1.0532534376094e+02
132.838038139800	-1.0412503413269e+02
132.868017385600	-1.0291796176452e+02
132.897996631400	-1.0170543884171e+02
132.927975877200	-1.0048877623353e+02
132.957955123000	-9.9269282204114e+01
132.987934368800	-9.8048261125822e+01
133.017913614600	-9.6827012196157e+01
133.047892860400	-9.5606828159631e+01
133.077872106200	-9.4388994035754e+01
133.107851352000	-9.3174785854398e+01
133.137830597800	-9.1965469399762e+01
133.167809843600	-9.0762298964160e+01
133.197789089400	-8.9566516112857e+01
133.227768335200	-8.8379348461133e+01
133.257747581000	-8.7202008464794e+01
133.287726826800	-8.6035692225292e+01
133.317706072600	-8.4881578310630e+01
133.347685318400	-8.3740826593199e+01
133.377664564200	-8.2614577105692e+01
133.407643810000	-8.1503948916198e+01
133.437623055800	-8.0410039023608e+01
133.467602301600	-7.9333921274379e+01
133.497581547400	-7.8276645301754e+01
133.527560793200	-7.7239235488454e+01
133.557540039000	-7.6222689953881e+01
133.587519284800	-7.5227979566813e+01
133.617498530600	-7.4256046984583e+01
133.647477776400	-7.3307805719669e+01
133.677457022200	-7.2384139234636e+01
133.707436268000	-7.1485900066308e+01
133.737415513800	-7.0613908980059e+01
133.767394759600	-6.9768954155036e+01
133.797374005400	-6.8951790401149e+01
133.827353251200	-6.8163138408588e+01
133.857332497000	-6.7403684030625e+01
133.887311742800	-6.6674077600416e+01
133.917290988600	-6.5974933282490e+01
133.947270234400	-6.5306828459565e+01
133.977249480200	-6.4670303155319e+01
134.007228726000	-6.4065859493702e+01
134.037207971800	-6.3493961195320e+01
134.067187217600	-6.2955033111416e+01
134.097166463400	-6.2449460795929e+01
134.127145709200	-6.1977590116049e+01
134.157124955000	-6.1539726901698e+01
134.187104200800	-6.1136136634278e+01
134.217083446600	-6.0767044175027e+01
134.247062692400	-6.0432633533266e+01
134.277041938200	-6.0133047674794e+01
134.307021184000	-5.9868388370633e+01
134.337000429800	-5.9638716086302e+01
134.366979675600	-5.9444049911752e+01
134.396958921400	-5.9284367532061e+01
134.426938167200	-5.9159605238931e+01
134.456917413000	-5.9069657983015e+01
134.486896658800	-5.9014379467046e+01
134.516875904600	-5.8993582279697e+01
134.546855150400	-5.9007038070084e+01
134.576834396200	-5.9054477762746e+01
134.606813642000	-5.9135591812942e+01
134.636792887800	-5.9250030502035e+01
134.666772133600	-5.9397404272690e+01
134.696751379400	-5.9577284103611e+01
134.726730625200	-5.9789201923457e+01
134.756709871000	-6.0032651063573e+01
134.786689116800	-6.0307086749114e+01
134.816668362600	-6.0611926628119e+01
134.846647608400	-6.0946551338038e+01
134.876626854200	-6.1310305109189e+01
134.906606100000	-6.1702496404586e+01
134.936585345800	-6.2122398595536e+01
134.966564591600	-6.2569250672374e+01
134.996543837400	-6.3042257989673e+01
135.026523083200	-6.3540593045218e+01
135.056502329000	-6.4063396292021e+01
135.086481574800	-6.4609776982602e+01
135.116460820600	-6.5178814044738e+01
135.146440066400	-6.5769556987857e+01
135.176419312200	-6.6381026839208e+01
135.206398558000	-6.7012217108916e+01
135.236377803800	-6.7662094783020e+01
135.266357049600	-6.8329601343524e+01
135.296336295400	-6.9013653814505e+01
135.326315541200	-6.9713145833273e+01
135.356294787000	-7.0426948745559e+01
135.386274032800	-7.1153912723681e+01
135.416253278600	-7.1892867906620e+01
135.446232524400	-7.2642625560909e+01
135.476211770200	-7.3401979261227e+01
135.506191016000	-7.4169706089550e+01
135.536170261800	-7.4944567851725e+01
135.566149507600	-7.5725312310278e+01
135.596128753400	-7.6510674432278e+01
135.626107999200	-7.7299377651056e+01
135.656087245000	-7.8090135140551e+01
135.686066490800	-7.8881651101060e+01
135.716045736600	-7.9672622055154e+01
135.746024982400	-8.0461738152493e+01
135.776004228200	-8.1247684482289e+01
135.805983474000	-8.2029142392141e+01
135.835962719800	-8.2804790811960e+01
135.865941965600	-8.3573307581709e+01
135.895921211400	-8.4333370781660e+01
135.925900457200	-8.5083660063876e+01
135.955879703000	-8.5822857983635e+01
135.985858948800	-8.6549651329479e+01
136.015838194600	-8.7262732450616e+01
136.045817440400	-8.7960800580363e+01
136.075796686200	-8.8642563154353e+01
136.105775932000	-8.9306737122204e+01
136.135755177800	-8.9952050251389e+01
136.165734423600	-9.0577242422009e+01
136.195713669400	-9.1181066911225e+01
136.225692915200	-9.1762291666066e+01
136.255672161000	-9.2319700563396e+01
136.285651406800	-9.2852094655770e+01
136.315630652600	-9.3358293401986e+01
136.345609898400	-9.3837135881105e+01
136.375589144200	-9.4287481988747e+01
136.405568390000	-9.4708213614493e+01
136.435547635800	-9.5098235799225e+01
136.465526881600	-9.5456477871261e+01
136.495506127400	-9.5781894560172e+01
136.525485373200	-9.6073467087168e+01
136.555464619000	-9.6330204230975e+01
136.585443864800	-9.6551143368161e+01
136.615423110600	-9.6735351486848e+01
136.645402356400	-9.6881926172840e+01
136.675381602200	-9.6989996567148e+01
136.705360848000	-9.7058724293986e+01
136.735340093800	-9.7087304358291e+01
136.765319339600	-9.7074966011886e+01
136.795298585400	-9.7020973587393e+01
136.825277831200	-9.6924627299092e+01
136.855257077000	-9.6785264009883e+01
136.885236322800	-9.6602257963607e+01
136.915215568600	-9.6375021481961e+01
136.945194814400	-9.6103005625320e+01
136.975174060200	-9.5785700816772e+01
137.005153306000	-9.5422637428747e+01
137.035132551800	-9.5013386331623e+01
137.065111797600	-9.4557559403754e+01
137.095091043400	-9.4054810002381e+01
137.125070289200	-9.3504833394941e+01
137.155049535000	-9.2907367150320e+01
137.185028780800	-9.2262191489631e+01
137.215008026600	-9.1569129596147e+01
137.244987272400	-9.0828047884041e+01
137.274966518200	-9.0038856225654e+01
137.304945764000	-8.9201508137010e+01
137.334925009800	-8.8316000921384e+01
137.364904255600	-8.7382375770729e+01
137.394883501400	-8.6400717824837e+01
137.424862747200	-8.5371156188131e+01
137.454841993000	-8.4293863904044e+01
137.484821238800	-8.3169057886956e+01
137.514800484600	-8.1996998811735e+01
137.544779730400	-8.0777990960940e+01
137.574758976200	-7.9512382029796e+01
137.604738222000	-7.8200562889097e+01
137.634717467800	-7.6842967306232e+01
137.664696713600	-7.5440071624552e+01
137.694675959400	-7.3992394401368e+01
137.724655205200	-7.2500496004884e+01
137.754634451000	-7.0964978170424e+01
137.784613696800	-6.9386483516338e+01
137.814592942600	-6.7765695020030e+01
137.844572188400	-6.6103335454575e+01
137.874551434200	-6.4400166786428e+01
137.904530680000	-6.2656989534790e+01
137.934509925800	-6.0874642093198e+01
137.964489171600	-5.9054000013973e+01
137.994468417400	-5.7195975256191e+01
138.024447663200	-5.5301515397847e+01
138.054426909000	-5.3371602812976e+01
138.084406154800	-5.1407253814470e+01
138.114385400600	-4.9409517763399e+01
138.144364646400	-4.7379476145671e+01
138.174343892200	-4.5318241616889e+01
138.204323138000	-4.3226957016302e+01
138.234302383800	-4.1106794350777e+01
138.264281629600	-3.8958953749749e+01
138.294260875400	-3.6784662392129e+01
138.324240121200	-3.4585173406192e+01
138.354219367000	-3.2361764743467e+01
138.384198612800	-3.0115738027717e+01
138.414177858600	-2.7848417380080e+01
138.444157104400	-2.5561148221498e+01
138.474136350200	-2.3255296053563e+01
138.504115596000	-2.0932245218942e+01
138.534094841800	-1.8593397642568e+01
138.564074087600	-1.6240171554774e+01
138.594053333400	-1.3874000197621e+01
138.624032579200	-1.1496330515620e+01
138.654011825000	-9.1086218321274e+00
138.683991070800	-6.7123445126560e+00
138.713970316600	-4.3089786164023e+00
138.743949562400	-1.9000125372639e+00
138.773928808200	5.1305836433943e-01
138.803908054000	2.9287331375321e+00
138.833887299800	5.3455066236149e+00
138.863866545600	7.7618708439336e+00
138.893845791400	1.0176316391650e+01
138.923825037200	1.2587333826074e+01
138.953804283000	1.4993415068215e+01
138.983783528800	1.7393054796213e+01
139.013762774600	1.9784751839283e+01
139.043742020400	2.2167010568858e+01
139.073721266200	2.4538342285556e+01
139.103700512000	2.6897266600655e+01
139.133679757800	2.9242312810713e+01
139.163659003600	3.1572021264032e+01
139.193638249400	3.3884944717614e+01
139.223617495200	3.6179649683308e+01
139.253596741000	3.8454717761842e+01
139.283575986800	4.0708746963435e+01
139.313555232600	4.2940353013710e+01
139.343534478400	4.5148170643638e+01
139.373513724200	4.7330854862258e+01
139.403492970000	4.9487082210928e+01
139.433472215800	5.1615551997882e+01
139.463451461600	5.3714987511900e+01
139.493430707400	5.5784137213887e+01
139.523409953200	5.7821775905209e+01
139.553389199000	5.9826705871635e+01
139.583368444800	6.1797758001767e+01
139.613347690600	6.3733792878857e+01
139.643326936400	6.5633701844944e+01
139.673306182200	6.7496408036255e+01
139.703285428000	6.9320867388863e+01
139.733264673800	7.1106069613598e+01
139.763243919600	7.2851039139256e+01
139.793223165400	7.4554836023170e+01
139.823202411200	7.6216556828249e+01
139.853181657000	7.7835335465594e+01
139.883160902800	7.9410344001886e+01
139.913140148600	8.0940793430709e+01
139.943119394400	8.2425934407061e+01
139.973098640200	8.3865057944310e+01
140.003077886000	8.5257496072897e+01
140.033057131800	8.6602622460123e+01
140.063036377600	8.7899852990395e+01
140.093015623400	8.9148646305347e+01
140.122994869200	9.0348504303282e+01
140.152974115000	9.1498972597428e+01
140.182953360800	9.2599640932539e+01
140.212932606600	9.3650143559402e+01
140.242911852400	9.4650159566877e+01
140.272891098200	9.5599413171095e+01
140.302870344000	9.6497673961536e+01
140.332849589800	9.7344757103694e+01
140.362828835600	9.8140523498116e+01
140.392808081400	9.8884879895641e+01
140.422787327200	9.9577778968672e+01
140.452766573000	1.0021921933842e+02
140.482745818800	1.0080924555801e+02
140.512725064600	1.0134794805153e+02
140.542704310400	1.0183546300891e+02
140.572683556200	1.0227197223688e+02
140.602662802000	1.0265770296592e+02
140.632642047800	1.0299292761357e+02
140.662621293600	1.0327796350416e+02
140.692600539400	1.0351317254519e+02
140.722579785200	1.0369896086077e+02
140.752559031000	1.0383577838234e+02
140.782538276800	1.0392411839705e+02
140.812517522600	1.0396451705426e+02
140.842496768400	1.0395755283055e+02
140.872476014200	1.0390384595378e+02
140.902455260000	1.0380405778668e+02
140.932434505800	1.0365889017059e+02
140.962413751600	1.0346908472997e+02
140.992392997400	1.0323542213818e+02
141.022372243200	1.0295872134548e+02
141.052351489000	1.0263983876968e+02
141.082330734800	1.0227966745048e+02
141.112309980600	1.0187913616799e+02
141.142289226400	1.0143920852661e+02
141.172268472200	1.0096088200476e+02
141.202247718000	1.0044518697175e+02
141.232226963800	9.9893185672286e+01
141.262206209600	9.9305971180034e+01
141.292185455400	9.8684666320832e+01
141.322164701200	9.8030422566842e+01
141.352143947000	9.7344418902556e+01
141.382123192800	9.6627860663803e+01
141.412102438600	9.5881978350816e+01
141.442081684400	9.5108026416537e+01
141.472060930200	9.4307282031273e+01
141.502040176000	9.3481043824926e+01
141.532019421800	9.2630630607963e+01
141.561998667600	9.1757380072384e+01
141.591977913400	9.0862647473907e+01
141.621957159200	8.9947804296651e+01
141.651936405000	8.9014236901591e+01
141.681915650800	8.8063345160093e+01
141.711894896600	8.7096541073828e+01
141.741874142400	8.6115247382413e+01
141.771853388200	8.5120896160098e+01
141.801832634000	8.4114927402876e+01
141.831811879800	8.3098787607362e+01
141.861791125600	8.2073928342812e+01
141.891770371400	8.1041804817682e+01
141.921749617200	8.0003874442083e+01
141.951728863000	7.8961595387553e+01
141.981708108800	7.7916425145517e+01
142.011687354600	7.6869819085843e+01
142.041666600400	7.5823229016895e+01
142.071645846200	7.4778101748470e+01
142.101625092000	7.3735877659021e+01
142.131604337800	7.2697989268561e+01
142.161583583600	7.1665859818626e+01
142.191562829400	7.0640901860689e+01
142.221542075200	6.9624515854401e+01
142.251521321000	6.8618088777007e+01
142.281500566800	6.7622992745321e+01
142.311479812600	6.6640583651586e+01
142.341459058400	6.5672199814550e+01
142.371438304200	6.4719160647100e+01
142.401417550000	6.3782765341726e+01
142.431396795800	6.2864291575130e+01
142.461376041600	6.1964994233229e+01
142.491355287400	6.1086104157826e+01
142.521334533200	6.0228826916156e+01
142.551313779000	5.9394341594529e+01
142.581293024800	5.8583799617265e+01
142.611272270600	5.7798323592062e+01
142.641251516400	5.7039006182966e+01
142.671230762200	5.6306909012027e+01
142.701210008000	5.5603061590744e+01
142.731189253800	5.4928460282359e+01
142.761168499600	5.4284067296012e+01
142.791147745400	5.3670809713773e+01
142.821126991200	5.3089578551516e+01
142.851106237000	5.2541227854556e+01
142.881085482800	5.2026573828972e+01
142.911064728600	5.1546394009468e+01
142.941043974400	5.1101426464617e+01
142.971023220200	5.0692369040282e+01
143.001002466000	5.0319878641966e+01
143.030981711800	4.9984570556843e+01
143.060960957600	4.9687017816119e+01
143.090940203400	4.9427750598405e+01
143.120919449200	4.9207255674689e+01
143.150898695000	4.9025975895490e+01
143.180877940800	4.8884309720707e+01
143.210857186600	4.8782610792670e+01
143.240836432400	4.8721187552819e+01
143.270815678200	4.8700302902433e+01
143.300794924000	4.8720173907755e+01
143.330774169800	4.8780971549844e+01
143.360753415600	4.8882820519422e+01
143.390732661400	4.9025799056954e+01
143.420711907200	4.9209938838142e+01
143.450691153000	4.9435224904989e+01
143.480670398800	4.9701595642521e+01
143.510649644600	5.0008942801236e+01
143.540628890400	5.0357111565279e+01
143.570608136200	5.0745900666326e+01
143.600587382000	5.1175062543086e+01
143.630566627800	5.1644303546311e+01
143.660545873600	5.2153284189145e+01
143.690525119400	5.2701619442600e+01
143.720504365200	5.3288879075913e+01
143.750483611000	5.3914588041483e+01
143.780462856800	5.4578226904049e+01
143.810442102600	5.5279232313722e+01
143.840421348400	5.6016997522458e+01
143.870400594200	5.6790872943484e+01
143.900379840000	5.7600166753185e+01
143.930359085800	5.8444145534889e+01
143.960338331600	5.9322034963960e+01
143.990317577400	6.0233020533571e+01
144.020296823200	6.1176248320471e+01
144.050276069000	6.2150825790049e+01
144.080255314800	6.3155822639932e+01
144.110234560600	6.4190271681330e+01
144.140213806400	6.5253169757310e+01
144.170193052200	6.6343478697126e+01
144.200172298000	6.7460126305708e+01
144.230151543800	6.8602007387385e+01
144.260130789600	6.9767984802867e+01
144.290110035400	7.0956890558486e+01
144.320089281200	7.2167526926672e+01
144.350068527000	7.3398667596591e+01
144.380047772800	7.4649058853856e+01
144.410027018600	7.5917420788193e+01
144.440006264400	7.7202448527907e+01
144.469985510200	7.8502813499966e+01
144.499964756000	7.9817164714518e+01
144.529944001800	8.1144130072589e+01
144.559923247600	8.2482317695738e+01
144.589902493400	8.3830317276369e+01
144.619881739200	8.5186701447430e+01
144.649860985000	8.6550027170170e+01
144.679840230800	8.7918837138627e+01
144.709819476600	8.9291661199497e+01
144.739798722400	9.0667017786023e+01
144.769777968200	9.2043415364509e+01
144.799757214000	9.3419353892089e+01
144.829736459800	9.4793326284323e+01
144.859715705600	9.6163819891219e+01
144.889694951400	9.7529317980249e+01
144.919674197200	9.8888301224926e+01
144.949653443000	1.0023924919751e+02
144.979632688800	1.0158064186437e+02
145.009611934600	1.0291096108261e+02
145.039591180400	1.0422869209648e+02
145.069570426200	1.0553232503201e+02
145.099549672000	1.0682035638870e+02
145.129528917800	1.0809129052645e+02
145.159508163600	1.0934364114663e+02
145.189487409400	1.1057593276556e+02
145.219466655200	1.1178670217917e+02
145.249445901000	1.1297449991732e+02
145.279425146800	1.1413789168639e+02
145.309404392600	1.1527545979865e+02
145.339383638400	1.1638580458719e+02
145.369362884200	1.1746754580483e+02
145.399342130000	1.1851932400577e+02
145.429321375800	1.1953980190858e+02
145.459300621600	1.2052766573918e+02
145.489279867400	1.2148162655252e+02
145.519259113200	1.2240042153166e+02
145.549238359000	1.2328281526296e+02
145.579217604800	1.2412760098610e+02
145.609196850600	1.2493360181775e+02
145.639176096400	1.2569967194766e+02
145.669155342200	1.2642469780595e+02
145.699134588000	1.2710759920051e+02
145.729113833800	1.2774733042333e+02
145.759093079600	1.2834288132472e+02
145.789072325400	1.2889327835424e+02
145.819051571200	1.2939758556748e+02
145.849030817000	1.2985490559746e+02
145.879010062800	1.3026438058996e+02
145.908989308600	1.3062519310151e+02
145.938968554400	1.3093656695948e+02
145.968947800200	1.3119776808311e+02
145.998927046000	1.3140810526488e+02
146.028906291800	1.3156693091126e+02
146.058885537600	1.3167364174224e+02
146.088864783400	1.3172767944874e+02
146.118844029200	1.3172853130744e+02
146.148823275000	1.3167573075226e+02
146.178802520800	1.3156885790189e+02
146.208781766600	1.3140754004295e+02
146.238761012400	1.3119145206815e+02
146.268740258200	1.3092031686899e+02
146.298719504000	1.3059390568273e+02
146.328698749800	1.3021203839301e+02
146.358677995600	1.2977458378408e+02
146.388657241400	1.2928145974807e+02
146.418636487200	1.2873263344525e+02
146.448615733000	1.2812812141706e+02
146.478594978800	1.2746798965166e+02
146.508574224600	1.2675235360203e+02
146.538553470400	1.2598137815644e+02
146.568532716200	1.2515527756139e+02
146.598511962000	1.2427431529698e+02
146.628491207800	1.2333880390477e+02
146.658470453600	1.2234910476840e+02
146.688449699400	1.2130562784692e+02
146.718428945200	1.2020883136128e+02
146.748408191000	1.1905922143405e+02
146.778387436800	1.1785735168282e+02
146.808366682600	1.1660382276751e+02
146.838345928400	1.1529928189216e+02
146.868325174200	1.1394442226145e+02
146.898304420000	1.1253998249254e+02
146.928283665800	1.1108674598282e+02
146.958262911600	1.0958554023395e+02
146.988242157400	1.0803723613307e+02
147.018221403200	1.0644274719158e+02
147.048200649000	1.0480302874242e+02
147.078179894800	1.0311907709636e+02
147.108159140600	1.0139192865830e+02
147.138138386400	9.9622659004288e+01
147.168117632200	9.7812381920094e+01
147.198096878000	9.5962248402300e+01
147.228076123800	9.4073445622821e+01
147.258055369600	9.2147195857805e+01
147.288034615400	9.0184755381952e+01
147.318013861200	8.8187413329257e+01
147.347993107000	8.6156490521281e+01
147.377972352800	8.4093338264031e+01
147.407951598600	8.1999337114604e+01
147.437930844400	7.9875895618744e+01
147.467910090200	7.7724449020530e+01
147.497889336000	7.5546457945392e+01
147.527868581800	7.3343407057729e+01
147.557847827600	7.1116803694384e+01
147.587827073400	6.8868176475299e+01
147.617806319200	6.6599073892650e+01
147.647785565000	6.4311062879820e+01
147.677764810800	6.2005727361575e+01
147.707744056600	5.9684666786823e+01
147.737723302400	5.7349494645363e+01
147.767702548200	5.5001836970034e+01
147.797681794000	5.2643330825715e+01
147.827661039800	5.0275622786606e+01
147.857640285600	4.7900367403260e+01
147.887619531400	4.5519225660837e+01
147.917598777200	4.3133863430059e+01
147.947578023000	4.0745949912354e+01
147.977557268800	3.8357156080688e+01
148.007536514600	3.5969153117587e+01
148.037515760400	3.3583610851842e+01
148.067495006200	3.1202196195429e+01
148.097474252000	2.8826571582121e+01
148.127453497800	2.6458393409329e+01
148.157432743600	2.4099310484655e+01
148.187411989400	2.1750962478676e+01
148.217391235200	1.9414978385440e+01
148.247370481000	1.7092974992187e+01
148.277349726800	1.4786555359748e+01
148.307328972600	1.2497307315131e+01
148.337308218400	1.0226801957723e+01
148.367287464200	7.9765921805877e+00
148.397266710000	5.7482112082721e+00
148.427245955800	3.5431711525669e+00
148.457225201600	1.3629615876080e+00
148.487204447400	-7.9095185427990e-01
148.517183693200	-2.9171288646346e+00
148.547162939000	-5.0141558174507e+00
148.577142184800	-7.0806471029909e+00
148.607121430600	-9.1152464355095e+00
148.637100676400	-1.1116628133608e+01
148.667079922200	-1.3083498371967e+01
148.697059168000	-1.5014596403234e+01
148.727038413800	-1.6908695748854e+01
148.757017659600	-1.8764605357687e+01
148.786996905400	-2.0581170731257e+01
148.816976151200	-2.2357275014549e+01
148.846955397000	-2.4091840051240e+01
148.876934642800	-2.5783827402358e+01
148.906913888600	-2.7432239327346e+01
148.936893134400	-2.9036119726548e+01
148.966872380200	-3.0594555044206e+01
148.996851626000	-3.2106675131049e+01
149.026830871800	-3.3571654065624e+01
149.056810117600	-3.4988710933548e+01
149.086789363400	-3.6357110563905e+01
149.116768609200	-3.7676164222034e+01
149.146747855000	-3.8945230258032e+01
149.176727100800	-4.0163714710300e+01
149.206706346600	-4.1331071863529e+01
149.236685592400	-4.2446804760557e+01
149.266664838200	-4.3510465667565e+01
149.296644084000	-4.4521656492147e+01
149.326623329800	-4.5480029153810e+01
149.356602575600	-4.6385285906514e+01
149.386581821400	-4.7237179612922e+01
149.416561067200	-4.8035513970051e+01
149.446540313000	-4.8780143686088e+01
149.476519558800	-4.9470974608155e+01
149.506498804600	-5.0107963800886e+01
149.536478050400	-5.0691119575692e+01
149.566457296200	-5.1220501470677e+01
149.596436542000	-5.1696220181161e+01
149.626415787800	-5.2118437440890e+01
149.656395033600	-5.2487365853974e+01
149.686374279400	-5.2803268677718e+01
149.716353525200	-5.3066459556507e+01
149.746332771000	-5.3277302206984e+01
149.776312016800	-5.3436210054788e+01
149.806291262600	-5.3543645823174e+01
149.836270508400	-5.3600121073894e+01
149.866249754200	-5.3606195700742e+01
149.896229000000	-5.3562477376228e+01
149.926208245800	-5.3469620951896e+01
149.956187491600	-5.3328327812825e+01
149.986166737400	-5.3139345186923e+01
150.016145983200	-5.2903465409647e+01
150.046125229000	-5.2621525144838e+01
150.076104474800	-5.2294404562396e+01
150.106083720600	-5.1923026473573e+01
150.136062966400	-5.1508355424685e+01
150.166042212200	-5.1051396750100e+01
150.196021458000	-5.0553195585408e+01
150.226000703800	-5.0014835841677e+01
150.255979949600	-4.9437439141796e+01
150.285959195400	-4.8822163719891e+01
150.315938441200	-4.8170203284870e+01
150.345917687000	-4.7482785849171e+01
150.375896932800	-4.6761172523835e+01
150.405876178600	-4.6006656281038e+01
150.435855424400	-4.5220560685279e+01
150.465834670200	-4.4404238594424e+01
150.495813916000	-4.3559070831844e+01
150.525793161800	-4.2686464830941e+01
150.555772407600	-4.1787853253321e+01
150.585751653400	-4.0864692581976e+01
150.615730899200	-3.9918461690803e+01
150.645710145000	-3.8950660391840e+01
150.675689390800	-3.7962807961609e+01
150.705668636600	-3.6956441648000e+01
150.735647882400	-3.5933115159105e+01
150.765627128200	-3.4894397135489e+01
150.795606374000	-3.3841869607345e+01
150.825585619800	-3.2777126438037e+01
150.855564865600	-3.1701771755523e+01
150.885544111400	-3.0617418373183e+01
150.915523357200	-2.9525686201570e+01
150.945502603000	-2.8428200652627e+01
150.975481848800	-2.7326591037913e+01
151.005461094600	-2.6222488962380e+01
151.035440340400	-2.5117526715278e+01
151.065419586200	-2.4013335659729e+01
151.095398832000	-2.2911544622549e+01
151.125378077800	-2.1813778285867e+01
151.155357323600	-2.0721655582114e+01
151.185336569400	-1.9636788093951e+01
151.215315815200	-1.8560778460668e+01
151.245295061000	-1.7495218792632e+01
151.275274306800	-1.6441689095322e+01
151.305253552600	-1.5401755704473e+01
151.335232798400	-1.4376969733887e+01
151.365212044200	-1.3368865537392e+01
151.395191290000	-1.2378959186484e+01
151.425170535800	-1.1408746965118e+01
151.455149781600	-1.0459703883138e+01
151.485129027400	-9.5332822097901e+00
151.515108273200	-8.6309100287660e+00
151.545087519000	-7.7539898161922e+00
151.575066764800	-6.9038970429585e+00
151.605046010600	-6.0819788027649e+00
151.635025256400	-5.2895524672341e+00
151.665004502200	-4.5279043694151e+00
151.694983748000	-3.7982885169771e+00
151.724962993800	-3.1019253363613e+00
151.754942239600	-2.4400004491352e+00
151.784921485400	-1.8136634817559e+00
151.814900731200	-1.2240269099250e+00
151.844879977000	-6.7216493867837e-01
151.874859222800	-1.5911241932466e-01
151.904838468600	3.1413619569096e-01
151.934817714400	7.4662785895707e-01
151.964796960200	1.1374518942959e+00
151.994776206000	1.4857409220274e+00
152.024755451800	1.7906717423717e+00
152.054734697600	2.0514661761013e+00
152.084713943400	2.2673918616008e+00
152.114693189200	2.4377630075268e+00
152.144672435000	2.5619411003098e+00
152.174651680800	2.6393355657788e+00
152.204630926600	2.6694043842348e+00
152.234610172400	2.6516546583460e+00
152.264589418200	2.5856431332790e+00
152.294568664000	2.4709766685311e+00
152.324547909800	2.3073126609710e+00
152.354527155600	2.0943594186455e+00
152.384506401400	1.8318764849555e+00
152.414485647200	1.5196749128543e+00
152.444464893000	1.1576174887671e+00
152.474444138800	7.4561890598208e-01
152.504423384600	2.8364588731073e-01
152.534402630400	-2.2828274313553e-01
152.564381876200	-7.9009603915530e-01
152.594361122000	-1.4016709627076e+00
152.624340367800	-2.0628324652068e+00
152.654319613600	-2.7733536198166e+00
152.684298859400	-3.5329558046473e+00
152.714278105200	-4.3413089367122e+00
152.744257351000	-5.1980317564477e+00
152.774236596800	-6.1026921625547e+00
152.804215842600	-7.0548075968663e+00
152.834195088400	-8.0538454789023e+00
152.864174334200	-9.0992236897178e+00
152.894153580000	-1.0190311104609e+01
152.924132825800	-1.1326428174186e+01
152.954112071600	-1.2506847553286e+01
152.984091317400	-1.3730794777134e+01
153.014070563200	-1.4997448984136e+01
153.044049809000	-1.6305943684621e+01
153.074029054800	-1.7655367574820e+01
153.104008300600	-1.9044765395313e+01
153.133987546400	-2.0473138833144e+01
153.163966792200	-2.1939447466743e+01
153.193946038000	-2.3442609752775e+01
153.223925283800	-2.4981504053971e+01
153.253904529600	-2.6554969706974e+01
153.283883775400	-2.8161808129175e+01
153.313863021200	-2.9800783963501e+01
153.343842267000	-3.1470626260048e+01
153.373821512800	-3.3170029693446e+01
153.403800758600	-3.4897655814774e+01
153.433780004400	-3.6652134336850e+01
153.463759250200	-3.8432064451646e+01
153.493738496000	-4.0236016178565e+01
153.523717741800	-4.2062531742304e+01
153.553696987600	-4.3910126978954e+01
153.583676233400	-4.5777292768996e+01
153.613655479200	-4.7662496495819e+01
153.643634725000	-4.9564183528334e+01
153.673613970800	-5.1480778726276e+01
153.703593216600	-5.3410687966720e+01
153.733572462400	-5.5352299690352e+01
153.763551708200	-5.7303986465980e+01
153.793530954000	-5.9264106571789e+01
153.823510199800	-6.1231005591792e+01
153.853489445600	-6.3203018025936e+01
153.883468691400	-6.5178468912300e+01
153.913447937200	-6.7155675459800e+01
153.943427183000	-6.9132948689822e+01
153.973406428800	-7.1108595085187e+01
154.003385674600	-7.3080918244826e+01
154.033364920400	-7.5048220542573e+01
154.063344166200	-7.7008804788439e+01
154.093323412000	-7.8960975890759e+01
154.123302657800	-8.0903042517578e+01
154.153281903600	-8.2833318755651e+01
154.183261149400	-8.4750125765448e+01
154.213240395200	-8.6651793430517e+01
154.243219641000	-8.8536661999612e+01
154.273198886800	-9.0403083719962e+01
154.303178132600	-9.2249424460076e+01
154.333157378400	-9.4074065320500e+01
154.363136624200	-9.5875404230926e+01
154.393115870000	-9.7651857532095e+01
154.423095115800	-9.9401861540921e+01
154.453074361600	-1.0112387409731e+02
154.483053607400	-1.0281637609111e+02
154.513032853200	-1.0447787296775e+02
154.543012099000	-1.0610689621100e+02
154.572991344800	-1.0770200480144e+02
154.602970590600	-1.0926178664915e+02
154.632949836400	-1.1078485999925e+02
154.662929082200	-1.1226987480885e+02
154.692908328000	-1.1371551409402e+02
154.722887573800	-1.1512049524554e+02
154.752866819600	-1.1648357131200e+02
154.782846065400	-1.1780353224902e+02
154.812825311200	-1.1907920613333e+02
154.842804557000	-1.2030946034056e+02
154.872783802800	-1.2149320268537e+02
154.902763048600	-1.2262938252308e+02
154.932742294400	-1.2371699181132e+02
154.962721540200	-1.2475506613095e+02
154.992700786000	-1.2574268566506e+02
155.022680031800	-1.2667897613501e+02
155.052659277600	-1.2756310969275e+02
155.082638523400	-1.2839430576829e+02
155.112617769200	-1.2917183187158e+02
155.142597015000	-1.2989500434798e+02
155.172576260800	-1.3056318908647e+02
155.202555506600	-1.3117580217996e+02
155.232534752400	-1.3173231053687e+02
155.262513998200	-1.3223223244352e+02
155.292493244000	-1.3267513807661e+02
155.322472489800	-1.3306064996525e+02
155.352451735600	-1.3338844340215e+02
155.382430981400	-1.3365824680340e+02
155.412410227200	-1.3386984201646e+02
155.442389473000	-1.3402306457613e+02
155.472368718800	-1.3411780390807e+02
155.502347964600	-1.3415400347966e+02
155.532327210400	-1.3413166089803e+02
155.562306456200	-1.3405082795517e+02
155.592285702000	-1.3391161061985e+02
155.622264947800	-1.3371416897655e+02
155.652244193600	-1.3345871711119e+02
155.682223439400	-1.3314552294387e+02
155.712202685200	-1.3277490800871e+02
155.742181931000	-1.3234724718089e+02
155.772161176800	-1.3186296835120e+02
155.802140422600	-1.3132255204827e+02
155.832119668400	-1.3072653100899e+02
155.862098914200	-1.3007548969716e+02
155.892078160000	-1.2937006377124e+02
155.922057405800	-1.2861093950120e+02
155.952036651600	-1.2779885313541e+02
155.982015897400	-1.2693459021789e+02
156.011995143200	-1.2601898485656e+02
156.041974389000	-1.2505291894332e+02
156.071953634800	-1.2403732132653e+02
156.101932880600	-1.2297316693664e+02
156.131912126400	-1.2186147586597e+02
156.161891372200	-1.2070331240326e+02
156.191870618000	-1.1949978402404e+02
156.221849863800	-1.1825204033776e+02
156.251829109600	-1.1696127199260e+02
156.281808355400	-1.1562870953906e+02
156.311787601200	-1.1425562225337e+02
156.341766847000	-1.1284331692181e+02
156.371746092800	-1.1139313658719e+02
156.401725338600	-1.0990645925857e+02
156.431704584400	-1.0838469658547e+02
156.461683830200	-1.0682929249793e+02
156.491663076000	-1.0524172181360e+02
156.521642321800	-1.0362348881320e+02
156.551621567600	-1.0197612578586e+02
156.581600813400	-1.0030119154552e+02
156.611580059200	-9.8600269919953e+01
156.641559305000	-9.6874968213905e+01
156.671538550800	-9.5126915647639e+01
156.701517796600	-9.3357761772599e+01
156.731497042400	-9.1569174865589e+01
156.761476288200	-8.9762840303079e+01
156.791455534000	-8.7940458917182e+01
156.821434779800	-8.6103745334906e+01
156.851414025600	-8.4254426302292e+01
156.881393271400	-8.2394238995057e+01
156.911372517200	-8.0524929317380e+01
156.941351763000	-7.8648250190502e+01
156.971331008800	-7.6765959832784e+01
157.001310254600	-7.4879820032907e+01
157.031289500400	-7.2991594417912e+01
157.061268746200	-7.1103046717740e+01
157.091247992000	-6.9215939027997e+01
157.121227237800	-6.7332030072629e+01
157.151206483600	-6.5453073468204e+01
157.181185729400	-6.3580815991516e+01
157.211164975200	-6.1716995852200e+01
157.241144221000	-5.9863340972052e+01
157.271123466800	-5.8021567272759e+01
157.301102712600	-5.6193376973709e+01
157.331081958400	-5.4380456901567e+01
157.361061204200	-5.2584476813283e+01
157.391040450000	-5.0807087734185e+01
157.421019695800	-4.9049920312798e+01
157.450998941600	-4.7314583194032e+01
157.480978187400	-4.5602661412322e+01
157.510957433200	-4.3915714806346e+01
157.540936679000	-4.2255276456877e+01
157.570915924800	-4.0622851149322e+01
157.600895170600	-3.9019913862489e+01
157.630874416400	-3.7447908285085e+01
157.660853662200	-3.5908245361422e+01
157.690832908000	-3.4402301867792e+01
157.720812153800	-3.2931419020938e+01
157.750791399600	-3.1496901120009e+01
157.780770645400	-3.0100014223373e+01
157.810749891200	-2.8741984861622e+01
157.840729137000	-2.7423998788057e+01
157.870708382800	-2.6147199767927e+01
157.900687628600	-2.4912688407647e+01
157.930666874400	-2.3721521025178e+01
157.960646120200	-2.2574708562732e+01
157.990625366000	-2.1473215542900e+01
158.020604611800	-2.0417959069277e+01
158.050583857600	-1.9409807872616e+01
158.080563103400	-1.8449581403488e+01
158.110542349200	-1.7538048972385e+01
158.140521595000	-1.6675928938177e+01
158.170500840800	-1.5863887945743e+01
158.200480086600	-1.5102540213606e+01
158.230459332400	-1.4392446872304e+01
158.260438578200	-1.3734115354209e+01
158.290417824000	-1.3127998835452e+01
158.320397069800	-1.2574495730555e+01
158.350376315600	-1.2073949240317e+01
158.380355561400	-1.1626646953473e+01
158.410334807200	-1.1232820502564e+01
158.440314053000	-1.0892645274413e+01
158.470293298800	-1.0606240175573e+01
158.500272544600	-1.0373667453010e+01
158.530251790400	-1.0194932570287e+01
158.560231036200	-1.0069984139412e+01
158.590210282000	-9.9987139084998e+00
158.620189527800	-9.9809568053072e+00
158.650168773600	-1.0016491036673e+01
158.680148019400	-1.0105038243832e+01
158.710127265200	-1.0246263713504e+01
158.740106511000	-1.0439776644636e+01
158.770085756800	-1.0685130470576e+01
158.800065002600	-1.0981823236459e+01
158.830044248400	-1.1329298031469e+01
158.860023494200	-1.1726943475640e+01
158.890002740000	-1.2174094260783e+01
158.919981985800	-1.2670031745063e+01
158.949961231600	-1.3213984600714e+01
158.979940477400	-1.3805129514326e+01
159.009919723200	-1.4442591939077e+01
159.039898969000	-1.5125446898236e+01
159.069878214800	-1.5852719839216e+01
159.099857460600	-1.6623387537399e+01
159.129836706400	-1.7436379048915e+01
159.159815952200	-1.8290576711492e+01
159.189795198000	-1.9184817192475e+01
159.219774443800	-2.0117892583023e+01
159.249753689600	-2.1088551537492e+01
159.279732935400	-2.2095500456931e+01
159.309712181200	-2.3137404715599e+01
159.339691427000	-2.4212889929349e+01
159.369670672800	-2.5320543264691e+01
159.399649918600	-2.6458914787315e+01
159.429629164400	-2.7626518848790e+01
159.459608410200	-2.8821835510144e+01
159.489587656000	-3.0043312000977e+01
159.519566901800	-3.1289364212715e+01
159.549546147600	-3.2558378224609e+01
159.579525393400	-3.3848711861012e+01
159.609504639200	-3.5158696278458e+01
159.639483885000	-3.6486637581033e+01
159.669463130800	-3.7830818462497e+01
159.699442376600	-3.9189499873575e+01
159.729421622400	-4.0560922712845e+01
159.759400868200	-4.1943309539572e+01
159.789380114000	-4.3334866306869e+01
159.819359359800	-4.4733784113507e+01
159.849338605600	-4.6138240972694e+01
159.879317851400	-4.7546403596106e+01
159.909297097200	-4.8956429191466e+01
159.939276343000	-5.0366467271925e+01
159.969255588800	-5.1774661475492e+01
159.999234834600	-5.3179151392760e+01
160.029214080400	-5.4578074401146e+01
160.059193326200	-5.5969567503878e+01
160.089172572000	-5.7351769171921e+01
160.119151817800	-5.8722821187073e+01
160.149131063600	-6.0080870484422e+01
160.179110309400	-6.1424070992364e+01
160.209089555200	-6.2750585468400e+01
160.239068801000	-6.4058587328901e+01
160.269048046800	-6.5346262471061e+01
160.299027292600	-6.6611811085251e+01
160.329006538400	-6.7853449455983e+01
160.358985784200	-6.9069411749744e+01
160.388965030000	-7.0257951787900e+01
160.418944275800	-7.1417344802967e+01
160.448923521600	-7.2545889176484e+01
160.478902767400	-7.3641908156784e+01
160.508882013200	-7.4703751554973e+01
160.538861259000	-7.5729797417423e+01
160.568840504800	-7.6718453673121e+01
160.598819750600	-7.7668159754257e+01
160.628798996400	-7.8577388188408e+01
160.658778242200	-7.9444646160762e+01
160.688757488000	-8.0268477044801e+01
160.718736733800	-8.1047461899922e+01
160.748715979600	-8.1780220934499e+01
160.778695225400	-8.2465414932906e+01
160.808674471200	-8.3101746645082e+01
160.838653717000	-8.3687962137218e+01
160.868632962800	-8.4222852102228e+01
160.898612208600	-8.4705253128646e+01
160.928591454400	-8.5134048926691e+01
160.958570700200	-8.5508171510231e+01
160.988549946000	-8.5826602333453e+01
161.018529191800	-8.6088373381065e+01
161.048508437600	-8.6292568210917e+01
161.078487683400	-8.6438322947968e+01
161.108466929200	-8.6524827228561e+01
161.138446175000	-8.6551325094028e+01
161.168425420800	-8.6517115832702e+01
161.198404666600	-8.6421554769428e+01
161.228383912400	-8.6264054001764e+01
161.258363158200	-8.6044083082070e+01
161.288342404000	-8.5761169644757e+01
161.318321649800	-8.5414899978024e+01
161.348300895600	-8.5004919539443e+01
161.378280141400	-8.4530933414833e+01
161.408259387200	-8.3992706719890e+01
161.438238633000	-8.3390064944126e+01
161.468217878800	-8.2722894236693e+01
161.498197124600	-8.1991141633751e+01
161.528176370400	-8.1194815227079e+01
161.558155616200	-8.0333984273697e+01
161.588134862000	-7.9408779246307e+01
161.618114107800	-7.8419391824435e+01
161.648093353600	-7.7366074826211e+01
161.678072599400	-7.6249142080767e+01
161.708051845200	-7.5068968241308e+01
161.738031091000	-7.3825988538970e+01
161.768010336800	-7.2520698477610e+01
161.797989582600	-7.1153653469763e+01
161.827968828400	-6.9725468414044e+01
161.857948074200	-6.8236817214331e+01
161.887927320000	-6.6688432241112e+01
161.917906565800	-6.5081103735462e+01
161.947885811600	-6.3415679156147e+01
161.977865057400	-6.1693062470411e+01
162.007844303200	-5.9914213389084e+01
162.037823549000	-5.8080146546655e+01
162.067802794800	-5.6191930627065e+01
162.097782040600	-5.4250687435979e+01
162.127761286400	-5.2257590920381e+01
162.157740532200	-5.0213866136376e+01
162.187719778000	-4.8120788166132e+01
162.217699023800	-4.5979680984955e+01
162.247678269600	-4.3791916279530e+01
162.277657515400	-4.1558912218417e+01
162.307636761200	-3.9282132175933e+01
162.337616007000	-3.6963083410602e+01
162.367595252800	-3.4603315699395e+01
162.397574498600	-3.2204419929043e+01
162.427553744400	-2.9768026645716e+01
162.457532990200	-2.7295804564445e+01
162.487512236000	-2.4789459039669e+01
162.517491481800	-2.2250730498348e+01
162.547470727600	-1.9681392837122e+01
162.577449973400	-1.7083251785012e+01
162.607429219200	-1.4458143233231e+01
162.637408465000	-1.1807931533658e+01
162.667387710800	-9.1345077676212e+00
162.697366956600	-6.4397879865987e+00
162.727346202400	-3.7257114265374e+00
162.757325448200	-9.9423869747530e-01
162.787304694000	1.7526500498001e+00
162.817283939800	4.5129569783079e+00
162.847263185600	7.2846684388694e+00
162.877242431400	1.0065756861750e+01
162.907221677200	1.2854182664129e+01
162.937200923000	1.5647896171570e+01
162.967180168800	1.8444839551643e+01
162.997159414600	2.1242948757828e+01
163.027138660400	2.4040155481839e+01
163.057117906200	2.6834389112473e+01
163.087097152000	2.9623578699098e+01
163.117076397800	3.2405654917863e+01
163.147055643600	3.5178552038755e+01
163.177034889400	3.7940209891559e+01
163.207014135200	4.0688575828835e+01
163.236993381000	4.3421606683991e+01
163.266972626800	4.6137270722556e+01
163.296951872600	4.8833549584727e+01
163.326931118400	5.1508440217322e+01
163.356910364200	5.4159956793226e+01
163.386889610000	5.6786132616464e+01
163.416868855800	5.9385022011028e+01
163.446848101600	6.1954702191603e+01
163.476827347400	6.4493275114357e+01
163.506806593200	6.6998869305962e+01
163.536785839000	6.9469641669062e+01
163.566765084800	7.1903779262381e+01
163.596744330600	7.4299501053733e+01
163.626723576400	7.6655059644180e+01
163.656702822200	7.8968742961638e+01
163.686682068000	8.1238875922244e+01
163.716661313800	8.3463822057830e+01
163.746640559600	8.5641985107883e+01
163.776619805400	8.7771810574397e+01
163.806599051200	8.9851787238059e+01
163.836578297000	9.1880448634259e+01
163.866557542800	9.3856374487424e+01
163.896536788600	9.5778192102238e+01
163.926516034400	9.7644577710349e+01
163.956495280200	9.9454257771187e+01
163.986474526000	1.0120601022558e+02
164.016453771800	1.0289866570087e+02
164.046433017600	1.0453110866637e+02
164.076412263400	1.0610227853784e+02
164.106391509200	1.0761117073000e+02
164.136370755000	1.0905683765588e+02
164.166350000800	1.1043838967202e+02
164.196329246600	1.1175499596851e+02
164.226308492400	1.1300588540300e+02
164.256287738200	1.1419034727764e+02
164.286266984000	1.1530773205834e+02
164.316246229800	1.1635745203543e+02
164.346225475600	1.1733898192500e+02
164.376204721400	1.1825185941036e+02
164.406183967200	1.1909568562294e+02
164.436163213000	1.1987012556211e+02
164.466142458800	1.2057490845339e+02
164.496121704600	1.2120982804479e+02
164.526100950400	1.2177474284060e+02
164.556080196200	1.2226957627271e+02
164.586059442000	1.2269431680888e+02
164.616038687800	1.2304901799796e+02
164.646017933600	1.2333379845190e+02
164.675997179400	1.2354884176447e+02
164.705976425200	1.2369439636667e+02
164.735955671000	1.2377077531895e+02
164.765934916800	1.2377835604030e+02
164.795914162600	1.2371757997445e+02
164.825893408400	1.2358895219335e+02
164.855872654200	1.2339304093834e+02
164.885851900000	1.2313047709924e+02
164.915831145800	1.2280195363194e+02
164.945810391600	1.2240822491485e+02
164.975789637400	1.2195010604487e+02
165.005768883200	1.2142847207331e+02
165.035748129000	1.2084425718271e+02
165.065727374800	1.2019845380497e+02
165.095706620600	1.1949211168179e+02
165.125685866400	1.1872633686823e+02
165.155665112200	1.1790229068013e+02
165.185644358000	1.1702118858659e+02
165.215623603800	1.1608429904832e+02
165.245602849600	1.1509294230296e+02
165.275582095400	1.1404848909861e+02
165.305561341200	1.1295235937649e+02
165.335540587000	1.1180602090429e+02
165.365519832800	1.1061098786108e+02
165.395499078600	1.0936881937540e+02
165.425478324400	1.0808111801780e+02
165.455457570200	1.0674952824917e+02
165.485436816000	1.0537573482641e+02
165.515416061800	1.0396146116684e+02
165.545395307600	1.0250846767305e+02
165.575374553400	1.0101855001950e+02
165.605353799200	9.9493537402844e+01
165.635333045000	9.7935290757266e+01
165.665312290800	9.6345700936815e+01
165.695291536600	9.4726686866291e+01
165.725270782400	9.3080193662519e+01
165.755250028200	9.1408190727767e+01
165.785229274000	8.9712669817154e+01
165.815208519800	8.7995643081882e+01
165.845187765600	8.6259141090165e+01
165.875167011400	8.4505210827762e+01
165.905146257200	8.2735913680035e+01
165.935125503000	8.0953323397460e+01
165.965104748800	7.9159524046576e+01
165.995083994600	7.7356607948323e+01
166.025063240400	7.5546673605784e+01
166.055042486200	7.3731823623320e+01
166.085021732000	7.1914162619133e+01
166.115000977800	7.0095795133257e+01
166.144980223600	6.8278823533046e+01
166.174959469400	6.6465345918158e+01
166.204938715200	6.4657454027117e+01
166.234917961000	6.2857231147462e+01
166.264897206800	6.1066750031549e+01
166.294876452600	5.9288070820042e+01
166.324855698400	5.7523238975122e+01
166.354834944200	5.5774283225446e+01
166.384814190000	5.4043213524886e+01
166.414793435800	5.2332019027050e+01
166.444772681600	5.0642666077581e+01
166.474751927400	4.8977096226227e+01
166.504731173200	4.7337224260643e+01
166.534710419000	4.5724936263876e+01
166.564689664800	4.4142087697465e+01
166.594668910600	4.2590501512057e+01
166.624648156400	4.1071966287428e+01
166.654627402200	3.9588234403764e+01
166.684606648000	3.8141020246034e+01
166.714585893800	3.6731998443247e+01
166.744565139600	3.5362802144380e+01
166.774544385400	3.4035021332692e+01
166.804523631200	3.2750201180138e+01
166.834502877000	3.1509840443550e+01
166.864482122800	3.0315389904203e+01
166.894461368600	2.9168250852360e+01
166.924440614400	2.8069773618338e+01
166.954419860200	2.7021256151603e+01
166.984399106000	2.6023942649348e+01
167.014378351800	2.5079022235971e+01
167.044357597600	2.4187627694812e+01
167.074336843400	2.3350834253475e+01
167.104316089200	2.2569658424000e+01
167.134295335000	2.1845056899087e+01
167.164274580800	2.1177925505562e+01
167.194253826600	2.0569098216165e+01
167.224233072400	2.0019346220734e+01
167.254212318200	1.9529377057778e+01
167.284191564000	1.9099833807381e+01
167.314170809800	1.8731294346308e+01
167.344150055600	1.8424270666166e+01
167.374129301400	1.8179208255349e+01
167.404108547200	1.7996485545496e+01
167.434087793000	1.7876413423098e+01
167.464067038800	1.7819234806825e+01
167.494046284600	1.7825124291100e+01
167.524025530400	1.7894187856369e+01
167.554004776200	1.8026462646461e+01
167.583984022000	1.8221916813352e+01
167.613963267800	1.8480449429605e+01
167.643942513600	1.8801890468678e+01
167.673921759400	1.9186000853227e+01
167.703901005200	1.9632472571459e+01
167.733880251000	2.0140928861560e+01
167.763859496800	2.0710924464091e+01
167.793838742600	2.1341945942258e+01
167.823817988400	2.2033412069817e+01
167.853797234200	2.2784674286383e+01
167.883776480000	2.3595017219784e+01
167.913755725800	2.4463659275076e+01
167.943734971600	2.5389753289754e+01
167.973714217400	2.6372387254629e+01
168.003693463200	2.7410585099779e+01
168.033672709000	2.8503307544924e+01
168.063651954800	2.9649453013490e+01
168.093631200600	3.0847858609601e+01
168.123610446400	3.2097301157132e+01
168.153589692200	3.3396498299934e+01
168.183568938000	3.4744109662253e+01
168.213548183800	3.6138738068319e+01
168.243527429600	3.7578930820025e+01
168.273506675400	3.9063181031539e+01
168.303485921200	4.0589929019660e+01
168.333465167000	4.2157563748657e+01
168.363444412800	4.3764424328276e+01
168.393423658600	4.5408801563552e+01
168.423402904400	4.7088939555008e+01
168.453382150200	4.8803037347776e+01
168.483361396000	5.0549250628111e+01
168.513340641800	5.2325693465740e+01
168.543319887600	5.4130440100430e+01
168.573299133400	5.5961526771110e+01
168.603278379200	5.7816953585852e+01
168.633257625000	5.9694686430956e+01
168.663236870800	6.1592658917362e+01
168.693216116600	6.3508774362554e+01
168.723195362400	6.5440907806095e+01
168.753174608200	6.7386908056904e+01
168.783153854000	6.9344599770326e+01
168.813133099800	7.1311785553043e+01
168.843112345600	7.3286248093823e+01
168.873091591400	7.5265752318092e+01
168.903070837200	7.7248047564273e+01
168.933050083000	7.9230869779817e+01
168.963029328800	8.1211943734829e+01
168.993008574600	8.3188985251186e+01
169.022987820400	8.5159703444987e+01
169.052967066200	8.7121802980197e+01
169.082946312000	8.9072986331323e+01
169.112925557800	9.1010956052932e+01
169.142904803600	9.2933417053820e+01
169.172884049400	9.4838078873649e+01
169.202863295200	9.6722657959834e+01
169.232842541000	9.8584879942474e+01
169.262821786800	1.0042248190513e+02
169.292801032600	1.0223321464922e+02
169.322780278400	1.0401484494983e+02
169.352759524200	1.0576515780079e+02
169.382738770000	1.0748195864667e+02
169.412718015800	1.0916307559975e+02
169.442697261600	1.1080636163952e+02
169.472676507400	1.1240969679274e+02
169.502655753200	1.1397099029186e+02
169.532634999000	1.1548818270962e+02
169.562614244800	1.1695924806776e+02
169.592593490600	1.1838219591777e+02
169.622572736400	1.1975507339156e+02
169.652551982200	1.2107596722006e+02
169.682531228000	1.2234300571768e+02
169.712510473800	1.2355436073072e+02
169.742489719600	1.2470824954769e+02
169.772468965400	1.2580293676972e+02
169.802448211200	1.2683673613903e+02
169.832427457000	1.2780801232382e+02
169.862406702800	1.2871518265756e+02
169.892385948600	1.2955671883104e+02
169.922365194400	1.3033114853543e+02
169.952344440200	1.3103705705463e+02
169.982323686000	1.3167308880533e+02
170.012302931800	1.3223794882317e+02
170.042282177600	1.3273040419344e+02
170.072261423400	1.3314928542482e+02
170.102240669200	1.3349348776484e+02
170.132219915000	1.3376197245553e+02
170.162199160800	1.3395376792797e+02
170.192178406600	1.3406797093460e+02
170.222157652400	1.3410374761783e+02
170.252136898200	1.3406033451410e+02
170.282116144000	1.3393703949198e+02
170.312095389800	1.3373324262356e+02
170.342074635600	1.3344839698798e+02
170.372053881400	1.3308202940623e+02
170.402033127200	1.3263374110649e+02
170.432012373000	1.3210320831901e+02
170.461991618800	1.3149018280009e+02
170.491970864600	1.3079449228432e+02
170.521950110400	1.3001604086454e+02
170.551929356200	1.2915480929914e+02
170.581908602000	1.2821085524605e+02
170.611887847800	1.2718431342329e+02
170.641867093600	1.2607539569556e+02
170.671846339400	1.2488439108682e+02
170.701825585200	1.2361166571861e+02
170.731804831000	1.2225766267406e+02
170.761784076800	1.2082290178752e+02
170.791763322600	1.1930797935999e+02
170.821742568400	1.1771356780033e+02
170.851721814200	1.1604041519262e+02
170.881701060000	1.1428934478971e+02
170.911680305800	1.1246125443361e+02
170.941659551600	1.1055711590283e+02
170.971638797400	1.0857797418738e+02
171.001618043200	1.0652494669186e+02
171.031597289000	1.0439922236734e+02
171.061576534800	1.0220206077268e+02
171.091555780600	9.9934791066036e+01
171.121535026400	9.7598810927518e+01
171.151514272200	9.5195585413690e+01
171.181493518000	9.2726645745070e+01
171.211472763800	9.0193588027563e+01
171.241452009600	8.7598071908955e+01
171.271431255400	8.4941819171634e+01
171.301410501200	8.2226612262757e+01
171.331389747000	7.9454292763160e+01
171.361368992800	7.6626759796360e+01
171.391348238600	7.3745968379055e+01
171.421327484400	7.0813927714604e+01
171.451306730200	6.7832699430993e+01
171.481285976000	6.4804395764891e+01
171.511265221800	6.1731177693423e+01
171.541244467600	5.8615253015348e+01
171.571223713400	5.5458874383393e+01
171.601202959200	5.2264337289524e+01
171.631182205000	4.9033978005007e+01
171.661161450800	4.5770171477133e+01
171.691140696600	4.2475329184551e+01
171.721119942400	3.9151896953172e+01
171.751099188200	3.5802352734677e+01
171.781078434000	3.2429204349661e+01
171.811057679800	2.9034987197535e+01
171.841036925600	2.5622261935295e+01
171.871016171400	2.2193612127322e+01
171.900995417200	1.8751641868424e+01
171.930974663000	1.5298973382321e+01
171.960953908800	1.1838244597849e+01
171.990933154600	8.3721067051352e+00
172.020912400400	4.9032216940677e+00
172.050891646200	1.4342598773672e+00
172.080870892000	-2.0321025993950e+00
172.110850137800	-5.4931862584729e+00
172.140829383600	-8.9463107989479e+00
172.170808629400	-1.2388797611669e+01
172.200787875200	-1.5817972297741e+01
172.230767121000	-1.9231167188153e+01
172.260746366800	-2.2625723862151e+01
172.290725612600	-2.5998995661927e+01
172.320704858400	-2.9348350201230e+01
172.350684104200	-3.2671171865482e+01
172.380663350000	-3.5964864300989e+01
172.410642595800	-3.9226852890856e+01
172.440621841600	-4.2454587215204e+01
172.470601087400	-4.5645543493320e+01
172.500580333200	-4.8797227005359e+01
172.530559579000	-5.1907174491255e+01
172.560538824800	-5.4972956524504e+01
172.590518070600	-5.7992179858499e+01
172.620497316400	-6.0962489743126e+01
172.650476562200	-6.3881572209357e+01
172.680455808000	-6.6747156319590e+01
172.710435053800	-6.9557016381521e+01
172.740414299600	-7.2308974123379e+01
172.770393545400	-7.5000900828353e+01
172.800372791200	-7.7630719426111e+01
172.830352037000	-8.0196406539331e+01
172.860331282800	-8.2695994483199e+01
172.890310528600	-8.5127573215879e+01
172.920289774400	-8.7489292238012e+01
172.950269020200	-8.9779362439309e+01
172.980248266000	-9.1996057890407e+01
173.010227511800	-9.4137717578153e+01
173.040206757600	-9.6202747082560e+01
173.070186003400	-9.8189620193725e+01
173.100165249200	-1.0009688046706e+02
173.130144495000	-1.0192314271522e+02
173.160123740800	-1.0366709443520e+02
173.190102986600	-1.0532749716914e+02
173.220082232400	-1.0690318779731e+02
173.250061478200	-1.0839307976211e+02
173.280040724000	-1.0979616422156e+02
173.310019969800	-1.1111151113123e+02
173.339999215600	-1.1233827025337e+02
173.369978461400	-1.1347567209206e+02
173.399957707200	-1.1452302875360e+02
173.429936953000	-1.1547973473081e+02
173.459916198800	-1.1634526761075e+02
173.489895444600	-1.1711918870469e+02
173.519874690400	-1.1780114359982e+02
173.549853936200	-1.1839086263196e+02
173.579833182000	-1.1888816127858e+02
173.609812427800	-1.1929294047179e+02
173.639791673600	-1.1960518683065e+02
173.669770919400	-1.1982497281259e+02
173.699750165200	-1.1995245678356e+02
173.729729411000	-1.1998788300671e+02
173.759708656800	-1.1993158154945e+02
173.789687902600	-1.1978396810888e+02
173.819667148400	-1.1954554375549e+02
173.849646394200	-1.1921689459537e+02
173.879625640000	-1.1879869135096e+02
173.909604885800	-1.1829168886070e+02
173.939584131600	-1.1769672549780e+02
173.969563377400	-1.1701472250865e+02
173.999542623200	-1.1624668327127e+02
174.029521869000	-1.1539369247432e+02
174.059501114800	-1.1445691521744e+02
174.089480360600	-1.1343759603354e+02
174.119459606400	-1.1233705783378e+02
174.149438852200	-1.1115670077620e+02
174.179418098000	-1.0989800105890e+02
174.209397343800	-1.0856250963878e+02
174.239376589600	-1.0715185087684e+02
174.269355835400	-1.0566772111138e+02
174.299335081200	-1.0411188716012e+02
174.329314327000	-1.0248618475264e+02
174.359293572800	-1.0079251689456e+02
174.389272818600	-9.9032852164718e+01
174.419252064400	-9.7209222947016e+01
174.449231310200	-9.5323723598376e+01
174.479210556000	-9.3378508554512e+01
174.509189801800	-9.1375790375149e+01
174.539169047600	-8.9317837730469e+01
174.569148293400	-8.7206973330577e+01
174.599127539200	-8.5045571799860e+01
174.629106785000	-8.2836057498148e+01
174.659086030800	-8.0580902290668e+01
174.689065276600	-7.8282623268796e+01
174.719044522400	-7.5943780423713e+01
174.749023768200	-7.3566974275060e+01
174.779003014000	-7.1154843456788e+01
174.808982259800	-6.8710062262409e+01
174.838961505600	-6.6235338151913e+01
174.868940751400	-6.3733409222641e+01
174.898919997200	-6.1207041646477e+01
174.928899243000	-5.8659027075700e+01
174.958878488800	-5.6092180019935e+01
174.988857734600	-5.3509335196634e+01
175.018836980400	-5.0913344857548e+01
175.048816226200	-4.8307076093705e+01
175.078795472000	-4.5693408121403e+01
175.108774717800	-4.3075229551776e+01
175.138753963600	-4.0455435646489e+01
175.168733209400	-3.7836925562150e+01
175.198712455200	-3.5222599586035e+01
175.228691701000	-3.2615356365751e+01
175.258670946800	-3.0018090135438e+01
175.288650192600	-2.7433687941162e+01
175.318629438400	-2.4865026868122e+01
175.348608684200	-2.2314971272314e+01
175.378587930000	-1.9786370019297e+01
175.408567175800	-1.7282053732692e+01
175.438546421600	-1.4804832055051e+01
175.468525667400	-1.2357490923724e+01
175.498504913200	-9.9427898643369e+00
175.528484159000	-7.5634593044910e+00
175.558463404800	-5.2221979102709e+00
175.588442650600	-2.9216699481371e+00
175.618421896400	-6.6450267475573e-01
175.648401142200	1.5467162427002e+00
175.678380388000	3.7094412732711e+00
175.708359633800	5.8211715334697e+00
175.738338879600	7.8794532606280e+00
175.768318125400	9.8818822459096e+00
175.798297371200	1.1826106224602e+01
175.828276617000	1.3709827221336e+01
175.858255862800	1.5530803847925e+01
175.888235108600	1.7286853551543e+01
175.918214354400	1.8975854811025e+01
175.948193600200	2.0595749279096e+01
175.978172846000	2.2144543868400e+01
176.008152091800	2.3620312779236e+01
176.038131337600	2.5021199466975e+01
176.068110583400	2.6345418547165e+01
176.098089829200	2.7591257636407e+01
176.128069075000	2.8757079127131e+01
176.158048320800	2.9841321894458e+01
176.188027566600	3.0842502933414e+01
176.218006812400	3.1759218924788e+01
176.247986058200	3.2590147728038e+01
176.277965304000	3.3334049799670e+01
176.307944549800	3.3989769535620e+01
176.337923795600	3.4556236536210e+01
176.367903041400	3.5032466792337e+01
176.397882287200	3.5417563791624e+01
176.427861533000	3.5710719543325e+01
176.457840778800	3.5911215520861e+01
176.487820024600	3.6018423520949e+01
176.517799270400	3.6031806438325e+01
176.547778516200	3.5950918955204e+01
176.577757762000	3.5775408144625e+01
176.607737007800	3.5505013986971e+01
176.637716253600	3.5139569799005e+01
176.667695499400	3.4679002574843e+01
176.697674745200	3.4123333238380e+01
176.727653991000	3.3472676806770e+01
176.757633236800	3.2727242464613e+01
176.787612482600	3.1887333548649e+01
176.817591728400	3.0953347442760e+01
176.847570974200	2.9925775383251e+01
176.877550220000	2.8805202174395e+01
176.907529465800	2.7592305814359e+01
176.937508711600	2.6287857031698e+01
176.967487957400	2.4892718732670e+01
176.997467203200	2.3407845359750e+01
177.027446449000	2.1834282161768e+01
177.057425694800	2.0173164376204e+01
177.087404940600	1.8425716324245e+01
177.117384186400	1.6593250419299e+01
177.147363432200	1.4677166089743e+01
177.177342678000	1.2678948616762e+01
177.207321923800	1.0600167888224e+01
177.237301169600	8.4424770696085e+00
177.267280415400	6.2076111930947e+00
177.297259661200	3.8973856659916e+00
177.327238907000	1.5136946997697e+00
177.357218152800	-9.4149033896479e-01
177.387197398600	-3.4661226541404e+00
177.417176644400	-6.0580818210438e+00
177.447155890200	-8.7151756607321e+00
177.477135136000	-1.1435142186397e+01
177.507114381800	-1.4215651619974e+01
177.537093627600	-1.7054308477217e+01
177.567072873400	-1.9948653719390e+01
177.597052119200	-2.2896166969674e+01
177.627031365000	-2.5894268792299e+01
177.657010610800	-2.8940323032361e+01
177.686989856600	-3.2031639214241e+01
177.716969102400	-3.5165474996436e+01
177.746948348200	-3.8339038680610e+01
177.776927594000	-4.1549491772570e+01
177.806906839800	-4.4793951592856e+01
177.836886085600	-4.8069493934557e+01
177.866865331400	-5.1373155765924e+01
177.896844577200	-5.4701937975310e+01
177.926823823000	-5.8052808155919e+01
177.956803068800	-6.1422703427791e+01
177.986782314600	-6.4808533294434e+01
178.016761560400	-6.8207182531452e+01
178.046740806200	-7.1615514104507e+01
178.076720052000	-7.5030372113889e+01
178.106699297800	-7.8448584762971e+01
178.136678543600	-8.1866967347782e+01
178.166657789400	-8.5282325264893e+01
178.196637035200	-8.8691457034818e+01
178.226616281000	-9.2091157338091e+01
178.256595526800	-9.5478220061159e+01
178.286574772600	-9.8849441349244e+01
178.316554018400	-1.0220162266327e+02
178.346533264200	-1.0553157383801e+02
178.376512510000	-1.0883611613847e+02
178.406491755800	-1.1211208531176e+02
178.436471001600	-1.1535633463142e+02
178.466450247400	-1.1856573793130e+02
178.496429493200	-1.2173719262628e+02
178.526408739000	-1.2486762271665e+02
178.556387984800	-1.2795398177360e+02
178.586367230600	-1.3099325590270e+02
178.616346476400	-1.3398246668260e+02
178.646325722200	-1.3691867407622e+02
178.676304968000	-1.3979897931142e+02
178.706284213800	-1.4262052772863e+02
178.736263459600	-1.4538051159237e+02
178.766242705400	-1.4807617286415e+02
178.796221951200	-1.5070480593405e+02
178.826201197000	-1.5326376030812e+02
178.856180442800	-1.5575044324921e+02
178.886159688600	-1.5816232236842e+02
178.916138934400	-1.6049692816485e+02
178.946118180200	-1.6275185651087e+02
178.976097426000	-1.6492477108075e+02
179.006076671800	-1.6701340571997e+02
179.036055917600	-1.6901556675303e+02
179.066035163400	-1.7092913522738e+02
179.096014409200	-1.7275206909123e+02
179.125993655000	-1.7448240530302e+02
179.155972900800	-1.7611826187054e+02
179.185952146600	-1.7765783981741e+02
179.215931392400	-1.7909942507517e+02
179.245910638200	-1.8044139029880e+02
179.275889884000	-1.8168219660402e+02
179.305869129800	-1.8282039522437e+02
179.335848375600	-1.8385462908650e+02
179.365827621400	-1.8478363430194e+02
179.395806867200	-1.8560624157372e+02
179.425786113000	-1.8632137751652e+02
179.455765358800	-1.8692806588870e+02
179.485744604600	-1.8742542873499e+02
179.515723850400	-1.8781268743863e+02
179.545703096200	-1.8808916368165e+02
179.575682342000	-1.8825428031228e+02
179.605661587800	-1.8830756211847e+02
179.635640833600	-1.8824863650654e+02
179.665620079400	-1.8807723408429e+02
179.695599325200	-1.8779318914757e+02
179.725578571000	-1.8739644006989e+02
179.755557816800	-1.8688702959434e+02
179.785537062600	-1.8626510502748e+02
179.815516308400	-1.8553091833467e+02
179.845495554200	-1.8468482613669e+02
179.875474800000	-1.8372728960730e+02
179.905454045800	-1.8265887427181e+02
179.935433291600	-1.8148024970647e+02
179.965412537400	-1.8019218913891e+02
179.995391783200	-1.7879556894964e+02
180.025371029000	-1.7729136807509e+02
180.055350274800	-1.7568066731231e+02
180.085329520600	-1.7396464852598e+02
180.115308766400	-1.7214459375816e+02
180.145288012200	-1.7022188424145e+02
180.175267258000	-1.6819799931630e+02
180.205246503800	-1.6607451525333e+02
180.235225749600	-1.6385310398141e+02
180.265204995400	-1.6153553172276e+02
180.295184241200	-1.5912365753593e+02
180.325163487000	-1.5661943176793e+02
180.355142732800	-1.5402489441689e+02
180.385121978600	-1.5134217340634e+02
180.415101224400	-1.4857348277285e+02
180.445080470200	-1.4572112076834e+02
180.475059716000	-1.4278746787875e+02
180.505038961800	-1.3977498476078e+02
180.535018207600	-1.3668621009846e+02
180.564997453400	-1.3352375838134e+02
180.594976699200	-1.3029031760631e+02
180.624955945000	-1.2698864690500e+02
180.654935190800	-1.2362157409889e+02
180.684914436600	-1.2019199318419e+02
180.714893682400	-1.1670286174885e+02
180.744872928200	-1.1315719832378e+02
180.774852174000	-1.0955807967087e+02
180.804831419800	-1.0590863801006e+02
180.834810665600	-1.0221205818801e+02
180.864789911400	-9.8471574790881e+01
180.894769157200	-9.4690469203857e+01
180.924748403000	-9.0872066620029e+01
180.954727648800	-8.7019733001372e+01
180.984706894600	-8.3136871994549e+01
181.014686140400	-7.9226921804369e+01
181.044665386200	-7.5293352027728e+01
181.074644632000	-7.1339660450938e+01
181.104623877800	-6.7369369813373e+01
181.134603123600	-6.3386024540405e+01
181.164582369400	-5.9393187448624e+01
181.194561615200	-5.5394436426401e+01
181.224540861000	-5.1393361092835e+01
181.254520106800	-4.7393559438197e+01
181.284499352600	-4.3398634448976e+01
181.314478598400	-3.9412190720667e+01
181.344457844200	-3.5437831061465e+01
181.374437090000	-3.1479153090017e+01
181.404416335800	-2.7539745830432e+01
181.434395581600	-2.3623186307732e+01
181.464374827400	-1.9733036146943e+01
181.494354073200	-1.5872838179021e+01
181.524333319000	-1.2046113056827e+01
181.554312564800	-8.2563558843363e+00
181.584291810600	-4.5070328622755e+00
181.614271056400	-8.0157795337971e-01
181.644250302200	2.8566104295701e+00
181.674229548000	6.4641727097664e+00
181.704208793800	1.0017791403315e+01
181.734188039600	1.3514194343977e+01
181.764167285400	1.6950157872617e+01
181.794146531200	2.0322509988297e+01
181.824125777000	2.3628133457964e+01
181.854105022800	2.6863968881747e+01
181.884084268600	3.0027017710866e+01
181.914063514400	3.3114345215255e+01
181.944042760200	3.6123083397969e+01
181.974022006000	3.9050433853566e+01
182.004001251800	4.1893670567635e+01
182.033980497600	4.4650142654737e+01
182.063959743400	4.7317277032044e+01
182.093938989200	4.9892581026047e+01
182.123918235000	5.2373644909734e+01
182.153897480800	5.4758144367715e+01
182.183876726600	5.7043842886822e+01
182.213855972400	5.9228594069794e+01
182.243835218200	6.1310343869696e+01
182.273814464000	6.3287132742827e+01
182.303793709800	6.5157097717900e+01
182.333772955600	6.6918474379393e+01
182.363752201400	6.8569598763012e+01
182.393731447200	7.0108909161313e+01
182.423710693000	7.1534947837584e+01
182.453689938800	7.2846362646183e+01
182.483669184600	7.4041908557618e+01
182.513648430400	7.5120449086729e+01
182.543627676200	7.6080957622412e+01
182.573606922000	7.6922518657442e+01
182.603586167800	7.7644328917016e+01
182.633565413600	7.8245698384722e+01
182.663544659400	7.8726051224782e+01
182.693523905200	7.9084926599440e+01
182.723503151000	7.9321979380524e+01
182.753482396800	7.9436980754273e+01
182.783461642600	7.9429818718621e+01
182.813440888400	7.9300498472249e+01
182.843420134200	7.9049142694785e+01
182.873399380000	7.8675991717657e+01
182.903378625800	7.8181403585194e+01
182.933357871600	7.7565854005671e+01
182.963337117400	7.6829936192099e+01
182.993316363200	7.5974360592664e+01
183.023295609000	7.4999954510814e+01
183.053274854800	7.3907661615109e+01
183.083254100600	7.2698541339035e+01
183.113233346400	7.1373768171110e+01
183.143212592200	6.9934630835674e+01
183.173191838000	6.8382531364909e+01
183.203171083800	6.6718984062688e+01
183.233150329600	6.4945614360988e+01
183.263129575400	6.3064157569682e+01
183.293108821200	6.1076457520648e+01
183.323088067000	5.8984465107202e+01
183.353067312800	5.6790236719999e+01
183.383046558600	5.4495932580608e+01
183.413025804400	5.2103814974099e+01
183.443005050200	4.9616246382040e+01
183.472984296000	4.7035687517434e+01
183.502963541800	4.4364695263200e+01
183.532942787600	4.1605920515888e+01
183.562922033400	3.8762105936429e+01
183.592901279200	3.5836083609808e+01
183.622880525000	3.2830772615616e+01
183.652859770800	2.9749176511546e+01
183.682839016600	2.6594380731982e+01
183.712818262400	2.3369549903893e+01
183.742797508200	2.0077925082353e+01
183.772776754000	1.6722820908067e+01
183.802755999800	1.3307622689369e+01
183.832735245600	9.8357834112283e+00
183.862714491400	6.3108206738878e+00
183.892693737200	2.7363135638018e+00
183.922672983000	-8.8410054036080e-01
183.952652228800	-4.5467292238370e+00
183.982631474600	-8.2478283511309e+00
184.012610720400	-1.1983605437671e+01
184.042589966200	-1.5750223074768e+01
184.072569212000	-1.9543802404805e+01
184.102548457800	-2.3360426643568e+01
184.132527703600	-2.7196144646537e+01
184.162506949400	-3.1046974515945e+01
184.192486195200	-3.4908907245348e+01
184.222465441000	-3.8777910398409e+01
184.252444686800	-4.2649931818565e+01
184.282423932600	-4.6520903366219e+01
184.312403178400	-5.0386744680039e+01
184.342382424200	-5.4243366958947e+01
184.372361670000	-5.8086676761339e+01
184.402340915800	-6.1912579818049e+01
184.432320161600	-6.5716984855572e+01
184.462299407400	-6.9495807426010e+01
184.492278653200	-7.3244973740226e+01
184.522257899000	-7.6960424500661e+01
184.552237144800	-8.0638118730260e+01
184.582216390600	-8.4274037593960e+01
184.612195636400	-8.7864188209194e+01
184.642174882200	-9.1404607441840e+01
184.672154128000	-9.4891365684097e+01
184.702133373800	-9.8320570610733e+01
184.732112619600	-1.0168837091019e+02
184.762091865400	-1.0499095998706e+02
184.792071111200	-1.0822457963235e+02
184.822050357000	-1.1138552365826e+02
184.852029602800	-1.1447014149383e+02
184.882008848600	-1.1747484173814e+02
184.911988094400	-1.2039609566771e+02
184.941967340200	-1.2323044069470e+02
184.971946586000	-1.2597448377263e+02
185.001925831800	-1.2862490474634e+02
185.031905077600	-1.3117845964300e+02
185.061884323400	-1.3363198390097e+02
185.091863569200	-1.3598239553338e+02
185.121842815000	-1.3822669822342e+02
185.151822060800	-1.4036198434821e+02
185.181801306600	-1.4238543792848e+02
185.211780552400	-1.4429433750095e+02
185.241759798200	-1.4608605891080e+02
185.271739044000	-1.4775807802126e+02
185.301718289800	-1.4930797333785e+02
185.331697535600	-1.5073342854449e+02
185.361676781400	-1.5203223494899e+02
185.391656027200	-1.5320229383549e+02
185.421635273000	-1.5424161872144e+02
185.451614518800	-1.5514833751688e+02
185.481593764600	-1.5592069458362e+02
185.511573010400	-1.5655705269249e+02
185.541552256200	-1.5705589487640e+02
185.571531502000	-1.5741582617729e+02
185.601510747800	-1.5763557528522e+02
185.631489993600	-1.5771399606777e+02
185.661469239400	-1.5765006898813e+02
185.691448485200	-1.5744290241022e+02
185.721427731000	-1.5709173378954e+02
185.751406976800	-1.5659593074829e+02
185.781386222600	-1.5595499203348e+02
185.811365468400	-1.5516854835703e+02
185.841344714200	-1.5423636311658e+02
185.871323960000	-1.5315833299632e+02
185.901303205800	-1.5193448844686e+02
185.931282451600	-1.5056499404347e+02
185.961261697400	-1.4905014872205e+02
185.991240943200	-1.4739038589240e+02
186.021220189000	-1.4558627342834e+02
186.051199434800	-1.4363851353445e+02
186.081178680600	-1.4154794248918e+02
186.111157926400	-1.3931553026447e+02
186.141137172200	-1.3694238002173e+02
186.171116418000	-1.3442972748446e+02
186.201095663800	-1.3177894018787e+02
186.231074909600	-1.2899151660578e+02
186.261054155400	-1.2606908515534e+02
186.291033401200	-1.2301340308033e+02
186.321012647000	-1.1982635521361e+02
186.350991892800	-1.1650995261966e+02
186.380971138600	-1.1306633111826e+02
186.410950384400	-1.0949774969017e+02
186.440929630200	-1.0580658876626e+02
186.470908876000	-1.0199534840121e+02
186.500888121800	-9.8066646333217e+01
186.530867367600	-9.4023215931294e+01
186.560846613400	-8.9867904031721e+01
186.590825859200	-8.5603668665381e+01
186.620805105000	-8.1233576677823e+01
186.650784350800	-7.6760801243984e+01
186.680763596600	-7.2188619279592e+01
186.710742842400	-6.7520408751377e+01
186.740722088200	-6.2759645888340e+01
186.770701334000	-5.7909902296369e+01
186.800680579800	-5.2974841978655e+01
186.830659825600	-4.7958218264376e+01
186.860639071400	-4.2863870648275e+01
186.890618317200	-3.7695721543805e+01
186.920597563000	-3.2457772952599e+01
186.950576808800	-2.7154103053132e+01
186.980556054600	-2.1788862711483e+01
187.010535300400	-1.6366271917227e+01
187.040514546200	-1.0890616147517e+01
187.070493792000	-5.3662426625267e+00
187.100473037800	2.0244326454134e-01
187.130452283600	5.8109821795769e+00
187.160431529400	1.1454864338471e+01
187.190410775200	1.7129533653393e+01
187.220390021000	2.2830391690976e+01
187.250369266800	2.8552801718865e+01
187.280348512600	3.4292092797077e+01
187.310327758400	4.0043563910525e+01
187.340307004200	4.5802488139055e+01
187.370286250000	5.1564116861265e+01
187.400265495800	5.7323683988374e+01
187.430244741600	6.3076410224346e+01
187.460223987400	6.8817507348446e+01
187.490203233200	7.4542182516399e+01
187.520182479000	8.0245642576264e+01
187.550161724800	8.5923098395141e+01
187.580140970600	9.1569769192798e+01
187.610120216400	9.7180886878296e+01
187.640099462200	1.0275170038567e+02
187.670078708000	1.0827748000473e+02
187.700057953800	1.1375352170302e+02
187.730037199600	1.1917515143506e+02
187.760016445400	1.2453772943476e+02
187.789995691200	1.2983665448729e+02
187.819974937000	1.3506736817630e+02
187.849954182800	1.4022535910268e+02
187.879933428600	1.4530616707093e+02
187.909912674400	1.5030538723925e+02
187.939891920200	1.5521867422957e+02
187.969871166000	1.6004174619362e+02
187.999850411800	1.6477038883127e+02
188.029829657600	1.6940045935749e+02
188.059808903400	1.7392789041407e+02
188.089788149200	1.7834869392248e+02
188.119767395000	1.8265896487433e+02
188.149746640800	1.8685488505572e+02
188.179725886600	1.9093272670210e+02
188.209705132400	1.9488885608000e+02
188.239684378200	1.9871973699242e+02
188.269663624000	2.0242193420438e+02
188.299642869800	2.0599211678540e+02
188.329622115600	2.0942706136574e+02
188.359601361400	2.1272365530321e+02
188.389580607200	2.1587889975750e+02
188.419559853000	2.1888991266905e+02
188.449539098800	2.2175393163951e+02
188.479518344600	2.2446831671109e+02
188.509497590400	2.2703055304187e+02
188.539476836200	2.2943825347458e+02
188.569456082000	2.3168916099626e+02
188.599435327800	2.3378115108625e+02
188.629414573600	2.3571223395025e+02
188.659393819400	2.3748055663813e+02
188.689373065200	2.3908440504325e+02
188.719352311000	2.4052220578142e+02
188.749331556800	2.4179252794733e+02
188.779310802600	2.4289408474664e+02
188.809290048400	2.4382573500211e+02
188.839269294200	2.4458648453200e+02
188.869248540000	2.4517548739923e+02
188.899227785800	2.4559204702994e+02
188.929207031600	2.4583561720013e+02
188.959186277400	2.4590580288920e+02
188.989165523200	2.4580236099929e+02
189.019144769000	2.4552520093958e+02
189.049124014800	2.4507438507459e+02
189.079103260600	2.4445012903587e+02
189.109082506400	2.4365280189655e+02
189.139061752200	2.4268292620806e+02
189.169040998000	2.4154117789904e+02
189.199020243800	2.4022838603588e+02
189.228999489600	2.3874553244502e+02
189.258978735400	2.3709375119702e+02
189.288957981200	2.3527432795248e+02
189.318937227000	2.3328869917016e+02
189.348916472800	2.3113845117772e+02
189.378895718600	2.2882531910558e+02
189.408874964400	2.2635118568460e+02
189.438854210200	2.2371807990830e+02
189.468833456000	2.2092817556065e+02
189.498812701800	2.1798378961032e+02
189.528791947600	2.1488738047262e+02
189.558771193400	2.1164154614045e+02
189.588750439200	2.0824902218552e+02
189.618729685000	2.0471267963151e+02
189.648708930800	2.0103552270067e+02
189.678688176600	1.9722068643575e+02
189.708667422400	1.9327143419895e+02
189.738646668200	1.8919115505003e+02
189.768625914000	1.8498336100564e+02
189.798605159800	1.8065168418195e+02
189.828584405600	1.7619987382307e+02
189.858563651400	1.7163179321758e+02
189.888542897200	1.6695141650570e+02
189.918522143000	1.6216282537972e+02
189.948501388800	1.5727020568054e+02
189.978480634600	1.5227784389292e+02
190.008459880400	1.4719012354260e+02
190.038439126200	1.4201152149814e+02
190.068418372000	1.3674660418070e+02
190.098397617800	1.3140002368491e+02
190.128376863600	1.2597651381404e+02
190.158356109400	1.2048088603307e+02
190.188335355200	1.1491802534279e+02
190.218314601000	1.0929288607875e+02
190.248293846800	1.0361048763845e+02
190.278273092600	9.7875910140546e+01
190.308252338400	9.2094290019820e+01
190.338231584200	8.6270815561637e+01
190.368210830000	8.0410722379833e+01
190.398190075800	7.4519288841918e+01
190.428169321600	6.8601831445590e+01
190.458148567400	6.2663700150581e+01
190.488127813200	5.6710273669910e+01
190.518107059000	5.0746954724678e+01
190.548086304800	4.4779165266557e+01
190.578065550600	3.8812341672176e+01
190.608044796400	3.2851929913631e+01
190.638024042200	2.6903380709396e+01
190.668003288000	2.0972144659900e+01
190.697982533800	1.5063667372108e+01
190.727961779600	9.1833845774061e+00
190.757941025400	3.3367172471498e+00
190.787920271200	-2.4709332897735e+00
190.817899517000	-8.2341902230156e+00
190.847878762800	-1.3947706126104e+01
190.877858008600	-1.9606167806688e+01
190.907837254400	-2.5204301137334e+01
190.937816500200	-3.0736875862529e+01
190.967795746000	-3.6198710377559e+01
190.997774991800	-4.1584676474939e+01
191.027754237600	-4.6889704054108e+01
191.057733483400	-5.2108785790113e+01
191.087712729200	-5.7236981757040e+01
191.117691975000	-6.2269424001988e+01
191.147671220800	-6.7201321065397e+01
191.177650466600	-7.2027962443617e+01
191.207629712400	-7.6744722989611e+01
191.237608958200	-8.1347067247754e+01
191.267588204000	-8.5830553718741e+01
191.297567449800	-9.0190839050662e+01
191.327546695600	-9.4423682152369e+01
191.357525941400	-9.8524948225310e+01
191.387505187200	-1.0249061271009e+02
191.417484433000	-1.0631676514409e+02
191.447463678800	-1.0999961292646e+02
191.477442924600	-1.1353548498709e+02
191.507422170400	-1.1692083535593e+02
191.537401416200	-1.2015224662947e+02
191.567380662000	-1.2322643333094e+02
191.597359907800	-1.2614024516107e+02
191.627339153600	-1.2889067013640e+02
191.657318399400	-1.3147483761197e+02
191.687297645200	-1.3389002118561e+02
191.717276891000	-1.3613364148088e+02
191.747256136800	-1.3820326880610e+02
191.777235382600	-1.4009662568675e+02
191.807214628400	-1.4181158926869e+02
191.837193874200	-1.4334619359004e+02
191.867173120000	-1.4469863171913e+02
191.897152365800	-1.4586725775661e+02
191.927131611600	-1.4685058869954e+02
191.957110857400	-1.4764730616554e+02
191.987090103200	-1.4825625797524e+02
192.017069349000	-1.4867645959134e+02
192.047048594800	-1.4890709541260e+02
192.077027840600	-1.4894751992154e+02
192.107007086400	-1.4879725868431e+02
192.136986332200	-1.4845600920169e+02
192.166965578000	-1.4792364161017e+02
192.196944823800	-1.4720019923209e+02
192.226924069600	-1.4628589897414e+02
192.256903315400	-1.4518113157354e+02
192.286882561200	-1.4388646169133e+02
192.316861807000	-1.4240262785252e+02
192.346841052800	-1.4073054223259e+02
192.376820298600	-1.3887129029058e+02
192.406799544400	-1.3682613024838e+02
192.436778790200	-1.3459649241678e+02
192.466758036000	-1.3218397836817e+02
192.496737281800	-1.2959035995670e+02
192.526716527600	-1.2681757818616e+02
192.556695773400	-1.2386774192638e+02
192.586675019200	-1.2074312647908e+02
192.616654265000	-1.1744617199397e+02
192.646633510800	-1.1397948173628e+02
192.676612756600	-1.1034582020698e+02
192.706592002400	-1.0654811111698e+02
192.736571248200	-1.0258943521686e+02
192.766550494000	-9.8473027983728e+01
192.796529739800	-9.4202277167002e+01
192.826508985600	-8.9780720194909e+01
192.856488231400	-8.5212041443797e+01
192.886467477200	-8.0500069372356e+01
192.916446723000	-7.5648773522989e+01
192.946425968800	-7.0662261392726e+01
192.976405214600	-6.5544775176172e+01
193.006384460400	-6.0300688383091e+01
193.036363706200	-5.4934502333355e+01
193.066342952000	-4.9450842532102e+01
193.096322197800	-4.3854454928040e+01
193.126301443600	-3.8150202057958e+01
193.156280689400	-3.2343059080602e+01
193.186259935200	-2.6438109703187e+01
193.216239181000	-2.0440542003890e+01
193.246218426800	-1.4355644153806e+01
193.276197672600	-8.1888000419044e+00
193.306176918400	-1.9454848066368e+00
193.336156164200	4.3687397220723e+00
193.366135410000	1.0748229666632e+01
193.396114655800	1.7187263827492e+01
193.426093901600	2.3680048486770e+01
193.456073147400	3.0220722285752e+01
193.486052393200	3.6803361172137e+01
193.516031639000	4.3421983412832e+01
193.546010884800	5.0070554668054e+01
193.575990130600	5.6742993122407e+01
193.605969376400	6.3433174668570e+01
193.635948622200	7.0134938139170e+01
193.665927868000	7.6842090582357e+01
193.695907113800	8.3548412576570e+01
193.725886359600	9.0247663579921e+01
193.755865605400	9.6933587309605e+01
193.785844851200	1.0359991714670e+02
193.815824097000	1.1024038156170e+02
193.845803342800	1.1684870955605e+02
193.875782588600	1.2341863611508e+02
193.905761834400	1.2994390766745e+02
193.935741080200	1.3641828754655e+02
193.965720326000	1.4283556144891e+02
193.995699571800	1.4918954288507e+02
194.025678817600	1.5547407861796e+02
194.055658063400	1.6168305408421e+02
194.085637309200	1.6781039879349e+02
194.115616555000	1.7385009170131e+02
194.145595800800	1.7979616655042e+02
194.175575046600	1.8564271717618e+02
194.205554292400	1.9138390277126e+02
194.235533538200	1.9701395310497e+02
194.265512784000	2.0252717369262e+02
194.295492029800	2.0791795091041e+02
194.325471275600	2.1318075705114e+02
194.355450521400	2.1831015531652e+02
194.385429767200	2.2330080474137e+02
194.415409013000	2.2814746504553e+02
194.445388258800	2.3284500140900e+02
194.475367504600	2.3738838916617e+02
194.505346750400	2.4177271841481e+02
194.535325996200	2.4599319853584e+02
194.565305242000	2.5004516261963e+02
194.595284487800	2.5392407179498e+02
194.625263733600	2.5762551945685e+02
194.655242979400	2.6114523538891e+02
194.685222225200	2.6447908977737e+02
194.715201471000	2.6762309711217e+02
194.745180716800	2.7057341997226e+02
194.775159962600	2.7332637269125e+02
194.805139208400	2.7587842490026e+02
194.835118454200	2.7822620494456e+02
194.865097700000	2.8036650317099e+02
194.895076945800	2.8229627508295e+02
194.925056191600	2.8401264436018e+02
194.955035437400	2.8551290574038e+02
194.985014683200	2.8679452776003e+02
195.014993929000	2.8785515535179e+02
195.044973174800	2.8869261229609e+02
195.074952420600	2.8930490352436e+02
195.104931666400	2.8969021727200e+02
195.134910912200	2.8984692707865e+02
195.164890158000	2.8977359363406e+02
195.194869403800	2.8946896646765e+02
195.224848649600	2.8893198547994e+02
195.254827895400	2.8816178231449e+02
195.284807141200	2.8715768156880e+02
195.314786387000	2.8591920184289e+02
195.344765632800	2.8444605662442e+02
195.374744878600	2.8273815500938e+02
195.404724124400	2.8079560225742e+02
195.434703370200	2.7861870018107e+02
195.464682616000	2.7620794736847e+02
195.494661861800	2.7356403923881e+02
195.524641107600	2.7068786793054e+02
195.554620353400	2.6758052202199e+02
195.584599599200	2.6424328608445e+02
195.614578845000	2.6067764006783e+02
195.644558090800	2.5688525851926e+02
195.674537336600	2.5286800963489e+02
195.704516582400	2.4862795414570e+02
195.734495828200	2.4416734403777e+02
195.764475074000	2.3948862110812e+02
195.794454319800	2.3459441535694e+02
195.824433565600	2.2948754321743e+02
195.854412811400	2.2417100562455e+02
195.884392057200	2.1864798592406e+02
195.914371303000	2.1292184762353e+02
195.944350548800	2.0699613198678e+02
195.974329794600	2.0087455547395e+02
196.004309040400	1.9456100702880e+02
196.034288286200	1.8805954521571e+02
196.064267532000	1.8137439520827e+02
196.094246777800	1.7450994563216e+02
196.124226023600	1.6747074526463e+02
196.154205269400	1.6026149959320e+02
196.184184515200	1.5288706723646e+02
196.214163761000	1.4535245622978e+02
196.244143006800	1.3766282017886e+02
196.274122252600	1.2982345428432e+02
196.304101498400	1.2183979124056e+02
196.334080744200	1.1371739701216e+02
196.364059990000	1.0546196649131e+02
196.394039235800	9.7079319039806e+01
196.424018481600	8.8575393919332e+01
196.453997727400	7.9956245613656e+01
196.483976973200	7.1228039046715e+01
196.513956219000	6.2397044700476e+01
196.543935464800	5.3469633636620e+01
196.573914710600	4.4452272426172e+01
196.603893956400	3.5351517991286e+01
196.633873202200	2.6174012363470e+01
196.663852448000	1.6926477362608e+01
196.693831693800	7.6157092012257e+00
196.723810939600	-1.7514269815157e+00
196.753790185400	-1.1168002651512e+01
196.783769431200	-2.0627031472477e+01
196.813748677000	-3.0121474955090e+01
196.843727922800	-3.9644248157778e+01
196.873707168600	-4.9188225434367e+01
196.903686414400	-5.8746246223748e+01
196.933665660200	-6.8311120876712e+01
196.963644906000	-7.7875636515020e+01
196.993624151800	-8.7432562917795e+01
197.023603397600	-9.6974658430246e+01
197.053582643400	-1.0649467588975e+02
197.083561889200	-1.1598536856427e+02
197.113541135000	-1.2543949609810e+02
197.143520380800	-1.3484983045987e+02
197.173499626600	-1.4420916188784e+02
197.203478872400	-1.5351030482732e+02
197.233458118200	-1.6274610385531e+02
197.263437364000	-1.7190943958724e+02
197.293416609800	-1.8099323456082e+02
197.323395855600	-1.8999045909197e+02
197.353375101400	-1.9889413709787e+02
197.383354347200	-2.0769735188217e+02
197.413333593000	-2.1639325187740e+02
197.443312838800	-2.2497505633968e+02
197.473292084600	-2.3343606099094e+02
197.503271330400	-2.4176964360366e+02
197.533250576200	-2.4996926952361e+02
197.563229822000	-2.5802849712558e+02
197.593209067800	-2.6594098319763e+02
197.623188313600	-2.7370048824918e+02
197.653167559400	-2.8130088173841e+02
197.683146805200	-2.8873614721436e+02
197.713126051000	-2.9600038736953e+02
197.743105296800	-3.0308782899848e+02
197.773084542600	-3.0999282785818e+02
197.803063788400	-3.1670987342597e+02
197.833043034200	-3.2323359355104e+02
197.863022280000	-3.2955875899532e+02
197.893001525800	-3.3568028786005e+02
197.922980771600	-3.4159324989394e+02
197.952960017400	-3.4729287067950e+02
197.982939263200	-3.5277453569364e+02
198.012918509000	-3.5803379423920e+02
198.042897754800	-3.6306636324396e+02
198.072877000600	-3.6786813092379e+02
198.102856246400	-3.7243516030682e+02
198.132835492200	-3.7676369261546e+02
198.162814738000	-3.8085015050348e+02
198.192793983800	-3.8469114114522e+02
198.222773229600	-3.8828345917419e+02
198.252752475400	-3.9162408946859e+02
198.282731721200	-3.9471020978134e+02
198.312710967000	-3.9753919321205e+02
198.342690212800	-4.0010861051915e+02
198.372669458600	-4.0241623226977e+02
198.402648704400	-4.0446003082568e+02
198.432627950200	-4.0623818216347e+02
198.462607196000	-4.0774906752735e+02
198.492586441800	-4.0899127491304e+02
198.522565687600	-4.0996360038146e+02
198.552544933400	-4.1066504920109e+02
198.582524179200	-4.1109483681774e+02
198.612503425000	-4.1125238965110e+02
198.642482670800	-4.1113734571711e+02
198.672461916600	-4.1074955507563e+02
198.702441162400	-4.1008908010295e+02
198.732420408200	-4.0915619558880e+02
198.762399654000	-4.0795138865776e+02
198.792378899800	-4.0647535851499e+02
198.822358145600	-4.0472901601647e+02
198.852337391400	-4.0271348306403e+02
198.882316637200	-4.0043009182559e+02
198.912295883000	-3.9788038378127e+02
198.942275128800	-3.9506610859599e+02
198.972254374600	-3.9198922281954e+02
199.002233620400	-3.8865188841517e+02
199.032212866200	-3.8505647111772e+02
199.062192112000	-3.8120553862290e+02
199.092171357800	-3.7710185860886e+02
199.122150603600	-3.7274839659195e+02
199.152129849400	-3.6814831361822e+02
199.182109095200	-3.6330496379268e+02
199.212088341000	-3.5822189164832e+02
199.242067586800	-3.5290282935699e+02
199.272046832600	-3.4735169378463e+02
199.302026078400	-3.4157258339302e+02
199.332005324200	-3.3556977499089e+02
199.361984570000	-3.2934772033692e+02
199.391963815800	-3.2291104259752e+02
199.421943061600	-3.1626453266229e+02
199.451922307400	-3.0941314532034e+02
199.481901553200	-3.0236199530052e+02
199.511880799000	-2.9511635317896e+02
199.541860044800	-2.8768164115737e+02
199.571839290600	-2.8006342871549e+02
199.601818536400	-2.7226742814146e+02
199.631797782200	-2.6429948994386e+02
199.661777028000	-2.5616559814910e+02
199.691756273800	-2.4787186548834e+02
199.721735519600	-2.3942452847778e+02
199.751714765400	-2.3082994239653e+02
199.781694011200	-2.2209457616628e+02
199.811673257000	-2.1322500713705e+02
199.841652502800	-2.0422791578341e+02
199.871631748600	-1.9511008031559e+02
199.901610994400	-1.8587837121009e+02
199.931590240200	-1.7653974566424e+02
199.961569486000	-1.6710124197955e+02
199.991548731800	-1.5756997387846e+02
