# Freq(GHz) Re(Z) Im(Z)
0.000000e+00 0.000000e+00 0.000000e+00
1.000000e-02 -6.695915e-03 1.205600e-03
2.000000e-02 -1.339183e-02 2.411200e-03
3.000000e-02 -1.332543e-02 3.614209e-03
4.000000e-02 -1.323260e-02 4.814112e-03
5.000000e-02 -1.311350e-02 6.009883e-03
6.000000e-02 -1.296831e-02 7.200501e-03
7.000000e-02 -1.279728e-02 8.384955e-03
8.000000e-02 -1.260067e-02 9.562245e-03
9.000000e-02 -1.237880e-02 1.073138e-02
1.000000e-01 -1.213202e-02 1.189139e-02
1.100000e-01 -1.186072e-02 1.304130e-02
1.200000e-01 -1.156533e-02 1.418019e-02
1.300000e-01 -1.124633e-02 1.530712e-02
1.400000e-01 -1.090421e-02 1.642118e-02
1.500000e-01 -1.053953e-02 1.752151e-02
1.600000e-01 -1.015286e-02 1.860723e-02
1.700000e-01 -9.744822e-03 1.967751e-02
1.800000e-01 -9.316052e-03 2.073154e-02
1.900000e-01 -8.867236e-03 2.176855e-02
2.000000e-01 -8.399082e-03 2.278776e-02
2.100000e-01 -7.912333e-03 2.378848e-02
2.200000e-01 -7.407757e-03 2.476999e-02
2.300000e-01 -6.886153e-03 2.573164e-02
2.400000e-01 -6.348344e-03 2.667281e-02
2.500000e-01 -5.795177e-03 2.759290e-02
2.600000e-01 -5.227524e-03 2.849135e-02
2.700000e-01 -4.646280e-03 2.936765e-02
2.800000e-01 -4.052357e-03 3.022130e-02
2.900000e-01 -3.446688e-03 3.105187e-02
3.000000e-01 -2.830224e-03 3.185894e-02
3.100000e-01 -2.203929e-03 3.264216e-02
3.200000e-01 -1.568783e-03 3.340118e-02
3.300000e-01 -9.257784e-04 3.413573e-02
3.400000e-01 -2.759169e-04 3.484556e-02
3.500000e-01 3.797898e-04 3.553046e-02
3.600000e-01 1.040323e-03 3.619027e-02
3.700000e-01 1.704658e-03 3.682488e-02
3.800000e-01 2.371768e-03 3.743419e-02
3.900000e-01 3.040622e-03 3.801818e-02
4.000000e-01 3.710191e-03 3.857685e-02
4.100000e-01 4.379444e-03 3.911025e-02
4.200000e-01 5.047357e-03 3.961847e-02
4.300000e-01 5.712908e-03 4.010164e-02
4.400000e-01 6.375084e-03 4.055994e-02
4.500000e-01 7.032879e-03 4.099358e-02
4.600000e-01 7.685296e-03 4.140283e-02
4.700000e-01 8.331353e-03 4.178797e-02
4.800000e-01 8.970079e-03 4.214935e-02
4.900000e-01 9.600518e-03 4.248734e-02
5.000000e-01 1.022173e-02 4.280237e-02
5.100000e-01 1.083280e-02 4.309488e-02
5.200000e-01 1.143282e-02 4.336537e-02
5.300000e-01 1.202092e-02 4.361437e-02
5.400000e-01 1.259623e-02 4.384243e-02
5.500000e-01 1.315793e-02 4.405017e-02
5.600000e-01 1.370521e-02 4.423821e-02
5.700000e-01 1.423729e-02 4.440723e-02
5.800000e-01 1.475342e-02 4.455790e-02
5.900000e-01 1.525287e-02 4.469098e-02
6.000000e-01 1.573497e-02 4.480720e-02
6.100000e-01 1.619904e-02 4.490735e-02
6.200000e-01 1.664447e-02 4.499225e-02
6.300000e-01 1.707066e-02 4.506272e-02
6.400000e-01 1.747706e-02 4.511964e-02
6.500000e-01 1.786315e-02 4.516387e-02
6.600000e-01 1.822845e-02 4.519632e-02
6.700000e-01 1.857250e-02 4.521791e-02
6.800000e-01 1.889491e-02 4.522958e-02
6.900000e-01 1.919532e-02 4.523228e-02
7.000000e-01 1.947338e-02 4.522697e-02
7.100000e-01 1.972882e-02 4.521464e-02
7.200000e-01 1.996140e-02 4.519629e-02
7.300000e-01 2.017090e-02 4.517290e-02
7.400000e-01 2.035717e-02 4.514549e-02
7.500000e-01 2.052008e-02 4.511507e-02
7.600000e-01 2.065956e-02 4.508265e-02
7.700000e-01 2.077557e-02 4.504926e-02
7.800000e-01 2.086813e-02 4.501592e-02
7.900000e-01 2.093727e-02 4.498364e-02
8.000000e-01 2.098309e-02 4.495344e-02
8.100000e-01 2.100573e-02 4.492634e-02
8.200000e-01 2.100535e-02 4.490332e-02
8.300000e-01 2.098219e-02 4.488540e-02
8.400000e-01 2.093649e-02 4.487355e-02
8.500000e-01 2.086855e-02 4.486876e-02
8.600000e-01 2.077872e-02 4.487197e-02
8.700000e-01 2.066737e-02 4.488415e-02
8.800000e-01 2.053492e-02 4.490621e-02
8.900000e-01 2.038183e-02 4.493906e-02
9.000000e-01 2.020860e-02 4.498361e-02
9.100000e-01 2.001575e-02 4.504072e-02
9.200000e-01 1.980384e-02 4.511123e-02
9.300000e-01 1.957349e-02 4.519597e-02
9.400000e-01 1.932533e-02 4.529574e-02
9.500000e-01 1.906002e-02 4.541130e-02
9.600000e-01 1.877827e-02 4.554340e-02
9.700000e-01 1.848080e-02 4.569275e-02
9.800000e-01 1.816837e-02 4.586003e-02
9.900000e-01 1.784177e-02 4.604589e-02
1.000000e+00 1.750182e-02 4.625094e-02
1.010000e+00 1.714935e-02 4.647578e-02
1.020000e+00 1.678523e-02 4.672093e-02
1.030000e+00 1.641033e-02 4.698692e-02
1.040000e+00 1.602557e-02 4.727421e-02
1.050000e+00 1.563187e-02 4.758324e-02
1.060000e+00 1.523017e-02 4.791440e-02
1.070000e+00 1.482142e-02 4.826806e-02
1.080000e+00 1.440660e-02 4.864452e-02
1.090000e+00 1.398670e-02 4.904406e-02
1.100000e+00 1.356271e-02 4.946692e-02
1.110000e+00 1.313563e-02 4.991329e-02
1.120000e+00 1.270648e-02 5.038332e-02
1.130000e+00 1.227627e-02 5.087712e-02
1.140000e+00 1.184603e-02 5.139476e-02
1.150000e+00 1.141678e-02 5.193625e-02
1.160000e+00 1.098955e-02 5.250158e-02
1.170000e+00 1.056535e-02 5.309069e-02
1.180000e+00 1.014522e-02 5.370347e-02
1.190000e+00 9.730157e-03 5.433977e-02
1.200000e+00 9.321180e-03 5.499941e-02
1.210000e+00 8.919288e-03 5.568216e-02
1.220000e+00 8.525472e-03 5.638774e-02
1.230000e+00 8.140711e-03 5.711584e-02
1.240000e+00 7.765971e-03 5.786610e-02
1.250000e+00 7.402202e-03 5.863814e-02
1.260000e+00 7.050339e-03 5.943151e-02
1.270000e+00 6.711297e-03 6.024575e-02
1.280000e+00 6.385972e-03 6.108034e-02
1.290000e+00 6.075238e-03 6.193474e-02
1.300000e+00 5.779947e-03 6.280836e-02
1.310000e+00 5.500925e-03 6.370059e-02
1.320000e+00 5.238973e-03 6.461077e-02
1.330000e+00 4.994866e-03 6.553822e-02
1.340000e+00 4.769347e-03 6.648222e-02
1.350000e+00 4.563133e-03 6.744202e-02
1.360000e+00 4.376906e-03 6.841684e-02
1.370000e+00 4.211319e-03 6.940588e-02
1.380000e+00 4.066989e-03 7.040830e-02
1.390000e+00 3.944499e-03 7.142325e-02
1.400000e+00 3.844398e-03 7.244984e-02
1.410000e+00 3.767195e-03 7.348717e-02
1.420000e+00 3.713365e-03 7.453431e-02
1.430000e+00 3.683342e-03 7.559032e-02
1.440000e+00 3.677522e-03 7.665424e-02
1.450000e+00 3.696262e-03 7.772508e-02
1.460000e+00 3.739876e-03 7.880185e-02
1.470000e+00 3.808638e-03 7.988355e-02
1.480000e+00 3.902782e-03 8.096915e-02
1.490000e+00 4.022498e-03 8.205764e-02
1.500000e+00 4.167933e-03 8.314797e-02
1.510000e+00 4.339194e-03 8.423910e-02
1.520000e+00 4.536342e-03 8.532999e-02
1.530000e+00 4.759397e-03 8.641960e-02
1.540000e+00 5.008335e-03 8.750687e-02
1.550000e+00 5.283088e-03 8.859075e-02
1.560000e+00 5.583547e-03 8.967021e-02
1.570000e+00 5.909558e-03 9.074420e-02
1.580000e+00 6.260924e-03 9.181169e-02
1.590000e+00 6.637407e-03 9.287166e-02
1.600000e+00 7.038727e-03 9.392309e-02
1.610000e+00 7.464560e-03 9.496498e-02
1.620000e+00 7.914544e-03 9.599633e-02
1.630000e+00 8.388273e-03 9.701618e-02
1.640000e+00 8.885303e-03 9.802357e-02
1.650000e+00 9.405150e-03 9.901755e-02
1.660000e+00 9.947293e-03 9.999721e-02
1.670000e+00 1.051117e-02 1.009616e-01
1.680000e+00 1.109619e-02 1.019100e-01
1.690000e+00 1.170171e-02 1.028414e-01
1.700000e+00 1.232707e-02 1.037550e-01
1.710000e+00 1.297157e-02 1.046501e-01
1.720000e+00 1.363447e-02 1.055258e-01
1.730000e+00 1.431501e-02 1.063815e-01
1.740000e+00 1.501239e-02 1.072164e-01
1.750000e+00 1.572580e-02 1.080298e-01
1.760000e+00 1.645437e-02 1.088212e-01
1.770000e+00 1.719723e-02 1.095899e-01
1.780000e+00 1.795349e-02 1.103353e-01
1.790000e+00 1.872220e-02 1.110569e-01
1.800000e+00 1.950244e-02 1.117542e-01
1.810000e+00 2.029322e-02 1.124268e-01
1.820000e+00 2.109358e-02 1.130743e-01
1.830000e+00 2.190249e-02 1.136962e-01
1.840000e+00 2.271896e-02 1.142923e-01
1.850000e+00 2.354194e-02 1.148622e-01
1.860000e+00 2.437040e-02 1.154057e-01
1.870000e+00 2.520328e-02 1.159226e-01
1.880000e+00 2.603953e-02 1.164128e-01
1.890000e+00 2.687807e-02 1.168761e-01
1.900000e+00 2.771785e-02 1.173124e-01
1.910000e+00 2.855777e-02 1.177217e-01
1.920000e+00 2.939678e-02 1.181040e-01
1.930000e+00 3.023379e-02 1.184594e-01
1.940000e+00 3.106773e-02 1.187879e-01
1.950000e+00 3.189754e-02 1.190898e-01
1.960000e+00 3.272216e-02 1.193652e-01
1.970000e+00 3.354053e-02 1.196143e-01
1.980000e+00 3.435161e-02 1.198374e-01
1.990000e+00 3.515436e-02 1.200349e-01
2.000000e+00 3.594778e-02 1.202070e-01
2.010000e+00 3.673086e-02 1.203541e-01
2.020000e+00 3.750260e-02 1.204768e-01
2.030000e+00 3.826205e-02 1.205755e-01
2.040000e+00 3.900825e-02 1.206507e-01
2.050000e+00 3.974028e-02 1.207030e-01
2.060000e+00 4.045722e-02 1.207329e-01
2.070000e+00 4.115822e-02 1.207411e-01
2.080000e+00 4.184240e-02 1.207283e-01
2.090000e+00 4.250895e-02 1.206952e-01
2.100000e+00 4.315706e-02 1.206424e-01
2.110000e+00 4.378598e-02 1.205709e-01
2.120000e+00 4.439497e-02 1.204812e-01
2.130000e+00 4.498332e-02 1.203744e-01
2.140000e+00 4.555037e-02 1.202513e-01
2.150000e+00 4.609549e-02 1.201126e-01
2.160000e+00 4.661808e-02 1.199594e-01
2.170000e+00 4.711759e-02 1.197926e-01
2.180000e+00 4.759349e-02 1.196131e-01
2.190000e+00 4.804530e-02 1.194220e-01
2.200000e+00 4.847258e-02 1.192201e-01
2.210000e+00 4.887493e-02 1.190085e-01
2.220000e+00 4.925200e-02 1.187883e-01
2.230000e+00 4.960346e-02 1.185604e-01
2.240000e+00 4.992904e-02 1.183260e-01
2.250000e+00 5.022852e-02 1.180861e-01
2.260000e+00 5.050171e-02 1.178417e-01
2.270000e+00 5.074845e-02 1.175940e-01
2.280000e+00 5.096867e-02 1.173441e-01
2.290000e+00 5.116229e-02 1.170930e-01
2.300000e+00 5.132931e-02 1.168417e-01
2.310000e+00 5.146977e-02 1.165916e-01
2.320000e+00 5.158374e-02 1.163435e-01
2.330000e+00 5.167135e-02 1.160985e-01
2.340000e+00 5.173277e-02 1.158579e-01
2.350000e+00 5.176821e-02 1.156226e-01
2.360000e+00 5.177792e-02 1.153936e-01
2.370000e+00 5.176220e-02 1.151722e-01
2.380000e+00 5.172139e-02 1.149592e-01
2.390000e+00 5.165589e-02 1.147557e-01
2.400000e+00 5.156611e-02 1.145627e-01
2.410000e+00 5.145252e-02 1.143812e-01
2.420000e+00 5.131562e-02 1.142122e-01
2.430000e+00 5.115597e-02 1.140566e-01
2.440000e+00 5.097415e-02 1.139154e-01
2.450000e+00 5.077077e-02 1.137894e-01
2.460000e+00 5.054650e-02 1.136796e-01
2.470000e+00 5.030203e-02 1.135867e-01
2.480000e+00 5.003808e-02 1.135116e-01
2.490000e+00 4.975543e-02 1.134550e-01
2.500000e+00 4.945485e-02 1.134178e-01
2.510000e+00 4.913718e-02 1.134007e-01
2.520000e+00 4.880326e-02 1.134043e-01
2.530000e+00 4.845398e-02 1.134293e-01
2.540000e+00 4.809024e-02 1.134763e-01
2.550000e+00 4.771297e-02 1.135459e-01
2.560000e+00 4.732312e-02 1.136386e-01
2.570000e+00 4.692168e-02 1.137549e-01
2.580000e+00 4.650962e-02 1.138954e-01
2.590000e+00 4.608797e-02 1.140604e-01
2.600000e+00 4.565776e-02 1.142503e-01
2.610000e+00 4.522003e-02 1.144654e-01
2.620000e+00 4.477584e-02 1.147060e-01
2.630000e+00 4.432625e-02 1.149724e-01
2.640000e+00 4.387235e-02 1.152648e-01
2.650000e+00 4.341522e-02 1.155833e-01
2.660000e+00 4.295595e-02 1.159280e-01
2.670000e+00 4.249564e-02 1.162991e-01
2.680000e+00 4.203538e-02 1.166966e-01
2.690000e+00 4.157628e-02 1.171204e-01
2.700000e+00 4.111943e-02 1.175705e-01
2.710000e+00 4.066592e-02 1.180467e-01
2.720000e+00 4.021684e-02 1.185489e-01
2.730000e+00 3.977328e-02 1.190770e-01
2.740000e+00 3.933630e-02 1.196306e-01
2.750000e+00 3.890696e-02 1.202095e-01
2.760000e+00 3.848632e-02 1.208133e-01
2.770000e+00 3.807541e-02 1.214417e-01
2.780000e+00 3.767524e-02 1.220943e-01
2.790000e+00 3.728682e-02 1.227707e-01
2.800000e+00 3.691113e-02 1.234702e-01
2.810000e+00 3.654914e-02 1.241924e-01
2.820000e+00 3.620176e-02 1.249367e-01
2.830000e+00 3.586993e-02 1.257024e-01
2.840000e+00 3.555453e-02 1.264891e-01
2.850000e+00 3.525641e-02 1.272958e-01
2.860000e+00 3.497641e-02 1.281220e-01
2.870000e+00 3.471533e-02 1.289669e-01
2.880000e+00 3.447394e-02 1.298296e-01
2.890000e+00 3.425297e-02 1.307094e-01
2.900000e+00 3.405313e-02 1.316054e-01
2.910000e+00 3.387508e-02 1.325167e-01
2.920000e+00 3.371945e-02 1.334425e-01
2.930000e+00 3.358683e-02 1.343817e-01
2.940000e+00 3.347778e-02 1.353335e-01
2.950000e+00 3.339282e-02 1.362969e-01
2.960000e+00 3.333241e-02 1.372709e-01
2.970000e+00 3.329699e-02 1.382544e-01
2.980000e+00 3.328694e-02 1.392464e-01
2.990000e+00 3.330262e-02 1.402459e-01
3.000000e+00 3.334432e-02 1.412519e-01
3.010000e+00 3.341232e-02 1.422632e-01
3.020000e+00 3.350682e-02 1.432787e-01
3.030000e+00 3.362799e-02 1.442974e-01
3.040000e+00 3.377597e-02 1.453182e-01
3.050000e+00 3.395082e-02 1.463400e-01
3.060000e+00 3.415259e-02 1.473616e-01
3.070000e+00 3.438127e-02 1.483820e-01
3.080000e+00 3.463680e-02 1.494000e-01
3.090000e+00 3.491907e-02 1.504146e-01
3.100000e+00 3.522795e-02 1.514247e-01
3.110000e+00 3.556324e-02 1.524291e-01
3.120000e+00 3.592470e-02 1.534268e-01
3.130000e+00 3.631205e-02 1.544168e-01
3.140000e+00 3.672497e-02 1.553979e-01
3.150000e+00 3.716309e-02 1.563691e-01
3.160000e+00 3.762599e-02 1.573294e-01
3.170000e+00 3.811323e-02 1.582778e-01
3.180000e+00 3.862431e-02 1.592133e-01
3.190000e+00 3.915870e-02 1.601349e-01
3.200000e+00 3.971581e-02 1.610417e-01
3.210000e+00 4.029504e-02 1.619327e-01
3.220000e+00 4.089573e-02 1.628070e-01
3.230000e+00 4.151719e-02 1.636639e-01
3.240000e+00 4.215871e-02 1.645023e-01
3.250000e+00 4.281953e-02 1.653216e-01
3.260000e+00 4.349884e-02 1.661210e-01
3.270000e+00 4.419584e-02 1.668996e-01
3.280000e+00 4.490967e-02 1.676569e-01
3.290000e+00 4.563945e-02 1.683920e-01
3.300000e+00 4.638426e-02 1.691045e-01
3.310000e+00 4.714318e-02 1.697936e-01
3.320000e+00 4.791524e-02 1.704588e-01
3.330000e+00 4.869947e-02 1.710996e-01
3.340000e+00 4.949485e-02 1.717155e-01
3.350000e+00 5.030038e-02 1.723061e-01
3.360000e+00 5.111500e-02 1.728710e-01
3.370000e+00 5.193767e-02 1.734097e-01
3.380000e+00 5.276731e-02 1.739221e-01
3.390000e+00 5.360285e-02 1.744078e-01
3.400000e+00 5.444318e-02 1.748666e-01
3.410000e+00 5.528723e-02 1.752984e-01
3.420000e+00 5.613386e-02 1.757030e-01
3.430000e+00 5.698198e-02 1.760803e-01
3.440000e+00 5.783047e-02 1.764303e-01
3.450000e+00 5.867821e-02 1.767530e-01
3.460000e+00 5.952409e-02 1.770484e-01
3.470000e+00 6.036700e-02 1.773167e-01
3.480000e+00 6.120583e-02 1.775580e-01
3.490000e+00 6.203948e-02 1.777724e-01
3.500000e+00 6.286686e-02 1.779603e-01
3.510000e+00 6.368689e-02 1.781219e-01
3.520000e+00 6.449849e-02 1.782575e-01
3.530000e+00 6.530063e-02 1.783675e-01
3.540000e+00 6.609224e-02 1.784523e-01
3.550000e+00 6.687232e-02 1.785123e-01
3.560000e+00 6.763987e-02 1.785482e-01
3.570000e+00 6.839389e-02 1.785603e-01
3.580000e+00 6.913344e-02 1.785493e-01
3.590000e+00 6.985758e-02 1.785158e-01
3.600000e+00 7.056540e-02 1.784604e-01
3.610000e+00 7.125602e-02 1.783839e-01
3.620000e+00 7.192860e-02 1.782870e-01
3.630000e+00 7.258231e-02 1.781704e-01
3.640000e+00 7.321637e-02 1.780350e-01
3.650000e+00 7.383002e-02 1.778815e-01
3.660000e+00 7.442254e-02 1.777109e-01
3.670000e+00 7.499326e-02 1.775240e-01
3.680000e+00 7.554151e-02 1.773217e-01
3.690000e+00 7.606671e-02 1.771050e-01
3.700000e+00 7.656827e-02 1.768749e-01
3.710000e+00 7.704567e-02 1.766323e-01
3.720000e+00 7.749843e-02 1.763782e-01
3.730000e+00 7.792610e-02 1.761138e-01
3.740000e+00 7.832828e-02 1.758400e-01
3.750000e+00 7.870461e-02 1.755579e-01
3.760000e+00 7.905478e-02 1.752686e-01
3.770000e+00 7.937852e-02 1.749731e-01
3.780000e+00 7.967561e-02 1.746727e-01
3.790000e+00 7.994588e-02 1.743683e-01
3.800000e+00 8.018919e-02 1.740612e-01
3.810000e+00 8.040547e-02 1.737524e-01
3.820000e+00 8.059466e-02 1.734430e-01
3.830000e+00 8.075679e-02 1.731343e-01
3.840000e+00 8.089191e-02 1.728273e-01
3.850000e+00 8.100012e-02 1.725231e-01
3.860000e+00 8.108158e-02 1.722229e-01
3.870000e+00 8.113648e-02 1.719278e-01
3.880000e+00 8.116506e-02 1.716388e-01
3.890000e+00 8.116761e-02 1.713571e-01
3.900000e+00 8.114447e-02 1.710838e-01
3.910000e+00 8.109601e-02 1.708199e-01
3.920000e+00 8.102266e-02 1.705664e-01
3.930000e+00 8.092488e-02 1.703244e-01
3.940000e+00 8.080318e-02 1.700950e-01
3.950000e+00 8.065811e-02 1.698790e-01
3.960000e+00 8.049026e-02 1.696776e-01
3.970000e+00 8.030027e-02 1.694915e-01
3.980000e+00 8.008880e-02 1.693217e-01
3.990000e+00 7.985657e-02 1.691692e-01
4.000000e+00 7.960431e-02 1.690347e-01
4.010000e+00 7.933281e-02 1.689191e-01
4.020000e+00 7.904288e-02 1.688232e-01
4.030000e+00 7.873536e-02 1.687477e-01
4.040000e+00 7.841115e-02 1.686934e-01
4.050000e+00 7.807114e-02 1.686610e-01
4.060000e+00 7.771627e-02 1.686510e-01
4.070000e+00 7.734750e-02 1.686641e-01
4.080000e+00 7.696582e-02 1.687010e-01
4.090000e+00 7.657224e-02 1.687620e-01
4.100000e+00 7.616780e-02 1.688477e-01
4.110000e+00 7.575354e-02 1.689585e-01
4.120000e+00 7.533054e-02 1.690948e-01
4.130000e+00 7.489989e-02 1.692570e-01
4.140000e+00 7.446267e-02 1.694454e-01
4.150000e+00 7.402002e-02 1.696603e-01
4.160000e+00 7.357305e-02 1.699017e-01
4.170000e+00 7.312290e-02 1.701700e-01
4.180000e+00 7.267070e-02 1.704653e-01
4.190000e+00 7.221760e-02 1.707875e-01
4.200000e+00 7.176475e-02 1.711368e-01
4.210000e+00 7.131330e-02 1.715131e-01
4.220000e+00 7.086438e-02 1.719164e-01
4.230000e+00 7.041914e-02 1.723465e-01
4.240000e+00 6.997873e-02 1.728032e-01
4.250000e+00 6.954427e-02 1.732863e-01
4.260000e+00 6.911689e-02 1.737957e-01
4.270000e+00 6.869769e-02 1.743309e-01
4.280000e+00 6.828777e-02 1.748916e-01
4.290000e+00 6.788822e-02 1.754774e-01
4.300000e+00 6.750010e-02 1.760879e-01
4.310000e+00 6.712446e-02 1.767226e-01
4.320000e+00 6.676232e-02 1.773809e-01
4.330000e+00 6.641469e-02 1.780623e-01
4.340000e+00 6.608254e-02 1.787661e-01
4.350000e+00 6.576684e-02 1.794917e-01
4.360000e+00 6.546850e-02 1.802384e-01
4.370000e+00 6.518843e-02 1.810054e-01
4.380000e+00 6.492749e-02 1.817920e-01
4.390000e+00 6.468651e-02 1.825973e-01
4.400000e+00 6.446629e-02 1.834205e-01
4.410000e+00 6.426760e-02 1.842608e-01
4.420000e+00 6.409116e-02 1.851172e-01
4.430000e+00 6.393766e-02 1.859887e-01
4.440000e+00 6.380776e-02 1.868744e-01
4.450000e+00 6.370206e-02 1.877734e-01
4.460000e+00 6.362112e-02 1.886845e-01
4.470000e+00 6.356548e-02 1.896067e-01
4.480000e+00 6.353562e-02 1.905390e-01
4.490000e+00 6.353196e-02 1.914802e-01
4.500000e+00 6.355491e-02 1.924292e-01
4.510000e+00 6.360479e-02 1.933850e-01
4.520000e+00 6.368192e-02 1.943464e-01
4.530000e+00 6.378655e-02 1.953122e-01
4.540000e+00 6.391886e-02 1.962812e-01
4.550000e+00 6.407902e-02 1.972524e-01
4.560000e+00 6.426713e-02 1.982244e-01
4.570000e+00 6.448324e-02 1.991962e-01
4.580000e+00 6.472735e-02 2.001665e-01
4.590000e+00 6.499944e-02 2.011341e-01
4.600000e+00 6.529939e-02 2.020979e-01
4.610000e+00 6.562706e-02 2.030566e-01
4.620000e+00 6.598227e-02 2.040092e-01
4.630000e+00 6.636477e-02 2.049544e-01
4.640000e+00 6.677426e-02 2.058911e-01
4.650000e+00 6.721042e-02 2.068180e-01
4.660000e+00 6.767284e-02 2.077342e-01
4.670000e+00 6.816110e-02 2.086384e-01
4.680000e+00 6.867471e-02 2.095296e-01
4.690000e+00 6.921314e-02 2.104067e-01
4.700000e+00 6.977582e-02 2.112685e-01
4.710000e+00 7.036214e-02 2.121142e-01
4.720000e+00 7.097142e-02 2.129427e-01
4.730000e+00 7.160297e-02 2.137529e-01
4.740000e+00 7.225604e-02 2.145439e-01
4.750000e+00 7.292984e-02 2.153149e-01
4.760000e+00 7.362355e-02 2.160649e-01
4.770000e+00 7.433630e-02 2.167930e-01
4.780000e+00 7.506720e-02 2.174984e-01
4.790000e+00 7.581532e-02 2.181804e-01
4.800000e+00 7.657968e-02 2.188382e-01
4.810000e+00 7.735930e-02 2.194710e-01
4.820000e+00 7.815313e-02 2.200783e-01
4.830000e+00 7.896012e-02 2.206594e-01
4.840000e+00 7.977920e-02 2.212136e-01
4.850000e+00 8.060925e-02 2.217406e-01
4.860000e+00 8.144913e-02 2.222397e-01
4.870000e+00 8.229771e-02 2.227105e-01
4.880000e+00 8.315379e-02 2.231527e-01
4.890000e+00 8.401621e-02 2.235659e-01
4.900000e+00 8.488375e-02 2.239497e-01
4.910000e+00 8.575519e-02 2.243040e-01
4.920000e+00 8.662930e-02 2.246285e-01
4.930000e+00 8.750485e-02 2.249231e-01
4.940000e+00 8.838060e-02 2.251876e-01
4.950000e+00 8.925529e-02 2.254221e-01
4.960000e+00 9.012766e-02 2.256265e-01
4.970000e+00 9.099647e-02 2.258010e-01
4.980000e+00 9.186046e-02 2.259455e-01
4.990000e+00 9.271839e-02 2.260603e-01
5.000000e+00 9.356901e-02 2.261456e-01
5.010000e+00 9.441108e-02 2.262016e-01
5.020000e+00 9.524339e-02 2.262286e-01
5.030000e+00 9.606471e-02 2.262271e-01
5.040000e+00 9.687385e-02 2.261974e-01
5.050000e+00 9.766962e-02 2.261400e-01
5.060000e+00 9.845086e-02 2.260554e-01
5.070000e+00 9.921644e-02 2.259442e-01
5.080000e+00 9.996521e-02 2.258069e-01
5.090000e+00 1.006961e-01 2.256443e-01
5.100000e+00 1.014080e-01 2.254571e-01
5.110000e+00 1.020999e-01 2.252459e-01
5.120000e+00 1.027708e-01 2.250116e-01
5.130000e+00 1.034197e-01 2.247550e-01
5.140000e+00 1.040456e-01 2.244770e-01
5.150000e+00 1.046477e-01 2.241785e-01
5.160000e+00 1.052250e-01 2.238604e-01
5.170000e+00 1.057767e-01 2.235238e-01
5.180000e+00 1.063021e-01 2.231696e-01
5.190000e+00 1.068003e-01 2.227990e-01
5.200000e+00 1.072707e-01 2.224129e-01
5.210000e+00 1.077126e-01 2.220126e-01
5.220000e+00 1.081253e-01 2.215991e-01
5.230000e+00 1.085083e-01 2.211737e-01
5.240000e+00 1.088610e-01 2.207376e-01
5.250000e+00 1.091830e-01 2.202919e-01
5.260000e+00 1.094739e-01 2.198379e-01
5.270000e+00 1.097332e-01 2.193768e-01
5.280000e+00 1.099607e-01 2.189100e-01
5.290000e+00 1.101559e-01 2.184388e-01
5.300000e+00 1.103189e-01 2.179643e-01
5.310000e+00 1.104492e-01 2.174881e-01
5.320000e+00 1.105469e-01 2.170112e-01
5.330000e+00 1.106119e-01 2.165352e-01
5.340000e+00 1.106441e-01 2.160613e-01
5.350000e+00 1.106436e-01 2.155908e-01
5.360000e+00 1.106105e-01 2.151252e-01
5.370000e+00 1.105450e-01 2.146656e-01
5.380000e+00 1.104472e-01 2.142135e-01
5.390000e+00 1.103175e-01 2.137702e-01
5.400000e+00 1.101561e-01 2.133369e-01
5.410000e+00 1.099634e-01 2.129149e-01
5.420000e+00 1.097398e-01 2.125056e-01
5.430000e+00 1.094858e-01 2.121101e-01
5.440000e+00 1.092019e-01 2.117298e-01
5.450000e+00 1.088888e-01 2.113659e-01
5.460000e+00 1.085469e-01 2.110195e-01
5.470000e+00 1.081771e-01 2.106918e-01
5.480000e+00 1.077800e-01 2.103840e-01
5.490000e+00 1.073564e-01 2.100972e-01
5.500000e+00 1.069072e-01 2.098325e-01
5.510000e+00 1.064331e-01 2.095910e-01
5.520000e+00 1.059351e-01 2.093736e-01
5.530000e+00 1.054141e-01 2.091813e-01
5.540000e+00 1.048712e-01 2.090152e-01
5.550000e+00 1.043073e-01 2.088761e-01
5.560000e+00 1.037236e-01 2.087648e-01
5.570000e+00 1.031210e-01 2.086822e-01
5.580000e+00 1.025009e-01 2.086292e-01
5.590000e+00 1.018642e-01 2.086063e-01
5.600000e+00 1.012123e-01 2.086143e-01
5.610000e+00 1.005463e-01 2.086538e-01
5.620000e+00 9.986759e-02 2.087255e-01
5.630000e+00 9.917732e-02 2.088298e-01
5.640000e+00 9.847684e-02 2.089672e-01
5.650000e+00 9.776747e-02 2.091382e-01
5.660000e+00 9.705054e-02 2.093432e-01
5.670000e+00 9.632742e-02 2.095824e-01
5.680000e+00 9.559947e-02 2.098562e-01
5.690000e+00 9.486807e-02 2.101647e-01
5.700000e+00 9.413462e-02 2.105082e-01
5.710000e+00 9.340051e-02 2.108866e-01
5.720000e+00 9.266714e-02 2.113001e-01
5.730000e+00 9.193592e-02 2.117487e-01
5.740000e+00 9.120826e-02 2.122322e-01
5.750000e+00 9.048555e-02 2.127506e-01
5.760000e+00 8.976919e-02 2.133037e-01
5.770000e+00 8.906058e-02 2.138911e-01
5.780000e+00 8.836109e-02 2.145127e-01
5.790000e+00 8.767210e-02 2.151681e-01
5.800000e+00 8.699496e-02 2.158568e-01
5.810000e+00 8.633102e-02 2.165784e-01
5.820000e+00 8.568159e-02 2.173324e-01
5.830000e+00 8.504797e-02 2.181181e-01
5.840000e+00 8.443145e-02 2.189351e-01
5.850000e+00 8.383327e-02 2.197825e-01
5.860000e+00 8.325467e-02 2.206596e-01
5.870000e+00 8.269684e-02 2.215658e-01
5.880000e+00 8.216094e-02 2.225001e-01
5.890000e+00 8.164810e-02 2.234616e-01
5.900000e+00 8.115943e-02 2.244495e-01
5.910000e+00 8.069599e-02 2.254627e-01
5.920000e+00 8.025878e-02 2.265003e-01
5.930000e+00 7.984880e-02 2.275612e-01
5.940000e+00 7.946697e-02 2.286443e-01
5.950000e+00 7.911419e-02 2.297485e-01
5.960000e+00 7.879131e-02 2.308725e-01
5.970000e+00 7.849913e-02 2.320152e-01
5.980000e+00 7.823839e-02 2.331754e-01
5.990000e+00 7.800979e-02 2.343518e-01
6.000000e+00 7.781399e-02 2.355430e-01
6.010000e+00 7.765157e-02 2.367478e-01
6.020000e+00 7.752309e-02 2.379647e-01
6.030000e+00 7.742902e-02 2.391925e-01
6.040000e+00 7.736980e-02 2.404297e-01
6.050000e+00 7.734580e-02 2.416749e-01
6.060000e+00 7.735735e-02 2.429267e-01
6.070000e+00 7.740468e-02 2.441837e-01
6.080000e+00 7.748802e-02 2.454443e-01
6.090000e+00 7.760749e-02 2.467071e-01
6.100000e+00 7.776318e-02 2.479707e-01
6.110000e+00 7.795510e-02 2.492336e-01
6.120000e+00 7.818323e-02 2.504943e-01
6.130000e+00 7.844746e-02 2.517514e-01
6.140000e+00 7.874763e-02 2.530033e-01
6.150000e+00 7.908353e-02 2.542486e-01
6.160000e+00 7.945486e-02 2.554858e-01
6.170000e+00 7.986130e-02 2.567135e-01
6.180000e+00 8.030245e-02 2.579303e-01
6.190000e+00 8.077784e-02 2.591348e-01
6.200000e+00 8.128697e-02 2.603255e-01
6.210000e+00 8.182927e-02 2.615011e-01
6.220000e+00 8.240410e-02 2.626602e-01
6.230000e+00 8.301078e-02 2.638015e-01
6.240000e+00 8.364857e-02 2.649237e-01
6.250000e+00 8.431668e-02 2.660254e-01
6.260000e+00 8.501427e-02 2.671056e-01
6.270000e+00 8.574043e-02 2.681629e-01
6.280000e+00 8.649423e-02 2.691962e-01
6.290000e+00 8.727467e-02 2.702043e-01
6.300000e+00 8.808071e-02 2.711862e-01
6.310000e+00 8.891127e-02 2.721408e-01
6.320000e+00 8.976520e-02 2.730671e-01
6.330000e+00 9.064135e-02 2.739641e-01
6.340000e+00 9.153850e-02 2.748310e-01
6.350000e+00 9.245541e-02 2.756668e-01
6.360000e+00 9.339077e-02 2.764707e-01
6.370000e+00 9.434329e-02 2.772419e-01
6.380000e+00 9.531160e-02 2.779798e-01
6.390000e+00 9.629432e-02 2.786838e-01
6.400000e+00 9.729005e-02 2.793531e-01
6.410000e+00 9.829735e-02 2.799872e-01
6.420000e+00 9.931476e-02 2.805857e-01
6.430000e+00 1.003408e-01 2.811481e-01
6.440000e+00 1.013740e-01 2.816741e-01
6.450000e+00 1.024128e-01 2.821634e-01
6.460000e+00 1.034557e-01 2.826156e-01
6.470000e+00 1.045012e-01 2.830307e-01
6.480000e+00 1.055476e-01 2.834085e-01
6.490000e+00 1.065936e-01 2.837489e-01
6.500000e+00 1.076374e-01 2.840520e-01
6.510000e+00 1.086776e-01 2.843178e-01
6.520000e+00 1.097126e-01 2.845465e-01
6.530000e+00 1.107409e-01 2.847382e-01
6.540000e+00 1.117608e-01 2.848932e-01
6.550000e+00 1.127709e-01 2.850118e-01
6.560000e+00 1.137697e-01 2.850944e-01
6.570000e+00 1.147556e-01 2.851415e-01
6.580000e+00 1.157272e-01 2.851536e-01
6.590000e+00 1.166829e-01 2.851311e-01
6.600000e+00 1.176213e-01 2.850748e-01
6.610000e+00 1.185411e-01 2.849854e-01
6.620000e+00 1.194408e-01 2.848635e-01
6.630000e+00 1.203190e-01 2.847100e-01
6.640000e+00 1.211744e-01 2.845257e-01
6.650000e+00 1.220057e-01 2.843116e-01
6.660000e+00 1.228116e-01 2.840687e-01
6.670000e+00 1.235909e-01 2.837978e-01
6.680000e+00 1.243424e-01 2.835002e-01
6.690000e+00 1.250650e-01 2.831769e-01
6.700000e+00 1.257575e-01 2.828291e-01
6.710000e+00 1.264189e-01 2.824580e-01
6.720000e+00 1.270483e-01 2.820649e-01
6.730000e+00 1.276445e-01 2.816510e-01
6.740000e+00 1.282068e-01 2.812177e-01
6.750000e+00 1.287342e-01 2.807664e-01
6.760000e+00 1.292261e-01 2.802985e-01
6.770000e+00 1.296815e-01 2.798153e-01
6.780000e+00 1.300999e-01 2.793185e-01
6.790000e+00 1.304806e-01 2.788095e-01
6.800000e+00 1.308231e-01 2.782897e-01
6.810000e+00 1.311268e-01 2.777609e-01
6.820000e+00 1.313913e-01 2.772245e-01
6.830000e+00 1.316163e-01 2.766821e-01
6.840000e+00 1.318013e-01 2.761354e-01
6.850000e+00 1.319462e-01 2.755859e-01
6.860000e+00 1.320508e-01 2.750354e-01
6.870000e+00 1.321149e-01 2.744854e-01
6.880000e+00 1.321386e-01 2.739377e-01
6.890000e+00 1.321217e-01 2.733937e-01
6.900000e+00 1.320644e-01 2.728553e-01
6.910000e+00 1.319669e-01 2.723241e-01
6.920000e+00 1.318293e-01 2.718016e-01
6.930000e+00 1.316519e-01 2.712896e-01
6.940000e+00 1.314350e-01 2.707897e-01
6.950000e+00 1.311791e-01 2.703035e-01
6.960000e+00 1.308847e-01 2.698326e-01
6.970000e+00 1.305523e-01 2.693785e-01
6.980000e+00 1.301824e-01 2.689430e-01
6.990000e+00 1.297758e-01 2.685274e-01
7.000000e+00 1.293331e-01 2.681332e-01
7.010000e+00 1.288552e-01 2.677621e-01
7.020000e+00 1.283429e-01 2.674155e-01
7.030000e+00 1.277972e-01 2.670947e-01
7.040000e+00 1.272189e-01 2.668011e-01
7.050000e+00 1.266091e-01 2.665362e-01
7.060000e+00 1.259689e-01 2.663012e-01
7.070000e+00 1.252994e-01 2.660974e-01
7.080000e+00 1.246018e-01 2.659259e-01
7.090000e+00 1.238772e-01 2.657881e-01
7.100000e+00 1.231271e-01 2.656850e-01
7.110000e+00 1.223527e-01 2.656177e-01
7.120000e+00 1.215553e-01 2.655872e-01
7.130000e+00 1.207365e-01 2.655945e-01
7.140000e+00 1.198975e-01 2.656405e-01
7.150000e+00 1.190400e-01 2.657261e-01
7.160000e+00 1.181654e-01 2.658521e-01
7.170000e+00 1.172753e-01 2.660192e-01
7.180000e+00 1.163712e-01 2.662281e-01
7.190000e+00 1.154549e-01 2.664794e-01
7.200000e+00 1.145278e-01 2.667736e-01
7.210000e+00 1.135917e-01 2.671113e-01
7.220000e+00 1.126482e-01 2.674929e-01
7.230000e+00 1.116991e-01 2.679188e-01
7.240000e+00 1.107460e-01 2.683891e-01
7.250000e+00 1.097907e-01 2.689042e-01
7.260000e+00 1.088349e-01 2.694642e-01
7.270000e+00 1.078803e-01 2.700692e-01
7.280000e+00 1.069287e-01 2.707192e-01
7.290000e+00 1.059818e-01 2.714141e-01
7.300000e+00 1.050414e-01 2.721539e-01
7.310000e+00 1.041092e-01 2.729383e-01
7.320000e+00 1.031869e-01 2.737670e-01
7.330000e+00 1.022762e-01 2.746398e-01
7.340000e+00 1.013789e-01 2.755562e-01
7.350000e+00 1.004967e-01 2.765158e-01
7.360000e+00 9.963113e-02 2.775180e-01
7.370000e+00 9.878395e-02 2.785623e-01
7.380000e+00 9.795675e-02 2.796480e-01
7.390000e+00 9.715115e-02 2.807743e-01
7.400000e+00 9.636871e-02 2.819404e-01
7.410000e+00 9.561098e-02 2.831456e-01
7.420000e+00 9.487947e-02 2.843888e-01
7.430000e+00 9.417563e-02 2.856691e-01
7.440000e+00 9.350092e-02 2.869855e-01
7.450000e+00 9.285671e-02 2.883369e-01
7.460000e+00 9.224436e-02 2.897221e-01
7.470000e+00 9.166516e-02 2.911400e-01
7.480000e+00 9.112038e-02 2.925892e-01
7.490000e+00 9.061121e-02 2.940685e-01
7.500000e+00 9.013882e-02 2.955765e-01
7.510000e+00 8.970429e-02 2.971119e-01
7.520000e+00 8.930867e-02 2.986731e-01
7.530000e+00 8.895295e-02 3.002588e-01
7.540000e+00 8.863806e-02 3.018674e-01
7.550000e+00 8.836486e-02 3.034973e-01
7.560000e+00 8.813416e-02 3.051469e-01
7.570000e+00 8.794670e-02 3.068148e-01
7.580000e+00 8.780316e-02 3.084991e-01
7.590000e+00 8.770415e-02 3.101982e-01
7.600000e+00 8.765022e-02 3.119104e-01
7.610000e+00 8.764184e-02 3.136340e-01
7.620000e+00 8.767942e-02 3.153673e-01
7.630000e+00 8.776330e-02 3.171085e-01
7.640000e+00 8.789376e-02 3.188558e-01
7.650000e+00 8.807099e-02 3.206075e-01
7.660000e+00 8.829512e-02 3.223618e-01
7.670000e+00 8.856622e-02 3.241169e-01
7.680000e+00 8.888426e-02 3.258709e-01
7.690000e+00 8.924917e-02 3.276222e-01
7.700000e+00 8.966079e-02 3.293689e-01
7.710000e+00 9.011889e-02 3.311092e-01
7.720000e+00 9.062319e-02 3.328415e-01
7.730000e+00 9.117330e-02 3.345638e-01
7.740000e+00 9.176881e-02 3.362746e-01
7.750000e+00 9.240920e-02 3.379720e-01
7.760000e+00 9.309390e-02 3.396544e-01
7.770000e+00 9.382226e-02 3.413201e-01
7.780000e+00 9.459360e-02 3.429675e-01
7.790000e+00 9.540713e-02 3.445949e-01
7.800000e+00 9.626201e-02 3.462007e-01
7.810000e+00 9.715736e-02 3.477835e-01
7.820000e+00 9.809221e-02 3.493416e-01
7.830000e+00 9.906554e-02 3.508736e-01
7.840000e+00 1.000763e-01 3.523781e-01
7.850000e+00 1.011233e-01 3.538537e-01
7.860000e+00 1.022054e-01 3.552990e-01
7.870000e+00 1.033213e-01 3.567127e-01
7.880000e+00 1.044698e-01 3.580936e-01
7.890000e+00 1.056495e-01 3.594406e-01
7.900000e+00 1.068591e-01 3.607524e-01
7.910000e+00 1.080970e-01 3.620280e-01
7.920000e+00 1.093619e-01 3.632663e-01
7.930000e+00 1.106522e-01 3.644665e-01
7.940000e+00 1.119663e-01 3.656275e-01
7.950000e+00 1.133027e-01 3.667486e-01
7.960000e+00 1.146598e-01 3.678290e-01
7.970000e+00 1.160360e-01 3.688680e-01
7.980000e+00 1.174294e-01 3.698649e-01
7.990000e+00 1.188386e-01 3.708192e-01
8.000000e+00 1.202617e-01 3.717303e-01
8.010000e+00 1.216969e-01 3.725978e-01
8.020000e+00 1.231427e-01 3.734215e-01
8.030000e+00 1.245971e-01 3.742008e-01
8.040000e+00 1.260585e-01 3.749357e-01
8.050000e+00 1.275250e-01 3.756260e-01
8.060000e+00 1.289948e-01 3.762716e-01
8.070000e+00 1.304663e-01 3.768725e-01
8.080000e+00 1.319375e-01 3.774287e-01
8.090000e+00 1.334067e-01 3.779404e-01
8.100000e+00 1.348722e-01 3.784079e-01
8.110000e+00 1.363321e-01 3.788313e-01
8.120000e+00 1.377848e-01 3.792110e-01
8.130000e+00 1.392285e-01 3.795475e-01
8.140000e+00 1.406614e-01 3.798412e-01
8.150000e+00 1.420820e-01 3.800928e-01
8.160000e+00 1.434885e-01 3.803027e-01
8.170000e+00 1.448793e-01 3.804717e-01
8.180000e+00 1.462529e-01 3.806006e-01
8.190000e+00 1.476075e-01 3.806902e-01
8.200000e+00 1.489417e-01 3.807414e-01
8.210000e+00 1.502540e-01 3.807550e-01
8.220000e+00 1.515429e-01 3.807322e-01
8.230000e+00 1.528070e-01 3.806739e-01
8.240000e+00 1.540450e-01 3.805814e-01
8.250000e+00 1.552554e-01 3.804557e-01
8.260000e+00 1.564371e-01 3.802981e-01
8.270000e+00 1.575888e-01 3.801099e-01
8.280000e+00 1.587094e-01 3.798924e-01
8.290000e+00 1.597977e-01 3.796469e-01
8.300000e+00 1.608527e-01 3.793749e-01
8.310000e+00 1.618733e-01 3.790778e-01
8.320000e+00 1.628587e-01 3.787572e-01
8.330000e+00 1.638079e-01 3.784144e-01
8.340000e+00 1.647203e-01 3.780512e-01
8.350000e+00 1.655949e-01 3.776691e-01
8.360000e+00 1.664312e-01 3.772697e-01
8.370000e+00 1.672285e-01 3.768546e-01
8.380000e+00 1.679863e-01 3.764256e-01
8.390000e+00 1.687042e-01 3.759843e-01
8.400000e+00 1.693816e-01 3.755324e-01
8.410000e+00 1.700184e-01 3.750716e-01
8.420000e+00 1.706142e-01 3.746037e-01
8.430000e+00 1.711688e-01 3.741304e-01
8.440000e+00 1.716822e-01 3.736535e-01
8.450000e+00 1.721542e-01 3.731746e-01
8.460000e+00 1.725850e-01 3.726955e-01
8.470000e+00 1.729746e-01 3.722181e-01
8.480000e+00 1.733232e-01 3.717439e-01
8.490000e+00 1.736311e-01 3.712747e-01
8.500000e+00 1.738985e-01 3.708122e-01
8.510000e+00 1.741258e-01 3.703581e-01
8.520000e+00 1.743136e-01 3.699142e-01
8.530000e+00 1.744622e-01 3.694819e-01
8.540000e+00 1.745724e-01 3.690631e-01
8.550000e+00 1.746448e-01 3.686591e-01
8.560000e+00 1.746801e-01 3.682717e-01
8.570000e+00 1.746792e-01 3.679024e-01
8.580000e+00 1.746427e-01 3.675526e-01
8.590000e+00 1.745718e-01 3.672239e-01
8.600000e+00 1.744673e-01 3.669176e-01
8.610000e+00 1.743303e-01 3.666351e-01
8.620000e+00 1.741619e-01 3.663778e-01
8.630000e+00 1.739632e-01 3.661469e-01
8.640000e+00 1.737354e-01 3.659437e-01
8.650000e+00 1.734798e-01 3.657693e-01
8.660000e+00 1.731977e-01 3.656248e-01
8.670000e+00 1.728904e-01 3.655115e-01
8.680000e+00 1.725593e-01 3.654301e-01
8.690000e+00 1.722058e-01 3.653818e-01
8.700000e+00 1.718314e-01 3.653673e-01
8.710000e+00 1.714376e-01 3.653876e-01
8.720000e+00 1.710259e-01 3.654433e-01
8.730000e+00 1.705978e-01 3.655352e-01
8.740000e+00 1.701551e-01 3.656638e-01
8.750000e+00 1.696993e-01 3.658298e-01
8.760000e+00 1.692319e-01 3.660336e-01
8.770000e+00 1.687548e-01 3.662757e-01
8.780000e+00 1.682695e-01 3.665563e-01
8.790000e+00 1.677778e-01 3.668758e-01
8.800000e+00 1.672813e-01 3.672343e-01
8.810000e+00 1.667817e-01 3.676320e-01
8.820000e+00 1.662808e-01 3.680689e-01
8.830000e+00 1.657802e-01 3.685449e-01
8.840000e+00 1.652816e-01 3.690601e-01
8.850000e+00 1.647868e-01 3.696142e-01
8.860000e+00 1.642974e-01 3.702070e-01
8.870000e+00 1.638151e-01 3.708381e-01
8.880000e+00 1.633416e-01 3.715072e-01
8.890000e+00 1.628784e-01 3.722138e-01
8.900000e+00 1.624273e-01 3.729574e-01
8.910000e+00 1.619898e-01 3.737373e-01
8.920000e+00 1.615674e-01 3.745529e-01
8.930000e+00 1.611618e-01 3.754035e-01
8.940000e+00 1.607744e-01 3.762882e-01
8.950000e+00 1.604066e-01 3.772062e-01
8.960000e+00 1.600600e-01 3.781565e-01
8.970000e+00 1.597359e-01 3.791382e-01
8.980000e+00 1.594356e-01 3.801501e-01
8.990000e+00 1.591604e-01 3.811911e-01
9.000000e+00 1.589116e-01 3.822601e-01
9.010000e+00 1.586904e-01 3.833559e-01
9.020000e+00 1.584978e-01 3.844771e-01
9.030000e+00 1.583351e-01 3.856224e-01
9.040000e+00 1.582032e-01 3.867904e-01
9.050000e+00 1.581030e-01 3.879797e-01
9.060000e+00 1.580355e-01 3.891889e-01
9.070000e+00 1.580015e-01 3.904163e-01
9.080000e+00 1.580018e-01 3.916606e-01
9.090000e+00 1.580371e-01 3.929200e-01
9.100000e+00 1.581079e-01 3.941929e-01
9.110000e+00 1.582149e-01 3.954778e-01
9.120000e+00 1.583586e-01 3.967728e-01
9.130000e+00 1.585392e-01 3.980764e-01
9.140000e+00 1.587573e-01 3.993869e-01
9.150000e+00 1.590130e-01 4.007024e-01
9.160000e+00 1.593066e-01 4.020212e-01
9.170000e+00 1.596380e-01 4.033417e-01
9.180000e+00 1.600074e-01 4.046619e-01
9.190000e+00 1.604147e-01 4.059802e-01
9.200000e+00 1.608598e-01 4.072947e-01
9.210000e+00 1.613425e-01 4.086038e-01
9.220000e+00 1.618624e-01 4.099056e-01
9.230000e+00 1.624192e-01 4.111984e-01
9.240000e+00 1.630125e-01 4.124804e-01
9.250000e+00 1.636417e-01 4.137499e-01
9.260000e+00 1.643062e-01 4.150053e-01
9.270000e+00 1.650053e-01 4.162448e-01
9.280000e+00 1.657384e-01 4.174668e-01
9.290000e+00 1.665045e-01 4.186697e-01
9.300000e+00 1.673028e-01 4.198518e-01
9.310000e+00 1.681322e-01 4.210117e-01
9.320000e+00 1.689917e-01 4.221477e-01
9.330000e+00 1.698803e-01 4.232584e-01
9.340000e+00 1.707966e-01 4.243424e-01
9.350000e+00 1.717395e-01 4.253983e-01
9.360000e+00 1.727076e-01 4.264248e-01
9.370000e+00 1.736995e-01 4.274206e-01
9.380000e+00 1.747139e-01 4.283844e-01
9.390000e+00 1.757491e-01 4.293151e-01
9.400000e+00 1.768037e-01 4.302116e-01
9.410000e+00 1.778759e-01 4.310728e-01
9.420000e+00 1.789642e-01 4.318978e-01
9.430000e+00 1.800668e-01 4.326857e-01
9.440000e+00 1.811820e-01 4.334357e-01
9.450000e+00 1.823079e-01 4.341469e-01
9.460000e+00 1.834427e-01 4.348188e-01
9.470000e+00 1.845846e-01 4.354506e-01
9.480000e+00 1.857315e-01 4.360420e-01
9.490000e+00 1.868816e-01 4.365923e-01
9.500000e+00 1.880328e-01 4.371013e-01
9.510000e+00 1.891833e-01 4.375687e-01
9.520000e+00 1.903308e-01 4.379943e-01
9.530000e+00 1.914735e-01 4.383780e-01
9.540000e+00 1.926092e-01 4.387197e-01
9.550000e+00 1.937358e-01 4.390195e-01
9.560000e+00 1.948514e-01 4.392776e-01
9.570000e+00 1.959538e-01 4.394942e-01
9.580000e+00 1.970409e-01 4.396696e-01
9.590000e+00 1.981107e-01 4.398042e-01
9.600000e+00 1.991611e-01 4.398987e-01
9.610000e+00 2.001900e-01 4.399535e-01
9.620000e+00 2.011955e-01 4.399693e-01
9.630000e+00 2.021753e-01 4.399470e-01
9.640000e+00 2.031277e-01 4.398873e-01
9.650000e+00 2.040505e-01 4.397913e-01
9.660000e+00 2.049419e-01 4.396599e-01
9.670000e+00 2.057999e-01 4.394944e-01
9.680000e+00 2.066226e-01 4.392959e-01
9.690000e+00 2.074082e-01 4.390656e-01
9.700000e+00 2.081549e-01 4.388051e-01
9.710000e+00 2.088610e-01 4.385157e-01
9.720000e+00 2.095247e-01 4.381990e-01
9.730000e+00 2.101444e-01 4.378566e-01
9.740000e+00 2.107185e-01 4.374901e-01
9.750000e+00 2.112454e-01 4.371015e-01
9.760000e+00 2.117238e-01 4.366923e-01
9.770000e+00 2.121522e-01 4.362647e-01
9.780000e+00 2.125292e-01 4.358206e-01
9.790000e+00 2.128536e-01 4.353619e-01
9.800000e+00 2.131243e-01 4.348909e-01
9.810000e+00 2.133400e-01 4.344095e-01
9.820000e+00 2.134998e-01 4.339202e-01
9.830000e+00 2.136028e-01 4.334251e-01
9.840000e+00 2.136479e-01 4.329265e-01
9.850000e+00 2.136346e-01 4.324268e-01
9.860000e+00 2.135620e-01 4.319284e-01
9.870000e+00 2.134296e-01 4.314338e-01
9.880000e+00 2.132369e-01 4.309453e-01
9.890000e+00 2.129834e-01 4.304657e-01
9.900000e+00 2.126688e-01 4.299973e-01
9.910000e+00 2.122930e-01 4.295428e-01
9.920000e+00 2.118558e-01 4.291047e-01
9.930000e+00 2.113571e-01 4.286857e-01
9.940000e+00 2.107971e-01 4.282883e-01
9.950000e+00 2.101758e-01 4.279153e-01
9.960000e+00 2.094937e-01 4.275692e-01
9.970000e+00 2.087511e-01 4.272527e-01
9.980000e+00 2.079483e-01 4.269684e-01
9.990000e+00 2.070862e-01 4.267190e-01
1.000000e+01 2.061652e-01 4.265071e-01
1.001000e+01 2.051863e-01 4.263353e-01
1.002000e+01 2.041503e-01 4.262062e-01
1.003000e+01 2.030581e-01 4.261223e-01
1.004000e+01 2.019110e-01 4.260863e-01
1.005000e+01 2.007100e-01 4.261007e-01
1.006000e+01 1.994566e-01 4.261679e-01
1.007000e+01 1.981520e-01 4.262903e-01
1.008000e+01 1.967977e-01 4.264705e-01
1.009000e+01 1.953955e-01 4.267107e-01
1.010000e+01 1.939468e-01 4.270133e-01
1.011000e+01 1.924535e-01 4.273805e-01
1.012000e+01 1.909175e-01 4.278145e-01
1.013000e+01 1.893408e-01 4.283176e-01
1.014000e+01 1.877252e-01 4.288917e-01
1.015000e+01 1.860731e-01 4.295389e-01
1.016000e+01 1.843865e-01 4.302611e-01
1.017000e+01 1.826678e-01 4.310603e-01
1.018000e+01 1.809193e-01 4.319382e-01
1.019000e+01 1.791435e-01 4.328966e-01
1.020000e+01 1.773428e-01 4.339370e-01
1.021000e+01 1.755198e-01 4.350610e-01
1.022000e+01 1.736772e-01 4.362702e-01
1.023000e+01 1.718177e-01 4.375658e-01
1.024000e+01 1.699440e-01 4.389492e-01
1.025000e+01 1.680590e-01 4.404216e-01
1.026000e+01 1.661654e-01 4.419840e-01
1.027000e+01 1.642663e-01 4.436374e-01
1.028000e+01 1.623645e-01 4.453828e-01
1.029000e+01 1.604631e-01 4.472209e-01
1.030000e+01 1.585651e-01 4.491524e-01
1.031000e+01 1.566735e-01 4.511779e-01
1.032000e+01 1.547915e-01 4.532979e-01
1.033000e+01 1.529221e-01 4.555126e-01
1.034000e+01 1.510685e-01 4.578225e-01
1.035000e+01 1.492339e-01 4.602276e-01
1.036000e+01 1.474214e-01 4.627279e-01
1.037000e+01 1.456341e-01 4.653234e-01
1.038000e+01 1.438753e-01 4.680140e-01
1.039000e+01 1.421482e-01 4.707992e-01
1.040000e+01 1.404558e-01 4.736787e-01
1.041000e+01 1.388014e-01 4.766519e-01
1.042000e+01 1.371881e-01 4.797183e-01
1.043000e+01 1.356190e-01 4.828770e-01
1.044000e+01 1.340973e-01 4.861273e-01
1.045000e+01 1.326260e-01 4.894681e-01
1.046000e+01 1.312081e-01 4.928985e-01
1.047000e+01 1.298468e-01 4.964171e-01
1.048000e+01 1.285449e-01 5.000227e-01
1.049000e+01 1.273054e-01 5.037140e-01
1.050000e+01 1.261311e-01 5.074894e-01
1.051000e+01 1.250250e-01 5.113473e-01
1.052000e+01 1.239898e-01 5.152861e-01
1.053000e+01 1.230283e-01 5.193039e-01
1.054000e+01 1.221430e-01 5.233989e-01
1.055000e+01 1.213366e-01 5.275692e-01
1.056000e+01 1.206117e-01 5.318125e-01
1.057000e+01 1.199707e-01 5.361268e-01
1.058000e+01 1.194159e-01 5.405099e-01
1.059000e+01 1.189498e-01 5.449594e-01
1.060000e+01 1.185744e-01 5.494729e-01
1.061000e+01 1.182920e-01 5.540480e-01
1.062000e+01 1.181047e-01 5.586820e-01
1.063000e+01 1.180143e-01 5.633725e-01
1.064000e+01 1.180227e-01 5.681167e-01
1.065000e+01 1.181318e-01 5.729119e-01
1.066000e+01 1.183432e-01 5.777553e-01
1.067000e+01 1.186586e-01 5.826440e-01
1.068000e+01 1.190793e-01 5.875751e-01
1.069000e+01 1.196068e-01 5.925458e-01
1.070000e+01 1.202423e-01 5.975529e-01
1.071000e+01 1.209871e-01 6.025936e-01
1.072000e+01 1.218422e-01 6.076647e-01
1.073000e+01 1.228085e-01 6.127631e-01
1.074000e+01 1.238869e-01 6.178857e-01
1.075000e+01 1.250782e-01 6.230294e-01
1.076000e+01 1.263829e-01 6.281910e-01
1.077000e+01 1.278017e-01 6.333674e-01
1.078000e+01 1.293348e-01 6.385555e-01
1.079000e+01 1.309827e-01 6.437519e-01
1.080000e+01 1.327455e-01 6.489536e-01
1.081000e+01 1.346232e-01 6.541573e-01
1.082000e+01 1.366160e-01 6.593599e-01
1.083000e+01 1.387235e-01 6.645584e-01
1.084000e+01 1.409456e-01 6.697494e-01
1.085000e+01 1.432818e-01 6.749299e-01
1.086000e+01 1.457319e-01 6.800969e-01
1.087000e+01 1.482951e-01 6.852473e-01
1.088000e+01 1.509708e-01 6.903780e-01
1.089000e+01 1.537582e-01 6.954860e-01
1.090000e+01 1.566566e-01 7.005685e-01
1.091000e+01 1.596648e-01 7.056226e-01
1.092000e+01 1.627818e-01 7.106453e-01
1.093000e+01 1.660064e-01 7.156339e-01
1.094000e+01 1.693375e-01 7.205857e-01
1.095000e+01 1.727737e-01 7.254980e-01
1.096000e+01 1.763135e-01 7.303681e-01
1.097000e+01 1.799554e-01 7.351936e-01
1.098000e+01 1.836978e-01 7.399719e-01
1.099000e+01 1.875392e-01 7.447007e-01
1.100000e+01 1.914776e-01 7.493776e-01
1.101000e+01 1.955114e-01 7.540005e-01
1.102000e+01 1.996385e-01 7.585670e-01
1.103000e+01 2.038572e-01 7.630752e-01
1.104000e+01 2.081654e-01 7.675230e-01
1.105000e+01 2.125610e-01 7.719086e-01
1.106000e+01 2.170418e-01 7.762301e-01
1.107000e+01 2.216059e-01 7.804859e-01
1.108000e+01 2.262508e-01 7.846742e-01
1.109000e+01 2.309745e-01 7.887935e-01
1.110000e+01 2.357746e-01 7.928425e-01
1.111000e+01 2.406488e-01 7.968198e-01
1.112000e+01 2.455947e-01 8.007241e-01
1.113000e+01 2.506101e-01 8.045543e-01
1.114000e+01 2.556924e-01 8.083094e-01
1.115000e+01 2.608394e-01 8.119884e-01
1.116000e+01 2.660485e-01 8.155905e-01
1.117000e+01 2.713175e-01 8.191150e-01
1.118000e+01 2.766438e-01 8.225612e-01
1.119000e+01 2.820250e-01 8.259286e-01
1.120000e+01 2.874588e-01 8.292167e-01
1.121000e+01 2.929428e-01 8.324254e-01
1.122000e+01 2.984744e-01 8.355542e-01
1.123000e+01 3.040515e-01 8.386031e-01
1.124000e+01 3.096717e-01 8.415721e-01
1.125000e+01 3.153326e-01 8.444612e-01
1.126000e+01 3.210320e-01 8.472705e-01
1.127000e+01 3.267677e-01 8.500004e-01
1.128000e+01 3.325373e-01 8.526511e-01
1.129000e+01 3.383389e-01 8.552231e-01
1.130000e+01 3.441703e-01 8.577169e-01
1.131000e+01 3.500293e-01 8.601331e-01
1.132000e+01 3.559141e-01 8.624724e-01
1.133000e+01 3.618227e-01 8.647354e-01
1.134000e+01 3.677532e-01 8.669232e-01
1.135000e+01 3.737038e-01 8.690365e-01
1.136000e+01 3.796728e-01 8.710764e-01
1.137000e+01 3.856585e-01 8.730439e-01
1.138000e+01 3.916592e-01 8.749400e-01
1.139000e+01 3.976736e-01 8.767661e-01
1.140000e+01 4.037001e-01 8.785232e-01
1.141000e+01 4.097374e-01 8.802127e-01
1.142000e+01 4.157842e-01 8.818358e-01
1.143000e+01 4.218394e-01 8.833940e-01
1.144000e+01 4.279018e-01 8.848887e-01
1.145000e+01 4.339706e-01 8.863212e-01
1.146000e+01 4.400446e-01 8.876931e-01
1.147000e+01 4.461232e-01 8.890059e-01
1.148000e+01 4.522057e-01 8.902610e-01
1.149000e+01 4.582913e-01 8.914601e-01
1.150000e+01 4.643797e-01 8.926047e-01
1.151000e+01 4.704703e-01 8.936963e-01
1.152000e+01 4.765629e-01 8.947366e-01
1.153000e+01 4.826572e-01 8.957270e-01
1.154000e+01 4.887531e-01 8.966692e-01
1.155000e+01 4.948506e-01 8.975647e-01
1.156000e+01 5.009497e-01 8.984151e-01
1.157000e+01 5.070506e-01 8.992218e-01
1.158000e+01 5.131536e-01 8.999864e-01
1.159000e+01 5.192591e-01 9.007103e-01
1.160000e+01 5.253674e-01 9.013951e-01
1.161000e+01 5.314793e-01 9.020419e-01
1.162000e+01 5.375952e-01 9.026524e-01
1.163000e+01 5.437160e-01 9.032277e-01
1.164000e+01 5.498425e-01 9.037690e-01
1.165000e+01 5.559755e-01 9.042778e-01
1.166000e+01 5.621162e-01 9.047549e-01
1.167000e+01 5.682656e-01 9.052016e-01
1.168000e+01 5.744248e-01 9.056189e-01
1.169000e+01 5.805951e-01 9.060077e-01
1.170000e+01 5.867778e-01 9.063689e-01
1.171000e+01 5.929743e-01 9.067032e-01
1.172000e+01 5.991860e-01 9.070113e-01
1.173000e+01 6.054145e-01 9.072940e-01
1.174000e+01 6.116613e-01 9.075516e-01
1.175000e+01 6.179281e-01 9.077847e-01
1.176000e+01 6.242165e-01 9.079936e-01
1.177000e+01 6.305283e-01 9.081785e-01
1.178000e+01 6.368653e-01 9.083395e-01
1.179000e+01 6.432293e-01 9.084767e-01
1.180000e+01 6.496221e-01 9.085900e-01
1.181000e+01 6.560456e-01 9.086792e-01
1.182000e+01 6.625018e-01 9.087440e-01
1.183000e+01 6.689925e-01 9.087841e-01
1.184000e+01 6.755198e-01 9.087987e-01
1.185000e+01 6.820855e-01 9.087874e-01
1.186000e+01 6.886916e-01 9.087494e-01
1.187000e+01 6.953401e-01 9.086837e-01
1.188000e+01 7.020329e-01 9.085894e-01
1.189000e+01 7.087721e-01 9.084654e-01
1.190000e+01 7.155594e-01 9.083103e-01
1.191000e+01 7.223969e-01 9.081228e-01
1.192000e+01 7.292864e-01 9.079015e-01
1.193000e+01 7.362298e-01 9.076447e-01
1.194000e+01 7.432289e-01 9.073507e-01
1.195000e+01 7.502854e-01 9.070176e-01
1.196000e+01 7.574010e-01 9.066435e-01
1.197000e+01 7.645776e-01 9.062262e-01
1.198000e+01 7.718165e-01 9.057636e-01
1.199000e+01 7.791195e-01 9.052534e-01
1.200000e+01 7.864879e-01 9.046930e-01
1.201000e+01 7.939232e-01 9.040800e-01
1.202000e+01 8.014267e-01 9.034117e-01
1.203000e+01 8.089996e-01 9.026853e-01
1.204000e+01 8.166430e-01 9.018980e-01
1.205000e+01 8.243580e-01 9.010468e-01
1.206000e+01 8.321456e-01 9.001285e-01
1.207000e+01 8.400065e-01 8.991402e-01
1.208000e+01 8.479415e-01 8.980784e-01
1.209000e+01 8.559512e-01 8.969399e-01
1.210000e+01 8.640360e-01 8.957213e-01
1.211000e+01 8.721964e-01 8.944189e-01
1.212000e+01 8.804326e-01 8.930294e-01
1.213000e+01 8.887446e-01 8.915489e-01
1.214000e+01 8.971324e-01 8.899738e-01
1.215000e+01 9.055960e-01 8.883004e-01
1.216000e+01 9.141348e-01 8.865247e-01
1.217000e+01 9.227485e-01 8.846430e-01
1.218000e+01 9.314364e-01 8.826512e-01
1.219000e+01 9.401978e-01 8.805454e-01
1.220000e+01 9.490317e-01 8.783217e-01
1.221000e+01 9.579371e-01 8.759760e-01
1.222000e+01 9.669126e-01 8.735042e-01
1.223000e+01 9.759570e-01 8.709023e-01
1.224000e+01 9.850685e-01 8.681663e-01
1.225000e+01 9.942454e-01 8.652920e-01
1.226000e+01 1.003486e+00 8.622753e-01
1.227000e+01 1.012788e+00 8.591123e-01
1.228000e+01 1.022149e+00 8.557989e-01
1.229000e+01 1.031567e+00 8.523310e-01
1.230000e+01 1.041039e+00 8.487047e-01
1.231000e+01 1.050562e+00 8.449160e-01
1.232000e+01 1.060134e+00 8.409609e-01
1.233000e+01 1.069751e+00 8.368358e-01
1.234000e+01 1.079410e+00 8.325366e-01
1.235000e+01 1.089108e+00 8.280598e-01
1.236000e+01 1.098840e+00 8.234015e-01
1.237000e+01 1.108604e+00 8.185583e-01
1.238000e+01 1.118395e+00 8.135267e-01
1.239000e+01 1.128209e+00 8.083031e-01
1.240000e+01 1.138041e+00 8.028843e-01
1.241000e+01 1.147888e+00 7.972671e-01
1.242000e+01 1.157745e+00 7.914484e-01
1.243000e+01 1.167607e+00 7.854251e-01
1.244000e+01 1.177468e+00 7.791945e-01
1.245000e+01 1.187325e+00 7.727538e-01
1.246000e+01 1.197172e+00 7.661004e-01
1.247000e+01 1.207002e+00 7.592318e-01
1.248000e+01 1.216812e+00 7.521458e-01
1.249000e+01 1.226595e+00 7.448402e-01
1.250000e+01 1.236346e+00 7.373130e-01
1.251000e+01 1.246059e+00 7.295624e-01
1.252000e+01 1.255727e+00 7.215867e-01
1.253000e+01 1.265345e+00 7.133845e-01
1.254000e+01 1.274906e+00 7.049544e-01
1.255000e+01 1.284405e+00 6.962955e-01
1.256000e+01 1.293835e+00 6.874067e-01
1.257000e+01 1.303189e+00 6.782873e-01
1.258000e+01 1.312461e+00 6.689368e-01
1.259000e+01 1.321644e+00 6.593550e-01
1.260000e+01 1.330732e+00 6.495416e-01
1.261000e+01 1.339717e+00 6.394969e-01
1.262000e+01 1.348594e+00 6.292210e-01
1.263000e+01 1.357354e+00 6.187147e-01
1.264000e+01 1.365992e+00 6.079785e-01
1.265000e+01 1.374501e+00 5.970136e-01
1.266000e+01 1.382872e+00 5.858211e-01
1.267000e+01 1.391100e+00 5.744024e-01
1.268000e+01 1.399178e+00 5.627592e-01
1.269000e+01 1.407098e+00 5.508935e-01
1.270000e+01 1.414854e+00 5.388073e-01
1.271000e+01 1.422439e+00 5.265029e-01
1.272000e+01 1.429845e+00 5.139831e-01
1.273000e+01 1.437067e+00 5.012506e-01
1.274000e+01 1.444096e+00 4.883085e-01
1.275000e+01 1.450926e+00 4.751600e-01
1.276000e+01 1.457551e+00 4.618088e-01
1.277000e+01 1.463964e+00 4.482585e-01
1.278000e+01 1.470159e+00 4.345132e-01
1.279000e+01 1.476128e+00 4.205770e-01
1.280000e+01 1.481865e+00 4.064545e-01
1.281000e+01 1.487365e+00 3.921503e-01
1.282000e+01 1.492620e+00 3.776693e-01
1.283000e+01 1.497626e+00 3.630166e-01
1.284000e+01 1.502375e+00 3.481975e-01
1.285000e+01 1.506862e+00 3.332177e-01
1.286000e+01 1.511081e+00 3.180828e-01
1.287000e+01 1.515027e+00 3.027988e-01
1.288000e+01 1.518694e+00 2.873720e-01
1.289000e+01 1.522078e+00 2.718086e-01
1.290000e+01 1.525172e+00 2.561152e-01
1.291000e+01 1.527973e+00 2.402986e-01
1.292000e+01 1.530475e+00 2.243656e-01
1.293000e+01 1.532674e+00 2.083235e-01
1.294000e+01 1.534566e+00 1.921795e-01
1.295000e+01 1.536146e+00 1.759410e-01
1.296000e+01 1.537411e+00 1.596156e-01
1.297000e+01 1.538357e+00 1.432111e-01
1.298000e+01 1.538980e+00 1.267354e-01
1.299000e+01 1.539278e+00 1.101965e-01
1.300000e+01 1.539247e+00 9.360266e-02
1.301000e+01 1.538884e+00 7.696207e-02
1.302000e+01 1.538187e+00 6.028317e-02
1.303000e+01 1.537155e+00 4.357450e-02
1.304000e+01 1.535783e+00 2.684467e-02
1.305000e+01 1.534072e+00 1.010239e-02
1.306000e+01 1.532019e+00 -6.643548e-03
1.307000e+01 1.529623e+00 -2.338426e-02
1.308000e+01 1.526884e+00 -4.011083e-02
1.309000e+01 1.523800e+00 -5.681424e-02
1.310000e+01 1.520371e+00 -7.348545e-02
1.311000e+01 1.516597e+00 -9.011539e-02
1.312000e+01 1.512478e+00 -1.066949e-01
1.313000e+01 1.508015e+00 -1.232149e-01
1.314000e+01 1.503207e+00 -1.396663e-01
1.315000e+01 1.498057e+00 -1.560398e-01
1.316000e+01 1.492565e+00 -1.723263e-01
1.317000e+01 1.486733e+00 -1.885167e-01
1.318000e+01 1.480563e+00 -2.046019e-01
1.319000e+01 1.474056e+00 -2.205728e-01
1.320000e+01 1.467215e+00 -2.364204e-01
1.321000e+01 1.460044e+00 -2.521358e-01
1.322000e+01 1.452544e+00 -2.677099e-01
1.323000e+01 1.444719e+00 -2.831340e-01
1.324000e+01 1.436572e+00 -2.983993e-01
1.325000e+01 1.428107e+00 -3.134971e-01
1.326000e+01 1.419329e+00 -3.284190e-01
1.327000e+01 1.410241e+00 -3.431563e-01
1.328000e+01 1.400848e+00 -3.577009e-01
1.329000e+01 1.391154e+00 -3.720444e-01
1.330000e+01 1.381166e+00 -3.861789e-01
1.331000e+01 1.370888e+00 -4.000963e-01
1.332000e+01 1.360325e+00 -4.137889e-01
1.333000e+01 1.349485e+00 -4.272491e-01
1.334000e+01 1.338371e+00 -4.404695e-01
1.335000e+01 1.326992e+00 -4.534427e-01
1.336000e+01 1.315353e+00 -4.661618e-01
1.337000e+01 1.303462e+00 -4.786198e-01
1.338000e+01 1.291324e+00 -4.908099e-01
1.339000e+01 1.278948e+00 -5.027259e-01
1.340000e+01 1.266340e+00 -5.143613e-01
1.341000e+01 1.253508e+00 -5.257102e-01
1.342000e+01 1.240460e+00 -5.367668e-01
1.343000e+01 1.227204e+00 -5.475254e-01
1.344000e+01 1.213748e+00 -5.579808e-01
1.345000e+01 1.200100e+00 -5.681278e-01
1.346000e+01 1.186268e+00 -5.779616e-01
1.347000e+01 1.172262e+00 -5.874777e-01
1.348000e+01 1.158089e+00 -5.966717e-01
1.349000e+01 1.143759e+00 -6.055396e-01
1.350000e+01 1.129280e+00 -6.140775e-01
1.351000e+01 1.114662e+00 -6.222821e-01
1.352000e+01 1.099913e+00 -6.301501e-01
1.353000e+01 1.085043e+00 -6.376785e-01
1.354000e+01 1.070062e+00 -6.448647e-01
1.355000e+01 1.054978e+00 -6.517063e-01
1.356000e+01 1.039801e+00 -6.582013e-01
1.357000e+01 1.024541e+00 -6.643478e-01
1.358000e+01 1.009207e+00 -6.701445e-01
1.359000e+01 9.938091e-01 -6.755900e-01
1.360000e+01 9.783564e-01 -6.806835e-01
1.361000e+01 9.628587e-01 -6.854244e-01
1.362000e+01 9.473256e-01 -6.898124e-01
1.363000e+01 9.317669e-01 -6.938474e-01
1.364000e+01 9.161922e-01 -6.975299e-01
1.365000e+01 9.006110e-01 -7.008603e-01
1.366000e+01 8.850329e-01 -7.038396e-01
1.367000e+01 8.694674e-01 -7.064690e-01
1.368000e+01 8.539241e-01 -7.087498e-01
1.369000e+01 8.384123e-01 -7.106839e-01
1.370000e+01 8.229413e-01 -7.122734e-01
1.371000e+01 8.075205e-01 -7.135205e-01
1.372000e+01 7.921589e-01 -7.144278e-01
1.373000e+01 7.768656e-01 -7.149984e-01
1.374000e+01 7.616495e-01 -7.152352e-01
1.375000e+01 7.465196e-01 -7.151418e-01
1.376000e+01 7.314845e-01 -7.147220e-01
1.377000e+01 7.165527e-01 -7.139795e-01
1.378000e+01 7.017327e-01 -7.129187e-01
1.379000e+01 6.870327e-01 -7.115441e-01
1.380000e+01 6.724609e-01 -7.098603e-01
1.381000e+01 6.580251e-01 -7.078723e-01
1.382000e+01 6.437331e-01 -7.055853e-01
1.383000e+01 6.295925e-01 -7.030047e-01
1.384000e+01 6.156107e-01 -7.001362e-01
1.385000e+01 6.017948e-01 -6.969856e-01
1.386000e+01 5.881518e-01 -6.935589e-01
1.387000e+01 5.746885e-01 -6.898625e-01
1.388000e+01 5.614114e-01 -6.859027e-01
1.389000e+01 5.483268e-01 -6.816863e-01
1.390000e+01 5.354407e-01 -6.772199e-01
1.391000e+01 5.227592e-01 -6.725106e-01
1.392000e+01 5.102876e-01 -6.675656e-01
1.393000e+01 4.980315e-01 -6.623920e-01
1.394000e+01 4.859958e-01 -6.569973e-01
1.395000e+01 4.741855e-01 -6.513891e-01
1.396000e+01 4.626052e-01 -6.455750e-01
1.397000e+01 4.512592e-01 -6.395629e-01
1.398000e+01 4.401515e-01 -6.333606e-01
1.399000e+01 4.292860e-01 -6.269762e-01
1.400000e+01 4.186661e-01 -6.204177e-01
1.401000e+01 4.082952e-01 -6.136932e-01
1.402000e+01 3.981763e-01 -6.068111e-01
1.403000e+01 3.883119e-01 -5.997796e-01
1.404000e+01 3.787047e-01 -5.926069e-01
1.405000e+01 3.693566e-01 -5.853016e-01
1.406000e+01 3.602696e-01 -5.778720e-01
1.407000e+01 3.514453e-01 -5.703266e-01
1.408000e+01 3.428850e-01 -5.626737e-01
1.409000e+01 3.345897e-01 -5.549218e-01
1.410000e+01 3.265602e-01 -5.470793e-01
1.411000e+01 3.187970e-01 -5.391547e-01
1.412000e+01 3.113003e-01 -5.311562e-01
1.413000e+01 3.040700e-01 -5.230924e-01
1.414000e+01 2.971058e-01 -5.149714e-01
1.415000e+01 2.904071e-01 -5.068015e-01
1.416000e+01 2.839731e-01 -4.985908e-01
1.417000e+01 2.778026e-01 -4.903476e-01
1.418000e+01 2.718942e-01 -4.820797e-01
1.419000e+01 2.662463e-01 -4.737952e-01
1.420000e+01 2.608569e-01 -4.655018e-01
1.421000e+01 2.557241e-01 -4.572074e-01
1.422000e+01 2.508454e-01 -4.489194e-01
1.423000e+01 2.462182e-01 -4.406454e-01
1.424000e+01 2.418396e-01 -4.323928e-01
1.425000e+01 2.377066e-01 -4.241688e-01
1.426000e+01 2.338159e-01 -4.159804e-01
1.427000e+01 2.301641e-01 -4.078346e-01
1.428000e+01 2.267473e-01 -3.997381e-01
1.429000e+01 2.235617e-01 -3.916975e-01
1.430000e+01 2.206032e-01 -3.837192e-01
1.431000e+01 2.178675e-01 -3.758096e-01
1.432000e+01 2.153502e-01 -3.679746e-01
1.433000e+01 2.130465e-01 -3.602201e-01
1.434000e+01 2.109517e-01 -3.525517e-01
1.435000e+01 2.090609e-01 -3.449751e-01
1.436000e+01 2.073688e-01 -3.374954e-01
1.437000e+01 2.058703e-01 -3.301177e-01
1.438000e+01 2.045599e-01 -3.228469e-01
1.439000e+01 2.034322e-01 -3.156875e-01
1.440000e+01 2.024814e-01 -3.086440e-01
1.441000e+01 2.017019e-01 -3.017206e-01
1.442000e+01 2.010878e-01 -2.949213e-01
1.443000e+01 2.006331e-01 -2.882497e-01
1.444000e+01 2.003319e-01 -2.817094e-01
1.445000e+01 2.001780e-01 -2.753037e-01
1.446000e+01 2.001652e-01 -2.690355e-01
1.447000e+01 2.002874e-01 -2.629078e-01
1.448000e+01 2.005382e-01 -2.569230e-01
1.449000e+01 2.009114e-01 -2.510835e-01
1.450000e+01 2.014005e-01 -2.453914e-01
1.451000e+01 2.019993e-01 -2.398484e-01
1.452000e+01 2.027013e-01 -2.344564e-01
1.453000e+01 2.035001e-01 -2.292165e-01
1.454000e+01 2.043893e-01 -2.241301e-01
1.455000e+01 2.053626e-01 -2.191979e-01
1.456000e+01 2.064136e-01 -2.144206e-01
1.457000e+01 2.075360e-01 -2.097988e-01
1.458000e+01 2.087234e-01 -2.053326e-01
1.459000e+01 2.099697e-01 -2.010221e-01
1.460000e+01 2.112685e-01 -1.968669e-01
1.461000e+01 2.126138e-01 -1.928667e-01
1.462000e+01 2.139995e-01 -1.890208e-01
1.463000e+01 2.154196e-01 -1.853283e-01
1.464000e+01 2.168681e-01 -1.817881e-01
1.465000e+01 2.183393e-01 -1.783990e-01
1.466000e+01 2.198273e-01 -1.751595e-01
1.467000e+01 2.213266e-01 -1.720678e-01
1.468000e+01 2.228317e-01 -1.691221e-01
1.469000e+01 2.243371e-01 -1.663204e-01
1.470000e+01 2.258376e-01 -1.636603e-01
1.471000e+01 2.273279e-01 -1.611396e-01
1.472000e+01 2.288031e-01 -1.587555e-01
1.473000e+01 2.302583e-01 -1.565054e-01
1.474000e+01 2.316888e-01 -1.543864e-01
1.475000e+01 2.330899e-01 -1.523954e-01
1.476000e+01 2.344572e-01 -1.505291e-01
1.477000e+01 2.357865e-01 -1.487844e-01
1.478000e+01 2.370737e-01 -1.471576e-01
1.479000e+01 2.383147e-01 -1.456453e-01
1.480000e+01 2.395059e-01 -1.442437e-01
1.481000e+01 2.406436e-01 -1.429490e-01
1.482000e+01 2.417243e-01 -1.417573e-01
1.483000e+01 2.427450e-01 -1.406645e-01
1.484000e+01 2.437024e-01 -1.396667e-01
1.485000e+01 2.445937e-01 -1.387595e-01
1.486000e+01 2.454163e-01 -1.379387e-01
1.487000e+01 2.461675e-01 -1.372001e-01
1.488000e+01 2.468452e-01 -1.365391e-01
1.489000e+01 2.474471e-01 -1.359515e-01
1.490000e+01 2.479715e-01 -1.354328e-01
1.491000e+01 2.484164e-01 -1.349784e-01
1.492000e+01 2.487804e-01 -1.345837e-01
1.493000e+01 2.490620e-01 -1.342443e-01
1.494000e+01 2.492603e-01 -1.339556e-01
1.495000e+01 2.493741e-01 -1.337130e-01
1.496000e+01 2.494027e-01 -1.335120e-01
1.497000e+01 2.493455e-01 -1.333479e-01
1.498000e+01 2.492021e-01 -1.332163e-01
1.499000e+01 2.489722e-01 -1.331125e-01
1.500000e+01 2.486559e-01 -1.330322e-01
1.501000e+01 2.482533e-01 -1.329709e-01
1.502000e+01 2.477646e-01 -1.329242e-01
1.503000e+01 2.471905e-01 -1.328876e-01
1.504000e+01 2.465315e-01 -1.328570e-01
1.505000e+01 2.457885e-01 -1.328281e-01
1.506000e+01 2.449625e-01 -1.327967e-01
1.507000e+01 2.440547e-01 -1.327587e-01
1.508000e+01 2.430663e-01 -1.327102e-01
1.509000e+01 2.419990e-01 -1.326472e-01
1.510000e+01 2.408543e-01 -1.325659e-01
1.511000e+01 2.396339e-01 -1.324625e-01
1.512000e+01 2.383398e-01 -1.323336e-01
1.513000e+01 2.369741e-01 -1.321754e-01
1.514000e+01 2.355389e-01 -1.319848e-01
1.515000e+01 2.340365e-01 -1.317583e-01
1.516000e+01 2.324694e-01 -1.314928e-01
1.517000e+01 2.308400e-01 -1.311854e-01
1.518000e+01 2.291511e-01 -1.308330e-01
1.519000e+01 2.274053e-01 -1.304330e-01
1.520000e+01 2.256056e-01 -1.299827e-01
1.521000e+01 2.237548e-01 -1.294796e-01
1.522000e+01 2.218560e-01 -1.289214e-01
1.523000e+01 2.199122e-01 -1.283060e-01
1.524000e+01 2.179267e-01 -1.276311e-01
1.525000e+01 2.159026e-01 -1.268950e-01
1.526000e+01 2.138433e-01 -1.260959e-01
1.527000e+01 2.117521e-01 -1.252322e-01
1.528000e+01 2.096324e-01 -1.243025e-01
1.529000e+01 2.074875e-01 -1.233054e-01
1.530000e+01 2.053211e-01 -1.222399e-01
1.531000e+01 2.031365e-01 -1.211050e-01
1.532000e+01 2.009372e-01 -1.198999e-01
1.533000e+01 1.987268e-01 -1.186239e-01
1.534000e+01 1.965089e-01 -1.172765e-01
1.535000e+01 1.942869e-01 -1.158574e-01
1.536000e+01 1.920643e-01 -1.143664e-01
1.537000e+01 1.898447e-01 -1.128035e-01
1.538000e+01 1.876316e-01 -1.111688e-01
1.539000e+01 1.854283e-01 -1.094625e-01
1.540000e+01 1.832384e-01 -1.076851e-01
1.541000e+01 1.810653e-01 -1.058371e-01
1.542000e+01 1.789123e-01 -1.039193e-01
1.543000e+01 1.767826e-01 -1.019325e-01
1.544000e+01 1.746797e-01 -9.987768e-02
1.545000e+01 1.726065e-01 -9.775604e-02
1.546000e+01 1.705664e-01 -9.556881e-02
1.547000e+01 1.685623e-01 -9.331739e-02
1.548000e+01 1.665971e-01 -9.100332e-02
1.549000e+01 1.646740e-01 -8.862823e-02
1.550000e+01 1.627955e-01 -8.619390e-02
1.551000e+01 1.609645e-01 -8.370221e-02
1.552000e+01 1.591836e-01 -8.115515e-02
1.553000e+01 1.574553e-01 -7.855483e-02
1.554000e+01 1.557820e-01 -7.590346e-02
1.555000e+01 1.541662e-01 -7.320334e-02
1.556000e+01 1.526099e-01 -7.045685e-02
1.557000e+01 1.511154e-01 -6.766649e-02
1.558000e+01 1.496845e-01 -6.483481e-02
1.559000e+01 1.483192e-01 -6.196447e-02
1.560000e+01 1.470212e-01 -5.905817e-02
1.561000e+01 1.457922e-01 -5.611870e-02
1.562000e+01 1.446336e-01 -5.314890e-02
1.563000e+01 1.435468e-01 -5.015167e-02
1.564000e+01 1.425330e-01 -4.712996e-02
1.565000e+01 1.415934e-01 -4.408677e-02
1.566000e+01 1.407290e-01 -4.102512e-02
1.567000e+01 1.399405e-01 -3.794809e-02
1.568000e+01 1.392286e-01 -3.485877e-02
1.569000e+01 1.385941e-01 -3.176027e-02
1.570000e+01 1.380372e-01 -2.865573e-02
1.571000e+01 1.375583e-01 -2.554828e-02
1.572000e+01 1.371575e-01 -2.244109e-02
1.573000e+01 1.368349e-01 -1.933728e-02
1.574000e+01 1.365904e-01 -1.624000e-02
1.575000e+01 1.364236e-01 -1.315239e-02
1.576000e+01 1.363344e-01 -1.007753e-02
1.577000e+01 1.363220e-01 -7.018535e-03
1.578000e+01 1.363860e-01 -3.978443e-03
1.579000e+01 1.365255e-01 -9.602805e-04
1.580000e+01 1.367396e-01 2.032969e-03
1.581000e+01 1.370273e-01 4.998368e-03
1.582000e+01 1.373875e-01 7.933030e-03
1.583000e+01 1.378189e-01 1.083412e-02
1.584000e+01 1.383202e-01 1.369886e-02
1.585000e+01 1.388897e-01 1.652456e-02
1.586000e+01 1.395260e-01 1.930855e-02
1.587000e+01 1.402273e-01 2.204829e-02
1.588000e+01 1.409918e-01 2.474128e-02
1.589000e+01 1.418175e-01 2.738511e-02
1.590000e+01 1.427025e-01 2.997746e-02
1.591000e+01 1.436446e-01 3.251610e-02
1.592000e+01 1.446417e-01 3.499889e-02
1.593000e+01 1.456914e-01 3.742380e-02
1.594000e+01 1.467913e-01 3.978887e-02
1.595000e+01 1.479391e-01 4.209227e-02
1.596000e+01 1.491322e-01 4.433227e-02
1.597000e+01 1.503680e-01 4.650724e-02
1.598000e+01 1.516438e-01 4.861568e-02
1.599000e+01 1.529571e-01 5.065617e-02
1.600000e+01 1.543049e-01 5.262745e-02
1.601000e+01 1.556845e-01 5.452834e-02
1.602000e+01 1.570931e-01 5.635780e-02
1.603000e+01 1.585277e-01 5.811490e-02
1.604000e+01 1.599854e-01 5.979883e-02
1.605000e+01 1.614633e-01 6.140893e-02
1.606000e+01 1.629584e-01 6.294463e-02
1.607000e+01 1.644677e-01 6.440549e-02
1.608000e+01 1.659882e-01 6.579122e-02
1.609000e+01 1.675169e-01 6.710162e-02
1.610000e+01 1.690508e-01 6.833665e-02
1.611000e+01 1.705868e-01 6.949637e-02
1.612000e+01 1.721220e-01 7.058097e-02
1.613000e+01 1.736535e-01 7.159076e-02
1.614000e+01 1.751781e-01 7.252618e-02
1.615000e+01 1.766930e-01 7.338780e-02
1.616000e+01 1.781953e-01 7.417629e-02
1.617000e+01 1.796821e-01 7.489246e-02
1.618000e+01 1.811505e-01 7.553720e-02
1.619000e+01 1.825978e-01 7.611157e-02
1.620000e+01 1.840211e-01 7.661670e-02
1.621000e+01 1.854179e-01 7.705384e-02
1.622000e+01 1.867854e-01 7.742436e-02
1.623000e+01 1.881212e-01 7.772973e-02
1.624000e+01 1.894226e-01 7.797151e-02
1.625000e+01 1.906872e-01 7.815139e-02
1.626000e+01 1.919127e-01 7.827112e-02
1.627000e+01 1.930968e-01 7.833258e-02
1.628000e+01 1.942372e-01 7.833770e-02
1.629000e+01 1.953319e-01 7.828853e-02
1.630000e+01 1.963788e-01 7.818719e-02
1.631000e+01 1.973760e-01 7.803588e-02
1.632000e+01 1.983215e-01 7.783687e-02
1.633000e+01 1.992138e-01 7.759251e-02
1.634000e+01 2.000511e-01 7.730521e-02
1.635000e+01 2.008318e-01 7.697745e-02
1.636000e+01 2.015546e-01 7.661174e-02
1.637000e+01 2.022180e-01 7.621069e-02
1.638000e+01 2.028209e-01 7.577692e-02
1.639000e+01 2.033622e-01 7.531312e-02
1.640000e+01 2.038408e-01 7.482199e-02
1.641000e+01 2.042558e-01 7.430629e-02
1.642000e+01 2.046066e-01 7.376881e-02
1.643000e+01 2.048923e-01 7.321235e-02
1.644000e+01 2.051126e-01 7.263974e-02
1.645000e+01 2.052669e-01 7.205383e-02
1.646000e+01 2.053549e-01 7.145745e-02
1.647000e+01 2.053765e-01 7.085349e-02
1.648000e+01 2.053316e-01 7.024479e-02
1.649000e+01 2.052203e-01 6.963421e-02
1.650000e+01 2.050426e-01 6.902459e-02
1.651000e+01 2.047990e-01 6.841878e-02
1.652000e+01 2.044897e-01 6.781959e-02
1.653000e+01 2.041153e-01 6.722980e-02
1.654000e+01 2.036764e-01 6.665219e-02
1.655000e+01 2.031738e-01 6.608947e-02
1.656000e+01 2.026083e-01 6.554436e-02
1.657000e+01 2.019808e-01 6.501948e-02
1.658000e+01 2.012924e-01 6.451747e-02
1.659000e+01 2.005444e-01 6.404086e-02
1.660000e+01 1.997379e-01 6.359216e-02
1.661000e+01 1.988743e-01 6.317382e-02
1.662000e+01 1.979551e-01 6.278821e-02
1.663000e+01 1.969819e-01 6.243764e-02
1.664000e+01 1.959563e-01 6.212437e-02
1.665000e+01 1.948800e-01 6.185056e-02
1.666000e+01 1.937549e-01 6.161830e-02
1.667000e+01 1.925829e-01 6.142960e-02
1.668000e+01 1.913659e-01 6.128640e-02
1.669000e+01 1.901061e-01 6.119053e-02
1.670000e+01 1.888055e-01 6.114375e-02
1.671000e+01 1.874664e-01 6.114772e-02
1.672000e+01 1.860910e-01 6.120399e-02
1.673000e+01 1.846816e-01 6.131404e-02
1.674000e+01 1.832406e-01 6.147923e-02
1.675000e+01 1.817705e-01 6.170083e-02
1.676000e+01 1.802736e-01 6.198000e-02
1.677000e+01 1.787526e-01 6.231780e-02
1.678000e+01 1.772099e-01 6.271519e-02
1.679000e+01 1.756482e-01 6.317299e-02
1.680000e+01 1.740700e-01 6.369195e-02
1.681000e+01 1.724780e-01 6.427270e-02
1.682000e+01 1.708748e-01 6.491574e-02
1.683000e+01 1.692632e-01 6.562147e-02
1.684000e+01 1.676458e-01 6.639020e-02
1.685000e+01 1.660252e-01 6.722209e-02
1.686000e+01 1.644042e-01 6.811721e-02
1.687000e+01 1.627854e-01 6.907553e-02
1.688000e+01 1.611715e-01 7.009688e-02
1.689000e+01 1.595652e-01 7.118100e-02
1.690000e+01 1.579692e-01 7.232751e-02
1.691000e+01 1.563859e-01 7.353594e-02
1.692000e+01 1.548181e-01 7.480569e-02
1.693000e+01 1.532682e-01 7.613607e-02
1.694000e+01 1.517389e-01 7.752626e-02
1.695000e+01 1.502326e-01 7.897537e-02
1.696000e+01 1.487517e-01 8.048240e-02
1.697000e+01 1.472986e-01 8.204623e-02
1.698000e+01 1.458758e-01 8.366567e-02
1.699000e+01 1.444854e-01 8.533942e-02
1.700000e+01 1.431297e-01 8.706609e-02
1.701000e+01 1.418109e-01 8.884420e-02
1.702000e+01 1.405311e-01 9.067219e-02
1.703000e+01 1.392922e-01 9.254842e-02
1.704000e+01 1.380963e-01 9.447116e-02
1.705000e+01 1.369453e-01 9.643859e-02
1.706000e+01 1.358409e-01 9.844885e-02
1.707000e+01 1.347848e-01 1.005000e-01
1.708000e+01 1.337788e-01 1.025900e-01
1.709000e+01 1.328242e-01 1.047167e-01
1.710000e+01 1.319227e-01 1.068781e-01
1.711000e+01 1.310755e-01 1.090720e-01
1.712000e+01 1.302840e-01 1.112960e-01
1.713000e+01 1.295492e-01 1.135479e-01
1.714000e+01 1.288724e-01 1.158255e-01
1.715000e+01 1.282543e-01 1.181262e-01
1.716000e+01 1.276960e-01 1.204476e-01
1.717000e+01 1.271982e-01 1.227874e-01
1.718000e+01 1.267616e-01 1.251431e-01
1.719000e+01 1.263867e-01 1.275122e-01
1.720000e+01 1.260740e-01 1.298921e-01
1.721000e+01 1.258238e-01 1.322803e-01
1.722000e+01 1.256364e-01 1.346744e-01
1.723000e+01 1.255119e-01 1.370718e-01
1.724000e+01 1.254504e-01 1.394698e-01
1.725000e+01 1.254519e-01 1.418661e-01
1.726000e+01 1.255160e-01 1.442581e-01
1.727000e+01 1.256426e-01 1.466432e-01
1.728000e+01 1.258312e-01 1.490190e-01
1.729000e+01 1.260814e-01 1.513830e-01
1.730000e+01 1.263927e-01 1.537328e-01
1.731000e+01 1.267642e-01 1.560659e-01
1.732000e+01 1.271952e-01 1.583799e-01
1.733000e+01 1.276849e-01 1.606726e-01
1.734000e+01 1.282322e-01 1.629416e-01
1.735000e+01 1.288361e-01 1.651846e-01
1.736000e+01 1.294954e-01 1.673994e-01
1.737000e+01 1.302089e-01 1.695839e-01
1.738000e+01 1.309752e-01 1.717361e-01
1.739000e+01 1.317929e-01 1.738537e-01
1.740000e+01 1.326604e-01 1.759349e-01
1.741000e+01 1.335763e-01 1.779778e-01
1.742000e+01 1.345388e-01 1.799806e-01
1.743000e+01 1.355462e-01 1.819413e-01
1.744000e+01 1.365967e-01 1.838585e-01
1.745000e+01 1.376884e-01 1.857304e-01
1.746000e+01 1.388194e-01 1.875556e-01
1.747000e+01 1.399877e-01 1.893325e-01
1.748000e+01 1.411913e-01 1.910599e-01
1.749000e+01 1.424279e-01 1.927364e-01
1.750000e+01 1.436956e-01 1.943610e-01
1.751000e+01 1.449921e-01 1.959324e-01
1.752000e+01 1.463152e-01 1.974497e-01
1.753000e+01 1.476626e-01 1.989120e-01
1.754000e+01 1.490319e-01 2.003186e-01
1.755000e+01 1.504209e-01 2.016686e-01
1.756000e+01 1.518273e-01 2.029615e-01
1.757000e+01 1.532485e-01 2.041967e-01
1.758000e+01 1.546823e-01 2.053740e-01
1.759000e+01 1.561262e-01 2.064929e-01
1.760000e+01 1.575778e-01 2.075532e-01
1.761000e+01 1.590348e-01 2.085549e-01
1.762000e+01 1.604946e-01 2.094979e-01
1.763000e+01 1.619549e-01 2.103824e-01
1.764000e+01 1.634133e-01 2.112085e-01
1.765000e+01 1.648674e-01 2.119765e-01
1.766000e+01 1.663148e-01 2.126868e-01
1.767000e+01 1.677532e-01 2.133399e-01
1.768000e+01 1.691802e-01 2.139364e-01
1.769000e+01 1.705936e-01 2.144770e-01
1.770000e+01 1.719910e-01 2.149624e-01
1.771000e+01 1.733704e-01 2.153936e-01
1.772000e+01 1.747294e-01 2.157714e-01
1.773000e+01 1.760660e-01 2.160970e-01
1.774000e+01 1.773781e-01 2.163714e-01
1.775000e+01 1.786636e-01 2.165958e-01
1.776000e+01 1.799205e-01 2.167717e-01
1.777000e+01 1.811470e-01 2.169003e-01
1.778000e+01 1.823411e-01 2.169832e-01
1.779000e+01 1.835010e-01 2.170217e-01
1.780000e+01 1.846252e-01 2.170177e-01
1.781000e+01 1.857117e-01 2.169726e-01
1.782000e+01 1.867592e-01 2.168883e-01
1.783000e+01 1.877661e-01 2.167665e-01
1.784000e+01 1.887309e-01 2.166092e-01
1.785000e+01 1.896523e-01 2.164182e-01
1.786000e+01 1.905290e-01 2.161955e-01
1.787000e+01 1.913598e-01 2.159431e-01
1.788000e+01 1.921437e-01 2.156630e-01
1.789000e+01 1.928797e-01 2.153574e-01
1.790000e+01 1.935668e-01 2.150284e-01
1.791000e+01 1.942041e-01 2.146782e-01
1.792000e+01 1.947910e-01 2.143089e-01
1.793000e+01 1.953268e-01 2.139228e-01
1.794000e+01 1.958110e-01 2.135222e-01
1.795000e+01 1.962431e-01 2.131093e-01
1.796000e+01 1.966227e-01 2.126863e-01
1.797000e+01 1.969496e-01 2.122556e-01
1.798000e+01 1.972237e-01 2.118195e-01
1.799000e+01 1.974448e-01 2.113803e-01
1.800000e+01 1.976129e-01 2.109402e-01
1.801000e+01 1.977283e-01 2.105015e-01
1.802000e+01 1.977911e-01 2.100666e-01
1.803000e+01 1.978016e-01 2.096376e-01
1.804000e+01 1.977602e-01 2.092168e-01
1.805000e+01 1.976674e-01 2.088065e-01
1.806000e+01 1.975239e-01 2.084089e-01
1.807000e+01 1.973303e-01 2.080260e-01
1.808000e+01 1.970873e-01 2.076601e-01
1.809000e+01 1.967958e-01 2.073132e-01
1.810000e+01 1.964568e-01 2.069874e-01
1.811000e+01 1.960713e-01 2.066847e-01
1.812000e+01 1.956404e-01 2.064070e-01
1.813000e+01 1.951652e-01 2.061564e-01
1.814000e+01 1.946471e-01 2.059345e-01
1.815000e+01 1.940873e-01 2.057433e-01
1.816000e+01 1.934874e-01 2.055845e-01
1.817000e+01 1.928486e-01 2.054597e-01
1.818000e+01 1.921727e-01 2.053706e-01
1.819000e+01 1.914612e-01 2.053187e-01
1.820000e+01 1.907158e-01 2.053054e-01
1.821000e+01 1.899383e-01 2.053323e-01
1.822000e+01 1.891303e-01 2.054005e-01
1.823000e+01 1.882937e-01 2.055114e-01
1.824000e+01 1.874304e-01 2.056661e-01
1.825000e+01 1.865424e-01 2.058657e-01
1.826000e+01 1.856316e-01 2.061112e-01
1.827000e+01 1.847000e-01 2.064035e-01
1.828000e+01 1.837496e-01 2.067434e-01
1.829000e+01 1.827825e-01 2.071317e-01
1.830000e+01 1.818008e-01 2.075691e-01
1.831000e+01 1.808066e-01 2.080560e-01
1.832000e+01 1.798021e-01 2.085930e-01
1.833000e+01 1.787894e-01 2.091805e-01
1.834000e+01 1.777706e-01 2.098187e-01
1.835000e+01 1.767479e-01 2.105078e-01
1.836000e+01 1.757235e-01 2.112480e-01
1.837000e+01 1.746996e-01 2.120392e-01
1.838000e+01 1.736783e-01 2.128815e-01
1.839000e+01 1.726617e-01 2.137746e-01
1.840000e+01 1.716520e-01 2.147182e-01
1.841000e+01 1.706514e-01 2.157121e-01
1.842000e+01 1.696619e-01 2.167558e-01
1.843000e+01 1.686857e-01 2.178488e-01
1.844000e+01 1.677247e-01 2.189904e-01
1.845000e+01 1.667810e-01 2.201800e-01
1.846000e+01 1.658566e-01 2.214168e-01
1.847000e+01 1.649534e-01 2.227000e-01
1.848000e+01 1.640734e-01 2.240285e-01
1.849000e+01 1.632184e-01 2.254015e-01
1.850000e+01 1.623902e-01 2.268177e-01
1.851000e+01 1.615907e-01 2.282761e-01
1.852000e+01 1.608214e-01 2.297754e-01
1.853000e+01 1.600841e-01 2.313142e-01
1.854000e+01 1.593804e-01 2.328913e-01
1.855000e+01 1.587118e-01 2.345052e-01
1.856000e+01 1.580798e-01 2.361543e-01
1.857000e+01 1.574857e-01 2.378371e-01
1.858000e+01 1.569309e-01 2.395521e-01
1.859000e+01 1.564168e-01 2.412975e-01
1.860000e+01 1.559443e-01 2.430717e-01
1.861000e+01 1.555148e-01 2.448728e-01
1.862000e+01 1.551291e-01 2.466991e-01
1.863000e+01 1.547883e-01 2.485488e-01
1.864000e+01 1.544933e-01 2.504198e-01
1.865000e+01 1.542448e-01 2.523105e-01
1.866000e+01 1.540435e-01 2.542187e-01
1.867000e+01 1.538900e-01 2.561427e-01
1.868000e+01 1.537850e-01 2.580802e-01
1.869000e+01 1.537289e-01 2.600295e-01
1.870000e+01 1.537219e-01 2.619884e-01
1.871000e+01 1.537645e-01 2.639549e-01
1.872000e+01 1.538567e-01 2.659270e-01
1.873000e+01 1.539988e-01 2.679027e-01
1.874000e+01 1.541907e-01 2.698800e-01
1.875000e+01 1.544323e-01 2.718567e-01
1.876000e+01 1.547236e-01 2.738309e-01
1.877000e+01 1.550642e-01 2.758006e-01
1.878000e+01 1.554539e-01 2.777638e-01
1.879000e+01 1.558922e-01 2.797185e-01
1.880000e+01 1.563787e-01 2.816628e-01
1.881000e+01 1.569127e-01 2.835947e-01
1.882000e+01 1.574937e-01 2.855123e-01
1.883000e+01 1.581208e-01 2.874139e-01
1.884000e+01 1.587933e-01 2.892975e-01
1.885000e+01 1.595104e-01 2.911615e-01
1.886000e+01 1.602709e-01 2.930039e-01
1.887000e+01 1.610739e-01 2.948232e-01
1.888000e+01 1.619184e-01 2.966178e-01
1.889000e+01 1.628031e-01 2.983859e-01
1.890000e+01 1.637267e-01 3.001261e-01
1.891000e+01 1.646881e-01 3.018369e-01
1.892000e+01 1.656858e-01 3.035169e-01
1.893000e+01 1.667184e-01 3.051648e-01
1.894000e+01 1.677844e-01 3.067791e-01
1.895000e+01 1.688824e-01 3.083588e-01
1.896000e+01 1.700108e-01 3.099026e-01
1.897000e+01 1.711679e-01 3.114095e-01
1.898000e+01 1.723521e-01 3.128784e-01
1.899000e+01 1.735617e-01 3.143085e-01
1.900000e+01 1.747950e-01 3.156988e-01
1.901000e+01 1.760502e-01 3.170485e-01
1.902000e+01 1.773255e-01 3.183571e-01
1.903000e+01 1.786191e-01 3.196237e-01
1.904000e+01 1.799291e-01 3.208480e-01
1.905000e+01 1.812537e-01 3.220294e-01
1.906000e+01 1.825911e-01 3.231676e-01
1.907000e+01 1.839393e-01 3.242622e-01
1.908000e+01 1.852965e-01 3.253131e-01
1.909000e+01 1.866607e-01 3.263200e-01
1.910000e+01 1.880300e-01 3.272831e-01
1.911000e+01 1.894027e-01 3.282022e-01
1.912000e+01 1.907767e-01 3.290775e-01
1.913000e+01 1.921503e-01 3.299093e-01
1.914000e+01 1.935215e-01 3.306977e-01
1.915000e+01 1.948885e-01 3.314432e-01
1.916000e+01 1.962495e-01 3.321462e-01
1.917000e+01 1.976027e-01 3.328072e-01
1.918000e+01 1.989464e-01 3.334268e-01
1.919000e+01 2.002787e-01 3.340057e-01
1.920000e+01 2.015980e-01 3.345446e-01
1.921000e+01 2.029027e-01 3.350444e-01
1.922000e+01 2.041911e-01 3.355059e-01
1.923000e+01 2.054616e-01 3.359300e-01
1.924000e+01 2.067127e-01 3.363180e-01
1.925000e+01 2.079430e-01 3.366707e-01
1.926000e+01 2.091510e-01 3.369894e-01
1.927000e+01 2.103352e-01 3.372753e-01
1.928000e+01 2.114945e-01 3.375296e-01
1.929000e+01 2.126276e-01 3.377538e-01
1.930000e+01 2.137332e-01 3.379490e-01
1.931000e+01 2.148103e-01 3.381169e-01
1.932000e+01 2.158577e-01 3.382588e-01
1.933000e+01 2.168746e-01 3.383763e-01
1.934000e+01 2.178599e-01 3.384709e-01
1.935000e+01 2.188128e-01 3.385442e-01
1.936000e+01 2.197326e-01 3.385979e-01
1.937000e+01 2.206186e-01 3.386335e-01
1.938000e+01 2.214701e-01 3.386529e-01
1.939000e+01 2.222866e-01 3.386576e-01
1.940000e+01 2.230676e-01 3.386495e-01
1.941000e+01 2.238128e-01 3.386301e-01
1.942000e+01 2.245218e-01 3.386014e-01
1.943000e+01 2.251944e-01 3.385651e-01
1.944000e+01 2.258304e-01 3.385229e-01
1.945000e+01 2.264299e-01 3.384765e-01
1.946000e+01 2.269927e-01 3.384279e-01
1.947000e+01 2.275191e-01 3.383787e-01
1.948000e+01 2.280091e-01 3.383306e-01
1.949000e+01 2.284631e-01 3.382855e-01
1.950000e+01 2.288814e-01 3.382450e-01
1.951000e+01 2.292643e-01 3.382108e-01
1.952000e+01 2.296124e-01 3.381847e-01
1.953000e+01 2.299262e-01 3.381683e-01
1.954000e+01 2.302065e-01 3.381631e-01
1.955000e+01 2.304537e-01 3.381709e-01
1.956000e+01 2.306689e-01 3.381931e-01
1.957000e+01 2.308528e-01 3.382312e-01
1.958000e+01 2.310063e-01 3.382868e-01
1.959000e+01 2.311305e-01 3.383612e-01
1.960000e+01 2.312263e-01 3.384558e-01
1.961000e+01 2.312949e-01 3.385720e-01
1.962000e+01 2.313375e-01 3.387110e-01
1.963000e+01 2.313553e-01 3.388740e-01
1.964000e+01 2.313495e-01 3.390621e-01
1.965000e+01 2.313216e-01 3.392765e-01
1.966000e+01 2.312728e-01 3.395182e-01
1.967000e+01 2.312046e-01 3.397881e-01
1.968000e+01 2.311185e-01 3.400871e-01
1.969000e+01 2.310160e-01 3.404161e-01
1.970000e+01 2.308986e-01 3.407757e-01
1.971000e+01 2.307679e-01 3.411667e-01
1.972000e+01 2.306255e-01 3.415896e-01
1.973000e+01 2.304730e-01 3.420449e-01
1.974000e+01 2.303121e-01 3.425332e-01
1.975000e+01 2.301444e-01 3.430546e-01
1.976000e+01 2.299717e-01 3.436097e-01
1.977000e+01 2.297956e-01 3.441984e-01
1.978000e+01 2.296177e-01 3.448210e-01
1.979000e+01 2.294399e-01 3.454774e-01
1.980000e+01 2.292639e-01 3.461677e-01
1.981000e+01 2.290912e-01 3.468917e-01
1.982000e+01 2.289237e-01 3.476492e-01
1.983000e+01 2.287630e-01 3.484398e-01
1.984000e+01 2.286107e-01 3.492633e-01
1.985000e+01 2.284685e-01 3.501192e-01
1.986000e+01 2.283381e-01 3.510069e-01
1.987000e+01 2.282210e-01 3.519259e-01
1.988000e+01 2.281188e-01 3.528754e-01
1.989000e+01 2.280330e-01 3.538547e-01
1.990000e+01 2.279651e-01 3.548630e-01
1.991000e+01 2.279166e-01 3.558992e-01
1.992000e+01 2.278888e-01 3.569626e-01
1.993000e+01 2.278832e-01 3.580519e-01
1.994000e+01 2.279011e-01 3.591662e-01
1.995000e+01 2.279437e-01 3.603041e-01
1.996000e+01 2.280122e-01 3.614646e-01
1.997000e+01 2.281077e-01 3.626461e-01
1.998000e+01 2.282314e-01 3.638475e-01
1.999000e+01 2.283842e-01 3.650673e-01
2.000000e+01 2.285670e-01 3.663040e-01
2.001000e+01 2.287809e-01 3.675561e-01
2.002000e+01 2.290265e-01 3.688221e-01
2.003000e+01 2.293045e-01 3.701003e-01
2.004000e+01 2.296157e-01 3.713891e-01
2.005000e+01 2.299606e-01 3.726869e-01
2.006000e+01 2.303396e-01 3.739918e-01
2.007000e+01 2.307532e-01 3.753023e-01
2.008000e+01 2.312018e-01 3.766166e-01
2.009000e+01 2.316854e-01 3.779327e-01
2.010000e+01 2.322043e-01 3.792491e-01
2.011000e+01 2.327585e-01 3.805638e-01
2.012000e+01 2.333480e-01 3.818751e-01
2.013000e+01 2.339727e-01 3.831811e-01
2.014000e+01 2.346323e-01 3.844800e-01
2.015000e+01 2.353266e-01 3.857700e-01
2.016000e+01 2.360551e-01 3.870493e-01
2.017000e+01 2.368175e-01 3.883162e-01
2.018000e+01 2.376130e-01 3.895687e-01
2.019000e+01 2.384411e-01 3.908052e-01
2.020000e+01 2.393009e-01 3.920240e-01
2.021000e+01 2.401918e-01 3.932233e-01
2.022000e+01 2.411126e-01 3.944015e-01
2.023000e+01 2.420625e-01 3.955569e-01
2.024000e+01 2.430402e-01 3.966880e-01
2.025000e+01 2.440447e-01 3.977932e-01
2.026000e+01 2.450747e-01 3.988710e-01
2.027000e+01 2.461289e-01 3.999199e-01
2.028000e+01 2.472057e-01 4.009387e-01
2.029000e+01 2.483038e-01 4.019259e-01
2.030000e+01 2.494215e-01 4.028803e-01
2.031000e+01 2.505572e-01 4.038008e-01
2.032000e+01 2.517093e-01 4.046861e-01
2.033000e+01 2.528759e-01 4.055353e-01
2.034000e+01 2.540552e-01 4.063474e-01
2.035000e+01 2.552454e-01 4.071215e-01
2.036000e+01 2.564444e-01 4.078568e-01
2.037000e+01 2.576504e-01 4.085525e-01
2.038000e+01 2.588612e-01 4.092082e-01
2.039000e+01 2.600748e-01 4.098231e-01
2.040000e+01 2.612890e-01 4.103970e-01
2.041000e+01 2.625017e-01 4.109294e-01
2.042000e+01 2.637107e-01 4.114201e-01
2.043000e+01 2.649138e-01 4.118690e-01
2.044000e+01 2.661087e-01 4.122760e-01
2.045000e+01 2.672932e-01 4.126413e-01
2.046000e+01 2.684649e-01 4.129649e-01
2.047000e+01 2.696217e-01 4.132471e-01
2.048000e+01 2.707612e-01 4.134884e-01
2.049000e+01 2.718811e-01 4.136893e-01
2.050000e+01 2.729791e-01 4.138502e-01
2.051000e+01 2.740530e-01 4.139721e-01
2.052000e+01 2.751005e-01 4.140556e-01
2.053000e+01 2.761193e-01 4.141018e-01
2.054000e+01 2.771072e-01 4.141116e-01
2.055000e+01 2.780621e-01 4.140862e-01
2.056000e+01 2.789817e-01 4.140269e-01
2.057000e+01 2.798639e-01 4.139351e-01
2.058000e+01 2.807068e-01 4.138122e-01
2.059000e+01 2.815081e-01 4.136598e-01
2.060000e+01 2.822660e-01 4.134796e-01
2.061000e+01 2.829786e-01 4.132734e-01
2.062000e+01 2.836439e-01 4.130431e-01
2.063000e+01 2.842602e-01 4.127906e-01
2.064000e+01 2.848257e-01 4.125181e-01
2.065000e+01 2.853389e-01 4.122277e-01
2.066000e+01 2.857981e-01 4.119217e-01
2.067000e+01 2.862019e-01 4.116025e-01
2.068000e+01 2.865489e-01 4.112724e-01
2.069000e+01 2.868378e-01 4.109341e-01
2.070000e+01 2.870674e-01 4.105901e-01
2.071000e+01 2.872366e-01 4.102431e-01
2.072000e+01 2.873443e-01 4.098959e-01
2.073000e+01 2.873898e-01 4.095512e-01
2.074000e+01 2.873722e-01 4.092120e-01
2.075000e+01 2.872909e-01 4.088811e-01
2.076000e+01 2.871454e-01 4.085616e-01
2.077000e+01 2.869351e-01 4.082565e-01
2.078000e+01 2.866599e-01 4.079689e-01
2.079000e+01 2.863196e-01 4.077019e-01
2.080000e+01 2.859141e-01 4.074586e-01
2.081000e+01 2.854435e-01 4.072424e-01
2.082000e+01 2.849080e-01 4.070562e-01
2.083000e+01 2.843080e-01 4.069035e-01
2.084000e+01 2.836440e-01 4.067875e-01
2.085000e+01 2.829166e-01 4.067113e-01
2.086000e+01 2.821266e-01 4.066783e-01
2.087000e+01 2.812749e-01 4.066917e-01
2.088000e+01 2.803626e-01 4.067547e-01
2.089000e+01 2.793908e-01 4.068706e-01
2.090000e+01 2.783609e-01 4.070426e-01
2.091000e+01 2.772744e-01 4.072739e-01
2.092000e+01 2.761328e-01 4.075676e-01
2.093000e+01 2.749379e-01 4.079268e-01
2.094000e+01 2.736917e-01 4.083546e-01
2.095000e+01 2.723961e-01 4.088540e-01
2.096000e+01 2.710534e-01 4.094280e-01
2.097000e+01 2.696658e-01 4.100795e-01
2.098000e+01 2.682358e-01 4.108113e-01
2.099000e+01 2.667659e-01 4.116261e-01
2.100000e+01 2.652589e-01 4.125267e-01
2.101000e+01 2.637176e-01 4.135157e-01
2.102000e+01 2.621449e-01 4.145955e-01
2.103000e+01 2.605439e-01 4.157685e-01
2.104000e+01 2.589179e-01 4.170372e-01
2.105000e+01 2.572701e-01 4.184036e-01
2.106000e+01 2.556040e-01 4.198698e-01
2.107000e+01 2.539230e-01 4.214380e-01
2.108000e+01 2.522309e-01 4.231098e-01
2.109000e+01 2.505313e-01 4.248870e-01
2.110000e+01 2.488282e-01 4.267713e-01
2.111000e+01 2.471253e-01 4.287640e-01
2.112000e+01 2.454268e-01 4.308665e-01
2.113000e+01 2.437368e-01 4.330801e-01
2.114000e+01 2.420593e-01 4.354056e-01
2.115000e+01 2.403986e-01 4.378440e-01
2.116000e+01 2.387591e-01 4.403961e-01
2.117000e+01 2.371450e-01 4.430623e-01
2.118000e+01 2.355608e-01 4.458432e-01
2.119000e+01 2.340110e-01 4.487388e-01
2.120000e+01 2.325001e-01 4.517494e-01
2.121000e+01 2.310325e-01 4.548748e-01
2.122000e+01 2.296129e-01 4.581147e-01
2.123000e+01 2.282459e-01 4.614688e-01
2.124000e+01 2.269360e-01 4.649363e-01
2.125000e+01 2.256878e-01 4.685165e-01
2.126000e+01 2.245060e-01 4.722085e-01
2.127000e+01 2.233952e-01 4.760111e-01
2.128000e+01 2.223600e-01 4.799229e-01
2.129000e+01 2.214049e-01 4.839424e-01
2.130000e+01 2.205344e-01 4.880680e-01
2.131000e+01 2.197532e-01 4.922978e-01
2.132000e+01 2.190656e-01 4.966298e-01
2.133000e+01 2.184762e-01 5.010617e-01
2.134000e+01 2.179892e-01 5.055911e-01
2.135000e+01 2.176090e-01 5.102154e-01
2.136000e+01 2.173398e-01 5.149320e-01
2.137000e+01 2.171858e-01 5.197378e-01
2.138000e+01 2.171511e-01 5.246298e-01
2.139000e+01 2.172397e-01 5.296047e-01
2.140000e+01 2.174554e-01 5.346591e-01
2.141000e+01 2.178021e-01 5.397894e-01
2.142000e+01 2.182835e-01 5.449918e-01
2.143000e+01 2.189030e-01 5.502625e-01
2.144000e+01 2.196643e-01 5.555973e-01
2.145000e+01 2.205705e-01 5.609921e-01
2.146000e+01 2.216249e-01 5.664425e-01
2.147000e+01 2.228305e-01 5.719440e-01
2.148000e+01 2.241903e-01 5.774920e-01
2.149000e+01 2.257069e-01 5.830817e-01
2.150000e+01 2.273829e-01 5.887084e-01
2.151000e+01 2.292208e-01 5.943668e-01
2.152000e+01 2.312228e-01 6.000520e-01
2.153000e+01 2.333910e-01 6.057588e-01
2.154000e+01 2.357273e-01 6.114817e-01
2.155000e+01 2.382334e-01 6.172155e-01
2.156000e+01 2.409108e-01 6.229545e-01
2.157000e+01 2.437610e-01 6.286933e-01
2.158000e+01 2.467850e-01 6.344261e-01
2.159000e+01 2.499838e-01 6.401472e-01
2.160000e+01 2.533581e-01 6.458509e-01
2.161000e+01 2.569084e-01 6.515312e-01
2.162000e+01 2.606352e-01 6.571824e-01
2.163000e+01 2.645386e-01 6.627985e-01
2.164000e+01 2.686183e-01 6.683735e-01
2.165000e+01 2.728743e-01 6.739015e-01
2.166000e+01 2.773058e-01 6.793765e-01
2.167000e+01 2.819123e-01 6.847924e-01
2.168000e+01 2.866927e-01 6.901433e-01
2.169000e+01 2.916459e-01 6.954232e-01
2.170000e+01 2.967705e-01 7.006262e-01
2.171000e+01 3.020649e-01 7.057462e-01
2.172000e+01 3.075272e-01 7.107775e-01
2.173000e+01 3.131555e-01 7.157141e-01
2.174000e+01 3.189475e-01 7.205502e-01
2.175000e+01 3.249007e-01 7.252800e-01
2.176000e+01 3.310124e-01 7.298980e-01
2.177000e+01 3.372797e-01 7.343984e-01
2.178000e+01 3.436996e-01 7.387758e-01
2.179000e+01 3.502686e-01 7.430246e-01
2.180000e+01 3.569833e-01 7.471397e-01
2.181000e+01 3.638400e-01 7.511157e-01
2.182000e+01 3.708347e-01 7.549476e-01
2.183000e+01 3.779633e-01 7.586304e-01
2.184000e+01 3.852216e-01 7.621591e-01
2.185000e+01 3.926049e-01 7.655292e-01
2.186000e+01 4.001088e-01 7.687360e-01
2.187000e+01 4.077283e-01 7.717750e-01
2.188000e+01 4.154583e-01 7.746422e-01
2.189000e+01 4.232938e-01 7.773333e-01
2.190000e+01 4.312294e-01 7.798444e-01
2.191000e+01 4.392595e-01 7.821718e-01
2.192000e+01 4.473786e-01 7.843119e-01
2.193000e+01 4.555808e-01 7.862615e-01
2.194000e+01 4.638602e-01 7.880172e-01
2.195000e+01 4.722109e-01 7.895762e-01
2.196000e+01 4.806265e-01 7.909357e-01
2.197000e+01 4.891009e-01 7.920932e-01
2.198000e+01 4.976277e-01 7.930463e-01
2.199000e+01 5.062003e-01 7.937929e-01
2.200000e+01 5.148122e-01 7.943311e-01
2.201000e+01 5.234569e-01 7.946594e-01
2.202000e+01 5.321274e-01 7.947763e-01
2.203000e+01 5.408171e-01 7.946805e-01
2.204000e+01 5.495191e-01 7.943713e-01
2.205000e+01 5.582265e-01 7.938478e-01
2.206000e+01 5.669324e-01 7.931096e-01
2.207000e+01 5.756298e-01 7.921565e-01
2.208000e+01 5.843118e-01 7.909887e-01
2.209000e+01 5.929714e-01 7.896062e-01
2.210000e+01 6.016015e-01 7.880097e-01
2.211000e+01 6.101953e-01 7.862001e-01
2.212000e+01 6.187457e-01 7.841782e-01
2.213000e+01 6.272458e-01 7.819454e-01
2.214000e+01 6.356887e-01 7.795033e-01
2.215000e+01 6.440676e-01 7.768536e-01
2.216000e+01 6.523756e-01 7.739984e-01
2.217000e+01 6.606061e-01 7.709400e-01
2.218000e+01 6.687522e-01 7.676808e-01
2.219000e+01 6.768076e-01 7.642236e-01
2.220000e+01 6.847656e-01 7.605715e-01
2.221000e+01 6.926198e-01 7.567277e-01
2.222000e+01 7.003641e-01 7.526957e-01
2.223000e+01 7.079922e-01 7.484792e-01
2.224000e+01 7.154980e-01 7.440820e-01
2.225000e+01 7.228758e-01 7.395084e-01
2.226000e+01 7.301197e-01 7.347627e-01
2.227000e+01 7.372240e-01 7.298496e-01
2.228000e+01 7.441835e-01 7.247737e-01
2.229000e+01 7.509927e-01 7.195401e-01
2.230000e+01 7.576465e-01 7.141539e-01
2.231000e+01 7.641401e-01 7.086205e-01
2.232000e+01 7.704687e-01 7.029455e-01
2.233000e+01 7.766278e-01 6.971346e-01
2.234000e+01 7.826129e-01 6.911937e-01
2.235000e+01 7.884201e-01 6.851288e-01
2.236000e+01 7.940453e-01 6.789461e-01
2.237000e+01 7.994850e-01 6.726520e-01
2.238000e+01 8.047355e-01 6.662530e-01
2.239000e+01 8.097938e-01 6.597556e-01
2.240000e+01 8.146568e-01 6.531667e-01
2.241000e+01 8.193217e-01 6.464931e-01
2.242000e+01 8.237861e-01 6.397416e-01
2.243000e+01 8.280477e-01 6.329195e-01
2.244000e+01 8.321045e-01 6.260337e-01
2.245000e+01 8.359548e-01 6.190915e-01
2.246000e+01 8.395970e-01 6.121002e-01
2.247000e+01 8.430301e-01 6.050671e-01
2.248000e+01 8.462530e-01 5.979995e-01
2.249000e+01 8.492651e-01 5.909049e-01
2.250000e+01 8.520660e-01 5.837908e-01
2.251000e+01 8.546554e-01 5.766644e-01
2.252000e+01 8.570337e-01 5.695334e-01
2.253000e+01 8.592011e-01 5.624052e-01
2.254000e+01 8.611583e-01 5.552872e-01
2.255000e+01 8.629064e-01 5.481868e-01
2.256000e+01 8.644464e-01 5.411114e-01
2.257000e+01 8.657801e-01 5.340684e-01
2.258000e+01 8.669090e-01 5.270650e-01
2.259000e+01 8.678352e-01 5.201085e-01
2.260000e+01 8.685611e-01 5.132060e-01
2.261000e+01 8.690891e-01 5.063645e-01
2.262000e+01 8.694222e-01 4.995911e-01
2.263000e+01 8.695634e-01 4.928927e-01
2.264000e+01 8.695160e-01 4.862758e-01
2.265000e+01 8.692836e-01 4.797473e-01
2.266000e+01 8.688700e-01 4.733135e-01
2.267000e+01 8.682793e-01 4.669809e-01
2.268000e+01 8.675158e-01 4.607557e-01
2.269000e+01 8.665840e-01 4.546438e-01
2.270000e+01 8.654888e-01 4.486512e-01
2.271000e+01 8.642349e-01 4.427836e-01
2.272000e+01 8.628277e-01 4.370465e-01
2.273000e+01 8.612725e-01 4.314453e-01
2.274000e+01 8.595749e-01 4.259850e-01
2.275000e+01 8.577406e-01 4.206706e-01
2.276000e+01 8.557757e-01 4.155068e-01
2.277000e+01 8.536863e-01 4.104980e-01
2.278000e+01 8.514786e-01 4.056486e-01
2.279000e+01 8.491590e-01 4.009626e-01
2.280000e+01 8.467344e-01 3.964436e-01
2.281000e+01 8.442112e-01 3.920954e-01
2.282000e+01 8.415965e-01 3.879211e-01
2.283000e+01 8.388972e-01 3.839239e-01
2.284000e+01 8.361205e-01 3.801063e-01
2.285000e+01 8.332735e-01 3.764711e-01
2.286000e+01 8.303636e-01 3.730204e-01
2.287000e+01 8.273981e-01 3.697561e-01
2.288000e+01 8.243846e-01 3.666800e-01
2.289000e+01 8.213305e-01 3.637934e-01
2.290000e+01 8.182434e-01 3.610975e-01
2.291000e+01 8.151309e-01 3.585931e-01
2.292000e+01 8.120008e-01 3.562809e-01
2.293000e+01 8.088606e-01 3.541609e-01
2.294000e+01 8.057181e-01 3.522334e-01
2.295000e+01 8.025810e-01 3.504978e-01
2.296000e+01 7.994568e-01 3.489538e-01
2.297000e+01 7.963534e-01 3.476003e-01
2.298000e+01 7.932782e-01 3.464362e-01
2.299000e+01 7.902389e-01 3.454600e-01
2.300000e+01 7.872430e-01 3.446701e-01
2.301000e+01 7.842979e-01 3.440644e-01
2.302000e+01 7.814111e-01 3.436406e-01
2.303000e+01 7.785898e-01 3.433962e-01
2.304000e+01 7.758413e-01 3.433283e-01
2.305000e+01 7.731726e-01 3.434337e-01
2.306000e+01 7.705907e-01 3.437092e-01
2.307000e+01 7.681025e-01 3.441510e-01
2.308000e+01 7.657148e-01 3.447552e-01
2.309000e+01 7.634340e-01 3.455178e-01
2.310000e+01 7.612666e-01 3.464342e-01
2.311000e+01 7.592190e-01 3.474999e-01
2.312000e+01 7.572970e-01 3.487099e-01
2.313000e+01 7.555068e-01 3.500593e-01
2.314000e+01 7.538539e-01 3.515425e-01
2.315000e+01 7.523440e-01 3.531541e-01
2.316000e+01 7.509822e-01 3.548884e-01
2.317000e+01 7.497738e-01 3.567393e-01
2.318000e+01 7.487236e-01 3.587007e-01
2.319000e+01 7.478362e-01 3.607663e-01
2.320000e+01 7.471161e-01 3.629296e-01
2.321000e+01 7.465674e-01 3.651839e-01
2.322000e+01 7.461941e-01 3.675224e-01
2.323000e+01 7.459998e-01 3.699380e-01
2.324000e+01 7.459879e-01 3.724237e-01
2.325000e+01 7.461617e-01 3.749722e-01
2.326000e+01 7.465239e-01 3.775762e-01
2.327000e+01 7.470771e-01 3.802281e-01
2.328000e+01 7.478238e-01 3.829203e-01
2.329000e+01 7.487659e-01 3.856453e-01
2.330000e+01 7.499052e-01 3.883951e-01
2.331000e+01 7.512431e-01 3.911621e-01
2.332000e+01 7.527809e-01 3.939384e-01
2.333000e+01 7.545195e-01 3.967159e-01
2.334000e+01 7.564593e-01 3.994868e-01
2.335000e+01 7.586008e-01 4.022430e-01
2.336000e+01 7.609439e-01 4.049766e-01
2.337000e+01 7.634884e-01 4.076795e-01
2.338000e+01 7.662336e-01 4.103438e-01
2.339000e+01 7.691786e-01 4.129615e-01
2.340000e+01 7.723223e-01 4.155245e-01
2.341000e+01 7.756633e-01 4.180251e-01
2.342000e+01 7.791996e-01 4.204552e-01
2.343000e+01 7.829293e-01 4.228073e-01
2.344000e+01 7.868499e-01 4.250734e-01
2.345000e+01 7.909590e-01 4.272460e-01
2.346000e+01 7.952535e-01 4.293175e-01
2.347000e+01 7.997302e-01 4.312805e-01
2.348000e+01 8.043857e-01 4.331276e-01
2.349000e+01 8.092162e-01 4.348517e-01
2.350000e+01 8.142177e-01 4.364456e-01
2.351000e+01 8.193860e-01 4.379025e-01
2.352000e+01 8.247164e-01 4.392155e-01
2.353000e+01 8.302043e-01 4.403781e-01
2.354000e+01 8.358446e-01 4.413838e-01
2.355000e+01 8.416319e-01 4.422264e-01
2.356000e+01 8.475610e-01 4.428997e-01
2.357000e+01 8.536259e-01 4.433980e-01
2.358000e+01 8.598208e-01 4.437156e-01
2.359000e+01 8.661396e-01 4.438469e-01
2.360000e+01 8.725759e-01 4.437869e-01
2.361000e+01 8.791231e-01 4.435305e-01
2.362000e+01 8.857746e-01 4.430729e-01
2.363000e+01 8.925235e-01 4.424097e-01
2.364000e+01 8.993627e-01 4.415365e-01
2.365000e+01 9.062849e-01 4.404494e-01
2.366000e+01 9.132829e-01 4.391446e-01
2.367000e+01 9.203491e-01 4.376186e-01
2.368000e+01 9.274759e-01 4.358682e-01
2.369000e+01 9.346555e-01 4.338904e-01
2.370000e+01 9.418802e-01 4.316827e-01
2.371000e+01 9.491419e-01 4.292426e-01
2.372000e+01 9.564327e-01 4.265681e-01
2.373000e+01 9.637443e-01 4.236573e-01
2.374000e+01 9.710687e-01 4.205087e-01
2.375000e+01 9.783977e-01 4.171212e-01
2.376000e+01 9.857228e-01 4.134937e-01
2.377000e+01 9.930359e-01 4.096258e-01
2.378000e+01 1.000329e+00 4.055169e-01
2.379000e+01 1.007593e+00 4.011673e-01
2.380000e+01 1.014820e+00 3.965770e-01
2.381000e+01 1.022001e+00 3.917467e-01
2.382000e+01 1.029129e+00 3.866772e-01
2.383000e+01 1.036195e+00 3.813698e-01
2.384000e+01 1.043190e+00 3.758258e-01
2.385000e+01 1.050108e+00 3.700471e-01
2.386000e+01 1.056939e+00 3.640356e-01
2.387000e+01 1.063675e+00 3.577938e-01
2.388000e+01 1.070309e+00 3.513241e-01
2.389000e+01 1.076832e+00 3.446296e-01
2.390000e+01 1.083238e+00 3.377134e-01
2.391000e+01 1.089518e+00 3.305789e-01
2.392000e+01 1.095665e+00 3.232299e-01
2.393000e+01 1.101671e+00 3.156703e-01
2.394000e+01 1.107529e+00 3.079044e-01
2.395000e+01 1.113233e+00 2.999367e-01
2.396000e+01 1.118775e+00 2.917719e-01
2.397000e+01 1.124149e+00 2.834150e-01
2.398000e+01 1.129348e+00 2.748711e-01
2.399000e+01 1.134365e+00 2.661459e-01
2.400000e+01 1.139195e+00 2.572448e-01
2.401000e+01 1.143832e+00 2.481737e-01
2.402000e+01 1.148269e+00 2.389389e-01
2.403000e+01 1.152502e+00 2.295464e-01
2.404000e+01 1.156525e+00 2.200028e-01
2.405000e+01 1.160333e+00 2.103146e-01
2.406000e+01 1.163921e+00 2.004888e-01
2.407000e+01 1.167284e+00 1.905323e-01
2.408000e+01 1.170419e+00 1.804521e-01
2.409000e+01 1.173321e+00 1.702555e-01
2.410000e+01 1.175987e+00 1.599500e-01
2.411000e+01 1.178413e+00 1.495430e-01
2.412000e+01 1.180595e+00 1.390421e-01
2.413000e+01 1.182530e+00 1.284552e-01
2.414000e+01 1.184217e+00 1.177900e-01
2.415000e+01 1.185652e+00 1.070543e-01
2.416000e+01 1.186834e+00 9.625632e-02
2.417000e+01 1.187759e+00 8.540391e-02
2.418000e+01 1.188428e+00 7.450521e-02
2.419000e+01 1.188838e+00 6.356836e-02
2.420000e+01 1.188989e+00 5.260150e-02
2.421000e+01 1.188879e+00 4.161281e-02
2.422000e+01 1.188509e+00 3.061048e-02
2.423000e+01 1.187877e+00 1.960270e-02
2.424000e+01 1.186985e+00 8.597631e-03
2.425000e+01 1.185833e+00 -2.396573e-03
2.426000e+01 1.184421e+00 -1.337180e-02
2.427000e+01 1.182750e+00 -2.431997e-02
2.428000e+01 1.180822e+00 -3.523307e-02
2.429000e+01 1.178638e+00 -4.610314e-02
2.430000e+01 1.176200e+00 -5.692230e-02
2.431000e+01 1.173510e+00 -6.768276e-02
2.432000e+01 1.170570e+00 -7.837681e-02
2.433000e+01 1.167383e+00 -8.899684e-02
2.434000e+01 1.163952e+00 -9.953537e-02
2.435000e+01 1.160280e+00 -1.099850e-01
2.436000e+01 1.156370e+00 -1.203386e-01
2.437000e+01 1.152226e+00 -1.305889e-01
2.438000e+01 1.147852e+00 -1.407291e-01
2.439000e+01 1.143251e+00 -1.507523e-01
2.440000e+01 1.138429e+00 -1.606519e-01
2.441000e+01 1.133389e+00 -1.704215e-01
2.442000e+01 1.128136e+00 -1.800547e-01
2.443000e+01 1.122676e+00 -1.895455e-01
2.444000e+01 1.117013e+00 -1.988880e-01
2.445000e+01 1.111153e+00 -2.080765e-01
2.446000e+01 1.105101e+00 -2.171054e-01
2.447000e+01 1.098862e+00 -2.259695e-01
2.448000e+01 1.092444e+00 -2.346638e-01
2.449000e+01 1.085851e+00 -2.431833e-01
2.450000e+01 1.079090e+00 -2.515235e-01
2.451000e+01 1.072166e+00 -2.596800e-01
2.452000e+01 1.065088e+00 -2.676486e-01
2.453000e+01 1.057860e+00 -2.754255e-01
2.454000e+01 1.050490e+00 -2.830069e-01
2.455000e+01 1.042984e+00 -2.903895e-01
2.456000e+01 1.035349e+00 -2.975702e-01
2.457000e+01 1.027592e+00 -3.045459e-01
2.458000e+01 1.019720e+00 -3.113141e-01
2.459000e+01 1.011741e+00 -3.178723e-01
2.460000e+01 1.003660e+00 -3.242185e-01
2.461000e+01 9.954854e-01 -3.303507e-01
2.462000e+01 9.872243e-01 -3.362674e-01
2.463000e+01 9.788838e-01 -3.419672e-01
2.464000e+01 9.704710e-01 -3.474489e-01
2.465000e+01 9.619931e-01 -3.527118e-01
2.466000e+01 9.534575e-01 -3.577553e-01
2.467000e+01 9.448711e-01 -3.625791e-01
2.468000e+01 9.362412e-01 -3.671830e-01
2.469000e+01 9.275748e-01 -3.715674e-01
2.470000e+01 9.188792e-01 -3.757325e-01
2.471000e+01 9.101611e-01 -3.796793e-01
2.472000e+01 9.014277e-01 -3.834085e-01
2.473000e+01 8.926858e-01 -3.869213e-01
2.474000e+01 8.839422e-01 -3.902192e-01
2.475000e+01 8.752037e-01 -3.933039e-01
2.476000e+01 8.664767e-01 -3.961772e-01
2.477000e+01 8.577679e-01 -3.988413e-01
2.478000e+01 8.490836e-01 -4.012984e-01
2.479000e+01 8.404300e-01 -4.035511e-01
2.480000e+01 8.318135e-01 -4.056022e-01
2.481000e+01 8.232399e-01 -4.074547e-01
2.482000e+01 8.147150e-01 -4.091117e-01
2.483000e+01 8.062448e-01 -4.105766e-01
2.484000e+01 7.978345e-01 -4.118529e-01
2.485000e+01 7.894898e-01 -4.129444e-01
2.486000e+01 7.812157e-01 -4.138549e-01
2.487000e+01 7.730174e-01 -4.145885e-01
2.488000e+01 7.648996e-01 -4.151494e-01
2.489000e+01 7.568671e-01 -4.155419e-01
2.490000e+01 7.489244e-01 -4.157707e-01
2.491000e+01 7.410757e-01 -4.158403e-01
2.492000e+01 7.333251e-01 -4.157555e-01
2.493000e+01 7.256765e-01 -4.155212e-01
2.494000e+01 7.181337e-01 -4.151424e-01
2.495000e+01 7.107000e-01 -4.146241e-01
2.496000e+01 7.033787e-01 -4.139716e-01
2.497000e+01 6.961730e-01 -4.131901e-01
2.498000e+01 6.890854e-01 -4.122851e-01
2.499000e+01 6.821188e-01 -4.112618e-01
2.500000e+01 6.752755e-01 -4.101257e-01
2.501000e+01 6.685576e-01 -4.088825e-01
2.502000e+01 6.619670e-01 -4.075376e-01
2.503000e+01 6.555055e-01 -4.060967e-01
2.504000e+01 6.491746e-01 -4.045653e-01
2.505000e+01 6.429755e-01 -4.029490e-01
2.506000e+01 6.369093e-01 -4.012536e-01
2.507000e+01 6.309768e-01 -3.994846e-01
2.508000e+01 6.251786e-01 -3.976477e-01
2.509000e+01 6.195150e-01 -3.957484e-01
2.510000e+01 6.139863e-01 -3.937923e-01
2.511000e+01 6.085923e-01 -3.917850e-01
2.512000e+01 6.033329e-01 -3.897318e-01
2.513000e+01 5.982075e-01 -3.876383e-01
2.514000e+01 5.932155e-01 -3.855098e-01
2.515000e+01 5.883560e-01 -3.833516e-01
2.516000e+01 5.836279e-01 -3.811690e-01
2.517000e+01 5.790299e-01 -3.789669e-01
2.518000e+01 5.745605e-01 -3.767506e-01
2.519000e+01 5.702182e-01 -3.745249e-01
2.520000e+01 5.660010e-01 -3.722947e-01
2.521000e+01 5.619070e-01 -3.700646e-01
2.522000e+01 5.579340e-01 -3.678394e-01
2.523000e+01 5.540796e-01 -3.656234e-01
2.524000e+01 5.503413e-01 -3.634210e-01
2.525000e+01 5.467165e-01 -3.612365e-01
2.526000e+01 5.432024e-01 -3.590739e-01
2.527000e+01 5.397960e-01 -3.569371e-01
2.528000e+01 5.364943e-01 -3.548299e-01
2.529000e+01 5.332940e-01 -3.527559e-01
2.530000e+01 5.301918e-01 -3.507185e-01
2.531000e+01 5.271843e-01 -3.487212e-01
2.532000e+01 5.242680e-01 -3.467668e-01
2.533000e+01 5.214391e-01 -3.448586e-01
2.534000e+01 5.186940e-01 -3.429991e-01
2.535000e+01 5.160289e-01 -3.411910e-01
2.536000e+01 5.134398e-01 -3.394367e-01
2.537000e+01 5.109228e-01 -3.377384e-01
2.538000e+01 5.084738e-01 -3.360983e-01
2.539000e+01 5.060889e-01 -3.345181e-01
2.540000e+01 5.037639e-01 -3.329996e-01
2.541000e+01 5.014945e-01 -3.315441e-01
2.542000e+01 4.992768e-01 -3.301531e-01
2.543000e+01 4.971063e-01 -3.288277e-01
2.544000e+01 4.949790e-01 -3.275687e-01
2.545000e+01 4.928906e-01 -3.263770e-01
2.546000e+01 4.908368e-01 -3.252530e-01
2.547000e+01 4.888135e-01 -3.241971e-01
2.548000e+01 4.868165e-01 -3.232095e-01
2.549000e+01 4.848415e-01 -3.222903e-01
2.550000e+01 4.828845e-01 -3.214392e-01
2.551000e+01 4.809414e-01 -3.206559e-01
2.552000e+01 4.790080e-01 -3.199398e-01
2.553000e+01 4.770804e-01 -3.192902e-01
2.554000e+01 4.751547e-01 -3.187063e-01
2.555000e+01 4.732270e-01 -3.181869e-01
2.556000e+01 4.712935e-01 -3.177310e-01
2.557000e+01 4.693505e-01 -3.173370e-01
2.558000e+01 4.673942e-01 -3.170036e-01
2.559000e+01 4.654213e-01 -3.167289e-01
2.560000e+01 4.634283e-01 -3.165113e-01
2.561000e+01 4.614118e-01 -3.163487e-01
2.562000e+01 4.593686e-01 -3.162389e-01
2.563000e+01 4.572955e-01 -3.161799e-01
2.564000e+01 4.551897e-01 -3.161693e-01
2.565000e+01 4.530482e-01 -3.162044e-01
2.566000e+01 4.508683e-01 -3.162829e-01
2.567000e+01 4.486474e-01 -3.164019e-01
2.568000e+01 4.463831e-01 -3.165586e-01
2.569000e+01 4.440729e-01 -3.167502e-01
2.570000e+01 4.417147e-01 -3.169737e-01
2.571000e+01 4.393065e-01 -3.172259e-01
2.572000e+01 4.368465e-01 -3.175038e-01
2.573000e+01 4.343327e-01 -3.178042e-01
2.574000e+01 4.317638e-01 -3.181236e-01
2.575000e+01 4.291383e-01 -3.184589e-01
2.576000e+01 4.264548e-01 -3.188066e-01
2.577000e+01 4.237124e-01 -3.191632e-01
2.578000e+01 4.209100e-01 -3.195254e-01
2.579000e+01 4.180470e-01 -3.198895e-01
2.580000e+01 4.151226e-01 -3.202522e-01
2.581000e+01 4.121365e-01 -3.206098e-01
2.582000e+01 4.090883e-01 -3.209589e-01
2.583000e+01 4.059779e-01 -3.212958e-01
2.584000e+01 4.028054e-01 -3.216171e-01
2.585000e+01 3.995710e-01 -3.219192e-01
2.586000e+01 3.962750e-01 -3.221986e-01
2.587000e+01 3.929180e-01 -3.224519e-01
2.588000e+01 3.895005e-01 -3.226757e-01
2.589000e+01 3.860236e-01 -3.228664e-01
2.590000e+01 3.824880e-01 -3.230208e-01
2.591000e+01 3.788951e-01 -3.231356e-01
2.592000e+01 3.752460e-01 -3.232075e-01
2.593000e+01 3.715422e-01 -3.232333e-01
2.594000e+01 3.677852e-01 -3.232100e-01
2.595000e+01 3.639768e-01 -3.231345e-01
2.596000e+01 3.601188e-01 -3.230039e-01
2.597000e+01 3.562132e-01 -3.228153e-01
2.598000e+01 3.522620e-01 -3.225660e-01
2.599000e+01 3.482674e-01 -3.222533e-01
2.600000e+01 3.442319e-01 -3.218746e-01
2.601000e+01 3.401578e-01 -3.214275e-01
2.602000e+01 3.360478e-01 -3.209097e-01
2.603000e+01 3.319043e-01 -3.203189e-01
2.604000e+01 3.277303e-01 -3.196531e-01
2.605000e+01 3.235285e-01 -3.189102e-01
2.606000e+01 3.193019e-01 -3.180885e-01
2.607000e+01 3.150534e-01 -3.171861e-01
2.608000e+01 3.107861e-01 -3.162016e-01
2.609000e+01 3.065032e-01 -3.151334e-01
2.610000e+01 3.022079e-01 -3.139803e-01
2.611000e+01 2.979035e-01 -3.127412e-01
2.612000e+01 2.935932e-01 -3.114150e-01
2.613000e+01 2.892804e-01 -3.100008e-01
2.614000e+01 2.849684e-01 -3.084979e-01
2.615000e+01 2.806608e-01 -3.069057e-01
2.616000e+01 2.763610e-01 -3.052239e-01
2.617000e+01 2.720723e-01 -3.034521e-01
2.618000e+01 2.677983e-01 -3.015903e-01
2.619000e+01 2.635424e-01 -2.996384e-01
2.620000e+01 2.593082e-01 -2.975966e-01
2.621000e+01 2.550990e-01 -2.954653e-01
2.622000e+01 2.509184e-01 -2.932450e-01
2.623000e+01 2.467696e-01 -2.909362e-01
2.624000e+01 2.426562e-01 -2.885397e-01
2.625000e+01 2.385815e-01 -2.860565e-01
2.626000e+01 2.345488e-01 -2.834877e-01
2.627000e+01 2.305613e-01 -2.808344e-01
2.628000e+01 2.266223e-01 -2.780979e-01
2.629000e+01 2.227350e-01 -2.752798e-01
2.630000e+01 2.189024e-01 -2.723817e-01
2.631000e+01 2.151276e-01 -2.694053e-01
2.632000e+01 2.114135e-01 -2.663525e-01
2.633000e+01 2.077630e-01 -2.632253e-01
2.634000e+01 2.041788e-01 -2.600258e-01
2.635000e+01 2.006637e-01 -2.567562e-01
2.636000e+01 1.972203e-01 -2.534189e-01
2.637000e+01 1.938509e-01 -2.500164e-01
2.638000e+01 1.905581e-01 -2.465512e-01
2.639000e+01 1.873442e-01 -2.430260e-01
2.640000e+01 1.842111e-01 -2.394435e-01
2.641000e+01 1.811611e-01 -2.358065e-01
2.642000e+01 1.781961e-01 -2.321181e-01
2.643000e+01 1.753178e-01 -2.283812e-01
2.644000e+01 1.725279e-01 -2.245988e-01
2.645000e+01 1.698280e-01 -2.207742e-01
2.646000e+01 1.672194e-01 -2.169105e-01
2.647000e+01 1.647036e-01 -2.130110e-01
2.648000e+01 1.622815e-01 -2.090790e-01
2.649000e+01 1.599542e-01 -2.051178e-01
2.650000e+01 1.577225e-01 -2.011310e-01
2.651000e+01 1.555872e-01 -1.971218e-01
2.652000e+01 1.535489e-01 -1.930939e-01
2.653000e+01 1.516078e-01 -1.890505e-01
2.654000e+01 1.497645e-01 -1.849952e-01
2.655000e+01 1.480189e-01 -1.809316e-01
2.656000e+01 1.463710e-01 -1.768631e-01
2.657000e+01 1.448208e-01 -1.727932e-01
2.658000e+01 1.433678e-01 -1.687254e-01
2.659000e+01 1.420117e-01 -1.646631e-01
2.660000e+01 1.407518e-01 -1.606098e-01
2.661000e+01 1.395875e-01 -1.565690e-01
2.662000e+01 1.385178e-01 -1.525439e-01
2.663000e+01 1.375417e-01 -1.485379e-01
2.664000e+01 1.366581e-01 -1.445543e-01
2.665000e+01 1.358656e-01 -1.405963e-01
2.666000e+01 1.351629e-01 -1.366671e-01
2.667000e+01 1.345484e-01 -1.327699e-01
2.668000e+01 1.340204e-01 -1.289075e-01
2.669000e+01 1.335772e-01 -1.250831e-01
2.670000e+01 1.332167e-01 -1.212995e-01
2.671000e+01 1.329370e-01 -1.175594e-01
2.672000e+01 1.327359e-01 -1.138656e-01
2.673000e+01 1.326111e-01 -1.102207e-01
2.674000e+01 1.325602e-01 -1.066272e-01
2.675000e+01 1.325808e-01 -1.030875e-01
2.676000e+01 1.326704e-01 -9.960394e-02
2.677000e+01 1.328262e-01 -9.617861e-02
2.678000e+01 1.330455e-01 -9.281362e-02
2.679000e+01 1.333254e-01 -8.951091e-02
2.680000e+01 1.336632e-01 -8.627232e-02
2.681000e+01 1.340557e-01 -8.309952e-02
2.682000e+01 1.345000e-01 -7.999409e-02
2.683000e+01 1.349929e-01 -7.695747e-02
2.684000e+01 1.355313e-01 -7.399094e-02
2.685000e+01 1.361121e-01 -7.109567e-02
2.686000e+01 1.367318e-01 -6.827268e-02
2.687000e+01 1.373873e-01 -6.552286e-02
2.688000e+01 1.380752e-01 -6.284694e-02
2.689000e+01 1.387923e-01 -6.024552e-02
2.690000e+01 1.395350e-01 -5.771905e-02
2.691000e+01 1.403002e-01 -5.526785e-02
2.692000e+01 1.410843e-01 -5.289207e-02
2.693000e+01 1.418840e-01 -5.059173e-02
2.694000e+01 1.426959e-01 -4.836670e-02
2.695000e+01 1.435167e-01 -4.621671e-02
2.696000e+01 1.443430e-01 -4.414134e-02
2.697000e+01 1.451715e-01 -4.214003e-02
2.698000e+01 1.459990e-01 -4.021207e-02
2.699000e+01 1.468221e-01 -3.835662e-02
2.700000e+01 1.476377e-01 -3.657270e-02
2.701000e+01 1.484425e-01 -3.485917e-02
2.702000e+01 1.492336e-01 -3.321480e-02
2.703000e+01 1.500078e-01 -3.163817e-02
2.704000e+01 1.507621e-01 -3.012778e-02
2.705000e+01 1.514938e-01 -2.868198e-02
2.706000e+01 1.521998e-01 -2.729898e-02
2.707000e+01 1.528775e-01 -2.597690e-02
2.708000e+01 1.535242e-01 -2.471372e-02
2.709000e+01 1.541373e-01 -2.350732e-02
2.710000e+01 1.547144e-01 -2.235546e-02
2.711000e+01 1.552531e-01 -2.125580e-02
2.712000e+01 1.557511e-01 -2.020589e-02
2.713000e+01 1.562063e-01 -1.920319e-02
2.714000e+01 1.566165e-01 -1.824507e-02
2.715000e+01 1.569800e-01 -1.732881e-02
2.716000e+01 1.572948e-01 -1.645160e-02
2.717000e+01 1.575593e-01 -1.561056e-02
2.718000e+01 1.577720e-01 -1.480274e-02
2.719000e+01 1.579314e-01 -1.402512e-02
2.720000e+01 1.580362e-01 -1.327462e-02
2.721000e+01 1.580853e-01 -1.254810e-02
2.722000e+01 1.580778e-01 -1.184237e-02
2.723000e+01 1.580126e-01 -1.115421e-02
2.724000e+01 1.578892e-01 -1.048034e-02
2.725000e+01 1.577068e-01 -9.817472e-03
2.726000e+01 1.574652e-01 -9.162276e-03
2.727000e+01 1.571640e-01 -8.511408e-03
2.728000e+01 1.568030e-01 -7.861511e-03
2.729000e+01 1.563823e-01 -7.209220e-03
2.730000e+01 1.559020e-01 -6.551170e-03
2.731000e+01 1.553625e-01 -5.884001e-03
2.732000e+01 1.547642e-01 -5.204367e-03
2.733000e+01 1.541077e-01 -4.508937e-03
2.734000e+01 1.533937e-01 -3.794406e-03
2.735000e+01 1.526233e-01 -3.057500e-03
2.736000e+01 1.517973e-01 -2.294981e-03
2.737000e+01 1.509171e-01 -1.503654e-03
2.738000e+01 1.499839e-01 -6.803740e-04
2.739000e+01 1.489992e-01 1.779501e-04
2.740000e+01 1.479646e-01 1.074348e-03
2.741000e+01 1.468820e-01 2.011783e-03
2.742000e+01 1.457531e-01 2.993145e-03
2.743000e+01 1.445799e-01 4.021247e-03
2.744000e+01 1.433647e-01 5.098819e-03
2.745000e+01 1.421096e-01 6.228499e-03
2.746000e+01 1.408171e-01 7.412835e-03
2.747000e+01 1.394897e-01 8.654272e-03
2.748000e+01 1.381299e-01 9.955155e-03
2.749000e+01 1.367404e-01 1.131772e-02
2.750000e+01 1.353242e-01 1.274408e-02
2.751000e+01 1.338841e-01 1.423624e-02
2.752000e+01 1.324231e-01 1.579609e-02
2.753000e+01 1.309443e-01 1.742538e-02
2.754000e+01 1.294509e-01 1.912573e-02
2.755000e+01 1.279462e-01 2.089865e-02
2.756000e+01 1.264335e-01 2.274547e-02
2.757000e+01 1.249162e-01 2.466743e-02
2.758000e+01 1.233978e-01 2.666559e-02
2.759000e+01 1.218817e-01 2.874088e-02
2.760000e+01 1.203716e-01 3.089409e-02
2.761000e+01 1.188711e-01 3.312584e-02
2.762000e+01 1.173838e-01 3.543662e-02
2.763000e+01 1.159134e-01 3.782675e-02
2.764000e+01 1.144636e-01 4.029639e-02
2.765000e+01 1.130381e-01 4.284558e-02
2.766000e+01 1.116407e-01 4.547416e-02
2.767000e+01 1.102751e-01 4.818184e-02
2.768000e+01 1.089451e-01 5.096816e-02
2.769000e+01 1.076543e-01 5.383250e-02
2.770000e+01 1.064066e-01 5.677409e-02
2.771000e+01 1.052055e-01 5.979200e-02
2.772000e+01 1.040549e-01 6.288514e-02
2.773000e+01 1.029582e-01 6.605227e-02
2.774000e+01 1.019192e-01 6.929200e-02
2.775000e+01 1.009413e-01 7.260276e-02
2.776000e+01 1.000282e-01 7.598286e-02
2.777000e+01 9.918318e-02 7.943044e-02
2.778000e+01 9.840968e-02 8.294351e-02
2.779000e+01 9.771100e-02 8.651991e-02
2.780000e+01 9.709039e-02 9.015737e-02
2.781000e+01 9.655100e-02 9.385345e-02
2.782000e+01 9.609590e-02 9.760559e-02
2.783000e+01 9.572805e-02 1.014111e-01
2.784000e+01 9.545033e-02 1.052672e-01
2.785000e+01 9.526551e-02 1.091708e-01
2.786000e+01 9.517626e-02 1.131190e-01
2.787000e+01 9.518511e-02 1.171085e-01
2.788000e+01 9.529450e-02 1.211360e-01
2.789000e+01 9.550673e-02 1.251982e-01
2.790000e+01 9.582397e-02 1.292915e-01
2.791000e+01 9.624828e-02 1.334123e-01
2.792000e+01 9.678155e-02 1.375569e-01
2.793000e+01 9.742555e-02 1.417215e-01
2.794000e+01 9.818192e-02 1.459023e-01
2.795000e+01 9.905212e-02 1.500953e-01
2.796000e+01 1.000375e-01 1.542964e-01
2.797000e+01 1.011392e-01 1.585017e-01
2.798000e+01 1.023582e-01 1.627069e-01
2.799000e+01 1.036955e-01 1.669080e-01
2.800000e+01 1.051516e-01 1.711005e-01
2.801000e+01 1.067272e-01 1.752803e-01
2.802000e+01 1.084226e-01 1.794431e-01
2.803000e+01 1.102381e-01 1.835845e-01
2.804000e+01 1.121736e-01 1.877002e-01
2.805000e+01 1.142290e-01 1.917858e-01
2.806000e+01 1.164041e-01 1.958368e-01
2.807000e+01 1.186983e-01 1.998490e-01
2.808000e+01 1.211111e-01 2.038180e-01
2.809000e+01 1.236417e-01 2.077394e-01
2.810000e+01 1.262889e-01 2.116088e-01
2.811000e+01 1.290519e-01 2.154221e-01
2.812000e+01 1.319291e-01 2.191747e-01
2.813000e+01 1.349192e-01 2.228627e-01
2.814000e+01 1.380205e-01 2.264816e-01
2.815000e+01 1.412312e-01 2.300275e-01
2.816000e+01 1.445494e-01 2.334962e-01
2.817000e+01 1.479729e-01 2.368836e-01
2.818000e+01 1.514996e-01 2.401860e-01
2.819000e+01 1.551268e-01 2.433993e-01
2.820000e+01 1.588522e-01 2.465197e-01
2.821000e+01 1.626729e-01 2.495437e-01
2.822000e+01 1.665861e-01 2.524676e-01
2.823000e+01 1.705889e-01 2.552878e-01
2.824000e+01 1.746780e-01 2.580010e-01
2.825000e+01 1.788501e-01 2.606040e-01
2.826000e+01 1.831020e-01 2.630934e-01
2.827000e+01 1.874300e-01 2.654663e-01
2.828000e+01 1.918306e-01 2.677198e-01
2.829000e+01 1.963000e-01 2.698511e-01
2.830000e+01 2.008343e-01 2.718574e-01
2.831000e+01 2.054295e-01 2.737363e-01
2.832000e+01 2.100817e-01 2.754854e-01
2.833000e+01 2.147866e-01 2.771025e-01
2.834000e+01 2.195400e-01 2.785855e-01
2.835000e+01 2.243376e-01 2.799325e-01
2.836000e+01 2.291751e-01 2.811416e-01
2.837000e+01 2.340478e-01 2.822114e-01
2.838000e+01 2.389514e-01 2.831403e-01
2.839000e+01 2.438811e-01 2.839270e-01
2.840000e+01 2.488325e-01 2.845705e-01
2.841000e+01 2.538008e-01 2.850697e-01
2.842000e+01 2.587814e-01 2.854240e-01
2.843000e+01 2.637693e-01 2.856327e-01
2.844000e+01 2.687600e-01 2.856953e-01
2.845000e+01 2.737486e-01 2.856117e-01
2.846000e+01 2.787304e-01 2.853816e-01
2.847000e+01 2.837005e-01 2.850053e-01
2.848000e+01 2.886541e-01 2.844829e-01
2.849000e+01 2.935864e-01 2.838149e-01
2.850000e+01 2.984927e-01 2.830019e-01
2.851000e+01 3.033683e-01 2.820447e-01
2.852000e+01 3.082084e-01 2.809442e-01
2.853000e+01 3.130083e-01 2.797015e-01
2.854000e+01 3.177634e-01 2.783180e-01
2.855000e+01 3.224691e-01 2.767950e-01
2.856000e+01 3.271209e-01 2.751343e-01
2.857000e+01 3.317142e-01 2.733375e-01
2.858000e+01 3.362448e-01 2.714067e-01
2.859000e+01 3.407082e-01 2.693439e-01
2.860000e+01 3.451002e-01 2.671513e-01
2.861000e+01 3.494166e-01 2.648315e-01
2.862000e+01 3.536533e-01 2.623869e-01
2.863000e+01 3.578064e-01 2.598202e-01
2.864000e+01 3.618720e-01 2.571343e-01
2.865000e+01 3.658463e-01 2.543321e-01
2.866000e+01 3.697256e-01 2.514168e-01
2.867000e+01 3.735064e-01 2.483916e-01
2.868000e+01 3.771853e-01 2.452598e-01
2.869000e+01 3.807589e-01 2.420248e-01
2.870000e+01 3.842242e-01 2.386904e-01
2.871000e+01 3.875780e-01 2.352601e-01
2.872000e+01 3.908174e-01 2.317378e-01
2.873000e+01 3.939397e-01 2.281274e-01
2.874000e+01 3.969423e-01 2.244328e-01
2.875000e+01 3.998227e-01 2.206580e-01
2.876000e+01 4.025787e-01 2.168074e-01
2.877000e+01 4.052079e-01 2.128850e-01
2.878000e+01 4.077086e-01 2.088952e-01
2.879000e+01 4.100787e-01 2.048423e-01
2.880000e+01 4.123166e-01 2.007306e-01
2.881000e+01 4.144207e-01 1.965648e-01
2.882000e+01 4.163899e-01 1.923493e-01
2.883000e+01 4.182227e-01 1.880885e-01
2.884000e+01 4.199182e-01 1.837871e-01
2.885000e+01 4.214756e-01 1.794497e-01
2.886000e+01 4.228941e-01 1.750808e-01
2.887000e+01 4.241732e-01 1.706851e-01
2.888000e+01 4.253126e-01 1.662672e-01
2.889000e+01 4.263120e-01 1.618318e-01
2.890000e+01 4.271714e-01 1.573833e-01
2.891000e+01 4.278910e-01 1.529265e-01
2.892000e+01 4.284711e-01 1.484660e-01
2.893000e+01 4.289121e-01 1.440062e-01
2.894000e+01 4.292147e-01 1.395516e-01
2.895000e+01 4.293797e-01 1.351068e-01
2.896000e+01 4.294079e-01 1.306763e-01
2.897000e+01 4.293006e-01 1.262642e-01
2.898000e+01 4.290589e-01 1.218751e-01
2.899000e+01 4.286842e-01 1.175132e-01
2.900000e+01 4.281782e-01 1.131826e-01
2.901000e+01 4.275426e-01 1.088874e-01
2.902000e+01 4.267790e-01 1.046318e-01
2.903000e+01 4.258897e-01 1.004197e-01
2.904000e+01 4.248766e-01 9.625488e-02
2.905000e+01 4.237420e-01 9.214119e-02
2.906000e+01 4.224882e-01 8.808228e-02
2.907000e+01 4.211179e-01 8.408173e-02
2.908000e+01 4.196335e-01 8.014301e-02
2.909000e+01 4.180378e-01 7.626946e-02
2.910000e+01 4.163337e-01 7.246432e-02
2.911000e+01 4.145240e-01 6.873071e-02
2.912000e+01 4.126119e-01 6.507162e-02
2.913000e+01 4.106003e-01 6.148993e-02
2.914000e+01 4.084926e-01 5.798836e-02
2.915000e+01 4.062921e-01 5.456954e-02
2.916000e+01 4.040021e-01 5.123592e-02
2.917000e+01 4.016261e-01 4.798985e-02
2.918000e+01 3.991675e-01 4.483351e-02
2.919000e+01 3.966300e-01 4.176896e-02
2.920000e+01 3.940172e-01 3.879812e-02
2.921000e+01 3.913327e-01 3.592274e-02
2.922000e+01 3.885804e-01 3.314444e-02
2.923000e+01 3.857638e-01 3.046470e-02
2.924000e+01 3.828869e-01 2.788484e-02
2.925000e+01 3.799535e-01 2.540604e-02
2.926000e+01 3.769673e-01 2.302932e-02
2.927000e+01 3.739322e-01 2.075555e-02
2.928000e+01 3.708522e-01 1.858548e-02
2.929000e+01 3.677309e-01 1.651967e-02
2.930000e+01 3.645723e-01 1.455856e-02
2.931000e+01 3.613803e-01 1.270245e-02
2.932000e+01 3.581586e-01 1.095146e-02
2.933000e+01 3.549110e-01 9.305591e-03
2.934000e+01 3.516414e-01 7.764702e-03
2.935000e+01 3.483535e-01 6.328503e-03
2.936000e+01 3.450509e-01 4.996565e-03
2.937000e+01 3.417374e-01 3.768326e-03
2.938000e+01 3.384165e-01 2.643086e-03
2.939000e+01 3.350919e-01 1.620016e-03
2.940000e+01 3.317670e-01 6.981566e-04
2.941000e+01 3.284452e-01 -1.235783e-04
2.942000e+01 3.251300e-01 -8.463963e-04
2.943000e+01 3.218246e-01 -1.471625e-03
2.944000e+01 3.185323e-01 -2.000709e-03
2.945000e+01 3.152561e-01 -2.435203e-03
2.946000e+01 3.119992e-01 -2.776771e-03
2.947000e+01 3.087646e-01 -3.027183e-03
2.948000e+01 3.055550e-01 -3.188307e-03
2.949000e+01 3.023732e-01 -3.262107e-03
2.950000e+01 2.992220e-01 -3.250640e-03
2.951000e+01 2.961040e-01 -3.156049e-03
2.952000e+01 2.930214e-01 -2.980559e-03
2.953000e+01 2.899769e-01 -2.726473e-03
2.954000e+01 2.869725e-01 -2.396167e-03
2.955000e+01 2.840104e-01 -1.992083e-03
2.956000e+01 2.810927e-01 -1.516728e-03
2.957000e+01 2.782212e-01 -9.726642e-04
2.958000e+01 2.753977e-01 -3.625083e-04
2.959000e+01 2.726239e-01 3.110769e-04
2.960000e+01 2.699014e-01 1.045386e-03
2.961000e+01 2.672314e-01 1.837678e-03
2.962000e+01 2.646154e-01 2.685179e-03
2.963000e+01 2.620545e-01 3.585089e-03
2.964000e+01 2.595496e-01 4.534589e-03
2.965000e+01 2.571019e-01 5.530843e-03
2.966000e+01 2.547120e-01 6.571004e-03
2.967000e+01 2.523806e-01 7.652222e-03
2.968000e+01 2.501082e-01 8.771645e-03
2.969000e+01 2.478954e-01 9.926428e-03
2.970000e+01 2.457423e-01 1.111374e-02
2.971000e+01 2.436491e-01 1.233075e-02
2.972000e+01 2.416160e-01 1.357467e-02
2.973000e+01 2.396428e-01 1.484273e-02
2.974000e+01 2.377294e-01 1.613218e-02
2.975000e+01 2.358755e-01 1.744031e-02
2.976000e+01 2.340806e-01 1.876446e-02
2.977000e+01 2.323444e-01 2.010200e-02
2.978000e+01 2.306660e-01 2.145035e-02
2.979000e+01 2.290449e-01 2.280700e-02
2.980000e+01 2.274802e-01 2.416949e-02
2.981000e+01 2.259710e-01 2.553539e-02
2.982000e+01 2.245163e-01 2.690239e-02
2.983000e+01 2.231148e-01 2.826820e-02
2.984000e+01 2.217655e-01 2.963063e-02
2.985000e+01 2.204671e-01 3.098756e-02
2.986000e+01 2.192182e-01 3.233694e-02
2.987000e+01 2.180173e-01 3.367681e-02
2.988000e+01 2.168629e-01 3.500530e-02
2.989000e+01 2.157535e-01 3.632062e-02
2.990000e+01 2.146874e-01 3.762106e-02
2.991000e+01 2.136629e-01 3.890503e-02
2.992000e+01 2.126781e-01 4.017101e-02
2.993000e+01 2.117314e-01 4.141757e-02
2.994000e+01 2.108208e-01 4.264342e-02
2.995000e+01 2.099445e-01 4.384732e-02
2.996000e+01 2.091004e-01 4.502816e-02
2.997000e+01 2.082866e-01 4.618493e-02
2.998000e+01 2.075011e-01 4.731671e-02
2.999000e+01 2.067419e-01 4.842269e-02
3.000000e+01 2.060068e-01 4.950218e-02
3.001000e+01 2.052940e-01 5.055456e-02
3.002000e+01 2.046012e-01 5.157935e-02
3.003000e+01 2.039263e-01 5.257615e-02
3.004000e+01 2.032675e-01 5.354468e-02
3.005000e+01 2.026224e-01 5.448475e-02
3.006000e+01 2.019891e-01 5.539628e-02
3.007000e+01 2.013656e-01 5.627929e-02
3.008000e+01 2.007497e-01 5.713391e-02
3.009000e+01 2.001395e-01 5.796035e-02
3.010000e+01 1.995331e-01 5.875893e-02
3.011000e+01 1.989284e-01 5.953007e-02
3.012000e+01 1.983235e-01 6.027428e-02
3.013000e+01 1.977166e-01 6.099216e-02
3.014000e+01 1.971058e-01 6.168439e-02
3.015000e+01 1.964894e-01 6.235175e-02
3.016000e+01 1.958656e-01 6.299512e-02
3.017000e+01 1.952327e-01 6.361543e-02
3.018000e+01 1.945892e-01 6.421370e-02
3.019000e+01 1.939335e-01 6.479105e-02
3.020000e+01 1.932640e-01 6.534863e-02
3.021000e+01 1.925794e-01 6.588769e-02
3.022000e+01 1.918784e-01 6.640955e-02
3.023000e+01 1.911596e-01 6.691557e-02
3.024000e+01 1.904218e-01 6.740718e-02
3.025000e+01 1.896640e-01 6.788587e-02
3.026000e+01 1.888851e-01 6.835317e-02
3.027000e+01 1.880842e-01 6.881068e-02
3.028000e+01 1.872603e-01 6.926000e-02
3.029000e+01 1.864127e-01 6.970282e-02
3.030000e+01 1.855408e-01 7.014083e-02
3.031000e+01 1.846439e-01 7.057575e-02
3.032000e+01 1.837215e-01 7.100936e-02
3.033000e+01 1.827732e-01 7.144343e-02
3.034000e+01 1.817987e-01 7.187974e-02
3.035000e+01 1.807977e-01 7.232013e-02
3.036000e+01 1.797702e-01 7.276639e-02
3.037000e+01 1.787161e-01 7.322036e-02
3.038000e+01 1.776354e-01 7.368385e-02
3.039000e+01 1.765283e-01 7.415869e-02
3.040000e+01 1.753950e-01 7.464668e-02
3.041000e+01 1.742359e-01 7.514961e-02
3.042000e+01 1.730514e-01 7.566927e-02
3.043000e+01 1.718421e-01 7.620740e-02
3.044000e+01 1.706084e-01 7.676574e-02
3.045000e+01 1.693513e-01 7.734598e-02
3.046000e+01 1.680713e-01 7.794979e-02
3.047000e+01 1.667694e-01 7.857878e-02
3.048000e+01 1.654466e-01 7.923455e-02
3.049000e+01 1.641039e-01 7.991863e-02
3.050000e+01 1.627424e-01 8.063250e-02
3.051000e+01 1.613633e-01 8.137759e-02
3.052000e+01 1.599678e-01 8.215528e-02
3.053000e+01 1.585574e-01 8.296688e-02
3.054000e+01 1.571334e-01 8.381363e-02
3.055000e+01 1.556972e-01 8.469672e-02
3.056000e+01 1.542505e-01 8.561726e-02
3.057000e+01 1.527947e-01 8.657628e-02
3.058000e+01 1.513317e-01 8.757475e-02
3.059000e+01 1.498630e-01 8.861355e-02
3.060000e+01 1.483904e-01 8.969348e-02
3.061000e+01 1.469157e-01 9.081525e-02
3.062000e+01 1.454407e-01 9.197951e-02
3.063000e+01 1.439673e-01 9.318680e-02
3.064000e+01 1.424974e-01 9.443757e-02
3.065000e+01 1.410330e-01 9.573220e-02
3.066000e+01 1.395759e-01 9.707095e-02
3.067000e+01 1.381282e-01 9.845402e-02
3.068000e+01 1.366918e-01 9.988148e-02
3.069000e+01 1.352688e-01 1.013533e-01
3.070000e+01 1.338611e-01 1.028695e-01
3.071000e+01 1.324708e-01 1.044297e-01
3.072000e+01 1.310999e-01 1.060338e-01
3.073000e+01 1.297504e-01 1.076812e-01
3.074000e+01 1.284242e-01 1.093716e-01
3.075000e+01 1.271233e-01 1.111043e-01
3.076000e+01 1.258497e-01 1.128788e-01
3.077000e+01 1.246054e-01 1.146941e-01
3.078000e+01 1.233922e-01 1.165495e-01
3.079000e+01 1.222120e-01 1.184440e-01
3.080000e+01 1.210666e-01 1.203765e-01
3.081000e+01 1.199579e-01 1.223460e-01
3.082000e+01 1.188875e-01 1.243512e-01
3.083000e+01 1.178572e-01 1.263908e-01
3.084000e+01 1.168686e-01 1.284634e-01
3.085000e+01 1.159233e-01 1.305676e-01
3.086000e+01 1.150229e-01 1.327018e-01
3.087000e+01 1.141687e-01 1.348645e-01
3.088000e+01 1.133622e-01 1.370538e-01
3.089000e+01 1.126048e-01 1.392681e-01
3.090000e+01 1.118976e-01 1.415056e-01
3.091000e+01 1.112419e-01 1.437642e-01
3.092000e+01 1.106387e-01 1.460422e-01
3.093000e+01 1.100890e-01 1.483375e-01
3.094000e+01 1.095938e-01 1.506480e-01
3.095000e+01 1.091539e-01 1.529716e-01
3.096000e+01 1.087701e-01 1.553062e-01
3.097000e+01 1.084429e-01 1.576495e-01
3.098000e+01 1.081730e-01 1.599995e-01
3.099000e+01 1.079608e-01 1.623537e-01
3.100000e+01 1.078066e-01 1.647099e-01
3.101000e+01 1.077108e-01 1.670658e-01
3.102000e+01 1.076734e-01 1.694190e-01
3.103000e+01 1.076946e-01 1.717673e-01
3.104000e+01 1.077743e-01 1.741081e-01
3.105000e+01 1.079123e-01 1.764393e-01
3.106000e+01 1.081083e-01 1.787584e-01
3.107000e+01 1.083621e-01 1.810630e-01
3.108000e+01 1.086731e-01 1.833508e-01
3.109000e+01 1.090408e-01 1.856194e-01
3.110000e+01 1.094645e-01 1.878666e-01
3.111000e+01 1.099434e-01 1.900899e-01
3.112000e+01 1.104766e-01 1.922872e-01
3.113000e+01 1.110632e-01 1.944562e-01
3.114000e+01 1.117020e-01 1.965947e-01
3.115000e+01 1.123919e-01 1.987005e-01
3.116000e+01 1.131316e-01 2.007714e-01
3.117000e+01 1.139197e-01 2.028055e-01
3.118000e+01 1.147547e-01 2.048006e-01
3.119000e+01 1.156351e-01 2.067548e-01
3.120000e+01 1.165591e-01 2.086663e-01
3.121000e+01 1.175251e-01 2.105331e-01
3.122000e+01 1.185312e-01 2.123535e-01
3.123000e+01 1.195755e-01 2.141258e-01
3.124000e+01 1.206561e-01 2.158484e-01
3.125000e+01 1.217707e-01 2.175198e-01
3.126000e+01 1.229174e-01 2.191384e-01
3.127000e+01 1.240938e-01 2.207030e-01
3.128000e+01 1.252977e-01 2.222122e-01
3.129000e+01 1.265268e-01 2.236650e-01
3.130000e+01 1.277786e-01 2.250601e-01
3.131000e+01 1.290508e-01 2.263966e-01
3.132000e+01 1.303407e-01 2.276738e-01
3.133000e+01 1.316459e-01 2.288906e-01
3.134000e+01 1.329638e-01 2.300466e-01
3.135000e+01 1.342918e-01 2.311412e-01
3.136000e+01 1.356272e-01 2.321738e-01
3.137000e+01 1.369672e-01 2.331443e-01
3.138000e+01 1.383093e-01 2.340522e-01
3.139000e+01 1.396507e-01 2.348977e-01
3.140000e+01 1.409887e-01 2.356806e-01
3.141000e+01 1.423204e-01 2.364011e-01
3.142000e+01 1.436433e-01 2.370594e-01
3.143000e+01 1.449544e-01 2.376559e-01
3.144000e+01 1.462512e-01 2.381912e-01
3.145000e+01 1.475308e-01 2.386657e-01
3.146000e+01 1.487906e-01 2.390802e-01
3.147000e+01 1.500279e-01 2.394356e-01
3.148000e+01 1.512400e-01 2.397328e-01
3.149000e+01 1.524243e-01 2.399729e-01
3.150000e+01 1.535783e-01 2.401570e-01
3.151000e+01 1.546994e-01 2.402865e-01
3.152000e+01 1.557850e-01 2.403628e-01
3.153000e+01 1.568328e-01 2.403873e-01
3.154000e+01 1.578404e-01 2.403618e-01
3.155000e+01 1.588055e-01 2.402880e-01
3.156000e+01 1.597257e-01 2.401676e-01
3.157000e+01 1.605990e-01 2.400027e-01
3.158000e+01 1.614232e-01 2.397953e-01
3.159000e+01 1.621963e-01 2.395475e-01
3.160000e+01 1.629164e-01 2.392615e-01
3.161000e+01 1.635815e-01 2.389397e-01
3.162000e+01 1.641900e-01 2.385844e-01
3.163000e+01 1.647401e-01 2.381982e-01
3.164000e+01 1.652304e-01 2.377836e-01
3.165000e+01 1.656593e-01 2.373432e-01
3.166000e+01 1.660255e-01 2.368797e-01
3.167000e+01 1.663277e-01 2.363960e-01
3.168000e+01 1.665649e-01 2.358948e-01
3.169000e+01 1.667360e-01 2.353790e-01
3.170000e+01 1.668401e-01 2.348516e-01
3.171000e+01 1.668764e-01 2.343156e-01
3.172000e+01 1.668442e-01 2.337739e-01
3.173000e+01 1.667431e-01 2.332297e-01
3.174000e+01 1.665727e-01 2.326860e-01
3.175000e+01 1.663326e-01 2.321459e-01
3.176000e+01 1.660228e-01 2.316127e-01
3.177000e+01 1.656432e-01 2.310894e-01
3.178000e+01 1.651939e-01 2.305792e-01
3.179000e+01 1.646752e-01 2.300854e-01
3.180000e+01 1.640875e-01 2.296110e-01
3.181000e+01 1.634313e-01 2.291592e-01
3.182000e+01 1.627073e-01 2.287333e-01
3.183000e+01 1.619162e-01 2.283363e-01
3.184000e+01 1.610589e-01 2.279713e-01
3.185000e+01 1.601366e-01 2.276414e-01
3.186000e+01 1.591503e-01 2.273498e-01
3.187000e+01 1.581015e-01 2.270993e-01
3.188000e+01 1.569915e-01 2.268930e-01
3.189000e+01 1.558220e-01 2.267338e-01
3.190000e+01 1.545946e-01 2.266245e-01
3.191000e+01 1.533111e-01 2.265679e-01
3.192000e+01 1.519735e-01 2.265668e-01
3.193000e+01 1.505838e-01 2.266238e-01
3.194000e+01 1.491443e-01 2.267416e-01
3.195000e+01 1.476572e-01 2.269225e-01
3.196000e+01 1.461248e-01 2.271691e-01
3.197000e+01 1.445498e-01 2.274836e-01
3.198000e+01 1.429348e-01 2.278683e-01
3.199000e+01 1.412823e-01 2.283253e-01
3.200000e+01 1.395953e-01 2.288567e-01
3.201000e+01 1.378767e-01 2.294643e-01
3.202000e+01 1.361293e-01 2.301499e-01
3.203000e+01 1.343564e-01 2.309153e-01
3.204000e+01 1.325609e-01 2.317619e-01
3.205000e+01 1.307462e-01 2.326913e-01
3.206000e+01 1.289156e-01 2.337048e-01
3.207000e+01 1.270723e-01 2.348034e-01
3.208000e+01 1.252198e-01 2.359884e-01
3.209000e+01 1.233616e-01 2.372606e-01
3.210000e+01 1.215011e-01 2.386207e-01
3.211000e+01 1.196419e-01 2.400695e-01
3.212000e+01 1.177877e-01 2.416074e-01
3.213000e+01 1.159419e-01 2.432347e-01
3.214000e+01 1.141083e-01 2.449517e-01
3.215000e+01 1.122905e-01 2.467584e-01
3.216000e+01 1.104921e-01 2.486548e-01
3.217000e+01 1.087170e-01 2.506406e-01
3.218000e+01 1.069687e-01 2.527154e-01
3.219000e+01 1.052509e-01 2.548786e-01
3.220000e+01 1.035672e-01 2.571297e-01
3.221000e+01 1.019214e-01 2.594677e-01
3.222000e+01 1.003171e-01 2.618917e-01
3.223000e+01 9.875777e-02 2.644005e-01
3.224000e+01 9.724705e-02 2.669929e-01
3.225000e+01 9.578845e-02 2.696674e-01
3.226000e+01 9.438542e-02 2.724225e-01
3.227000e+01 9.304138e-02 2.752564e-01
3.228000e+01 9.175969e-02 2.781673e-01
3.229000e+01 9.054363e-02 2.811533e-01
3.230000e+01 8.939642e-02 2.842120e-01
3.231000e+01 8.832119e-02 2.873414e-01
3.232000e+01 8.732101e-02 2.905390e-01
3.233000e+01 8.639884e-02 2.938023e-01
3.234000e+01 8.555755e-02 2.971286e-01
3.235000e+01 8.479993e-02 3.005152e-01
3.236000e+01 8.412864e-02 3.039592e-01
3.237000e+01 8.354625e-02 3.074576e-01
3.238000e+01 8.305521e-02 3.110072e-01
3.239000e+01 8.265786e-02 3.146049e-01
3.240000e+01 8.235640e-02 3.182473e-01
3.241000e+01 8.215291e-02 3.219311e-01
3.242000e+01 8.204936e-02 3.256527e-01
3.243000e+01 8.204756e-02 3.294086e-01
3.244000e+01 8.214919e-02 3.331951e-01
3.245000e+01 8.235579e-02 3.370084e-01
3.246000e+01 8.266876e-02 3.408448e-01
3.247000e+01 8.308933e-02 3.447003e-01
3.248000e+01 8.361861e-02 3.485711e-01
3.249000e+01 8.425755e-02 3.524532e-01
3.250000e+01 8.500691e-02 3.563425e-01
3.251000e+01 8.586735e-02 3.602350e-01
3.252000e+01 8.683932e-02 3.641266e-01
3.253000e+01 8.792313e-02 3.680131e-01
3.254000e+01 8.911894e-02 3.718905e-01
3.255000e+01 9.042672e-02 3.757545e-01
3.256000e+01 9.184631e-02 3.796010e-01
3.257000e+01 9.337734e-02 3.834259e-01
3.258000e+01 9.501932e-02 3.872250e-01
3.259000e+01 9.677156e-02 3.909941e-01
3.260000e+01 9.863324e-02 3.947291e-01
3.261000e+01 1.006033e-01 3.984259e-01
3.262000e+01 1.026807e-01 4.020805e-01
3.263000e+01 1.048640e-01 4.056887e-01
3.264000e+01 1.071518e-01 4.092468e-01
3.265000e+01 1.095423e-01 4.127506e-01
3.266000e+01 1.120338e-01 4.161964e-01
3.267000e+01 1.146244e-01 4.195804e-01
3.268000e+01 1.173119e-01 4.228987e-01
3.269000e+01 1.200941e-01 4.261478e-01
3.270000e+01 1.229685e-01 4.293241e-01
3.271000e+01 1.259326e-01 4.324241e-01
3.272000e+01 1.289837e-01 4.354444e-01
3.273000e+01 1.321190e-01 4.383817e-01
3.274000e+01 1.353354e-01 4.412329e-01
3.275000e+01 1.386301e-01 4.439948e-01
3.276000e+01 1.419996e-01 4.466647e-01
3.277000e+01 1.454406e-01 4.492395e-01
3.278000e+01 1.489498e-01 4.517167e-01
3.279000e+01 1.525235e-01 4.540936e-01
3.280000e+01 1.561582e-01 4.563678e-01
3.281000e+01 1.598499e-01 4.585371e-01
3.282000e+01 1.635949e-01 4.605994e-01
3.283000e+01 1.673892e-01 4.625525e-01
3.284000e+01 1.712287e-01 4.643947e-01
3.285000e+01 1.751095e-01 4.661243e-01
3.286000e+01 1.790272e-01 4.677398e-01
3.287000e+01 1.829776e-01 4.692399e-01
3.288000e+01 1.869565e-01 4.706233e-01
3.289000e+01 1.909595e-01 4.718890e-01
3.290000e+01 1.949822e-01 4.730361e-01
3.291000e+01 1.990201e-01 4.740641e-01
3.292000e+01 2.030689e-01 4.749723e-01
3.293000e+01 2.071239e-01 4.757605e-01
3.294000e+01 2.111808e-01 4.764284e-01
3.295000e+01 2.152349e-01 4.769762e-01
3.296000e+01 2.192818e-01 4.774040e-01
3.297000e+01 2.233169e-01 4.777122e-01
3.298000e+01 2.273358e-01 4.779014e-01
3.299000e+01 2.313340e-01 4.779723e-01
3.300000e+01 2.353069e-01 4.779258e-01
3.301000e+01 2.392502e-01 4.777630e-01
3.302000e+01 2.431596e-01 4.774852e-01
3.303000e+01 2.470305e-01 4.770938e-01
3.304000e+01 2.508588e-01 4.765904e-01
3.305000e+01 2.546403e-01 4.759769e-01
3.306000e+01 2.583707e-01 4.752551e-01
3.307000e+01 2.620460e-01 4.744272e-01
3.308000e+01 2.656622e-01 4.734955e-01
3.309000e+01 2.692154e-01 4.724624e-01
3.310000e+01 2.727017e-01 4.713305e-01
3.311000e+01 2.761174e-01 4.701026e-01
3.312000e+01 2.794589e-01 4.687815e-01
3.313000e+01 2.827227e-01 4.673704e-01
3.314000e+01 2.859055e-01 4.658723e-01
3.315000e+01 2.890038e-01 4.642907e-01
3.316000e+01 2.920147e-01 4.626290e-01
3.317000e+01 2.949351e-01 4.608908e-01
3.318000e+01 2.977622e-01 4.590797e-01
3.319000e+01 3.004932e-01 4.571996e-01
3.320000e+01 3.031255e-01 4.552545e-01
3.321000e+01 3.056569e-01 4.532483e-01
3.322000e+01 3.080849e-01 4.511852e-01
3.323000e+01 3.104076e-01 4.490694e-01
3.324000e+01 3.126230e-01 4.469053e-01
3.325000e+01 3.147293e-01 4.446972e-01
3.326000e+01 3.167250e-01 4.424496e-01
3.327000e+01 3.186086e-01 4.401670e-01
3.328000e+01 3.203790e-01 4.378540e-01
3.329000e+01 3.220350e-01 4.355152e-01
3.330000e+01 3.235759e-01 4.331554e-01
3.331000e+01 3.250010e-01 4.307793e-01
3.332000e+01 3.263096e-01 4.283916e-01
3.333000e+01 3.275017e-01 4.259970e-01
3.334000e+01 3.285770e-01 4.236005e-01
3.335000e+01 3.295356e-01 4.212068e-01
3.336000e+01 3.303778e-01 4.188207e-01
3.337000e+01 3.311041e-01 4.164469e-01
3.338000e+01 3.317150e-01 4.140904e-01
3.339000e+01 3.322115e-01 4.117558e-01
3.340000e+01 3.325946e-01 4.094479e-01
3.341000e+01 3.328655e-01 4.071713e-01
3.342000e+01 3.330256e-01 4.049308e-01
3.343000e+01 3.330764e-01 4.027308e-01
3.344000e+01 3.330199e-01 4.005761e-01
3.345000e+01 3.328579e-01 3.984710e-01
3.346000e+01 3.325925e-01 3.964199e-01
3.347000e+01 3.322261e-01 3.944272e-01
3.348000e+01 3.317612e-01 3.924971e-01
3.349000e+01 3.312005e-01 3.906337e-01
3.350000e+01 3.305467e-01 3.888411e-01
3.351000e+01 3.298028e-01 3.871232e-01
3.352000e+01 3.289720e-01 3.854839e-01
3.353000e+01 3.280576e-01 3.839267e-01
3.354000e+01 3.270630e-01 3.824553e-01
3.355000e+01 3.259919e-01 3.810732e-01
3.356000e+01 3.248479e-01 3.797836e-01
3.357000e+01 3.236350e-01 3.785896e-01
3.358000e+01 3.223571e-01 3.774944e-01
3.359000e+01 3.210184e-01 3.765007e-01
3.360000e+01 3.196231e-01 3.756112e-01
3.361000e+01 3.181755e-01 3.748285e-01
3.362000e+01 3.166801e-01 3.741549e-01
3.363000e+01 3.151415e-01 3.735926e-01
3.364000e+01 3.135642e-01 3.731436e-01
3.365000e+01 3.119531e-01 3.728097e-01
3.366000e+01 3.103129e-01 3.725927e-01
3.367000e+01 3.086486e-01 3.724940e-01
3.368000e+01 3.069650e-01 3.725147e-01
3.369000e+01 3.052671e-01 3.726561e-01
3.370000e+01 3.035600e-01 3.729190e-01
3.371000e+01 3.018489e-01 3.733040e-01
3.372000e+01 3.001387e-01 3.738118e-01
3.373000e+01 2.984347e-01 3.744425e-01
3.374000e+01 2.967420e-01 3.751962e-01
3.375000e+01 2.950658e-01 3.760730e-01
3.376000e+01 2.934113e-01 3.770723e-01
3.377000e+01 2.917836e-01 3.781938e-01
3.378000e+01 2.901880e-01 3.794367e-01
3.379000e+01 2.886295e-01 3.808000e-01
3.380000e+01 2.871132e-01 3.822827e-01
3.381000e+01 2.856443e-01 3.838835e-01
3.382000e+01 2.842277e-01 3.856008e-01
3.383000e+01 2.828685e-01 3.874330e-01
3.384000e+01 2.815716e-01 3.893780e-01
3.385000e+01 2.803417e-01 3.914338e-01
3.386000e+01 2.791838e-01 3.935982e-01
3.387000e+01 2.781025e-01 3.958686e-01
3.388000e+01 2.771023e-01 3.982423e-01
3.389000e+01 2.761879e-01 4.007166e-01
3.390000e+01 2.753635e-01 4.032883e-01
3.391000e+01 2.746336e-01 4.059544e-01
3.392000e+01 2.740023e-01 4.087114e-01
3.393000e+01 2.734736e-01 4.115558e-01
3.394000e+01 2.730515e-01 4.144840e-01
3.395000e+01 2.727398e-01 4.174920e-01
3.396000e+01 2.725421e-01 4.205759e-01
3.397000e+01 2.724620e-01 4.237315e-01
3.398000e+01 2.725027e-01 4.269546e-01
3.399000e+01 2.726675e-01 4.302407e-01
3.400000e+01 2.729594e-01 4.335853e-01
3.401000e+01 2.733812e-01 4.369838e-01
3.402000e+01 2.739357e-01 4.404313e-01
3.403000e+01 2.746254e-01 4.439231e-01
3.404000e+01 2.754525e-01 4.474540e-01
3.405000e+01 2.764193e-01 4.510191e-01
3.406000e+01 2.775276e-01 4.546131e-01
3.407000e+01 2.787793e-01 4.582309e-01
3.408000e+01 2.801760e-01 4.618671e-01
3.409000e+01 2.817189e-01 4.655162e-01
3.410000e+01 2.834092e-01 4.691730e-01
3.411000e+01 2.852480e-01 4.728319e-01
3.412000e+01 2.872360e-01 4.764873e-01
3.413000e+01 2.893737e-01 4.801337e-01
3.414000e+01 2.916615e-01 4.837655e-01
3.415000e+01 2.940995e-01 4.873772e-01
3.416000e+01 2.966877e-01 4.909629e-01
3.417000e+01 2.994257e-01 4.945173e-01
3.418000e+01 3.023132e-01 4.980345e-01
3.419000e+01 3.053494e-01 5.015091e-01
3.420000e+01 3.085333e-01 5.049353e-01
3.421000e+01 3.118640e-01 5.083078e-01
3.422000e+01 3.153400e-01 5.116209e-01
3.423000e+01 3.189599e-01 5.148692e-01
3.424000e+01 3.227219e-01 5.180472e-01
3.425000e+01 3.266240e-01 5.211496e-01
3.426000e+01 3.306643e-01 5.241710e-01
3.427000e+01 3.348403e-01 5.271064e-01
3.428000e+01 3.391495e-01 5.299504e-01
3.429000e+01 3.435893e-01 5.326981e-01
3.430000e+01 3.481567e-01 5.353445e-01
3.431000e+01 3.528487e-01 5.378847e-01
3.432000e+01 3.576620e-01 5.403141e-01
3.433000e+01 3.625932e-01 5.426279e-01
3.434000e+01 3.676387e-01 5.448217e-01
3.435000e+01 3.727947e-01 5.468911e-01
3.436000e+01 3.780573e-01 5.488318e-01
3.437000e+01 3.834225e-01 5.506398e-01
3.438000e+01 3.888860e-01 5.523111e-01
3.439000e+01 3.944435e-01 5.538418e-01
3.440000e+01 4.000903e-01 5.552285e-01
3.441000e+01 4.058220e-01 5.564675e-01
3.442000e+01 4.116338e-01 5.575556e-01
3.443000e+01 4.175206e-01 5.584896e-01
3.444000e+01 4.234777e-01 5.592666e-01
3.445000e+01 4.294998e-01 5.598837e-01
3.446000e+01 4.355818e-01 5.603384e-01
3.447000e+01 4.417183e-01 5.606283e-01
3.448000e+01 4.479041e-01 5.607511e-01
3.449000e+01 4.541335e-01 5.607048e-01
3.450000e+01 4.604012e-01 5.604876e-01
3.451000e+01 4.667016e-01 5.600978e-01
3.452000e+01 4.730289e-01 5.595339e-01
3.453000e+01 4.793774e-01 5.587949e-01
3.454000e+01 4.857416e-01 5.578795e-01
3.455000e+01 4.921155e-01 5.567871e-01
3.456000e+01 4.984935e-01 5.555169e-01
3.457000e+01 5.048697e-01 5.540686e-01
3.458000e+01 5.112382e-01 5.524419e-01
3.459000e+01 5.175933e-01 5.506369e-01
3.460000e+01 5.239292e-01 5.486537e-01
3.461000e+01 5.302400e-01 5.464928e-01
3.462000e+01 5.365200e-01 5.441547e-01
3.463000e+01 5.427634e-01 5.416403e-01
3.464000e+01 5.489645e-01 5.389506e-01
3.465000e+01 5.551176e-01 5.360868e-01
3.466000e+01 5.612172e-01 5.330504e-01
3.467000e+01 5.672577e-01 5.298428e-01
3.468000e+01 5.732335e-01 5.264660e-01
3.469000e+01 5.791392e-01 5.229220e-01
3.470000e+01 5.849696e-01 5.192128e-01
3.471000e+01 5.907192e-01 5.153410e-01
3.472000e+01 5.963831e-01 5.113089e-01
3.473000e+01 6.019560e-01 5.071194e-01
3.474000e+01 6.074331e-01 5.027753e-01
3.475000e+01 6.128094e-01 4.982797e-01
3.476000e+01 6.180803e-01 4.936358e-01
3.477000e+01 6.232411e-01 4.888470e-01
3.478000e+01 6.282873e-01 4.839168e-01
3.479000e+01 6.332147e-01 4.788489e-01
3.480000e+01 6.380189e-01 4.736471e-01
3.481000e+01 6.426960e-01 4.683155e-01
3.482000e+01 6.472419e-01 4.628580e-01
3.483000e+01 6.516529e-01 4.572789e-01
3.484000e+01 6.559255e-01 4.515825e-01
3.485000e+01 6.600561e-01 4.457733e-01
3.486000e+01 6.640415e-01 4.398559e-01
3.487000e+01 6.678785e-01 4.338349e-01
3.488000e+01 6.715642e-01 4.277150e-01
3.489000e+01 6.750959e-01 4.215011e-01
3.490000e+01 6.784709e-01 4.151982e-01
3.491000e+01 6.816868e-01 4.088111e-01
3.492000e+01 6.847414e-01 4.023450e-01
3.493000e+01 6.876326e-01 3.958050e-01
3.494000e+01 6.903585e-01 3.891962e-01
3.495000e+01 6.929175e-01 3.825240e-01
3.496000e+01 6.953081e-01 3.757934e-01
3.497000e+01 6.975289e-01 3.690099e-01
3.498000e+01 6.995789e-01 3.621788e-01
3.499000e+01 7.014570e-01 3.553053e-01
3.500000e+01 7.031626e-01 3.483948e-01
3.501000e+01 7.046950e-01 3.414527e-01
3.502000e+01 7.060540e-01 3.344843e-01
3.503000e+01 7.072392e-01 3.274949e-01
3.504000e+01 7.082508e-01 3.204899e-01
3.505000e+01 7.090889e-01 3.134745e-01
3.506000e+01 7.097539e-01 3.064540e-01
3.507000e+01 7.102462e-01 2.994337e-01
3.508000e+01 7.105666e-01 2.924186e-01
3.509000e+01 7.107160e-01 2.854140e-01
3.510000e+01 7.106955e-01 2.784249e-01
3.511000e+01 7.105063e-01 2.714563e-01
3.512000e+01 7.101498e-01 2.645131e-01
3.513000e+01 7.096276e-01 2.576003e-01
3.514000e+01 7.089413e-01 2.507226e-01
3.515000e+01 7.080929e-01 2.438847e-01
3.516000e+01 7.070844e-01 2.370911e-01
3.517000e+01 7.059179e-01 2.303466e-01
3.518000e+01 7.045958e-01 2.236553e-01
3.519000e+01 7.031205e-01 2.170217e-01
3.520000e+01 7.014947e-01 2.104499e-01
3.521000e+01 6.997209e-01 2.039441e-01
3.522000e+01 6.978022e-01 1.975081e-01
3.523000e+01 6.957414e-01 1.911458e-01
3.524000e+01 6.935416e-01 1.848610e-01
3.525000e+01 6.912059e-01 1.786571e-01
3.526000e+01 6.887378e-01 1.725377e-01
3.527000e+01 6.861405e-01 1.665060e-01
3.528000e+01 6.834175e-01 1.605653e-01
3.529000e+01 6.805723e-01 1.547185e-01
3.530000e+01 6.776087e-01 1.489686e-01
3.531000e+01 6.745302e-01 1.433182e-01
3.532000e+01 6.713408e-01 1.377699e-01
3.533000e+01 6.680441e-01 1.323263e-01
3.534000e+01 6.646441e-01 1.269895e-01
3.535000e+01 6.611448e-01 1.217617e-01
3.536000e+01 6.575500e-01 1.166449e-01
3.537000e+01 6.538639e-01 1.116408e-01
3.538000e+01 6.500904e-01 1.067513e-01
3.539000e+01 6.462337e-01 1.019777e-01
3.540000e+01 6.422978e-01 9.732154e-02
3.541000e+01 6.382869e-01 9.278389e-02
3.542000e+01 6.342049e-01 8.836585e-02
3.543000e+01 6.300561e-01 8.406832e-02
3.544000e+01 6.258446e-01 7.989204e-02
3.545000e+01 6.215743e-01 7.583762e-02
3.546000e+01 6.172495e-01 7.190551e-02
3.547000e+01 6.128741e-01 6.809602e-02
3.548000e+01 6.084521e-01 6.440929e-02
3.549000e+01 6.039876e-01 6.084534e-02
3.550000e+01 5.994846e-01 5.740406e-02
3.551000e+01 5.949468e-01 5.408518e-02
3.552000e+01 5.903782e-01 5.088829e-02
3.553000e+01 5.857825e-01 4.781289e-02
3.554000e+01 5.811636e-01 4.485830e-02
3.555000e+01 5.765250e-01 4.202374e-02
3.556000e+01 5.718704e-01 3.930831e-02
3.557000e+01 5.672033e-01 3.671098e-02
3.558000e+01 5.625273e-01 3.423062e-02
3.559000e+01 5.578456e-01 3.186598e-02
3.560000e+01 5.531616e-01 2.961570e-02
3.561000e+01 5.484785e-01 2.747833e-02
3.562000e+01 5.437994e-01 2.545230e-02
3.563000e+01 5.391273e-01 2.353599e-02
3.564000e+01 5.344652e-01 2.172764e-02
3.565000e+01 5.298159e-01 2.002543e-02
3.566000e+01 5.251821e-01 1.842746e-02
3.567000e+01 5.205665e-01 1.693177e-02
3.568000e+01 5.159716e-01 1.553629e-02
3.569000e+01 5.113998e-01 1.423893e-02
3.570000e+01 5.068534e-01 1.303750e-02
3.571000e+01 5.023346e-01 1.192979e-02
3.572000e+01 4.978454e-01 1.091352e-02
3.573000e+01 4.933879e-01 9.986366e-03
3.574000e+01 4.889639e-01 9.145969e-03
3.575000e+01 4.845752e-01 8.389932e-03
3.576000e+01 4.802233e-01 7.715832e-03
3.577000e+01 4.759097e-01 7.121218e-03
3.578000e+01 4.716360e-01 6.603619e-03
3.579000e+01 4.674033e-01 6.160551e-03
3.580000e+01 4.632128e-01 5.789519e-03
3.581000e+01 4.590656e-01 5.488023e-03
3.582000e+01 4.549626e-01 5.253564e-03
3.583000e+01 4.509047e-01 5.083645e-03
3.584000e+01 4.468925e-01 4.975781e-03
3.585000e+01 4.429267e-01 4.927498e-03
3.586000e+01 4.390078e-01 4.936341e-03
3.587000e+01 4.351361e-01 4.999879e-03
3.588000e+01 4.313121e-01 5.115706e-03
3.589000e+01 4.275358e-01 5.281447e-03
3.590000e+01 4.238074e-01 5.494763e-03
3.591000e+01 4.201269e-01 5.753353e-03
3.592000e+01 4.164942e-01 6.054959e-03
3.593000e+01 4.129091e-01 6.397368e-03
3.594000e+01 4.093713e-01 6.778419e-03
3.595000e+01 4.058806e-01 7.196001e-03
3.596000e+01 4.024364e-01 7.648062e-03
3.597000e+01 3.990383e-01 8.132605e-03
3.598000e+01 3.956857e-01 8.647700e-03
3.599000e+01 3.923779e-01 9.191478e-03
3.600000e+01 3.891142e-01 9.762138e-03
3.601000e+01 3.858938e-01 1.035795e-02
3.602000e+01 3.827159e-01 1.097725e-02
3.603000e+01 3.795797e-01 1.161845e-02
3.604000e+01 3.764840e-01 1.228004e-02
3.605000e+01 3.734280e-01 1.296059e-02
3.606000e+01 3.704106e-01 1.365873e-02
3.607000e+01 3.674308e-01 1.437320e-02
3.608000e+01 3.644873e-01 1.510278e-02
3.609000e+01 3.615792e-01 1.584637e-02
3.610000e+01 3.587051e-01 1.660293e-02
3.611000e+01 3.558640e-01 1.737150e-02
3.612000e+01 3.530546e-01 1.815122e-02
3.613000e+01 3.502756e-01 1.894129e-02
3.614000e+01 3.475260e-01 1.974100e-02
3.615000e+01 3.448043e-01 2.054974e-02
3.616000e+01 3.421093e-01 2.136695e-02
3.617000e+01 3.394399e-01 2.219218e-02
3.618000e+01 3.367948e-01 2.302503e-02
3.619000e+01 3.341727e-01 2.386520e-02
3.620000e+01 3.315725e-01 2.471246e-02
3.621000e+01 3.289929e-01 2.556666e-02
3.622000e+01 3.264328e-01 2.642772e-02
3.623000e+01 3.238911e-01 2.729564e-02
3.624000e+01 3.213665e-01 2.817047e-02
3.625000e+01 3.188580e-01 2.905236e-02
3.626000e+01 3.163646e-01 2.994149e-02
3.627000e+01 3.138852e-01 3.083814e-02
3.628000e+01 3.114189e-01 3.174262e-02
3.629000e+01 3.089647e-01 3.265533e-02
3.630000e+01 3.065217e-01 3.357670e-02
3.631000e+01 3.040891e-01 3.450723e-02
3.632000e+01 3.016660e-01 3.544746e-02
3.633000e+01 2.992518e-01 3.639799e-02
3.634000e+01 2.968458e-01 3.735944e-02
3.635000e+01 2.944473e-01 3.833251e-02
3.636000e+01 2.920558e-01 3.931790e-02
3.637000e+01 2.896708e-01 4.031636e-02
3.638000e+01 2.872917e-01 4.132868e-02
3.639000e+01 2.849183e-01 4.235568e-02
3.640000e+01 2.825502e-01 4.339817e-02
3.641000e+01 2.801872e-01 4.445702e-02
3.642000e+01 2.778291e-01 4.553309e-02
3.643000e+01 2.754757e-01 4.662728e-02
3.644000e+01 2.731271e-01 4.774048e-02
3.645000e+01 2.707831e-01 4.887359e-02
3.646000e+01 2.684440e-01 5.002751e-02
3.647000e+01 2.661099e-01 5.120315e-02
3.648000e+01 2.637809e-01 5.240140e-02
3.649000e+01 2.614574e-01 5.362316e-02
3.650000e+01 2.591397e-01 5.486931e-02
3.651000e+01 2.568282e-01 5.614069e-02
3.652000e+01 2.545235e-01 5.743817e-02
3.653000e+01 2.522260e-01 5.876256e-02
3.654000e+01 2.499364e-01 6.011466e-02
3.655000e+01 2.476553e-01 6.149523e-02
3.656000e+01 2.453835e-01 6.290501e-02
3.657000e+01 2.431217e-01 6.434470e-02
3.658000e+01 2.408708e-01 6.581496e-02
3.659000e+01 2.386317e-01 6.731641e-02
3.660000e+01 2.364053e-01 6.884963e-02
3.661000e+01 2.341926e-01 7.041515e-02
3.662000e+01 2.319947e-01 7.201344e-02
3.663000e+01 2.298126e-01 7.364494e-02
3.664000e+01 2.276475e-01 7.531001e-02
3.665000e+01 2.255004e-01 7.700898e-02
3.666000e+01 2.233727e-01 7.874211e-02
3.667000e+01 2.212656e-01 8.050958e-02
3.668000e+01 2.191803e-01 8.231155e-02
3.669000e+01 2.171180e-01 8.414807e-02
3.670000e+01 2.150802e-01 8.601915e-02
3.671000e+01 2.130681e-01 8.792474e-02
3.672000e+01 2.110831e-01 8.986470e-02
3.673000e+01 2.091265e-01 9.183884e-02
3.674000e+01 2.071997e-01 9.384688e-02
3.675000e+01 2.053042e-01 9.588849e-02
3.676000e+01 2.034412e-01 9.796325e-02
3.677000e+01 2.016121e-01 1.000707e-01
3.678000e+01 1.998183e-01 1.022102e-01
3.679000e+01 1.980612e-01 1.043813e-01
3.680000e+01 1.963422e-01 1.065831e-01
3.681000e+01 1.946625e-01 1.088150e-01
3.682000e+01 1.930235e-01 1.110761e-01
3.683000e+01 1.914264e-01 1.133654e-01
3.684000e+01 1.898726e-01 1.156820e-01
3.685000e+01 1.883633e-01 1.180249e-01
3.686000e+01 1.868996e-01 1.203928e-01
3.687000e+01 1.854828e-01 1.227848e-01
3.688000e+01 1.841140e-01 1.251994e-01
3.689000e+01 1.827942e-01 1.276354e-01
3.690000e+01 1.815245e-01 1.300914e-01
3.691000e+01 1.803059e-01 1.325661e-01
3.692000e+01 1.791394e-01 1.350578e-01
3.693000e+01 1.780257e-01 1.375651e-01
3.694000e+01 1.769658e-01 1.400863e-01
3.695000e+01 1.759603e-01 1.426198e-01
3.696000e+01 1.750100e-01 1.451640e-01
3.697000e+01 1.741156e-01 1.477171e-01
3.698000e+01 1.732775e-01 1.502773e-01
3.699000e+01 1.724963e-01 1.528427e-01
3.700000e+01 1.717724e-01 1.554117e-01
3.701000e+01 1.711061e-01 1.579822e-01
3.702000e+01 1.704977e-01 1.605523e-01
3.703000e+01 1.699474e-01 1.631201e-01
3.704000e+01 1.694553e-01 1.656837e-01
3.705000e+01 1.690214e-01 1.682411e-01
3.706000e+01 1.686457e-01 1.707902e-01
3.707000e+01 1.683280e-01 1.733291e-01
3.708000e+01 1.680680e-01 1.758558e-01
3.709000e+01 1.678656e-01 1.783682e-01
3.710000e+01 1.677203e-01 1.808643e-01
3.711000e+01 1.676316e-01 1.833422e-01
3.712000e+01 1.675989e-01 1.857998e-01
3.713000e+01 1.676217e-01 1.882351e-01
3.714000e+01 1.676991e-01 1.906461e-01
3.715000e+01 1.678303e-01 1.930310e-01
3.716000e+01 1.680144e-01 1.953877e-01
3.717000e+01 1.682505e-01 1.977143e-01
3.718000e+01 1.685374e-01 2.000091e-01
3.719000e+01 1.688740e-01 2.022701e-01
3.720000e+01 1.692591e-01 2.044955e-01
3.721000e+01 1.696913e-01 2.066836e-01
3.722000e+01 1.701692e-01 2.088328e-01
3.723000e+01 1.706914e-01 2.109412e-01
3.724000e+01 1.712563e-01 2.130074e-01
3.725000e+01 1.718622e-01 2.150297e-01
3.726000e+01 1.725076e-01 2.170068e-01
3.727000e+01 1.731905e-01 2.189370e-01
3.728000e+01 1.739093e-01 2.208192e-01
3.729000e+01 1.746620e-01 2.226520e-01
3.730000e+01 1.754467e-01 2.244343e-01
3.731000e+01 1.762613e-01 2.261647e-01
3.732000e+01 1.771038e-01 2.278424e-01
3.733000e+01 1.779721e-01 2.294663e-01
3.734000e+01 1.788641e-01 2.310356e-01
3.735000e+01 1.797775e-01 2.325494e-01
3.736000e+01 1.807101e-01 2.340070e-01
3.737000e+01 1.816596e-01 2.354077e-01
3.738000e+01 1.826238e-01 2.367511e-01
3.739000e+01 1.836002e-01 2.380367e-01
3.740000e+01 1.845866e-01 2.392641e-01
3.741000e+01 1.855805e-01 2.404332e-01
3.742000e+01 1.865795e-01 2.415436e-01
3.743000e+01 1.875813e-01 2.425955e-01
3.744000e+01 1.885834e-01 2.435887e-01
3.745000e+01 1.895835e-01 2.445236e-01
3.746000e+01 1.905790e-01 2.454002e-01
3.747000e+01 1.915675e-01 2.462190e-01
3.748000e+01 1.925467e-01 2.469804e-01
3.749000e+01 1.935142e-01 2.476849e-01
3.750000e+01 1.944675e-01 2.483333e-01
3.751000e+01 1.954044e-01 2.489261e-01
3.752000e+01 1.963225e-01 2.494644e-01
3.753000e+01 1.972195e-01 2.499490e-01
3.754000e+01 1.980931e-01 2.503809e-01
3.755000e+01 1.989412e-01 2.507614e-01
3.756000e+01 1.997615e-01 2.510916e-01
3.757000e+01 2.005519e-01 2.513728e-01
3.758000e+01 2.013104e-01 2.516065e-01
3.759000e+01 2.020349e-01 2.517942e-01
3.760000e+01 2.027234e-01 2.519375e-01
3.761000e+01 2.033741e-01 2.520380e-01
3.762000e+01 2.039851e-01 2.520975e-01
3.763000e+01 2.045547e-01 2.521179e-01
3.764000e+01 2.050811e-01 2.521010e-01
3.765000e+01 2.055628e-01 2.520488e-01
3.766000e+01 2.059982e-01 2.519635e-01
3.767000e+01 2.063859e-01 2.518471e-01
3.768000e+01 2.067245e-01 2.517017e-01
3.769000e+01 2.070128e-01 2.515298e-01
3.770000e+01 2.072496e-01 2.513335e-01
3.771000e+01 2.074338e-01 2.511152e-01
3.772000e+01 2.075645e-01 2.508773e-01
3.773000e+01 2.076406e-01 2.506223e-01
3.774000e+01 2.076616e-01 2.503526e-01
3.775000e+01 2.076266e-01 2.500708e-01
3.776000e+01 2.075352e-01 2.497795e-01
3.777000e+01 2.073869e-01 2.494811e-01
3.778000e+01 2.071812e-01 2.491784e-01
3.779000e+01 2.069180e-01 2.488739e-01
3.780000e+01 2.065972e-01 2.485703e-01
3.781000e+01 2.062187e-01 2.482702e-01
3.782000e+01 2.057826e-01 2.479763e-01
3.783000e+01 2.052891e-01 2.476912e-01
3.784000e+01 2.047385e-01 2.474176e-01
3.785000e+01 2.041312e-01 2.471581e-01
3.786000e+01 2.034679e-01 2.469152e-01
3.787000e+01 2.027491e-01 2.466917e-01
3.788000e+01 2.019756e-01 2.464900e-01
3.789000e+01 2.011483e-01 2.463128e-01
3.790000e+01 2.002682e-01 2.461625e-01
3.791000e+01 1.993363e-01 2.460416e-01
3.792000e+01 1.983538e-01 2.459525e-01
3.793000e+01 1.973221e-01 2.458976e-01
3.794000e+01 1.962425e-01 2.458792e-01
3.795000e+01 1.951166e-01 2.458996e-01
3.796000e+01 1.939459e-01 2.459610e-01
3.797000e+01 1.927322e-01 2.460656e-01
3.798000e+01 1.914772e-01 2.462153e-01
3.799000e+01 1.901828e-01 2.464123e-01
3.800000e+01 1.888510e-01 2.466583e-01
3.801000e+01 1.874839e-01 2.469553e-01
3.802000e+01 1.860835e-01 2.473051e-01
3.803000e+01 1.846520e-01 2.477092e-01
3.804000e+01 1.831919e-01 2.481692e-01
3.805000e+01 1.817053e-01 2.486866e-01
3.806000e+01 1.801947e-01 2.492629e-01
3.807000e+01 1.786627e-01 2.498992e-01
3.808000e+01 1.771117e-01 2.505967e-01
3.809000e+01 1.755443e-01 2.513566e-01
3.810000e+01 1.739632e-01 2.521797e-01
3.811000e+01 1.723710e-01 2.530669e-01
3.812000e+01 1.707705e-01 2.540189e-01
3.813000e+01 1.691644e-01 2.550364e-01
3.814000e+01 1.675555e-01 2.561198e-01
3.815000e+01 1.659466e-01 2.572695e-01
3.816000e+01 1.643405e-01 2.584858e-01
3.817000e+01 1.627402e-01 2.597689e-01
3.818000e+01 1.611483e-01 2.611186e-01
3.819000e+01 1.595679e-01 2.625351e-01
3.820000e+01 1.580017e-01 2.640179e-01
3.821000e+01 1.564526e-01 2.655668e-01
3.822000e+01 1.549234e-01 2.671812e-01
3.823000e+01 1.534170e-01 2.688607e-01
3.824000e+01 1.519361e-01 2.706045e-01
3.825000e+01 1.504836e-01 2.724117e-01
3.826000e+01 1.490621e-01 2.742815e-01
3.827000e+01 1.476745e-01 2.762127e-01
3.828000e+01 1.463232e-01 2.782041e-01
3.829000e+01 1.450110e-01 2.802545e-01
3.830000e+01 1.437404e-01 2.823624e-01
3.831000e+01 1.425140e-01 2.845263e-01
3.832000e+01 1.413341e-01 2.867446e-01
3.833000e+01 1.402031e-01 2.890156e-01
3.834000e+01 1.391234e-01 2.913373e-01
3.835000e+01 1.380972e-01 2.937079e-01
3.836000e+01 1.371266e-01 2.961253e-01
3.837000e+01 1.362137e-01 2.985874e-01
3.838000e+01 1.353604e-01 3.010919e-01
3.839000e+01 1.345687e-01 3.036365e-01
3.840000e+01 1.338404e-01 3.062188e-01
3.841000e+01 1.331771e-01 3.088364e-01
3.842000e+01 1.325805e-01 3.114867e-01
3.843000e+01 1.320519e-01 3.141671e-01
3.844000e+01 1.315928e-01 3.168748e-01
3.845000e+01 1.312045e-01 3.196072e-01
3.846000e+01 1.308880e-01 3.223614e-01
3.847000e+01 1.306445e-01 3.251346e-01
3.848000e+01 1.304747e-01 3.279238e-01
3.849000e+01 1.303795e-01 3.307261e-01
3.850000e+01 1.303596e-01 3.335385e-01
3.851000e+01 1.304155e-01 3.363581e-01
3.852000e+01 1.305475e-01 3.391816e-01
3.853000e+01 1.307560e-01 3.420061e-01
3.854000e+01 1.310411e-01 3.448286e-01
3.855000e+01 1.314028e-01 3.476458e-01
3.856000e+01 1.318409e-01 3.504547e-01
3.857000e+01 1.323554e-01 3.532522e-01
3.858000e+01 1.329456e-01 3.560353e-01
3.859000e+01 1.336113e-01 3.588007e-01
3.860000e+01 1.343516e-01 3.615455e-01
3.861000e+01 1.351658e-01 3.642667e-01
3.862000e+01 1.360531e-01 3.669612e-01
3.863000e+01 1.370124e-01 3.696260e-01
3.864000e+01 1.380424e-01 3.722582e-01
3.865000e+01 1.391420e-01 3.748549e-01
3.866000e+01 1.403098e-01 3.774133e-01
3.867000e+01 1.415441e-01 3.799306e-01
3.868000e+01 1.428433e-01 3.824041e-01
3.869000e+01 1.442057e-01 3.848311e-01
3.870000e+01 1.456293e-01 3.872090e-01
3.871000e+01 1.471122e-01 3.895354e-01
3.872000e+01 1.486523e-01 3.918077e-01
3.873000e+01 1.502472e-01 3.940237e-01
3.874000e+01 1.518948e-01 3.961811e-01
3.875000e+01 1.535926e-01 3.982778e-01
3.876000e+01 1.553381e-01 4.003116e-01
3.877000e+01 1.571287e-01 4.022807e-01
3.878000e+01 1.589616e-01 4.041833e-01
3.879000e+01 1.608342e-01 4.060174e-01
3.880000e+01 1.627436e-01 4.077817e-01
3.881000e+01 1.646868e-01 4.094745e-01
3.882000e+01 1.666609e-01 4.110944e-01
3.883000e+01 1.686629e-01 4.126403e-01
3.884000e+01 1.706895e-01 4.141110e-01
3.885000e+01 1.727377e-01 4.155055e-01
3.886000e+01 1.748042e-01 4.168229e-01
3.887000e+01 1.768859e-01 4.180626e-01
3.888000e+01 1.789793e-01 4.192238e-01
3.889000e+01 1.810813e-01 4.203062e-01
3.890000e+01 1.831884e-01 4.213094e-01
3.891000e+01 1.852973e-01 4.222334e-01
3.892000e+01 1.874047e-01 4.230779e-01
3.893000e+01 1.895072e-01 4.238432e-01
3.894000e+01 1.916013e-01 4.245295e-01
3.895000e+01 1.936838e-01 4.251371e-01
3.896000e+01 1.957513e-01 4.256667e-01
3.897000e+01 1.978003e-01 4.261189e-01
3.898000e+01 1.998277e-01 4.264945e-01
3.899000e+01 2.018302e-01 4.267944e-01
3.900000e+01 2.038044e-01 4.270199e-01
3.901000e+01 2.057471e-01 4.271721e-01
3.902000e+01 2.076553e-01 4.272523e-01
3.903000e+01 2.095258e-01 4.272622e-01
3.904000e+01 2.113556e-01 4.272033e-01
3.905000e+01 2.131416e-01 4.270775e-01
3.906000e+01 2.148809e-01 4.268866e-01
3.907000e+01 2.165708e-01 4.266327e-01
3.908000e+01 2.182084e-01 4.263179e-01
3.909000e+01 2.197911e-01 4.259445e-01
3.910000e+01 2.213163e-01 4.255148e-01
3.911000e+01 2.227815e-01 4.250315e-01
3.912000e+01 2.241843e-01 4.244970e-01
3.913000e+01 2.255225e-01 4.239141e-01
3.914000e+01 2.267939e-01 4.232857e-01
3.915000e+01 2.279964e-01 4.226145e-01
3.916000e+01 2.291281e-01 4.219037e-01
3.917000e+01 2.301872e-01 4.211563e-01
3.918000e+01 2.311720e-01 4.203754e-01
3.919000e+01 2.320809e-01 4.195643e-01
3.920000e+01 2.329126e-01 4.187263e-01
3.921000e+01 2.336657e-01 4.178649e-01
3.922000e+01 2.343391e-01 4.169833e-01
3.923000e+01 2.349317e-01 4.160851e-01
3.924000e+01 2.354428e-01 4.151739e-01
3.925000e+01 2.358715e-01 4.142532e-01
3.926000e+01 2.362174e-01 4.133266e-01
3.927000e+01 2.364800e-01 4.123978e-01
3.928000e+01 2.366590e-01 4.114705e-01
3.929000e+01 2.367544e-01 4.105482e-01
3.930000e+01 2.367661e-01 4.096347e-01
3.931000e+01 2.366944e-01 4.087338e-01
3.932000e+01 2.365395e-01 4.078490e-01
3.933000e+01 2.363021e-01 4.069841e-01
3.934000e+01 2.359826e-01 4.061428e-01
3.935000e+01 2.355821e-01 4.053287e-01
3.936000e+01 2.351013e-01 4.045453e-01
3.937000e+01 2.345415e-01 4.037964e-01
3.938000e+01 2.339038e-01 4.030855e-01
3.939000e+01 2.331897e-01 4.024160e-01
3.940000e+01 2.324007e-01 4.017914e-01
3.941000e+01 2.315385e-01 4.012151e-01
3.942000e+01 2.306050e-01 4.006904e-01
3.943000e+01 2.296022e-01 4.002206e-01
3.944000e+01 2.285321e-01 3.998088e-01
3.945000e+01 2.273971e-01 3.994581e-01
3.946000e+01 2.261994e-01 3.991716e-01
3.947000e+01 2.249417e-01 3.989521e-01
3.948000e+01 2.236265e-01 3.988025e-01
3.949000e+01 2.222566e-01 3.987255e-01
3.950000e+01 2.208348e-01 3.987236e-01
3.951000e+01 2.193642e-01 3.987994e-01
3.952000e+01 2.178478e-01 3.989552e-01
3.953000e+01 2.162888e-01 3.991932e-01
3.954000e+01 2.146905e-01 3.995157e-01
3.955000e+01 2.130562e-01 3.999244e-01
3.956000e+01 2.113894e-01 4.004214e-01
3.957000e+01 2.096937e-01 4.010083e-01
3.958000e+01 2.079726e-01 4.016867e-01
3.959000e+01 2.062299e-01 4.024580e-01
3.960000e+01 2.044692e-01 4.033234e-01
3.961000e+01 2.026944e-01 4.042842e-01
3.962000e+01 2.009092e-01 4.053412e-01
3.963000e+01 1.991177e-01 4.064953e-01
3.964000e+01 1.973237e-01 4.077472e-01
3.965000e+01 1.955312e-01 4.090972e-01
3.966000e+01 1.937441e-01 4.105459e-01
3.967000e+01 1.919665e-01 4.120933e-01
3.968000e+01 1.902024e-01 4.137394e-01
3.969000e+01 1.884557e-01 4.154842e-01
3.970000e+01 1.867306e-01 4.173272e-01
3.971000e+01 1.850309e-01 4.192681e-01
3.972000e+01 1.833607e-01 4.213062e-01
3.973000e+01 1.817240e-01 4.234406e-01
3.974000e+01 1.801246e-01 4.256705e-01
3.975000e+01 1.785665e-01 4.279947e-01
3.976000e+01 1.770536e-01 4.304119e-01
3.977000e+01 1.755896e-01 4.329207e-01
3.978000e+01 1.741782e-01 4.355195e-01
3.979000e+01 1.728233e-01 4.382066e-01
3.980000e+01 1.715283e-01 4.409800e-01
3.981000e+01 1.702969e-01 4.438378e-01
3.982000e+01 1.691324e-01 4.467777e-01
3.983000e+01 1.680384e-01 4.497975e-01
3.984000e+01 1.670180e-01 4.528946e-01
3.985000e+01 1.660744e-01 4.560666e-01
3.986000e+01 1.652108e-01 4.593106e-01
3.987000e+01 1.644301e-01 4.626238e-01
3.988000e+01 1.637351e-01 4.660032e-01
3.989000e+01 1.631287e-01 4.694459e-01
3.990000e+01 1.626134e-01 4.729485e-01
3.991000e+01 1.621916e-01 4.765078e-01
3.992000e+01 1.618659e-01 4.801204e-01
3.993000e+01 1.616383e-01 4.837829e-01
3.994000e+01 1.615111e-01 4.874915e-01
3.995000e+01 1.614860e-01 4.912427e-01
3.996000e+01 1.615649e-01 4.950327e-01
3.997000e+01 1.617494e-01 4.988578e-01
3.998000e+01 1.620410e-01 5.027140e-01
3.999000e+01 1.624411e-01 5.065974e-01
4.000000e+01 1.629507e-01 5.105041e-01
4.001000e+01 1.635710e-01 5.144300e-01
4.002000e+01 1.643027e-01 5.183710e-01
4.003000e+01 1.651466e-01 5.223230e-01
4.004000e+01 1.661031e-01 5.262820e-01
4.005000e+01 1.671726e-01 5.302438e-01
4.006000e+01 1.683552e-01 5.342042e-01
4.007000e+01 1.696511e-01 5.381591e-01
4.008000e+01 1.710600e-01 5.421043e-01
4.009000e+01 1.725817e-01 5.460358e-01
4.010000e+01 1.742155e-01 5.499493e-01
4.011000e+01 1.759610e-01 5.538408e-01
4.012000e+01 1.778172e-01 5.577062e-01
4.013000e+01 1.797833e-01 5.615415e-01
4.014000e+01 1.818579e-01 5.653427e-01
4.015000e+01 1.840400e-01 5.691058e-01
4.016000e+01 1.863279e-01 5.728271e-01
4.017000e+01 1.887202e-01 5.765026e-01
4.018000e+01 1.912149e-01 5.801287e-01
4.019000e+01 1.938103e-01 5.837017e-01
4.020000e+01 1.965043e-01 5.872179e-01
4.021000e+01 1.992946e-01 5.906740e-01
4.022000e+01 2.021789e-01 5.940665e-01
4.023000e+01 2.051548e-01 5.973921e-01
4.024000e+01 2.082197e-01 6.006477e-01
4.025000e+01 2.113708e-01 6.038301e-01
4.026000e+01 2.146053e-01 6.069365e-01
4.027000e+01 2.179203e-01 6.099639e-01
4.028000e+01 2.213126e-01 6.129097e-01
4.029000e+01 2.247792e-01 6.157713e-01
4.030000e+01 2.283167e-01 6.185462e-01
4.031000e+01 2.319217e-01 6.212321e-01
4.032000e+01 2.355909e-01 6.238270e-01
4.033000e+01 2.393208e-01 6.263287e-01
4.034000e+01 2.431076e-01 6.287354e-01
4.035000e+01 2.469477e-01 6.310455e-01
4.036000e+01 2.508375e-01 6.332573e-01
4.037000e+01 2.547730e-01 6.353694e-01
4.038000e+01 2.587506e-01 6.373806e-01
4.039000e+01 2.627662e-01 6.392899e-01
4.040000e+01 2.668161e-01 6.410964e-01
4.041000e+01 2.708963e-01 6.427992e-01
4.042000e+01 2.750027e-01 6.443978e-01
4.043000e+01 2.791316e-01 6.458918e-01
4.044000e+01 2.832788e-01 6.472810e-01
4.045000e+01 2.874404e-01 6.485653e-01
4.046000e+01 2.916125e-01 6.497447e-01
4.047000e+01 2.957911e-01 6.508195e-01
4.048000e+01 2.999723e-01 6.517902e-01
4.049000e+01 3.041522e-01 6.526573e-01
4.050000e+01 3.083270e-01 6.534215e-01
4.051000e+01 3.124928e-01 6.540838e-01
4.052000e+01 3.166459e-01 6.546453e-01
4.053000e+01 3.207825e-01 6.551071e-01
4.054000e+01 3.248991e-01 6.554707e-01
4.055000e+01 3.289921e-01 6.557375e-01
4.056000e+01 3.330581e-01 6.559093e-01
4.057000e+01 3.370935e-01 6.559878e-01
4.058000e+01 3.410951e-01 6.559751e-01
4.059000e+01 3.450596e-01 6.558731e-01
4.060000e+01 3.489840e-01 6.556842e-01
4.061000e+01 3.528653e-01 6.554107e-01
4.062000e+01 3.567006e-01 6.550550e-01
4.063000e+01 3.604870e-01 6.546198e-01
4.064000e+01 3.642219e-01 6.541077e-01
4.065000e+01 3.679029e-01 6.535216e-01
4.066000e+01 3.715275e-01 6.528644e-01
4.067000e+01 3.750934e-01 6.521391e-01
4.068000e+01 3.785986e-01 6.513488e-01
4.069000e+01 3.820411e-01 6.504966e-01
4.070000e+01 3.854191e-01 6.495858e-01
4.071000e+01 3.887308e-01 6.486198e-01
4.072000e+01 3.919748e-01 6.476019e-01
4.073000e+01 3.951498e-01 6.465356e-01
4.074000e+01 3.982545e-01 6.454244e-01
4.075000e+01 4.012878e-01 6.442717e-01
4.076000e+01 4.042490e-01 6.430812e-01
4.077000e+01 4.071373e-01 6.418565e-01
4.078000e+01 4.099521e-01 6.406011e-01
4.079000e+01 4.126931e-01 6.393188e-01
4.080000e+01 4.153601e-01 6.380131e-01
4.081000e+01 4.179531e-01 6.366877e-01
4.082000e+01 4.204721e-01 6.353462e-01
4.083000e+01 4.229175e-01 6.339923e-01
4.084000e+01 4.252896e-01 6.326294e-01
4.085000e+01 4.275892e-01 6.312612e-01
4.086000e+01 4.298171e-01 6.298911e-01
4.087000e+01 4.319741e-01 6.285227e-01
4.088000e+01 4.340613e-01 6.271593e-01
4.089000e+01 4.360801e-01 6.258044e-01
4.090000e+01 4.380319e-01 6.244611e-01
4.091000e+01 4.399182e-01 6.231328e-01
4.092000e+01 4.417408e-01 6.218225e-01
4.093000e+01 4.435014e-01 6.205332e-01
4.094000e+01 4.452022e-01 6.192680e-01
4.095000e+01 4.468452e-01 6.180298e-01
4.096000e+01 4.484328e-01 6.168211e-01
4.097000e+01 4.499673e-01 6.156447e-01
4.098000e+01 4.514512e-01 6.145031e-01
4.099000e+01 4.528872e-01 6.133986e-01
4.100000e+01 4.542781e-01 6.123336e-01
4.101000e+01 4.556266e-01 6.113101e-01
4.102000e+01 4.569358e-01 6.103302e-01
4.103000e+01 4.582087e-01 6.093956e-01
4.104000e+01 4.594484e-01 6.085081e-01
4.105000e+01 4.606582e-01 6.076693e-01
4.106000e+01 4.618413e-01 6.068805e-01
4.107000e+01 4.630012e-01 6.061429e-01
4.108000e+01 4.641412e-01 6.054576e-01
4.109000e+01 4.652647e-01 6.048256e-01
4.110000e+01 4.663754e-01 6.042475e-01
4.111000e+01 4.674767e-01 6.037239e-01
4.112000e+01 4.685724e-01 6.032553e-01
4.113000e+01 4.696658e-01 6.028417e-01
4.114000e+01 4.707608e-01 6.024834e-01
4.115000e+01 4.718609e-01 6.021801e-01
4.116000e+01 4.729697e-01 6.019315e-01
4.117000e+01 4.740909e-01 6.017372e-01
4.118000e+01 4.752281e-01 6.015964e-01
4.119000e+01 4.763849e-01 6.015085e-01
4.120000e+01 4.775648e-01 6.014723e-01
4.121000e+01 4.787713e-01 6.014867e-01
4.122000e+01 4.800078e-01 6.015502e-01
4.123000e+01 4.812779e-01 6.016615e-01
4.124000e+01 4.825848e-01 6.018188e-01
4.125000e+01 4.839318e-01 6.020202e-01
4.126000e+01 4.853221e-01 6.022637e-01
4.127000e+01 4.867587e-01 6.025471e-01
4.128000e+01 4.882448e-01 6.028681e-01
4.129000e+01 4.897832e-01 6.032242e-01
4.130000e+01 4.913768e-01 6.036128e-01
4.131000e+01 4.930281e-01 6.040310e-01
4.132000e+01 4.947398e-01 6.044760e-01
4.133000e+01 4.965144e-01 6.049446e-01
4.134000e+01 4.983540e-01 6.054338e-01
4.135000e+01 5.002610e-01 6.059402e-01
4.136000e+01 5.022373e-01 6.064603e-01
4.137000e+01 5.042847e-01 6.069906e-01
4.138000e+01 5.064051e-01 6.075276e-01
4.139000e+01 5.085999e-01 6.080674e-01
4.140000e+01 5.108705e-01 6.086062e-01
4.141000e+01 5.132182e-01 6.091401e-01
4.142000e+01 5.156440e-01 6.096651e-01
4.143000e+01 5.181487e-01 6.101771e-01
4.144000e+01 5.207331e-01 6.106721e-01
4.145000e+01 5.233975e-01 6.111459e-01
4.146000e+01 5.261424e-01 6.115941e-01
4.147000e+01 5.289678e-01 6.120126e-01
4.148000e+01 5.318736e-01 6.123971e-01
4.149000e+01 5.348597e-01 6.127433e-01
4.150000e+01 5.379254e-01 6.130468e-01
4.151000e+01 5.410701e-01 6.133034e-01
4.152000e+01 5.442930e-01 6.135086e-01
4.153000e+01 5.475930e-01 6.136583e-01
4.154000e+01 5.509688e-01 6.137481e-01
4.155000e+01 5.544189e-01 6.137737e-01
4.156000e+01 5.579417e-01 6.137309e-01
4.157000e+01 5.615354e-01 6.136157e-01
4.158000e+01 5.651978e-01 6.134238e-01
4.159000e+01 5.689267e-01 6.131512e-01
4.160000e+01 5.727197e-01 6.127940e-01
4.161000e+01 5.765741e-01 6.123482e-01
4.162000e+01 5.804871e-01 6.118101e-01
4.163000e+01 5.844558e-01 6.111761e-01
4.164000e+01 5.884769e-01 6.104424e-01
4.165000e+01 5.925470e-01 6.096056e-01
4.166000e+01 5.966627e-01 6.086624e-01
4.167000e+01 6.008203e-01 6.076096e-01
4.168000e+01 6.050159e-01 6.064440e-01
4.169000e+01 6.092456e-01 6.051628e-01
4.170000e+01 6.135050e-01 6.037632e-01
4.171000e+01 6.177900e-01 6.022425e-01
4.172000e+01 6.220962e-01 6.005984e-01
4.173000e+01 6.264188e-01 5.988284e-01
4.174000e+01 6.307534e-01 5.969307e-01
4.175000e+01 6.350949e-01 5.949031e-01
4.176000e+01 6.394386e-01 5.927441e-01
4.177000e+01 6.437794e-01 5.904520e-01
4.178000e+01 6.481123e-01 5.880256e-01
4.179000e+01 6.524319e-01 5.854637e-01
4.180000e+01 6.567330e-01 5.827655e-01
4.181000e+01 6.610104e-01 5.799303e-01
4.182000e+01 6.652585e-01 5.769575e-01
4.183000e+01 6.694720e-01 5.738469e-01
4.184000e+01 6.736453e-01 5.705985e-01
4.185000e+01 6.777730e-01 5.672125e-01
4.186000e+01 6.818495e-01 5.636893e-01
4.187000e+01 6.858691e-01 5.600296e-01
4.188000e+01 6.898265e-01 5.562343e-01
4.189000e+01 6.937159e-01 5.523044e-01
4.190000e+01 6.975320e-01 5.482413e-01
4.191000e+01 7.012690e-01 5.440467e-01
4.192000e+01 7.049217e-01 5.397223e-01
4.193000e+01 7.084845e-01 5.352701e-01
4.194000e+01 7.119521e-01 5.306925e-01
4.195000e+01 7.153191e-01 5.259920e-01
4.196000e+01 7.185804e-01 5.211713e-01
4.197000e+01 7.217307e-01 5.162334e-01
4.198000e+01 7.247651e-01 5.111814e-01
4.199000e+01 7.276785e-01 5.060187e-01
4.200000e+01 7.304661e-01 5.007490e-01
4.201000e+01 7.331233e-01 4.953761e-01
4.202000e+01 7.356453e-01 4.899041e-01
4.203000e+01 7.380278e-01 4.843371e-01
4.204000e+01 7.402664e-01 4.786795e-01
4.205000e+01 7.423571e-01 4.729362e-01
4.206000e+01 7.442958e-01 4.671117e-01
4.207000e+01 7.460788e-01 4.612112e-01
4.208000e+01 7.477024e-01 4.552397e-01
4.209000e+01 7.491631e-01 4.492027e-01
4.210000e+01 7.504578e-01 4.431055e-01
4.211000e+01 7.515835e-01 4.369539e-01
4.212000e+01 7.525373e-01 4.307537e-01
4.213000e+01 7.533165e-01 4.245106e-01
4.214000e+01 7.539189e-01 4.182308e-01
4.215000e+01 7.543423e-01 4.119204e-01
4.216000e+01 7.545847e-01 4.055857e-01
4.217000e+01 7.546445e-01 3.992331e-01
4.218000e+01 7.545203e-01 3.928689e-01
4.219000e+01 7.542109e-01 3.864998e-01
4.220000e+01 7.537153e-01 3.801324e-01
4.221000e+01 7.530328e-01 3.737732e-01
4.222000e+01 7.521631e-01 3.674290e-01
4.223000e+01 7.511061e-01 3.611066e-01
4.224000e+01 7.498617e-01 3.548128e-01
4.225000e+01 7.484304e-01 3.485543e-01
4.226000e+01 7.468128e-01 3.423379e-01
4.227000e+01 7.450099e-01 3.361704e-01
4.228000e+01 7.430228e-01 3.300587e-01
4.229000e+01 7.408530e-01 3.240094e-01
4.230000e+01 7.385021e-01 3.180293e-01
4.231000e+01 7.359722e-01 3.121251e-01
4.232000e+01 7.332655e-01 3.063034e-01
4.233000e+01 7.303846e-01 3.005707e-01
4.234000e+01 7.273321e-01 2.949335e-01
4.235000e+01 7.241112e-01 2.893982e-01
4.236000e+01 7.207252e-01 2.839710e-01
4.237000e+01 7.171775e-01 2.786581e-01
4.238000e+01 7.134720e-01 2.734656e-01
4.239000e+01 7.096126e-01 2.683992e-01
4.240000e+01 7.056038e-01 2.634649e-01
4.241000e+01 7.014500e-01 2.586682e-01
4.242000e+01 6.971559e-01 2.540145e-01
4.243000e+01 6.927265e-01 2.495092e-01
4.244000e+01 6.881669e-01 2.451572e-01
4.245000e+01 6.834826e-01 2.409636e-01
4.246000e+01 6.786792e-01 2.369329e-01
4.247000e+01 6.737624e-01 2.330698e-01
4.248000e+01 6.687381e-01 2.293784e-01
4.249000e+01 6.636126e-01 2.258628e-01
4.250000e+01 6.583922e-01 2.225268e-01
4.251000e+01 6.530833e-01 2.193740e-01
4.252000e+01 6.476925e-01 2.164078e-01
4.253000e+01 6.422266e-01 2.136311e-01
4.254000e+01 6.366925e-01 2.110469e-01
4.255000e+01 6.310971e-01 2.086576e-01
4.256000e+01 6.254478e-01 2.064656e-01
4.257000e+01 6.197516e-01 2.044729e-01
4.258000e+01 6.140158e-01 2.026812e-01
4.259000e+01 6.082479e-01 2.010919e-01
4.260000e+01 6.024552e-01 1.997063e-01
4.261000e+01 5.966454e-01 1.985251e-01
4.262000e+01 5.908260e-01 1.975490e-01
4.263000e+01 5.850045e-01 1.967782e-01
4.264000e+01 5.791885e-01 1.962128e-01
4.265000e+01 5.733856e-01 1.958524e-01
4.266000e+01 5.676036e-01 1.956965e-01
4.267000e+01 5.618498e-01 1.957441e-01
4.268000e+01 5.561320e-01 1.959939e-01
4.269000e+01 5.504575e-01 1.964447e-01
4.270000e+01 5.448339e-01 1.970944e-01
4.271000e+01 5.392687e-01 1.979411e-01
4.272000e+01 5.337690e-01 1.989823e-01
4.273000e+01 5.283421e-01 2.002154e-01
4.274000e+01 5.229952e-01 2.016375e-01
4.275000e+01 5.177353e-01 2.032453e-01
4.276000e+01 5.125693e-01 2.050352e-01
4.277000e+01 5.075039e-01 2.070036e-01
4.278000e+01 5.025459e-01 2.091463e-01
4.279000e+01 4.977015e-01 2.114590e-01
4.280000e+01 4.929772e-01 2.139371e-01
4.281000e+01 4.883790e-01 2.165759e-01
4.282000e+01 4.839129e-01 2.193702e-01
4.283000e+01 4.795847e-01 2.223148e-01
4.284000e+01 4.753997e-01 2.254041e-01
4.285000e+01 4.713633e-01 2.286323e-01
4.286000e+01 4.674807e-01 2.319935e-01
4.287000e+01 4.637566e-01 2.354816e-01
4.288000e+01 4.601957e-01 2.390902e-01
4.289000e+01 4.568022e-01 2.428127e-01
4.290000e+01 4.535804e-01 2.466424e-01
4.291000e+01 4.505339e-01 2.505725e-01
4.292000e+01 4.476664e-01 2.545959e-01
4.293000e+01 4.449810e-01 2.587054e-01
4.294000e+01 4.424809e-01 2.628938e-01
4.295000e+01 4.401687e-01 2.671537e-01
4.296000e+01 4.380468e-01 2.714774e-01
4.297000e+01 4.361172e-01 2.758574e-01
4.298000e+01 4.343818e-01 2.802861e-01
4.299000e+01 4.328421e-01 2.847555e-01
4.300000e+01 4.314992e-01 2.892579e-01
4.301000e+01 4.303539e-01 2.937854e-01
4.302000e+01 4.294069e-01 2.983302e-01
4.303000e+01 4.286583e-01 3.028841e-01
4.304000e+01 4.281081e-01 3.074395e-01
4.305000e+01 4.277558e-01 3.119882e-01
4.306000e+01 4.276007e-01 3.165224e-01
4.307000e+01 4.276418e-01 3.210343e-01
4.308000e+01 4.278776e-01 3.255159e-01
4.309000e+01 4.283066e-01 3.299595e-01
4.310000e+01 4.289267e-01 3.343574e-01
4.311000e+01 4.297355e-01 3.387020e-01
4.312000e+01 4.307306e-01 3.429858e-01
4.313000e+01 4.319089e-01 3.472012e-01
4.314000e+01 4.332673e-01 3.513411e-01
4.315000e+01 4.348022e-01 3.553983e-01
4.316000e+01 4.365099e-01 3.593656e-01
4.317000e+01 4.383862e-01 3.632364e-01
4.318000e+01 4.404268e-01 3.670039e-01
4.319000e+01 4.426271e-01 3.706615e-01
4.320000e+01 4.449821e-01 3.742030e-01
4.321000e+01 4.474868e-01 3.776222e-01
4.322000e+01 4.501357e-01 3.809132e-01
4.323000e+01 4.529232e-01 3.840703e-01
4.324000e+01 4.558434e-01 3.870881e-01
4.325000e+01 4.588902e-01 3.899614e-01
4.326000e+01 4.620574e-01 3.926852e-01
4.327000e+01 4.653385e-01 3.952548e-01
4.328000e+01 4.687266e-01 3.976658e-01
4.329000e+01 4.722151e-01 3.999139e-01
4.330000e+01 4.757969e-01 4.019954e-01
4.331000e+01 4.794647e-01 4.039067e-01
4.332000e+01 4.832112e-01 4.056444e-01
4.333000e+01 4.870290e-01 4.072056e-01
4.334000e+01 4.909105e-01 4.085876e-01
4.335000e+01 4.948479e-01 4.097881e-01
4.336000e+01 4.988336e-01 4.108049e-01
4.337000e+01 5.028596e-01 4.116364e-01
4.338000e+01 5.069180e-01 4.122812e-01
4.339000e+01 5.110008e-01 4.127382e-01
4.340000e+01 5.150999e-01 4.130067e-01
4.341000e+01 5.192074e-01 4.130862e-01
4.342000e+01 5.233151e-01 4.129767e-01
4.343000e+01 5.274149e-01 4.126784e-01
4.344000e+01 5.314988e-01 4.121920e-01
4.345000e+01 5.355587e-01 4.115184e-01
4.346000e+01 5.395867e-01 4.106587e-01
4.347000e+01 5.435748e-01 4.096147e-01
4.348000e+01 5.475151e-01 4.083882e-01
4.349000e+01 5.513998e-01 4.069816e-01
4.350000e+01 5.552213e-01 4.053972e-01
4.351000e+01 5.589719e-01 4.036382e-01
4.352000e+01 5.626442e-01 4.017076e-01
4.353000e+01 5.662308e-01 3.996089e-01
4.354000e+01 5.697246e-01 3.973461e-01
4.355000e+01 5.731185e-01 3.949232e-01
4.356000e+01 5.764056e-01 3.923446e-01
4.357000e+01 5.795794e-01 3.896151e-01
4.358000e+01 5.826332e-01 3.867396e-01
4.359000e+01 5.855609e-01 3.837233e-01
4.360000e+01 5.883564e-01 3.805718e-01
4.361000e+01 5.910139e-01 3.772908e-01
4.362000e+01 5.935277e-01 3.738863e-01
4.363000e+01 5.958926e-01 3.703646e-01
4.364000e+01 5.981035e-01 3.667322e-01
4.365000e+01 6.001556e-01 3.629956e-01
4.366000e+01 6.020444e-01 3.591618e-01
4.367000e+01 6.037656e-01 3.552378e-01
4.368000e+01 6.053153e-01 3.512309e-01
4.369000e+01 6.066899e-01 3.471485e-01
4.370000e+01 6.078859e-01 3.429982e-01
4.371000e+01 6.089005e-01 3.387876e-01
4.372000e+01 6.097309e-01 3.345246e-01
4.373000e+01 6.103748e-01 3.302171e-01
4.374000e+01 6.108300e-01 3.258731e-01
4.375000e+01 6.110950e-01 3.215009e-01
4.376000e+01 6.111683e-01 3.171086e-01
4.377000e+01 6.110489e-01 3.127045e-01
4.378000e+01 6.107362e-01 3.082969e-01
4.379000e+01 6.102299e-01 3.038942e-01
4.380000e+01 6.095299e-01 2.995047e-01
4.381000e+01 6.086366e-01 2.951367e-01
4.382000e+01 6.075508e-01 2.907987e-01
4.383000e+01 6.062735e-01 2.864989e-01
4.384000e+01 6.048062e-01 2.822457e-01
4.385000e+01 6.031506e-01 2.780473e-01
4.386000e+01 6.013088e-01 2.739118e-01
4.387000e+01 5.992833e-01 2.698474e-01
4.388000e+01 5.970769e-01 2.658620e-01
4.389000e+01 5.946927e-01 2.619634e-01
4.390000e+01 5.921343e-01 2.581595e-01
4.391000e+01 5.894052e-01 2.544578e-01
4.392000e+01 5.865098e-01 2.508657e-01
4.393000e+01 5.834524e-01 2.473907e-01
4.394000e+01 5.802376e-01 2.440397e-01
4.395000e+01 5.768707e-01 2.408197e-01
4.396000e+01 5.733568e-01 2.377373e-01
4.397000e+01 5.697016e-01 2.347992e-01
4.398000e+01 5.659109e-01 2.320115e-01
4.399000e+01 5.619910e-01 2.293803e-01
4.400000e+01 5.579481e-01 2.269113e-01
4.401000e+01 5.537890e-01 2.246101e-01
4.402000e+01 5.495205e-01 2.224819e-01
4.403000e+01 5.451498e-01 2.205316e-01
4.404000e+01 5.406841e-01 2.187639e-01
4.405000e+01 5.361309e-01 2.171832e-01
4.406000e+01 5.314980e-01 2.157935e-01
4.407000e+01 5.267933e-01 2.145986e-01
4.408000e+01 5.220247e-01 2.136019e-01
4.409000e+01 5.172005e-01 2.128065e-01
4.410000e+01 5.123290e-01 2.122150e-01
4.411000e+01 5.074186e-01 2.118300e-01
4.412000e+01 5.024780e-01 2.116535e-01
4.413000e+01 4.975156e-01 2.116872e-01
4.414000e+01 4.925404e-01 2.119324e-01
4.415000e+01 4.875610e-01 2.123901e-01
4.416000e+01 4.825863e-01 2.130610e-01
4.417000e+01 4.776252e-01 2.139452e-01
4.418000e+01 4.726865e-01 2.150428e-01
4.419000e+01 4.677792e-01 2.163532e-01
4.420000e+01 4.629121e-01 2.178755e-01
4.421000e+01 4.580941e-01 2.196087e-01
4.422000e+01 4.533340e-01 2.215510e-01
4.423000e+01 4.486406e-01 2.237006e-01
4.424000e+01 4.440225e-01 2.260551e-01
4.425000e+01 4.394884e-01 2.286120e-01
4.426000e+01 4.350468e-01 2.313680e-01
4.427000e+01 4.307060e-01 2.343200e-01
4.428000e+01 4.264743e-01 2.374641e-01
4.429000e+01 4.223597e-01 2.407964e-01
4.430000e+01 4.183704e-01 2.443123e-01
4.431000e+01 4.145139e-01 2.480072e-01
4.432000e+01 4.107979e-01 2.518760e-01
4.433000e+01 4.072299e-01 2.559134e-01
4.434000e+01 4.038168e-01 2.601136e-01
4.435000e+01 4.005658e-01 2.644707e-01
4.436000e+01 3.974835e-01 2.689784e-01
4.437000e+01 3.945763e-01 2.736302e-01
4.438000e+01 3.918505e-01 2.784192e-01
4.439000e+01 3.893120e-01 2.833384e-01
4.440000e+01 3.869664e-01 2.883804e-01
4.441000e+01 3.848190e-01 2.935377e-01
4.442000e+01 3.828748e-01 2.988024e-01
4.443000e+01 3.811387e-01 3.041667e-01
4.444000e+01 3.796150e-01 3.096222e-01
4.445000e+01 3.783077e-01 3.151607e-01
4.446000e+01 3.772206e-01 3.207735e-01
4.447000e+01 3.763571e-01 3.264519e-01
4.448000e+01 3.757202e-01 3.321871e-01
4.449000e+01 3.753125e-01 3.379700e-01
4.450000e+01 3.751364e-01 3.437917e-01
4.451000e+01 3.751938e-01 3.496428e-01
4.452000e+01 3.754862e-01 3.555141e-01
4.453000e+01 3.760149e-01 3.613962e-01
4.454000e+01 3.767807e-01 3.672797e-01
4.455000e+01 3.777839e-01 3.731551e-01
4.456000e+01 3.790246e-01 3.790130e-01
4.457000e+01 3.805025e-01 3.848440e-01
4.458000e+01 3.822168e-01 3.906384e-01
4.459000e+01 3.841665e-01 3.963869e-01
4.460000e+01 3.863499e-01 4.020800e-01
4.461000e+01 3.887653e-01 4.077085e-01
4.462000e+01 3.914103e-01 4.132629e-01
4.463000e+01 3.942824e-01 4.187342e-01
4.464000e+01 3.973784e-01 4.241132e-01
4.465000e+01 4.006951e-01 4.293910e-01
4.466000e+01 4.042286e-01 4.345587e-01
4.467000e+01 4.079749e-01 4.396076e-01
4.468000e+01 4.119295e-01 4.445292e-01
4.469000e+01 4.160876e-01 4.493152e-01
4.470000e+01 4.204439e-01 4.539573e-01
4.471000e+01 4.249932e-01 4.584477e-01
4.472000e+01 4.297294e-01 4.627786e-01
4.473000e+01 4.346466e-01 4.669425e-01
4.474000e+01 4.397383e-01 4.709322e-01
4.475000e+01 4.449977e-01 4.747406e-01
4.476000e+01 4.504179e-01 4.783611e-01
4.477000e+01 4.559916e-01 4.817872e-01
4.478000e+01 4.617113e-01 4.850127e-01
4.479000e+01 4.675691e-01 4.880318e-01
4.480000e+01 4.735570e-01 4.908390e-01
4.481000e+01 4.796669e-01 4.934291e-01
4.482000e+01 4.858901e-01 4.957972e-01
4.483000e+01 4.922182e-01 4.979388e-01
4.484000e+01 4.986422e-01 4.998497e-01
4.485000e+01 5.051531e-01 5.015260e-01
4.486000e+01 5.117418e-01 5.029644e-01
4.487000e+01 5.183990e-01 5.041617e-01
4.488000e+01 5.251152e-01 5.051152e-01
4.489000e+01 5.318810e-01 5.058226e-01
4.490000e+01 5.386867e-01 5.062820e-01
4.491000e+01 5.455226e-01 5.064918e-01
4.492000e+01 5.523789e-01 5.064508e-01
4.493000e+01 5.592459e-01 5.061584e-01
4.494000e+01 5.661137e-01 5.056140e-01
4.495000e+01 5.729725e-01 5.048177e-01
4.496000e+01 5.798124e-01 5.037701e-01
4.497000e+01 5.866237e-01 5.024718e-01
4.498000e+01 5.933965e-01 5.009241e-01
4.499000e+01 6.001211e-01 4.991287e-01
4.500000e+01 6.067880e-01 4.970875e-01
4.501000e+01 6.133874e-01 4.948030e-01
4.502000e+01 6.199101e-01 4.922779e-01
4.503000e+01 6.263465e-01 4.895154e-01
4.504000e+01 6.326875e-01 4.865190e-01
4.505000e+01 6.389241e-01 4.832927e-01
4.506000e+01 6.450474e-01 4.798407e-01
4.507000e+01 6.510486e-01 4.761677e-01
4.508000e+01 6.569192e-01 4.722787e-01
4.509000e+01 6.626509e-01 4.681789e-01
4.510000e+01 6.682357e-01 4.638741e-01
4.511000e+01 6.736656e-01 4.593702e-01
4.512000e+01 6.789331e-01 4.546736e-01
4.513000e+01 6.840308e-01 4.497909e-01
4.514000e+01 6.889517e-01 4.447288e-01
4.515000e+01 6.936890e-01 4.394947e-01
4.516000e+01 6.982362e-01 4.340959e-01
4.517000e+01 7.025872e-01 4.285403e-01
4.518000e+01 7.067361e-01 4.228356e-01
4.519000e+01 7.106774e-01 4.169901e-01
4.520000e+01 7.144060e-01 4.110122e-01
4.521000e+01 7.179169e-01 4.049104e-01
4.522000e+01 7.212058e-01 3.986936e-01
4.523000e+01 7.242684e-01 3.923707e-01
4.524000e+01 7.271012e-01 3.859508e-01
4.525000e+01 7.297007e-01 3.794432e-01
4.526000e+01 7.320639e-01 3.728572e-01
4.527000e+01 7.341883e-01 3.662023e-01
4.528000e+01 7.360717e-01 3.594882e-01
4.529000e+01 7.377122e-01 3.527243e-01
4.530000e+01 7.391085e-01 3.459206e-01
4.531000e+01 7.402596e-01 3.390867e-01
4.532000e+01 7.411648e-01 3.322325e-01
4.533000e+01 7.418240e-01 3.253677e-01
4.534000e+01 7.422374e-01 3.185021e-01
4.535000e+01 7.424056e-01 3.116455e-01
4.536000e+01 7.423297e-01 3.048076e-01
4.537000e+01 7.420110e-01 2.979981e-01
4.538000e+01 7.414513e-01 2.912267e-01
4.539000e+01 7.406529e-01 2.845027e-01
4.540000e+01 7.396183e-01 2.778357e-01
4.541000e+01 7.383506e-01 2.712348e-01
4.542000e+01 7.368530e-01 2.647093e-01
4.543000e+01 7.351294e-01 2.582681e-01
4.544000e+01 7.331839e-01 2.519200e-01
4.545000e+01 7.310208e-01 2.456738e-01
4.546000e+01 7.286451e-01 2.395377e-01
4.547000e+01 7.260618e-01 2.335200e-01
4.548000e+01 7.232765e-01 2.276288e-01
4.549000e+01 7.202950e-01 2.218717e-01
4.550000e+01 7.171234e-01 2.162563e-01
4.551000e+01 7.137681e-01 2.107897e-01
4.552000e+01 7.102359e-01 2.054789e-01
4.553000e+01 7.065337e-01 2.003306e-01
4.554000e+01 7.026688e-01 1.953510e-01
4.555000e+01 6.986488e-01 1.905462e-01
4.556000e+01 6.944813e-01 1.859220e-01
4.557000e+01 6.901745e-01 1.814835e-01
4.558000e+01 6.857364e-01 1.772360e-01
4.559000e+01 6.811754e-01 1.731839e-01
4.560000e+01 6.765002e-01 1.693317e-01
4.561000e+01 6.717194e-01 1.656832e-01
4.562000e+01 6.668420e-01 1.622419e-01
4.563000e+01 6.618769e-01 1.590111e-01
4.564000e+01 6.568333e-01 1.559936e-01
4.565000e+01 6.517205e-01 1.531916e-01
4.566000e+01 6.465477e-01 1.506072e-01
4.567000e+01 6.413243e-01 1.482419e-01
4.568000e+01 6.360598e-01 1.460971e-01
4.569000e+01 6.307637e-01 1.441733e-01
4.570000e+01 6.254453e-01 1.424711e-01
4.571000e+01 6.201143e-01 1.409903e-01
4.572000e+01 6.147801e-01 1.397305e-01
4.573000e+01 6.094521e-01 1.386909e-01
4.574000e+01 6.041396e-01 1.378702e-01
4.575000e+01 5.988520e-01 1.372668e-01
4.576000e+01 5.935986e-01 1.368787e-01
4.577000e+01 5.883883e-01 1.367033e-01
4.578000e+01 5.832302e-01 1.367379e-01
4.579000e+01 5.781332e-01 1.369792e-01
4.580000e+01 5.731059e-01 1.374237e-01
4.581000e+01 5.681568e-01 1.380674e-01
4.582000e+01 5.632944e-01 1.389061e-01
4.583000e+01 5.585267e-01 1.399349e-01
4.584000e+01 5.538617e-01 1.411489e-01
4.585000e+01 5.493071e-01 1.425427e-01
4.586000e+01 5.448702e-01 1.441107e-01
4.587000e+01 5.405584e-01 1.458469e-01
4.588000e+01 5.363784e-01 1.477449e-01
4.589000e+01 5.323370e-01 1.497981e-01
4.590000e+01 5.284404e-01 1.519998e-01
4.591000e+01 5.246947e-01 1.543427e-01
4.592000e+01 5.211055e-01 1.568194e-01
4.593000e+01 5.176783e-01 1.594224e-01
4.594000e+01 5.144180e-01 1.621437e-01
4.595000e+01 5.113294e-01 1.649754e-01
4.596000e+01 5.084166e-01 1.679090e-01
4.597000e+01 5.056837e-01 1.709363e-01
4.598000e+01 5.031343e-01 1.740485e-01
4.599000e+01 5.007714e-01 1.772370e-01
4.600000e+01 4.985979e-01 1.804928e-01
4.601000e+01 4.966162e-01 1.838070e-01
4.602000e+01 4.948282e-01 1.871704e-01
4.603000e+01 4.932356e-01 1.905740e-01
4.604000e+01 4.918394e-01 1.940084e-01
4.605000e+01 4.906406e-01 1.974644e-01
4.606000e+01 4.896394e-01 2.009327e-01
4.607000e+01 4.888357e-01 2.044039e-01
4.608000e+01 4.882291e-01 2.078689e-01
4.609000e+01 4.878187e-01 2.113182e-01
4.610000e+01 4.876032e-01 2.147428e-01
4.611000e+01 4.875809e-01 2.181334e-01
4.612000e+01 4.877496e-01 2.214809e-01
4.613000e+01 4.881068e-01 2.247764e-01
4.614000e+01 4.886497e-01 2.280111e-01
4.615000e+01 4.893748e-01 2.311761e-01
4.616000e+01 4.902785e-01 2.342629e-01
4.617000e+01 4.913566e-01 2.372631e-01
4.618000e+01 4.926047e-01 2.401685e-01
4.619000e+01 4.940180e-01 2.429710e-01
4.620000e+01 4.955913e-01 2.456630e-01
4.621000e+01 4.973189e-01 2.482366e-01
4.622000e+01 4.991951e-01 2.506848e-01
4.623000e+01 5.012136e-01 2.530004e-01
4.624000e+01 5.033678e-01 2.551766e-01
4.625000e+01 5.056510e-01 2.572070e-01
4.626000e+01 5.080560e-01 2.590853e-01
4.627000e+01 5.105754e-01 2.608057e-01
4.628000e+01 5.132014e-01 2.623627e-01
4.629000e+01 5.159263e-01 2.637511e-01
4.630000e+01 5.187417e-01 2.649660e-01
4.631000e+01 5.216393e-01 2.660030e-01
4.632000e+01 5.246106e-01 2.668579e-01
4.633000e+01 5.276466e-01 2.675272e-01
4.634000e+01 5.307386e-01 2.680073e-01
4.635000e+01 5.338772e-01 2.682955e-01
4.636000e+01 5.370533e-01 2.683892e-01
4.637000e+01 5.402575e-01 2.682863e-01
4.638000e+01 5.434803e-01 2.679852e-01
4.639000e+01 5.467121e-01 2.674845e-01
4.640000e+01 5.499433e-01 2.667834e-01
4.641000e+01 5.531642e-01 2.658816e-01
4.642000e+01 5.563651e-01 2.647790e-01
4.643000e+01 5.595362e-01 2.634762e-01
4.644000e+01 5.626678e-01 2.619741e-01
4.645000e+01 5.657502e-01 2.602740e-01
4.646000e+01 5.687738e-01 2.583777e-01
4.647000e+01 5.717289e-01 2.562874e-01
4.648000e+01 5.746061e-01 2.540057e-01
4.649000e+01 5.773960e-01 2.515359e-01
4.650000e+01 5.800892e-01 2.488812e-01
4.651000e+01 5.826766e-01 2.460458e-01
4.652000e+01 5.851493e-01 2.430339e-01
4.653000e+01 5.874984e-01 2.398502e-01
4.654000e+01 5.897153e-01 2.365000e-01
4.655000e+01 5.917917e-01 2.329888e-01
4.656000e+01 5.937192e-01 2.293225e-01
4.657000e+01 5.954901e-01 2.255075e-01
4.658000e+01 5.970966e-01 2.215504e-01
4.659000e+01 5.985313e-01 2.174582e-01
4.660000e+01 5.997872e-01 2.132384e-01
4.661000e+01 6.008574e-01 2.088986e-01
4.662000e+01 6.017356e-01 2.044468e-01
4.663000e+01 6.024156e-01 1.998915e-01
4.664000e+01 6.028915e-01 1.952412e-01
4.665000e+01 6.031582e-01 1.905049e-01
4.666000e+01 6.032104e-01 1.856916e-01
4.667000e+01 6.030436e-01 1.808108e-01
4.668000e+01 6.026536e-01 1.758722e-01
4.669000e+01 6.020365e-01 1.708856e-01
4.670000e+01 6.011889e-01 1.658610e-01
4.671000e+01 6.001079e-01 1.608086e-01
4.672000e+01 5.987910e-01 1.557389e-01
4.673000e+01 5.972361e-01 1.506623e-01
4.674000e+01 5.954415e-01 1.455895e-01
4.675000e+01 5.934061e-01 1.405312e-01
4.676000e+01 5.911292e-01 1.354983e-01
4.677000e+01 5.886106e-01 1.305016e-01
4.678000e+01 5.858505e-01 1.255520e-01
4.679000e+01 5.828497e-01 1.206606e-01
4.680000e+01 5.796093e-01 1.158382e-01
4.681000e+01 5.761310e-01 1.110957e-01
4.682000e+01 5.724171e-01 1.064442e-01
4.683000e+01 5.684700e-01 1.018943e-01
4.684000e+01 5.642929e-01 9.745694e-02
4.685000e+01 5.598895e-01 9.314265e-02
4.686000e+01 5.552637e-01 8.896199e-02
4.687000e+01 5.504202e-01 8.492534e-02
4.688000e+01 5.453638e-01 8.104294e-02
4.689000e+01 5.401000e-01 7.732482e-02
4.690000e+01 5.346347e-01 7.378083e-02
4.691000e+01 5.289742e-01 7.042058e-02
4.692000e+01 5.231253e-01 6.725345e-02
4.693000e+01 5.170952e-01 6.428858e-02
4.694000e+01 5.108915e-01 6.153478e-02
4.695000e+01 5.045221e-01 5.900062e-02
4.696000e+01 4.979954e-01 5.669433e-02
4.697000e+01 4.913203e-01 5.462381e-02
4.698000e+01 4.845058e-01 5.279662e-02
4.699000e+01 4.775614e-01 5.121994e-02
4.700000e+01 4.704970e-01 4.990059e-02
4.701000e+01 4.633226e-01 4.884499e-02
4.702000e+01 4.560488e-01 4.805915e-02
4.703000e+01 4.486861e-01 4.754866e-02
4.704000e+01 4.412457e-01 4.731867e-02
4.705000e+01 4.337388e-01 4.737389e-02
4.706000e+01 4.261769e-01 4.771855e-02
4.707000e+01 4.185716e-01 4.835644e-02
4.708000e+01 4.109349e-01 4.929086e-02
4.709000e+01 4.032789e-01 5.052461e-02
4.710000e+01 3.956157e-01 5.205999e-02
4.711000e+01 3.879577e-01 5.389882e-02
4.712000e+01 3.803174e-01 5.604238e-02
4.713000e+01 3.727075e-01 5.849144e-02
4.714000e+01 3.651404e-01 6.124626e-02
4.715000e+01 3.576290e-01 6.430656e-02
4.716000e+01 3.501859e-01 6.767153e-02
4.717000e+01 3.428240e-01 7.133982e-02
4.718000e+01 3.355557e-01 7.530957e-02
4.719000e+01 3.283940e-01 7.957836e-02
4.720000e+01 3.213513e-01 8.414326e-02
4.721000e+01 3.144402e-01 8.900077e-02
4.722000e+01 3.076731e-01 9.414690e-02
4.723000e+01 3.010624e-01 9.957711e-02
4.724000e+01 2.946201e-01 1.052864e-01
4.725000e+01 2.883582e-01 1.112690e-01
4.726000e+01 2.822885e-01 1.175191e-01
4.727000e+01 2.764225e-01 1.240299e-01
4.728000e+01 2.707716e-01 1.307945e-01
4.729000e+01 2.653469e-01 1.378051e-01
4.730000e+01 2.601590e-01 1.450538e-01
4.731000e+01 2.552185e-01 1.525321e-01
4.732000e+01 2.505356e-01 1.602310e-01
4.733000e+01 2.461200e-01 1.681410e-01
4.734000e+01 2.419812e-01 1.762523e-01
4.735000e+01 2.381283e-01 1.845547e-01
4.736000e+01 2.345700e-01 1.930375e-01
4.737000e+01 2.313146e-01 2.016897e-01
4.738000e+01 2.283698e-01 2.104998e-01
4.739000e+01 2.257431e-01 2.194560e-01
4.740000e+01 2.234415e-01 2.285464e-01
4.741000e+01 2.214712e-01 2.377583e-01
4.742000e+01 2.198385e-01 2.470793e-01
4.743000e+01 2.185486e-01 2.564961e-01
4.744000e+01 2.176066e-01 2.659957e-01
4.745000e+01 2.170168e-01 2.755645e-01
4.746000e+01 2.167832e-01 2.851889e-01
4.747000e+01 2.169091e-01 2.948548e-01
4.748000e+01 2.173972e-01 3.045484e-01
4.749000e+01 2.182498e-01 3.142554e-01
4.750000e+01 2.194685e-01 3.239614e-01
4.751000e+01 2.210543e-01 3.336521e-01
4.752000e+01 2.230078e-01 3.433128e-01
4.753000e+01 2.253288e-01 3.529291e-01
4.754000e+01 2.280166e-01 3.624864e-01
4.755000e+01 2.310700e-01 3.719701e-01
4.756000e+01 2.344870e-01 3.813656e-01
4.757000e+01 2.382651e-01 3.906584e-01
4.758000e+01 2.424013e-01 3.998339e-01
4.759000e+01 2.468919e-01 4.088779e-01
4.760000e+01 2.517326e-01 4.177762e-01
4.761000e+01 2.569186e-01 4.265144e-01
4.762000e+01 2.624445e-01 4.350789e-01
4.763000e+01 2.683042e-01 4.434557e-01
4.764000e+01 2.744912e-01 4.516314e-01
4.765000e+01 2.809983e-01 4.595926e-01
4.766000e+01 2.878179e-01 4.673263e-01
4.767000e+01 2.949417e-01 4.748198e-01
4.768000e+01 3.023610e-01 4.820606e-01
4.769000e+01 3.100665e-01 4.890366e-01
4.770000e+01 3.180484e-01 4.957361e-01
4.771000e+01 3.262965e-01 5.021475e-01
4.772000e+01 3.348000e-01 5.082600e-01
4.773000e+01 3.435476e-01 5.140630e-01
4.774000e+01 3.525277e-01 5.195463e-01
4.775000e+01 3.617283e-01 5.247001e-01
4.776000e+01 3.711368e-01 5.295153e-01
4.777000e+01 3.807403e-01 5.339832e-01
4.778000e+01 3.905256e-01 5.380954e-01
4.779000e+01 4.004790e-01 5.418443e-01
4.780000e+01 4.105865e-01 5.452226e-01
4.781000e+01 4.208340e-01 5.482239e-01
4.782000e+01 4.312068e-01 5.508419e-01
4.783000e+01 4.416901e-01 5.530712e-01
4.784000e+01 4.522689e-01 5.549068e-01
4.785000e+01 4.629278e-01 5.563446e-01
4.786000e+01 4.736514e-01 5.573807e-01
4.787000e+01 4.844240e-01 5.580122e-01
4.788000e+01 4.952298e-01 5.582364e-01
4.789000e+01 5.060529e-01 5.580517e-01
4.790000e+01 5.168773e-01 5.574569e-01
4.791000e+01 5.276869e-01 5.564513e-01
4.792000e+01 5.384655e-01 5.550352e-01
4.793000e+01 5.491970e-01 5.532092e-01
4.794000e+01 5.598654e-01 5.509747e-01
4.795000e+01 5.704544e-01 5.483339e-01
4.796000e+01 5.809480e-01 5.452893e-01
4.797000e+01 5.913303e-01 5.418444e-01
4.798000e+01 6.015855e-01 5.380032e-01
4.799000e+01 6.116978e-01 5.337702e-01
4.800000e+01 6.216518e-01 5.291508e-01
4.801000e+01 6.314320e-01 5.241508e-01
4.802000e+01 6.410235e-01 5.187768e-01
4.803000e+01 6.504113e-01 5.130359e-01
4.804000e+01 6.595809e-01 5.069358e-01
4.805000e+01 6.685180e-01 5.004850e-01
4.806000e+01 6.772085e-01 4.936922e-01
4.807000e+01 6.856389e-01 4.865671e-01
4.808000e+01 6.937958e-01 4.791195e-01
4.809000e+01 7.016665e-01 4.713602e-01
4.810000e+01 7.092385e-01 4.633002e-01
4.811000e+01 7.164998e-01 4.549512e-01
4.812000e+01 7.234387e-01 4.463253e-01
4.813000e+01 7.300442e-01 4.374350e-01
4.814000e+01 7.363058e-01 4.282934e-01
4.815000e+01 7.422134e-01 4.189141e-01
4.816000e+01 7.477573e-01 4.093108e-01
4.817000e+01 7.529287e-01 3.994979e-01
4.818000e+01 7.577192e-01 3.894901e-01
4.819000e+01 7.621208e-01 3.793024e-01
4.820000e+01 7.661264e-01 3.689501e-01
4.821000e+01 7.697293e-01 3.584488e-01
4.822000e+01 7.729236e-01 3.478145e-01
4.823000e+01 7.757039e-01 3.370633e-01
4.824000e+01 7.780655e-01 3.262117e-01
4.825000e+01 7.800043e-01 3.152762e-01
4.826000e+01 7.815169e-01 3.042736e-01
4.827000e+01 7.826007e-01 2.932208e-01
4.828000e+01 7.832536e-01 2.821348e-01
4.829000e+01 7.834743e-01 2.710328e-01
4.830000e+01 7.832621e-01 2.599319e-01
4.831000e+01 7.826170e-01 2.488494e-01
4.832000e+01 7.815397e-01 2.378024e-01
4.833000e+01 7.800318e-01 2.268082e-01
4.834000e+01 7.780953e-01 2.158840e-01
4.835000e+01 7.757330e-01 2.050468e-01
4.836000e+01 7.729484e-01 1.943135e-01
4.837000e+01 7.697457e-01 1.837010e-01
4.838000e+01 7.661298e-01 1.732260e-01
4.839000e+01 7.621062e-01 1.629050e-01
4.840000e+01 7.576811e-01 1.527541e-01
4.841000e+01 7.528615e-01 1.427895e-01
4.842000e+01 7.476547e-01 1.330268e-01
4.843000e+01 7.420690e-01 1.234815e-01
4.844000e+01 7.361132e-01 1.141688e-01
4.845000e+01 7.297966e-01 1.051033e-01
4.846000e+01 7.231292e-01 9.629942e-02
4.847000e+01 7.161217e-01 8.777122e-02
4.848000e+01 7.087851e-01 7.953222e-02
4.849000e+01 7.011311e-01 7.159553e-02
4.850000e+01 6.931720e-01 6.397380e-02
4.851000e+01 6.849206e-01 5.667916e-02
4.852000e+01 6.763900e-01 4.972325e-02
4.853000e+01 6.675939e-01 4.311717e-02
4.854000e+01 6.585466e-01 3.687146e-02
4.855000e+01 6.492626e-01 3.099609e-02
4.856000e+01 6.397569e-01 2.550044e-02
4.857000e+01 6.300448e-01 2.039328e-02
4.858000e+01 6.201421e-01 1.568276e-02
4.859000e+01 6.100649e-01 1.137639e-02
4.860000e+01 5.998295e-01 7.481040e-03
4.861000e+01 5.894525e-01 4.002894e-03
4.862000e+01 5.789509e-01 9.474773e-04
4.863000e+01 5.683418e-01 -1.680377e-03
4.864000e+01 5.576424e-01 -3.876529e-03
4.865000e+01 5.468704e-01 -5.637545e-03
4.866000e+01 5.360432e-01 -6.960699e-03
4.867000e+01 5.251786e-01 -7.843984e-03
4.868000e+01 5.142944e-01 -8.286112e-03
4.869000e+01 5.034085e-01 -8.286521e-03
4.870000e+01 4.925388e-01 -7.845373e-03
4.871000e+01 4.817031e-01 -6.963561e-03
4.872000e+01 4.709192e-01 -5.642703e-03
4.873000e+01 4.602050e-01 -3.885143e-03
4.874000e+01 4.495781e-01 -1.693948e-03
4.875000e+01 4.390560e-01 9.270949e-04
4.876000e+01 4.286561e-01 3.973486e-03
4.877000e+01 4.183956e-01 7.440017e-03
4.878000e+01 4.082915e-01 1.132078e-02
4.879000e+01 3.983605e-01 1.560918e-02
4.880000e+01 3.886190e-01 2.029793e-02
4.881000e+01 3.790833e-01 2.537909e-02
4.882000e+01 3.697691e-01 3.084404e-02
4.883000e+01 3.606920e-01 3.668354e-02
4.884000e+01 3.518670e-01 4.288771e-02
4.885000e+01 3.433088e-01 4.944605e-02
4.886000e+01 3.350317e-01 5.634747e-02
4.887000e+01 3.270494e-01 6.358030e-02
4.888000e+01 3.193753e-01 7.113231e-02
4.889000e+01 3.120221e-01 7.899073e-02
4.890000e+01 3.050022e-01 8.714226e-02
4.891000e+01 2.983274e-01 9.557312e-02
4.892000e+01 2.920086e-01 1.042690e-01
4.893000e+01 2.860566e-01 1.132153e-01
4.894000e+01 2.804813e-01 1.223968e-01
4.895000e+01 2.752920e-01 1.317979e-01
4.896000e+01 2.704975e-01 1.414028e-01
4.897000e+01 2.661058e-01 1.511951e-01
4.898000e+01 2.621242e-01 1.611583e-01
4.899000e+01 2.585596e-01 1.712754e-01
4.900000e+01 2.554178e-01 1.815294e-01
4.901000e+01 2.527041e-01 1.919027e-01
4.902000e+01 2.504233e-01 2.023779e-01
4.903000e+01 2.485790e-01 2.129370e-01
4.904000e+01 2.471744e-01 2.235622e-01
4.905000e+01 2.462118e-01 2.342355e-01
4.906000e+01 2.456931e-01 2.449386e-01
4.907000e+01 2.456189e-01 2.556533e-01
4.908000e+01 2.459894e-01 2.663615e-01
4.909000e+01 2.468041e-01 2.770448e-01
4.910000e+01 2.480616e-01 2.876852e-01
4.911000e+01 2.497598e-01 2.982644e-01
4.912000e+01 2.518957e-01 3.087644e-01
4.913000e+01 2.544659e-01 3.191673e-01
4.914000e+01 2.574660e-01 3.294554e-01
4.915000e+01 2.608908e-01 3.396112e-01
4.916000e+01 2.647348e-01 3.496172e-01
4.917000e+01 2.689912e-01 3.594563e-01
4.918000e+01 2.736531e-01 3.691119e-01
4.919000e+01 2.787123e-01 3.785672e-01
4.920000e+01 2.841605e-01 3.878063e-01
4.921000e+01 2.899884e-01 3.968132e-01
4.922000e+01 2.961861e-01 4.055725e-01
4.923000e+01 3.027431e-01 4.140693e-01
4.924000e+01 3.096482e-01 4.222890e-01
4.925000e+01 3.168898e-01 4.302174e-01
4.926000e+01 3.244557e-01 4.378411e-01
4.927000e+01 3.323328e-01 4.451469e-01
4.928000e+01 3.405079e-01 4.521222e-01
4.929000e+01 3.489671e-01 4.587551e-01
4.930000e+01 3.576960e-01 4.650342e-01
4.931000e+01 3.666798e-01 4.709488e-01
4.932000e+01 3.759032e-01 4.764886e-01
4.933000e+01 3.853505e-01 4.816440e-01
4.934000e+01 3.950056e-01 4.864064e-01
4.935000e+01 4.048522e-01 4.907673e-01
4.936000e+01 4.148734e-01 4.947194e-01
4.937000e+01 4.250522e-01 4.982559e-01
4.938000e+01 4.353714e-01 5.013705e-01
4.939000e+01 4.458132e-01 5.040580e-01
4.940000e+01 4.563600e-01 5.063137e-01
4.941000e+01 4.669938e-01 5.081338e-01
4.942000e+01 4.776965e-01 5.095150e-01
4.943000e+01 4.884499e-01 5.104549e-01
4.944000e+01 4.992356e-01 5.109521e-01
4.945000e+01 5.100353e-01 5.110055e-01
4.946000e+01 5.208307e-01 5.106151e-01
4.947000e+01 5.316033e-01 5.097816e-01
4.948000e+01 5.423348e-01 5.085064e-01
4.949000e+01 5.530070e-01 5.067916e-01
4.950000e+01 5.636017e-01 5.046403e-01
4.951000e+01 5.741009e-01 5.020561e-01
4.952000e+01 5.844868e-01 4.990435e-01
4.953000e+01 5.947417e-01 4.956077e-01
4.954000e+01 6.048482e-01 4.917547e-01
4.955000e+01 6.147892e-01 4.874911e-01
4.956000e+01 6.245478e-01 4.828242e-01
4.957000e+01 6.341074e-01 4.777622e-01
4.958000e+01 6.434520e-01 4.723138e-01
4.959000e+01 6.525657e-01 4.664884e-01
4.960000e+01 6.614330e-01 4.602961e-01
4.961000e+01 6.700392e-01 4.537477e-01
4.962000e+01 6.783696e-01 4.468543e-01
4.963000e+01 6.864102e-01 4.396281e-01
4.964000e+01 6.941476e-01 4.320814e-01
4.965000e+01 7.015689e-01 4.242274e-01
4.966000e+01 7.086615e-01 4.160797e-01
4.967000e+01 7.154138e-01 4.076523e-01
4.968000e+01 7.218144e-01 3.989599e-01
4.969000e+01 7.278529e-01 3.900175e-01
4.970000e+01 7.335192e-01 3.808406e-01
4.971000e+01 7.388042e-01 3.714451e-01
4.972000e+01 7.436991e-01 3.618473e-01
4.973000e+01 7.481961e-01 3.520637e-01
4.974000e+01 7.522880e-01 3.421113e-01
4.975000e+01 7.559683e-01 3.320073e-01
4.976000e+01 7.592313e-01 3.217692e-01
4.977000e+01 7.620719e-01 3.114148e-01
4.978000e+01 7.644860e-01 3.009618e-01
4.979000e+01 7.664699e-01 2.904284e-01
4.980000e+01 7.680211e-01 2.798328e-01
4.981000e+01 7.691375e-01 2.691933e-01
4.982000e+01 7.698180e-01 2.585282e-01
4.983000e+01 7.700622e-01 2.478559e-01
4.984000e+01 7.698705e-01 2.371949e-01
4.985000e+01 7.692440e-01 2.265635e-01
4.986000e+01 7.681848e-01 2.159799e-01
4.987000e+01 7.666954e-01 2.054624e-01
4.988000e+01 7.647795e-01 1.950291e-01
4.989000e+01 7.624412e-01 1.846978e-01
4.990000e+01 7.596857e-01 1.744863e-01
4.991000e+01 7.565186e-01 1.644120e-01
4.992000e+01 7.529464e-01 1.544922e-01
4.993000e+01 7.489765e-01 1.447437e-01
4.994000e+01 7.446167e-01 1.351832e-01
4.995000e+01 7.398757e-01 1.258269e-01
4.996000e+01 7.347629e-01 1.166906e-01
4.997000e+01 7.292882e-01 1.077899e-01
4.998000e+01 7.234623e-01 9.913970e-02
4.999000e+01 7.172965e-01 9.075458e-02
5.000000e+01 7.172566e-01 9.070044e-02
