#Parameters = {cpw=15; sigma_z=0.4; wakelength=200; xbeam=0; xtest=0; ybeam=0; ytest=0}
# Beta-weighted transverse dipolar bunch wake, x-plane
#"s / mm"	"W_perp_beta [V/pC]"
#------------------------
-9.983088851400	6.4051194700380e-13
-9.953109605600	5.6934395289227e-13
-9.923130359800	-7.8284793522687e-13
-9.893151114000	-1.2810238940076e-12
-9.863171868200	-1.5656958704537e-12
-9.833192622400	-9.9635191756147e-13
-9.803213376600	-1.1386879057845e-12
-9.773234130800	0.0000000000000e+00
-9.743254885000	-7.4726393817110e-13
-9.713275639200	-7.1167994111534e-14
-9.683296393400	-7.4726393817110e-13
-9.653317147600	-1.4589438792864e-12
-9.623337901800	-1.3166078910634e-12
-9.593358656000	-3.5583997055767e-14
-9.563379410200	-2.1350398233460e-13
-9.533400164400	1.4233598822307e-13
-9.503420918600	-2.1350398233460e-13
-9.473441672800	-3.9142396761344e-13
-9.443462427000	-3.9142396761344e-13
-9.413483181200	-3.5583997055767e-14
-9.383503935400	0.0000000000000e+00
-9.353524689600	-3.9142396761344e-13
-9.323545443800	-2.6687997791825e-13
-9.293566198000	9.6076792050571e-13
-9.263586952200	-3.2025597350190e-13
-9.233607706400	1.4767358778143e-12
-9.203628460600	-1.0675199116730e-12
-9.173649214800	-1.1742719028403e-12
-9.143669969000	-6.4051194700380e-13
-9.113690723200	2.8467197644614e-13
-9.083711477400	-1.4055678837028e-12
-9.053732231600	-1.3343998895913e-12
-9.023752985800	-6.2271994847592e-14
-8.993773740000	2.0460798307066e-13
-8.963794494200	-5.3375995583650e-14
-8.933815248400	-1.2276478984240e-12
-8.903836002600	-1.7791998527883e-14
-8.873856756800	-1.0230399153533e-13
-8.843877511000	8.3399993099454e-13
-8.813898265200	6.0492794994804e-13
-8.783919019400	8.8014792717623e-13
-8.753939773600	6.7109194447360e-13
-8.723960527800	1.4834078772623e-12
-8.693981282000	-1.7124798583088e-13
-8.664002036200	-1.3321758897753e-12
-8.634022790400	-6.6719994479563e-14
-8.604043544600	-7.2947193964322e-13
-8.574064298800	1.0052479168254e-12
-8.544085053000	4.0031996687738e-13
-8.514105807200	1.1297919065206e-12
-8.484126561400	-1.1208959072567e-12
-8.454147315600	-4.3590396393314e-13
-8.424168069800	-1.1564799043124e-13
-8.394188824000	1.2454398969518e-13
-8.364209578200	4.4035196356512e-13
-8.334230332400	3.9587196724541e-13
-8.304251086600	1.5567998711898e-13
-8.274271840800	2.0104958336508e-12
-8.244292595000	2.3129598086248e-13
-8.214313349200	5.8046395197220e-13
-8.184334103400	1.3343998895913e-13
-8.154354857600	8.0286393357074e-13
-8.124375611800	2.1906398187456e-13
-8.094396366000	-2.5840097861981e-13
-8.064417120200	-9.7466791935561e-13
-8.034437874400	5.1596795730862e-13
-8.004458628600	-1.5567998711898e-14
-7.974479382800	-8.4511993007446e-14
-7.944500137000	-4.0476796650935e-13
-7.914520891200	-3.6473596982161e-13
-7.884541645400	3.1135997423796e-13
-7.854562399600	4.1811196540526e-13
-7.824583153800	-8.0063993375475e-14
-7.794603908000	1.0853119102009e-12
-7.764624662200	-9.6966391976965e-13
-7.734645416400	-1.2632318954797e-12
-7.704666170600	-1.6546558630932e-12
-7.674686924800	1.0853119102009e-12
-7.644707679000	-1.1920639013682e-12
-7.614728433200	-4.4479996319709e-13
-7.584749187400	-9.0739192492206e-13
-7.554769941600	8.1843193228264e-13
-7.524790695800	0.0000000000000e+00
-7.494811450000	-7.1167994111534e-13
-7.464832204200	2.1350398233460e-13
-7.434852958400	2.8467197644614e-13
-7.404873712600	5.6934395289227e-13
-7.374894466800	-7.4726393817110e-13
-7.344915221000	-3.9142396761344e-13
-7.314935975200	3.5583997055767e-14
-7.284956729400	3.5583997055767e-13
-7.254977483600	3.5583997055767e-14
-7.224998237800	-6.4051194700380e-13
-7.195018992000	-3.2025597350190e-13
-7.165039746200	-1.4233598822307e-13
-7.135060500400	-8.5401592933841e-13
-7.105081254600	-5.6934395289227e-13
-7.075102008800	1.4233598822307e-12
-7.045122763000	-1.4233598822307e-13
-7.015143517200	-1.9215358410114e-12
-6.985164271400	1.4233598822307e-13
-6.955185025600	7.8284793522687e-13
-6.925205779800	-7.1167994111534e-13
-6.895226534000	-8.5401592933841e-13
-6.865247288200	-1.0675199116730e-12
-6.835268042400	3.5583997055767e-13
-6.805288796600	-5.6934395289227e-13
-6.775309550800	-2.1350398233460e-12
-6.745330305000	2.1350398233460e-13
-6.715351059200	-2.8467197644614e-13
-6.685371813400	2.1350398233460e-13
-6.655392567600	-7.1167994111534e-14
-6.625413321800	3.5583997055767e-13
-6.595434076000	7.1167994111534e-13
-6.565454830200	1.4233598822307e-13
-6.535475584400	-1.4233598822307e-13
-6.505496338600	-4.2700796466920e-13
-6.475517092800	4.2700796466920e-13
-6.445537847000	0.0000000000000e+00
-6.415558601200	9.9635191756147e-13
-6.385579355400	9.9635191756147e-13
-6.355600109600	4.2700796466920e-13
-6.325620863800	0.0000000000000e+00
-6.295641618000	-2.8467197644614e-13
-6.265662372200	1.1386879057845e-12
-6.235683126400	8.5401592933841e-13
-6.205703880600	7.1167994111534e-13
-6.175724634800	-2.8467197644614e-13
-6.145745389000	-1.2810238940076e-12
-6.115766143200	1.8503678468999e-12
-6.085786897400	7.1167994111534e-13
-6.055807651600	1.4233598822307e-13
-6.025828405800	1.5656958704537e-12
-5.995849160000	0.0000000000000e+00
-5.965869914200	1.4233598822307e-13
-5.935890668400	7.1167994111534e-13
-5.905911422600	-7.1167994111534e-13
-5.875932176800	4.2700796466920e-13
-5.845952931000	0.0000000000000e+00
-5.815973685200	-2.8467197644614e-13
-5.785994439400	-5.6934395289227e-13
-5.756015193600	4.2700796466920e-13
-5.726035947800	-1.4233598822307e-13
-5.696056702000	1.4233598822307e-13
-5.666077456200	2.8467197644614e-13
-5.636098210400	4.2700796466920e-13
-5.606118964600	-4.2700796466920e-13
-5.576139718800	-1.1386879057845e-12
-5.546160473000	-1.2810238940076e-12
-5.516181227200	5.6934395289227e-13
-5.486201981400	-7.1167994111534e-13
-5.456222735600	-9.9635191756147e-13
-5.426243489800	-7.1167994111534e-13
-5.396264244000	7.1167994111534e-13
-5.366284998200	1.4233598822307e-13
-5.336305752400	-7.1167994111534e-13
-5.306326506600	2.8467197644614e-13
-5.276347260800	8.5401592933841e-13
-5.246368015000	-8.5401592933841e-13
-5.216388769200	0.0000000000000e+00
-5.186409523400	0.0000000000000e+00
-5.156430277600	5.6934395289227e-13
-5.126451031800	2.8467197644614e-13
-5.096471786000	0.0000000000000e+00
-5.066492540200	-5.6934395289227e-13
-5.036513294400	0.0000000000000e+00
-5.006534048600	-2.8467197644614e-13
-4.976554802800	0.0000000000000e+00
-4.946575557000	-1.4233598822307e-12
-4.916596311200	2.8467197644614e-13
-4.886617065400	-8.5401592933841e-13
-4.856637819600	-5.6934395289227e-13
-4.826658573800	5.6934395289227e-13
-4.796679328000	-5.6934395289227e-13
-4.766700082200	-2.8467197644614e-13
-4.736720836400	-2.8467197644614e-13
-4.706741590600	-2.8467197644614e-13
-4.676762344800	5.6934395289227e-13
-4.646783099000	-8.5401592933841e-13
-4.616803853200	-5.6934395289227e-13
-4.586824607400	-2.8467197644614e-13
-4.556845361600	5.6934395289227e-13
-4.526866115800	-2.8467197644614e-13
-4.496886870000	0.0000000000000e+00
-4.466907624200	-2.8467197644614e-13
-4.436928378400	1.4233598822307e-12
-4.406949132600	1.1386879057845e-12
-4.376969886800	-2.8467197644614e-13
-4.346990641000	2.8467197644614e-13
-4.317011395200	8.5401592933841e-13
-4.287032149400	1.4233598822307e-12
-4.257052903600	1.8503678468999e-12
-4.227073657800	8.5401592933841e-13
-4.197094412000	1.2810238940076e-12
-4.167115166200	8.5401592933841e-13
-4.137135920400	-7.1167994111534e-13
-4.107156674600	0.0000000000000e+00
-4.077177428800	5.6934395289227e-13
-4.047198183000	4.2700796466920e-13
-4.017218937200	-5.6934395289227e-13
-3.987239691400	-1.4233598822307e-12
-3.957260445600	1.7080318586768e-12
-3.927281199800	4.2700796466920e-13
-3.897301954000	4.2700796466920e-13
-3.867322708200	-4.2700796466920e-13
-3.837343462400	8.5401592933841e-13
-3.807364216600	7.1167994111534e-13
-3.777384970800	-4.2700796466920e-13
-3.747405725000	1.4233598822307e-13
-3.717426479200	-5.6934395289227e-13
-3.687447233400	0.0000000000000e+00
-3.657467987600	-1.4233598822307e-13
-3.627488741800	-2.8467197644614e-13
-3.597509496000	8.5401592933841e-13
-3.567530250200	1.4233598822307e-12
-3.537551004400	8.5401592933841e-13
-3.507571758600	-1.5656958704537e-12
-3.477592512800	8.5401592933841e-13
-3.447613267000	-4.2700796466920e-13
-3.417634021200	0.0000000000000e+00
-3.387654775400	0.0000000000000e+00
-3.357675529600	8.5401592933841e-13
-3.327696283800	-1.4233598822307e-13
-3.297717038000	9.9635191756147e-13
-3.267737792200	-5.6934395289227e-13
-3.237758546400	7.1167994111534e-13
-3.207779300600	1.4233598822307e-13
-3.177800054800	4.2700796466920e-13
-3.147820809000	0.0000000000000e+00
-3.117841563200	1.4233598822307e-12
-3.087862317400	4.2700796466920e-13
-3.057883071600	2.2773758115691e-12
-3.027903825800	2.3485438056806e-12
-2.997924580000	5.9781115053688e-12
-2.967945334200	1.0105855163838e-11
-2.937966088400	1.7009150592657e-11
-2.907986842600	2.9961725520956e-11
-2.878007596800	5.1454459742639e-11
-2.848028351000	9.0739192492206e-11
-2.818049105200	1.5742360297471e-10
-2.788069859400	2.6887268175337e-10
-2.758090613600	4.6337480966020e-10
-2.728111367800	7.8925305469691e-10
-2.698132122000	1.3383852972615e-09
-2.668152876200	2.2630710447527e-09
-2.638173630400	3.8013672374735e-09
-2.608194384600	6.3508894585251e-09
-2.578215138800	1.0556028310590e-08
-2.548235893000	1.7449893980189e-08
-2.518256647200	2.8692729017953e-08
-2.488277401400	4.6921200853722e-08
-2.458298155600	7.6320236629235e-08
-2.428318909800	1.2347451266367e-07
-2.398339664000	1.9869349575203e-07
-2.368360418200	3.1801846955903e-07
-2.338381172400	5.0627782998238e-07
-2.308401926600	8.0168320317243e-07
-2.278422680800	1.2626739917819e-06
-2.248443435000	1.9781362093203e-06
-2.218464189200	3.0824849530181e-06
-2.188484943400	4.7778117812901e-06
-2.158505697600	7.3661834555152e-06
-2.128526451800	1.1296507848363e-05
-2.098547206000	1.7232050858566e-05
-2.068567960200	2.6147121009890e-05
-2.038588714400	3.9464625849690e-05
-2.008609468600	5.9250555931763e-05
-1.978630222800	8.8487208513544e-05
-1.948650977000	1.3145453609287e-04
-1.918671731200	1.9425899732905e-04
-1.888692485400	2.8556225250406e-04
-1.858713239600	4.1757863167454e-04
-1.828733993800	6.0743160774178e-04
-1.798754748000	8.7898634790722e-04
-1.768775502200	1.2653090000723e-03
-1.738796256400	1.8119450860565e-03
-1.708817010600	2.5812604010844e-03
-1.678837764800	3.6581498822155e-03
-1.648858519000	5.1574942528615e-03
-1.618879273200	7.2338324632648e-03
-1.588900027400	1.0093821031160e-02
-1.558920781600	1.4012170582022e-02
-1.528941535800	1.9351885130763e-02
-1.498962290000	2.6589781083378e-02
-1.468983044200	3.6348428939683e-02
-1.439003798400	4.9435839001490e-02
-1.409024552600	6.6894399021995e-02
-1.379045306800	9.0060760935992e-02
-1.349066061000	1.2063855800984e-01
-1.319086815200	1.6078600291304e-01
-1.289107569400	2.1322055931567e-01
-1.259128323600	2.8134298007786e-01
-1.229149077800	3.6938304700336e-01
-1.199169832000	4.8256931233547e-01
-1.169190586200	6.2732501018308e-01
-1.139211340400	8.1149205674888e-01
-1.109232094600	1.0445846710473e+00
-1.079252848800	1.3380736045602e+00
-1.049273603000	1.7057012531168e+00
-1.019294357200	2.1638270269367e+00
-0.989315111400	2.7318012705692e+00
-0.959335865600	3.4323647579321e+00
-0.929356619800	4.2920693523553e+00
-0.899377374000	5.3417138433081e+00
-0.869398128200	6.6167872877921e+00
-0.839418882400	8.1579104464001e+00
-0.809439636600	1.0011264175101e+01
-0.779460390800	1.2228991989664e+01
-0.749481145000	1.4869562545261e+01
-0.719501899200	1.7998076562213e+01
-0.689522653400	2.1686501875235e+01
-0.659543407600	2.6013819882834e+01
-0.629564161800	3.1066066813206e+01
-0.599584916000	3.6936253978635e+01
-0.569605670200	4.3724152618780e+01
-0.539626424400	5.1535931067716e+01
-0.509647178600	6.0483634823508e+01
-0.479667932800	7.0684503623684e+01
-0.449688687000	8.2260123770072e+01
-0.419709441200	9.5335418600375e+01
-0.389730195400	1.1003748503554e+02
-0.359750949600	1.2649428937243e+02
-0.329771703800	1.4483324074639e+02
-0.299792458000	1.6517966574545e+02
-0.269813212200	1.8765521229508e+02
-0.239833966400	2.1237621493064e+02
-0.209854720600	2.3945205672787e+02
-0.179875474800	2.6898356528950e+02
-0.149896229000	3.0106148114302e+02
-0.119916983200	3.3576503659372e+02
-0.089937737400	3.7316068145038e+02
-0.059958491600	4.1330098911303e+02
-0.029979245800	4.5622377235229e+02
0.000000000000	5.0195143285041e+02
0.029979245800	5.5049056239527e+02
0.059958491600	6.0183180675019e+02
0.089937737400	6.5594999592506e+02
0.119916983200	7.1280453713146e+02
0.149896229000	7.7234005940745e+02
0.179875474800	8.3448729202866e+02
0.209854720600	8.9916415264426e+02
0.239833966400	9.6627701581598e+02
0.269813212200	1.0357221284793e+03
0.299792458000	1.1073871359173e+03
0.329771703800	1.1811526802113e+03
0.359750949600	1.2568940328208e+03
0.389730195400	1.3344827239029e+03
0.419709441200	1.4137881331089e+03
0.449688687000	1.4946790097473e+03
0.479667932800	1.5770248942042e+03
0.509647178600	1.6606974171437e+03
0.539626424400	1.7455714580746e+03
0.569605670200	1.8315261501176e+03
0.599584916000	1.9184457230543e+03
0.629564161800	2.0062201817643e+03
0.659543407600	2.0947458218167e+03
0.689522653400	2.1839255881172e+03
0.719501899200	2.2736692860391e+03
0.749481145000	2.3638936573101e+03
0.779460390800	2.4545223350595e+03
0.809439636600	2.5454856938610e+03
0.839418882400	2.6367206113587e+03
0.869398128200	2.7281701582074e+03
0.899377374000	2.8197832326525e+03
0.929356619800	2.9115141552265e+03
0.959335865600	3.0033222378213e+03
0.989315111400	3.0951713399263e+03
1.019294357200	3.1870294231750e+03
1.049273603000	3.2788681136135e+03
1.079252848800	3.3706622793675e+03
1.109232094600	3.4623896297002e+03
1.139211340400	3.5540303398727e+03
1.169190586200	3.6455667047875e+03
1.199169832000	3.7369828231239e+03
1.229149077800	3.8282643125933e+03
1.259128323600	3.9193980560430e+03
1.289107569400	4.0103719774217e+03
1.319086815200	4.1011748460782e+03
1.349066061000	4.1917961074740e+03
1.379045306800	4.2822257381446e+03
1.409024552600	4.3724541226091e+03
1.439003798400	4.4624719498941e+03
1.468983044200	4.5522701273802e+03
1.498962290000	4.6418397097766e+03
1.528941535800	4.7311718411752e+03
1.558920781600	4.8202577083010e+03
1.588900027400	4.9090885032617e+03
1.618879273200	4.9976553942871e+03
1.648858519000	5.0859495031356e+03
1.678837764800	5.1739618880240e+03
1.708817010600	5.2616835311007e+03
1.738796256400	5.3491053296352e+03
1.768775502200	5.4362180902313e+03
1.798754748000	5.5230125254897e+03
1.828733993800	5.6094792526491e+03
1.858713239600	5.6956087938232e+03
1.888692485400	5.7813915775240e+03
1.918671731200	5.8668179412244e+03
1.948650977000	5.9518781347641e+03
1.978630222800	6.0365623244426e+03
2.008609468600	6.1208605976799e+03
2.038588714400	6.2047629681465e+03
2.068567960200	6.2882593812924e+03
2.098547206000	6.3713397202147e+03
2.128526451800	6.4539938118198e+03
2.158505697600	6.5362114332453e+03
2.188484943400	6.6179823185132e+03
2.218464189200	6.6992961653931e+03
2.248443435000	6.7801426424554e+03
2.278422680800	6.8605113963015e+03
2.308401926600	6.9403920589561e+03
2.338381172400	7.0197742554120e+03
2.368360418200	7.0986476113152e+03
2.398339664000	7.1770017607819e+03
2.428318909800	7.2548263543382e+03
2.458298155600	7.3321110669727e+03
2.488277401400	7.4088456062945e+03
2.518256647200	7.4850197207875e+03
2.548235893000	7.5606232081522e+03
2.578215138800	7.6356459237264e+03
2.608194384600	7.7100777889770e+03
2.638173630400	7.7839088000532e+03
2.668152876200	7.8571290363922e+03
2.698132122000	7.9297286693698e+03
2.728111367800	8.0016979709853e+03
2.758090613600	8.0730273225735e+03
2.788069859400	8.1437072235323e+03
2.818049105200	8.2137283000593e+03
2.848028351000	8.2830813138866e+03
2.878007596800	8.3517571710050e+03
2.907986842600	8.4197469303681e+03
2.937966088400	8.4870418125673e+03
2.967945334200	8.5536332084683e+03
2.997924580000	8.6195126877997e+03
3.027903825800	8.6846720076839e+03
3.057883071600	8.7491031211017e+03
3.087862317400	8.8127981852813e+03
3.117841563200	8.8757495700011e+03
3.147820809000	8.9379498657991e+03
3.177800054800	8.9993918920777e+03
3.207779300600	9.0600687050963e+03
3.237758546400	9.1199736058417e+03
3.267737792200	9.1791001477675e+03
3.297717038000	9.2374421443939e+03
3.327696283800	9.2949936767585e+03
3.357675529600	9.3517491007099e+03
3.387654775400	9.4077030540356e+03
3.417634021200	9.4628504634148e+03
3.447613267000	9.5171865511886e+03
3.477592512800	9.5707068419395e+03
3.507571758600	9.6234071688716e+03
3.537551004400	9.6752836799833e+03
3.567530250200	9.7263328440260e+03
3.597509496000	9.7765514562401e+03
3.627488741800	9.8259366438612e+03
3.657467987600	9.8744858713897e+03
3.687447233400	9.9221969456165e+03
3.717426479200	9.9690680203977e+03
3.747405725000	1.0015097601172e+04
3.777384970800	1.0060284549217e+04
3.807364216600	1.0104628085629e+04
3.837343462400	1.0148127795037e+04
3.867322708200	1.0190783629027e+04
3.897301954000	1.0232595909284e+04
3.927281199800	1.0273565330442e+04
3.957260445600	1.0313692962634e+04
3.987239691400	1.0352980253748e+04
4.017218937200	1.0391429031366e+04
4.047198183000	1.0429041504405e+04
4.077177428800	1.0465820264441e+04
4.107156674600	1.0501768286709e+04
4.137135920400	1.0536888930791e+04
4.167115166200	1.0571185940981e+04
4.197094412000	1.0604663446318e+04
4.227073657800	1.0637325960296e+04
4.257052903600	1.0669178380245e+04
4.287032149400	1.0700225986373e+04
4.317011395200	1.0730474440485e+04
4.346990641000	1.0759929784361e+04
4.376969886800	1.0788598437801e+04
4.406949132600	1.0816487196334e+04
4.436928378400	1.0843603228593e+04
4.466907624200	1.0869954073356e+04
4.496886870000	1.0895547636246e+04
4.526866115800	1.0920392186107e+04
4.556845361600	1.0944496351038e+04
4.586824607400	1.0967869114101e+04
4.616803853200	1.0990519808699e+04
4.646783099000	1.1012458113628e+04
4.676762344800	1.1033694047800e+04
4.706741590600	1.1054237964647e+04
4.736720836400	1.1074100546209e+04
4.766700082200	1.1093292796900e+04
4.796679328000	1.1111826036969e+04
4.826658573800	1.1129711895649e+04
4.856637819600	1.1146962304005e+04
4.886617065400	1.1163589487483e+04
4.916596311200	1.1179605958162e+04
4.946575557000	1.1195024506726e+04
4.976554802800	1.1209858194145e+04
5.006534048600	1.1224120343081e+04
5.036513294400	1.1237824529026e+04
5.066492540200	1.1250984571175e+04
5.096471786000	1.1263614523038e+04
5.126451031800	1.1275728662804e+04
5.156430277600	1.1287341483462e+04
5.186409523400	1.1298467682685e+04
5.216388769200	1.1309122152485e+04
5.246368015000	1.1319319968648e+04
5.276347260800	1.1329076379960e+04
5.306326506600	1.1338406797222e+04
5.336305752400	1.1347326782082e+04
5.366284998200	1.1355852035665e+04
5.396264244000	1.1363998387045e+04
5.426243489800	1.1371781781529e+04
5.456222735600	1.1379218268801e+04
5.486201981400	1.1386323990906e+04
5.516181227200	1.1393115170100e+04
5.546160473000	1.1399608096570e+04
5.576139718800	1.1405819116038e+04
5.606118964600	1.1411764617254e+04
5.636098210400	1.1417461019393e+04
5.666077456200	1.1422924759363e+04
5.696056702000	1.1428172279044e+04
5.726035947800	1.1433220012451e+04
5.756015193600	1.1438084372849e+04
5.785994439400	1.1442781739826e+04
5.815973685200	1.1447328446331e+04
5.845952931000	1.1451740765690e+04
5.875932176800	1.1456034898613e+04
5.905911422600	1.1460226960207e+04
5.935890668400	1.1464332966997e+04
5.965869914200	1.1468368823971e+04
5.995849160000	1.1472350311664e+04
6.025828405800	1.1476293073287e+04
6.055807651600	1.1480212601917e+04
6.085786897400	1.1484124227753e+04
6.115766143200	1.1488043105458e+04
6.145745389000	1.1491984201589e+04
6.175724634800	1.1495962282137e+04
6.205703880600	1.1499991900175e+04
6.235683126400	1.1504087383642e+04
6.265662372200	1.1508262823253e+04
6.295641618000	1.1512532060569e+04
6.325620863800	1.1516908676219e+04
6.355600109600	1.1521405978297e+04
6.385579355400	1.1526036990939e+04
6.415558601200	1.1530814443088e+04
6.445537847000	1.1535750757471e+04
6.475517092800	1.1540858039777e+04
6.505496338600	1.1546148068065e+04
6.535475584400	1.1551632282406e+04
6.565454830200	1.1557321774763e+04
6.595434076000	1.1563227279125e+04
6.625413321800	1.1569359161905e+04
6.655392567600	1.1575727412606e+04
6.685371813400	1.1582341634770e+04
6.715351059200	1.1589211037213e+04
6.745330305000	1.1596344425561e+04
6.775309550800	1.1603750194090e+04
6.805288796600	1.1611436317878e+04
6.835268042400	1.1619410345284e+04
6.865247288200	1.1627679390752e+04
6.895226534000	1.1636250127954e+04
6.925205779800	1.1645128783275e+04
6.955185025600	1.1654321129655e+04
6.985164271400	1.1663832480777e+04
7.015143517200	1.1673667685631e+04
7.045122763000	1.1683831123436e+04
7.075102008800	1.1694326698947e+04
7.105081254600	1.1705157838131e+04
7.135060500400	1.1716327484243e+04
7.165039746200	1.1727838094274e+04
7.195018992000	1.1739691635810e+04
7.224998237800	1.1751889584276e+04
7.254977483600	1.1764432920589e+04
7.284956729400	1.1777322129216e+04
7.314935975200	1.1790557196633e+04
7.344915221000	1.1804137610203e+04
7.374894466800	1.1818062357462e+04
7.404873712600	1.1832329925821e+04
7.434852958400	1.1846938302683e+04
7.464832204200	1.1861884975977e+04
7.494811450000	1.1877166935116e+04
7.524790695800	1.1892780672363e+04
7.554769941600	1.1908722184625e+04
7.584749187400	1.1924986975659e+04
7.614728433200	1.1941570058703e+04
7.644707679000	1.1958465959514e+04
7.674686924800	1.1975668719829e+04
7.704666170600	1.1993171901240e+04
7.734645416400	1.2010968589469e+04
7.764624662200	1.2029051399072e+04
7.794603908000	1.2047412478529e+04
7.824583153800	1.2066043515747e+04
7.854562399600	1.2084935743965e+04
7.884541645400	1.2104079948047e+04
7.914520891200	1.2123466471172e+04
7.944500137000	1.2143085221906e+04
7.974479382800	1.2162925681661e+04
8.004458628600	1.2182976912527e+04
8.034437874400	1.2203227565474e+04
8.064417120200	1.2223665888921e+04
8.094396366000	1.2244279737663e+04
8.124375611800	1.2265056582152e+04
8.154354857600	1.2285983518116e+04
8.184334103400	1.2307047276526e+04
8.214313349200	1.2328234233881e+04
8.244292595000	1.2349530422831e+04
8.274271840800	1.2370921543096e+04
8.304251086600	1.2392392972708e+04
8.334230332400	1.2413929779537e+04
8.364209578200	1.2435516733112e+04
8.394188824000	1.2457138316722e+04
8.424168069800	1.2478778739779e+04
8.454147315600	1.2500421950446e+04
8.484126561400	1.2522051648519e+04
8.514105807200	1.2543651298536e+04
8.544085053000	1.2565204143126e+04
8.574064298800	1.2586693216573e+04
8.604043544600	1.2608101358585e+04
8.634022790400	1.2629411228261e+04
8.664002036200	1.2650605318246e+04
8.693981282000	1.2671665969053e+04
8.723960527800	1.2692575383554e+04
8.753939773600	1.2713315641616e+04
8.783919019400	1.2733868714880e+04
8.813898265200	1.2754216481661e+04
8.843877511000	1.2774340741969e+04
8.873856756800	1.2794223232623e+04
8.903836002600	1.2813845642463e+04
8.933815248400	1.2833189627636e+04
8.963794494200	1.2852236826944e+04
8.993773740000	1.2870968877244e+04
9.023752985800	1.2889367428893e+04
9.053732231600	1.2907414161213e+04
9.083711477400	1.2925090797972e+04
9.113690723200	1.2942379122863e+04
9.143669969000	1.2959260994976e+04
9.173649214800	1.2975718364243e+04
9.203628460600	1.2991733286840e+04
9.233607706400	1.3007287940547e+04
9.263586952200	1.3022364640035e+04
9.293566198000	1.3036945852089e+04
9.323545443800	1.3051014210729e+04
9.353524689600	1.3064552532236e+04
9.383503935400	1.3077543830066e+04
9.413483181200	1.3089971329632e+04
9.443462427000	1.3101818482948e+04
9.473441672800	1.3113068983126e+04
9.503420918600	1.3123706778705e+04
9.533400164400	1.3133716087802e+04
9.563379410200	1.3143081412085e+04
9.593358656000	1.3151787550534e+04
9.623337901800	1.3159819613003e+04
9.653317147600	1.3167163033550e+04
9.683296393400	1.3173803583538e+04
9.713275639200	1.3179727384494e+04
9.743254885000	1.3184920920702e+04
9.773234130800	1.3189371051543e+04
9.803213376600	1.3193065023547e+04
9.833192622400	1.3195990482162e+04
9.863171868200	1.3198135483230e+04
9.893151114000	1.3199488504149e+04
9.923130359800	1.3200038454724e+04
9.953109605600	1.3199774687687e+04
9.983088851400	1.3198687008888e+04
10.013068097200	1.3196765687141e+04
10.043047343000	1.3194001463715e+04
10.073026588800	1.3190385561470e+04
10.103005834600	1.3185909693618e+04
10.132985080400	1.3180566072122e+04
10.162964326200	1.3174347415696e+04
10.192943572000	1.3167246957427e+04
10.222922817800	1.3159258451999e+04
10.252902063600	1.3150376182510e+04
10.282881309400	1.3140594966889e+04
10.312860555200	1.3129910163890e+04
10.342839801000	1.3118317678675e+04
10.372819046800	1.3105813967969e+04
10.402798292600	1.3092396044790e+04
10.432777538400	1.3078061482741e+04
10.462756784200	1.3062808419870e+04
10.492736030000	1.3046635562092e+04
10.522715275800	1.3029542186164e+04
10.552694521600	1.3011528142215e+04
10.582673767400	1.2992593855833e+04
10.612653013200	1.2972740329697e+04
10.642632259000	1.2951969144759e+04
10.672611504800	1.2930282460976e+04
10.702590750600	1.2907683017588e+04
10.732569996400	1.2884174132938e+04
10.762549242200	1.2859759703844e+04
10.792528488000	1.2834444204515e+04
10.822507733800	1.2808232685018e+04
10.852486979600	1.2781130769282e+04
10.882466225400	1.2753144652670e+04
10.912445471200	1.2724281099084e+04
10.942424717000	1.2694547437641e+04
10.972403962800	1.2663951558889e+04
11.002383208600	1.2632501910597e+04
11.032362454400	1.2600207493101e+04
11.062341700200	1.2567077854214e+04
11.092320946000	1.2533123083714e+04
11.122300191800	1.2498353807400e+04
11.152279437600	1.2462781180732e+04
11.182258683400	1.2426416882057e+04
11.212237929200	1.2389273105417e+04
11.242217175000	1.2351362552968e+04
11.272196420800	1.2312698426984e+04
11.302175666600	1.2273294421486e+04
11.332154912400	1.2233164713474e+04
11.362134158200	1.2192323953791e+04
11.392113404000	1.2150787257609e+04
11.422092649800	1.2108570194561e+04
11.452071895600	1.2065688778512e+04
11.482051141400	1.2022159456990e+04
11.512030387200	1.1977999100275e+04
11.542009633000	1.1933224990162e+04
11.571988878800	1.1887854808406e+04
11.601968124600	1.1841906624856e+04
11.631947370400	1.1795398885288e+04
11.661926616200	1.1748350398949e+04
11.691905862000	1.1700780325822e+04
11.721885107800	1.1652708163619e+04
11.751864353600	1.1604153734518e+04
11.781843599400	1.1555137171647e+04
11.811822845200	1.1505678905339e+04
11.841802091000	1.1455799649148e+04
11.871781336800	1.1405520385665e+04
11.901760582600	1.1354862352121e+04
11.931739828400	1.1303847025799e+04
11.961719074200	1.1252496109271e+04
11.991698320000	1.1200831515466e+04
12.021677565800	1.1148875352577e+04
12.051656811600	1.1096649908831e+04
12.081636057400	1.1044177637126e+04
12.111615303200	1.0991481139548e+04
12.141594549000	1.0938583151781e+04
12.171573794800	1.0885506527427e+04
12.201553040600	1.0832274222244e+04
12.231532286400	1.0778909278311e+04
12.261511532200	1.0725434808142e+04
12.291490778000	1.0671873978760e+04
12.321470023800	1.0618249995731e+04
12.351449269600	1.0564586087192e+04
12.381428515400	1.0510905487865e+04
12.411407761200	1.0457231423088e+04
12.441387007000	1.0403587092859e+04
12.471366252800	1.0349995655918e+04
12.501345498600	1.0296480213877e+04
12.531324744400	1.0243063795405e+04
12.561303990200	1.0189769340483e+04
12.591283236000	1.0136619684754e+04
12.621262481800	1.0083637543953e+04
12.651241727600	1.0030845498460e+04
12.681220973400	9.9782659779660e+03
12.711200219200	9.9259212462728e+03
12.741179465000	9.8738333862396e+03
12.771158710800	9.8220242848845e+03
12.801137956600	9.7705156186542e+03
12.831117202400	9.7193288388741e+03
12.861096448200	9.6684851573879e+03
12.891075694000	9.6180055324003e+03
12.921054939800	9.5679106545321e+03
12.951034185600	9.5182209330985e+03
12.981013431400	9.4689564826219e+03
13.010992677200	9.4201371095892e+03
13.040971923000	9.3717822994630e+03
13.070951168800	9.3239112039575e+03
13.100930414600	9.2765426285881e+03
13.130909660400	9.2296950205044e+03
13.160888906200	9.1833864566151e+03
13.190868152000	9.1376346320147e+03
13.220847397800	9.0924568487195e+03
13.250826643600	9.0478700047214e+03
13.280805889400	9.0038905833686e+03
13.310785135200	8.9605346430790e+03
13.340764381000	8.9178178073954e+03
13.370743626800	8.8757552553888e+03
13.400722872600	8.8343617124171e+03
13.430702118400	8.7936514412447e+03
13.460681364200	8.7536382335306e+03
13.490660610000	8.7143354016900e+03
13.520639855800	8.6757557711345e+03
13.550619101600	8.6379116728979e+03
13.580598347400	8.6008149366498e+03
13.610577593200	8.5644768841046e+03
13.640556839000	8.5289083228272e+03
13.670536084800	8.4941195404412e+03
13.700515330600	8.4601202992428e+03
13.730494576400	8.4269198312224e+03
13.760473822200	8.3945268334987e+03
13.790453068000	8.3629494641653e+03
13.820432313800	8.3321953385549e+03
13.850411559600	8.3022715259198e+03
13.880390805400	8.2731845465323e+03
13.910370051200	8.2449403692050e+03
13.940349297000	8.2175444092326e+03
13.970328542800	8.1910015267541e+03
14.000307788600	8.1653160255369e+03
14.030287034400	8.1404916521812e+03
14.060266280200	8.1165315957458e+03
14.090245526000	8.0934384877914e+03
14.120224771800	8.0712144028433e+03
14.150204017600	8.0498608592685e+03
14.180183263400	8.0293788205686e+03
14.210162509200	8.0097686970823e+03
14.240141755000	7.9910303480980e+03
14.270121000800	7.9731630843715e+03
14.300100246600	7.9561656710463e+03
14.330079492400	7.9400363309717e+03
14.360058738200	7.9247727484164e+03
14.390037984000	7.9103720731711e+03
14.420017229800	7.8968309250371e+03
14.449996475600	7.8841453986952e+03
14.479975721400	7.8723110689496e+03
14.509954967200	7.8613229963409e+03
14.539934213000	7.8511757331237e+03
14.569913458800	7.8418633296005e+03
14.599892704600	7.8333793408072e+03
14.629871950400	7.8257168335428e+03
14.659851196200	7.8188683937365e+03
14.689830442000	7.8128261341445e+03
14.719809687800	7.8075817023700e+03
14.749788933600	7.8031262891971e+03
14.779768179400	7.7994506372328e+03
14.809747425200	7.7965450498468e+03
14.839726671000	7.7943994004020e+03
14.869705916800	7.7930031417666e+03
14.899685162600	7.7923453160993e+03
14.929664408400	7.7924145648979e+03
14.959643654200	7.7931991393033e+03
14.989622900000	7.7946869106479e+03
15.019602145800	7.7968653812409e+03
15.049581391600	7.7997216953782e+03
15.079560637400	7.8032426505703e+03
15.109539883200	7.8074147089749e+03
15.139519129000	7.8122240090264e+03
15.169498374800	7.8176563772512e+03
15.199477620600	7.8236973402583e+03
15.229456866400	7.8303321368953e+03
15.259436112200	7.8375457305587e+03
15.289415358000	7.8453228216482e+03
15.319394603800	7.8536478601540e+03
15.349373849600	7.8625050583670e+03
15.379353095400	7.8718784037000e+03
15.409332341200	7.8817516716102e+03
15.439311587000	7.8921084386111e+03
15.469290832800	7.9029320953638e+03
15.499270078600	7.9142058598356e+03
15.529249324400	7.9259127905164e+03
15.559228570200	7.9380357996807e+03
15.589207816000	7.9505576666848e+03
15.619187061800	7.9634610512887e+03
15.649166307600	7.9767285069905e+03
15.679145553400	7.9903424943647e+03
15.709124799200	8.0042853943908e+03
15.739104045000	8.0185395217641e+03
15.769083290800	8.0330871381768e+03
15.799062536600	8.0479104655582e+03
15.829041782400	8.0629916992653e+03
15.859021028200	8.0783130212118e+03
15.889000274000	8.0938566129260e+03
15.918979519800	8.1096046685276e+03
15.948958765600	8.1255394076128e+03
15.978938011400	8.1416430880380e+03
16.008917257200	8.1578980185928e+03
16.038896503000	8.1742865715517e+03
16.068875748800	8.1907911950966e+03
16.098854994600	8.2073944255990e+03
16.128834240400	8.2240788997542e+03
16.158813486200	8.2408273665577e+03
16.188792732000	8.2576226991156e+03
16.218771977800	8.2744479062802e+03
16.248751223600	8.2912861441023e+03
16.278730469400	8.3081207270924e+03
16.308709715200	8.3249351392827e+03
16.338688961000	8.3417130450817e+03
16.368668206800	8.3584382999150e+03
16.398647452600	8.3750949606439e+03
16.428626698400	8.3916672957554e+03
16.458605944200	8.4081397953169e+03
16.488585190000	8.4244971806883e+03
16.518564435800	8.4407244139861e+03
16.548543681600	8.4568067072930e+03
16.578522927400	8.4727295316074e+03
16.608502173200	8.4884786255265e+03
16.638481419000	8.5040400036597e+03
16.668460664800	8.5193999647648e+03
16.698439910600	8.5345450996039e+03
16.728419156400	8.5494622985145e+03
16.758398402200	8.5641387586911e+03
16.788377648000	8.5785619911734e+03
16.818356893800	8.5927198275377e+03
16.848336139600	8.6066004262893e+03
16.878315385400	8.6201922789498e+03
16.908294631200	8.6334842158404e+03
16.938273877000	8.6464654115558e+03
16.968253122800	8.6591253901282e+03
16.998232368600	8.6714540298781e+03
17.028211614400	8.6834415679523e+03
17.058190860200	8.6950786045454e+03
17.088170106000	8.7063561068061e+03
17.118149351800	8.7172654124254e+03
17.148128597600	8.7277982329080e+03
17.178107843400	8.7379466565262e+03
17.208087089200	8.7477031509554e+03
17.238066335000	8.7570605655932e+03
17.268045580800	8.7660121335619e+03
17.298024826600	8.7745514733949e+03
17.328004072400	8.7826725904101e+03
17.357983318200	8.7903698777687e+03
17.387962564000	8.7976381172246e+03
17.417941809800	8.8044724795639e+03
17.447921055600	8.8108685247377e+03
17.477900301400	8.8168222016913e+03
17.507879547200	8.8223298478911e+03
17.537858793000	8.8273881885541e+03
17.567838038800	8.8319943355816e+03
17.597817284600	8.8361457862019e+03
17.627796530400	8.8398404213248e+03
17.657775776200	8.8430765036130e+03
17.687755022000	8.8458526752730e+03
17.717734267800	8.8481679555714e+03
17.747713513600	8.8500217380812e+03
17.777692759400	8.8514137876617e+03
17.807672005200	8.8523442371779e+03
17.837651251000	8.8528135839653e+03
17.867630496800	8.8528226860440e+03
17.897609742600	8.8523727580892e+03
17.927588988400	8.8514653671627e+03
17.957568234200	8.8501024282123e+03
17.987547480000	8.8482861993449e+03
18.017526725800	8.8460192768789e+03
18.047505971600	8.8433045901838e+03
18.077485217400	8.8401453963122e+03
18.107464463200	8.8365452744315e+03
18.137443709000	8.8325081200621e+03
18.167422954800	8.8280381391290e+03
18.197402200600	8.8231398418337e+03
18.227381446400	8.8178180363543e+03
18.257360692200	8.8120778223796e+03
18.287339938000	8.8059245844859e+03
18.317319183800	8.7993639853637e+03
18.347298429600	8.7924019589010e+03
18.377277675400	8.7850447031312e+03
18.407256921200	8.7772986730543e+03
18.437236167000	8.7691705733367e+03
18.467215412800	8.7606673508998e+03
18.497194658600	8.7517961874030e+03
18.527173904400	8.7425644916312e+03
18.557153150200	8.7329798917915e+03
18.587132396000	8.7230502277302e+03
18.617111641800	8.7127835430752e+03
18.647090887600	8.7021880773136e+03
18.677070133400	8.6912722578104e+03
18.707049379200	8.6800446917774e+03
18.737028625000	8.6685141582003e+03
18.767007870800	8.6566895997294e+03
18.796987116600	8.6445801145448e+03
18.826966362400	8.6321949482008e+03
18.856945608200	8.6195434854584e+03
18.886924854000	8.6066352421139e+03
18.916904099800	8.5934798568290e+03
18.946883345600	8.5800870829723e+03
18.976862591400	8.5664667804767e+03
19.006841837200	8.5526289077221e+03
19.036821083000	8.5385835134492e+03
19.066800328800	8.5243407287114e+03
19.096779574600	8.5099107588721e+03
19.126758820400	8.4953038756533e+03
19.156738066200	8.4805304092433e+03
19.186717312000	8.4656007404683e+03
19.216696557800	8.4505252930354e+03
19.246675803600	8.4353145258531e+03
19.276655049400	8.4199789254344e+03
19.306634295200	8.4045289983891e+03
19.336613541000	8.3889752640113e+03
19.366592786800	8.3733282469666e+03
19.396572032600	8.3575984700848e+03
19.426551278400	8.3417964472641e+03
19.456530524200	8.3259326764907e+03
19.486509770000	8.3100176329789e+03
19.516489015800	8.2940617624369e+03
19.546468261600	8.2780754744625e+03
19.576447507400	8.2620691360722e+03
19.606426753200	8.2460530653696e+03
19.636405999000	8.2300375253548e+03
19.666385244800	8.2140327178806e+03
19.696364490600	8.1980487777572e+03
19.726343736400	8.1820957670102e+03
19.756322982200	8.1661836692940e+03
19.786302228000	8.1503223844639e+03
19.816281473800	8.1345217233096e+03
19.846260719600	8.1187914024528e+03
19.876239965400	8.1031410394101e+03
19.906219211200	8.0875801478253e+03
19.936198457000	8.0721181328706e+03
19.966177702800	8.0567642868207e+03
19.996156948600	8.0415277847988e+03
20.026136194400	8.0264176806982e+03
20.056115440200	8.0114429032786e+03
20.086094686000	7.9966122524389e+03
20.116073931800	7.9819343956671e+03
20.146053177600	7.9674178646671e+03
20.176032423400	7.9530710521634e+03
20.206011669200	7.9389022088834e+03
20.235990915000	7.9249194407161e+03
20.265970160800	7.9111307060494e+03
20.295949406600	7.8975438132822e+03
20.325928652400	7.8841664185126e+03
20.355907898200	7.8710060234013e+03
20.385887144000	7.8580699732075e+03
20.415866389800	7.8453654549974e+03
20.445845635600	7.8328994960229e+03
20.475824881400	7.8206789622699e+03
20.505804127200	7.8087105571723e+03
20.535783373000	7.7970008204924e+03
20.565762618800	7.7855561273624e+03
20.595741864600	7.7743826874874e+03
20.625721110400	7.7634865445056e+03
20.655700356200	7.7528735755035e+03
20.685679602000	7.7425494906834e+03
20.715658847800	7.7325198331799e+03
20.745638093600	7.7227899790229e+03
20.775617339400	7.7133651372425e+03
20.805596585200	7.7042503501138e+03
20.835575831000	7.6954504935379e+03
20.865555076800	7.6869702775538e+03
20.895534322600	7.6788142469800e+03
20.925513568400	7.6709867821799e+03
20.955492814200	7.6634920999477e+03
20.985472060000	7.6563342545108e+03
21.015451305800	7.6495171386448e+03
21.045430551600	7.6430444848962e+03
21.075409797400	7.6369198669083e+03
21.105389043200	7.6311467008478e+03
21.135368289000	7.6257282469242e+03
21.165347534800	7.6206676110011e+03
21.195326780600	7.6159677462921e+03
21.225306026400	7.6116314551386e+03
21.255285272200	7.6076613908627e+03
21.285264518000	7.6040600596927e+03
21.315243763800	7.6008298227551e+03
21.345223009600	7.5979728981284e+03
21.375202255400	7.5954913629544e+03
21.405181501200	7.5933871556019e+03
21.435160747000	7.5916620778778e+03
21.465139992800	7.5903177972814e+03
21.495119238600	7.5893558492961e+03
21.525098484400	7.5887776397150e+03
21.555077730200	7.5885844469944e+03
21.585056976000	7.5887774246309e+03
21.615036221800	7.5893576035584e+03
21.645015467600	7.5903258945580e+03
21.674994713400	7.5916830906785e+03
21.704973959200	7.5934298696618e+03
21.734953205000	7.5955667963687e+03
21.764932450800	7.5980943252008e+03
21.794911696600	7.6010128025142e+03
21.824890942400	7.6043224690203e+03
21.854870188200	7.6080234621699e+03
21.884849434000	7.6121158185163e+03
21.914828679800	7.6165994760529e+03
21.944807925600	7.6214742765220e+03
21.974787171400	7.6267399676903e+03
22.004766417200	7.6323962055881e+03
22.034745663000	7.6384425567069e+03
22.064724908800	7.6448785001544e+03
22.094704154600	7.6517034297608e+03
22.124683400400	7.6589166561346e+03
22.154662646200	7.6665174086647e+03
22.184641892000	7.6745048374650e+03
22.214621137800	7.6828780152588e+03
22.244600383600	7.6916359392005e+03
22.274579629400	7.7007775326319e+03
22.304558875200	7.7103016467698e+03
22.334538121000	7.7202070623240e+03
22.364517366800	7.7304924910414e+03
22.394496612600	7.7411565771761e+03
22.424475858400	7.7521978988828e+03
22.454455104200	7.7636149695308e+03
22.484434350000	7.7754062389386e+03
22.514413595800	7.7875700945263e+03
22.544392841600	7.8001048623858e+03
22.574372087400	7.8130088082653e+03
22.604351333200	7.8262801384708e+03
22.634330579000	7.8399170006795e+03
22.664309824800	7.8539174846682e+03
22.694289070600	7.8682796229537e+03
22.724268316400	7.8830013913461e+03
22.754247562200	7.8980807094142e+03
22.784226808000	7.9135154408636e+03
22.814206053800	7.9293033938269e+03
22.844185299600	7.9454423210674e+03
22.874164545400	7.9619299200954e+03
22.904143791200	7.9787638331989e+03
22.934123037000	7.9959416473891e+03
22.964102282800	8.0134608942616e+03
22.994081528600	8.0313190497743e+03
23.024060774400	8.0495135339438e+03
23.054040020200	8.0680417104616e+03
23.084019266000	8.0869008862305e+03
23.113998511800	8.1060883108253e+03
23.143977757600	8.1256011758776e+03
23.173957003400	8.1454366143876e+03
23.203936249200	8.1655916999648e+03
23.233915495000	8.1860634460008e+03
23.263894740800	8.2068488047748e+03
23.293873986600	8.2279446664969e+03
23.323853232400	8.2493478582897e+03
23.353832478200	8.2710551431116e+03
23.383811724000	8.2930632186264e+03
23.413790969800	8.3153687160193e+03
23.443770215600	8.3379681987658e+03
23.473749461400	8.3608581613537e+03
23.503728707200	8.3840350279643e+03
23.533707953000	8.4074951511143e+03
23.563687198800	8.4312348102630e+03
23.593666444600	8.4552502103888e+03
23.623645690400	8.4795374805372e+03
23.653624936200	8.5040926723468e+03
23.683604182000	8.5289117585543e+03
23.713583427800	8.5539906314844e+03
23.743562673600	8.5793251015288e+03
23.773541919400	8.6049108956168e+03
23.803521165200	8.6307436556835e+03
23.833500411000	8.6568189371386e+03
23.863479656800	8.6831322073412e+03
23.893458902600	8.7096788440829e+03
23.923438148400	8.7364541340867e+03
23.953417394200	8.7634532715228e+03
23.983396640000	8.7906713565481e+03
24.013375885800	8.8181033938720e+03
24.043355131600	8.8457442913549e+03
24.073334377400	8.8735888586415e+03
24.103313623200	8.9016318058357e+03
24.133292869000	8.9298677422188e+03
24.163272114800	8.9582911750187e+03
24.193251360600	8.9868965082309e+03
24.223230606400	9.0156780414983e+03
24.253209852200	9.0446299690532e+03
24.283189098000	9.0737463787252e+03
24.313168343800	9.1030212510196e+03
24.343147589600	9.1324484582713e+03
24.373126835400	9.1620217638766e+03
24.403106081200	9.1917348216086e+03
24.433085327000	9.2215811750187e+03
24.463064572800	9.2515542569290e+03
24.493043818600	9.2816473890194e+03
24.523023064400	9.3118537815127e+03
24.553002310200	9.3421665329610e+03
24.582981556000	9.3725786301379e+03
24.612960801800	9.4030829480392e+03
24.642940047600	9.4336722499953e+03
24.672919293400	9.4643391878994e+03
24.702898539200	9.4950763025527e+03
24.732877785000	9.5258760241321e+03
24.762857030800	9.5567306727808e+03
24.792836276600	9.5876324593259e+03
24.822815522400	9.6185734861252e+03
24.852794768200	9.6495457480456e+03
24.882774014000	9.6805411335745e+03
24.912753259800	9.7115514260685e+03
24.942732505600	9.7425683051383e+03
24.972711751400	9.7735833481746e+03
25.002690997200	9.8045880320141e+03
25.032670243000	9.8355737347490e+03
25.062649488800	9.8665317376801e+03
25.092628734600	9.8974532274148e+03
25.122607980400	9.9283292981114e+03
25.152587226200	9.9591509538701e+03
25.182566472000	9.9899091112715e+03
25.212545717800	1.0020594602063e+04
25.242524963600	1.0051198175992e+04
25.272504209400	1.0081710503789e+04
25.302483455200	1.0112122180298e+04
25.332462701000	1.0142423727754e+04
25.362441946800	1.0172605599207e+04
25.392421192600	1.0202658182095e+04
25.422400438400	1.0232571801956e+04
25.452379684200	1.0262336726297e+04
25.482358930000	1.0291943168591e+04
25.512338175800	1.0321381292425e+04
25.542317421600	1.0350641215785e+04
25.572296667400	1.0379713015483e+04
25.602275913200	1.0408586731711e+04
25.632255159000	1.0437252372740e+04
25.662234404800	1.0465699919741e+04
25.692213650600	1.0493919331741e+04
25.722192896400	1.0521900550703e+04
25.752172142200	1.0549633506726e+04
25.782151388000	1.0577108123370e+04
25.812130633800	1.0604314323096e+04
25.842109879600	1.0631242032816e+04
25.872089125400	1.0657881189554e+04
25.902068371200	1.0684221746217e+04
25.932047617000	1.0710253677458e+04
25.962026862800	1.0735966985646e+04
25.992006108600	1.0761351706922e+04
26.021985354400	1.0786397917347e+04
26.051964600200	1.0811095739132e+04
26.081943846000	1.0835435346948e+04
26.111923091800	1.0859406974310e+04
26.141902337600	1.0883000920026e+04
26.171881583400	1.0906207554718e+04
26.201860829200	1.0929017327390e+04
26.231840075000	1.0951420772059e+04
26.261819320800	1.0973408514426e+04
26.291798566600	1.0994971278592e+04
26.321777812400	1.1016099893809e+04
26.351757058200	1.1036785301255e+04
26.381736304000	1.1057018560846e+04
26.411715549800	1.1076790858044e+04
26.441694795600	1.1096093510700e+04
26.471674041400	1.1114917975881e+04
26.501653287200	1.1133255856709e+04
26.531632533000	1.1151098909183e+04
26.561611778800	1.1168439048992e+04
26.591591024600	1.1185268358303e+04
26.621570270400	1.1201579092523e+04
26.651549516200	1.1217363687021e+04
26.681528762000	1.1232614763819e+04
26.711508007800	1.1247325138222e+04
26.741487253600	1.1261487825403e+04
26.771466499400	1.1275096046918e+04
26.801445745200	1.1288143237159e+04
26.831424991000	1.1300623049726e+04
26.861404236800	1.1312529363720e+04
26.891383482600	1.1323856289944e+04
26.921362728400	1.1334598177009e+04
26.951341974200	1.1344749617341e+04
26.981321220000	1.1354305453067e+04
27.011300465800	1.1363260781799e+04
27.041279711600	1.1371610962285e+04
27.071258957400	1.1379351619934e+04
27.101238203200	1.1386478652203e+04
27.131217449000	1.1392988233847e+04
27.161196694800	1.1398876822009e+04
27.191175940600	1.1404141161168e+04
27.221155186400	1.1408778287914e+04
27.251134432200	1.1412785535564e+04
27.281113678000	1.1416160538596e+04
27.311092923800	1.1418901236915e+04
27.341072169600	1.1421005879919e+04
27.371051415400	1.1422473030387e+04
27.401030661200	1.1423301568165e+04
27.431009907000	1.1423490693647e+04
27.460989152800	1.1423039931056e+04
27.490968398600	1.1421949131508e+04
27.520947644400	1.1420218475860e+04
27.550926890200	1.1417848477336e+04
27.580906136000	1.1414839983926e+04
27.610885381800	1.1411194180558e+04
27.640864627600	1.1406912591028e+04
27.670843873400	1.1401997079699e+04
27.700823119200	1.1396449852947e+04
27.730802365000	1.1390273460372e+04
27.760781610800	1.1383470795748e+04
27.790760856600	1.1376045097728e+04
27.820740102400	1.1367999950289e+04
27.850719348200	1.1359339282915e+04
27.880698594000	1.1350067370525e+04
27.910677839800	1.1340188833129e+04
27.940657085600	1.1329708635228e+04
27.970636331400	1.1318632084931e+04
28.000615577200	1.1306964832819e+04
28.030594823000	1.1294712870523e+04
28.060574068800	1.1281882529039e+04
28.090553314600	1.1268480476767e+04
28.120532560400	1.1254513717271e+04
28.150511806200	1.1239989586774e+04
28.180491052000	1.1224915751367e+04
28.210470297800	1.1209300203954e+04
28.240449543600	1.1193151260913e+04
28.270428789400	1.1176477558492e+04
28.300408035200	1.1159288048922e+04
28.330387281000	1.1141591996267e+04
28.360366526800	1.1123398971999e+04
28.390345772600	1.1104718850306e+04
28.420325018400	1.1085561803126e+04
28.450304264200	1.1065938294927e+04
28.480283510000	1.1045859077214e+04
28.510262755800	1.1025335182786e+04
28.540242001600	1.1004377919722e+04
28.570221247400	1.0982998865127e+04
28.600200493200	1.0961209858619e+04
28.630179739000	1.0939022995571e+04
28.660158984800	1.0916450620109e+04
28.690138230600	1.0893505317872e+04
28.720117476400	1.0870199908540e+04
28.750096722200	1.0846547438125e+04
28.780075968000	1.0822561171040e+04
28.810055213800	1.0798254581954e+04
28.840034459600	1.0773641347423e+04
28.870013705400	1.0748735337314e+04
28.899992951200	1.0723550606031e+04
28.929972197000	1.0698101383540e+04
28.959951442800	1.0672402066198e+04
28.989930688600	1.0646467207405e+04
29.019909934400	1.0620311508077e+04
29.049889180200	1.0593949806940e+04
29.079868426000	1.0567397070668e+04
29.109847671800	1.0540668383863e+04
29.139826917600	1.0513778938879e+04
29.169806163400	1.0486744025511e+04
29.199785409200	1.0459579020549e+04
29.229764655000	1.0432299377198e+04
29.259743900800	1.0404920614392e+04
29.289723146600	1.0377458305985e+04
29.319702392400	1.0349928069852e+04
29.349681638200	1.0322345556888e+04
29.379660884000	1.0294726439926e+04
29.409640129800	1.0267086402583e+04
29.439619375600	1.0239441128029e+04
29.469598621400	1.0211806287708e+04
29.499577867200	1.0184197530008e+04
29.529557113000	1.0156630468887e+04
29.559536358800	1.0129120672471e+04
29.589515604600	1.0101683651634e+04
29.619494850400	1.0074334848562e+04
29.649474096200	1.0047089625319e+04
29.679453342000	1.0019963252414e+04
29.709432587800	9.9929708973917e+03
29.739411833600	9.9661276134487e+03
29.769391079400	9.9394483280801e+03
29.799370325200	9.9129478317781e+03
29.829349571000	9.8866407667836e+03
29.859328816800	9.8605416159025e+03
29.889308062600	9.8346646913976e+03
29.919287308400	9.8090241239636e+03
29.949266554200	9.7836338517971e+03
29.979245800000	9.7585076097691e+03
30.009225045800	9.7336589187106e+03
30.039204291600	9.7091010748206e+03
30.069183537400	9.6848471392055e+03
30.099162783200	9.6609099275596e+03
30.129142029000	9.6373019999953e+03
30.159121274800	9.6140356510332e+03
30.189100520600	9.5911228997601e+03
30.219079766400	9.5685754801636e+03
30.249059012200	9.5464048316538e+03
30.279038258000	9.5246220897784e+03
30.309017503800	9.5032380771419e+03
30.338996749600	9.4822632945354e+03
30.368975995400	9.4617079122870e+03
30.398955241200	9.4415817618391e+03
30.428934487000	9.4218943275621e+03
30.458913732800	9.4026547388112e+03
30.488892978600	9.3838717622341e+03
30.518872224400	9.3655537943371e+03
30.548851470200	9.3477088543167e+03
30.578830716000	9.3303445771636e+03
30.608809961800	9.3134682070453e+03
30.638789207600	9.2970865909755e+03
30.668768453400	9.2812061727740e+03
30.698747699200	9.2658329873259e+03
30.728726945000	9.2509726551433e+03
30.758706190800	9.2366303772377e+03
30.788685436600	9.2228109303059e+03
30.818664682400	9.2095186622363e+03
30.848643928200	9.1967574879394e+03
30.878623174000	9.1845308855075e+03
30.908602419800	9.1728418927076e+03
30.938581665600	9.1616931038117e+03
30.968560911400	9.1510866667677e+03
30.998540157200	9.1410242807152e+03
31.028519403000	9.1315071938482e+03
31.058498648800	9.1225362016285e+03
31.088477894600	9.1141116453519e+03
31.118457140400	9.1062334110688e+03
31.148436386200	9.0989009288629e+03
31.178415632000	9.0921131724870e+03
31.208394877800	9.0858686593601e+03
31.238374123600	9.0801654509243e+03
31.268353369400	9.0750011533632e+03
31.298332615200	9.0703729186834e+03
31.328311861000	9.0662774461558e+03
31.358291106800	9.0627109841207e+03
31.388270352600	9.0596693321523e+03
31.418249598400	9.0571478435841e+03
31.448228844200	9.0551414283929e+03
31.478208090000	9.0536445564403e+03
31.508187335800	9.0526512610696e+03
31.538166581600	9.0521551430556e+03
31.568145827400	9.0521493749062e+03
31.598125073200	9.0526267055103e+03
31.628104319000	9.0535794651323e+03
31.658083564800	9.0549995707468e+03
31.688062810600	9.0568785317113e+03
31.718042056400	9.0592074557726e+03
31.748021302200	9.0619770554025e+03
31.778000548000	9.0651776544575e+03
31.807979793800	9.0687991951590e+03
31.837959039600	9.0728312453872e+03
31.867938285400	9.0772630062844e+03
31.897917531200	9.0820833201606e+03
31.927896777000	9.0872806786971e+03
31.957876022800	9.0928432314394e+03
31.987855268600	9.0987587945757e+03
32.017834514400	9.1050148599906e+03
32.047813760200	9.1115986045901e+03
32.077793006000	9.1184968998885e+03
32.107772251800	9.1256963218502e+03
32.137751497600	9.1331831609783e+03
32.167730743400	9.1409434326424e+03
32.197709989200	9.1489628876363e+03
32.227689235000	9.1572270229580e+03
32.257668480800	9.1657210928026e+03
32.287647726600	9.1744301197593e+03
32.317626972400	9.1833389062033e+03
32.347606218200	9.1924320458733e+03
32.377585464000	9.2016939356249e+03
32.407564709800	9.2111087873503e+03
32.437543955600	9.2206606400546e+03
32.467523201400	9.2303333720776e+03
32.497502447200	9.2401107134530e+03
32.527481693000	9.2499762583921e+03
32.557460938800	9.2599134778841e+03
32.587440184600	9.2699057323999e+03
32.617419430400	9.2799362846911e+03
32.647398676200	9.2899883126721e+03
32.677377922000	9.3000449223736e+03
32.707357167800	9.3100891609593e+03
32.737336413600	9.3201040297920e+03
32.767315659400	9.3300724975392e+03
32.797294905200	9.3399775133073e+03
32.827274151000	9.3498020197927e+03
32.857253396800	9.3595289664389e+03
32.887232642600	9.3691413225886e+03
32.917211888400	9.3786220906184e+03
32.947191134200	9.3879543190469e+03
32.977170380000	9.3971211156032e+03
33.007149625800	9.4061056602450e+03
33.037128871600	9.4148912181161e+03
33.067108117400	9.4234611524310e+03
33.097087363200	9.4317989372763e+03
33.127066609000	9.4398881703173e+03
33.157045854800	9.4477125853992e+03
33.187025100600	9.4552560650326e+03
33.217004346400	9.4625026527512e+03
33.246983592200	9.4694365653326e+03
33.276962838000	9.4760422048700e+03
33.306942083800	9.4823041706862e+03
33.336921329600	9.4882072710783e+03
33.366900575400	9.4937365348831e+03
33.396879821200	9.4988772228542e+03
33.426859067000	9.5036148388393e+03
33.456838312800	9.5079351407500e+03
33.486817558600	9.5118241513130e+03
33.516796804400	9.5152681685939e+03
33.546776050200	9.5182537762854e+03
33.576755296000	9.5207678537495e+03
33.606734541800	9.5227975858064e+03
33.636713787600	9.5243304722601e+03
33.666693033400	9.5253543371549e+03
33.696672279200	9.5258573377521e+03
33.726651525000	9.5258279732207e+03
33.756630770800	9.5252550930349e+03
33.786610016600	9.5241279050699e+03
33.816589262400	9.5224359833903e+03
33.846568508200	9.5201692757234e+03
33.876547754000	9.5173181106123e+03
33.906526999800	9.5138732042406e+03
33.936506245600	9.5098256669260e+03
33.966485491400	9.5051670092734e+03
33.996464737200	9.4998891479861e+03
34.026443983000	9.4939844113275e+03
34.056423228800	9.4874455442297e+03
34.086402474600	9.4802657130453e+03
34.116381720400	9.4724385099370e+03
34.146360966200	9.4639579569030e+03
34.176340212000	9.4548185094337e+03
34.206319457800	9.4450150597969e+03
34.236298703600	9.4345429399501e+03
34.266277949400	9.4233979240759e+03
34.296257195200	9.4115762307394e+03
34.326236441000	9.3990745246661e+03
34.356215686800	9.3858899181391e+03
34.386194932600	9.3720199720145e+03
34.416174178400	9.3574626963537e+03
34.446153424200	9.3422165506741e+03
34.476132670000	9.3262804438172e+03
34.506111915800	9.3096537334343e+03
34.536091161600	9.2923362250916e+03
34.566070407400	9.2743281709955e+03
34.596049653200	9.2556302683393e+03
34.626028899000	9.2362436572737e+03
34.656008144800	9.2161699185029e+03
34.685987390600	9.1954110705098e+03
34.715966636400	9.1739695664114e+03
34.745945882200	9.1518482904497e+03
34.775925128000	9.1290505541206e+03
34.805904373800	9.1055800919450e+03
34.835883619600	9.0814410568859e+03
34.865862865400	9.0566380154168e+03
34.895842111200	9.0311759422463e+03
34.925821357000	9.0050602147034e+03
34.955800602800	8.9782966067893e+03
34.985779848600	8.9508912829026e+03
35.015759094400	8.9228507912423e+03
35.045738340200	8.8941820568963e+03
35.075717586000	8.8648923746218e+03
35.105696831800	8.8349894013245e+03
35.135676077600	8.8044811482441e+03
35.165655323400	8.7733759728537e+03
35.195634569200	8.7416825704803e+03
35.225613815000	8.7094099656559e+03
35.255593060800	8.6765675032055e+03
35.285572306600	8.6431648390833e+03
35.315551552400	8.6092119309625e+03
35.345530798200	8.5747190285917e+03
35.375510044000	8.5396966639233e+03
35.405489289800	8.5041556410263e+03
35.435468535600	8.4681070257915e+03
35.465447781400	8.4315621354400e+03
35.495427027200	8.3945325278443e+03
35.525406273000	8.3570299906722e+03
35.555385518800	8.3190665303650e+03
35.585364764600	8.2806543609589e+03
35.615344010400	8.2418058927616e+03
35.645323256200	8.2025337208942e+03
35.675302502000	8.1628506137098e+03
35.705281747800	8.1227695010994e+03
35.735260993600	8.0823034626962e+03
35.765240239400	8.0414657159906e+03
35.795219485200	8.0002696043657e+03
35.825198731000	7.9587285850656e+03
35.855177976800	7.9168562171079e+03
35.885157222600	7.8746661491517e+03
35.915136468400	7.8321721073326e+03
35.945115714200	7.7893878830766e+03
35.975094960000	7.7463273209041e+03
36.005074205800	7.7030043062354e+03
36.035053451600	7.6594327532105e+03
36.065032697400	7.6156265925328e+03
36.095011943200	7.5715997593500e+03
36.124991189000	7.5273661811827e+03
36.154970434800	7.4829397659127e+03
36.184949680600	7.4383343898411e+03
36.214928926400	7.3935638858302e+03
36.244908172200	7.3486420315369e+03
36.274887418000	7.3035825377518e+03
36.304866663800	7.2583990368531e+03
36.334845909600	7.2131050713867e+03
36.364825155400	7.1677140827843e+03
36.394804401200	7.1222394002281e+03
36.424783647000	7.0766942296744e+03
36.454762892800	7.0310916430454e+03
36.484742138600	6.9854445676002e+03
36.514721384400	6.9397657754939e+03
36.544700630200	6.8940678735355e+03
36.574679876000	6.8483632931540e+03
36.604659121800	6.8026642805812e+03
36.634638367600	6.7569828872626e+03
36.664617613400	6.7113309605022e+03
36.694596859200	6.6657201343529e+03
36.724576105000	6.6201618207590e+03
36.754555350800	6.5746672009600e+03
36.784534596600	6.5292472171630e+03
36.814513842400	6.4839125644926e+03
36.844493088200	6.4386736832235e+03
36.874472334000	6.3935407513060e+03
36.904451579800	6.3485236771880e+03
36.934430825600	6.3036320929431e+03
36.964410071400	6.2588753477081e+03
36.994389317200	6.2142625014389e+03
37.024368563000	6.1698023189874e+03
37.054347808800	6.1255032645075e+03
37.084327054600	6.0813734961930e+03
37.114306300400	6.0374208613534e+03
37.144285546200	5.9936528918311e+03
37.174264792000	5.9500767997649e+03
37.204244037800	5.9066994737023e+03
37.234223283600	5.8635274750650e+03
37.264202529400	5.8205670349695e+03
37.294181775200	5.7778240514066e+03
37.324161021000	5.7353040867810e+03
37.354140266800	5.6930123658126e+03
37.384119512600	5.6509537738031e+03
37.414098758400	5.6091328552664e+03
37.444078004200	5.5675538129249e+03
37.474057250000	5.5262205070728e+03
37.504036495800	5.4851364553046e+03
37.534015741600	5.4443048326104e+03
37.563994987400	5.4037284718362e+03
37.593974233200	5.3634098645078e+03
37.623953479000	5.3233511620187e+03
37.653932724800	5.2835541771783e+03
37.683911970600	5.2440203861188e+03
37.713891216400	5.2047509305594e+03
37.743870462200	5.1657466204230e+03
37.773849708000	5.1270079368042e+03
37.803828953800	5.0885350352836e+03
37.833808199600	5.0503277495851e+03
37.863787445400	5.0123855955717e+03
37.893766691200	4.9747077755755e+03
37.923745937000	4.9372931830570e+03
37.953725182800	4.9001404075876e+03
37.983704428600	4.8632477401513e+03
38.013683674400	4.8266131787573e+03
38.043662920200	4.7902344343602e+03
38.073642166000	4.7541089370789e+03
38.103621411800	4.7182338427079e+03
38.133600657600	4.6826060395150e+03
38.163579903400	4.6472221553162e+03
38.193559149200	4.6120785648213e+03
38.223538395000	4.5771713972423e+03
38.253517640800	4.5424965441544e+03
38.283496886600	4.5080496676045e+03
38.313476132400	4.4738262084546e+03
38.343455378200	4.4398213949539e+03
38.373434624000	4.4060302515290e+03
38.403413869800	4.3724476077830e+03
38.433393115600	4.3390681076937e+03
38.463372361400	4.3058862190011e+03
38.493351607200	4.2728962427737e+03
38.523330853000	4.2400923231444e+03
38.553310098800	4.2074684572037e+03
38.583289344600	4.1750185050410e+03
38.613268590400	4.1427361999225e+03
38.643247836200	4.1106151585953e+03
38.673227082000	4.0786488917057e+03
38.703206327800	4.0468308143210e+03
38.733185573600	4.0151542565437e+03
38.763164819400	3.9836124742064e+03
38.793144065200	3.9521986596349e+03
38.823123311000	3.9209059524699e+03
38.853102556800	3.8897274505339e+03
38.883081802600	3.8586562207320e+03
38.913061048400	3.8276853099747e+03
38.943040294200	3.7968077561120e+03
38.973019540000	3.7660165988646e+03
39.002998785800	3.7353048907428e+03
39.032978031600	3.7046657079393e+03
39.062957277400	3.6740921611854e+03
39.092936523200	3.6435774065582e+03
39.122915769000	3.6131146562262e+03
39.152895014800	3.5826971891235e+03
39.182874260600	3.5523183615387e+03
39.212853506400	3.5219716176088e+03
39.242832752200	3.4916504997047e+03
39.272811998000	3.4613486586987e+03
39.302791243800	3.4310598641013e+03
39.332770489600	3.4007780140567e+03
39.362749735400	3.3704971451857e+03
39.392728981200	3.3402114422650e+03
39.422708227000	3.3099152477324e+03
39.452687472800	3.2796030710073e+03
39.482666718600	3.2492695976149e+03
39.512645964400	3.2189096981058e+03
39.542625210200	3.1885184367591e+03
39.572604456000	3.1580910800602e+03
39.602583701800	3.1276231049434e+03
39.632562947600	3.0971102067890e+03
39.662542193400	3.0665483071678e+03
39.692521439200	3.0359335613214e+03
39.722500685000	3.0052623653716e+03
39.752479930800	2.9745313632498e+03
39.782459176600	2.9437374533376e+03
39.812438422400	2.9128777948125e+03
39.842417668200	2.8819498136886e+03
39.872396914000	2.8509512085471e+03
39.902376159800	2.8198799559491e+03
39.932355405600	2.7887343155231e+03
39.962334651400	2.7575128347218e+03
39.992313897200	2.7262143532426e+03
40.022293143000	2.6948380071044e+03
40.052272388800	2.6633832323768e+03
40.082251634600	2.6318497685569e+03
40.112230880400	2.6002376615873e+03
40.142210126200	2.5685472665134e+03
40.172189372000	2.5367792497740e+03
40.202168617800	2.5049345911226e+03
40.232147863600	2.4730145851766e+03
40.262127109400	2.4410208425906e+03
40.292106355200	2.4089552908522e+03
40.322085601000	2.3768201746980e+03
40.352064846800	2.3446180561474e+03
40.382044092600	2.3123518141548e+03
40.412023338400	2.2800246438773e+03
40.442002584200	2.2476400555586e+03
40.471981830000	2.2152018730283e+03
40.501961075800	2.1827142318180e+03
40.531940321600	2.1501815768940e+03
40.561919567400	2.1176086600071e+03
40.591898813200	2.0850005366632e+03
40.621878059000	2.0523625627139e+03
40.651857304800	2.0197003905719e+03
40.681836550600	1.9870199650513e+03
40.711815796400	1.9543275188387e+03
40.741795042200	1.9216295675962e+03
40.771774288000	1.8889329047010e+03
40.801753533800	1.8562445956266e+03
40.831732779600	1.8235719719691e+03
40.861712025400	1.7909226251237e+03
40.891691271200	1.7583043996178e+03
40.921670517000	1.7257253861051e+03
40.951649762800	1.6931939140276e+03
40.981629008600	1.6607185439521e+03
41.011608254400	1.6283080595872e+03
41.041587500200	1.5959714594886e+03
41.071566746000	1.5637179484605e+03
41.101545991800	1.5315569286595e+03
41.131525237600	1.4994979904116e+03
41.161504483400	1.4675509027477e+03
41.191483729200	1.4357256036696e+03
41.221462975000	1.4040321901527e+03
41.251442220800	1.3724809078975e+03
41.281421466600	1.3410821408372e+03
41.311400712400	1.3098464004127e+03
41.341379958200	1.2787843146258e+03
41.371359204000	1.2479066168787e+03
41.401338449800	1.2172241346139e+03
41.431317695600	1.1867477777625e+03
41.461296941400	1.1564885270140e+03
41.491276187200	1.1264574219184e+03
41.521255433000	1.0966655488321e+03
41.551234678800	1.0671240287202e+03
41.581213924600	1.0378440048258e+03
41.611193170400	1.0088366302208e+03
41.641172416200	9.8011305524843e+02
41.671151662000	9.5168441487092e+02
41.701130907800	9.2356181593554e+02
41.731110153600	8.9575632437100e+02
41.761089399400	8.6827895232759e+02
41.791068645200	8.4114064527401e+02
41.821047891000	8.1435226906409e+02
41.851027136800	7.8792459698659e+02
41.881006382600	7.6186829681143e+02
41.910985628400	7.3619391784559e+02
41.940964874200	7.1091187801225e+02
41.970944120000	6.8603245096649e+02
42.000923365800	6.6156575326097e+02
42.030902611600	6.3752173157518e+02
42.060881857400	6.1391015002147e+02
42.090861103200	5.9074057754157e+02
42.120840349000	5.6802237540670e+02
42.150819594800	5.4576468483475e+02
42.180798840600	5.2397641473786e+02
42.210778086400	5.0266622961336e+02
42.240757332200	4.8184253759145e+02
42.270736578000	4.6151347865246e+02
42.300715823800	4.4168691302653e+02
42.330695069600	4.2237040978870e+02
42.360674315400	4.0357123566179e+02
42.390653561200	3.8529634403964e+02
42.420632807000	3.6755236424304e+02
42.450612052800	3.5034559102042e+02
42.480591298600	3.3368197430528e+02
42.510570544400	3.1756710924199e+02
42.540549790200	3.0200622649168e+02
42.570529036000	2.8700418282924e+02
42.600508281800	2.7256545204271e+02
42.630487527600	2.5869411614576e+02
42.660466773400	2.4539385691377e+02
42.690446019200	2.3266794775388e+02
42.720425265000	2.2051924591887e+02
42.750404510800	2.0895018507470e+02
42.780383756600	1.9796276823096e+02
42.810363002400	1.8755856104338e+02
42.840342248200	1.7773868549720e+02
42.870321494000	1.6850381397964e+02
42.900300739800	1.5985416374978e+02
42.930279985600	1.5178949181333e+02
42.960259231400	1.4430909020991e+02
42.990238477200	1.3741178171954e+02
43.020217723000	1.3109591599529e+02
43.050196968800	1.2535936612794e+02
43.080176214600	1.2019952564893e+02
43.110155460400	1.1561330597664e+02
43.140134706200	1.1159713431129e+02
43.170113952000	1.0814695198302e+02
43.200093197800	1.0525821325730e+02
43.230072443600	1.0292588460162e+02
43.260051689400	1.0114444441658e+02
43.290030935200	9.9907883234586e+01
43.320010181000	9.9209704388413e+01
43.349989426800	9.9042925151822e+01
43.379968672600	9.9400078353805e+01
43.409947918400	1.0027321446761e+02
43.439927164200	1.0165390417528e+02
43.469906410000	1.0353324140795e+02
43.499885655800	1.0590184686172e+02
43.529864901600	1.0874987198849e+02
43.559844147400	1.1206700346054e+02
43.589823393200	1.1584246810751e+02
43.619802639000	1.2006503832351e+02
43.649781884800	1.2472303794207e+02
43.679761130600	1.2980434857599e+02
43.709740376400	1.3529641641860e+02
43.739719622200	1.4118625950272e+02
43.769698868000	1.4746047541293e+02
43.799678113800	1.5410524944658e+02
43.829657359600	1.6110636321809e+02
43.859636605400	1.6844920370131e+02
43.889615851200	1.7611877270343e+02
43.919595097000	1.8409969676440e+02
43.949574342800	1.9237623747455e+02
43.979553588600	2.0093230220340e+02
44.009532834400	2.0975145523160e+02
44.039512080200	2.1881692927810e+02
44.069491326000	2.2811163741370e+02
44.099470571800	2.3761818535229e+02
44.129449817600	2.4731888411012e+02
44.159429063400	2.5719576302352e+02
44.189408309200	2.6723058311493e+02
44.219387555000	2.7740485079660e+02
44.249366800800	2.8769983190126e+02
44.279346046600	2.9809656602839e+02
44.309325292400	3.0857588119466e+02
44.339304538200	3.1911840877654e+02
44.369283784000	3.2970459873288e+02
44.399263029800	3.4031473509501e+02
44.429242275600	3.5092895171142e+02
44.459221521400	3.6152724823393e+02
44.489200767200	3.7208950633197e+02
44.519180013000	3.8259550612127e+02
44.549159258800	3.9302494279301e+02
44.579138504600	4.0335744342928e+02
44.609117750400	4.1357258399050e+02
44.639096996200	4.2364990645995e+02
44.669076242000	4.3356893613092e+02
44.699055487800	4.4330919902107e+02
44.729034733600	4.5285023939912e+02
44.759013979400	4.6217163740825e+02
44.788993225200	4.7125302677080e+02
44.818972471000	4.8007411255859e+02
44.848951716800	4.8861468901299e+02
44.878930962600	4.9685465739890e+02
44.908910208400	5.0477404387666e+02
44.938889454200	5.1235301737561e+02
44.968868700000	5.1957190745345e+02
44.998847945800	5.2641122212487e+02
45.028827191600	5.3285166564343e+02
45.058806437400	5.3887415622030e+02
45.088785683200	5.4445984366356e+02
45.118764929000	5.4959012692189e+02
45.148744174800	5.5424667151626e+02
45.178723420600	5.5841142684350e+02
45.208702666400	5.6206664333549e+02
45.238681912200	5.6519488945793e+02
45.268661158000	5.6777906853265e+02
45.298640403800	5.6980243536745e+02
45.328619649600	5.7124861267781e+02
45.358598895400	5.7210160728460e+02
45.388578141200	5.7234582607236e+02
45.418557387000	5.7196609169266e+02
45.448536632800	5.7094765799738e+02
45.478515878600	5.6927622518682e+02
45.508495124400	5.6693795465782e+02
45.538474370200	5.6391948353719e+02
45.568453616000	5.6020793888612e+02
45.598432861800	5.5579095156137e+02
45.628412107600	5.5065666971925e+02
45.658391353400	5.4479377194889e+02
45.688370599200	5.3819148002127e+02
45.718349845000	5.3083957124105e+02
45.748329090800	5.2272839038841e+02
45.778308336600	5.1384886123831e+02
45.808287582400	5.0419249764535e+02
45.838266828200	4.9375141418213e+02
45.868246074000	4.8251833631990e+02
45.898225319800	4.7048661014033e+02
45.928204565600	4.5765021156787e+02
45.958183811400	4.4400375511219e+02
45.988163057200	4.2954250211102e+02
46.018142303000	4.1426236846384e+02
46.048121548800	3.9815993184728e+02
46.078100794600	3.8123243840373e+02
46.108080040400	3.6347780889485e+02
46.138059286200	3.4489464431238e+02
46.168038532000	3.2548223093876e+02
46.198017777800	3.0524054485088e+02
46.227997023600	2.8417025586061e+02
46.257976269400	2.6227273088608e+02
46.287955515200	2.3955003674848e+02
46.317934761000	2.1600494238940e+02
46.347914006800	1.9164092050428e+02
46.377893252600	1.6646214858810e+02
46.407872498400	1.4047350938988e+02
46.437851744200	1.1368059077317e+02
46.467830990000	8.6089684980055e+01
46.497810235800	5.7707787296860e+01
46.527789481600	2.8542594120299e+01
46.557768727400	-1.3974995768576e+00
46.587747973200	-3.2103403380807e+01
46.617727219000	-6.3565335172181e+01
46.647706464800	-9.5772825461195e+01
46.677685710600	-1.2871472232115e+02
46.707664956400	-1.6237919691847e+02
46.737644202200	-1.9675374963682e+02
46.767623448000	-2.3182521679256e+02
46.797602693800	-2.6757977793783e+02
46.827581939600	-3.0400296374765e+02
46.857561185400	-3.4107966448619e+02
46.887540431200	-3.7879413904746e+02
46.917519677000	-4.1713002456468e+02
46.947498922800	-4.5607034658250e+02
46.977478168600	-4.9559752978525e+02
47.007457414400	-5.3569340927432e+02
47.037436660200	-5.7633924238700e+02
47.067415906000	-6.1751572104880e+02
47.097395151800	-6.5920298465050e+02
47.127374397600	-7.0138063344104e+02
47.157353643400	-7.4402774242660e+02
47.187332889200	-7.8712287576595e+02
47.217312135000	-8.3064410165144e+02
47.247291380800	-8.7456900766489e+02
47.277270626600	-9.1887471659679e+02
47.307249872400	-9.6353790271714e+02
47.337229118200	-1.0085348084856e+03
47.367208364000	-1.0538412616883e+03
47.397187609800	-1.0994326929881e+03
47.427166855600	-1.1452841538750e+03
47.457146101400	-1.1913703350030e+03
47.487125347200	-1.2376655848982e+03
47.517104593000	-1.2841439290248e+03
47.547083838800	-1.3307790891933e+03
47.577063084600	-1.3775445032954e+03
47.607042330400	-1.4244133453509e+03
47.637021576200	-1.4713585458492e+03
47.667000822000	-1.5183528123702e+03
47.696980067800	-1.5653686504681e+03
47.726959313600	-1.6123783848006e+03
47.756938559400	-1.6593541804863e+03
47.786917805200	-1.7062680646745e+03
47.816897051000	-1.7530919483071e+03
47.846876296800	-1.7997976480581e+03
47.876855542600	-1.8463569084295e+03
47.906834788400	-1.8927414239878e+03
47.936814034200	-1.9389228617216e+03
47.966793280000	-1.9848728835018e+03
47.996772525800	-2.0305631686261e+03
48.026751771600	-2.0759654364292e+03
48.056731017400	-2.1210514689391e+03
48.086710263200	-2.1657931335607e+03
48.116689509000	-2.2101624057686e+03
48.146668754800	-2.2541313917885e+03
48.176648000600	-2.2976723512493e+03
48.206627246400	-2.3407577197858e+03
48.236606492200	-2.3833601315737e+03
48.266585738000	-2.4254524417765e+03
48.296564983800	-2.4670077488867e+03
48.326544229600	-2.5079994169408e+03
48.356523475400	-2.5484010975896e+03
48.386502721200	-2.5881867520051e+03
48.416481967000	-2.6273306726048e+03
48.446461212800	-2.6658075045745e+03
48.476440458600	-2.7035922671707e+03
48.506419704400	-2.7406603747856e+03
48.536398950200	-2.7769876577539e+03
48.566378196000	-2.8125503828857e+03
48.596357441800	-2.8473252737051e+03
48.626336687600	-2.8812895303795e+03
48.656315933400	-2.9144208493191e+03
48.686295179200	-2.9466974424317e+03
48.716274425000	-2.9780980560140e+03
48.746253670800	-3.0086019892639e+03
48.776232916600	-3.0381891123965e+03
48.806212162400	-3.0668398843476e+03
48.836191408200	-3.0945353700497e+03
48.866170654000	-3.1212572572635e+03
48.896149899800	-3.1469878729508e+03
48.926129145600	-3.1717101991740e+03
48.956108391400	-3.1954078885065e+03
48.986087637200	-3.2180652789409e+03
49.016066883000	-3.2396674082820e+03
49.046046128800	-3.2602000280092e+03
49.076025374600	-3.2796496165970e+03
49.106004620400	-3.2980033922812e+03
49.135983866200	-3.3152493252583e+03
49.165963112000	-3.3313761493056e+03
49.195942357800	-3.3463733728138e+03
49.225921603600	-3.3602312892182e+03
49.255900849400	-3.3729409868206e+03
49.285880095200	-3.3844943579917e+03
49.315859341000	-3.3948841077442e+03
49.345838586800	-3.4041037616697e+03
49.375817832600	-3.4121476732288e+03
49.405797078400	-3.4190110303904e+03
49.435776324200	-3.4246898616092e+03
49.465755570000	-3.4291810411383e+03
49.495734815800	-3.4324822936696e+03
49.525714061600	-3.4345921982960e+03
49.555693307400	-3.4355101917928e+03
49.585672553200	-3.4352365712115e+03
49.615651799000	-3.4337724957847e+03
49.645631044800	-3.4311199881378e+03
49.675610290600	-3.4272819348049e+03
49.705589536400	-3.4222620860484e+03
49.735568782200	-3.4160650549796e+03
49.765548028000	-3.4086963159803e+03
49.795527273800	-3.4001622024255e+03
49.825506519600	-3.3904699037069e+03
49.855485765400	-3.3796274615600e+03
49.885465011200	-3.3676437656941e+03
49.915444257000	-3.3545285487294e+03
49.945423502800	-3.3402923804440e+03
49.975402748600	-3.3249466613332e+03
50.005381994400	-3.3085036154856e+03
50.035361240200	-3.2909762827816e+03
50.065340486000	-3.2723785104184e+03
50.095319731800	-3.2527249437674e+03
50.125298977600	-3.2320310165716e+03
50.155278223400	-3.2103129404885e+03
50.185257469200	-3.1875876939868e+03
50.215236715000	-3.1638730106049e+03
50.245215960800	-3.1391873665800e+03
50.275195206600	-3.1135499678569e+03
50.305174452400	-3.0869807364857e+03
50.335153698200	-3.0595002964199e+03
50.365132944000	-3.0311299587243e+03
50.395112189800	-3.0018917062056e+03
50.425091435600	-2.9718081774757e+03
50.455070681400	-2.9409026504616e+03
50.485049927200	-2.9091990253739e+03
50.515029173000	-2.8767218071474e+03
50.545008418800	-2.8434960873674e+03
50.574987664600	-2.8095475256967e+03
50.604966910400	-2.7749023308164e+03
50.634946156200	-2.7395872408973e+03
50.664925402000	-2.7036295036158e+03
50.694904647800	-2.6670568557324e+03
50.724883893600	-2.6298975022463e+03
50.754863139400	-2.5921800951448e+03
50.784842385200	-2.5539337117647e+03
50.814821631000	-2.5151878327813e+03
50.844800876800	-2.4759723198444e+03
50.874780122600	-2.4363173928790e+03
50.904759368400	-2.3962536070685e+03
50.934738614200	-2.3558118295401e+03
50.964717860000	-2.3150232157694e+03
50.994697105800	-2.2739191857268e+03
51.024676351600	-2.2325313997809e+03
51.054655597400	-2.1908917343822e+03
51.084634843200	-2.1490322575449e+03
51.114614089000	-2.1069852041480e+03
51.144593334800	-2.0647829510746e+03
51.174572580600	-2.0224579922117e+03
51.204551826400	-1.9800429133292e+03
51.234531072200	-1.9375703668604e+03
51.264510318000	-1.8950730466033e+03
51.294489563800	-1.8525836623648e+03
51.324468809600	-1.8101349145679e+03
51.354448055400	-1.7677594688439e+03
51.384427301200	-1.7254899306289e+03
51.414406547000	-1.6833588197880e+03
51.444385792800	-1.6413985452861e+03
51.474365038600	-1.5996413799279e+03
51.504344284400	-1.5581194351869e+03
51.534323530200	-1.5168646361458e+03
51.564302776000	-1.4759086965668e+03
51.594282021800	-1.4352830941161e+03
51.624261267600	-1.3950190457596e+03
51.654240513400	-1.3551474833527e+03
51.684219759200	-1.3156990294442e+03
51.714199005000	-1.2767039733136e+03
51.744178250800	-1.2381922472633e+03
51.774157496600	-1.2001934031845e+03
51.804136742400	-1.1627365894166e+03
51.834115988200	-1.1258505279198e+03
51.864095234000	-1.0895634917807e+03
51.894074479800	-1.0539032830681e+03
51.924053725600	-1.0188972110589e+03
51.954032971400	-9.8457207085330e+02
51.984012217200	-9.5095412239442e+02
52.013991463000	-9.1806906991335e+02
52.043970708800	-8.8594204181472e+02
52.073949954600	-8.5459757102081e+02
52.103929200400	-8.2405957579050e+02
52.133908446200	-7.9435134102934e+02
52.163887692000	-7.6549550010669e+02
52.193866937800	-7.3751401719508e+02
52.223846183600	-7.1042817014710e+02
52.253825429400	-6.8425853392411e+02
52.283804675200	-6.5902496459096e+02
52.313783921000	-6.3474658389035e+02
52.343763166800	-6.1144176440994e+02
52.373742412600	-5.8912811535485e+02
52.403721658400	-5.6782246893769e+02
52.433700904200	-5.4754086739777e+02
52.463680150000	-5.2829855066067e+02
52.493659395800	-5.1010994464849e+02
52.523638641600	-4.9298865025116e+02
52.553617887400	-4.7694743296800e+02
52.583597133200	-4.6199821322860e+02
52.613576379000	-4.4815205740130e+02
52.643555624800	-4.3541916949706e+02
52.673534870600	-4.2380888357598e+02
52.703514116400	-4.1332965686291e+02
52.733493362200	-4.0398906357832e+02
52.763472608000	-3.9579378948977e+02
52.793451853800	-3.8874962718871e+02
52.823431099600	-3.8286147209695e+02
52.853410345400	-3.7813331920623e+02
52.883389591200	-3.7456826055391e+02
52.913368837000	-3.7216848343717e+02
52.943348082800	-3.7093526936733e+02
52.973327328600	-3.7086899376541e+02
53.003306574400	-3.7196912639953e+02
53.033285820200	-3.7423423256374e+02
53.063265066000	-3.7766197499772e+02
53.093244311800	-3.8224911654586e+02
53.123223557600	-3.8799152355360e+02
53.153202803400	-3.9488416999850e+02
53.183182049200	-4.0292114235276e+02
53.213161295000	-4.1209564517307e+02
53.243140540800	-4.2240000741365e+02
53.273119786600	-4.3382568945699e+02
53.303099032400	-4.4636329085675e+02
53.333078278200	-4.6000255878650e+02
53.363057524000	-4.7473239718726e+02
53.393036769800	-4.9054087660637e+02
53.423016015600	-5.0741524471955e+02
53.452995261400	-5.2534193752756e+02
53.482974507200	-5.4430659121802e+02
53.512953753000	-5.6429405468275e+02
53.542932998800	-5.8528840268007e+02
53.572912244600	-6.0727294963130e+02
53.602891490400	-6.3023026403988e+02
53.632870736200	-6.5414218352117e+02
53.662849982000	-6.7898983043035e+02
53.692829227800	-7.0475362807549e+02
53.722808473600	-7.3141331750227e+02
53.752787719400	-7.5894797483623e+02
53.782766965200	-7.8733602916820e+02
53.812746211000	-8.1655528096796e+02
53.842725456800	-8.4658292101074e+02
53.872704702600	-8.7739554980061e+02
53.902683948400	-9.0896919747484e+02
53.932663194200	-9.4127934417220e+02
53.962642440000	-9.7430094084849e+02
53.992621685800	-1.0080084305217e+03
54.022600931600	-1.0423757699290e+03
54.052580177400	-1.0773764515775e+03
54.082559423200	-1.1129835261708e+03
54.112538669000	-1.1491696253909e+03
54.142517914800	-1.1859069850190e+03
54.172497160600	-1.2231674683733e+03
54.202476406400	-1.2609225900455e+03
54.232455652200	-1.2991435399166e+03
54.262434898000	-1.3378012074298e+03
54.292414143800	-1.3768662061025e+03
54.322393389600	-1.4163088982557e+03
54.352372635400	-1.4560994199402e+03
54.382351881200	-1.4962077060383e+03
54.412331127000	-1.5366035155208e+03
54.442310372800	-1.5772564568385e+03
54.472289618600	-1.6181360134243e+03
54.502268864400	-1.6592115692886e+03
54.532248110200	-1.7004524346827e+03
54.562227356000	-1.7418278718112e+03
54.592206601800	-1.7833071205709e+03
54.622185847600	-1.8248594242947e+03
54.652165093400	-1.8664540554792e+03
54.682144339200	-1.9080603414741e+03
54.712123585000	-1.9496476901122e+03
54.742102830800	-1.9911856152585e+03
54.772082076600	-2.0326437622568e+03
54.802061322400	-2.0739919332531e+03
54.832040568200	-2.1152001123735e+03
54.862019814000	-2.1562384907372e+03
54.891999059800	-2.1970774912819e+03
54.921978305600	-2.2376877933820e+03
54.951957551400	-2.2780403572394e+03
54.981936797200	-2.3181064480248e+03
55.011916043000	-2.3578576597514e+03
55.041895288800	-2.3972659388593e+03
55.071874534600	-2.4363036074928e+03
55.101853780400	-2.4749433864492e+03
55.131833026200	-2.5131584177817e+03
55.161812272000	-2.5509222870362e+03
55.191791517800	-2.5882090451047e+03
55.221770763600	-2.6249932296763e+03
55.251750009400	-2.6612498862683e+03
55.281729255200	-2.6969545888199e+03
55.311708501000	-2.7320834598315e+03
55.341687746800	-2.7666131900325e+03
55.371666992600	-2.8005210575620e+03
55.401646238400	-2.8337849466459e+03
55.431625484200	-2.8663833657554e+03
55.461604730000	-2.8982954652311e+03
55.491583975800	-2.9295010543599e+03
55.521563221600	-2.9599806178883e+03
55.551542467400	-2.9897153319604e+03
55.581521713200	-3.0186870794667e+03
55.611500959000	-3.0468784647911e+03
55.641480204800	-3.0742728279442e+03
55.671459450600	-3.1008542580713e+03
55.701438696400	-3.1266076063241e+03
55.731417942200	-3.1515184980856e+03
55.761397188000	-3.1755733445381e+03
55.791376433800	-3.1987593535654e+03
55.821355679600	-3.2210645399802e+03
55.851334925400	-3.2424777350678e+03
55.881314171200	-3.2629885954397e+03
55.911293417000	-3.2825876111894e+03
55.941272662800	-3.3012661133432e+03
55.971251908600	-3.3190162806024e+03
56.001231154400	-3.3358311453681e+03
56.031210400200	-3.3517045990484e+03
56.061189646000	-3.3666313966394e+03
56.091168891800	-3.3806071605802e+03
56.121148137600	-3.3936283838774e+03
56.151127383400	-3.4056924324964e+03
56.181106629200	-3.4167975470201e+03
56.211085875000	-3.4269428435714e+03
56.241065120800	-3.4361283140011e+03
56.271044366600	-3.4443548253413e+03
56.301023612400	-3.4516241185238e+03
56.331002858200	-3.4579388063669e+03
56.360982104000	-3.4633023708314e+03
56.390961349800	-3.4677191595499e+03
56.420940595600	-3.4711943816307e+03
56.450919841400	-3.4737341027432e+03
56.480899087200	-3.4753452394865e+03
56.510878333000	-3.4760355530483e+03
56.540857578800	-3.4758136421597e+03
56.570836824600	-3.4746889353510e+03
56.600816070400	-3.4726716825178e+03
56.630795316200	-3.4697729458020e+03
56.660774562000	-3.4660045897990e+03
56.690753807800	-3.4613792710972e+03
56.720733053600	-3.4559104271605e+03
56.750712299400	-3.4496122645635e+03
56.780691545200	-3.4424997465886e+03
56.810670791000	-3.4345885801981e+03
56.840650036800	-3.4258952023901e+03
56.870629282600	-3.4164367659518e+03
56.900608528400	-3.4062311246229e+03
56.930587774200	-3.3952968176801e+03
56.960567020000	-3.3836530539579e+03
56.990546265800	-3.3713196953193e+03
57.020525511600	-3.3583172395893e+03
57.050504757400	-3.3446668029677e+03
57.080484003200	-3.3303901019357e+03
57.110463249000	-3.3155094346712e+03
57.140442494800	-3.3000476619899e+03
57.170421740600	-3.2840281878276e+03
57.200400986400	-3.2674749392818e+03
57.230380232200	-3.2504123462271e+03
57.260359478000	-3.2328653205258e+03
57.290338723800	-3.2148592348471e+03
57.320317969600	-3.1964199011164e+03
57.350297215400	-3.1775735486111e+03
57.380276461200	-3.1583468017228e+03
57.410255707000	-3.1387666574037e+03
57.440234952800	-3.1188604623173e+03
57.470214198600	-3.0986558897122e+03
57.500193444400	-3.0781809160388e+03
57.530172690200	-3.0574637973292e+03
57.560151936000	-3.0365330453593e+03
57.590131181800	-3.0154174036140e+03
57.620110427600	-2.9941458230760e+03
57.650089673400	-2.9727474378572e+03
57.680068919200	-2.9512515406957e+03
57.710048165000	-2.9296875583365e+03
57.740027410800	-2.9080850268182e+03
57.770006656600	-2.8864735666858e+03
57.799985902400	-2.8648828581508e+03
57.829965148200	-2.8433426162190e+03
57.859944394000	-2.8218825658072e+03
57.889923639800	-2.8005324168696e+03
57.919902885600	-2.7793218395539e+03
57.949882131400	-2.7582804394094e+03
57.979861377200	-2.7374377326663e+03
58.009840623000	-2.7168231216073e+03
58.039819868800	-2.6964658700523e+03
58.069799114600	-2.6763950789761e+03
58.099778360400	-2.6566396622794e+03
58.129757606200	-2.6372283227336e+03
58.159736852000	-2.6181895281187e+03
58.189716097800	-2.5995514875741e+03
58.219695343600	-2.5813421281828e+03
58.249674589400	-2.5635890718062e+03
58.279653835200	-2.5463196121909e+03
58.309633081000	-2.5295606923650e+03
58.339612326800	-2.5133388823420e+03
58.369591572600	-2.4976803571520e+03
58.399570818400	-2.4826108752166e+03
58.429550064200	-2.4681557570868e+03
58.459529310000	-2.4543398645592e+03
58.489508555800	-2.4411875801889e+03
58.519487801600	-2.4287227872158e+03
58.549467047400	-2.4169688499193e+03
58.579446293200	-2.4059485944186e+03
58.609425539000	-2.3956842899325e+03
58.639404784800	-2.3861976305160e+03
58.669384030600	-2.3775097172857e+03
58.699363276400	-2.3696410411504e+03
58.729342522200	-2.3626114660587e+03
58.759321768000	-2.3564402127792e+03
58.789301013800	-2.3511458432232e+03
58.819280259600	-2.3467462453252e+03
58.849259505400	-2.3432586184907e+03
58.879238751200	-2.3406994596239e+03
58.909217997000	-2.3390845497461e+03
58.939197242800	-2.3384289412145e+03
58.969176488600	-2.3387469455513e+03
58.999155734400	-2.3400521218936e+03
59.029134980200	-2.3423572660709e+03
59.059114226000	-2.3456744003196e+03
59.089093471800	-2.3500147636423e+03
59.119072717600	-2.3553888028183e+03
59.149051963400	-2.3618061640718e+03
59.179031209200	-2.3692756854048e+03
59.209010455000	-2.3778053895987e+03
59.238989700800	-2.3874024778906e+03
59.268968946600	-2.3980733243277e+03
59.298948192400	-2.4098234708036e+03
59.328927438200	-2.4226576227806e+03
59.358906684000	-2.4365796456987e+03
59.388885929800	-2.4515925620749e+03
59.418865175600	-2.4676985492930e+03
59.448844421400	-2.4848989380852e+03
59.478823667200	-2.5031942117057e+03
59.508802913000	-2.5225840057953e+03
59.538782158800	-2.5430671089367e+03
59.568761404600	-2.5646414638986e+03
59.598740650400	-2.5873041695666e+03
59.628719896200	-2.6110514835574e+03
59.658699142000	-2.6358788255140e+03
59.688678387800	-2.6617807810781e+03
59.718657633600	-2.6887511065339e+03
59.748636879400	-2.7167827341195e+03
59.778616125200	-2.7458677780007e+03
59.808595371000	-2.7759975408992e+03
59.838574616800	-2.8071625213706e+03
59.868553862600	-2.8393524217245e+03
59.898533108400	-2.8725561565775e+03
59.928512354200	-2.9067618620337e+03
59.958491600000	-2.9419569054807e+03
59.988470845800	-2.9781278959949e+03
60.018450091600	-3.0152606953441e+03
60.048429337400	-3.0533404295786e+03
60.078408583200	-3.0923515011991e+03
60.108387829000	-3.1322776018912e+03
60.138367074800	-3.1731017258140e+03
60.168346320600	-3.2148061834314e+03
60.198325566400	-3.2573726158734e+03
60.228304812200	-3.3007820098141e+03
60.258284058000	-3.3450147128539e+03
60.288263303800	-3.3900504493914e+03
60.318242549600	-3.4358683369715e+03
60.348221795400	-3.4824469030944e+03
60.378201041200	-3.5297641024720e+03
60.408180287000	-3.5777973347151e+03
60.438159532800	-3.6265234624371e+03
60.468138778600	-3.6759188297569e+03
60.498118024400	-3.7259592811870e+03
60.528097270200	-3.7766201808886e+03
60.558076516000	-3.8278764322770e+03
60.588055761800	-3.8797024979624e+03
60.618035007600	-3.9320724200059e+03
60.648014253400	-3.9849598404759e+03
60.677993499200	-4.0383380222861e+03
60.707972745000	-4.0921798702966e+03
60.737951990800	-4.1464579526622e+03
60.767931236600	-4.2011445224072e+03
60.797910482400	-4.2562115392103e+03
60.827889728200	-4.3116306913802e+03
60.857868974000	-4.3673734180036e+03
60.887848219800	-4.4234109312469e+03
60.917827465600	-4.4797142387929e+03
60.947806711400	-4.5362541663931e+03
60.977785957200	-4.5930013805184e+03
61.007765203000	-4.6499264110867e+03
61.037744448800	-4.7069996742507e+03
61.067723694600	-4.7641914952260e+03
61.097702940400	-4.8214721311408e+03
61.127682186200	-4.8788117938877e+03
61.157661432000	-4.9361806729597e+03
61.187640677800	-4.9935489582514e+03
61.217619923600	-5.0508868628057e+03
61.247599169400	-5.1081646454889e+03
61.277578415200	-5.1653526335742e+03
61.307557661000	-5.2224212452167e+03
61.337536906800	-5.2793410118004e+03
61.367516152600	-5.3360826001396e+03
61.397495398400	-5.3926168345168e+03
61.427474644200	-5.4489147185399e+03
61.457453890000	-5.5049474567998e+03
61.487433135800	-5.5606864763121e+03
61.517412381600	-5.6161034477265e+03
61.547391627400	-5.6711703062848e+03
61.577370873200	-5.7258592725129e+03
61.607350119000	-5.7801428726307e+03
61.637329364800	-5.8339939586612e+03
61.667308610600	-5.8873857282268e+03
61.697287856400	-5.9402917440142e+03
61.727267102200	-5.9926859528946e+03
61.757246348000	-6.0445427046839e+03
61.787225593800	-6.0958367705282e+03
61.817204839600	-6.1465433609013e+03
61.847184085400	-6.1966381431996e+03
61.877163331200	-6.2460972589218e+03
61.907142577000	-6.2948973404199e+03
61.937121822800	-6.3430155272100e+03
61.967101068600	-6.3904294818286e+03
61.997080314400	-6.4371174052262e+03
62.027059560200	-6.4830580516830e+03
62.057038806000	-6.5282307432388e+03
62.087018051800	-6.5726153836258e+03
62.116997297600	-6.6161924716935e+03
62.146976543400	-6.6589431143178e+03
62.176955789200	-6.7008490387839e+03
62.206935035000	-6.7418926046354e+03
62.236914280800	-6.7820568149810e+03
62.266893526600	-6.8213253272515e+03
62.296872772400	-6.8596824634003e+03
62.326852018200	-6.8971132195395e+03
62.356831264000	-6.9336032750077e+03
62.386810509800	-6.9691390008619e+03
62.416789755600	-7.0037074677895e+03
62.446769001400	-7.0372964534353e+03
62.476748247200	-7.0698944491403e+03
62.506727493000	-7.1014906660870e+03
62.536706738800	-7.1320750408510e+03
62.566685984600	-7.1616382403528e+03
62.596665230400	-7.1901716662112e+03
62.626644476200	-7.2176674584944e+03
62.656623722000	-7.2441184988694e+03
62.686602967800	-7.2695184131477e+03
62.716582213600	-7.2938615732292e+03
62.746561459400	-7.3171430984431e+03
62.776540705200	-7.3393588562884e+03
62.806519951000	-7.3605054625741e+03
62.836499196800	-7.3805802809626e+03
62.866478442600	-7.3995814219178e+03
62.896457688400	-7.4175077410618e+03
62.926436934200	-7.4343588369429e+03
62.956416180000	-7.4501350482202e+03
62.986395425800	-7.4648374502677e+03
63.016374671600	-7.4784678512047e+03
63.046353917400	-7.4910287873568e+03
63.076333163200	-7.5025235181533e+03
63.106312409000	-7.5129560204689e+03
63.136291654800	-7.5223309824148e+03
63.166270900600	-7.5306537965878e+03
63.196250146400	-7.5379305527838e+03
63.226229392200	-7.5441680301862e+03
63.256208638000	-7.5493736890346e+03
63.286187883800	-7.5535556617856e+03
63.316167129600	-7.5567227437740e+03
63.346146375400	-7.5588843833834e+03
63.376125621200	-7.5600506717381e+03
63.406104867000	-7.5602323319250e+03
63.436084112800	-7.5594407077584e+03
63.466063358600	-7.5576877520966e+03
63.496042604400	-7.5549860147241e+03
63.526021850200	-7.5513486298100e+03
63.556001096000	-7.5467893029552e+03
63.585980341800	-7.5413222978409e+03
63.615959587600	-7.5349624224910e+03
63.645938833400	-7.5277250151625e+03
63.675918079200	-7.5196259298757e+03
63.705897325000	-7.5106815215989e+03
63.735876570800	-7.5009086311013e+03
63.765855816600	-7.4903245694878e+03
63.795835062400	-7.4789471024308e+03
63.825814308200	-7.4667944341126e+03
63.855793554000	-7.4538851908930e+03
63.885772799800	-7.4402384047186e+03
63.915752045600	-7.4258734962867e+03
63.945731291400	-7.4108102579804e+03
63.975710537200	-7.3950688365895e+03
64.005689783000	-7.3786697158328e+03
64.035669028800	-7.3616336986979e+03
64.065648274600	-7.3439818896131e+03
64.095627520400	-7.3257356764677e+03
64.125606766200	-7.3069167124964e+03
64.155586012000	-7.2875468980436e+03
64.185565257800	-7.2676483622237e+03
64.215544503600	-7.2472434444919e+03
64.245523749400	-7.2263546761439e+03
64.275502995200	-7.2050047617577e+03
64.305482241000	-7.1832165605951e+03
64.335461486800	-7.1610130679779e+03
64.365440732600	-7.1384173966549e+03
64.395419978400	-7.1154527581749e+03
64.425399224200	-7.0921424442821e+03
64.455378470000	-7.0685098083489e+03
64.485357715800	-7.0445782468609e+03
64.515336961600	-7.0203711809713e+03
64.545316207400	-6.9959120381373e+03
64.575295453200	-6.9712242338560e+03
64.605274699000	-6.9463311535126e+03
64.635253944800	-6.9212561343574e+03
64.665233190600	-6.8960224476244e+03
64.695212436400	-6.8706532808072e+03
64.725191682200	-6.8451717201056e+03
64.755170928000	-6.8196007330571e+03
64.785150173800	-6.7939631513669e+03
64.815129419600	-6.7682816539492e+03
64.845108665400	-6.7425787501947e+03
64.875087911200	-6.7168767634750e+03
64.905067157000	-6.6911978148985e+03
64.935046402800	-6.6655638073287e+03
64.965025648600	-6.6399964096783e+03
64.995004894400	-6.6145170414893e+03
65.024984140200	-6.5891468578127e+03
65.054963386000	-6.5639067343965e+03
65.084942631800	-6.5388172531949e+03
65.114921877600	-6.5138986882081e+03
65.144901123400	-6.4891709916629e+03
65.174880369200	-6.4646537805447e+03
65.204859615000	-6.4403663234892e+03
65.234838860800	-6.4163275280434e+03
65.264818106600	-6.3925559283051e+03
65.294797352400	-6.3690696729488e+03
65.324776598200	-6.3458865136450e+03
65.354755844000	-6.3230237938827e+03
65.384735089800	-6.3004984381999e+03
65.414714335600	-6.2783269418302e+03
65.444693581400	-6.2565253607723e+03
65.474672827200	-6.2351093022861e+03
65.504652073000	-6.2140939158243e+03
65.534631318800	-6.1934938844012e+03
65.564610564600	-6.1733234164063e+03
65.594589810400	-6.1535962378650e+03
65.624569056200	-6.1343255851511e+03
65.654548302000	-6.1155241981551e+03
65.684527547800	-6.0972043139101e+03
65.714506793600	-6.0793776606786e+03
65.744486039400	-6.0620554525028e+03
65.774465285200	-6.0452483842196e+03
65.804444531000	-6.0289666269412e+03
65.834423776800	-6.0132198240039e+03
65.864403022600	-5.9980170873835e+03
65.894382268400	-5.9833669945789e+03
65.924361514200	-5.9692775859630e+03
65.954340760000	-5.9557563626006e+03
65.984320005800	-5.9428102845311e+03
66.014299251600	-5.9304457695153e+03
66.044278497400	-5.9186686922448e+03
66.074257743200	-5.9074843840105e+03
66.104236989000	-5.8968976328274e+03
66.134216234800	-5.8869126840141e+03
66.164195480600	-5.8775332412217e+03
66.194174726400	-5.8687624679090e+03
66.224153972200	-5.8606029892597e+03
66.254133218000	-5.8530568945367e+03
66.284112463800	-5.8461257398685e+03
66.314091709600	-5.8398105514622e+03
66.344070955400	-5.8341118292379e+03
66.374050201200	-5.8290295508772e+03
66.404029447000	-5.8245631762810e+03
66.434008692800	-5.8207116524282e+03
66.463987938600	-5.8174734186295e+03
66.493967184400	-5.8148464121678e+03
66.523946430200	-5.8128280743184e+03
66.553925676000	-5.8114153567405e+03
66.583904921800	-5.8106047282319e+03
66.613884167600	-5.8103921818378e+03
66.643863413400	-5.8107732423059e+03
66.673842659200	-5.8117429738777e+03
66.703821905000	-5.8132959884068e+03
66.733801150800	-5.8154264537955e+03
66.763780396600	-5.8181281027383e+03
66.793759642400	-5.8213942417636e+03
66.823738888200	-5.8252177605633e+03
66.853718134000	-5.8295911415982e+03
66.883697379800	-5.8345064699709e+03
66.913676625600	-5.8399554435539e+03
66.943655871400	-5.8459293833617e+03
66.973635117200	-5.8524192441574e+03
67.003614363000	-5.8594156252800e+03
67.033593608800	-5.8669087816838e+03
67.063572854600	-5.8748886351760e+03
67.093552100400	-5.8833447858420e+03
67.123531346200	-5.8922665236469e+03
67.153510592000	-5.9016428402003e+03
67.183489837800	-5.9114624406734e+03
67.213469083600	-5.9217137558561e+03
67.243448329400	-5.9323849543421e+03
67.273427575200	-5.9434639548298e+03
67.303406821000	-5.9549384385275e+03
67.333386066800	-5.9667958616496e+03
67.363365312600	-5.9790234679928e+03
67.393344558400	-5.9916083015799e+03
67.423323804200	-6.0045372193591e+03
67.453303050000	-6.0177969039458e+03
67.483282295800	-6.0313738763966e+03
67.513261541600	-6.0452545090024e+03
67.543240787400	-6.0594250380887e+03
67.573220033200	-6.0738715768115e+03
67.603199279000	-6.0885801279369e+03
67.633178524800	-6.1035365965934e+03
67.663157770600	-6.1187268029841e+03
67.693137016400	-6.1341364950483e+03
67.723116262200	-6.1497513610608e+03
67.753095508000	-6.1655570421582e+03
67.783074753800	-6.1815391447803e+03
67.813053999600	-6.1976832530165e+03
67.843033245400	-6.2139749408458e+03
67.873012491200	-6.2303997842610e+03
67.902991737000	-6.2469433732652e+03
67.932970982800	-6.2635913237314e+03
67.962950228600	-6.2803292891154e+03
67.992929474400	-6.2971429720114e+03
68.022908720200	-6.3140181355417e+03
68.052887966000	-6.3309406145701e+03
68.082867211800	-6.3478963267311e+03
68.112846457600	-6.3648712832651e+03
68.142825703400	-6.3818515996519e+03
68.172804949200	-6.3988235060330e+03
68.202784195000	-6.4157733574155e+03
68.232763440800	-6.4326876436499e+03
68.262742686600	-6.4495529991732e+03
68.292721932400	-6.4663562125119e+03
68.322701178200	-6.4830842355351e+03
68.352680424000	-6.4997241924544e+03
68.382659669800	-6.5162633885612e+03
68.412638915600	-6.5326893186974e+03
68.442618161400	-6.5489896754527e+03
68.472597407200	-6.5651523570827e+03
68.502576653000	-6.5811654751441e+03
68.532555898800	-6.5970173618404e+03
68.562535144600	-6.6126965770749e+03
68.592514390400	-6.6281919152056e+03
68.622493636200	-6.6434924114996e+03
68.652472882000	-6.6585873482818e+03
68.682452127800	-6.6734662607757e+03
68.712431373600	-6.6881189426335e+03
68.742410619400	-6.7025354511514e+03
68.772389865200	-6.7167061121704e+03
68.802369111000	-6.7306215246579e+03
68.832348356800	-6.7442725649708e+03
68.862327602600	-6.7576503907968e+03
68.892306848400	-6.7707464447752e+03
68.922286094200	-6.7835524577942e+03
68.952265340000	-6.7960604519662e+03
68.982244585800	-6.8082627432802e+03
69.012223831600	-6.8201519439325e+03
69.042203077400	-6.8317209643347e+03
69.072182323200	-6.8429630148022e+03
69.102161569000	-6.8538716069230e+03
69.132140814800	-6.8644405546087e+03
69.162120060600	-6.8746639748295e+03
69.192099306400	-6.8845362880365e+03
69.222078552200	-6.8940522182726e+03
69.252057798000	-6.9032067929745e+03
69.282037043800	-6.9119953424712e+03
69.312016289600	-6.9204134991793e+03
69.341995535400	-6.9284571965015e+03
69.371974781200	-6.9361226674308e+03
69.401954027000	-6.9434064428646e+03
69.431933272800	-6.9503053496342e+03
69.461912518600	-6.9568165082532e+03
69.491891764400	-6.9629373303916e+03
69.521871010200	-6.9686655160779e+03
69.551850256000	-6.9739990506388e+03
69.581829501800	-6.9789362013782e+03
69.611808747600	-6.9834755140039e+03
69.641787993400	-6.9876158088082e+03
69.671767239200	-6.9913561766069e+03
69.701746485000	-6.9946959744457e+03
69.731725730800	-6.9976348210793e+03
69.761704976600	-7.0001725922299e+03
69.791684222400	-7.0023094156343e+03
69.821663468200	-7.0040456658843e+03
69.851642714000	-7.0053819590700e+03
69.881621959800	-7.0063191472322e+03
69.911601205600	-7.0068583126332e+03
69.941580451400	-7.0070007618522e+03
69.971559697200	-7.0067480197147e+03
70.001538943000	-7.0061018230639e+03
70.031518188800	-7.0050641143817e+03
70.061497434600	-7.0036370352686e+03
70.091476680400	-7.0018229197900e+03
70.121455926200	-6.9996242876988e+03
70.151435172000	-6.9970438375416e+03
70.181414417800	-6.9940844396583e+03
70.211393663600	-6.9907491290829e+03
70.241372909400	-6.9870410983552e+03
70.271352155200	-6.9829636902519e+03
70.301331401000	-6.9785203904459e+03
70.331310646800	-6.9737148201022e+03
70.361289892600	-6.9685507284213e+03
70.391269138400	-6.9630319851359e+03
70.421248384200	-6.9571625729729e+03
70.451227630000	-6.9509465800870e+03
70.481206875800	-6.9443881924772e+03
70.511186121600	-6.9374916863927e+03
70.541165367400	-6.9302614207383e+03
70.571144613200	-6.9227018294879e+03
70.601123859000	-6.9148174141150e+03
70.631103104800	-6.9066127360472e+03
70.661082350600	-6.8980924091553e+03
70.691061596400	-6.8892610922845e+03
70.721040842200	-6.8801234818353e+03
70.751020088000	-6.8706843044039e+03
70.780999333800	-6.8609483094882e+03
70.810978579600	-6.8509202622695e+03
70.840957825400	-6.8406049364760e+03
70.870937071200	-6.8300071073368e+03
70.900916317000	-6.8191315446334e+03
70.930895562800	-6.8079830058567e+03
70.960874808600	-6.7965662294760e+03
70.990854054400	-6.7848859283276e+03
71.020833300200	-6.7729467831300e+03
71.050812546000	-6.7607534361319e+03
71.080791791800	-6.7483104848999e+03
71.110771037600	-6.7356224762524e+03
71.140750283400	-6.7226939003453e+03
71.170729529200	-6.7095291849160e+03
71.200708775000	-6.6961326896912e+03
71.230688020800	-6.6825087009641e+03
71.260667266600	-6.6686614263462e+03
71.290646512400	-6.6545949896988e+03
71.320625758200	-6.6403134262492e+03
71.350605004000	-6.6258206778963e+03
71.380584249800	-6.6111205887091e+03
71.410563495600	-6.5962169006244e+03
71.440542741400	-6.5811132493446e+03
71.470521987200	-6.5658131604417e+03
71.500501233000	-6.5503200456703e+03
71.530480478800	-6.5346371994921e+03
71.560459724600	-6.5187677958151e+03
71.590438970400	-6.5027148849509e+03
71.620418216200	-6.4864813907914e+03
71.650397462000	-6.4700701082081e+03
71.680376707800	-6.4534837006746e+03
71.710355953600	-6.4367246981154e+03
71.740335199400	-6.4197954949812e+03
71.770314445200	-6.4026983485524e+03
71.800293691000	-6.3854353774712e+03
71.830272936800	-6.3680085605039e+03
71.860252182600	-6.3504197355318e+03
71.890231428400	-6.3326705987728e+03
71.920210674200	-6.3147627042326e+03
71.950189920000	-6.2966974633843e+03
71.980169165800	-6.2784761450772e+03
72.010148411600	-6.2600998756730e+03
72.040127657400	-6.2415696394075e+03
72.070106903200	-6.2228862789777e+03
72.100086149000	-6.2040504963521e+03
72.130065394800	-6.1850628538010e+03
72.160044640600	-6.1659237751472e+03
72.190023886400	-6.1466335472312e+03
72.220003132200	-6.1271923215920e+03
72.249982378000	-6.1076001163569e+03
72.279961623800	-6.0878568183403e+03
72.309940869600	-6.0679621853458e+03
72.339920115400	-6.0479158486695e+03
72.369899361200	-6.0277173157997e+03
72.399878607000	-6.0073659733096e+03
72.429857852800	-5.9868610899387e+03
72.459837098600	-5.9662018198579e+03
72.489816344400	-5.9453872061150e+03
72.519795590200	-5.9244161842534e+03
72.549774836000	-5.9032875861024e+03
72.579754081800	-5.8820001437305e+03
72.609733327600	-5.8605524935587e+03
72.639712573400	-5.8389431806274e+03
72.669691819200	-5.8171706630107e+03
72.699671065000	-5.7952333163741e+03
72.729650310800	-5.7731294386675e+03
72.759629556600	-5.7508572549486e+03
72.789608802400	-5.7284149223300e+03
72.819588048200	-5.7058005350447e+03
72.849567294000	-5.6830121296216e+03
72.879546539800	-5.6600476901658e+03
72.909525785600	-5.6369051537376e+03
72.939505031400	-5.6135824158209e+03
72.969484277200	-5.5900773358775e+03
72.999463523000	-5.5663877429769e+03
73.029442768800	-5.5425114414979e+03
73.059422014600	-5.5184462168917e+03
73.089401260400	-5.4941898415025e+03
73.119380506200	-5.4697400804356e+03
73.149359752000	-5.4450946974677e+03
73.179338997800	-5.4202514609912e+03
73.209318243600	-5.3952081499852e+03
73.239297489400	-5.3699625600070e+03
73.269276735200	-5.3445125091949e+03
73.299255981000	-5.3188558442765e+03
73.329235226800	-5.2929904465746e+03
73.359214472600	-5.2669142380037e+03
73.389193718400	-5.2406251870487e+03
73.419172964200	-5.2141213147208e+03
73.449152210000	-5.1874007004807e+03
73.479131455800	-5.1604614881242e+03
73.509110701600	-5.1333018916213e+03
73.539089947400	-5.1059202009035e+03
73.569069193200	-5.0783147875902e+03
73.599048439000	-5.0504841106495e+03
73.629027684800	-5.0224267219850e+03
73.659006930600	-4.9941412719422e+03
73.688986176400	-4.9656265147284e+03
73.718965422200	-4.9368813137387e+03
73.748944668000	-4.9079046467824e+03
73.778923913800	-4.8786956112034e+03
73.808903159600	-4.8492534288873e+03
73.838882405400	-4.8195774511509e+03
73.868861651200	-4.7896671635065e+03
73.898840897000	-4.7595221902969e+03
73.928820142800	-4.7291422991933e+03
73.958799388600	-4.6985274055524e+03
73.988778634400	-4.6676775766271e+03
74.018757880200	-4.6365930356244e+03
74.048737126000	-4.6052741656072e+03
74.078716371800	-4.5737215132332e+03
74.108695617600	-4.5419357923287e+03
74.138674863400	-4.5099178872907e+03
74.168654109200	-4.4776688563134e+03
74.198633355000	-4.4451899344361e+03
74.228612600800	-4.4124825364076e+03
74.258591846600	-4.3795482593637e+03
74.288571092400	-4.3463888853140e+03
74.318550338200	-4.3130063834355e+03
74.348529584000	-4.2794029121685e+03
74.378508829800	-4.2455808211139e+03
74.408488075600	-4.2115426527276e+03
74.438467321400	-4.1772911438096e+03
74.468446567200	-4.1428292267869e+03
74.498425813000	-4.1081600307874e+03
74.528405058800	-4.0732868825021e+03
74.558384304600	-4.0382133068359e+03
74.588363550400	-4.0029430273443e+03
74.618342796200	-3.9674799664553e+03
74.648322042000	-3.9318282454760e+03
74.678301287800	-3.8959921843824e+03
74.708280533600	-3.8599763013929e+03
74.738259779400	-3.8237853123248e+03
74.768239025200	-3.7874241297342e+03
74.798218271000	-3.7508978618385e+03
74.828197516800	-3.7142118112242e+03
74.858176762600	-3.6773714733380e+03
74.888156008400	-3.6403825347647e+03
74.918135254200	-3.6032508712907e+03
74.948114500000	-3.5659825457569e+03
74.978093745800	-3.5285838057007e+03
75.008072991600	-3.4910610807897e+03
75.038052237400	-3.4534209800496e+03
75.068031483200	-3.4156702888873e+03
75.098010729000	-3.3778159659134e+03
75.127989974800	-3.3398651395654e+03
75.157969220600	-3.3018251045348e+03
75.187948466400	-3.2637033180021e+03
75.217927712200	-3.2255073956812e+03
75.247906958000	-3.1872451076791e+03
75.277886203800	-3.1489243741722e+03
75.307865449600	-3.1105532609051e+03
75.337844695400	-3.0721399745138e+03
75.367823941200	-3.0336928576803e+03
75.397803187000	-2.9952203841205e+03
75.427782432800	-2.9567311534108e+03
75.457761678600	-2.9182338856594e+03
75.487740924400	-2.8797374160253e+03
75.517720170200	-2.8412506890908e+03
75.547699416000	-2.8027827530937e+03
75.577678661800	-2.7643427540229e+03
75.607657907600	-2.7259399295840e+03
75.637637153400	-2.6875836030401e+03
75.667616399200	-2.6492831769339e+03
75.697595645000	-2.6110481266968e+03
75.727574890800	-2.5728879941504e+03
75.757554136600	-2.5348123809079e+03
75.787533382400	-2.4968309416797e+03
75.817512628200	-2.4589533774918e+03
75.847491874000	-2.4211894288212e+03
75.877471119800	-2.3835488686557e+03
75.907450365600	-2.3460414954857e+03
75.937429611400	-2.3086771262319e+03
75.967408857200	-2.2714655891186e+03
75.997388103000	-2.2344167164975e+03
76.027367348800	-2.1975403376293e+03
76.057346594600	-2.1608462714293e+03
76.087325840400	-2.1243443191853e+03
76.117305086200	-2.0880442572534e+03
76.147284332000	-2.0519558297387e+03
76.177263577800	-2.0160887411685e+03
76.207242823600	-1.9804526491643e+03
76.237222069400	-1.9450571571199e+03
76.267201315200	-1.9099118068924e+03
76.297180561000	-1.8750260715125e+03
76.327159806800	-1.8404093479220e+03
76.357139052600	-1.8060709497446e+03
76.387118298400	-1.7720201000968e+03
76.417097544200	-1.7382659244458e+03
76.447076790000	-1.7048174435220e+03
76.477056035800	-1.6716835662908e+03
76.507035281600	-1.6388730829922e+03
76.537014527400	-1.6063946582539e+03
76.566993773200	-1.5742568242844e+03
76.596973019000	-1.5424679741524e+03
76.626952264800	-1.5110363551596e+03
76.656931510600	-1.4799700623112e+03
76.686910756400	-1.4492770318931e+03
76.716890002200	-1.4189650351586e+03
76.746869248000	-1.3890416721334e+03
76.776848493800	-1.3595143655421e+03
76.806827739600	-1.3303903548643e+03
76.836806985400	-1.3016766905235e+03
76.866786231200	-1.2733802282160e+03
76.896765477000	-1.2455076233840e+03
76.926744722800	-1.2180653258387e+03
76.956723968600	-1.1910595745377e+03
76.986703214400	-1.1644963925218e+03
77.016682460200	-1.1383815820162e+03
77.046661706000	-1.1127207197002e+03
77.076640951800	-1.0875191521492e+03
77.106620197600	-1.0627819914550e+03
77.136599443400	-1.0385141110258e+03
77.166578689200	-1.0147201415721e+03
77.196557935000	-9.9140446728047e+02
77.226537180800	-9.6857122217952e+02
77.256516426600	-9.4622428670107e+02
77.286495672400	-9.2436728443951e+02
77.316474918200	-9.0300357911237e+02
77.346454164000	-8.8213627172473e+02
77.376433409800	-8.6176819793995e+02
77.406412655600	-8.4190192565906e+02
77.436391901400	-8.2253975281081e+02
77.466371147200	-8.0368370535442e+02
77.496350393000	-7.8533553549660e+02
77.526329638800	-7.6749672012432e+02
77.556308884600	-7.5016845945473e+02
77.586288130400	-7.3335167590314e+02
77.616267376200	-7.1704701317012e+02
77.646246622000	-7.0125483554817e+02
77.676225867800	-6.8597522744860e+02
77.706205113600	-6.7120799314875e+02
77.736184359400	-6.5695265675965e+02
77.766163605200	-6.4320846241394e+02
77.796142851000	-6.2997437467365e+02
77.826122096800	-6.1724907915737e+02
77.856101342600	-6.0503098338584e+02
77.886080588400	-5.9331821784523e+02
77.916059834200	-5.8210863726672e+02
77.946039080000	-5.7139982212108e+02
77.976018325800	-5.6118908032673e+02
78.005997571600	-5.5147344916944e+02
78.035976817400	-5.4224969743168e+02
78.065956063200	-5.3351432772958e+02
78.095935309000	-5.2526357905507e+02
78.125914554800	-5.1749342952071e+02
78.155893800600	-5.1019959930444e+02
78.185873046400	-5.0337755379156e+02
78.215852292200	-4.9702250691057e+02
78.245831538000	-4.9112942465999e+02
78.275810783800	-4.8569302882245e+02
78.305790029600	-4.8070780086271e+02
78.335769275400	-4.7616798600579e+02
78.365748521200	-4.7206759749135e+02
78.395727767000	-4.6840042100027e+02
78.425707012800	-4.6516001924934e+02
78.455686258600	-4.6233973674963e+02
78.485665504400	-4.5993270472415e+02
78.515644750200	-4.5793184618023e+02
78.545623996000	-4.5632988113183e+02
78.575603241800	-4.5511933196707e+02
78.605582487600	-4.5429252895584e+02
78.635561733400	-4.5384161589261e+02
78.665540979200	-4.5375855586916e+02
78.695520225000	-4.5403513717194e+02
78.725499470800	-4.5466297929882e+02
78.755478716600	-4.5563353908953e+02
78.785457962400	-4.5693811696457e+02
78.815437208200	-4.5856786326658e+02
78.845416454000	-4.6051378469885e+02
78.875395699800	-4.6276675085492e+02
78.905374945600	-4.6531750083357e+02
78.935354191400	-4.6815664993335e+02
78.965333437200	-4.7127469642061e+02
78.995312683000	-4.7466202836510e+02
79.025291928800	-4.7830893053722e+02
79.055271174600	-4.8220559136073e+02
79.085250420400	-4.8634210991492e+02
79.115229666200	-4.9070850298019e+02
79.145208912000	-4.9529471212089e+02
79.175188157800	-5.0009061079931e+02
79.205167403600	-5.0508601151474e+02
79.235146649400	-5.1027067296149e+02
79.265125895200	-5.1563430719977e+02
79.295105141000	-5.2116658683337e+02
79.325084386800	-5.2685715218808e+02
79.355063632600	-5.3269561848481e+02
79.385042878400	-5.3867158300151e+02
79.415022124200	-5.4477463221777e+02
79.445001370000	-5.5099434893641e+02
79.474980615800	-5.5732031937605e+02
79.504959861600	-5.6374214022899e+02
79.534939107400	-5.7024942567852e+02
79.564918353200	-5.7683181437019e+02
79.594897599000	-5.8347897633130e+02
79.624876844800	-5.9018061983318e+02
79.654856090600	-5.9692649819087e+02
79.684835336400	-6.0370641649467e+02
79.714814582200	-6.1051023826868e+02
79.744793828000	-6.1732789205078e+02
79.774773073800	-6.2414937788932e+02
79.804752319600	-6.3096477375144e+02
79.834731565400	-6.3776424183825e+02
79.864710811200	-6.4453803480215e+02
79.894690057000	-6.5127650186170e+02
79.924669302800	-6.5797009480960e+02
79.954648548600	-6.6460937390950e+02
79.984627794400	-6.7118501367729e+02
80.014607040200	-6.7768780854296e+02
80.044586286000	-6.8410867838912e+02
80.074565531800	-6.9043867396212e+02
80.104544777600	-6.9666898215262e+02
80.134524023400	-7.0279093114157e+02
80.164503269200	-7.0879599540875e+02
80.194482515000	-7.1467580060027e+02
80.224461760800	-7.2042212825238e+02
80.254441006600	-7.2602692036835e+02
80.284420252400	-7.3148228384597e+02
80.314399498200	-7.3678049475303e+02
80.344378744000	-7.4191400244835e+02
80.374357989800	-7.4687543354613e+02
80.404337235600	-7.5165759572169e+02
80.434316481400	-7.5625348135649e+02
80.464295727200	-7.6065627102085e+02
80.494274973000	-7.6485933679284e+02
80.524254218800	-7.6885624541178e+02
80.554233464600	-7.7264076126524e+02
80.584212710400	-7.7620684920855e+02
80.614191956200	-7.7954867721576e+02
80.644171202000	-7.8266061886146e+02
80.674150447800	-7.8553725563287e+02
80.704129693600	-7.8817337907185e+02
80.734108939400	-7.9056399274655e+02
80.764088185200	-7.9270431405276e+02
80.794067431000	-7.9458977584489e+02
80.824046676800	-7.9621602789711e+02
80.854025922600	-7.9757893819490e+02
80.884005168400	-7.9867459405767e+02
80.913984414200	-7.9949930309325e+02
80.943963660000	-8.0004959398513e+02
80.973942905800	-8.0032221711349e+02
81.003922151600	-8.0031414501141e+02
81.033901397400	-8.0002257265736e+02
81.063880643200	-7.9944491760582e+02
81.093859889000	-7.9857881995736e+02
81.123839134800	-7.9742214217031e+02
81.153818380600	-7.9597296871577e+02
81.183797626400	-7.9422960557809e+02
81.213776872200	-7.9219057960305e+02
81.243756118000	-7.8985463769613e+02
81.273735363800	-7.8722074587326e+02
81.303714609600	-7.8428808816670e+02
81.333693855400	-7.8105606538878e+02
81.363673101200	-7.7752429375624e+02
81.393652347000	-7.7369260337821e+02
81.423631592800	-7.6956103661082e+02
81.453610838600	-7.6512984628160e+02
81.483590084400	-7.6039949378692e+02
81.513569330200	-7.5537064706573e+02
81.543548576000	-7.5004417845319e+02
81.573527821800	-7.4442116241751e+02
81.603507067600	-7.3850287318372e+02
81.633486313400	-7.3229078224802e+02
81.663465559200	-7.2578655578633e+02
81.693444805000	-7.1899205196098e+02
81.723424050800	-7.1190931812934e+02
81.753403296600	-7.0454058795831e+02
81.783382542400	-6.9688827844856e+02
81.813361788200	-6.8895498687273e+02
81.843341034000	-6.8074348763135e+02
81.873320279800	-6.7225672903089e+02
81.903299525600	-6.6349782998776e+02
81.933278771400	-6.5447007666264e+02
81.963258017200	-6.4517691902909e+02
81.993237263000	-6.3562196738089e+02
82.023216508800	-6.2580898878193e+02
82.053195754600	-6.1574190346323e+02
82.083175000400	-6.0542478117102e+02
82.113154246200	-5.9486183747014e+02
82.143133492000	-5.8405743000704e+02
82.173112737800	-5.7301605473632e+02
82.203091983600	-5.6174234211526e+02
82.233071229400	-5.5024105327017e+02
82.263050475200	-5.3851707613884e+02
82.293029721000	-5.2657542159306e+02
82.323008966800	-5.1442121954531e+02
82.352988212600	-5.0205971504348e+02
82.382967458400	-4.8949626435768e+02
82.412946704200	-4.7673633106294e+02
82.442925950000	-4.6378548212159e+02
82.472905195800	-4.5064938396923e+02
82.502884441600	-4.3733379860781e+02
82.532863687400	-4.2384457970958e+02
82.562842933200	-4.1018766873537e+02
82.592822179000	-3.9636909107078e+02
82.622801424800	-3.8239495218358e+02
82.652780670600	-3.6827143380573e+02
82.682759916400	-3.5400479014316e+02
82.712739162200	-3.3960134411651e+02
82.742718408000	-3.2506748363590e+02
82.772697653800	-3.1040965791252e+02
82.802676899600	-2.9563437381015e+02
82.832656145400	-2.8074819223911e+02
82.862635391200	-2.6575772459539e+02
82.892614637000	-2.5066962924755e+02
82.922593882800	-2.3549060807361e+02
82.952573128600	-2.2022740305054e+02
82.982552374400	-2.0488679289823e+02
83.012531620200	-1.8947558978026e+02
83.042510866000	-1.7400063606329e+02
83.072490111800	-1.5846880113695e+02
83.102469357600	-1.4288697829600e+02
83.132448603400	-1.2726208168621e+02
83.162427849200	-1.1160104331567e+02
83.192407095000	-9.5910810132576e+01
83.222386340800	-8.0198341171005e+01
83.252365586600	-6.4470604765540e+01
83.282344832400	-4.8734575835864e+01
83.312324078200	-3.2997233242089e+01
83.342303324000	-1.7265557211550e+01
83.372282569800	-1.5465268376629e+00
83.402261815600	1.4152882348730e+01
83.432241061400	2.9825700735151e+01
83.462220307200	4.5464966910257e+01
83.492199553000	6.1063729873464e+01
83.522178798800	7.6615051171523e+01
83.552158044600	9.2112006962157e+01
83.582137290400	1.0754769000510e+02
83.612116536200	1.2291521158097e+02
83.642095782000	1.3820770333838e+02
83.672075027800	1.5341831907014e+02
83.702054273600	1.6854023641916e+02
83.732033519400	1.8356665851498e+02
83.762012765200	1.9849081554198e+02
83.791992011000	2.1330596624026e+02
83.821971256800	2.2800539934050e+02
83.851950502600	2.4258243493417e+02
83.881929748400	2.5703042578023e+02
83.911908994200	2.7134275855027e+02
83.941888240000	2.8551285501331e+02
83.971867485800	2.9953417316222e+02
84.001846731600	3.1340020828344e+02
84.031825977400	3.2710449397197e+02
84.061805223200	3.4064060309353e+02
84.091784469000	3.5400214869598e+02
84.121763714800	3.6718278487216e+02
84.151742960600	3.8017620757623e+02
84.181722206400	3.9297615539602e+02
84.211701452200	4.0557641028344e+02
84.241680698000	4.1797079824554e+02
84.271659943800	4.3015318999867e+02
84.301639189600	4.4211750158813e+02
84.331618435400	4.5385769497597e+02
84.361597681200	4.6536777859954e+02
84.391576927000	4.7664180790336e+02
84.421556172800	4.8767388584709e+02
84.451535418600	4.9845816339219e+02
84.481514664400	5.0898883997009e+02
84.511493910200	5.1926016393465e+02
84.541473156000	5.2926643300155e+02
84.571452401800	5.3900199467760e+02
84.601431647600	5.4846124668253e+02
84.631410893400	5.5763863736627e+02
84.661390139200	5.6652866612441e+02
84.691369385000	5.7512588381461e+02
84.721348630800	5.8342489317682e+02
84.751327876600	5.9142034926005e+02
84.781307122400	5.9910695985834e+02
84.811286368200	6.0647948595885e+02
84.841265614000	6.1353274220452e+02
84.871244859800	6.2026159737416e+02
84.901224105600	6.2666097488246e+02
84.931203351400	6.3272585330259e+02
84.961182597200	6.3845126691380e+02
84.991161843000	6.4383230627661e+02
85.021141088800	6.4886411883793e+02
85.051120334600	6.5354190956854e+02
85.081099580400	6.5786094163513e+02
85.111078826200	6.6181653710919e+02
85.141058072000	6.6540407771488e+02
85.171037317800	6.6861900561795e+02
85.201016563600	6.7145682425774e+02
85.230995809400	6.7391309922403e+02
85.260975055200	6.7598345918075e+02
85.290954301000	6.7766359683815e+02
85.320933546800	6.7894926997507e+02
85.350912792600	6.7983630251280e+02
85.380892038400	6.8032058564217e+02
85.410871284200	6.8039807900480e+02
85.440850530000	6.8006481193013e+02
85.470829775800	6.7931688472905e+02
85.500809021600	6.7815047004521e+02
85.530788267400	6.7656181426492e+02
85.560767513200	6.7454723898626e+02
85.590746759000	6.7210314254814e+02
85.620726004800	6.6922600161980e+02
85.650705250600	6.6591237285103e+02
85.680684496400	6.6215889458342e+02
85.710663742200	6.5796228862281e+02
85.740642988000	6.5331936207280e+02
85.770622233800	6.4822700922924e+02
85.800601479600	6.4268221353544e+02
85.830580725400	6.3668204959760e+02
85.860559971200	6.3022368526001e+02
85.890539217000	6.2330438373920e+02
85.920518462800	6.1592150581634e+02
85.950497708600	6.0807251208682e+02
85.980476954400	5.9975496526599e+02
86.010456200200	5.9096653254974e+02
86.040435446000	5.8170498802855e+02
86.070414691800	5.7196821515360e+02
86.100393937600	5.6175420925313e+02
86.130373183400	5.5106108009733e+02
86.160352429200	5.3988705450989e+02
86.190331675000	5.2823047902408e+02
86.220310920800	5.1608982258110e+02
86.250290166600	5.0346367926864e+02
86.280269412400	4.9035077109682e+02
86.310248658200	4.7674995080929e+02
86.340227904000	4.6266020472656e+02
86.370207149800	4.4808065561875e+02
86.400186395600	4.3301056560500e+02
86.430165641400	4.1744933907616e+02
86.460144887200	4.0139652563786e+02
86.490124133000	3.8485182307054e+02
86.520103378800	3.6781508030298e+02
86.550082624600	3.5028630039593e+02
86.580061870400	3.3226564353217e+02
86.610041116200	3.1375343000928e+02
86.640020362000	2.9475014323131e+02
86.669999607800	2.7525643269544e+02
86.699978853600	2.5527311696966e+02
86.729958099400	2.3480118665742e+02
86.759937345200	2.1384180734497e+02
86.789916591000	1.9239632252729e+02
86.819895836800	1.7046625650828e+02
86.849875082600	1.4805331727080e+02
86.879854328400	1.2515939931210e+02
86.909833574200	1.0178658644031e+02
86.939812820000	7.7937154527252e+01
86.969792065800	5.3613574213138e+01
86.999771311600	2.8818513558439e+01
87.029750557400	3.5548406383250e+00
87.059729803200	-2.2174373925058e+01
87.089709049000	-4.8365854497161e+01
87.119688294800	-7.5016118037210e+01
87.149667540600	-1.0212147178072e+02
87.179646786400	-1.2967801100315e+02
87.209626032200	-1.5768161686935e+02
87.239605278000	-1.8612795437367e+02
87.269584523800	-2.1501247037545e+02
87.299563769600	-2.4433039173453e+02
87.329543015400	-2.7407672355163e+02
87.359522261200	-3.0424624751813e+02
87.389501507000	-3.3483352038004e+02
87.419480752800	-3.6583287252062e+02
87.449459998600	-3.9723840666636e+02
87.479439244400	-4.2904399672071e+02
87.509418490200	-4.6124328673002e+02
87.539397736000	-4.9382968998614e+02
87.569376981800	-5.2679638826999e+02
87.599356227600	-5.6013633124018e+02
87.629335473400	-5.9384223597111e+02
87.659314719200	-6.2790658664434e+02
87.689293965000	-6.6232163439743e+02
87.719273210800	-6.9707939733390e+02
87.749252456600	-7.3217166069828e+02
87.779231702400	-7.6758997721982e+02
87.809210948200	-8.0332566762834e+02
87.839190194000	-8.3936982134568e+02
87.869169439800	-8.7571329735615e+02
87.899148685600	-9.1234672525886e+02
87.929127931400	-9.4926050650521e+02
87.959107177200	-9.8644481582427e+02
87.989086423000	-1.0238896028388e+03
88.019065668800	-1.0615845938744e+03
88.049044914600	-1.0995192939644e+03
88.079024160400	-1.1376829890524e+03
88.109003406200	-1.1760647483948e+03
88.138982652000	-1.2146534271651e+03
88.168961897800	-1.2534376692620e+03
88.198941143600	-1.2924059103218e+03
88.228920389400	-1.3315463809380e+03
88.258899635200	-1.3708471100881e+03
88.288878881000	-1.4102959287687e+03
88.318858126800	-1.4498804738404e+03
88.348837372600	-1.4895881920819e+03
88.378816618400	-1.5294063444551e+03
88.408795864200	-1.5693220105796e+03
88.438775110000	-1.6093220934185e+03
88.468754355800	-1.6493933241733e+03
88.498733601600	-1.6895222673894e+03
88.528712847400	-1.7296953262692e+03
88.558692093200	-1.7698987481944e+03
88.588671339000	-1.8101186304541e+03
88.618650584800	-1.8503409261793e+03
88.648629830600	-1.8905514504802e+03
88.678609076400	-1.9307358867866e+03
88.708588322200	-1.9708797933873e+03
88.738567568000	-2.0109686101686e+03
88.768546813800	-2.0509876655464e+03
88.798526059600	-2.0909221835926e+03
88.828505305400	-2.1307572913499e+03
88.858484551200	-2.1704780263337e+03
88.888463797000	-2.2100693442165e+03
88.918443042800	-2.2495161266930e+03
88.948422288600	-2.2888031895192e+03
88.978401534400	-2.3279152907243e+03
89.008380780200	-2.3668371389897e+03
89.038360026000	-2.4055534021903e+03
89.068339271800	-2.4440487160942e+03
89.098318517600	-2.4823076932159e+03
89.128297763400	-2.5203149318167e+03
89.158277009200	-2.5580550250488e+03
89.188256255000	-2.5955125702354e+03
89.218235500800	-2.6326721782829e+03
89.248214746600	-2.6695184832181e+03
89.278193992400	-2.7060361518448e+03
89.308173238200	-2.7422098935131e+03
89.338152484000	-2.7780244699949e+03
89.368131729800	-2.8134647054595e+03
89.398110975600	-2.8485154965408e+03
89.428090221400	-2.8831618224912e+03
89.458069467200	-2.9173887554132e+03
89.488048713000	-2.9511814705617e+03
89.518027958800	-2.9845252567106e+03
89.548007204600	-3.0174055265735e+03
89.577986450400	-3.0498078272732e+03
89.607965696200	-3.0817178508507e+03
89.637944942000	-3.1131214448051e+03
89.667924187800	-3.1440046226574e+03
89.697903433600	-3.1743535745289e+03
89.727882679400	-3.2041546777251e+03
89.757861925200	-3.2333945073188e+03
89.787841171000	-3.2620598467203e+03
89.817820416800	-3.2901376982290e+03
89.847799662600	-3.3176152935549e+03
89.877778908400	-3.3444801043037e+03
89.907758154200	-3.3707198524133e+03
89.937737400000	-3.3963225205350e+03
89.967716645800	-3.4212763623495e+03
89.997695891600	-3.4455699128080e+03
90.027675137400	-3.4691919982891e+03
90.057654383200	-3.4921317466631e+03
90.087633629000	-3.5143785972536e+03
90.117612874800	-3.5359223106866e+03
90.147592120600	-3.5567529786191e+03
90.177571366400	-3.5768610333363e+03
90.207550612200	-3.5962372572097e+03
90.237529858000	-3.6148727920046e+03
90.267509103800	-3.6327591480297e+03
90.297488349600	-3.6498882131190e+03
90.327467595400	-3.6662522614355e+03
90.357446841200	-3.6818439620895e+03
90.387426087000	-3.6966563875610e+03
90.417405332800	-3.7106830219175e+03
90.447384578600	-3.7239177688185e+03
90.477363824400	-3.7363549592976e+03
90.507343070200	-3.7479893593133e+03
90.537322316000	-3.7588161770608e+03
90.567301561800	-3.7688310700340e+03
90.597280807600	-3.7780301518325e+03
90.627260053400	-3.7864099987022e+03
90.657239299200	-3.7939676558037e+03
90.687218545000	-3.8007006431986e+03
90.717197790800	-3.8066069615484e+03
90.747177036600	-3.8116850975148e+03
90.777156282400	-3.8159340288575e+03
90.807135528200	-3.8193532292200e+03
90.837114774000	-3.8219426725969e+03
90.867094019800	-3.8237028374760e+03
90.897073265600	-3.8246347106481e+03
90.927052511400	-3.8247397906789e+03
90.957031757200	-3.8240200910352e+03
90.987011003000	-3.8224781428614e+03
91.016990248800	-3.8201169973985e+03
91.046969494600	-3.8169402280420e+03
91.076948740400	-3.8129519320317e+03
91.106927986200	-3.8081567317697e+03
91.136907232000	-3.8025597757614e+03
91.166886477800	-3.7961667391747e+03
91.196865723600	-3.7889838240136e+03
91.226844969400	-3.7810177589030e+03
91.256824215200	-3.7722757984790e+03
91.286803461000	-3.7627657223843e+03
91.316782706800	-3.7524958338630e+03
91.346761952600	-3.7414749579539e+03
91.376741198400	-3.7297124392796e+03
91.406720444200	-3.7172181394281e+03
91.436699690000	-3.7040024339273e+03
91.466678935800	-3.6900762088092e+03
91.496658181600	-3.6754508567637e+03
91.526637427400	-3.6601382728809e+03
91.556616673200	-3.6441508499815e+03
91.586595919000	-3.6275014735355e+03
91.616575164800	-3.6102035161691e+03
91.646554410600	-3.5922708317609e+03
91.676533656400	-3.5737177491282e+03
91.706512902200	-3.5545590653044e+03
91.736492148000	-3.5348100384093e+03
91.766471393800	-3.5144863801154e+03
91.796450639600	-3.4936042477106e+03
91.826429885400	-3.4721802357619e+03
91.856409131200	-3.4502313673820e+03
91.886388377000	-3.4277750851032e+03
91.916367622800	-3.4048292413611e+03
91.946346868600	-3.3814120885940e+03
91.976326114400	-3.3575422689609e+03
92.006305360200	-3.3332388036838e+03
92.036284606000	-3.3085210820198e+03
92.066263851800	-3.2834088498673e+03
92.096243097600	-3.2579221980137e+03
92.126222343400	-3.2320815500302e+03
92.156201589200	-3.2059076498196e+03
92.186180835000	-3.1794215488254e+03
92.216160080800	-3.1526445929083e+03
92.246139326600	-3.1255984088986e+03
92.276118572400	-3.0983048908313e+03
92.306097818200	-3.0707861858733e+03
92.336077064000	-3.0430646799506e+03
92.366056309800	-3.0151629830845e+03
92.396035555600	-2.9871039144456e+03
92.426014801400	-2.9589104871360e+03
92.455994047200	-2.9306058927085e+03
92.485973293000	-2.9022134854331e+03
92.515952538800	-2.8737567663215e+03
92.545931784600	-2.8452593669199e+03
92.575911030400	-2.8167450328805e+03
92.605890276200	-2.7882376073242e+03
92.635869522000	-2.7597610140038e+03
92.665848767800	-2.7313392402819e+03
92.695828013600	-2.7029963199323e+03
92.725807259400	-2.6747563157798e+03
92.755786505200	-2.6466433021895e+03
92.785765751000	-2.6186813474169e+03
92.815744996800	-2.5908944958342e+03
92.845724242600	-2.5633067500428e+03
92.875703488400	-2.5359420528879e+03
92.905682734200	-2.5088242693853e+03
92.935661980000	-2.4819771685770e+03
92.965641225800	-2.4554244053267e+03
92.995620471600	-2.4291895020700e+03
93.025599717400	-2.4032958305332e+03
93.055578963200	-2.3777665934341e+03
93.085558209000	-2.3526248061789e+03
93.115537454800	-2.3278932785703e+03
93.145516700600	-2.3035945965392e+03
93.175495946400	-2.2797511039165e+03
93.205475192200	-2.2563848842569e+03
93.235454438000	-2.2335177427317e+03
93.265433683800	-2.2111711881031e+03
93.295412929600	-2.1893664147947e+03
93.325392175400	-2.1681242850744e+03
93.355371421200	-2.1474653113614e+03
93.385350667000	-2.1274096386743e+03
93.415329912800	-2.1079770272335e+03
93.445309158600	-2.0891868352323e+03
93.475288404400	-2.0710580017914e+03
93.505267650200	-2.0536090301115e+03
93.535246896000	-2.0368579708370e+03
93.565226141800	-2.0208224056465e+03
93.595205387600	-2.0055194310829e+03
93.625184633400	-1.9909656426380e+03
93.655163879200	-1.9771771191047e+03
93.685143125000	-1.9641694072107e+03
93.715122370800	-1.9519575065484e+03
93.745101616600	-1.9405558548119e+03
93.775080862400	-1.9299783133572e+03
93.805060108200	-1.9202381530965e+03
93.835039354000	-1.9113480407408e+03
93.865018599800	-1.9033200254026e+03
93.894997845600	-1.8961655255717e+03
93.924977091400	-1.8898953164764e+03
93.954956337200	-1.8845195178414e+03
93.984935583000	-1.8800475820548e+03
94.014914828800	-1.8764882827558e+03
94.044894074600	-1.8738497038534e+03
94.074873320400	-1.8721392289883e+03
94.104852566200	-1.8713635314475e+03
94.134831812000	-1.8715285645425e+03
94.164811057800	-1.8726395524614e+03
94.194790303600	-1.8747009816041e+03
94.224769549400	-1.8777165924100e+03
94.254748795200	-1.8816893716875e+03
94.284728041000	-1.8866215454542e+03
94.314707286800	-1.8925145722956e+03
94.344686532600	-1.8993691372502e+03
94.374665778400	-1.9071851462297e+03
94.404645024200	-1.9159617209799e+03
94.434624270000	-1.9256971945905e+03
94.464603515800	-1.9363891075596e+03
94.494582761600	-1.9480342044185e+03
94.524562007400	-1.9606284309238e+03
94.554541253200	-1.9741669318204e+03
94.584520499000	-1.9886440491807e+03
94.614499744800	-2.0040533213255e+03
94.644478990600	-2.0203874823285e+03
94.674458236400	-2.0376384621093e+03
94.704437482200	-2.0557973871175e+03
94.734416728000	-2.0748545816102e+03
94.764395973800	-2.0947995695256e+03
94.794375219600	-2.1156210769540e+03
94.824354465400	-2.1373070352069e+03
94.854333711200	-2.1598445844859e+03
94.884312957000	-2.1832200781512e+03
94.914292202800	-2.2074190875894e+03
94.944271448600	-2.2324264076801e+03
94.974250694400	-2.2582260628594e+03
95.004229940200	-2.2848013137806e+03
95.034209186000	-2.3121346645678e+03
95.064188431800	-2.3402078706608e+03
95.094167677600	-2.3690019472489e+03
95.124146923400	-2.3984971782885e+03
95.154126169200	-2.4286731261021e+03
95.184105415000	-2.4595086415536e+03
95.214084660800	-2.4909818747942e+03
95.244063906600	-2.5230702865748e+03
95.274043152400	-2.5557506601189e+03
95.304022398200	-2.5889991135477e+03
95.334001644000	-2.6227911128540e+03
95.363980889800	-2.6571014854146e+03
95.393960135600	-2.6919044340348e+03
95.423939381400	-2.7271735515177e+03
95.453918627200	-2.7628818357472e+03
95.483897873000	-2.7990017052791e+03
95.513877118800	-2.8355050154274e+03
95.543856364600	-2.8723630748389e+03
95.573835610400	-2.9095466625433e+03
95.603814856200	-2.9470260454702e+03
95.633794102000	-2.9847709964204e+03
95.663773347800	-3.0227508124808e+03
95.693752593600	-3.0609343338706e+03
95.723731839400	-3.0992899632068e+03
95.753711085200	-3.1377856851762e+03
95.783690331000	-3.1763890866010e+03
95.813669576800	-3.2150673768843e+03
95.843648822600	-3.2537874088225e+03
95.873628068400	-3.2925156997697e+03
95.903607314200	-3.3312184531400e+03
95.933586560000	-3.3698615802338e+03
95.963565805800	-3.4084107223719e+03
95.993545051600	-3.4468312733229e+03
96.023524297400	-3.4850884020078e+03
96.053503543200	-3.5231470754666e+03
96.083482789000	-3.5609720820706e+03
96.113462034800	-3.5985280549634e+03
96.143441280600	-3.6357794957150e+03
96.173420526400	-3.6726907981714e+03
96.203399772200	-3.7092262724838e+03
96.233379018000	-3.7453501692985e+03
96.263358263800	-3.7810267040915e+03
96.293337509600	-3.8162200816302e+03
96.323316755400	-3.8508945205433e+03
96.353296001200	-3.8850142779828e+03
96.383275247000	-3.9185436743583e+03
96.413254492800	-3.9514471181269e+03
96.443233738600	-3.9836891306202e+03
96.473212984400	-4.0152343708892e+03
96.503192230200	-4.0460476605500e+03
96.533171476000	-4.0760940086115e+03
96.563150721800	-4.1053386362658e+03
96.593129967600	-4.1337470016242e+03
96.623109213400	-4.1612848243797e+03
96.653088459200	-4.1879181103767e+03
96.683067705000	-4.2136131760708e+03
96.713046950800	-4.2383366728593e+03
96.743026196600	-4.2620556112649e+03
96.773005442400	-4.2847373849527e+03
96.802984688200	-4.3063497945642e+03
96.832963934000	-4.3268610713483e+03
96.862943179800	-4.3462399005731e+03
96.892922425600	-4.3644554446980e+03
96.922901671400	-4.3814773662917e+03
96.952880917200	-4.3972758506749e+03
96.982860163000	-4.4118216282725e+03
97.012839408800	-4.4250859966575e+03
97.042818654600	-4.4370408422692e+03
97.072797900400	-4.4476586617881e+03
97.102777146200	-4.4569125831525e+03
97.132756392000	-4.4647763861988e+03
97.162735637800	-4.4712245229098e+03
97.192714883600	-4.4762321372552e+03
97.222694129400	-4.4797750846084e+03
97.252673375200	-4.4818299507240e+03
97.282652621000	-4.4823740702612e+03
97.312631866800	-4.4813855448383e+03
97.342611112600	-4.4788432606036e+03
97.372590358400	-4.4747269053085e+03
97.402569604200	-4.4690169848697e+03
97.432548850000	-4.4616948394057e+03
97.462528095800	-4.4527426587359e+03
97.492507341600	-4.4421434973294e+03
97.522486587400	-4.4298812886900e+03
97.552465833200	-4.4159408591672e+03
97.582445079000	-4.4003079411806e+03
97.612424324800	-4.3829691858468e+03
97.642403570600	-4.3639121749992e+03
97.672382816400	-4.3431254325886e+03
97.702362062200	-4.3205984354569e+03
97.732341308000	-4.2963216234732e+03
97.762320553800	-4.2702864090245e+03
97.792299799600	-4.2424851858520e+03
97.822279045400	-4.2129113372250e+03
97.852258291200	-4.1815592434467e+03
97.882237537000	-4.1484242886824e+03
97.912216782800	-4.1135028671062e+03
97.942196028600	-4.0767923883590e+03
97.972175274400	-4.0382912823132e+03
98.002154520200	-3.9979990031382e+03
98.032133766000	-3.9559160326641e+03
98.062113011800	-3.9120438830387e+03
98.092092257600	-3.8663850986747e+03
98.122071503400	-3.8189432574846e+03
98.152050749200	-3.7697229714013e+03
98.182029995000	-3.7187298861831e+03
98.212009240800	-3.6659706805008e+03
98.241988486600	-3.6114530643076e+03
98.271967732400	-3.5551857764922e+03
98.301946978200	-3.4971785818137e+03
98.331926224000	-3.4374422671221e+03
98.361905469800	-3.3759886368633e+03
98.391884715600	-3.3128305078736e+03
98.421863961400	-3.2479817034645e+03
98.451843207200	-3.1814570468014e+03
98.481822453000	-3.1132723535815e+03
98.511801698800	-3.0434444240131e+03
98.541780944600	-2.9719910341031e+03
98.571760190400	-2.8989309262575e+03
98.601739436200	-2.8242837992003e+03
98.631718682000	-2.7480702972185e+03
98.661697927800	-2.6703119987394e+03
98.691677173600	-2.5910314042481e+03
98.721656419400	-2.5102519235534e+03
98.751635665200	-2.4279978624099e+03
98.781614911000	-2.3442944085069e+03
98.811594156800	-2.2591676168320e+03
98.841573402600	-2.1726443944208e+03
98.871552648400	-2.0847524845023e+03
98.901531894200	-1.9955204500514e+03
98.931511140000	-1.9049776567606e+03
98.961490385800	-1.8131542554411e+03
98.991469631600	-1.7200811638680e+03
99.021448877400	-1.6257900480797e+03
99.051428123200	-1.5303133031480e+03
99.081407369000	-1.4336840334291e+03
99.111386614800	-1.3359360323120e+03
99.141365860600	-1.2371037614778e+03
99.171345106400	-1.1372223296849e+03
99.201324352200	-1.0363274710949e+03
99.231303598000	-9.3445552315580e+02
99.261282843800	-8.3164340405660e+02
99.291262089600	-7.2792858977175e+02
99.321241335400	-6.2334909071013e+02
99.351220581200	-5.1794342798647e+02
99.381199827000	-4.1175060933200e+02
99.411179072800	-3.0481010466185e+02
99.441158318600	-1.9716182131686e+02
99.471137564400	-8.8846078997932e+01
99.501116810200	2.0096415589145e+01
99.531096056000	1.2962459435968e+02
99.561075301800	2.3969705372845e+02
99.591054547600	3.5027208072140e+02
99.621033793400	4.6130767930188e+02
99.651013039200	5.7276159689204e+02
99.680992285000	6.8459135107005e+02
99.710971530800	7.9675425642382e+02
99.740950776600	9.0920745154137e+02
99.770930022400	1.0219079261183e+03
99.800909268200	1.1348125481627e+03
99.830888514000	1.2478780912768e+03
99.860867759800	1.3610612619972e+03
99.890847005600	1.4743187271709e+03
99.920826251400	1.5876071413506e+03
99.950805497200	1.7008831741859e+03
99.980784743000	1.8141035377924e+03
100.010763988800	1.9272250140785e+03
100.040743234600	2.0402044820089e+03
100.070722480400	2.1529989447864e+03
100.100701726200	2.2655655569301e+03
100.130680972000	2.3778616512328e+03
100.160660217800	2.4898447655754e+03
100.190639463600	2.6014726695808e+03
100.220618709400	2.7127033910861e+03
100.250597955200	2.8234952424153e+03
100.280577201000	2.9338068464326e+03
100.310556446800	3.0435971623571e+03
100.340535692600	3.1528255113207e+03
100.370514938400	3.2614516016508e+03
100.400494184200	3.3694355538585e+03
100.430473430000	3.4767379253149e+03
100.460452675800	3.5833197345979e+03
100.490431921600	3.6891424854907e+03
100.520411167400	3.7941681906163e+03
100.550390413200	3.8983593946897e+03
100.580369659000	4.0016791973710e+03
100.610348904800	4.1040912757044e+03
100.640328150600	4.2055599061253e+03
100.670307396400	4.3060499860206e+03
100.700286642200	4.4055270548270e+03
100.730265888000	4.5039573146514e+03
100.760245133800	4.6013076503996e+03
100.790224379600	4.6975456493987e+03
100.820203625400	4.7926396204991e+03
100.850182871200	4.8865586126426e+03
100.880162117000	4.9792724328849e+03
100.910141362800	5.0707516638571e+03
100.940120608600	5.1609676806569e+03
100.970099854400	5.2498926671560e+03
101.000079100200	5.3374996317134e+03
101.030058346000	5.4237624222829e+03
101.060037591800	5.5086557409051e+03
101.090016837600	5.5921551575740e+03
101.119996083400	5.6742371234686e+03
101.149975329200	5.7548789835408e+03
101.179954575000	5.8340589884516e+03
101.209933820800	5.9117563058463e+03
101.239913066600	5.9879510309637e+03
101.269892312400	6.0626241965705e+03
101.299871558200	6.1357577822155e+03
101.329850804000	6.2073347227975e+03
101.359830049800	6.2773389164424e+03
101.389809295600	6.3457552316838e+03
101.419788541400	6.4125695139435e+03
101.449767787200	6.4777685913085e+03
101.479747033000	6.5413402796009e+03
101.509726278800	6.6032733867390e+03
101.539705524600	6.6635577163863e+03
101.569684770400	6.7221840708889e+03
101.599664016200	6.7791442534987e+03
101.629643262000	6.8344310698829e+03
101.659622507800	6.8880383289200e+03
101.689601753600	6.9399608427836e+03
101.719580999400	6.9901944263137e+03
101.749560245200	7.0387358956794e+03
101.779539491000	7.0855830663347e+03
101.809518736800	7.1307347502692e+03
101.839497982600	7.1741907525592e+03
101.869477228400	7.2159518672219e+03
101.899456474200	7.2560198723782e+03
101.929435720000	7.2943975247278e+03
101.959414965800	7.3310885533438e+03
101.989394211600	7.3660976527925e+03
102.019373457400	7.3994304755843e+03
102.049352703200	7.4310936239638e+03
102.079331949000	7.4610946410464e+03
102.109311194800	7.4894420013092e+03
102.139290440600	7.5161451004458e+03
102.169269686400	7.5412142445934e+03
102.199248932200	7.5646606389412e+03
102.229228178000	7.5864963757322e+03
102.259207423800	7.6067344216660e+03
102.289186669600	7.6253886047168e+03
102.319165915400	7.6424736003750e+03
102.349145161200	7.6580049173257e+03
102.379124407000	7.6719988825771e+03
102.409103652800	7.6844726260491e+03
102.439082898600	7.6954440646371e+03
102.469062144400	7.7049318857638e+03
102.499041390200	7.7129555304325e+03
102.529020636000	7.7195351757962e+03
102.558999881800	7.7246917172566e+03
102.588979127600	7.7284467501090e+03
102.618958373400	7.7308225507465e+03
102.648937619200	7.7318420574402e+03
102.678916865000	7.7315288507106e+03
102.708896110800	7.7299071333060e+03
102.738875356600	7.7270017098050e+03
102.768854602400	7.7228379658589e+03
102.798833848200	7.7174418470901e+03
102.828813094000	7.7108398376659e+03
102.858792339800	7.7030589385616e+03
102.888771585600	7.6941266455334e+03
102.918750831400	7.6840709268165e+03
102.948730077200	7.6729202005671e+03
102.978709323000	7.6607033120663e+03
103.008688568800	7.6474495107036e+03
103.038667814600	7.6331884267577e+03
103.068647060400	7.6179500479948e+03
103.098626306200	7.6017646961000e+03
103.128605552000	7.5846630029627e+03
103.158584797800	7.5666758868330e+03
103.188564043600	7.5478345283684e+03
103.218543289400	7.5281703465895e+03
103.248522535200	7.5077149747623e+03
103.278501781000	7.4865002362274e+03
103.308481026800	7.4645581201933e+03
103.338460272600	7.4419207575130e+03
103.368439518400	7.4186203964623e+03
103.398418764200	7.3946893785386e+03
103.428398010000	7.3701601142987e+03
103.458377255800	7.3450650592527e+03
103.488356501600	7.3194366898346e+03
103.518335747400	7.2933074794649e+03
103.548314993200	7.2667098747265e+03
103.578294239000	7.2396762716680e+03
103.608273484800	7.2122389922557e+03
103.638252730600	7.1844302609893e+03
103.668231976400	7.1562821817001e+03
103.698211222200	7.1278267145479e+03
103.728190468000	7.0990956532344e+03
103.758169713800	7.0701206024497e+03
103.788148959600	7.0409329555669e+03
103.818128205400	7.0115638726040e+03
103.848107451200	6.9820442584661e+03
103.878086697000	6.9524047414849e+03
103.908065942800	6.9226756522720e+03
103.938045188600	6.8928870028985e+03
103.968024434400	6.8630684664182e+03
103.998003680200	6.8332493567479e+03
104.027982926000	6.8034586089179e+03
104.057962171800	6.7737247597092e+03
104.087941417600	6.7440759286875e+03
104.117920663400	6.7145397996504e+03
104.147899909200	6.6851436024978e+03
104.177879155000	6.6559140955391e+03
104.207858400800	6.6268775482502e+03
104.237837646600	6.5980597244890e+03
104.267816892400	6.5694858661834e+03
104.297796138200	6.5411806775011e+03
104.327775384000	6.5131683095116e+03
104.357754629800	6.4854723453506e+03
104.387733875600	6.4581157858962e+03
104.417713121400	6.4311210359656e+03
104.447692367200	6.4045098910412e+03
104.477671613000	6.3783035245337e+03
104.507650858800	6.3525224755912e+03
104.537630104600	6.3271866374587e+03
104.567609350400	6.3023152463986e+03
104.597588596200	6.2779268711741e+03
104.627567842000	6.2540394031053e+03
104.657547087800	6.2306700467003e+03
104.687526333600	6.2078353108676e+03
104.717505579400	6.1855510007133e+03
104.747484825200	6.1638322099282e+03
104.777464071000	6.1426933137662e+03
104.807443316800	6.1221479626189e+03
104.837422562600	6.1022090761866e+03
104.867401808400	6.0828888382501e+03
104.897381054200	6.0641986920418e+03
104.927360300000	6.0461493362199e+03
104.957339545800	6.0287507214434e+03
104.987318791600	6.0120120475500e+03
105.017298037400	5.9959417613347e+03
105.047277283200	5.9805475549292e+03
105.077256529000	5.9658363647800e+03
105.107235774800	5.9518143712229e+03
105.137215020600	5.9384869986522e+03
105.167194266400	5.9258589162809e+03
105.197173512200	5.9139340394890e+03
105.227152758000	5.9027155317555e+03
105.257132003800	5.8922058071702e+03
105.287111249600	5.8824065335203e+03
105.317090495400	5.8733186359467e+03
105.347069741200	5.8649423011637e+03
105.377048987000	5.8572769822371e+03
105.407028232800	5.8503214039130e+03
105.437007478600	5.8440735684913e+03
105.466986724400	5.8385307622354e+03
105.496965970200	5.8336895623120e+03
105.526945216000	5.8295458442507e+03
105.556924461800	5.8260947899166e+03
105.586903707600	5.8233308959861e+03
105.616882953400	5.8212479829171e+03
105.646862199200	5.8198392044027e+03
105.676841445000	5.8190970573004e+03
105.706820690800	5.8190133920243e+03
105.736799936600	5.8195794233911e+03
105.766779182400	5.8207857419084e+03
105.796758428200	5.8226223254935e+03
105.826737674000	5.8250785516118e+03
105.856716919800	5.8281432098224e+03
105.886696165600	5.8318045147189e+03
105.916675411400	5.8360501192526e+03
105.946654657200	5.8408671284263e+03
105.976633903000	5.8462421133438e+03
106.006613148800	5.8521611256048e+03
106.036592394600	5.8586097120286e+03
106.066571640400	5.8655729296952e+03
106.096550886200	5.8730353612893e+03
106.126530132000	5.8809811307332e+03
106.156509377800	5.8893939190935e+03
106.186488623600	5.8982569807494e+03
106.216467869400	5.9075531598058e+03
106.246447115200	5.9172649067385e+03
106.276426361000	5.9273742952548e+03
106.306405606800	5.9378630393568e+03
106.336384852600	5.9487125105908e+03
106.366364098400	5.9599037554685e+03
106.396343344200	5.9714175130451e+03
106.426322590000	5.9832342326383e+03
106.456301835800	5.9953340916741e+03
106.486281081600	6.0076970136437e+03
106.516260327400	6.0203026861560e+03
106.546239573200	6.0331305790706e+03
106.576218819000	6.0461599626968e+03
106.606198064800	6.0593699260428e+03
106.636177310600	6.0727393950992e+03
106.666156556400	6.0862471511435e+03
106.696135802200	6.0998718490492e+03
106.726115048000	6.1135920355845e+03
106.756094293800	6.1273861676870e+03
106.786073539600	6.1412326306978e+03
106.816052785400	6.1551097565421e+03
106.846032031200	6.1689958418405e+03
106.876011277000	6.1828691659368e+03
106.905990522800	6.1967080088293e+03
106.935969768600	6.2104906689889e+03
106.965949014400	6.2241954810533e+03
106.995928260200	6.2378008333807e+03
107.025907506000	6.2512851854511e+03
107.055886751800	6.2646270851011e+03
107.085865997600	6.2778051855800e+03
107.115845243400	6.2907982624127e+03
107.145824489200	6.3035852300580e+03
107.175803735000	6.3161451583499e+03
107.205782980800	6.3284572887083e+03
107.235762226600	6.3405010501090e+03
107.265741472400	6.3522560748004e+03
107.295720718200	6.3637022137546e+03
107.325699964000	6.3748195518441e+03
107.355679209800	6.3855884227315e+03
107.385658455600	6.3959894234616e+03
107.415637701400	6.4060034287473e+03
107.445616947200	6.4156116049377e+03
107.475596193000	6.4247954236599e+03
107.505575438800	6.4335366751252e+03
107.535554684600	6.4418174810898e+03
107.565533930400	6.4496203074636e+03
107.595513176200	6.4569279765562e+03
107.625492422000	6.4637236789548e+03
107.655471667800	6.4699909850250e+03
107.685450913600	6.4757138560273e+03
107.715430159400	6.4808766548444e+03
107.745409405200	6.4854641563101e+03
107.775388651000	6.4894615571368e+03
107.805367896800	6.4928544854333e+03
107.835347142600	6.4956290098100e+03
107.865326388400	6.4977716480647e+03
107.895305634200	6.4992693754466e+03
107.925284880000	6.5001096324915e+03
107.955264125800	6.5002803324287e+03
107.985243371600	6.4997698681519e+03
108.015222617400	6.4985671187542e+03
108.045201863200	6.4966614556240e+03
108.075181109000	6.4940427480990e+03
108.105160354800	6.4907013686772e+03
108.135139600600	6.4866281977836e+03
108.165118846400	6.4818146280917e+03
108.195098092200	6.4762525683986e+03
108.225077338000	6.4699344470546e+03
108.255056583800	6.4628532149470e+03
108.285035829600	6.4550023480379e+03
108.315015075400	6.4463758494594e+03
108.344994321200	6.4369682511643e+03
108.374973567000	6.4267746151372e+03
108.404952812800	6.4157905341659e+03
108.434932058600	6.4040121321764e+03
108.464911304400	6.3914360641351e+03
108.494890550200	6.3780595155194e+03
108.524869796000	6.3638802013632e+03
108.554849041800	6.3488963648780e+03
108.584828287600	6.3331067756562e+03
108.614807533400	6.3165107274604e+03
108.644786779200	6.2991080356033e+03
108.674766025000	6.2808990339243e+03
108.704745270800	6.2618845713670e+03
108.734724516600	6.2420660081654e+03
108.764703762400	6.2214452116429e+03
108.794683008200	6.2000245516322e+03
108.824662254000	6.1778068955219e+03
108.854641499800	6.1547956029377e+03
108.884620745600	6.1309945200641e+03
108.914599991400	6.1064079736160e+03
108.944579237200	6.0810407644664e+03
108.974558483000	6.0548981609400e+03
109.004537728800	6.0279858917787e+03
109.034516974600	6.0003101387899e+03
109.064496220400	5.9718775291853e+03
109.094475466200	5.9426951276188e+03
109.124454712000	5.9127704279335e+03
109.154433957800	5.8821113446266e+03
109.184413203600	5.8507262040429e+03
109.214392449400	5.8186237353041e+03
109.244371695200	5.7858130609872e+03
109.274350941000	5.7523036875591e+03
109.304330186800	5.7181054955798e+03
109.334309432600	5.6832287296825e+03
109.364288678400	5.6476839883431e+03
109.394267924200	5.6114822134484e+03
109.424247170000	5.5746346796734e+03
109.454226415800	5.5371529836802e+03
109.484205661600	5.4990490331470e+03
109.514184907400	5.4603350356401e+03
109.544164153200	5.4210234873390e+03
109.574143399000	5.3811271616252e+03
109.604122644800	5.3406590975471e+03
109.634101890600	5.2996325881707e+03
109.664081136400	5.2580611688279e+03
109.694060382200	5.2159586052737e+03
109.724039628000	5.1733388817633e+03
109.754018873800	5.1302161890593e+03
109.783998119600	5.0866049123818e+03
109.813977365400	5.0425196193112e+03
109.843956611200	4.9979750476548e+03
109.873935857000	4.9529860932890e+03
109.903915102800	4.9075677979868e+03
109.933894348600	4.8617353372427e+03
109.963873594400	4.8155040081046e+03
109.993852840200	4.7688892170244e+03
110.023832086000	4.7219064677369e+03
110.053811331800	4.6745713491780e+03
110.083790577600	4.6268995234527e+03
110.113769823400	4.5789067138627e+03
110.143749069200	4.5306086930038e+03
110.173728315000	4.4820212709431e+03
110.203707560800	4.4331602834853e+03
110.233686806600	4.3840415805392e+03
110.263666052400	4.3346810145918e+03
110.293645298200	4.2850944293003e+03
110.323624544000	4.2352976482120e+03
110.353603789800	4.1853064636186e+03
110.383583035600	4.1351366255566e+03
110.413562281400	4.0848038309592e+03
110.443541527200	4.0343237129707e+03
110.473520773000	3.9837118304298e+03
110.503500018800	3.9329836575298e+03
110.533479264600	3.8821545736642e+03
110.563458510400	3.8312398534640e+03
110.593437756200	3.7802546570349e+03
110.623417002000	3.7292140203994e+03
110.653396247800	3.6781328461538e+03
110.683375493600	3.6270258943420e+03
110.713354739400	3.5759077735566e+03
110.743333985200	3.5247929322700e+03
110.773313231000	3.4736956504027e+03
110.803292476800	3.4226300311334e+03
110.833271722600	3.3716099929563e+03
110.863250968400	3.3206492619902e+03
110.893230214200	3.2697613645440e+03
110.923209460000	3.2189596199426e+03
110.953188705800	3.1682571336171e+03
110.983167951600	3.1176667904632e+03
111.013147197400	3.0672012484710e+03
111.043126443200	3.0168729326290e+03
111.073105689000	2.9666940291053e+03
111.103084934800	2.9166764797085e+03
111.133064180600	2.8668319766303e+03
111.163043426400	2.8171719574720e+03
111.193022672200	2.7677076005556e+03
111.223001918000	2.7184498205224e+03
111.252981163800	2.6694092642182e+03
111.282960409600	2.6205963068674e+03
111.312939655400	2.5720210485353e+03
111.342918901200	2.5236933108801e+03
111.372898147000	2.4756226341923e+03
111.402877392800	2.4278182747235e+03
111.432856638600	2.3802892023020e+03
111.462835884400	2.3330440982357e+03
111.492815130200	2.2860913534995e+03
111.522794376000	2.2394390672076e+03
111.552773621800	2.1930950453663e+03
111.582752867600	2.1470667999082e+03
111.612732113400	2.1013615480035e+03
111.642711359200	2.0559862116459e+03
111.672690605000	2.0109474175115e+03
111.702669850800	1.9662514970868e+03
111.732649096600	1.9219044870616e+03
111.762628342400	1.8779121299858e+03
111.792607588200	1.8342798751832e+03
111.822586834000	1.7910128799212e+03
111.852566079800	1.7481160108296e+03
111.882545325600	1.7055938455662e+03
111.912524571400	1.6634506747232e+03
111.942503817200	1.6216905039700e+03
111.972483063000	1.5803170564275e+03
112.002462308800	1.5393337752683e+03
112.032441554600	1.4987438265377e+03
112.062420800400	1.4585501021898e+03
112.092400046200	1.4187552233330e+03
112.122379292000	1.3793615436787e+03
112.152358537800	1.3403711531874e+03
112.182337783600	1.3017858819062e+03
112.212317029400	1.2636073039902e+03
112.242296275200	1.2258367419035e+03
112.272275521000	1.1884752707905e+03
112.302254766800	1.1515237230126e+03
112.332234012600	1.1149826928433e+03
112.362213258400	1.0788525413137e+03
112.392192504200	1.0431334012025e+03
112.422171750000	1.0078251821629e+03
112.452150995800	9.7292757597865e+02
112.482130241600	9.3844006194359e+02
112.512109487400	9.0436191235517e+02
112.542088733200	8.7069219811640e+02
112.572067979000	8.3742979443785e+02
112.602047224800	8.0457338663241e+02
112.632026470600	7.7212147599547e+02
112.662005716400	7.4007238576283e+02
112.691984962200	7.0842426713889e+02
112.721964208000	6.7717510538755e+02
112.751943453800	6.4632272597833e+02
112.781922699600	6.1586480078016e+02
112.811901945400	5.8579885429531e+02
112.841881191200	5.5612226992606e+02
112.871860437000	5.2683229626663e+02
112.901839682800	4.9792605341292e+02
112.931818928600	4.6940053928286e+02
112.961798174400	4.4125263593988e+02
112.991777420200	4.1347911591253e+02
113.021756666000	3.8607664850282e+02
113.051735911800	3.5904180607643e+02
113.081715157600	3.3237107032771e+02
113.111694403400	3.0606083851262e+02
113.141673649200	2.8010742964274e+02
113.171652895000	2.5450709063376e+02
113.201632140800	2.2925600240190e+02
113.231611386600	2.0435028590168e+02
113.261590632400	1.7978600809884e+02
113.291569878200	1.5555918787221e+02
113.321549124000	1.3166580183839e+02
113.351528369800	1.0810179009348e+02
113.381507615600	8.4863061865939e+01
113.411486861400	6.1945501075115e+01
113.441466107200	3.9344971789919e+01
113.471445353000	1.7057323582399e+01
113.501424598800	-4.9216032289046e+00
113.531403844600	-2.6595972450743e+01
113.561383090400	-4.7969947006842e+01
113.591362336200	-6.9047684054054e+01
113.621341582000	-8.9833330227363e+01
113.651320827800	-1.1033101701794e+02
113.681300073600	-1.3054485628821e+02
113.711279319400	-1.5047893592784e+02
113.741258565200	-1.7013731565408e+02
113.771237811000	-1.8952402296001e+02
113.801217056800	-2.0864304921384e+02
113.831196302600	-2.2749834591214e+02
113.861175548400	-2.4609382109001e+02
113.891154794200	-2.6443333589050e+02
113.921134040000	-2.8252070129576e+02
113.951113285800	-3.0035967502207e+02
113.981092531600	-3.1795395858063e+02
114.011071777400	-3.3530719450575e+02
114.041051023200	-3.5242296375206e+02
114.071030269000	-3.6930478326190e+02
114.101009514800	-3.8595610370395e+02
114.130988760600	-4.0238030738398e+02
114.160968006400	-4.1858070632825e+02
114.190947252200	-4.3456054054002e+02
114.220926498000	-4.5032297642932e+02
114.250905743800	-4.6587110541594e+02
114.280884989600	-4.8120794270536e+02
114.310864235400	-4.9633642623715e+02
114.340843481200	-5.1125941580527e+02
114.370822727000	-5.2597969234919e+02
114.400801972800	-5.4049995741485e+02
114.430781218600	-5.5482283278417e+02
114.460760464400	-5.6895086027152e+02
114.490739710200	-5.8288650168552e+02
114.520718956000	-5.9663213895419e+02
114.550698201800	-6.1019007441141e+02
114.580677447600	-6.2356253124237e+02
114.610656693400	-6.3675165408558e+02
114.640635939200	-6.4975950978863e+02
114.670615185000	-6.6258808831508e+02
114.700594430800	-6.7523930379930e+02
114.730573676600	-6.8771499574606e+02
114.760552922400	-7.0001693037169e+02
114.790532168200	-7.1214680208305e+02
114.820511414000	-7.2410623509085e+02
114.850490659800	-7.3589678515334e+02
114.880469905600	-7.4751994144647e+02
114.910449151400	-7.5897712855639e+02
114.940428397200	-7.7026970859003e+02
114.970407643000	-7.8139898339937e+02
115.000386888800	-7.9236619691483e+02
115.030366134600	-8.0317253758337e+02
115.060345380400	-8.1381914090616e+02
115.090324626200	-8.2430709207142e+02
115.120303872000	-8.3463742867708e+02
115.150283117800	-8.4481114353851e+02
115.180262363600	-8.5482918757592e+02
115.210241609400	-8.6469247277641e+02
115.240220855200	-8.7440187522531e+02
115.270200101000	-8.8395823820129e+02
115.300179346800	-8.9336237533007e+02
115.330158592600	-9.0261507379101e+02
115.360137838400	-9.1171709757112e+02
115.390117084200	-9.2066919076093e+02
115.420096330000	-9.2947208088654e+02
115.450075575800	-9.3812648227221e+02
115.480054821600	-9.4663309942787e+02
115.510034067400	-9.5499263045568e+02
115.540013313200	-9.6320577047019e+02
115.569992559000	-9.7127321502613e+02
115.599971804800	-9.7919566354835e+02
115.629951050600	-9.8697382275794e+02
115.659930296400	-9.9460841008924e+02
115.689909542200	-1.0021001570916e+03
115.719888788000	-1.0094498128107e+03
115.749868033800	-1.0166581471436e+03
115.779847279600	-1.0237259541620e+03
115.809826525400	-1.0306540553982e+03
115.839805771200	-1.0374433030883e+03
115.869785017000	-1.0440945833678e+03
115.899764262800	-1.0506088194129e+03
115.929743508600	-1.0569869745238e+03
115.959722754400	-1.0632300551445e+03
115.989702000200	-1.0693391138125e+03
116.019681246000	-1.0753152520361e+03
116.049660491800	-1.0811596230922e+03
116.079639737600	-1.0868734347402e+03
116.109618983400	-1.0924579518491e+03
116.139598229200	-1.0979144989304e+03
116.169577475000	-1.1032444625745e+03
116.199556720800	-1.1084492937860e+03
116.229535966600	-1.1135305102128e+03
116.259515212400	-1.1184896982656e+03
116.289494458200	-1.1233285151241e+03
116.319473704000	-1.1280486906256e+03
116.349452949800	-1.1326520290329e+03
116.379432195600	-1.1371404106777e+03
116.409411441400	-1.1415157934761e+03
116.439390687200	-1.1457802143137e+03
116.469369933000	-1.1499357902965e+03
116.499349178800	-1.1539847198652e+03
116.529328424600	-1.1579292837708e+03
116.559307670400	-1.1617718459077e+03
116.589286916200	-1.1655148540032e+03
116.619266162000	-1.1691608401611e+03
116.649245407800	-1.1727124212568e+03
116.679224653600	-1.1761722991828e+03
116.709203899400	-1.1795432609434e+03
116.739183145200	-1.1828281785957e+03
116.769162391000	-1.1860300090374e+03
116.799141636800	-1.1891517936399e+03
116.829120882600	-1.1921966577253e+03
116.859100128400	-1.1951678098871e+03
116.889079374200	-1.1980685411551e+03
116.919058620000	-1.2009022240020e+03
116.949037865800	-1.2036723111950e+03
116.979017111600	-1.2063823344885e+03
117.008996357400	-1.2090359031627e+03
117.038975603200	-1.2116367024049e+03
117.068954849000	-1.2141884915364e+03
117.098934094800	-1.2166951020854e+03
117.128913340600	-1.2191604357071e+03
117.158892586400	-1.2215884619521e+03
117.188871832200	-1.2239832158848e+03
117.218851078000	-1.2263487955541e+03
117.248830323800	-1.2286893593169e+03
117.278809569600	-1.2310091230179e+03
117.308788815400	-1.2333123570280e+03
117.338768061200	-1.2356033831417e+03
117.368747307000	-1.2378865713393e+03
117.398726552800	-1.2401663364145e+03
117.428705798600	-1.2424471344703e+03
117.458685044400	-1.2447334592881e+03
117.488664290200	-1.2470298385719e+03
117.518643536000	-1.2493408300714e+03
117.548622781800	-1.2516710175877e+03
117.578602027600	-1.2540250068657e+03
117.608581273400	-1.2564074213767e+03
117.638560519200	-1.2588228979959e+03
117.668539765000	-1.2612760825779e+03
117.698519010800	-1.2637716254367e+03
117.728498256600	-1.2663141767319e+03
117.758477502400	-1.2689083817684e+03
117.788456748200	-1.2715588762132e+03
117.818435994000	-1.2742702812333e+03
117.848415239800	-1.2770471985619e+03
117.878394485600	-1.2798942054964e+03
117.908373731400	-1.2828158498334e+03
117.938352977200	-1.2858166447472e+03
117.968332223000	-1.2889010636162e+03
117.998311468800	-1.2920735348028e+03
118.028290714600	-1.2953384363936e+03
118.058269960400	-1.2987000909031e+03
118.088249206200	-1.3021627599498e+03
118.118228452000	-1.3057306389075e+03
118.148207697800	-1.3094078515401e+03
118.178186943600	-1.3131984446237e+03
118.208166189400	-1.3171063825644e+03
118.238145435200	-1.3211355420148e+03
118.268124681000	-1.3252897064982e+03
118.298103926800	-1.3295725610443e+03
118.328083172600	-1.3339876868441e+03
118.358062418400	-1.3385385559289e+03
118.388041664200	-1.3432285258798e+03
118.418020910000	-1.3480608345749e+03
118.448000155800	-1.3530385949780e+03
118.477979401600	-1.3581647899779e+03
118.507958647400	-1.3634422672810e+03
118.537937893200	-1.3688737343661e+03
118.567917139000	-1.3744617535062e+03
118.597896384800	-1.3802087368624e+03
118.627875630600	-1.3861169416581e+03
118.657854876400	-1.3921884654367e+03
118.687834122200	-1.3984252414107e+03
118.717813368000	-1.4048290339070e+03
118.747792613800	-1.4114014339143e+03
118.777771859600	-1.4181438547377e+03
118.807751105400	-1.4250575277672e+03
118.837730351200	-1.4321434983640e+03
118.867709597000	-1.4394026218715e+03
118.897688842800	-1.4468355597548e+03
118.927668088600	-1.4544427758751e+03
118.957647334400	-1.4622245329026e+03
118.987626580200	-1.4701808888746e+03
119.017605826000	-1.4783116939018e+03
119.047585071800	-1.4866165870289e+03
119.077564317600	-1.4950949932526e+03
119.107543563400	-1.5037461207029e+03
119.137522809200	-1.5125689579908e+03
119.167502055000	-1.5215622717270e+03
119.197481300800	-1.5307246042156e+03
119.227460546600	-1.5400542713256e+03
119.257439792400	-1.5495493605462e+03
119.287419038200	-1.5592077292262e+03
119.317398284000	-1.5690270030032e+03
119.347377529800	-1.5790045744251e+03
119.377356775600	-1.5891376017661e+03
119.407336021400	-1.5994230080407e+03
119.437315267200	-1.6098574802185e+03
119.467294513000	-1.6204374686411e+03
119.497273758800	-1.6311591866449e+03
119.527253004600	-1.6420186103899e+03
119.557232250400	-1.6530114788980e+03
119.587211496200	-1.6641332943021e+03
119.617190742000	-1.6753793223058e+03
119.647169987800	-1.6867445928577e+03
119.677149233600	-1.6982239010391e+03
119.707128479400	-1.7098118081663e+03
119.737107725200	-1.7215026431093e+03
119.767086971000	-1.7332905038263e+03
119.797066216800	-1.7451692591134e+03
119.827045462600	-1.7571325505723e+03
119.857024708400	-1.7691737947919e+03
119.887003954200	-1.7812861857471e+03
119.916983200000	-1.7934626974118e+03
119.946962445800	-1.8056960865853e+03
119.976941691600	-1.8179788959335e+03
120.006920937400	-1.8303034572396e+03
120.036900183200	-1.8426618948671e+03
120.066879429000	-1.8550461294297e+03
120.096858674800	-1.8674478816692e+03
120.126837920600	-1.8798586765374e+03
120.156817166400	-1.8922698474803e+03
120.186796412200	-1.9046725409224e+03
120.216775658000	-1.9170577209480e+03
120.246754903800	-1.9294161741770e+03
120.276734149600	-1.9417385148314e+03
120.306713395400	-1.9540151899902e+03
120.336692641200	-1.9662364850287e+03
120.366671887000	-1.9783925292381e+03
120.396651132800	-1.9904733016232e+03
120.426630378600	-2.0024686368716e+03
120.456609624400	-2.0143682314927e+03
120.486588870200	-2.0261616501210e+03
120.516568116000	-2.0378383319789e+03
120.546547361800	-2.0493875974950e+03
120.576526607600	-2.0607986550724e+03
120.606505853400	-2.0720606080031e+03
120.636485099200	-2.0831624615212e+03
120.666464345000	-2.0940931299921e+03
120.696443590800	-2.1048414442308e+03
120.726422836600	-2.1153961589435e+03
120.756402082400	-2.1257459602877e+03
120.786381328200	-2.1358794735443e+03
120.816360574000	-2.1457852708956e+03
120.846339819800	-2.1554518793043e+03
120.876319065600	-2.1648677884851e+03
120.906298311400	-2.1740214589649e+03
120.936277557200	-2.1829013302235e+03
120.966256803000	-2.1914958289090e+03
120.996236048800	-2.1997933771217e+03
121.026215294600	-2.2077824007586e+03
121.056194540400	-2.2154513379130e+03
121.086173786200	-2.2227886473210e+03
121.116153032000	-2.2297828168504e+03
121.146132277800	-2.2364223720213e+03
121.176111523600	-2.2426958845556e+03
121.206090769400	-2.2485919809446e+03
121.236070015200	-2.2540993510305e+03
121.266049261000	-2.2592067565927e+03
121.296028506800	-2.2639030399328e+03
121.326007752600	-2.2681771324508e+03
121.355986998400	-2.2720180632053e+03
121.385966244200	-2.2754149674506e+03
121.415945490000	-2.2783570951433e+03
121.445924735800	-2.2808338194112e+03
121.475903981600	-2.2828346449783e+03
121.505883227400	-2.2843492165369e+03
121.535862473200	-2.2853673270615e+03
121.565841719000	-2.2858789260559e+03
121.595820964800	-2.2858741277280e+03
121.625800210600	-2.2853432190837e+03
121.655779456400	-2.2842766679345e+03
121.685758702200	-2.2826651308099e+03
121.715737948000	-2.2804994607706e+03
121.745717193800	-2.2777707151128e+03
121.775696439600	-2.2744701629590e+03
121.805675685400	-2.2705892927275e+03
121.835654931200	-2.2661198194752e+03
121.865634177000	-2.2610536921058e+03
121.895613422800	-2.2553831004390e+03
121.925592668600	-2.2491004821326e+03
121.955571914400	-2.2421985294527e+03
121.985551160200	-2.2346701958855e+03
122.015530406000	-2.2265087025853e+03
122.045509651800	-2.2177075446525e+03
122.075488897600	-2.2082604972359e+03
122.105468143400	-2.1981616214547e+03
122.135447389200	-2.1874052701344e+03
122.165426635000	-2.1759860933513e+03
122.195405880800	-2.1638990437808e+03
122.225385126600	-2.1511393818449e+03
122.255364372400	-2.1377026806540e+03
122.285343618200	-2.1235848307383e+03
122.315322864000	-2.1087820445655e+03
122.345302109800	-2.0932908608390e+03
122.375281355600	-2.0771081485746e+03
122.405260601400	-2.0602311109500e+03
122.435239847200	-2.0426572889251e+03
122.465219093000	-2.0243845646288e+03
122.495198338800	-2.0054111645094e+03
122.525177584600	-1.9857356622458e+03
122.555156830400	-1.9653569814163e+03
122.585136076200	-1.9442743979223e+03
122.615115322000	-1.9224875421656e+03
122.645094567800	-1.8999964009758e+03
122.675073813600	-1.8768013192860e+03
122.705053059400	-1.8529030015564e+03
122.735032305200	-1.8283025129426e+03
122.765011551000	-1.8030012802076e+03
122.794990796800	-1.7770010923778e+03
122.824970042600	-1.7503041011395e+03
122.854949288400	-1.7229128209783e+03
122.884928534200	-1.6948301290582e+03
122.914907780000	-1.6660592648415e+03
122.944887025800	-1.6366038294497e+03
122.974866271600	-1.6064677847646e+03
123.004845517400	-1.5756554522709e+03
123.034824763200	-1.5441715116403e+03
123.064804009000	-1.5120209990581e+03
123.094783254800	-1.4792093052942e+03
123.124762500600	-1.4457421735177e+03
123.154741746400	-1.4116256968589e+03
123.184720992200	-1.3768663157191e+03
123.214700238000	-1.3414708148302e+03
123.244679483800	-1.3054463200663e+03
123.274658729600	-1.2688002950100e+03
123.304637975400	-1.2315405372755e+03
123.334617221200	-1.1936751745908e+03
123.364596467000	-1.1552126606437e+03
123.394575712800	-1.1161617706917e+03
123.424554958600	-1.0765315969425e+03
123.454534204400	-1.0363315437060e+03
123.484513450200	-9.9557132232259e+02
123.514492696000	-9.5426094587196e+02
123.544471941800	-9.1241072366540e+02
123.574451187600	-8.7003125552673e+02
123.604430433400	-8.2713342586587e+02
123.634409679200	-7.8372839754973e+02
123.664388925000	-7.3982760557510e+02
123.694368170800	-6.9544275054846e+02
123.724347416600	-6.5058579197780e+02
123.754326662400	-6.0526894138162e+02
123.784305908200	-5.5950465522042e+02
123.814285154000	-5.1330562765625e+02
123.844264399800	-4.6668478314591e+02
123.874243645600	-4.1965526887359e+02
123.904222891400	-3.7223044702873e+02
123.934202137200	-3.2442388693529e+02
123.964181383000	-2.7624935703837e+02
123.994160628800	-2.2772081675451e+02
124.024139874600	-1.7885240819204e+02
124.054119120400	-1.2965844774779e+02
124.084098366200	-8.0153417586787e+01
124.114077612000	-3.0351957011565e+01
124.144056857800	1.9731146272322e+01
124.174036103600	7.0080964987692e+01
124.204015349400	1.2068244120727e+02
124.233994595200	1.7152039535845e+02
124.263973841000	2.2257953530432e+02
124.293953086800	2.7384446549387e+02
124.323932332600	3.2529969617456e+02
124.353911578400	3.7692965265979e+02
124.383890824200	4.2871868464456e+02
124.413870070000	4.8065107556180e+02
124.443849315800	5.3271105197252e+02
124.473828561600	5.8488279298231e+02
124.503807807400	6.3715043967732e+02
124.533787053200	6.8949810457220e+02
124.563766299000	7.4190988106310e+02
124.593745544800	7.9436985287838e+02
124.623724790600	8.4686210352003e+02
124.653704036400	8.9937072568849e+02
124.683683282200	9.5187983068402e+02
124.713662528000	1.0043735577773e+03
124.743641773800	1.0568360835425e+03
124.773621019600	1.1092516311455e+03
124.803600265400	1.1616044795813e+03
124.833579511200	1.2138789728516e+03
124.863558757000	1.2660595290793e+03
124.893538002800	1.3181306495492e+03
124.923517248600	1.3700769276712e+03
124.953496494400	1.4218830578587e+03
124.983475740200	1.4735338443149e+03
125.013454986000	1.5250142097214e+03
125.043434231800	1.5763092038229e+03
125.073413477600	1.6274040119019e+03
125.103392723400	1.6782839631363e+03
125.133371969200	1.7289345388355e+03
125.163351215000	1.7793413805484e+03
125.193330460800	1.8294902980370e+03
125.223309706600	1.8793672771118e+03
125.253288952400	1.9289584873215e+03
125.283268198200	1.9782502894936e+03
125.313247444000	2.0272292431190e+03
125.343226689800	2.0758821135771e+03
125.373205935600	2.1241958791959e+03
125.403185181400	2.1721577381422e+03
125.433164427200	2.2197551151378e+03
125.463143673000	2.2669756679968e+03
125.493122918800	2.3138072939809e+03
125.523102164600	2.3602381359668e+03
125.553081410400	2.4062565884240e+03
125.583060656200	2.4518513031975e+03
125.613039902000	2.4970111950928e+03
125.643019147800	2.5417254472595e+03
125.672998393600	2.5859835163710e+03
125.702977639400	2.6297751375960e+03
125.732956885200	2.6730903293604e+03
125.762936131000	2.7159193978961e+03
125.792915376800	2.7582529415745e+03
125.822894622600	2.8000818550229e+03
125.852873868400	2.8413973330205e+03
125.882853114200	2.8821908741740e+03
125.912832360000	2.9224542843691e+03
125.942811605800	2.9621796799987e+03
125.972790851600	3.0013594909635e+03
126.002770097400	3.0399864634478e+03
126.032749343200	3.0780536624650e+03
126.062728589000	3.1155544741771e+03
126.092707834800	3.1524826079827e+03
126.122687080600	3.1888320983778e+03
126.152666326400	3.2245973065851e+03
126.182645572200	3.2597729219554e+03
126.212624818000	3.2943539631389e+03
126.242604063800	3.3283357790275e+03
126.272583309600	3.3617140494700e+03
126.302562555400	3.3944847857589e+03
126.332541801200	3.4266443308910e+03
126.362521047000	3.4581893596032e+03
126.392500292800	3.4891168781842e+03
126.422479538600	3.5194242240636e+03
126.452458784400	3.5491090651810e+03
126.482438030200	3.5781693991354e+03
126.512417276000	3.6066035521189e+03
126.542396521800	3.6344101776353e+03
126.572375767600	3.6615882550069e+03
126.602355013400	3.6881370876710e+03
126.632334259200	3.7140563012708e+03
126.662313505000	3.7393458415410e+03
126.692292750800	3.7640059719930e+03
126.722271996600	3.7880372714023e+03
126.752251242400	3.8114406311010e+03
126.782230488200	3.8342172520793e+03
126.812209734000	3.8563686418996e+03
126.842188979800	3.8778966114260e+03
126.872168225600	3.8988032713751e+03
126.902147471400	3.9190910286894e+03
126.932126717200	3.9387625827392e+03
126.962105963000	3.9578209213568e+03
126.992085208800	3.9762693167072e+03
127.022064454600	3.9941113209994e+03
127.052043700400	4.0113507620430e+03
127.082022946200	4.0279917386556e+03
127.112002192000	4.0440386159237e+03
127.141981437800	4.0594960203239e+03
127.171960683600	4.0743688347086e+03
127.201939929400	4.0886621931597e+03
127.231919175200	4.1023814757183e+03
127.261898421000	4.1155323029922e+03
127.291877666800	4.1281205306492e+03
127.321856912600	4.1401522437987e+03
127.351836158400	4.1516337512698e+03
127.381815404200	4.1625715797881e+03
127.411794650000	4.1729724680590e+03
127.441773895800	4.1828433607616e+03
127.471753141600	4.1921914024590e+03
127.501732387400	4.2010239314302e+03
127.531711633200	4.2093484734289e+03
127.561690879000	4.2171727353758e+03
127.591670124800	4.2245045989877e+03
127.621649370600	4.2313521143515e+03
127.651628616400	4.2377234934457e+03
127.681607862200	4.2436271036182e+03
127.711587108000	4.2490714610218e+03
127.741566353800	4.2540652240173e+03
127.771545599600	4.2586171865452e+03
127.801524845400	4.2627362714756e+03
127.831504091200	4.2664315239376e+03
127.861483337000	4.2697121046368e+03
127.891462582800	4.2725872831648e+03
127.921441828600	4.2750664313049e+03
127.951421074400	4.2771590163414e+03
127.981400320200	4.2788745943762e+03
128.011379566000	4.2802228036576e+03
128.041358811800	4.2812133579271e+03
128.071338057600	4.2818560397887e+03
128.101317303400	4.2821606941057e+03
128.131296549200	4.2821372214295e+03
128.161275795000	4.2817955714656e+03
128.191255040800	4.2811457365807e+03
128.221234286600	4.2801977453560e+03
128.251213532400	4.2789616561916e+03
128.281192778200	4.2774475509648e+03
128.311172024000	4.2756655287478e+03
128.341151269800	4.2736256995891e+03
128.371130515600	4.2713381783615e+03
128.401109761400	4.2688130786816e+03
128.431089007200	4.2660605069042e+03
128.461068253000	4.2630905561958e+03
128.491047498800	4.2599133006899e+03
128.521026744600	4.2565387897281e+03
128.551005990400	4.2529770421909e+03
128.580985236200	4.2492380409203e+03
128.610964482000	4.2453317272381e+03
128.640943727800	4.2412679955627e+03
128.670922973600	4.2370566881270e+03
128.700902219400	4.2327075898004e+03
128.730881465200	4.2282304230179e+03
128.760860711000	4.2236348428172e+03
128.790839956800	4.2189304319880e+03
128.820819202600	4.2141266963350e+03
128.850798448400	4.2092330600559e+03
128.880777694200	4.2042588612371e+03
128.910756940000	4.1992133474692e+03
128.940736185800	4.1941056715829e+03
128.970715431600	4.1889448875074e+03
129.000694677400	4.1837399462532e+03
129.030673923200	4.1784996920190e+03
129.060653169000	4.1732328584254e+03
129.090632414800	4.1679480648759e+03
129.120611660600	4.1626538130449e+03
129.150590906400	4.1573584834949e+03
129.180570152200	4.1520703324230e+03
129.210549398000	4.1467974885365e+03
129.240528643800	4.1415479500581e+03
129.270507889600	4.1363295818621e+03
129.300487135400	4.1311501127393e+03
129.330466381200	4.1260171327925e+03
129.360445627000	4.1209380909614e+03
129.390424872800	4.1159202926769e+03
129.420404118600	4.1109708976436e+03
129.450383364400	4.1060969177516e+03
129.480362610200	4.1013052151140e+03
129.510341856000	4.0966025002325e+03
129.540321101800	4.0919953302877e+03
129.570300347600	4.0874901075544e+03
129.600279593400	4.0830930779396e+03
129.630258839200	4.0788103296432e+03
129.660238085000	4.0746477919386e+03
129.690217330800	4.0706112340732e+03
129.720196576600	4.0667062642859e+03
129.750175822400	4.0629383289403e+03
129.780155068200	4.0593127117722e+03
129.810134314000	4.0558345332495e+03
129.840113559800	4.0525087500412e+03
129.870092805600	4.0493401545963e+03
129.900072051400	4.0463333748266e+03
129.930051297200	4.0434928738950e+03
129.960030543000	4.0408229501048e+03
129.990009788800	4.0383277368876e+03
130.019989034600	4.0360112028887e+03
130.049968280400	4.0338771521465e+03
130.079947526200	4.0319292243641e+03
130.109926772000	4.0301708952691e+03
130.139906017800	4.0286054770613e+03
130.169885263600	4.0272361189432e+03
130.199864509400	4.0260658077322e+03
130.229843755200	4.0250973685517e+03
130.259823001000	4.0243334655964e+03
130.289802246800	4.0237766029726e+03
130.319781492600	4.0234291256062e+03
130.349760738400	4.0232932202196e+03
130.379739984200	4.0233709163724e+03
130.409719230000	4.0236640875626e+03
130.439698475800	4.0241744523878e+03
130.469677721600	4.0249035757606e+03
130.499656967400	4.0258528701778e+03
130.529636213200	4.0270235970381e+03
130.559615459000	4.0284168680082e+03
130.589594704800	4.0300336464314e+03
130.619573950600	4.0318747487782e+03
130.649553196400	4.0339408461349e+03
130.679532442200	4.0362324657278e+03
130.709511688000	4.0387499924791e+03
130.739490933800	4.0414936705944e+03
130.769470179600	4.0444636051749e+03
130.799449425400	4.0476597638561e+03
130.829428671200	4.0510819784671e+03
130.859407917000	4.0547299467088e+03
130.889387162800	4.0586032338491e+03
130.919366408600	4.0627012744317e+03
130.949345654400	4.0670233739961e+03
130.979324900200	4.0715687108076e+03
131.009304146000	4.0763363375921e+03
131.039283391800	4.0813251832773e+03
131.069262637600	4.0865340547340e+03
131.099241883400	4.0919616385188e+03
131.129221129200	4.0976065026137e+03
131.159200375000	4.1034670981616e+03
131.189179620800	4.1095417611954e+03
131.219158866600	4.1158287143592e+03
131.249138112400	4.1223260686196e+03
131.279117358200	4.1290318249646e+03
131.309096604000	4.1359438760899e+03
131.339075849800	4.1430600080696e+03
131.369055095600	4.1503779020113e+03
131.399034341400	4.1578951356920e+03
131.429013587200	4.1656091851766e+03
131.458992833000	4.1735174264140e+03
131.488972078800	4.1816171368137e+03
131.518951324600	4.1899054967980e+03
131.548930570400	4.1983795913321e+03
131.578909816200	4.2070364114289e+03
131.608889062000	4.2158728556288e+03
131.638868307800	4.2248857314544e+03
131.668847553600	4.2340717568375e+03
131.698826799400	4.2434275615201e+03
131.728806045200	4.2529496884283e+03
131.758785291000	4.2626345950177e+03
131.788764536800	4.2724786545914e+03
131.818743782600	4.2824781575909e+03
131.848723028400	4.2926293128576e+03
131.878702274200	4.3029282488676e+03
131.908681520000	4.3133710149383e+03
131.938660765800	4.3239535824079e+03
131.968640011600	4.3346718457873e+03
131.998619257400	4.3455216238860e+03
132.028598503200	4.3564986609114e+03
132.058577749000	4.3675986275431e+03
132.088556994800	4.3788171219814e+03
132.118536240600	4.3901496709731e+03
132.148515486400	4.4015917308134e+03
132.178494732200	4.4131386883254e+03
132.208473978000	4.4247858618187e+03
132.238453223800	4.4365285020281e+03
132.268432469600	4.4483617930329e+03
132.298411715400	4.4602808531590e+03
132.328390961200	4.4722807358639e+03
132.358370207000	4.4843564306075e+03
132.388349452800	4.4965028637087e+03
132.418328698600	4.5087148991904e+03
132.448307944400	4.5209873396136e+03
132.478287190200	4.5333149269027e+03
132.508266436000	4.5456923431640e+03
132.538245681800	4.5581142114979e+03
132.568224927600	4.5705750968079e+03
132.598204173400	4.5830695066078e+03
132.628183419200	4.5955918918281e+03
132.658162665000	4.6081366476253e+03
132.688141910800	4.6206981141936e+03
132.718121156600	4.6332705775833e+03
132.748100402400	4.6458482705268e+03
132.778079648200	4.6584253732732e+03
132.808058894000	4.6709960144362e+03
132.838038139800	4.6835542718542e+03
132.868017385600	4.6960941734671e+03
132.897996631400	4.7086096982106e+03
132.927975877200	4.7210947769305e+03
132.957955123000	4.7335432933188e+03
132.987934368800	4.7459490848739e+03
133.017913614600	4.7583059438871e+03
133.047892860400	4.7706076184568e+03
133.077872106200	4.7828478135331e+03
133.107851352000	4.7950201919952e+03
133.137830597800	4.8071183757616e+03
133.167809843600	4.8191359469378e+03
133.197789089400	4.8310664490017e+03
133.227768335200	4.8429033880287e+03
133.257747581000	4.8546402339591e+03
133.287726826800	4.8662704219095e+03
133.317706072600	4.8777873535289e+03
133.347685318400	4.8891843984033e+03
133.377664564200	4.9004548955085e+03
133.407643810000	4.9115921547137e+03
133.437623055800	4.9225894583379e+03
133.467602301600	4.9334400627595e+03
133.497581547400	4.9441372000819e+03
133.527560793200	4.9546740798549e+03
133.557540039000	4.9650438908552e+03
133.587519284800	4.9752398029255e+03
133.617498530600	4.9852549688746e+03
133.647477776400	4.9950825264385e+03
133.677457022200	5.0047156003054e+03
133.707436268000	5.0141473042026e+03
133.737415513800	5.0233707430498e+03
133.767394759600	5.0323790151762e+03
133.797374005400	5.0411652146044e+03
133.827353251200	5.0497224334004e+03
133.857332497000	5.0580437640910e+03
133.887311742800	5.0661223021486e+03
133.917290988600	5.0739511485436e+03
133.947270234400	5.0815234123649e+03
133.977249480200	5.0888322135084e+03
134.007228726000	5.0958706854335e+03
134.037207971800	5.1026319779878e+03
134.067187217600	5.1091092602990e+03
134.097166463400	5.1152957237347e+03
134.127145709200	5.1211845849290e+03
134.157124955000	5.1267690888747e+03
134.187104200800	5.1320425120829e+03
134.217083446600	5.1369981658056e+03
134.247062692400	5.1416293993234e+03
134.277041938200	5.1459296032965e+03
134.307021184000	5.1498922131764e+03
134.337000429800	5.1535107126793e+03
134.366979675600	5.1567786373185e+03
134.396958921400	5.1596895779944e+03
134.426938167200	5.1622371846410e+03
134.456917413000	5.1644151699269e+03
134.486896658800	5.1662173130086e+03
134.516875904600	5.1676374633358e+03
134.546855150400	5.1686695445039e+03
134.576834396200	5.1693075581544e+03
134.606813642000	5.1695455879189e+03
134.636792887800	5.1693778034057e+03
134.666772133600	5.1687984642256e+03
134.696751379400	5.1678019240545e+03
134.726730625200	5.1663826347310e+03
134.756709871000	5.1645351503845e+03
134.786689116800	5.1622541315929e+03
134.816668362600	5.1595343495653e+03
134.846647608400	5.1563706903475e+03
134.876626854200	5.1527581590470e+03
134.906606100000	5.1486918840741e+03
134.936585345800	5.1441671213953e+03
134.966564591600	5.1391792587972e+03
134.996543837400	5.1337238201550e+03
135.026523083200	5.1277964697039e+03
135.056502329000	5.1213930163094e+03
135.086481574800	5.1145094177316e+03
135.116460820600	5.1071417848811e+03
135.146440066400	5.0992863860620e+03
135.176419312200	5.0909396511982e+03
135.206398558000	5.0820981760383e+03
135.236377803800	5.0727587263367e+03
135.266357049600	5.0629182420047e+03
135.296336295400	5.0525738412292e+03
135.326315541200	5.0417228245537e+03
135.356294787000	5.0303626789184e+03
135.386274032800	5.0184910816532e+03
135.416253278600	5.0061059044225e+03
135.446232524400	4.9932052171136e+03
135.476211770200	4.9797872916677e+03
135.506191016000	4.9658506058474e+03
135.536170261800	4.9513938469362e+03
135.566149507600	4.9364159153669e+03
135.596128753400	4.9209159282734e+03
135.626107999200	4.9048932229614e+03
135.656087245000	4.8883473602947e+03
135.686066490800	4.8712781279919e+03
135.716045736600	4.8536855438292e+03
135.746024982400	4.8355698587452e+03
135.776004228200	4.8169315598435e+03
135.805983474000	4.7977713732885e+03
135.835962719800	4.7780902670901e+03
135.865941965600	4.7578894537739e+03
135.895921211400	4.7371703929316e+03
135.925900457200	4.7159347936485e+03
135.955879703000	4.6941846168032e+03
135.985858948800	4.6719220772365e+03
136.015838194600	4.6491496457850e+03
136.045817440400	4.6258700511749e+03
136.075796686200	4.6020862817737e+03
136.105775932000	4.5778015871953e+03
136.135755177800	4.5530194797544e+03
136.165734423600	4.5277437357681e+03
136.195713669400	4.5019783966994e+03
136.225692915200	4.4757277701411e+03
136.255672161000	4.4489964306358e+03
136.285651406800	4.4217892203293e+03
136.315630652600	4.3941112494539e+03
136.345609898400	4.3659678966395e+03
136.375589144200	4.3373648090490e+03
136.405568390000	4.3083079023364e+03
136.435547635800	4.2788033604231e+03
136.465526881600	4.2488576350927e+03
136.495506127400	4.2184774453997e+03
136.525485373200	4.1876697768915e+03
136.555464619000	4.1564418806408e+03
136.585443864800	4.1248012720875e+03
136.615423110600	4.0927557296874e+03
136.645402356400	4.0603132933675e+03
136.675381602200	4.0274822627845e+03
136.705360848000	3.9942711953884e+03
136.735340093800	3.9606889042864e+03
136.765319339600	3.9267444559101e+03
136.795298585400	3.8924471674820e+03
136.825277831200	3.8578066042828e+03
136.855257077000	3.8228325767186e+03
136.885236322800	3.7875351371878e+03
136.915215568600	3.7519245767470e+03
136.945194814400	3.7160114215779e+03
136.975174060200	3.6798064292531e+03
137.005153306000	3.6433205848042e+03
137.035132551800	3.6065650965894e+03
137.065111797600	3.5695513919654e+03
137.095091043400	3.5322911127615e+03
137.125070289200	3.4947961105587e+03
137.155049535000	3.4570784417753e+03
137.185028780800	3.4191503625602e+03
137.215008026600	3.3810243234953e+03
137.244987272400	3.3427129641103e+03
137.274966518200	3.3042291072112e+03
137.304945764000	3.2655857530246e+03
137.334925009800	3.2267960731613e+03
137.364904255600	3.1878734044013e+03
137.394883501400	3.1488312423034e+03
137.424862747200	3.1096832346422e+03
137.454841993000	3.0704431746763e+03
137.484821238800	3.0311249942506e+03
137.514800484600	2.9917427567374e+03
137.544779730400	2.9523106498180e+03
137.574758976200	2.9128429781120e+03
137.604738222000	2.8733541556550e+03
137.634717467800	2.8338586982320e+03
137.664696713600	2.7943712155690e+03
137.694675959400	2.7549064033885e+03
137.724655205200	2.7154790353335e+03
137.754634451000	2.6761039547647e+03
137.784613696800	2.6367960664369e+03
137.814592942600	2.5975703280584e+03
137.844572188400	2.5584417417405e+03
137.874551434200	2.5194253453416e+03
137.904530680000	2.4805362037125e+03
137.934509925800	2.4417893998470e+03
137.964489171600	2.4032000259469e+03
137.994468417400	2.3647831744037e+03
138.024447663200	2.3265539287067e+03
138.054426909000	2.2885273542817e+03
138.084406154800	2.2507184892676e+03
138.114385400600	2.2131423352373e+03
138.144364646400	2.1758138478696e+03
138.174343892200	2.1387479275789e+03
138.204323138000	2.1019594101099e+03
138.234302383800	2.0654630571035e+03
138.264281629600	2.0292735466414e+03
138.294260875400	1.9934054637769e+03
138.324240121200	1.9578732910583e+03
138.354219367000	1.9226913990530e+03
138.384198612800	1.8878740368782e+03
138.414177858600	1.8534353227476e+03
138.444157104400	1.8193892345398e+03
138.474136350200	1.7857496003963e+03
138.504115596000	1.7525300893575e+03
138.534094841800	1.7197442020421e+03
138.564074087600	1.6874052613798e+03
138.594053333400	1.6555264034037e+03
138.624032579200	1.6241205681092e+03
138.654011825000	1.5932004903880e+03
138.683991070800	1.5627786910455e+03
138.713970316600	1.5328674679060e+03
138.743949562400	1.5034788870172e+03
138.773928808200	1.4746247739582e+03
138.803908054000	1.4463167052603e+03
138.833887299800	1.4185659999472e+03
138.863866545600	1.3913837112022e+03
138.893845791400	1.3647806181696e+03
138.923825037200	1.3387672178975e+03
138.953804283000	1.3133537174291e+03
138.983783528800	1.2885500260499e+03
139.013762774600	1.2643657476973e+03
139.043742020400	1.2408101735399e+03
139.073721266200	1.2178922747329e+03
139.103700512000	1.1956206953572e+03
139.133679757800	1.1740037455470e+03
139.163659003600	1.1530493948150e+03
139.193638249400	1.1327652655787e+03
139.223617495200	1.1131586268968e+03
139.253596741000	1.0942363884188e+03
139.283575986800	1.0760050945571e+03
139.313555232600	1.0584709188846e+03
139.343534478400	1.0416396587648e+03
139.373513724200	1.0255167302197e+03
139.403492970000	1.0101071630410e+03
139.433472215800	9.9541559614950e+02
139.463451461600	9.8144627320737e+02
139.493430707400	9.6820303848903e+02
139.523409953200	9.5568933301455e+02
139.553389199000	9.4390819095010e+02
139.583368444800	9.3286223628002e+02
139.613347690600	9.2255367975411e+02
139.643326936400	9.1298431611441e+02
139.673306182200	9.0415552160479e+02
139.703285428000	8.9606825176687e+02
139.733264673800	8.8872303952560e+02
139.763243919600	8.8211999356724e+02
139.793223165400	8.7625879701266e+02
139.823202411200	8.7113870638850e+02
139.853181657000	8.6675855089836e+02
139.883160902800	8.6311673199625e+02
139.913140148600	8.6021122326390e+02
139.943119394400	8.5803957059378e+02
139.973098640200	8.5659889267893e+02
140.003077886000	8.5588588181087e+02
140.033057131800	8.5589680498634e+02
140.063036377600	8.5662750532346e+02
140.093015623400	8.5807340378773e+02
140.122994869200	8.6022950122793e+02
140.152974115000	8.6309038072169e+02
140.182953360800	8.6665021023047e+02
140.212932606600	8.7090274556305e+02
140.242911852400	8.7584133364693e+02
140.272891098200	8.8145891610603e+02
140.302870344000	8.8774803314369e+02
140.332849589800	8.9470082772894e+02
140.362828835600	9.0230905008422e+02
140.392808081400	9.1056406247239e+02
140.422787327200	9.1945684428042e+02
140.452766573000	9.2897799739718e+02
140.482745818800	9.3911775188228e+02
140.512725064600	9.4986597192274e+02
140.542704310400	9.6121216207404e+02
140.572683556200	9.7314547378186e+02
140.602662802000	9.8565471218042e+02
140.632642047800	9.9872834316334e+02
140.662621293600	1.0123545007226e+03
140.692600539400	1.0265209945505e+03
140.722579785200	1.0412153179008e+03
140.752559031000	1.0564246557020e+03
140.782538276800	1.0721358929194e+03
140.812517522600	1.0883356231592e+03
140.842496768400	1.1050101575089e+03
140.872476014200	1.1221455336080e+03
140.902455260000	1.1397275249432e+03
140.932434505800	1.1577416503612e+03
140.962413751600	1.1761731837922e+03
140.992392997400	1.1950071641782e+03
141.022372243200	1.2142284055975e+03
141.052351489000	1.2338215075800e+03
141.082330734800	1.2537708656045e+03
141.112309980600	1.2740606817711e+03
141.142289226400	1.2946749756401e+03
141.172268472200	1.3155975952310e+03
141.202247718000	1.3368122281719e+03
141.232226963800	1.3583024129920e+03
141.262206209600	1.3800515505488e+03
141.292185455400	1.4020429155806e+03
141.322164701200	1.4242596683770e+03
141.352143947000	1.4466848665579e+03
141.382123192800	1.4693014769515e+03
141.412102438600	1.4920923875638e+03
141.442081684400	1.5150404196291e+03
141.472060930200	1.5381283397331e+03
141.502040176000	1.5613388719991e+03
141.532019421800	1.5846547103276e+03
141.561998667600	1.6080585306810e+03
141.591977913400	1.6315330034021e+03
141.621957159200	1.6550608055585e+03
141.651936405000	1.6786246333027e+03
141.681915650800	1.7022072142377e+03
141.711894896600	1.7257913197797e+03
141.741874142400	1.7493597775066e+03
141.771853388200	1.7728954834841e+03
141.801832634000	1.7963814145591e+03
141.831811879800	1.8198006406100e+03
141.861791125600	1.8431363367456e+03
141.891770371400	1.8663717954415e+03
141.921749617200	1.8894904386054e+03
141.951728863000	1.9124758295613e+03
141.981708108800	1.9353116849425e+03
142.011687354600	1.9579818864852e+03
142.041666600400	1.9804704927116e+03
142.071645846200	2.0027617504943e+03
142.101625092000	2.0248401064926e+03
142.131604337800	2.0466902184502e+03
142.161583583600	2.0682969663473e+03
142.191562829400	2.0896454633961e+03
142.221542075200	2.1107210668715e+03
142.251521321000	2.1315093887689e+03
142.281500566800	2.1519963062790e+03
142.311479812600	2.1721679720720e+03
142.341459058400	2.1920108243831e+03
142.371438304200	2.2115115968895e+03
142.401417550000	2.2306573283724e+03
142.431396795800	2.2494353721558e+03
142.461376041600	2.2678334053127e+03
142.491355287400	2.2858394376336e+03
142.521334533200	2.3034418203479e+03
142.551313779000	2.3206292545922e+03
142.581293024800	2.3373907996170e+03
142.611272270600	2.3537158807270e+03
142.641251516400	2.3695942969467e+03
142.671230762200	2.3850162284056e+03
142.701210008000	2.3999722434366e+03
142.731189253800	2.4144533053820e+03
142.761168499600	2.4284507791010e+03
142.791147745400	2.4419564371731e+03
142.821126991200	2.4549624657928e+03
142.851106237000	2.4674614703499e+03
142.881085482800	2.4794464806912e+03
142.911064728600	2.4909109560586e+03
142.941043974400	2.5018487897001e+03
142.971023220200	2.5122543131491e+03
143.001002466000	2.5221223001680e+03
143.030981711800	2.5314479703545e+03
143.060960957600	2.5402269924050e+03
143.090940203400	2.5484554870339e+03
143.120919449200	2.5561300295460e+03
143.150898695000	2.5632476520596e+03
143.180877940800	2.5698058453773e+03
143.210857186600	2.5758025605048e+03
143.240836432400	2.5812362098152e+03
143.270815678200	2.5861056678563e+03
143.300794924000	2.5904102718037e+03
143.330774169800	2.5941498215551e+03
143.360753415600	2.5973245794681e+03
143.390732661400	2.5999352697416e+03
143.420711907200	2.6019830774393e+03
143.450691153000	2.6034696471582e+03
143.480670398800	2.6043970813413e+03
143.510649644600	2.6047679382375e+03
143.540628890400	2.6045852295077e+03
143.570608136200	2.6038524174828e+03
143.600587382000	2.6025734120713e+03
143.630566627800	2.6007525673226e+03
143.660545873600	2.5983946776470e+03
143.690525119400	2.5955049736957e+03
143.720504365200	2.5920891179038e+03
143.750483611000	2.5881531997014e+03
143.780462856800	2.5837037303946e+03
143.810442102600	2.5787476377218e+03
143.840421348400	2.5732922600899e+03
143.870400594200	2.5673453404944e+03
143.900379840000	2.5609150201290e+03
143.930359085800	2.5540098316895e+03
143.960338331600	2.5466386923778e+03
143.990317577400	2.5388108966118e+03
144.020296823200	2.5305361084469e+03
144.050276069000	2.5218243537159e+03
144.080255314800	2.5126860118931e+03
144.110234560600	2.5031318076902e+03
144.140213806400	2.4931728023900e+03
144.170193052200	2.4828203849263e+03
144.200172298000	2.4720862627162e+03
144.230151543800	2.4609824522529e+03
144.260130789600	2.4495212694675e+03
144.290110035400	2.4377153198668e+03
144.320089281200	2.4255774884557e+03
144.350068527000	2.4131209294530e+03
144.380047772800	2.4003590558084e+03
144.410027018600	2.3873055285306e+03
144.440006264400	2.3739742458341e+03
144.469985510200	2.3603793321146e+03
144.499964756000	2.3465351267621e+03
144.529944001800	2.3324561728209e+03
144.559923247600	2.3181572055064e+03
144.589902493400	2.3036531405874e+03
144.619881739200	2.2889590626444e+03
144.649860985000	2.2740902132141e+03
144.679840230800	2.2590619788287e+03
144.709819476600	2.2438898789611e+03
144.739798722400	2.2285895538861e+03
144.769777968200	2.2131767524666e+03
144.799757214000	2.1976673198772e+03
144.829736459800	2.1820771852725e+03
144.859715705600	2.1664223494136e+03
144.889694951400	2.1507188722608e+03
144.919674197200	2.1349828605439e+03
144.949653443000	2.1192304553205e+03
144.979632688800	2.1034778195323e+03
145.009611934600	2.0877411255701e+03
145.039591180400	2.0720365428582e+03
145.069570426200	2.0563802254676e+03
145.099549672000	2.0407882997697e+03
145.129528917800	2.0252768521390e+03
145.159508163600	2.0098619167178e+03
145.189487409400	1.9945594632494e+03
145.219466655200	1.9793853849939e+03
145.249445901000	1.9643554867333e+03
145.279425146800	1.9494854728784e+03
145.309404392600	1.9347909356853e+03
145.339383638400	1.9202873435929e+03
145.369362884200	1.9059900296908e+03
145.399342130000	1.8919141803258e+03
145.429321375800	1.8780748238582e+03
145.459300621600	1.8644868195763e+03
145.489279867400	1.8511648467783e+03
145.519259113200	1.8381233940309e+03
145.549238359000	1.8253767486126e+03
145.579217604800	1.8129389861517e+03
145.609196850600	1.8008239604664e+03
145.639176096400	1.7890452936156e+03
145.669155342200	1.7776163661692e+03
145.699134588000	1.7665503077041e+03
145.729113833800	1.7558599875357e+03
145.759093079600	1.7455580056914e+03
145.789072325400	1.7356566841323e+03
145.819051571200	1.7261680582328e+03
145.849030817000	1.7171038685222e+03
145.879010062800	1.7084755526967e+03
145.908989308600	1.7002942379069e+03
145.938968554400	1.6925707333286e+03
145.968947800200	1.6853155230203e+03
145.998927046000	1.6785387590749e+03
146.028906291800	1.6722502550710e+03
146.058885537600	1.6664594798268e+03
146.088864783400	1.6611755514639e+03
146.118844029200	1.6564072317834e+03
146.148823275000	1.6521629209604e+03
146.178802520800	1.6484506525590e+03
146.208781766600	1.6452780888724e+03
146.238761012400	1.6426525165919e+03
146.268740258200	1.6405808428066e+03
146.298719504000	1.6390695913369e+03
146.328698749800	1.6381248994060e+03
146.358677995600	1.6377525146480e+03
146.388657241400	1.6379577924581e+03
146.418636487200	1.6387456936840e+03
146.448615733000	1.6401207826607e+03
146.478594978800	1.6420872255894e+03
146.508574224600	1.6446487892612e+03
146.538553470400	1.6478088401254e+03
146.568532716200	1.6515703437034e+03
146.598511962000	1.6559358643467e+03
146.628491207800	1.6609075653388e+03
146.658470453600	1.6664872093406e+03
146.688449699400	1.6726761591773e+03
146.718428945200	1.6794753789649e+03
146.748408191000	1.6868854355762e+03
146.778387436800	1.6949065004416e+03
146.808366682600	1.7035383516842e+03
146.838345928400	1.7127803765858e+03
146.868325174200	1.7226315743801e+03
146.898304420000	1.7330905593707e+03
146.928283665800	1.7441555643695e+03
146.958262911600	1.7558244444521e+03
146.988242157400	1.7680946810254e+03
147.018221403200	1.7809633862031e+03
147.048200649000	1.7944273074847e+03
147.078179894800	1.8084828327323e+03
147.108159140600	1.8231259954402e+03
147.138138386400	1.8383524802915e+03
147.168117632200	1.8541576289964e+03
147.198096878000	1.8705364464054e+03
147.228076123800	1.8874836068911e+03
147.258055369600	1.9049934609929e+03
147.288034615400	1.9230600423164e+03
147.318013861200	1.9416770746817e+03
147.347993107000	1.9608379795128e+03
147.377972352800	1.9805358834600e+03
147.407951598600	2.0007636262492e+03
147.437930844400	2.0215137687485e+03
147.467910090200	2.0427786012451e+03
147.497889336000	2.0645501519238e+03
147.527868581800	2.0868201955393e+03
147.557847827600	2.1095802622720e+03
147.587827073400	2.1328216467609e+03
147.617806319200	2.1565354173032e+03
147.647785565000	2.1807124252111e+03
147.677764810800	2.2053433143184e+03
147.707744056600	2.2304185306258e+03
147.737723302400	2.2559283320765e+03
147.767702548200	2.2818627984519e+03
147.797681794000	2.3082118413784e+03
147.827661039800	2.3349652144352e+03
147.857640285600	2.3621125233530e+03
147.887619531400	2.3896432362944e+03
147.917598777200	2.4175466942051e+03
147.947578023000	2.4458121212275e+03
147.977557268800	2.4744286351641e+03
148.007536514600	2.5033852579835e+03
148.037515760400	2.5326709263563e+03
148.067495006200	2.5622745022130e+03
148.097474252000	2.5921847833118e+03
148.127453497800	2.6223905138077e+03
148.157432743600	2.6528803948115e+03
148.187411989400	2.6836430949302e+03
148.217391235200	2.7146672607765e+03
148.247370481000	2.7459415274397e+03
148.277349726800	2.7774545289065e+03
148.307328972600	2.8091949084222e+03
148.337308218400	2.8411513287825e+03
148.367287464200	2.8733124825465e+03
148.397266710000	2.9056671021600e+03
148.427245955800	2.9382039699811e+03
148.457225201600	2.9709119281977e+03
148.487204447400	3.0037798886274e+03
148.517183693200	3.0367968423913e+03
148.547162939000	3.0699518694513e+03
148.577142184800	3.1032341480041e+03
148.607121430600	3.1366329637206e+03
148.637100676400	3.1701377188237e+03
148.667079922200	3.2037379409954e+03
148.697059168000	3.2374232921051e+03
148.727038413800	3.2711835767507e+03
148.757017659600	3.3050087506047e+03
148.786996905400	3.3388889285579e+03
148.816976151200	3.3728143926520e+03
148.846955397000	3.4067755997957e+03
148.876934642800	3.4407631892552e+03
148.906913888600	3.4747679899133e+03
148.936893134400	3.5087810272902e+03
148.966872380200	3.5427935303203e+03
148.996851626000	3.5767969378765e+03
149.026830871800	3.6107829050396e+03
149.056810117600	3.6447433091041e+03
149.086789363400	3.6786702553164e+03
149.116768609200	3.7125560823401e+03
149.146747855000	3.7463933674435e+03
149.176727100800	3.7801749314043e+03
149.206706346600	3.8138938431286e+03
149.236685592400	3.8475434239773e+03
149.266664838200	3.8811172518001e+03
149.296644084000	3.9146091646701e+03
149.326623329800	3.9480132643180e+03
149.356602575600	3.9813239192622e+03
149.386581821400	4.0145357676323e+03
149.416561067200	4.0476437196846e+03
149.446540313000	4.0806429600059e+03
149.476519558800	4.1135289494061e+03
149.506498804600	4.1462974264967e+03
149.536478050400	4.1789444089545e+03
149.566457296200	4.2114661944713e+03
149.596436542000	4.2438593613863e+03
149.626415787800	4.2761207690042e+03
149.656395033600	4.3082475575971e+03
149.686374279400	4.3402371480920e+03
149.716353525200	4.3720872414441e+03
149.746332771000	4.4037958176974e+03
149.776312016800	4.4353611347343e+03
149.806291262600	4.4667817267149e+03
149.836270508400	4.4980564022103e+03
149.866249754200	4.5291842420296e+03
149.896229000000	4.5601645967460e+03
149.926208245800	4.5909970839227e+03
149.956187491600	4.6216815850436e+03
149.986166737400	4.6522182421520e+03
150.016145983200	4.6826074542004e+03
150.046125229000	4.7128498731165e+03
150.076104474800	4.7429463995905e+03
150.106083720600	4.7728981785859e+03
150.136062966400	4.8027065945824e+03
150.166042212200	4.8323732665533e+03
150.196021458000	4.8619000426840e+03
150.226000703800	4.8912889948388e+03
150.255979949600	4.9205424127789e+03
150.285959195400	4.9496627981419e+03
150.315938441200	4.9786528581858e+03
150.345917687000	5.0075154993068e+03
150.375896932800	5.0362538203370e+03
150.405876178600	5.0648711056291e+03
150.435855424400	5.0933708179358e+03
150.465834670200	5.1217565910926e+03
150.495813916000	5.1500322225095e+03
150.525793161800	5.1782016654829e+03
150.555772407600	5.2062690213329e+03
150.585751653400	5.2342385313767e+03
150.615730899200	5.2621145687462e+03
150.645710145000	5.2899016300572e+03
150.675689390800	5.3176043269418e+03
150.705668636600	5.3452273774505e+03
150.735647882400	5.3727755973351e+03
150.765627128200	5.4002538912209e+03
150.795606374000	5.4276672436775e+03
150.825585619800	5.4550207101988e+03
150.855564865600	5.4823194081007e+03
150.885544111400	5.5095685073477e+03
150.915523357200	5.5367732213163e+03
150.945502603000	5.5639387975075e+03
150.975481848800	5.5910705082162e+03
151.005461094600	5.6181736411696e+03
151.035440340400	5.6452534901430e+03
151.065419586200	5.6723153455638e+03
151.095398832000	5.6993644851145e+03
151.125378077800	5.7264061643439e+03
151.155357323600	5.7534456072970e+03
151.185336569400	5.7804879971741e+03
151.215315815200	5.8075384670290e+03
151.245295061000	5.8346020905160e+03
151.275274306800	5.8616838726968e+03
151.305253552600	5.8887887409167e+03
151.335232798400	5.9159215357597e+03
151.365212044200	5.9430870020934e+03
151.395191290000	5.9702897802131e+03
151.425170535800	5.9975343970941e+03
151.455149781600	6.0248252577636e+03
151.485129027400	6.0521666367999e+03
151.515108273200	6.0795626699699e+03
151.545087519000	6.1070173460125e+03
151.575066764800	6.1345344985798e+03
151.605046010600	6.1621177983413e+03
151.635025256400	6.1897707452644e+03
151.665004502200	6.2174966610757e+03
151.694983748000	6.2452986819152e+03
151.724962993800	6.2731797511894e+03
151.754942239600	6.3011426126327e+03
151.784921485400	6.3291898035846e+03
151.814900731200	6.3573236484908e+03
151.844879977000	6.3855462526358e+03
151.874859222800	6.4138594961137e+03
151.904838468600	6.4422650280459e+03
151.934817714400	6.4707642610506e+03
151.964796960200	6.4993583659723e+03
151.994776206000	6.5280482668772e+03
152.024755451800	6.5568346363209e+03
152.054734697600	6.5857178908935e+03
152.084713943400	6.6146981870489e+03
152.114693189200	6.6437754172233e+03
152.144672435000	6.6729492062470e+03
152.174651680800	6.7022189080560e+03
152.204630926600	6.7315836027067e+03
152.234610172400	6.7610420936984e+03
152.264589418200	6.7905929056072e+03
152.294568664000	6.8202342820354e+03
152.324547909800	6.8499641838793e+03
152.354527155600	6.8797802879186e+03
152.384506401400	6.9096799857302e+03
152.414485647200	6.9396603829285e+03
152.444464893000	6.9697182987341e+03
152.474444138800	6.9998502658735e+03
152.504423384600	7.0300525308101e+03
152.534402630400	7.0603210543082e+03
152.564381876200	7.0906515123307e+03
152.594361122000	7.1210392972707e+03
152.624340367800	7.1514795195173e+03
152.654319613600	7.1819670093551e+03
152.684298859400	7.2124963191968e+03
152.714278105200	7.2430617261489e+03
152.744257351000	7.2736572349072e+03
152.774236596800	7.3042765809825e+03
152.804215842600	7.3349132342542e+03
152.834195088400	7.3655604028483e+03
152.864174334200	7.3962110373384e+03
152.894153580000	7.4268578352668e+03
152.924132825800	7.4574932459816e+03
152.954112071600	7.4881094757872e+03
152.984091317400	7.5186984934034e+03
153.014070563200	7.5492520357296e+03
153.044049809000	7.5797616139094e+03
153.074029054800	7.6102185196903e+03
153.104008300600	7.6406138320742e+03
153.133987546400	7.6709384242525e+03
153.163966792200	7.7011829708203e+03
153.193946038000	7.7313379552636e+03
153.223925283800	7.7613936777138e+03
153.253904529600	7.7913402629617e+03
153.283883775400	7.8211676687248e+03
153.313863021200	7.8508656941615e+03
153.343842267000	7.8804239886224e+03
153.373821512800	7.9098320606343e+03
153.403800758600	7.9390792871057e+03
153.433780004400	7.9681549227481e+03
153.463759250200	7.9970481097032e+03
153.493738496000	8.0257478873678e+03
153.523717741800	8.0542432024078e+03
153.553696987600	8.0825229189517e+03
153.583676233400	8.1105758289544e+03
153.613655479200	8.1383906627220e+03
153.643634725000	8.1659560995881e+03
153.673613970800	8.1932607787306e+03
153.703593216600	8.2202933101207e+03
153.733572462400	8.2470422855920e+03
153.763551708200	8.2734962900208e+03
153.793530954000	8.2996439126064e+03
153.823510199800	8.3254737582407e+03
153.853489445600	8.3509744589563e+03
153.883468691400	8.3761346854432e+03
153.913447937200	8.4009431586207e+03
153.943427183000	8.4253886612566e+03
153.973406428800	8.4494600496194e+03
154.003385674600	8.4731462651548e+03
154.033364920400	8.4964363461732e+03
154.063344166200	8.5193194395379e+03
154.093323412000	8.5417848123427e+03
154.123302657800	8.5638218635660e+03
154.153281903600	8.5854201356922e+03
154.183261149400	8.6065693262868e+03
154.213240395200	8.6272592995144e+03
154.243219641000	8.6474800975891e+03
154.273198886800	8.6672219521440e+03
154.303178132600	8.6864752955099e+03
154.333157378400	8.7052307718909e+03
154.363136624200	8.7234792484259e+03
154.393115870000	8.7412118261250e+03
154.423095115800	8.7584198506686e+03
154.453074361600	8.7750949230596e+03
154.483053607400	8.7912289101157e+03
154.513032853200	8.8068139547931e+03
154.543012099000	8.8218424863288e+03
154.572991344800	8.8363072301922e+03
154.602970590600	8.8502012178349e+03
154.632949836400	8.8635177962278e+03
154.662929082200	8.8762506371766e+03
154.692908328000	8.8883937464043e+03
154.722887573800	8.8999414723916e+03
154.752866819600	8.9108885149650e+03
154.782846065400	8.9212299336237e+03
154.812825311200	8.9309611555956e+03
154.842804557000	8.9400779836126e+03
154.872783802800	8.9485766033985e+03
154.902763048600	8.9564535908582e+03
154.932742294400	8.9637059189616e+03
154.962721540200	8.9703309643139e+03
154.992700786000	8.9763265134036e+03
155.022680031800	8.9816907685211e+03
155.052659277600	8.9864223533408e+03
155.082638523400	8.9905203181596e+03
155.112617769200	8.9939841447844e+03
155.142597015000	8.9968137510629e+03
155.172576260800	8.9990094950509e+03
155.202555506600	9.0005721788116e+03
155.232534752400	9.0015030518390e+03
155.262513998200	9.0018038141025e+03
155.292493244000	9.0014766187069e+03
155.322472489800	9.0005240741628e+03
155.352451735600	8.9989492462643e+03
155.382430981400	8.9967556595686e+03
155.412410227200	8.9939472984762e+03
155.442389473000	8.9905286079060e+03
155.472368718800	8.9865044935647e+03
155.502347964600	8.9818803218065e+03
155.532327210400	8.9766619190822e+03
155.562306456200	8.9708555709751e+03
155.592285702000	8.9644680208228e+03
155.622264947800	8.9575064679239e+03
155.652244193600	8.9499785653291e+03
155.682223439400	8.9418924172163e+03
155.712202685200	8.9332565758500e+03
155.742181931000	8.9240800381252e+03
155.772161176800	8.9143722416973e+03
155.802140422600	8.9041430606993e+03
155.832119668400	8.8934028010468e+03
155.862098914200	8.8821621953349e+03
155.892078160000	8.8704323973273e+03
155.922057405800	8.8582249760423e+03
155.952036651600	8.8455519094371e+03
155.982015897400	8.8324255776957e+03
156.011995143200	8.8188587561230e+03
156.041974389000	8.8048646076503e+03
156.071953634800	8.7904566749562e+03
156.101932880600	8.7756488722080e+03
156.131912126400	8.7604554764304e+03
156.161891372200	8.7448911185044e+03
156.191870618000	8.7289707738055e+03
156.221849863800	8.7127097524859e+03
156.251829109600	8.6961236894078e+03
156.281808355400	8.6792285337352e+03
156.311787601200	8.6620405381918e+03
156.341766847000	8.6445762479919e+03
156.371746092800	8.6268524894539e+03
156.401725338600	8.6088863583030e+03
156.431704584400	8.5906952076736e+03
156.461683830200	8.5722966358193e+03
156.491663076000	8.5537084735403e+03
156.521642321800	8.5349487713374e+03
156.551621567600	8.5160357863030e+03
156.581600813400	8.4969879687593e+03
156.611580059200	8.4778239486533e+03
156.641559305000	8.4585625217201e+03
156.671538550800	8.4392226354255e+03
156.701517796600	8.4198233746981e+03
156.731497042400	8.4003839474634e+03
156.761476288200	8.3809236699909e+03
156.791455534000	8.3614619520660e+03
156.821434779800	8.3420182819990e+03
156.851414025600	8.3226122114829e+03
156.881393271400	8.3032633403133e+03
156.911372517200	8.2839913009817e+03
156.941351763000	8.2648157431561e+03
156.971331008800	8.2457563180604e+03
157.001310254600	8.2268326627674e+03
157.031289500400	8.2080643844165e+03
157.061268746200	8.1894710443706e+03
157.091247992000	8.1710721423255e+03
157.121227237800	8.1528871003841e+03
157.151206483600	8.1349352471104e+03
157.181185729400	8.1172358015753e+03
157.211164975200	8.0998078574095e+03
157.241144221000	8.0826703668755e+03
157.271123466800	8.0658421249730e+03
157.301102712600	8.0493417535918e+03
157.331081958400	8.0331876857260e+03
157.361061204200	8.0173981497614e+03
157.391040450000	8.0019911538523e+03
157.421019695800	7.9869844703999e+03
157.450998941600	7.9723956206455e+03
157.480978187400	7.9582418593937e+03
157.510957433200	7.9445401598771e+03
157.540936679000	7.9313071987775e+03
157.570915924800	7.9185593414162e+03
157.600895170600	7.9063126271262e+03
157.630874416400	7.8945827548207e+03
157.660853662200	7.8833850687692e+03
157.690832908000	7.8727345445953e+03
157.720812153800	7.8626457755089e+03
157.750791399600	7.8531329587841e+03
157.780770645400	7.8442098824963e+03
157.810749891200	7.8358899125306e+03
157.840729137000	7.8281859798727e+03
157.870708382800	7.8211105681952e+03
157.900687628600	7.8146757017497e+03
157.930666874400	7.8088929335769e+03
157.960646120200	7.8037733340453e+03
157.990625366000	7.7993274797299e+03
158.020604611800	7.7955654426406e+03
158.050583857600	7.7924967798117e+03
158.080563103400	7.7901305232617e+03
158.110542349200	7.7884751703338e+03
158.140521595000	7.7875386744258e+03
158.170500840800	7.7873284361194e+03
158.200480086600	7.7878512947178e+03
158.230459332400	7.7891135201988e+03
158.260438578200	7.7911208055934e+03
158.290417824000	7.7938782597967e+03
158.320397069800	7.7973904008187e+03
158.350376315600	7.8016611494825e+03
158.380355561400	7.8066938235770e+03
158.410334807200	7.8124911324694e+03
158.440314053000	7.8190551721851e+03
158.470293298800	7.8263874209590e+03
158.500272544600	7.8344887352660e+03
158.530251790400	7.8433593463323e+03
158.560231036200	7.8529988571355e+03
158.590210282000	7.8634062398950e+03
158.620189527800	7.8745798340576e+03
158.650168773600	7.8865173447822e+03
158.680148019400	7.8992158419250e+03
158.710127265200	7.9126717595288e+03
158.740106511000	7.9268808958184e+03
158.770085756800	7.9418384137037e+03
158.800065002600	7.9575388417911e+03
158.830044248400	7.9739760759054e+03
158.860023494200	7.9911433811208e+03
158.890002740000	8.0090333943031e+03
158.919981985800	8.0276381271605e+03
158.949961231600	8.0469489698038e+03
158.979940477400	8.0669566948137e+03
159.009919723200	8.0876514618136e+03
159.039898969000	8.1090228225466e+03
159.069878214800	8.1310597264525e+03
159.099857460600	8.1537505267432e+03
159.129836706400	8.1770829869725e+03
159.159815952200	8.2010442880965e+03
159.189795198000	8.2256210360200e+03
159.219774443800	8.2507992696245e+03
159.249753689600	8.2765644692731e+03
159.279732935400	8.3029015657857e+03
159.309712181200	8.3297949498794e+03
159.339691427000	8.3572284820677e+03
159.369670672800	8.3851855030115e+03
159.399649918600	8.4136488443147e+03
159.429629164400	8.4426008397571e+03
159.459608410200	8.4720233369566e+03
159.489587656000	8.5018977094531e+03
159.519566901800	8.5322048692034e+03
159.549546147600	8.5629252794813e+03
159.579525393400	8.5940389681698e+03
159.609504639200	8.6255255414397e+03
159.639483885000	8.6573641978008e+03
159.669463130800	8.6895337425174e+03
159.699442376600	8.7220126023780e+03
159.729421622400	8.7547788408055e+03
159.759400868200	8.7878101732994e+03
159.789380114000	8.8210839831968e+03
159.819359359800	8.8545773377406e+03
159.849338605600	8.8882670044426e+03
159.879317851400	8.9221294677296e+03
159.909297097200	8.9561409458587e+03
159.939276343000	8.9902774080901e+03
159.969255588800	9.0245145921029e+03
159.999234834600	9.0588280216414e+03
160.029214080400	9.0931930243779e+03
160.059193326200	9.1275847499777e+03
160.089172572000	9.1619781883531e+03
160.119151817800	9.1963481880914e+03
160.149131063600	9.2306694750428e+03
160.179110309400	9.2649166710532e+03
160.209089555200	9.2990643128285e+03
160.239068801000	9.3330868709128e+03
160.269048046800	9.3669587687692e+03
160.299027292600	9.4006544019444e+03
160.329006538400	9.4341481573047e+03
160.358985784200	9.4674144323266e+03
160.388965030000	9.5004276544266e+03
160.418944275800	9.5331623003165e+03
160.448923521600	9.5655929153655e+03
160.478902767400	9.5976941329573e+03
160.508882013200	9.6294406938238e+03
160.538861259000	9.6608074653413e+03
160.568840504800	9.6917694607730e+03
160.598819750600	9.7223018584430e+03
160.628798996400	9.7523800208255e+03
160.658778242200	9.7819795135339e+03
160.688757488000	9.8110761241954e+03
160.718736733800	9.8396458811939e+03
160.748715979600	9.8676650722682e+03
160.778695225400	9.8951102629479e+03
160.808674471200	9.9219583148141e+03
160.838653717000	9.9481864035694e+03
160.868632962800	9.9737720369006e+03
160.898612208600	9.9986930721230e+03
160.928591454400	1.0022927733588e+04
160.958570700200	1.0046454629842e+04
160.988549946000	1.0069252770523e+04
161.018529191800	1.0091301582978e+04
161.048508437600	1.0112580928592e+04
161.078487683400	1.0133071118808e+04
161.108466929200	1.0152752930833e+04
161.138446175000	1.0171607623014e+04
161.168425420800	1.0189616949864e+04
161.198404666600	1.0206763176739e+04
161.228383912400	1.0223029094144e+04
161.258363158200	1.0238398031655e+04
161.288342404000	1.0252853871453e+04
161.318321649800	1.0266381061453e+04
161.348300895600	1.0278964628018e+04
161.378280141400	1.0290590188250e+04
161.408259387200	1.0301243961841e+04
161.438238633000	1.0310912782480e+04
161.468217878800	1.0319584108807e+04
161.498197124600	1.0327246034899e+04
161.528176370400	1.0333887300279e+04
161.558155616200	1.0339497299455e+04
161.588134862000	1.0344066090949e+04
161.618114107800	1.0347584405846e+04
161.648093353600	1.0350043655824e+04
161.678072599400	1.0351435940678e+04
161.708051845200	1.0351754055321e+04
161.738031091000	1.0350991496260e+04
161.768010336800	1.0349142467537e+04
161.797989582600	1.0346201886143e+04
161.827968828400	1.0342165386873e+04
161.857948074200	1.0337029326654e+04
161.887927320000	1.0330790788305e+04
161.917906565800	1.0323447583751e+04
161.947885811600	1.0314998256683e+04
161.977865057400	1.0305442084648e+04
162.007844303200	1.0294779080584e+04
162.037823549000	1.0283009993788e+04
162.067802794800	1.0270136310321e+04
162.097782040600	1.0256160252840e+04
162.127761286400	1.0241084779867e+04
162.157740532200	1.0224913584497e+04
162.187719778000	1.0207651092526e+04
162.217699023800	1.0189302460023e+04
162.247678269600	1.0169873570339e+04
162.277657515400	1.0149371030545e+04
162.307636761200	1.0127802167317e+04
162.337616007000	1.0105175022262e+04
162.367595252800	1.0081498346687e+04
162.397574498600	1.0056781595823e+04
162.427553744400	1.0031034922498e+04
162.457532990200	1.0004269170270e+04
162.487512236000	9.9764958660198e+03
162.517491481800	9.9477272120219e+03
162.547470727600	9.9179760774783e+03
162.577449973400	9.8872559895407e+03
162.607429219200	9.8555811238172e+03
162.637408465000	9.8229662943752e+03
162.667387710800	9.7894269432454e+03
162.697366956600	9.7549791294367e+03
162.727346202400	9.7196395174700e+03
162.757325448200	9.6834253654383e+03
162.787304694000	9.6463545126047e+03
162.817283939800	9.6084453665455e+03
162.847263185600	9.5697168898501e+03
162.877242431400	9.5301885863862e+03
162.907221677200	9.4898804871431e+03
162.937200923000	9.4488131356619e+03
162.967180168800	9.4070075730654e+03
162.997159414600	9.3644853226991e+03
163.027138660400	9.3212683743942e+03
163.057117906200	9.2773791683665e+03
163.087097152000	9.2328405787630e+03
163.117076397800	9.1876758968684e+03
163.147055643600	9.1419088139859e+03
163.177034889400	9.0955634040051e+03
163.207014135200	9.0486641056704e+03
163.236993381000	9.0012357045646e+03
163.266972626800	8.9533033148211e+03
163.296951872600	8.9048923605791e+03
163.326931118400	8.8560285571980e+03
163.356910364200	8.8067378922426e+03
163.386889610000	8.7570466062575e+03
163.416868855800	8.7069811733440e+03
163.446848101600	8.6565682815547e+03
163.476827347400	8.6058348131221e+03
163.506806593200	8.5548078245369e+03
163.536785839000	8.5035145264906e+03
163.566765084800	8.4519822636994e+03
163.596744330600	8.4002384946252e+03
163.626723576400	8.3483107711088e+03
163.656702822200	8.2962267179329e+03
163.686682068000	8.2440140123295e+03
163.716661313800	8.1917003634500e+03
163.746640559600	8.1393134918114e+03
163.776619805400	8.0868811087376e+03
163.806599051200	8.0344308958106e+03
163.836578297000	7.9819904843486e+03
163.866557542800	7.9295874349262e+03
163.896536788600	7.8772492169544e+03
163.926516034400	7.8250031883354e+03
163.956495280200	7.7728765752093e+03
163.986474526000	7.7208964518075e+03
164.016453771800	7.6690897204298e+03
164.046433017600	7.6174830915613e+03
164.076412263400	7.5661030641437e+03
164.106391509200	7.5149759060174e+03
164.136370755000	7.4641276345501e+03
164.166350000800	7.4135839974664e+03
164.196329246600	7.3633704538946e+03
164.226308492400	7.3135121556451e+03
164.256287738200	7.2640339287352e+03
164.286266984000	7.2149602551752e+03
164.316246229800	7.1663152550301e+03
164.346225475600	7.1181226687709e+03
164.376204721400	7.0704058399302e+03
164.406183967200	7.0231876980745e+03
164.436163213000	6.9764907421078e+03
164.466142458800	6.9303370239194e+03
164.496121704600	6.8847481323887e+03
164.526100950400	6.8397451777591e+03
164.556080196200	6.7953487763945e+03
164.586059442000	6.7515790359297e+03
164.616038687800	6.7084555408257e+03
164.646017933600	6.6659973383428e+03
164.675997179400	6.6242229249416e+03
164.705976425200	6.5831502331223e+03
164.735955671000	6.5427966187133e+03
164.765934916800	6.5031788486186e+03
164.795914162600	6.4643130890345e+03
164.825893408400	6.4262148941423e+03
164.855872654200	6.3888991952900e+03
164.885851900000	6.3523802906667e+03
164.915831145800	6.3166718354814e+03
164.945810391600	6.2817868326523e+03
164.975789637400	6.2477376240132e+03
165.005768883200	6.2145358820453e+03
165.035748129000	6.1821926021397e+03
165.065727374800	6.1507180953965e+03
165.095706620600	6.1201219819668e+03
165.125685866400	6.0904131849416e+03
165.155665112200	6.0615999247933e+03
165.185644358000	6.0336897143731e+03
165.215623603800	6.0066893544679e+03
165.245602849600	5.9806049299215e+03
165.275582095400	5.9554418063207e+03
165.305561341200	5.9312046272502e+03
165.335540587000	5.9078973121179e+03
165.365519832800	5.8855230545515e+03
165.395499078600	5.8640843213676e+03
165.425478324400	5.8435828521149e+03
165.455457570200	5.8240196591894e+03
165.485436816000	5.8053950285227e+03
165.515416061800	5.7877085208431e+03
165.545395307600	5.7709589735056e+03
165.575374553400	5.7551445028923e+03
165.605353799200	5.7402625073781e+03
165.635333045000	5.7263096708609e+03
165.665312290800	5.7132819668521e+03
165.695291536600	5.7011746631242e+03
165.725270782400	5.6899823269114e+03
165.755250028200	5.6796988306587e+03
165.785229274000	5.6703173583143e+03
165.815208519800	5.6618304121605e+03
165.845187765600	5.6542298201765e+03
165.875167011400	5.6475067439278e+03
165.905146257200	5.6416516869747e+03
165.935125503000	5.6366545037934e+03
165.965104748800	5.6325044092017e+03
165.995083994600	5.6291899882822e+03
166.025063240400	5.6266992067942e+03
166.055042486200	5.6250194220651e+03
166.085021732000	5.6241373943538e+03
166.115000977800	5.6240392986750e+03
166.144980223600	5.6247107370759e+03
166.174959469400	5.6261367513545e+03
166.204938715200	5.6283018362087e+03
166.234917961000	5.6311899528067e+03
166.264897206800	5.6347845427660e+03
166.294876452600	5.6390685425306e+03
166.324855698400	5.6440243981335e+03
166.354834944200	5.6496340803345e+03
166.384814190000	5.6558791001179e+03
166.414793435800	5.6627405245404e+03
166.444772681600	5.6701989929140e+03
166.474751927400	5.6782347333123e+03
166.504731173200	5.6868275793857e+03
166.534710419000	5.6959569874722e+03
166.564689664800	5.7056020539898e+03
166.594668910600	5.7157415330972e+03
166.624648156400	5.7263538546065e+03
166.654627402200	5.7374171421354e+03
166.684606648000	5.7489092314833e+03
166.714585893800	5.7608076892163e+03
166.744565139600	5.7730898314461e+03
166.774544385400	5.7857327427884e+03
166.804523631200	5.7987132954841e+03
166.834502877000	5.8120081686695e+03
166.864482122800	5.8255938677780e+03
166.894461368600	5.8394467440603e+03
166.924440614400	5.8535430142041e+03
166.954419860200	5.8678587800409e+03
166.984399106000	5.8823700483216e+03
167.014378351800	5.8970527505461e+03
167.044357597600	5.9118827628305e+03
167.074336843400	5.9268359257973e+03
167.104316089200	5.9418880644699e+03
167.134295335000	5.9570150081594e+03
167.164274580800	5.9721926103235e+03
167.194253826600	5.9873967683854e+03
167.224233072400	6.0026034434945e+03
167.254212318200	6.0177886802144e+03
167.284191564000	6.0329286261212e+03
167.314170809800	6.0479995512984e+03
167.344150055600	6.0629778677116e+03
167.374129301400	6.0778401484472e+03
167.404108547200	6.0925631468017e+03
167.434087793000	6.1071238152044e+03
167.464067038800	6.1214993239598e+03
167.494046284600	6.1356670797949e+03
167.524025530400	6.1496047441956e+03
167.554004776200	6.1632902515194e+03
167.583984022000	6.1767018268688e+03
167.613963267800	6.1898180037116e+03
167.643942513600	6.2026176412357e+03
167.673921759400	6.2150799414217e+03
167.703901005200	6.2271844658235e+03
167.733880251000	6.2389111520414e+03
167.763859496800	6.2502403298751e+03
167.793838742600	6.2611527371454e+03
167.823817988400	6.2716295351703e+03
167.853797234200	6.2816523238854e+03
167.883776480000	6.2912031565954e+03
167.913755725800	6.3002645543459e+03
167.943734971600	6.3088195199044e+03
167.973714217400	6.3168515513400e+03
168.003693463200	6.3243446551902e+03
168.033672709000	6.3312833592068e+03
168.063651954800	6.3376527246684e+03
168.093631200600	6.3434383582527e+03
168.123610446400	6.3486264234580e+03
168.153589692200	6.3532036515657e+03
168.183568938000	6.3571573521355e+03
168.213548183800	6.3604754230254e+03
168.243527429600	6.3631463599295e+03
168.273506675400	6.3651592654247e+03
168.303485921200	6.3665038575224e+03
168.333465167000	6.3671704777165e+03
168.363444412800	6.3671500985223e+03
168.393423658600	6.3664343305026e+03
168.423402904400	6.3650154287726e+03
168.453382150200	6.3628862989824e+03
168.483361396000	6.3600405027707e+03
168.513340641800	6.3564722626865e+03
168.543319887600	6.3521764665757e+03
168.573299133400	6.3471486714288e+03
168.603278379200	6.3413851066894e+03
168.633257625000	6.3348826770176e+03
168.663236870800	6.3276389645112e+03
168.693216116600	6.3196522303795e+03
168.723195362400	6.3109214160720e+03
168.753174608200	6.3014461438592e+03
168.783153854000	6.2912267168682e+03
168.813133099800	6.2802641185709e+03
168.843112345600	6.2685600117277e+03
168.873091591400	6.2561167367881e+03
168.903070837200	6.2429373097488e+03
168.933050083000	6.2290254194725e+03
168.963029328800	6.2143854244700e+03
168.993008574600	6.1990223491492e+03
169.022987820400	6.1829418795327e+03
169.052967066200	6.1661503584507e+03
169.082946312000	6.1486547802119e+03
169.112925557800	6.1304627847564e+03
169.142904803600	6.1115826512987e+03
169.172884049400	6.0920232914631e+03
169.202863295200	6.0717942419200e+03
169.232842541000	6.0509056565280e+03
169.262821786800	6.0293682979891e+03
169.292801032600	6.0071935290248e+03
169.322780278400	5.9843933030790e+03
169.352759524200	5.9609801545572e+03
169.382738770000	5.9369671886100e+03
169.412718015800	5.9123680704679e+03
169.442697261600	5.8871970143388e+03
169.472676507400	5.8614687718758e+03
169.502655753200	5.8351986202252e+03
169.532634999000	5.8084023496651e+03
169.562614244800	5.7810962508445e+03
169.592593490600	5.7532971016333e+03
169.622572736400	5.7250221535944e+03
169.652551982200	5.6962891180891e+03
169.682531228000	5.6671161520263e+03
169.712510473800	5.6375218432688e+03
169.742489719600	5.6075251957063e+03
169.772468965400	5.5771456140101e+03
169.802448211200	5.5464028880795e+03
169.832427457000	5.5153171771934e+03
169.862406702800	5.4839089938808e+03
169.892385948600	5.4521991875211e+03
169.922365194400	5.4202089276905e+03
169.952344440200	5.3879596872643e+03
169.982323686000	5.3554732252923e+03
170.012302931800	5.3227715696583e+03
170.042282177600	5.2898769995387e+03
170.072261423400	5.2568120276749e+03
170.102240669200	5.2235993824723e+03
170.132219915000	5.1902619899408e+03
170.162199160800	5.1568229554921e+03
170.192178406600	5.1233055456059e+03
170.222157652400	5.0897331693827e+03
170.252136898200	5.0561293599952e+03
170.282116144000	5.0225177560541e+03
170.312095389800	4.9889220829029e+03
170.342074635600	4.9553661338569e+03
170.372053881400	4.9218737514001e+03
170.402033127200	4.8884688083560e+03
170.432012373000	4.8551751890457e+03
170.461991618800	4.8220167704500e+03
170.491970864600	4.7890174033881e+03
170.521950110400	4.7562008937291e+03
170.551929356200	4.7235909836506e+03
170.581908602000	4.6912113329585e+03
170.611887847800	4.6590855004832e+03
170.641867093600	4.6272369255660e+03
170.671846339400	4.5956889096512e+03
170.701825585200	4.5644645979959e+03
170.731804831000	4.5335869615146e+03
170.761784076800	4.5030787787698e+03
170.791763322600	4.4729626181243e+03
170.821742568400	4.4432608200681e+03
170.851721814200	4.4139954797339e+03
170.881701060000	4.3851884296133e+03
170.911680305800	4.3568612224895e+03
170.941659551600	4.3290351145960e+03
170.971638797400	4.3017310490175e+03
171.001618043200	4.2749696393431e+03
171.031597289000	4.2487711535851e+03
171.061576534800	4.2231554983765e+03
171.091555780600	4.1981422034566e+03
171.121535026400	4.1737504064588e+03
171.151514272200	4.1499988380113e+03
171.181493518000	4.1269058071602e+03
171.211472763800	4.1044891871289e+03
171.241452009600	4.0827664014212e+03
171.271431255400	4.0617544102804e+03
171.301410501200	4.0414696975144e+03
171.331389747000	4.0219282576946e+03
171.361368992800	4.0031455837400e+03
171.391348238600	3.9851366548951e+03
171.421327484400	3.9679159251088e+03
171.451306730200	3.9514973118254e+03
171.481285976000	3.9358941851926e+03
171.511265221800	3.9211193576973e+03
171.541244467600	3.9071850742339e+03
171.571223713400	3.8941030026144e+03
171.601202959200	3.8818842245245e+03
171.631182205000	3.8705392269348e+03
171.661161450800	3.8600778939702e+03
171.691140696600	3.8505094992454e+03
171.721119942400	3.8418426986703e+03
171.751099188200	3.8340855237304e+03
171.781078434000	3.8272453752466e+03
171.811057679800	3.8213290176190e+03
171.841036925600	3.8163425735576e+03
171.871016171400	3.8122915193032e+03
171.900995417200	3.8091806803424e+03
171.930974663000	3.8070142276175e+03
171.960953908800	3.8057956742353e+03
171.990933154600	3.8055278726748e+03
172.020912400400	3.8062130124962e+03
172.050891646200	3.8078526185515e+03
172.080870892000	3.8104475496984e+03
172.110850137800	3.8139979980157e+03
172.140829383600	3.8185034885213e+03
172.170808629400	3.8239628793929e+03
172.200787875200	3.8303743626874e+03
172.230767121000	3.8377354655619e+03
172.260746366800	3.8460430519902e+03
172.290725612600	3.8552933249756e+03
172.320704858400	3.8654818292564e+03
172.350684104200	3.8766034545009e+03
172.380663350000	3.8886524389893e+03
172.410642595800	3.9016223737778e+03
172.440621841600	3.9155062073424e+03
172.470601087400	3.9302962506966e+03
172.500580333200	3.9459841829783e+03
172.530559579000	3.9625610575026e+03
172.560538824800	3.9800173082723e+03
172.590518070600	3.9983427569425e+03
172.620497316400	4.0175266202323e+03
172.650476562200	4.0375575177769e+03
172.680455808000	4.0584234804139e+03
172.710435053800	4.0801119588965e+03
172.740414299600	4.1026098330261e+03
172.770393545400	4.1259034211959e+03
172.800372791200	4.1499784903393e+03
172.830352037000	4.1748202662731e+03
172.860331282800	4.2004134444269e+03
172.890310528600	4.2267422009516e+03
172.920289774400	4.2537902041954e+03
172.950269020200	4.2815406265397e+03
172.980248266000	4.3099761565852e+03
173.010227511800	4.3390790116763e+03
173.040206757600	4.3688309507569e+03
173.070186003400	4.3992132875435e+03
173.100165249200	4.4302069040091e+03
173.130144495000	4.4617922641628e+03
173.160123740800	4.4939494281180e+03
173.190102986600	4.5266580664351e+03
173.220082232400	4.5598974747289e+03
173.250061478200	4.5936465885291e+03
173.280040724000	4.6278839983810e+03
173.310019969800	4.6625879651756e+03
173.339999215600	4.6977364356975e+03
173.369978461400	4.7333070583769e+03
173.399957707200	4.7692771992343e+03
173.429936953000	4.8056239580063e+03
173.459916198800	4.8423241844384e+03
173.489895444600	4.8793544947332e+03
173.519874690400	4.9166912881413e+03
173.549853936200	4.9543107636818e+03
173.579833182000	4.9921889369798e+03
173.609812427800	5.0303016572082e+03
173.639791673600	5.0686246241197e+03
173.669770919400	5.1071334051584e+03
173.699750165200	5.1458034526359e+03
173.729729411000	5.1846101209589e+03
173.759708656800	5.2235286838976e+03
173.789687902600	5.2625343518791e+03
173.819667148400	5.3016022892942e+03
173.849646394200	5.3407076318054e+03
173.879625640000	5.3798255036409e+03
173.909604885800	5.4189310348643e+03
173.939584131600	5.4579993786057e+03
173.969563377400	5.4970057282410e+03
173.999542623200	5.5359253345087e+03
174.029521869000	5.5747335225496e+03
174.059501114800	5.6134057088580e+03
174.089480360600	5.6519174181313e+03
174.119459606400	5.6902443000072e+03
174.149438852200	5.7283621456737e+03
174.179418098000	5.7662469043430e+03
174.209397343800	5.8038746995750e+03
174.239376589600	5.8412218454394e+03
174.269355835400	5.8782648625060e+03
174.299335081200	5.9149804936492e+03
174.329314327000	5.9513457196587e+03
174.359293572800	5.9873377746421e+03
174.389272818600	6.0229341612112e+03
174.419252064400	6.0581126654397e+03
174.449231310200	6.0928513715823e+03
174.479210556000	6.1271286765452e+03
174.509189801800	6.1609233040977e+03
174.539169047600	6.1942143188152e+03
174.569148293400	6.2269811397438e+03
174.599127539200	6.2592035537775e+03
174.629106785000	6.2908617287386e+03
174.659086030800	6.3219362261532e+03
174.689065276600	6.3524080137115e+03
174.719044522400	6.3822584774072e+03
174.749023768200	6.4114694333450e+03
174.779003014000	6.4400231392115e+03
174.808982259800	6.4679023053990e+03
174.838961505600	6.4950901057774e+03
174.868940751400	6.5215701881061e+03
174.898919997200	6.5473266840794e+03
174.928899243000	6.5723442189993e+03
174.958878488800	6.5966079210696e+03
174.988857734600	6.6201034303057e+03
175.018836980400	6.6428169070543e+03
175.048816226200	6.6647350401185e+03
175.078795472000	6.6858450544828e+03
175.108774717800	6.7061347186347e+03
175.138753963600	6.7255923514771e+03
175.168733209400	6.7442068288293e+03
175.198712455200	6.7619675895120e+03
175.228691701000	6.7788646410136e+03
175.258670946800	6.7948885647350e+03
175.288650192600	6.8100305208105e+03
175.318629438400	6.8242822525015e+03
175.348608684200	6.8376360901629e+03
175.378587930000	6.8500849547795e+03
175.408567175800	6.8616223610710e+03
175.438546421600	6.8722424201663e+03
175.468525667400	6.8819398418439e+03
175.498504913200	6.8907099363411e+03
175.528484159000	6.8985486157297e+03
175.558463404800	6.9054523948603e+03
175.588442650600	6.9114183918751e+03
175.618421896400	6.9164443282900e+03
175.648401142200	6.9205285286484e+03
175.678380388000	6.9236699197476e+03
175.708359633800	6.9258680294398e+03
175.738338879600	6.9271229850109e+03
175.768318125400	6.9274355111383e+03
175.798297371200	6.9268069274323e+03
175.828276617000	6.9252391455623e+03
175.858255862800	6.9227346659743e+03
175.888235108600	6.9192965741996e+03
175.918214354400	6.9149285367629e+03
175.948193600200	6.9096347966911e+03
175.978172846000	6.9034201686292e+03
176.008152091800	6.8962900335674e+03
176.038131337600	6.8882503331856e+03
176.068110583400	6.8793075638191e+03
176.098089829200	6.8694687700538e+03
176.128069075000	6.8587415379540e+03
176.158048320800	6.8471339879316e+03
176.188027566600	6.8346547672619e+03
176.218006812400	6.8213130422526e+03
176.247986058200	6.8071184900739e+03
176.277965304000	6.7920812902560e+03
176.307944549800	6.7762121158624e+03
176.337923795600	6.7595221243454e+03
176.367903041400	6.7420229480932e+03
176.397882287200	6.7237266846744e+03
176.427861533000	6.7046458867914e+03
176.457840778800	6.6847935519475e+03
176.487820024600	6.6641831118392e+03
176.517799270400	6.6428284214808e+03
176.547778516200	6.6207437480712e+03
176.577757762000	6.5979437596109e+03
176.607737007800	6.5744435132798e+03
176.637716253600	6.5502584435845e+03
176.667695499400	6.5254043502840e+03
176.697674745200	6.4998973861043e+03
176.727653991000	6.4737540442522e+03
176.757633236800	6.4469911457363e+03
176.787612482600	6.4196258265071e+03
176.817591728400	6.3916755244247e+03
176.847570974200	6.3631579660656e+03
176.877550220000	6.3340911533784e+03
176.907529465800	6.3044933501975e+03
176.937508711600	6.2743830686271e+03
176.967487957400	6.2437790553049e+03
176.997467203200	6.2127002775558e+03
177.027446449000	6.1811659094459e+03
177.057425694800	6.1491953177490e+03
177.087404940600	6.1168080478338e+03
177.117384186400	6.0840238094838e+03
177.147363432200	6.0508624626603e+03
177.177342678000	6.0173440032186e+03
177.207321923800	5.9834885485885e+03
177.237301169600	5.9493163234292e+03
177.267280415400	5.9148476452690e+03
177.297259661200	5.8801029101410e+03
177.327238907000	5.8451025782244e+03
177.357218152800	5.8098671595024e+03
177.387197398600	5.7744171994459e+03
177.417176644400	5.7387732647353e+03
177.447155890200	5.7029559290282e+03
177.477135136000	5.6669857587847e+03
177.507114381800	5.6308832991599e+03
177.537093627600	5.5946690599734e+03
177.567072873400	5.5583635017652e+03
177.597052119200	5.5219870219483e+03
177.627031365000	5.4855599410683e+03
177.657010610800	5.4491024891768e+03
177.686989856600	5.4126347923313e+03
177.716969102400	5.3761768592283e+03
177.746948348200	5.3397485679799e+03
177.776927594000	5.3033696530422e+03
177.806906839800	5.2670596923045e+03
177.836886085600	5.2308380943481e+03
177.866865331400	5.1947240858825e+03
177.896844577200	5.1587366993683e+03
177.926823823000	5.1228947608333e+03
177.956803068800	5.0872168778914e+03
177.986782314600	5.0517214279707e+03
178.016761560400	5.0164265467592e+03
178.046740806200	4.9813501168748e+03
178.076720052000	4.9465097567670e+03
178.106699297800	4.9119228098573e+03
178.136678543600	4.8776063339246e+03
178.166657789400	4.8435770907426e+03
178.196637035200	4.8098515359754e+03
178.226616281000	4.7764458093365e+03
178.256595526800	4.7433757250183e+03
178.286574772600	4.7106567623970e+03
178.316554018400	4.6783040570181e+03
178.346533264200	4.6463323918678e+03
178.376512510000	4.6147561889363e+03
178.406491755800	4.5835895010748e+03
178.436471001600	4.5528460041541e+03
178.466450247400	4.5225389895265e+03
178.496429493200	4.4926813567956e+03
178.526408739000	4.4632856068985e+03
178.556387984800	4.4343638355025e+03
178.586367230600	4.4059277267199e+03
178.616346476400	4.3779885471451e+03
178.646325722200	4.3505571402142e+03
178.676304968000	4.3236439208919e+03
178.706284213800	4.2972588706866e+03
178.736263459600	4.2714115329956e+03
178.766242705400	4.2461110087827e+03
178.796221951200	4.2213659525891e+03
178.826201197000	4.1971845688786e+03
178.856180442800	4.1735746087190e+03
178.886159688600	4.1505433667988e+03
178.916138934400	4.1280976787809e+03
178.946118180200	4.1062439189930e+03
178.976097426000	4.0849879984539e+03
179.006076671800	4.0643353632368e+03
179.036055917600	4.0442909931679e+03
179.066035163400	4.0248594008593e+03
179.096014409200	4.0060446310761e+03
179.125993655000	3.9878502604354e+03
179.155972900800	3.9702793974362e+03
179.185952146600	3.9533346828184e+03
179.215931392400	3.9370182902482e+03
179.245910638200	3.9213319273283e+03
179.275889884000	3.9062768369303e+03
179.305869129800	3.8918537988467e+03
179.335848375600	3.8780631317583e+03
179.365827621400	3.8649046955162e+03
179.395806867200	3.8523778937324e+03
179.425786113000	3.8404816766780e+03
179.455765358800	3.8292145444822e+03
179.485744604600	3.8185745506315e+03
179.515723850400	3.8085593057618e+03
179.545703096200	3.7991659817411e+03
179.575682342000	3.7903913160371e+03
179.605661587800	3.7822316163658e+03
179.635640833600	3.7746827656150e+03
179.665620079400	3.7677402270383e+03
179.695599325200	3.7613990497148e+03
179.725578571000	3.7556538742679e+03
179.755557816800	3.7504989388379e+03
179.785537062600	3.7459280853035e+03
179.815516308400	3.7419347657446e+03
179.845495554200	3.7385120491425e+03
179.875474800000	3.7356526283087e+03
179.905454045800	3.7333488270382e+03
179.935433291600	3.7315926074794e+03
179.965412537400	3.7303755777149e+03
179.995391783200	3.7296889995453e+03
180.025371029000	3.7295237964702e+03
180.055350274800	3.7298705618597e+03
180.085329520600	3.7307195673077e+03
180.115308766400	3.7320607711611e+03
180.145288012200	3.7338838272182e+03
180.175267258000	3.7361780935873e+03
180.205246503800	3.7389326416991e+03
180.235225749600	3.7421362654659e+03
180.265204995400	3.7457774905786e+03
180.295184241200	3.7498445839353e+03
180.325163487000	3.7543255631934e+03
180.355142732800	3.7592082064365e+03
180.385121978600	3.7644800619502e+03
180.415101224400	3.7701284580975e+03
180.445080470200	3.7761405132867e+03
180.475059716000	3.7825031460234e+03
180.505038961800	3.7892030850400e+03
180.535018207600	3.7962268794924e+03
180.564997453400	3.8035609092197e+03
180.594976699200	3.8111913950544e+03
180.624955945000	3.8191044091803e+03
180.654935190800	3.8272858855255e+03
180.684914436600	3.8357216301860e+03
180.714893682400	3.8443973318709e+03
180.744872928200	3.8532985723611e+03
180.774852174000	3.8624108369739e+03
180.804831419800	3.8717195250267e+03
180.834810665600	3.8812099602909e+03
180.864789911400	3.8908674014289e+03
180.894769157200	3.9006770524070e+03
180.924748403000	3.9106240728759e+03
180.954727648800	3.9206935885128e+03
180.984706894600	3.9308707013152e+03
181.014686140400	3.9411404998429e+03
181.044665386200	3.9514880693964e+03
181.074644632000	3.9618985021297e+03
181.104623877800	3.9723569070854e+03
181.134603123600	3.9828484201495e+03
181.164582369400	3.9933582139164e+03
181.194561615200	4.0038715074584e+03
181.224540861000	4.0143735759931e+03
181.254520106800	4.0248497604421e+03
181.284499352600	4.0352854768745e+03
181.314478598400	4.0456662258297e+03
181.344457844200	4.0559776015121e+03
181.374437090000	4.0662053008529e+03
181.404416335800	4.0763351324333e+03
181.434395581600	4.0863530252620e+03
181.464374827400	4.0962450374027e+03
181.494354073200	4.1059973644461e+03
181.524333319000	4.1155963478211e+03
181.554312564800	4.1250284829389e+03
181.584291810600	4.1342804271673e+03
181.614271056400	4.1433390076289e+03
181.644250302200	4.1521912288181e+03
181.674229548000	4.1608242800347e+03
181.704208793800	4.1692255426270e+03
181.734188039600	4.1773825970427e+03
181.764167285400	4.1852832296816e+03
181.794146531200	4.1929154395487e+03
181.824125777000	4.2002674447016e+03
181.854105022800	4.2073276884902e+03
181.884084268600	4.2140848455856e+03
181.914063514400	4.2205278277943e+03
181.944042760200	4.2266457896557e+03
181.974022006000	4.2324281338193e+03
182.004001251800	4.2378645161995e+03
182.033980497600	4.2429448509067e+03
182.063959743400	4.2476593149501e+03
182.093938989200	4.2519983527130e+03
182.123918235000	4.2559526801966e+03
182.153897480800	4.2595132890325e+03
182.183876726600	4.2626714502611e+03
182.213855972400	4.2654187178752e+03
182.243835218200	4.2677469321283e+03
182.273814464000	4.2696482226058e+03
182.303793709800	4.2711150110595e+03
182.333772955600	4.2721400140034e+03
182.363752201400	4.2727162450728e+03
182.393731447200	4.2728370171442e+03
182.423710693000	4.2724959442172e+03
182.453689938800	4.2716869430597e+03
182.483669184600	4.2704042346146e+03
182.513648430400	4.2686423451702e+03
182.543627676200	4.2663961072949e+03
182.573606922000	4.2636606605367e+03
182.603586167800	4.2604314518893e+03
182.633565413600	4.2567042360251e+03
182.663544659400	4.2524750752982e+03
182.693523905200	4.2477403395172e+03
182.723503151000	4.2424967054913e+03
182.753482396800	4.2367411563505e+03
182.783461642600	4.2304709806426e+03
182.813440888400	4.2236837712096e+03
182.843420134200	4.2163774238449e+03
182.873399380000	4.2085501357357e+03
182.903378625800	4.2002004036912e+03
182.933357871600	4.1913270221613e+03
182.963337117400	4.1819290810487e+03
182.993316363200	4.1720059633156e+03
183.023295609000	4.1615573423920e+03
183.053274854800	4.1505831793851e+03
183.083254100600	4.1390837200966e+03
183.113233346400	4.1270594918501e+03
183.143212592200	4.1145113001324e+03
183.173191838000	4.1014402250532e+03
183.203171083800	4.0878476176278e+03
183.233150329600	4.0737350958857e+03
183.263129575400	4.0591045408105e+03
183.293108821200	4.0439580921151e+03
183.323088067000	4.0282981438574e+03
183.353067312800	4.0121273398996e+03
183.383046558600	3.9954485692179e+03
183.413025804400	3.9782649610661e+03
183.443005050200	3.9605798799983e+03
183.472984296000	3.9423969207555e+03
183.502963541800	3.9237199030221e+03
183.532942787600	3.9045528660561e+03
183.562922033400	3.8849000631995e+03
183.592901279200	3.8647659562734e+03
183.622880525000	3.8441552098633e+03
183.652859770800	3.8230726855001e+03
183.682839016600	3.8015234357425e+03
183.712818262400	3.7795126981657e+03
183.742797508200	3.7570458892630e+03
183.772776754000	3.7341285982638e+03
183.802755999800	3.7107665808769e+03
183.832735245600	3.6869657529613e+03
183.862714491400	3.6627321841326e+03
183.892693737200	3.6380720913093e+03
183.922672983000	3.6129918322062e+03
183.952652228800	3.5874978987784e+03
183.982631474600	3.5615969106240e+03
184.012610720400	3.5352956083496e+03
184.042589966200	3.5086008469047e+03
184.072569212000	3.4815195888919e+03
184.102548457800	3.4540588978561e+03
184.132527703600	3.4262259315615e+03
184.162506949400	3.3980279352590e+03
184.192486195200	3.3694722349525e+03
184.222465441000	3.3405662306672e+03
184.252444686800	3.3113173897276e+03
184.282423932600	3.2817332400491e+03
184.312403178400	3.2518213634498e+03
184.342382424200	3.2215893889878e+03
184.372361670000	3.1910449863282e+03
184.402340915800	3.1601958591480e+03
184.432320161600	3.1290497385802e+03
184.462299407400	3.0976143767063e+03
184.492278653200	3.0658975400999e+03
184.522257899000	3.0339070034271e+03
184.552237144800	3.0016505431091e+03
184.582216390600	2.9691359310518e+03
184.612195636400	2.9363709284471e+03
184.642174882200	2.9033632796509e+03
184.672154128000	2.8701207061423e+03
184.702133373800	2.8366509005689e+03
184.732112619600	2.8029615208827e+03
184.762091865400	2.7690601845707e+03
184.792071111200	2.7349544629848e+03
184.822050357000	2.7006518757755e+03
184.852029602800	2.6661598854331e+03
184.882008848600	2.6314858919400e+03
184.911988094400	2.5966372275396e+03
184.941967340200	2.5616211516237e+03
184.971946586000	2.5264448457433e+03
185.001925831800	2.4911154087459e+03
185.031905077600	2.4556398520432e+03
185.061884323400	2.4200250950111e+03
185.091863569200	2.3842779605278e+03
185.121842815000	2.3484051706499e+03
185.151822060800	2.3124133424324e+03
185.181801306600	2.2763089838928e+03
185.211780552400	2.2400984901243e+03
185.241759798200	2.2037881395586e+03
185.271739044000	2.1673840903823e+03
185.301718289800	2.1308923771081e+03
185.331697535600	2.0943189073033e+03
185.361676781400	2.0576694584775e+03
185.391656027200	2.0209496751319e+03
185.421635273000	1.9841650659706e+03
185.451614518800	1.9473210012768e+03
185.481593764600	1.9104227104547e+03
185.511573010400	1.8734752797378e+03
185.541552256200	1.8364836500659e+03
185.571531502000	1.7994526151312e+03
185.601510747800	1.7623868195937e+03
185.631489993600	1.7252907574676e+03
185.661469239400	1.6881687706787e+03
185.691448485200	1.6510250477930e+03
185.721427731000	1.6138636229172e+03
185.751406976800	1.5766883747708e+03
185.781386222600	1.5395030259301e+03
185.811365468400	1.5023111422433e+03
185.841344714200	1.4651161324168e+03
185.871323960000	1.4279212477725e+03
185.901303205800	1.3907295821746e+03
185.931282451600	1.3535440721255e+03
185.961261697400	1.3163674970302e+03
185.991240943200	1.2792024796279e+03
186.021220189000	1.2420514865894e+03
186.051199434800	1.2049168292786e+03
186.081178680600	1.1678006646780e+03
186.111157926400	1.1307049964750e+03
186.141137172200	1.0936316763080e+03
186.171116418000	1.0565824051704e+03
186.201095663800	1.0195587349702e+03
186.231074909600	9.8256207024326e+02
186.261054155400	9.4559367001815e+02
186.291033401200	9.0865464982923e+02
186.321012647000	8.7174598387675e+02
186.350991892800	8.3486850733026e+02
186.380971138600	7.9802291877318e+02
186.410950384400	7.6120978278519e+02
186.440929630200	7.2442953265983e+02
186.470908876000	6.8768247325391e+02
186.500888121800	6.5096878396565e+02
186.530867367600	6.1428852183814e+02
186.560846613400	5.7764162478478e+02
186.590825859200	5.4102791493301e+02
186.620805105000	5.0444710208290e+02
186.650784350800	4.6789878727669e+02
186.680763596600	4.3138246647558e+02
186.710742842400	3.9489753433979e+02
186.740722088200	3.5844328810794e+02
186.770701334000	3.2201893157174e+02
186.800680579800	2.8562357914163e+02
186.830659825600	2.4925625999944e+02
186.860639071400	2.1291592233353e+02
186.890618317200	1.7660143765216e+02
186.920597563000	1.4031160517063e+02
186.950576808800	1.0404515626777e+02
186.980556054600	6.7800759007111e+01
187.010535300400	3.1577022718237e+01
187.040514546200	-4.6274973663482e+00
187.070493792000	-4.0814295423543e+01
187.100473037800	-7.6984910305904e+01
187.130452283600	-1.1314092076658e+02
187.160431529400	-1.4928394064774e+02
187.190410775200	-1.8541561403735e+02
187.220390021000	-2.2153761039914e+02
187.250369266800	-2.5765161968061e+02
187.280348512600	-2.9375934740410e+02
187.310327758400	-3.2986250974564e+02
187.340307004200	-3.6596282860678e+02
187.370286250000	-4.0206202668400e+02
187.400265495800	-4.3816182254092e+02
187.430244741600	-4.7426392568814e+02
187.460223987400	-5.1037003167557e+02
187.490203233200	-5.4648181720226e+02
187.520182479000	-5.8260093524859e+02
187.550161724800	-6.1872901023576e+02
187.580140970600	-6.5486763321732e+02
187.610120216400	-6.9101835710773e+02
187.640099462200	-7.2718269195263e+02
187.670078708000	-7.6336210024573e+02
187.700057953800	-7.9955799229686e+02
187.730037199600	-8.3577172165608e+02
187.760016445400	-8.7200458059839e+02
187.789995691200	-9.0825779567361e+02
187.819974937000	-9.4453252332612e+02
187.849954182800	-9.8082984558876e+02
187.879933428600	-1.0171507658554e+03
187.909912674400	-1.0534962047369e+03
187.939891920200	-1.0898669960035e+03
187.969871166000	-1.1262638826202e+03
187.999850411800	-1.1626875128765e+03
188.029829657600	-1.1991384366166e+03
188.059808903400	-1.2356171015735e+03
188.089788149200	-1.2721238498103e+03
188.119767395000	-1.3086589142735e+03
188.149746640800	-1.3452224154610e+03
188.179725886600	-1.3818143582094e+03
188.209705132400	-1.4184346286036e+03
188.239684378200	-1.4550829910121e+03
188.269663624000	-1.4917590852509e+03
188.299642869800	-1.5284624238814e+03
188.329622115600	-1.5651923896413e+03
188.359601361400	-1.6019482330166e+03
188.389580607200	-1.6387290699524e+03
188.419559853000	-1.6755338797100e+03
188.449539098800	-1.7123615028689e+03
188.479518344600	-1.7492106394793e+03
188.509497590400	-1.7860798473656e+03
188.539476836200	-1.8229675405840e+03
188.569456082000	-1.8598719880357e+03
188.599435327800	-1.8967913122391e+03
188.629414573600	-1.9337234882605e+03
188.659393819400	-1.9706663428078e+03
188.689373065200	-2.0076175534861e+03
188.719352311000	-2.0445746482191e+03
188.749331556800	-2.0815350048358e+03
188.779310802600	-2.1184958508245e+03
188.809290048400	-2.1554542632546e+03
188.839269294200	-2.1924071688685e+03
188.869248540000	-2.2293513443420e+03
188.899227785800	-2.2662834167158e+03
188.929207031600	-2.3031998639980e+03
188.959186277400	-2.3400970159367e+03
188.989165523200	-2.3769710549650e+03
189.019144769000	-2.4138180173169e+03
189.049124014800	-2.4506337943134e+03
189.079103260600	-2.4874141338210e+03
189.109082506400	-2.5241546418789e+03
189.139061752200	-2.5608507844972e+03
189.169040998000	-2.5974978896230e+03
189.199020243800	-2.6340911492754e+03
189.228999489600	-2.6706256218469e+03
189.258978735400	-2.7070962345708e+03
189.288957981200	-2.7434977861529e+03
189.318937227000	-2.7798249495663e+03
189.348916472800	-2.8160722750070e+03
189.378895718600	-2.8522341930096e+03
189.408874964400	-2.8883050177198e+03
189.438854210200	-2.9242789503223e+03
189.468833456000	-2.9601500826228e+03
189.498812701800	-2.9959124007790e+03
189.528791947600	-3.0315597891818e+03
189.558771193400	-3.0670860344803e+03
189.588750439200	-3.1024848297505e+03
189.618729685000	-3.1377497788040e+03
189.648708930800	-3.1728744006320e+03
189.678688176600	-3.2078521339848e+03
189.708667422400	-3.2426763420798e+03
189.738646668200	-3.2773403174368e+03
189.768625914000	-3.3118372868367e+03
189.798605159800	-3.3461604163988e+03
189.828584405600	-3.3803028167746e+03
189.858563651400	-3.4142575484521e+03
189.888542897200	-3.4480176271681e+03
189.918522143000	-3.4815760294242e+03
189.948501388800	-3.5149256981008e+03
189.978480634600	-3.5480595481665e+03
190.008459880400	-3.5809704724771e+03
190.038439126200	-3.6136513476605e+03
190.068418372000	-3.6460950400816e+03
190.098397617800	-3.6782944118838e+03
190.128376863600	-3.7102423271014e+03
190.158356109400	-3.7419316578377e+03
190.188335355200	-3.7733552905042e+03
190.218314601000	-3.8045061321163e+03
190.248293846800	-3.8353771166384e+03
190.278273092600	-3.8659612113754e+03
190.308252338400	-3.8962514234033e+03
190.338231584200	-3.9262408060352e+03
190.368210830000	-3.9559224653155e+03
190.398190075800	-3.9852895665383e+03
190.428169321600	-4.0143353407830e+03
190.458148567400	-4.0430530914627e+03
190.488127813200	-4.0714362008791e+03
190.518107059000	-4.0994781367779e+03
190.548086304800	-4.1271724588999e+03
190.578065550600	-4.1545128255209e+03
190.608044796400	-4.1814929999751e+03
190.638024042200	-4.2081068571567e+03
190.668003288000	-4.2343483899927e+03
190.697982533800	-4.2602117158822e+03
190.727961779600	-4.2856910830953e+03
190.757941025400	-4.3107808771268e+03
190.787920271200	-4.3354756269977e+03
190.817899517000	-4.3597700114997e+03
190.847878762800	-4.3836588653761e+03
190.877858008600	-4.4071371854340e+03
190.907837254400	-4.4302001365806e+03
190.937816500200	-4.4528430577800e+03
190.967795746000	-4.4750614679230e+03
190.997774991800	-4.4968510716042e+03
191.027754237600	-4.5182077648022e+03
191.057733483400	-4.5391276404561e+03
191.087712729200	-4.5596069939325e+03
191.117691975000	-4.5796423283785e+03
191.147671220800	-4.5992303599548e+03
191.177650466600	-4.6183680229429e+03
191.207629712400	-4.6370524747224e+03
191.237608958200	-4.6552811006118e+03
191.267588204000	-4.6730515185683e+03
191.297567449800	-4.6903615837420e+03
191.327546695600	-4.7072093928782e+03
191.357525941400	-4.7235932885646e+03
191.387505187200	-4.7395118633167e+03
191.417484433000	-4.7549639634985e+03
191.447463678800	-4.7699486930729e+03
191.477442924600	-4.7844654171770e+03
191.507422170400	-4.7985137655198e+03
191.537401416200	-4.8120936355948e+03
191.567380662000	-4.8252051957073e+03
191.597359907800	-4.8378488878091e+03
191.627339153600	-4.8500254301385e+03
191.657318399400	-4.8617358196616e+03
191.687297645200	-4.8729813343109e+03
191.717276891000	-4.8837635350179e+03
191.747256136800	-4.8940842675370e+03
191.777235382600	-4.9039456640564e+03
191.807214628400	-4.9133501445944e+03
191.837193874200	-4.9223004181768e+03
191.867173120000	-4.9307994837938e+03
191.897152365800	-4.9388506311339e+03
191.927131611600	-4.9464574410908e+03
191.957110857400	-4.9536237860441e+03
191.987090103200	-4.9603538299087e+03
192.017069349000	-4.9666520279532e+03
192.047048594800	-4.9725231263841e+03
192.077027840600	-4.9779721616961e+03
192.107007086400	-4.9830044597855e+03
192.136986332200	-4.9876256348259e+03
192.166965578000	-4.9918415879069e+03
192.196944823800	-4.9956585054320e+03
192.226924069600	-4.9990828572787e+03
192.256903315400	-5.0021213947170e+03
192.286882561200	-5.0047811480891e+03
192.316861807000	-5.0070694242480e+03
192.346841052800	-5.0089938037563e+03
192.376820298600	-5.0105621378462e+03
192.406799544400	-5.0117825451394e+03
192.436778790200	-5.0126634081298e+03
192.466758036000	-5.0132133694287e+03
192.496737281800	-5.0134413277734e+03
192.526716527600	-5.0133564338024e+03
192.556695773400	-5.0129680855966e+03
192.586675019200	-5.0122859239897e+03
192.616654265000	-5.0113198276491e+03
192.646633510800	-5.0100799079297e+03
192.676612756600	-5.0085765035034e+03
192.706592002400	-5.0068201747658e+03
192.736571248200	-5.0048216980239e+03
192.766550494000	-5.0025920594670e+03
192.796529739800	-5.0001424489249e+03
192.826508985600	-4.9974842534154e+03
192.856488231400	-4.9946290504856e+03
192.886467477200	-4.9915886013508e+03
192.916446723000	-4.9883748438340e+03
192.946425968800	-4.9849998851111e+03
192.976405214600	-4.9814759942652e+03
193.006384460400	-4.9778155946554e+03
193.036363706200	-4.9740312561033e+03
193.066342952000	-4.9701356869040e+03
193.096322197800	-4.9661417256643e+03
193.126301443600	-4.9620623329753e+03
193.156280689400	-4.9579105829235e+03
193.186259935200	-4.9536996544456e+03
193.216239181000	-4.9494428225340e+03
193.246218426800	-4.9451534492975e+03
193.276197672600	-4.9408449748839e+03
193.306176918400	-4.9365309082699e+03
193.336156164200	-4.9322248179252e+03
193.366135410000	-4.9279403223567e+03
193.396114655800	-4.9236910805398e+03
193.426093901600	-4.9194907822429e+03
193.456073147400	-4.9153531382520e+03
193.486052393200	-4.9112918705027e+03
193.516031639000	-4.9073207021259e+03
193.546010884800	-4.9034533474153e+03
193.575990130600	-4.8997035017227e+03
193.605969376400	-4.8960848312894e+03
193.635948622200	-4.8926109630210e+03
193.665927868000	-4.8892954742126e+03
193.695907113800	-4.8861518822326e+03
193.725886359600	-4.8831936341722e+03
193.755865605400	-4.8804340964693e+03
193.785844851200	-4.8778865445136e+03
193.815824097000	-4.8755641522414e+03
193.845803342800	-4.8734799817279e+03
193.875782588600	-4.8716469727856e+03
193.905761834400	-4.8700779325750e+03
193.935741080200	-4.8687855252388e+03
193.965720326000	-4.8677822615646e+03
193.995699571800	-4.8670804886862e+03
194.025678817600	-4.8666923798314e+03
194.055658063400	-4.8666299241237e+03
194.085637309200	-4.8669049164473e+03
194.115616555000	-4.8675289473823e+03
194.145595800800	-4.8685133932200e+03
194.175575046600	-4.8698694060647e+03
194.205554292400	-4.8716079040318e+03
194.235533538200	-4.8737395615486e+03
194.265512784000	-4.8762747997682e+03
194.295492029800	-4.8792237771028e+03
194.325471275600	-4.8825963798849e+03
194.355450521400	-4.8864022131648e+03
194.385429767200	-4.8906505916525e+03
194.415409013000	-4.8953505308108e+03
194.445388258800	-4.9005107381090e+03
194.475367504600	-4.9061396044433e+03
194.505346750400	-4.9122451957335e+03
194.535325996200	-4.9188352447013e+03
194.565305242000	-4.9259171428401e+03
194.595284487800	-4.9334979325814e+03
194.625263733600	-4.9415842996671e+03
194.655242979400	-4.9501825657336e+03
194.685222225200	-4.9592986811149e+03
194.715201471000	-4.9689382178721e+03
194.745180716800	-4.9791063630558e+03
194.775159962600	-4.9898079122083e+03
194.805139208400	-5.0010472631111e+03
194.835118454200	-5.0128284097859e+03
194.865097700000	-5.0251549367536e+03
194.895076945800	-5.0380300135581e+03
194.925056191600	-5.0514563895606e+03
194.955035437400	-5.0654363890102e+03
194.985014683200	-5.0799719063968e+03
195.014993929000	-5.0950644020897e+03
195.044973174800	-5.1107148982702e+03
195.074952420600	-5.1269239751598e+03
195.104931666400	-5.1436917675518e+03
195.134910912200	-5.1610179616478e+03
195.164890158000	-5.1789017922061e+03
195.194869403800	-5.1973420400052e+03
195.224848649600	-5.2163370296248e+03
195.254827895400	-5.2358846275508e+03
195.284807141200	-5.2559822406051e+03
195.314786387000	-5.2766268147052e+03
195.344765632800	-5.2978148339558e+03
195.374744878600	-5.3195423200750e+03
195.404724124400	-5.3418048321583e+03
195.434703370200	-5.3645974667818e+03
195.464682616000	-5.3879148584472e+03
195.494661861800	-5.4117511803705e+03
195.524641107600	-5.4361001456149e+03
195.554620353400	-5.4609550085705e+03
195.584599599200	-5.4863085667806e+03
195.614578845000	-5.5121531631160e+03
195.644558090800	-5.5384806882980e+03
195.674537336600	-5.5652825837689e+03
195.704516582400	-5.5925498449116e+03
195.734495828200	-5.6202730246173e+03
195.764475074000	-5.6484422372003e+03
195.794454319800	-5.6770471626592e+03
195.824433565600	-5.7060770512839e+03
195.854412811400	-5.7355207286063e+03
195.884392057200	-5.7653666006932e+03
195.914371303000	-5.7956026597794e+03
195.944350548800	-5.8262164902393e+03
195.974329794600	-5.8571952748930e+03
196.004309040400	-5.8885258016461e+03
196.034288286200	-5.9201944704585e+03
196.064267532000	-5.9521873006393e+03
196.094246777800	-5.9844899384653e+03
196.124226023600	-6.0170876651171e+03
196.154205269400	-6.0499654049305e+03
196.184184515200	-6.0831077339581e+03
196.214163761000	-6.1164988888362e+03
196.244143006800	-6.1501227759525e+03
196.274122252600	-6.1839629809092e+03
196.304101498400	-6.2180027782759e+03
196.334080744200	-6.2522251416272e+03
196.364059990000	-6.2866127538579e+03
196.394039235800	-6.3211480177713e+03
196.424018481600	-6.3558130669321e+03
196.453997727400	-6.3905897767793e+03
196.483976973200	-6.4254597759907e+03
196.513956219000	-6.4604044580921e+03
196.543935464800	-6.4954049933049e+03
196.573914710600	-6.5304423406229e+03
196.603893956400	-6.5654972601119e+03
196.633873202200	-6.6005503254225e+03
196.663852448000	-6.6355819365106e+03
196.693831693800	-6.6705723325534e+03
196.723810939600	-6.7055016050554e+03
196.753790185400	-6.7403497111347e+03
196.783769431200	-6.7750964869795e+03
196.813748677000	-6.8097216614673e+03
196.843727922800	-6.8442048699359e+03
196.873707168600	-6.8785256680982e+03
196.903686414400	-6.9126635460895e+03
196.933665660200	-6.9465979426394e+03
196.963644906000	-6.9803082593559e+03
196.993624151800	-7.0137738751144e+03
197.023603397600	-7.0469741605385e+03
197.053582643400	-7.0798884925647e+03
197.083561889200	-7.1124962690789e+03
197.113541135000	-7.1447769236148e+03
197.143520380800	-7.1767099401031e+03
197.173499626600	-7.2082748676617e+03
197.203478872400	-7.2394513354143e+03
197.233458118200	-7.2702190673285e+03
197.263437364000	-7.3005578970601e+03
197.293416609800	-7.3304477827952e+03
197.323395855600	-7.3598688220763e+03
197.353375101400	-7.3888012666031e+03
197.383354347200	-7.4172255369961e+03
197.413333593000	-7.4451222375117e+03
197.443312838800	-7.4724721706974e+03
197.473292084600	-7.4992563519767e+03
197.503271330400	-7.5254560241514e+03
197.533250576200	-7.5510526718106e+03
197.563229822000	-7.5760280356348e+03
197.593209067800	-7.6003641265846e+03
197.623188313600	-7.6240432399621e+03
197.653167559400	-7.6470479693342e+03
197.683146805200	-7.6693612203060e+03
197.713126051000	-7.6909662241352e+03
197.743105296800	-7.7118465511743e+03
197.773084542600	-7.7319861241305e+03
197.803063788400	-7.7513692311341e+03
197.833043034200	-7.7699805386013e+03
197.863022280000	-7.7878051038851e+03
197.893001525800	-7.8048283876995e+03
197.922980771600	-7.8210362663104e+03
197.952960017400	-7.8364150434804e+03
197.982939263200	-7.8509514621588e+03
198.012918509000	-7.8646327159062e+03
198.042897754800	-7.8774464600448e+03
198.072877000600	-7.8893808225231e+03
198.102856246400	-7.9004244144881e+03
198.132835492200	-7.9105663405534e+03
198.162814738000	-7.9197962087555e+03
198.192793983800	-7.9281041401888e+03
198.222773229600	-7.9354807783115e+03
198.252752475400	-7.9419172979128e+03
198.282731721200	-7.9474054137344e+03
198.312710967000	-7.9519373887372e+03
198.342690212800	-7.9555060420064e+03
198.372669458600	-7.9581047562869e+03
198.402648704400	-7.9597274851425e+03
198.432627950200	-7.9603687597303e+03
198.462607196000	-7.9600236951859e+03
198.492586441800	-7.9586879966112e+03
198.522565687600	-7.9563579646588e+03
198.552544933400	-7.9530305007081e+03
198.582524179200	-7.9487031116265e+03
198.612503425000	-7.9433739141109e+03
198.642482670800	-7.9370416386043e+03
198.672461916600	-7.9297056327830e+03
198.702441162400	-7.9213658646093e+03
198.732420408200	-7.9120229249473e+03
198.762399654000	-7.9016780297357e+03
198.792378899800	-7.8903330217163e+03
198.822358145600	-7.8779903717137e+03
198.852337391400	-7.8646531794640e+03
198.882316637200	-7.8503251739905e+03
198.912295883000	-7.8350107135229e+03
198.942275128800	-7.8187147849598e+03
198.972254374600	-7.8014430028722e+03
199.002233620400	-7.7832016080474e+03
199.032212866200	-7.7639974655717e+03
199.062192112000	-7.7438380624530e+03
199.092171357800	-7.7227315047819e+03
199.122150603600	-7.7006865144324e+03
199.152129849400	-7.6777124253028e+03
199.182109095200	-7.6538191790976e+03
199.212088341000	-7.6290173206522e+03
199.242067586800	-7.6033179928016e+03
199.272046832600	-7.5767329307962e+03
199.302026078400	-7.5492744562660e+03
199.332005324200	-7.5209554707369e+03
199.361984570000	-7.4917894487019e+03
199.391963815800	-7.4617904302512e+03
199.421943061600	-7.4309730132645e+03
199.451922307400	-7.3993523451702e+03
199.481901553200	-7.3669441142761e+03
199.511880799000	-7.3337645406758e+03
199.541860044800	-7.2998303667382e+03
199.571839290600	-7.2651588471826e+03
199.601818536400	-7.2297677387485e+03
199.631797782200	-7.1936752894639e+03
199.661777028000	-7.1569002275214e+03
199.691756273800	-7.1194617497656e+03
199.721735519600	-7.0813795098033e+03
199.751714765400	-7.0426736057400e+03
199.781694011200	-7.0033645675540e+03
199.811673257000	-6.9634733441145e+03
199.841652502800	-6.9230212898523e+03
199.871631748600	-6.8820301510932e+03
199.901610994400	-6.8405220520620e+03
199.931590240200	-6.7985194805673e+03
199.961569486000	-6.7560452733760e+03
199.991548731800	-6.7131226012888e+03
