#Parameters = {cpw=15; sigma_z=0.4; wakelength=200; xbeam=0; xtest=0; ybeam=0; ytest=0}
# Beta-weighted transverse dipolar bunch wake, y-plane
#"s / mm"	"W_perp_beta [V/pC]"
#------------------------
-9.983088851400	1.6012798675095e-13
-9.953109605600	-2.8467197644614e-13
-9.923130359800	-1.9571198380672e-13
-9.893151114000	-3.5583997055767e-14
-9.863171868200	-5.1596795730862e-13
-9.833192622400	-5.3375995583650e-14
-9.803213376600	-3.3804797202979e-13
-9.773234130800	-7.1167994111534e-14
-9.743254885000	-2.1350398233460e-13
-9.713275639200	-2.8467197644614e-13
-9.683296393400	-8.8959992639417e-15
-9.653317147600	-1.7791998527883e-14
-9.623337901800	-3.2025597350190e-13
-9.593358656000	-2.7577597718219e-13
-9.563379410200	8.0063993375475e-14
-9.533400164400	-2.6687997791825e-13
-9.503420918600	6.2271994847592e-14
-9.473441672800	8.0063993375475e-14
-9.443462427000	-8.0063993375475e-14
-9.413483181200	8.8959992639417e-14
-9.383503935400	-2.3129598086248e-13
-9.353524689600	-2.0015998343869e-13
-9.323545443800	-1.5567998711898e-13
-9.293566198000	1.5123198748701e-13
-9.263586952200	1.3343998895913e-13
-9.233607706400	8.8959992639417e-15
-9.203628460600	-5.7823995215621e-14
-9.173649214800	2.2239998159854e-13
-9.143669969000	-1.1564799043124e-13
-9.113690723200	-2.4463997975840e-13
-9.083711477400	-2.8689597626212e-13
-9.053732231600	-1.2676798951117e-13
-9.023752985800	-7.5615993743505e-14
-8.993773740000	7.3391993927519e-14
-8.963794494200	-3.1135997423796e-14
-8.933815248400	-1.8903998435876e-14
-8.903836002600	-6.6719994479563e-14
-8.873856756800	-5.2486395657256e-13
-8.843877511000	-8.3399993099454e-15
-8.813898265200	1.8848398440477e-13
-8.783919019400	9.6952491978115e-14
-8.753939773600	1.0452799135132e-13
-8.723960527800	1.0591799123631e-13
-8.693981282000	1.1231199070726e-13
-8.664002036200	-6.1159994939599e-15
-8.634022790400	5.1707995721661e-14
-8.604043544600	1.2676798951117e-13
-8.574064298800	3.5917597028165e-13
-8.544085053000	-1.1787199024723e-13
-8.514105807200	7.2279994019526e-14
-8.484126561400	1.8459198472679e-13
-8.454147315600	1.8014398509482e-13
-8.424168069800	1.7013598592289e-13
-8.394188824000	1.7903198518683e-13
-8.364209578200	-2.7799997699818e-13
-8.334230332400	-4.0031996687738e-14
-8.304251086600	-1.3455198886712e-13
-8.274271840800	2.0127198334668e-13
-8.244292595000	2.2073198173655e-13
-8.214313349200	2.9245597580208e-13
-8.184334103400	-6.8943994295548e-14
-8.154354857600	8.0619993329472e-15
-8.124375611800	8.2287993191461e-14
-8.094396366000	-1.6803361109684e-13
-8.064417120200	6.5746994560069e-14
-8.034437874400	-1.3371798893612e-13
-8.004458628600	-9.8967991811352e-14
-7.974479382800	2.0238398325467e-13
-7.944500137000	-1.3788798859110e-13
-7.914520891200	-1.9459998389873e-13
-7.884541645400	1.5790398693497e-13
-7.854562399600	2.3129598086248e-13
-7.824583153800	2.1350398233460e-13
-7.794603908000	1.2676798951117e-13
-7.764624662200	1.7791998527883e-14
-7.734645416400	8.8959992639417e-14
-7.704666170600	-2.7132797755022e-13
-7.674686924800	-5.7823995215621e-14
-7.644707679000	-1.6012798675095e-13
-7.614728433200	-2.0460798307066e-13
-7.584749187400	-4.0031996687738e-14
-7.554769941600	-2.4908797939037e-13
-7.524790695800	-1.6012798675095e-13
-7.494811450000	-1.7791998527883e-14
-7.464832204200	-2.5798397865431e-13
-7.434852958400	-8.8959992639417e-14
-7.404873712600	1.6902398601489e-13
-7.374894466800	-3.5583997055767e-13
-7.344915221000	-1.5123198748701e-13
-7.314935975200	3.5583997055767e-14
-7.284956729400	-2.1350398233460e-13
-7.254977483600	-1.5123198748701e-13
-7.224998237800	-1.1564799043124e-13
-7.195018992000	-1.9571198380672e-13
-7.165039746200	-3.2025597350190e-13
-7.135060500400	1.2454398969518e-13
-7.105081254600	-8.8959992639417e-14
-7.075102008800	1.9571198380672e-13
-7.045122763000	8.8959992639417e-14
-7.015143517200	-2.4908797939037e-13
-6.985164271400	-4.2700796466920e-13
-6.955185025600	-1.2454398969518e-13
-6.925205779800	-2.1350398233460e-13
-6.895226534000	-1.0675199116730e-13
-6.865247288200	-1.7791998527883e-13
-6.835268042400	-1.9571198380672e-13
-6.805288796600	5.3375995583650e-14
-6.775309550800	-5.3375995583650e-14
-6.745330305000	0.0000000000000e+00
-6.715351059200	-7.1167994111534e-14
-6.685371813400	5.3375995583650e-14
-6.655392567600	-7.1167994111534e-14
-6.625413321800	1.0675199116730e-13
-6.595434076000	-3.5583997055767e-14
-6.565454830200	3.5583997055767e-14
-6.535475584400	2.1350398233460e-13
-6.505496338600	0.0000000000000e+00
-6.475517092800	0.0000000000000e+00
-6.445537847000	2.1350398233460e-13
-6.415558601200	2.1350398233460e-13
-6.385579355400	3.5583997055767e-13
-6.355600109600	3.5583997055767e-14
-6.325620863800	2.8467197644614e-13
-6.295641618000	-7.1167994111534e-14
-6.265662372200	-1.7791998527883e-13
-6.235683126400	3.5583997055767e-14
-6.205703880600	-3.5583997055767e-14
-6.175724634800	0.0000000000000e+00
-6.145745389000	3.5583997055767e-14
-6.115766143200	1.4233598822307e-13
-6.085786897400	3.5583997055767e-14
-6.055807651600	-3.5583997055767e-14
-6.025828405800	-1.4233598822307e-13
-5.995849160000	-2.8467197644614e-13
-5.965869914200	2.1350398233460e-13
-5.935890668400	-2.1350398233460e-13
-5.905911422600	2.1350398233460e-13
-5.875932176800	-4.6259196172497e-13
-5.845952931000	-1.0675199116730e-13
-5.815973685200	2.8467197644614e-13
-5.785994439400	-3.5583997055767e-14
-5.756015193600	1.7791998527883e-13
-5.726035947800	2.4908797939037e-13
-5.696056702000	0.0000000000000e+00
-5.666077456200	-7.1167994111534e-14
-5.636098210400	-3.5583997055767e-14
-5.606118964600	1.7791998527883e-13
-5.576139718800	7.1167994111534e-14
-5.546160473000	-2.8467197644614e-13
-5.516181227200	7.1167994111534e-14
-5.486201981400	-1.4233598822307e-13
-5.456222735600	-7.1167994111534e-14
-5.426243489800	-2.1350398233460e-13
-5.396264244000	-1.7791998527883e-13
-5.366284998200	-7.1167994111534e-14
-5.336305752400	-7.1167994111534e-14
-5.306326506600	-2.8467197644614e-13
-5.276347260800	-2.1350398233460e-13
-5.246368015000	1.4233598822307e-13
-5.216388769200	-2.8467197644614e-13
-5.186409523400	-1.4233598822307e-13
-5.156430277600	0.0000000000000e+00
-5.126451031800	2.1350398233460e-13
-5.096471786000	-3.5583997055767e-13
-5.066492540200	-2.8467197644614e-13
-5.036513294400	-7.1167994111534e-14
-5.006534048600	-4.2700796466920e-13
-4.976554802800	0.0000000000000e+00
-4.946575557000	0.0000000000000e+00
-4.916596311200	2.1350398233460e-13
-4.886617065400	2.8467197644614e-13
-4.856637819600	-7.1167994111534e-14
-4.826658573800	-1.4233598822307e-13
-4.796679328000	-2.8467197644614e-13
-4.766700082200	-3.5583997055767e-13
-4.736720836400	0.0000000000000e+00
-4.706741590600	-1.4233598822307e-13
-4.676762344800	-1.4233598822307e-13
-4.646783099000	4.2700796466920e-13
-4.616803853200	-7.1167994111534e-14
-4.586824607400	0.0000000000000e+00
-4.556845361600	-7.1167994111534e-14
-4.526866115800	2.8467197644614e-13
-4.496886870000	0.0000000000000e+00
-4.466907624200	-1.4233598822307e-13
-4.436928378400	1.4233598822307e-13
-4.406949132600	2.8467197644614e-13
-4.376969886800	2.1350398233460e-13
-4.346990641000	-7.1167994111534e-14
-4.317011395200	7.1167994111534e-14
-4.287032149400	7.1167994111534e-14
-4.257052903600	-3.5583997055767e-14
-4.227073657800	1.4233598822307e-13
-4.197094412000	1.4233598822307e-13
-4.167115166200	2.1350398233460e-13
-4.137135920400	-1.4233598822307e-13
-4.107156674600	1.0675199116730e-13
-4.077177428800	3.5583997055767e-13
-4.047198183000	-3.2025597350190e-13
-4.017218937200	-2.8467197644614e-13
-3.987239691400	-1.0675199116730e-13
-3.957260445600	3.5583997055767e-14
-3.927281199800	4.6259196172497e-13
-3.897301954000	2.1350398233460e-13
-3.867322708200	2.4908797939037e-13
-3.837343462400	3.5583997055767e-14
-3.807364216600	-3.5583997055767e-14
-3.777384970800	-1.4233598822307e-13
-3.747405725000	7.1167994111534e-14
-3.717426479200	-3.9142396761344e-13
-3.687447233400	-1.4233598822307e-13
-3.657467987600	2.1350398233460e-13
-3.627488741800	3.5583997055767e-14
-3.597509496000	3.5583997055767e-14
-3.567530250200	2.4908797939037e-13
-3.537551004400	1.4233598822307e-13
-3.507571758600	3.2025597350190e-13
-3.477592512800	5.3375995583650e-13
-3.447613267000	0.0000000000000e+00
-3.417634021200	1.7791998527883e-13
-3.387654775400	-7.1167994111534e-14
-3.357675529600	-1.4233598822307e-13
-3.327696283800	-1.7791998527883e-13
-3.297717038000	-1.4233598822307e-13
-3.267737792200	3.5583997055767e-14
-3.237758546400	7.1167994111534e-14
-3.207779300600	2.1350398233460e-13
-3.177800054800	4.2700796466920e-13
-3.147820809000	2.4908797939037e-13
-3.117841563200	1.0675199116730e-13
-3.087862317400	2.8467197644614e-13
-3.057883071600	7.1167994111534e-14
-3.027903825800	8.5401592933841e-13
-2.997924580000	1.9215358410114e-12
-2.967945334200	2.4552957968479e-12
-2.937966088400	4.0031996687738e-12
-2.907986842600	6.9922554214582e-12
-2.878007596800	1.2792446941548e-11
-2.848028351000	2.2328958152494e-11
-2.818049105200	3.9249148752511e-11
-2.788069859400	6.7716346397124e-11
-2.758090613600	1.1600383040180e-10
-2.728111367800	1.9791819162418e-10
-2.698132122000	3.3584176421233e-10
-2.668152876200	5.6717332907187e-10
-2.638173630400	9.5320632113136e-10
-2.608194384600	1.5923127002515e-09
-2.578215138800	2.6471113329770e-09
-2.548235893000	4.3758886619373e-09
-2.518256647200	7.1950308286805e-09
-2.488277401400	1.1766355698447e-08
-2.458298155600	1.9138327952488e-08
-2.428318909800	3.0962952446114e-08
-2.398339664000	4.9824383525512e-08
-2.368360418200	7.9746477369747e-08
-2.338381172400	1.2695537928766e-07
-2.308401926600	2.0103157786257e-07
-2.278422680800	3.1662978628193e-07
-2.248443435000	4.9604024508545e-07
-2.218464189200	7.7296961526021e-07
-2.188484943400	1.1980921062454e-06
-2.158505697600	1.8471560538126e-06
-2.128526451800	2.8327309907668e-06
-2.098547206000	4.3211377763235e-06
-2.068567960200	6.5566951744726e-06
-2.038588714400	9.8962141535356e-06
-2.008609468600	1.4857766959399e-05
-1.978630222800	2.2189198120954e-05
-1.948650977000	3.2963755528119e-05
-1.918671731200	4.8712705261269e-05
-1.888692485400	7.1608059730675e-05
-1.858713239600	1.0471270380566e-04
-1.828733993800	1.5232054772686e-04
-1.798754748000	2.2041606097921e-04
-1.768775502200	3.1729096434691e-04
-1.738796256400	4.5436632753119e-04
-1.708817010600	6.4728110014900e-04
-1.678837764800	9.1732367592385e-04
-1.648858519000	1.2933017349604e-03
-1.618879273200	1.8139677163534e-03
-1.588900027400	2.5311431500897e-03
-1.558920781600	3.5137149226245e-03
-1.528941535800	4.8527105184040e-03
-1.498962290000	6.6676972024401e-03
-1.468983044200	9.1147917762856e-03
-1.439003798400	1.2396612231531e-02
-1.409024552600	1.6774549433469e-02
-1.379045306800	2.2583784418850e-02
-1.349066061000	3.0251523065141e-02
-1.319086815200	4.0318962327307e-02
-1.289107569400	5.3467537862476e-02
-1.259128323600	7.0550028045540e-02
-1.229149077800	9.2627099913753e-02
-1.199169832000	1.2100987381933e-01
-1.169190586200	1.5730905050446e-01
-1.139211340400	2.0349108176279e-01
-1.109232094600	2.6194176879074e-01
-1.079252848800	3.3553753608017e-01
-1.049273603000	4.2772444939485e-01
-1.019294357200	5.4260482132545e-01
-0.989315111400	6.8503097607230e-01
-0.959335865600	8.6070542747500e-01
-0.929356619800	1.0762863644186e+00
-0.899377374000	1.3394969419639e+00
-0.869398128200	1.6592364543690e+00
-0.839418882400	2.0456910303160e+00
-0.809439636600	2.5104410571422e+00
-0.779460390800	3.0665621285535e+00
-0.749481145000	3.7287159406102e+00
-0.719501899200	4.5132272569270e+00
-0.689522653400	5.4381428500087e+00
-0.659543407600	6.5232682251441e+00
-0.629564161800	7.7901779683080e+00
-0.599584916000	9.2621957490244e+00
-0.569605670200	1.0964340367316e+01
-0.539626424400	1.2923234769112e+01
-0.509647178600	1.5166975667643e+01
-0.479667932800	1.7724962292167e+01
-0.449688687000	2.0627683823544e+01
-0.419709441200	2.3906466243238e+01
-0.389730195400	2.7593180584017e+01
-0.359750949600	3.1719915884781e+01
-0.329771703800	3.6318621469697e+01
-0.299792458000	4.1420724439944e+01
-0.269813212200	4.7056729429228e+01
-0.239833966400	5.3255808676817e+01
-0.209854720600	6.0045391262552e+01
-0.179875474800	6.7450760881789e+01
-0.149896229000	7.5494671778327e+01
-0.119916983200	8.4196992375250e+01
-0.089937737400	9.3574385735816e+01
-0.059958491600	1.0364003525221e+02
-0.029979245800	1.1440342291694e+02
0.000000000000	1.2587016621266e+02
0.029979245800	1.3804191810693e+02
0.059958491600	1.5091633291600e+02
0.089937737400	1.6448709897176e+02
0.119916983200	1.7874403715990e+02
0.149896229000	1.9367326256699e+02
0.179875474800	2.0925740475235e+02
0.209854720600	2.2547588061081e+02
0.239833966400	2.4230521247357e+02
0.269813212200	2.5971938305170e+02
0.299792458000	2.7769021809172e+02
0.329771703800	2.9618778720578e+02
0.359750949600	3.1518081326009e+02
0.389730195400	3.3463708094574e+02
0.419709441200	3.5452383568938e+02
0.449688687000	3.7480816485197e+02
0.479667932800	3.9545735416626e+02
0.509647178600	4.1643921352669e+02
0.539626424400	4.3772236751320e+02
0.569605670200	4.5927650734857e+02
0.599584916000	4.8107260230250e+02
0.629564161800	5.0308306981789e+02
0.659543407600	5.2528190480119e+02
0.689522653400	5.4764476955745e+02
0.719501899200	5.7014904673387e+02
0.749481145000	5.9277385834926e+02
0.779460390800	6.1550005452163e+02
0.809439636600	6.3831017586462e+02
0.839418882400	6.6118839371256e+02
0.869398128200	6.8412043236925e+02
0.899377374000	7.0709347747480e+02
0.929356619800	7.3009607437080e+02
0.959335865600	7.5311802004042e+02
0.989315111400	7.7615025182983e+02
1.019294357200	7.9918473574560e+02
1.049273603000	8.2221435668841e+02
1.079252848800	8.4523281254819e+02
1.109232094600	8.6823451366308e+02
1.139211340400	8.9121448874903e+02
1.169190586200	9.1416829804668e+02
1.199169832000	9.3709195411471e+02
1.229149077800	9.5998185042682e+02
1.259128323600	9.8283469770419e+02
1.289107569400	1.0056474677364e+03
1.319086815200	1.0284173443069e+03
1.349066061000	1.0511416807422e+03
1.379045306800	1.0738179635420e+03
1.409024552600	1.0964437815124e+03
1.439003798400	1.1190167998184e+03
1.468983044200	1.1415347383799e+03
1.498962290000	1.1639953540610e+03
1.528941535800	1.1863964261396e+03
1.558920781600	1.2087357445845e+03
1.588900027400	1.2310111007142e+03
1.618879273200	1.2532202798592e+03
1.648858519000	1.2753610556973e+03
1.678837764800	1.2974311859722e+03
1.708817010600	1.3194284093526e+03
1.738796256400	1.3413504432228e+03
1.768775502200	1.3631949822317e+03
1.798754748000	1.3849596974558e+03
1.828733993800	1.4066422360584e+03
1.858713239600	1.4282402213492e+03
1.888692485400	1.4497512531662e+03
1.918671731200	1.4711729085181e+03
1.948650977000	1.4925027424387e+03
1.978630222800	1.5137382890132e+03
2.008609468600	1.5348770625466e+03
2.038588714400	1.5559165588507e+03
2.068567960200	1.5768542566298e+03
2.098547206000	1.5976876189529e+03
2.128526451800	1.6184140947982e+03
2.158505697600	1.6390311206640e+03
2.188484943400	1.6595361222367e+03
2.218464189200	1.6799265161121e+03
2.248443435000	1.7001997115641e+03
2.278422680800	1.7203531123572e+03
2.308401926600	1.7403841186010e+03
2.338381172400	1.7602901286416e+03
2.368360418200	1.7800685409890e+03
2.398339664000	1.7997167562771e+03
2.428318909800	1.8192321792549e+03
2.458298155600	1.8386122208054e+03
2.488277401400	1.8578542999919e+03
2.518256647200	1.8769558461274e+03
2.548235893000	1.8959143008663e+03
2.578215138800	1.9147271203167e+03
2.608194384600	1.9333917771688e+03
2.638173630400	1.9519057628408e+03
2.668152876200	1.9702665896359e+03
2.698132122000	1.9884717929122e+03
2.728111367800	2.0065189332602e+03
2.758090613600	2.0244055986877e+03
2.788069859400	2.0421294068081e+03
2.818049105200	2.0596880070312e+03
2.848028351000	2.0770790827538e+03
2.878007596800	2.0943003535473e+03
2.907986842600	2.1113495773401e+03
2.937966088400	2.1282245525934e+03
2.967945334200	2.1449231204664e+03
2.997924580000	2.1614431669704e+03
3.027903825800	2.1777826251079e+03
3.057883071600	2.1939394769952e+03
3.087862317400	2.2099117559658e+03
3.117841563200	2.2256975486530e+03
3.147820809000	2.2412949970478e+03
3.177800054800	2.2567023005317e+03
3.207779300600	2.2719177178810e+03
3.237758546400	2.2869395692402e+03
3.267737792200	2.3017662380625e+03
3.297717038000	2.3163961730163e+03
3.327696283800	2.3308278898527e+03
3.357675529600	2.3450599732351e+03
3.387654775400	2.3590910785262e+03
3.417634021200	2.3729199335318e+03
3.447613267000	2.3865453401983e+03
3.477592512800	2.3999661762627e+03
3.507571758600	2.4131813968524e+03
3.537551004400	2.4261900360330e+03
3.567530250200	2.4389912083030e+03
3.597509496000	2.4515841100315e+03
3.627488741800	2.4639680208394e+03
3.657467987600	2.4761423049206e+03
3.687447233400	2.4881064123025e+03
3.717426479200	2.4998598800429e+03
3.747405725000	2.5114023333634e+03
3.777384970800	2.5227334867156e+03
3.807364216600	2.5338531447808e+03
3.837343462400	2.5447612033998e+03
3.867322708200	2.5554576504320e+03
3.897301954000	2.5659425665440e+03
3.927281199800	2.5762161259230e+03
3.957260445600	2.5862785969177e+03
3.987239691400	2.5961303426023e+03
4.017218937200	2.6057718212648e+03
4.047198183000	2.6152035868169e+03
4.077177428800	2.6244262891260e+03
4.107156674600	2.6334406742671e+03
4.137135920400	2.6422475846947e+03
4.167115166200	2.6508479593339e+03
4.197094412000	2.6592428335894e+03
4.227073657800	2.6674333392724e+03
4.257052903600	2.6754207044452e+03
4.287032149400	2.6832062531818e+03
4.317011395200	2.6907914052455e+03
4.346990641000	2.6981776756831e+03
4.376969886800	2.7053666743339e+03
4.406949132600	2.7123601052562e+03
4.436928378400	2.7191597660683e+03
4.466907624200	2.7257675472062e+03
4.496886870000	2.7321854310972e+03
4.526866115800	2.7384154912501e+03
4.556845361600	2.7444598912611e+03
4.586824607400	2.7503208837377e+03
4.616803853200	2.7560008091396e+03
4.646783099000	2.7615020945373e+03
4.676762344800	2.7668272522895e+03
4.706741590600	2.7719788786401e+03
4.736720836400	2.7769596522348e+03
4.766700082200	2.7817723325587e+03
4.796679328000	2.7864197582961e+03
4.826658573800	2.7909048456125e+03
4.856637819600	2.7952305863614e+03
4.886617065400	2.7994000462155e+03
4.916596311200	2.8034163627247e+03
4.946575557000	2.8072827433016e+03
4.976554802800	2.8110024631366e+03
5.006534048600	2.8145788630422e+03
5.036513294400	2.8180153472315e+03
5.066492540200	2.8213153810281e+03
5.096471786000	2.8244824885134e+03
5.126451031800	2.8275202501095e+03
5.156430277600	2.8304323001024e+03
5.186409523400	2.8332223241045e+03
5.216388769200	2.8358940564611e+03
5.246368015000	2.8384512776013e+03
5.276347260800	2.8408978113355e+03
5.306326506600	2.8432375221020e+03
5.336305752400	2.8454743121645e+03
5.366284998200	2.8476121187637e+03
5.396264244000	2.8496549112234e+03
5.426243489800	2.8516066880155e+03
5.456222735600	2.8534714737850e+03
5.486201981400	2.8552533163376e+03
5.516181227200	2.8569562835929e+03
5.546160473000	2.8585844605051e+03
5.576139718800	2.8601419459542e+03
5.606118964600	2.8616328496100e+03
5.636098210400	2.8630612887718e+03
5.666077456200	2.8644313851860e+03
5.696056702000	2.8657472618450e+03
5.726035947800	2.8670130397695e+03
5.756015193600	2.8682328347771e+03
5.785994439400	2.8694107542401e+03
5.815973685200	2.8705508938353e+03
5.845952931000	2.8716573342889e+03
5.875932176800	2.8727341381177e+03
5.905911422600	2.8737853463724e+03
5.935890668400	2.8748149753829e+03
5.965869914200	2.8758270135103e+03
5.995849160000	2.8768254179073e+03
6.025828405800	2.8778141112915e+03
6.055807651600	2.8787969787321e+03
6.085786897400	2.8797778644551e+03
6.115766143200	2.8807605686687e+03
6.145745389000	2.8817488444114e+03
6.175724634800	2.8827463944272e+03
6.205703880600	2.8837568680688e+03
6.235683126400	2.8847838582335e+03
6.265662372200	2.8858308983323e+03
6.295641618000	2.8869014592976e+03
6.325620863800	2.8879989466306e+03
6.355600109600	2.8891266974907e+03
6.385579355400	2.8902879778313e+03
6.415558601200	2.8914859795837e+03
6.445537847000	2.8927238178907e+03
6.475517092800	2.8940045283950e+03
6.505496338600	2.8953310645823e+03
6.535475584400	2.8967062951833e+03
6.565454830200	2.8981330016369e+03
6.595434076000	2.8996138756159e+03
6.625413321800	2.9011515166189e+03
6.655392567600	2.9027484296303e+03
6.685371813400	2.9044070228499e+03
6.715351059200	2.9061296054958e+03
6.745330305000	2.9079183856811e+03
6.775309550800	2.9097754683681e+03
6.805288796600	2.9117028534007e+03
6.835268042400	2.9137024336176e+03
6.865247288200	2.9157759930485e+03
6.895226534000	2.9179252051944e+03
6.925205779800	2.9201516313940e+03
6.955185025600	2.9224567192790e+03
6.985164271400	2.9248418013175e+03
7.015143517200	2.9273080934499e+03
7.045122763000	2.9298566938166e+03
7.075102008800	2.9324885815801e+03
7.105081254600	2.9352046158420e+03
7.135060500400	2.9380055346572e+03
7.165039746200	2.9408919541453e+03
7.195018992000	2.9438643677010e+03
7.224998237800	2.9469231453045e+03
7.254977483600	2.9500685329324e+03
7.284956729400	2.9533006520698e+03
7.314935975200	2.9566194993259e+03
7.344915221000	2.9600249461509e+03
7.374894466800	2.9635167386576e+03
7.404873712600	2.9670944975467e+03
7.434852958400	2.9707577181361e+03
7.464832204200	2.9745057704949e+03
7.494811450000	2.9783378996832e+03
7.524790695800	2.9822532260950e+03
7.554769941600	2.9862507459081e+03
7.584749187400	2.9903293316376e+03
7.614728433200	2.9944877327944e+03
7.644707679000	2.9987245766486e+03
7.674686924800	3.0030383690964e+03
7.704666170600	3.0074274956317e+03
7.734645416400	3.0118902224195e+03
7.764624662200	3.0164246974730e+03
7.794603908000	3.0210289519322e+03
7.824583153800	3.0257009014434e+03
7.854562399600	3.0304383476389e+03
7.884541645400	3.0352389797163e+03
7.914520891200	3.0401003761151e+03
7.944500137000	3.0450200062908e+03
7.974479382800	3.0499952325850e+03
8.004458628600	3.0550233121893e+03
8.034437874400	3.0601013992023e+03
8.064417120200	3.0652265467783e+03
8.094396366000	3.0703957093660e+03
8.124375611800	3.0756057450348e+03
8.154354857600	3.0808534178888e+03
8.184334103400	3.0861354005638e+03
8.214313349200	3.0914482768091e+03
8.244292595000	3.0967885441484e+03
8.274271840800	3.1021526166205e+03
8.304251086600	3.1075368275963e+03
8.334230332400	3.1129374326704e+03
8.364209578200	3.1183506126252e+03
8.394188824000	3.1237724764643e+03
8.424168069800	3.1291990645140e+03
8.454147315600	3.1346263515897e+03
8.484126561400	3.1400502502248e+03
8.514105807200	3.1454666139600e+03
8.544085053000	3.1508712406896e+03
8.574064298800	3.1562598760625e+03
8.604043544600	3.1616282169357e+03
8.634022790400	3.1669719148766e+03
8.664002036200	3.1722865797117e+03
8.693981282000	3.1775677831193e+03
8.723960527800	3.1828110622623e+03
8.753939773600	3.1880119234586e+03
8.783919019400	3.1931658458874e+03
8.813898265200	3.1982682853252e+03
8.843877511000	3.2033146779122e+03
8.873856756800	3.2083004439437e+03
8.903836002600	3.2132209916829e+03
8.933815248400	3.2180717211950e+03
8.963794494200	3.2228480281956e+03
8.993773740000	3.2275453079132e+03
9.023752985800	3.2321589589611e+03
9.053732231600	3.2366843872159e+03
9.083711477400	3.2411170096994e+03
9.113690723200	3.2454522584608e+03
9.143669969000	3.2496855844559e+03
9.173649214800	3.2538124614194e+03
9.203628460600	3.2578283897289e+03
9.233607706400	3.2617289002549e+03
9.263586952200	3.2655095581959e+03
9.293566198000	3.2691659668934e+03
9.323545443800	3.2726937716259e+03
9.353524689600	3.2760886633761e+03
9.383503935400	3.2793463825700e+03
9.413483181200	3.2824627227845e+03
9.443462427000	3.2854335344198e+03
9.473441672800	3.2882547283337e+03
9.503420918600	3.2909222794352e+03
9.533400164400	3.2934322302339e+03
9.563379410200	3.2957806943420e+03
9.593358656000	3.2979638599273e+03
9.623337901800	3.2999779931119e+03
9.653317147600	3.3018194413164e+03
9.683296393400	3.3034846365447e+03
9.713275639200	3.3049700986076e+03
9.743254885000	3.3062724382823e+03
9.773234130800	3.3073883604054e+03
9.803213376600	3.3083146668956e+03
9.833192622400	3.3090482597057e+03
9.863171868200	3.3095861436986e+03
9.893151114000	3.3099254294480e+03
9.923130359800	3.3100633359579e+03
9.953109605600	3.3099971933022e+03
9.983088851400	3.3097244451791e+03
10.013068097200	3.3092426513803e+03
10.043047343000	3.3085494901713e+03
10.073026588800	3.3076427605817e+03
10.103005834600	3.3065203846037e+03
10.132985080400	3.3051804092956e+03
10.162964326200	3.3036210087904e+03
10.192943572000	3.3018404862059e+03
10.222922817800	3.2998372754564e+03
10.252902063600	3.2976099429622e+03
10.282881309400	3.2951571892584e+03
10.312860555200	3.2924778504988e+03
10.342839801000	3.2895708998551e+03
10.372819046800	3.2864354488099e+03
10.402798292600	3.2830707483424e+03
10.432777538400	3.2794761900054e+03
10.462756784200	3.2756513068929e+03
10.492736030000	3.2715957744979e+03
10.522715275800	3.2673094114587e+03
10.552694521600	3.2627921801936e+03
10.582673767400	3.2580441874238e+03
10.612653013200	3.2530656845824e+03
10.642632259000	3.2478570681118e+03
10.672611504800	3.2424188796465e+03
10.702590750600	3.2367518060823e+03
10.732569996400	3.2308566795327e+03
10.762549242200	3.2247344771702e+03
10.792528488000	3.2183863209549e+03
10.822507733800	3.2118134772495e+03
10.852486979600	3.2050173563201e+03
10.882466225400	3.1979995117258e+03
10.912445471200	3.1907616395942e+03
10.942424717000	3.1833055777860e+03
10.972403962800	3.1756333049486e+03
11.002383208600	3.1677469394584e+03
11.032362454400	3.1596487382541e+03
11.062341700200	3.1513410955613e+03
11.092320946000	3.1428265415091e+03
11.122300191800	3.1341077406405e+03
11.152279437600	3.1251874903170e+03
11.182258683400	3.1160687190197e+03
11.212237929200	3.1067544845472e+03
11.242217175000	3.0972479721125e+03
11.272196420800	3.0875524923399e+03
11.302175666600	3.0776714791643e+03
11.332154912400	3.0676084876339e+03
11.362134158200	3.0573671916176e+03
11.392113404000	3.0469513814213e+03
11.422092649800	3.0363649613115e+03
11.452071895600	3.0256119469514e+03
11.482051141400	3.0146964627501e+03
11.512030387200	3.0036227391267e+03
11.542009633000	2.9923951096926e+03
11.571988878800	2.9810180083538e+03
11.601968124600	2.9694959663352e+03
11.631947370400	2.9578336091299e+03
11.661926616200	2.9460356533756e+03
11.691905862000	2.9341069036612e+03
11.721885107800	2.9220522492651e+03
11.751864353600	2.9098766608289e+03
11.781843599400	2.8975851869693e+03
11.811822845200	2.8851829508297e+03
11.841802091000	2.8726751465753e+03
11.871781336800	2.8600670358350e+03
11.901760582600	2.8473639440916e+03
11.931739828400	2.8345712570240e+03
11.961719074200	2.8216944168051e+03
11.991698320000	2.8087389183565e+03
12.021677565800	2.7957103055652e+03
12.051656811600	2.7826141674638e+03
12.081636057400	2.7694561343778e+03
12.111615303200	2.7562418740431e+03
12.141594549000	2.7429770876977e+03
12.171573794800	2.7296675061482e+03
12.201553040600	2.7163188858181e+03
12.231532286400	2.7029370047770e+03
12.261511532200	2.6895276587571e+03
12.291490778000	2.6760966571589e+03
12.321470023800	2.6626498190485e+03
12.351449269600	2.6491929691514e+03
12.381428515400	2.6357319338451e+03
12.411407761200	2.6222725371532e+03
12.441387007000	2.6088205967454e+03
12.471366252800	2.5953819199456e+03
12.501345498600	2.5819622997518e+03
12.531324744400	2.5685675108705e+03
12.561303990200	2.5552033057699e+03
12.591283236000	2.5418754107526e+03
12.621262481800	2.5285895220541e+03
12.651241727600	2.5153513019674e+03
12.681220973400	2.5021663749987e+03
12.711200219200	2.4890403240556e+03
12.741179465000	2.4759786866721e+03
12.771158710800	2.4629869512728e+03
12.801137956600	2.4500705534791e+03
12.831117202400	2.4372348724606e+03
12.861096448200	2.4244852273342e+03
12.891075694000	2.4118268736137e+03
12.921054939800	2.3992649997132e+03
12.951034185600	2.3868047235060e+03
12.981013431400	2.3744510889429e+03
13.010992677200	2.3622090627310e+03
13.040971923000	2.3500835310771e+03
13.070951168800	2.3380792964964e+03
13.100930414600	2.3262010746909e+03
13.130909660400	2.3144534914980e+03
13.160888906200	2.3028410799133e+03
13.190868152000	2.2913682771876e+03
13.220847397800	2.2800394220029e+03
13.250826643600	2.2688587517276e+03
13.280805889400	2.2578303997530e+03
13.310785135200	2.2469583929145e+03
13.340764381000	2.2362466489973e+03
13.370743626800	2.2256989743301e+03
13.400722872600	2.2153190614681e+03
13.430702118400	2.2051104869653e+03
13.460681364200	2.1950767092409e+03
13.490660610000	2.1852210665379e+03
13.520639855800	2.1755467749778e+03
13.550619101600	2.1660569267106e+03
13.580598347400	2.1567544881640e+03
13.610577593200	2.1476422983895e+03
13.640556839000	2.1387230675099e+03
13.670536084800	2.1299993752666e+03
13.700515330600	2.1214736696691e+03
13.730494576400	2.1131482657464e+03
13.760473822200	2.1050253444022e+03
13.790453068000	2.0971069513737e+03
13.820432313800	2.0893949962941e+03
13.850411559600	2.0818912518606e+03
13.880390805400	2.0745973531076e+03
13.910370051200	2.0675147967843e+03
13.940349297000	2.0606449408389e+03
13.970328542800	2.0539890040078e+03
14.000307788600	2.0475480655108e+03
14.030287034400	2.0413230648516e+03
14.060266280200	2.0353148017237e+03
14.090245526000	2.0295239360216e+03
14.120224771800	2.0239509879568e+03
14.150204017600	2.0185963382774e+03
14.180183263400	2.0134602285927e+03
14.210162509200	2.0085427617998e+03
14.240141755000	2.0038439026137e+03
14.270121000800	1.9993634781985e+03
14.300100246600	1.9951011788994e+03
14.330079492400	1.9910565590752e+03
14.360058738200	1.9872290380293e+03
14.390037984000	1.9836179010386e+03
14.420017229800	1.9802223004789e+03
14.449996475600	1.9770412570459e+03
14.479975721400	1.9740736610703e+03
14.509954967200	1.9713182739250e+03
14.539934213000	1.9687737295246e+03
14.569913458800	1.9664385359130e+03
14.599892704600	1.9643110769405e+03
14.629871950400	1.9623896140263e+03
14.659851196200	1.9606722880057e+03
14.689830442000	1.9591571210605e+03
14.719809687800	1.9578420187300e+03
14.749788933600	1.9567247720007e+03
14.779768179400	1.9558030594735e+03
14.809747425200	1.9550744496056e+03
14.839726671000	1.9545364030246e+03
14.869705916800	1.9541862749146e+03
14.899685162600	1.9540213174691e+03
14.929664408400	1.9540386824117e+03
14.959643654200	1.9542354235790e+03
14.989622900000	1.9546084995664e+03
15.019602145800	1.9551547764324e+03
15.049581391600	1.9558710304595e+03
15.079560637400	1.9567539509699e+03
15.109539883200	1.9578001431918e+03
15.139519129000	1.9590061311764e+03
15.169498374800	1.9603683607600e+03
15.199477620600	1.9618832025714e+03
15.229456866400	1.9635469550798e+03
15.259436112200	1.9653558476817e+03
15.289415358000	1.9673060438243e+03
15.319394603800	1.9693936441614e+03
15.349373849600	1.9716146897413e+03
15.379353095400	1.9739651652212e+03
15.409332341200	1.9764410021082e+03
15.439311587000	1.9790380820217e+03
15.469290832800	1.9817522399767e+03
15.499270078600	1.9845792676831e+03
15.529249324400	1.9875149168599e+03
15.559228570200	1.9905549025609e+03
15.589207816000	1.9936949065094e+03
15.619187061800	1.9969305804382e+03
15.649166307600	2.0002575494339e+03
15.679145553400	2.0036714152812e+03
15.709124799200	2.0071677598056e+03
15.739104045000	2.0107421482111e+03
15.769083290800	2.0143901324104e+03
15.799062536600	2.0181072543453e+03
15.829041782400	2.0218890492943e+03
15.859021028200	2.0257310491648e+03
15.889000274000	2.0296287857675e+03
15.918979519800	2.0335777940707e+03
15.948958765600	2.0375736154310e+03
15.978938011400	2.0416118007993e+03
16.008917257200	2.0456879138987e+03
16.038896503000	2.0497975343718e+03
16.068875748800	2.0539362608957e+03
16.098854994600	2.0580997142624e+03
16.128834240400	2.0622835404210e+03
16.158813486200	2.0664834134812e+03
16.188792732000	2.0706950386750e+03
16.218771977800	2.0749141552742e+03
16.248751223600	2.0791365394626e+03
16.278730469400	2.0833580071593e+03
16.308709715200	2.0875744167931e+03
16.338688961000	2.0917816720242e+03
16.368668206800	2.0959757244126e+03
16.398647452600	2.1001525760307e+03
16.428626698400	2.1043082820184e+03
16.458605944200	2.1084389530794e+03
16.488585190000	2.1125407579170e+03
16.518564435800	2.1166099256068e+03
16.548543681600	2.1206427479062e+03
16.578522927400	2.1246355814989e+03
16.608502173200	2.1285848501723e+03
16.638481419000	2.1324870469267e+03
16.668460664800	2.1363387360161e+03
16.698439910600	2.1401365549180e+03
16.728419156400	2.1438772162318e+03
16.758398402200	2.1475575095051e+03
16.788377648000	2.1511743029856e+03
16.818356893800	2.1547245452995e+03
16.848336139600	2.1582052670539e+03
16.878315385400	2.1616135823640e+03
16.908294631200	2.1649466903028e+03
16.938273877000	2.1682018762738e+03
16.968253122800	2.1713765133061e+03
16.998232368600	2.1744680632708e+03
17.028211614400	2.1774740780187e+03
17.058190860200	2.1803922004392e+03
17.088170106000	2.1832201654396e+03
17.118149351800	2.1859558008451e+03
17.148128597600	2.1885970282191e+03
17.178107843400	2.1911418636036e+03
17.208087089200	2.1935884181806e+03
17.238066335000	2.1959348988532e+03
17.268045580800	2.1981796087481e+03
17.298024826600	2.2003209476382e+03
17.328004072400	2.2023574122873e+03
17.357983318200	2.2042875967151e+03
17.387962564000	2.2061101923857e+03
17.417941809800	2.2078239883176e+03
17.447921055600	2.2094278711167e+03
17.477900301400	2.2109208249339e+03
17.507879547200	2.2123019313463e+03
17.537858793000	2.2135703691638e+03
17.567838038800	2.2147254141622e+03
17.597817284600	2.2157664387423e+03
17.627796530400	2.2166929115175e+03
17.657775776200	2.2175043968303e+03
17.687755022000	2.2182005541982e+03
17.717734267800	2.2187811376907e+03
17.747713513600	2.2192459952394e+03
17.777692759400	2.2195950678799e+03
17.807672005200	2.2198283889297e+03
17.837651251000	2.2199460831015e+03
17.867630496800	2.2199483655537e+03
17.897609742600	2.2198355408803e+03
17.927588988400	2.2196080020404e+03
17.957568234200	2.2192662292293e+03
17.987547480000	2.2188107886937e+03
18.017526725800	2.2182423314906e+03
18.047505971600	2.2175615921937e+03
18.077485217400	2.2167693875466e+03
18.107464463200	2.2158666150673e+03
18.137443709000	2.2148542516029e+03
18.167422954800	2.2137333518381e+03
18.197402200600	2.2125050467585e+03
18.227381446400	2.2111705420706e+03
18.257360692200	2.2097311165807e+03
18.287339938000	2.2081881205342e+03
18.317319183800	2.2065429739166e+03
18.347298429600	2.2047971647194e+03
18.377277675400	2.2029522471716e+03
18.407256921200	2.2010098399396e+03
18.437236167000	2.1989716242966e+03
18.467215412800	2.1968393422641e+03
18.497194658600	2.1946147947267e+03
18.527173904400	2.1922998395235e+03
18.557153150200	2.1898963895163e+03
18.587132396000	2.1874064106378e+03
18.617111641800	2.1848319199214e+03
18.647090887600	2.1821749835143e+03
18.677070133400	2.1794377146765e+03
18.707049379200	2.1766222717666e+03
18.737028625000	2.1737308562174e+03
18.767007870800	2.1707657105027e+03
18.796987116600	2.1677291160970e+03
18.826966362400	2.1646233914307e+03
18.856945608200	2.1614508898419e+03
18.886924854000	2.1582139975273e+03
18.916904099800	2.1549151314936e+03
18.946883345600	2.1515567375115e+03
18.976862591400	2.1481412880740e+03
19.006841837200	2.1446712803608e+03
19.036821083000	2.1411492342106e+03
19.066800328800	2.1375776901030e+03
19.096779574600	2.1339592071518e+03
19.126758820400	2.1302963611108e+03
19.156738066200	2.1265917423950e+03
19.186717312000	2.1228479541174e+03
19.216696557800	2.1190676101440e+03
19.246675803600	2.1152533331679e+03
19.276655049400	2.1114077528042e+03
19.306634295200	2.1075335037078e+03
19.336613541000	2.1036332237141e+03
19.366592786800	2.0997095520055e+03
19.396572032600	2.0957651273042e+03
19.426551278400	2.0918025860925e+03
19.456530524200	2.0878245608627e+03
19.486509770000	2.0838336783968e+03
19.516489015800	2.0798325580777e+03
19.546468261600	2.0758238102332e+03
19.576447507400	2.0718100345135e+03
19.606426753200	2.0677938183032e+03
19.636405999000	2.0637777351690e+03
19.666385244800	2.0597643433444e+03
19.696364490600	2.0557561842509e+03
19.726343736400	2.0517557810586e+03
19.756322982200	2.0477656372853e+03
19.786302228000	2.0437882354347e+03
19.816281473800	2.0398260356767e+03
19.846260719600	2.0358814745673e+03
19.876239965400	2.0319569638108e+03
19.906219211200	2.0280548890641e+03
19.936198457000	2.0241776087837e+03
19.966177702800	2.0203274531155e+03
19.996156948600	2.0165067228287e+03
20.026136194400	2.0127176882924e+03
20.056115440200	2.0089625884970e+03
20.086094686000	2.0052436301196e+03
20.116073931800	2.0015629866338e+03
20.146053177600	1.9979227974637e+03
20.176032423400	1.9943251671826e+03
20.206011669200	1.9907721647565e+03
20.235990915000	1.9872658228315e+03
20.265970160800	1.9838081370659e+03
20.295949406600	1.9804010655068e+03
20.325928652400	1.9770465280099e+03
20.355907898200	1.9737464057039e+03
20.385887144000	1.9705025404981e+03
20.415866389800	1.9673167346330e+03
20.445845635600	1.9641907502739e+03
20.475824881400	1.9611263091466e+03
20.505804127200	1.9581250922154e+03
20.535783373000	1.9551887394017e+03
20.565762618800	1.9523188493441e+03
20.595741864600	1.9495169791985e+03
20.625721110400	1.9467846444776e+03
20.655700356200	1.9441233189292e+03
20.685679602000	1.9415344344530e+03
20.715658847800	1.9390193810546e+03
20.745638093600	1.9365795068361e+03
20.775617339400	1.9342161180223e+03
20.805596585200	1.9319304790226e+03
20.835575831000	1.9297238125259e+03
20.865555076800	1.9275972996293e+03
20.895534322600	1.9255520799989e+03
20.925513568400	1.9235892520619e+03
20.955492814200	1.9217098732285e+03
20.985472060000	1.9199149601435e+03
21.015451305800	1.9182054889657e+03
21.045430551600	1.9165823956744e+03
21.075409797400	1.9150465764026e+03
21.105389043200	1.9135988877936e+03
21.135368289000	1.9122401473829e+03
21.165347534800	1.9109711340022e+03
21.195326780600	1.9097925882040e+03
21.225306026400	1.9087052127080e+03
21.255285272200	1.9077096728657e+03
21.285264518000	1.9068065971431e+03
21.315243763800	1.9059965776200e+03
21.345223009600	1.9052801705055e+03
21.375202255400	1.9046578966671e+03
21.405181501200	1.9041302421733e+03
21.435160747000	1.9036976588483e+03
21.465139992800	1.9033605648367e+03
21.495119238600	1.9031193451790e+03
21.525098484400	1.9029743523942e+03
21.555077730200	1.9029259070701e+03
21.585056976000	1.9029742984594e+03
21.615036221800	1.9031197850807e+03
21.645015467600	1.9033625953231e+03
21.674994713400	1.9037029280527e+03
21.704973959200	1.9041409532212e+03
21.734953205000	1.9046768124741e+03
21.764932450800	1.9053106197578e+03
21.794911696600	1.9060424619251e+03
21.824890942400	1.9068723993373e+03
21.854870188200	1.9078004664618e+03
21.884849434000	1.9088266724646e+03
21.914828679800	1.9099510017970e+03
21.944807925600	1.9111734147739e+03
21.974787171400	1.9124938481449e+03
22.004766417200	1.9139122156557e+03
22.034745663000	1.9154284085989e+03
22.064724908800	1.9170422963546e+03
22.094704154600	1.9187537269189e+03
22.124683400400	1.9205625274186e+03
22.154662646200	1.9224685046142e+03
22.184641892000	1.9244714453868e+03
22.214621137800	1.9265711172109e+03
22.244600383600	1.9287672686114e+03
22.274579629400	1.9310596296036e+03
22.304558875200	1.9334479121169e+03
22.334538121000	1.9359318103999e+03
22.364517366800	1.9385110014082e+03
22.394496612600	1.9411851451728e+03
22.424475858400	1.9439538851493e+03
22.454455104200	1.9468168485479e+03
22.484434350000	1.9497736466425e+03
22.514413595800	1.9528238750599e+03
22.544392841600	1.9559671140480e+03
22.574372087400	1.9592029287233e+03
22.604351333200	1.9625308692958e+03
22.634330579000	1.9659504712742e+03
22.664309824800	1.9694612556477e+03
22.694289070600	1.9730627290470e+03
22.724268316400	1.9767543838830e+03
22.754247562200	1.9805356984632e+03
22.784226808000	1.9844061370870e+03
22.814206053800	1.9883651501181e+03
22.844185299600	1.9924121740358e+03
22.874164545400	1.9965466314639e+03
22.904143791200	2.0007679311788e+03
22.934123037000	2.0050754680953e+03
22.964102282800	2.0094686232323e+03
22.994081528600	2.0139467636569e+03
23.024060774400	2.0185092424082e+03
23.054040020200	2.0231553984011e+03
23.084019266000	2.0278845563103e+03
23.113998511800	2.0326960264344e+03
23.143977757600	2.0375891045426e+03
23.173957003400	2.0425630717011e+03
23.203936249200	2.0476171940834e+03
23.233915495000	2.0527507227628e+03
23.263894740800	2.0579628934878e+03
23.293873986600	2.0632529264424e+03
23.323853232400	2.0686200259905e+03
23.353832478200	2.0740633804064e+03
23.383811724000	2.0795821615907e+03
23.413790969800	2.0851755247740e+03
23.443770215600	2.0908426082077e+03
23.473749461400	2.0965825328438e+03
23.503728707200	2.1023944020041e+03
23.533707953000	2.1082773010398e+03
23.563687198800	2.1142302969819e+03
23.593666444600	2.1202524381845e+03
23.623645690400	2.1263427539608e+03
23.653624936200	2.1325002542132e+03
23.683604182000	2.1387239290585e+03
23.713583427800	2.1450127484493e+03
23.743562673600	2.1513656617925e+03
23.773541919400	2.1577815975659e+03
23.803521165200	2.1642594629340e+03
23.833500411000	2.1707981433640e+03
23.863479656800	2.1773965022434e+03
23.893458902600	2.1840533804997e+03
23.923438148400	2.1907675962238e+03
23.953417394200	2.1975379442979e+03
23.983396640000	2.2043631960293e+03
24.013375885800	2.2112420987906e+03
24.043355131600	2.2181733756687e+03
24.073334377400	2.2251557251215e+03
24.103313623200	2.2321878206459e+03
24.133292869000	2.2392683104565e+03
24.163272114800	2.2463958171767e+03
24.193251360600	2.2535689375433e+03
24.223230606400	2.2607862421252e+03
24.253209852200	2.2680462750587e+03
24.283189098000	2.2753475537982e+03
24.313168343800	2.2826885688853e+03
24.343147589600	2.2900677837367e+03
24.373126835400	2.2974836344513e+03
24.403106081200	2.3049345296388e+03
24.433085327000	2.3124188502697e+03
24.463064572800	2.3199349495475e+03
24.493043818600	2.3274811528058e+03
24.523023064400	2.3350557574289e+03
24.553002310200	2.3426570327983e+03
24.582981556000	2.3502832202658e+03
24.612960801800	2.3579325331538e+03
24.642940047600	2.3656031567830e+03
24.672919293400	2.3732932485302e+03
24.702898539200	2.3810009379142e+03
24.732877785000	2.3887243267140e+03
24.762857030800	2.3964614891159e+03
24.792836276600	2.4042104718942e+03
24.822815522400	2.4119692946232e+03
24.852794768200	2.4197359499224e+03
24.882774014000	2.4275084037357e+03
24.912753259800	2.4352845956441e+03
24.942732505600	2.4430624392130e+03
24.972711751400	2.4508398223751e+03
25.002690997200	2.4586146078481e+03
25.032670243000	2.4663846335881e+03
25.062649488800	2.4741477132797e+03
25.092628734600	2.4819016368622e+03
25.122607980400	2.4896441710921e+03
25.152587226200	2.4973730601427e+03
25.182566472000	2.5050860262409e+03
25.212545717800	2.5127807703405e+03
25.242524963600	2.5204549728330e+03
25.272504209400	2.5281062942957e+03
25.302483455200	2.5357323762760e+03
25.332462701000	2.5433308421138e+03
25.362441946800	2.5508992978006e+03
25.392421192600	2.5584353328740e+03
25.422400438400	2.5659365213508e+03
25.452379684200	2.5734004226945e+03
25.482358930000	2.5808245828196e+03
25.512338175800	2.5882065351310e+03
25.542317421600	2.5955438015989e+03
25.572296667400	2.6028338938679e+03
25.602275913200	2.6100743144006e+03
25.632255159000	2.6172625576543e+03
25.662234404800	2.6243961112912e+03
25.692213650600	2.6314724574204e+03
25.722192896400	2.6384890738718e+03
25.752172142200	2.6454434355006e+03
25.782151388000	2.6523330155224e+03
25.812130633800	2.6591552868766e+03
25.842109879600	2.6659077236191e+03
25.872089125400	2.6725878023419e+03
25.902068371200	2.6791930036189e+03
25.932047617000	2.6857208134780e+03
25.962026862800	2.6921687248966e+03
25.992006108600	2.6985342393212e+03
26.021985354400	2.7048148682085e+03
26.051964600200	2.7110081345879e+03
26.081943846000	2.7171115746438e+03
26.111923091800	2.7231227393162e+03
26.141902337600	2.7290391959186e+03
26.171881583400	2.7348585297718e+03
26.201860829200	2.7405783458528e+03
26.231840075000	2.7461962704560e+03
26.261819320800	2.7517099528668e+03
26.291798566600	2.7571170670456e+03
26.321777812400	2.7624153133202e+03
26.351757058200	2.7676024200861e+03
26.381736304000	2.7726761455125e+03
26.411715549800	2.7776342792519e+03
26.441694795600	2.7824746441540e+03
26.471674041400	2.7871950979791e+03
26.501653287200	2.7917935351121e+03
26.531632533000	2.7962678882739e+03
26.561611778800	2.8006161302294e+03
26.591591024600	2.8048362754897e+03
26.621570270400	2.8089263820077e+03
26.651549516200	2.8128845528647e+03
26.681528762000	2.8167089379463e+03
26.711508007800	2.8203977356068e+03
26.741487253600	2.8239491943193e+03
26.771466499400	2.8273616143103e+03
26.801445745200	2.8306333491770e+03
26.831424991000	2.8337628074858e+03
26.861404236800	2.8367484543498e+03
26.891383482600	2.8395888129844e+03
26.921362728400	2.8422824662383e+03
26.951341974200	2.8448280580988e+03
26.981321220000	2.8472242951696e+03
27.011300465800	2.8494699481197e+03
27.041279711600	2.8515638531011e+03
27.071258957400	2.8535049131342e+03
27.101238203200	2.8552920994588e+03
27.131217449000	2.8569244528496e+03
27.161196694800	2.8584010848945e+03
27.191175940600	2.8597211792335e+03
27.221155186400	2.8608839927570e+03
27.251134432200	2.8618888567631e+03
27.281113678000	2.8627351780701e+03
27.311092923800	2.8634224400846e+03
27.341072169600	2.8639502038230e+03
27.371051415400	2.8643181088856e+03
27.401030661200	2.8645258743804e+03
27.431009907000	2.8645732997971e+03
27.460989152800	2.8644602658290e+03
27.490968398600	2.8641867351418e+03
27.520947644400	2.8637527530872e+03
27.550926890200	2.8631584483624e+03
27.580906136000	2.8624040336107e+03
27.610885381800	2.8614898059666e+03
27.640864627600	2.8604161475398e+03
27.670843873400	2.8591835258406e+03
27.700823119200	2.8577924941440e+03
27.730802365000	2.8562436917914e+03
27.760781610800	2.8545378444308e+03
27.790760856600	2.8526757641920e+03
27.820740102400	2.8506583497986e+03
27.850719348200	2.8484865866150e+03
27.880698594000	2.8461615466264e+03
27.910677839800	2.8436843883547e+03
27.940657085600	2.8410563567056e+03
27.970636331400	2.8382787827499e+03
28.000615577200	2.8353530834362e+03
28.030594823000	2.8322807612359e+03
28.060574068800	2.8290634037199e+03
28.090553314600	2.8257026830671e+03
28.120532560400	2.8222003555029e+03
28.150511806200	2.8185582606703e+03
28.180491052000	2.8147783209312e+03
28.210470297800	2.8108625405992e+03
28.240449543600	2.8068130051030e+03
28.270428789400	2.8026318800821e+03
28.300408035200	2.7983214104129e+03
28.330387281000	2.7938839191673e+03
28.360366526800	2.7893218065035e+03
28.390345772600	2.7846375484886e+03
28.420325018400	2.7798336958548e+03
28.450304264200	2.7749128726894e+03
28.480283510000	2.7698777750575e+03
28.510262755800	2.7647311695615e+03
28.540242001600	2.7594758918343e+03
28.570221247400	2.7541148449696e+03
28.600200493200	2.7486509978894e+03
28.630179739000	2.7430873836493e+03
28.660158984800	2.7374270976828e+03
28.690138230600	2.7316732959855e+03
28.720117476400	2.7258291932411e+03
28.750096722200	2.7198980608890e+03
28.780075968000	2.7138832251356e+03
28.810055213800	2.7077880649109e+03
28.840034459600	2.7016160097701e+03
28.870013705400	2.6953705377444e+03
28.899992951200	2.6890551731393e+03
28.929972197000	2.6826734842839e+03
28.959951442800	2.6762290812326e+03
28.989930688600	2.6697256134203e+03
29.019909934400	2.6631667672722e+03
29.049889180200	2.6565562637720e+03
29.079868426000	2.6498978559875e+03
29.109847671800	2.6431953265581e+03
29.139826917600	2.6364524851436e+03
29.169806163400	2.6296731658382e+03
29.199785409200	2.6228612245507e+03
29.229764655000	2.6160205363525e+03
29.259743900800	2.6091549927967e+03
29.289723146600	2.6022684992088e+03
29.319702392400	2.5953649719527e+03
29.349681638200	2.5884483356724e+03
29.379660884000	2.5815225205137e+03
29.409640129800	2.5745914593256e+03
29.439619375600	2.5676590848458e+03
29.469598621400	2.5607293268718e+03
29.499577867200	2.5538061094185e+03
29.529557113000	2.5468933478678e+03
29.559536358800	2.5399949461087e+03
29.589515604600	2.5331147936734e+03
29.619494850400	2.5262567628699e+03
29.649474096200	2.5194247059143e+03
29.679453342000	2.5126224520649e+03
29.709432587800	2.5058538047601e+03
29.739411833600	2.4991225387641e+03
29.769391079400	2.4924323973201e+03
29.799370325200	2.4857870893163e+03
29.829349571000	2.4791902864650e+03
29.859328816800	2.4726456204985e+03
29.889308062600	2.4661566803833e+03
29.919287308400	2.4597270095557e+03
29.949266554200	2.4533601031806e+03
29.979245800000	2.4470594054370e+03
30.009225045800	2.4408283068306e+03
30.039204291600	2.4346701415382e+03
30.069183537400	2.4285881847843e+03
30.099162783200	2.4225856502533e+03
30.129142029000	2.4166656875398e+03
30.159121274800	2.4108313796380e+03
30.189100520600	2.4050857404737e+03
30.219079766400	2.3994317124811e+03
30.249059012200	2.3938721642254e+03
30.279038258000	2.3884098880748e+03
30.309017503800	2.3830475979234e+03
30.338996749600	2.3777879269668e+03
30.368975995400	2.3726334255333e+03
30.398955241200	2.3675865589715e+03
30.428934487000	2.3626497055977e+03
30.458913732800	2.3578251547041e+03
30.488892978600	2.3531151046295e+03
30.518872224400	2.3485216608958e+03
30.548851470200	2.3440468344097e+03
30.578830716000	2.3396925397342e+03
30.608809961800	2.3354605934286e+03
30.638789207600	2.3313527124612e+03
30.668768453400	2.3273705126950e+03
30.698747699200	2.3235155074476e+03
30.728726945000	2.3197891061279e+03
30.758706190800	2.3161926129501e+03
30.788685436600	2.3127272257265e+03
30.818664682400	2.3093940347407e+03
30.848643928200	2.3061940217022e+03
30.878623174000	2.3031280587831e+03
30.908602419800	2.3001969077388e+03
30.938581665600	2.2974012191133e+03
30.968560911400	2.2947415315294e+03
30.998540157200	2.2922182710663e+03
31.028519403000	2.2898317507230e+03
31.058498648800	2.2875821699710e+03
31.088477894600	2.2854696143941e+03
31.118457140400	2.2834940554182e+03
31.148436386200	2.2816553501299e+03
31.178415632000	2.2799532411861e+03
31.208394877800	2.2783873568121e+03
31.238374123600	2.2769572108920e+03
31.268353369400	2.2756622031486e+03
31.298332615200	2.2745016194142e+03
31.328311861000	2.2734746319926e+03
31.358291106800	2.2725803001115e+03
31.388270352600	2.2718175704653e+03
31.418249598400	2.2711852778481e+03
31.448228844200	2.2706821458774e+03
31.478208090000	2.2703067878066e+03
31.508187335800	2.2700577074270e+03
31.538166581600	2.2699333000585e+03
31.568145827400	2.2699318536279e+03
31.598125073200	2.2700515498346e+03
31.628104319000	2.2702904654032e+03
31.658083564800	2.2706465734209e+03
31.688062810600	2.2711177447602e+03
31.718042056400	2.2717017495852e+03
31.748021302200	2.2723962589400e+03
31.778000548000	2.2731988464189e+03
31.807979793800	2.2741069899169e+03
31.837959039600	2.2751180734584e+03
31.867938285400	2.2762293891042e+03
31.897917531200	2.2774381389336e+03
31.927896777000	2.2787414371015e+03
31.957876022800	2.2801363119688e+03
31.987855268600	2.2816197083025e+03
32.017834514400	2.2831884895472e+03
32.047813760200	2.2848394401627e+03
32.077793006000	2.2865692680285e+03
32.107772251800	2.2883746069112e+03
32.137751497600	2.2902520189949e+03
32.167730743400	2.2921979974707e+03
32.197709989200	2.2942089691842e+03
32.227689235000	2.2962812973388e+03
32.257668480800	2.2984112842523e+03
32.287647726600	2.3005951741644e+03
32.317626972400	2.3028291560939e+03
32.347606218200	2.3051093667413e+03
32.377585464000	2.3074318934364e+03
32.407564709800	2.3097927771276e+03
32.437543955600	2.3121880154093e+03
32.467523201400	2.3146135655876e+03
32.497502447200	2.3170653477791e+03
32.527481693000	2.3195392480411e+03
32.557460938800	2.3220311215318e+03
32.587440184600	2.3245367956956e+03
32.617419430400	2.3270520734724e+03
32.647398676200	2.3295727365285e+03
32.677377922000	2.3320945485044e+03
32.707357167800	2.3346132582789e+03
32.737336413600	2.3371246032459e+03
32.767315659400	2.3396243126005e+03
32.797294905200	2.3421081106324e+03
32.827274151000	2.3445717200244e+03
32.857253396800	2.3470108651508e+03
32.887232642600	2.3494212753759e+03
32.917211888400	2.3517986883478e+03
32.947191134200	2.3541388532852e+03
32.977170380000	2.3564375342544e+03
33.007149625800	2.3586905134341e+03
33.037128871600	2.3608935943641e+03
33.067108117400	2.3630426051768e+03
33.097087363200	2.3651334018070e+03
33.127066609000	2.3671618711783e+03
33.157045854800	2.3691239343629e+03
33.187025100600	2.3710155497128e+03
33.217004346400	2.3728327159582e+03
33.246983592200	2.3745714752724e+03
33.276962838000	2.3762279162985e+03
33.306942083800	2.3777981771376e+03
33.336921329600	2.3792784482931e+03
33.366900575400	2.3806649755716e+03
33.396879821200	2.3819540629355e+03
33.426859067000	2.3831420753058e+03
33.456838312800	2.3842254413129e+03
33.486817558600	2.3852006559929e+03
33.516796804400	2.3860642834262e+03
33.546776050200	2.3868129593175e+03
33.576755296000	2.3874433935141e+03
33.606734541800	2.3879523724603e+03
33.636713787600	2.3883367615866e+03
33.666693033400	2.3885935076303e+03
33.696672279200	2.3887196408866e+03
33.726651525000	2.3887122773885e+03
33.756630770800	2.3885686210116e+03
33.786610016600	2.3882859655051e+03
33.816589262400	2.3878616964442e+03
33.846568508200	2.3872932931045e+03
33.876547754000	2.3865783302556e+03
33.906526999800	2.3857144798725e+03
33.936506245600	2.3846995127637e+03
33.966485491400	2.3835313001147e+03
33.996464737200	2.3822078149446e+03
34.026443983000	2.3807271334762e+03
34.056423228800	2.3790874364167e+03
34.086402474600	2.3772870101495e+03
34.116381720400	2.3753242478348e+03
34.146360966200	2.3731976504190e+03
34.176340212000	2.3709058275517e+03
34.206319457800	2.3684474984097e+03
34.236298703600	2.3658214924270e+03
34.266277949400	2.3630267499306e+03
34.296257195200	2.3600623226816e+03
34.326236441000	2.3569273743213e+03
34.356215686800	2.3536211807209e+03
34.386194932600	2.3501431302367e+03
34.416174178400	2.3464927238685e+03
34.446153424200	2.3426695753222e+03
34.476132670000	2.3386734109772e+03
34.506111915800	2.3345040697571e+03
34.536091161600	2.3301615029054e+03
34.566070407400	2.3256457736657e+03
34.596049653200	2.3209570568673e+03
34.626028899000	2.3160956384164e+03
34.656008144800	2.3110619146929e+03
34.685987390600	2.3058563918549e+03
34.715966636400	2.3004796850500e+03
34.745945882200	2.2949325175356e+03
34.775925128000	2.2892157197077e+03
34.805904373800	2.2833302280410e+03
34.835883619600	2.2772770839393e+03
34.865862865400	2.2710574324990e+03
34.895842111200	2.2646725211862e+03
34.925821357000	2.2581236984287e+03
34.955800602800	2.2514124121246e+03
34.985779848600	2.2445402080687e+03
35.015759094400	2.2375087282980e+03
35.045738340200	2.2303197093589e+03
35.075717586000	2.2229749804969e+03
35.105696831800	2.2154764617700e+03
35.135676077600	2.2078261620901e+03
35.165655323400	2.2000261771907e+03
35.195634569200	2.1920786875263e+03
35.225613815000	2.1839859561035e+03
35.255593060800	2.1757503262459e+03
35.285572306600	2.1673742192964e+03
35.315551552400	2.1588601322575e+03
35.345530798200	2.1502106353731e+03
35.375510044000	2.1414283696528e+03
35.405489289800	2.1325160443427e+03
35.435468535600	2.1234764343439e+03
35.465447781400	2.1143123775812e+03
35.495427027200	2.1050267723257e+03
35.525406273000	2.0956225744725e+03
35.555385518800	2.0861027947764e+03
35.585364764600	2.0764704960492e+03
35.615344010400	2.0667287903202e+03
35.645323256200	2.0568808359625e+03
35.675302502000	2.0469298347894e+03
35.705281747800	2.0368790291216e+03
35.735260993600	2.0267316988294e+03
35.765240239400	2.0164911583524e+03
35.795219485200	2.0061607536993e+03
35.825198731000	1.9957438594308e+03
35.855177976800	1.9852438756283e+03
35.885157222600	1.9746642248521e+03
35.915136468400	1.9640083490905e+03
35.945115714200	1.9532797067041e+03
35.975094960000	1.9424817693676e+03
36.005074205800	1.9316180190119e+03
36.035053451600	1.9206919447696e+03
36.065032697400	1.9097070399266e+03
36.095011943200	1.8986667988836e+03
36.124991189000	1.8875747141286e+03
36.154970434800	1.8764342732247e+03
36.184949680600	1.8652489558162e+03
36.214928926400	1.8540222306542e+03
36.244908172200	1.8427575526467e+03
36.274887418000	1.8314583599340e+03
36.304866663800	1.8201280709937e+03
36.334845909600	1.8087700817769e+03
36.364825155400	1.7973877628790e+03
36.394804401200	1.7859844567477e+03
36.424783647000	1.7745634749304e+03
36.454762892800	1.7631280953636e+03
36.484742138600	1.7516815597082e+03
36.514721384400	1.7402270707307e+03
36.544700630200	1.7287677897354e+03
36.574679876000	1.7173068340476e+03
36.604659121800	1.7058472745527e+03
36.634638367600	1.6943921332910e+03
36.664617613400	1.6829443811118e+03
36.694596859200	1.6715069353894e+03
36.724576105000	1.6600826578017e+03
36.754555350800	1.6486743521746e+03
36.784534596600	1.6372847623941e+03
36.814513842400	1.6259165703871e+03
36.844493088200	1.6145723941742e+03
36.874472334000	1.6032547859947e+03
36.904451579800	1.5919662305075e+03
36.934430825600	1.5807091430670e+03
36.964410071400	1.5694858680783e+03
36.994389317200	1.5582986774307e+03
37.024368563000	1.5471497690129e+03
37.054347808800	1.5360412653101e+03
37.084327054600	1.5249752120844e+03
37.114306300400	1.5139535771398e+03
37.144285546200	1.5029782491738e+03
37.174264792000	1.4920510367140e+03
37.204244037800	1.4811736671439e+03
37.234223283600	1.4703477858163e+03
37.264202529400	1.4595749552565e+03
37.294181775200	1.4488566544541e+03
37.324161021000	1.4381942782469e+03
37.354140266800	1.4275891367943e+03
37.384119512600	1.4170424551426e+03
37.414098758400	1.4065553728814e+03
37.444078004200	1.3961289438926e+03
37.474057250000	1.3857641361896e+03
37.504036495800	1.3754618318503e+03
37.534015741600	1.3652228270405e+03
37.563994987400	1.3550478321292e+03
37.593974233200	1.3449374718956e+03
37.623953479000	1.3348922858267e+03
37.653932724800	1.3249127285054e+03
37.683911970600	1.3149991700892e+03
37.713891216400	1.3051518968774e+03
37.743870462200	1.2953711119675e+03
37.773849708000	1.2856569359998e+03
37.803828953800	1.2760094079879e+03
37.833808199600	1.2664284862359e+03
37.863787445400	1.2569140493411e+03
37.893766691200	1.2474658972788e+03
37.923745937000	1.2380837525714e+03
37.953725182800	1.2287672615375e+03
37.983704428600	1.2195159956215e+03
38.013683674400	1.2103294528008e+03
38.043662920200	1.2012070590707e+03
38.073642166000	1.1921481700034e+03
38.103621411800	1.1831520723816e+03
38.133600657600	1.1742179859019e+03
38.163579903400	1.1653450649500e+03
38.193559149200	1.1565324004423e+03
38.223538395000	1.1477790217334e+03
38.253517640800	1.1390838985882e+03
38.283496886600	1.1304459432142e+03
38.313476132400	1.1218640123547e+03
38.343455378200	1.1133369094375e+03
38.373434624000	1.1048633867796e+03
38.403413869800	1.0964421478439e+03
38.433393115600	1.0880718495453e+03
38.463372361400	1.0797511046054e+03
38.493351607200	1.0714784839506e+03
38.523330853000	1.0632525191541e+03
38.553310098800	1.0550717049165e+03
38.583289344600	1.0469345015837e+03
38.613268590400	1.0388393376991e+03
38.643247836200	1.0307846125880e+03
38.673227082000	1.0227686989691e+03
38.703206327800	1.0147899455940e+03
38.733185573600	1.0068466799083e+03
38.763164819400	9.9893721073335e+02
38.793144065200	9.9105983096567e+02
38.823123311000	9.8321282029030e+02
38.853102556800	9.7539444790583e+02
38.883081802600	9.6760297525797e+02
38.913061048400	9.5983665877864e+02
38.943040294200	9.5209375262760e+02
38.973019540000	9.4437251143381e+02
39.002998785800	9.3667119303330e+02
39.032978031600	9.2898806120080e+02
39.062957277400	9.2132138837199e+02
39.092936523200	9.1366945835347e+02
39.122915769000	9.0603056901749e+02
39.152895014800	8.9840303497850e+02
39.182874260600	8.9078519024853e+02
39.212853506400	8.8317539086857e+02
39.242832752200	8.7557201751297e+02
39.272811998000	8.6797347806401e+02
39.302791243800	8.6037821015392e+02
39.332770489600	8.5278468367130e+02
39.362749735400	8.4519140322937e+02
39.392728981200	8.3759691059320e+02
39.422708227000	8.2999978706320e+02
39.452687472800	8.2239865581233e+02
39.482666718600	8.1479218417417e+02
39.512645964400	8.0717908587956e+02
39.542625210200	7.9955812323901e+02
39.572604456000	7.9192810926864e+02
39.602583701800	7.8428790975702e+02
39.632562947600	7.7663644527069e+02
39.662542193400	7.6897269309600e+02
39.692521439200	7.6129568911503e+02
39.722500685000	7.5360452961337e+02
39.752479930800	7.4589837301771e+02
39.782459176600	7.3817644156118e+02
39.812438422400	7.3043802287441e+02
39.842417668200	7.2268247150047e+02
39.872396914000	7.1490921033184e+02
39.902376159800	7.0711773196761e+02
39.932355405600	6.9930759998937e+02
39.962334651400	6.9147845015401e+02
39.992313897200	6.8362999150211e+02
40.022293143000	6.7576200738034e+02
40.052272388800	6.6787435637662e+02
40.082251634600	6.5996697316677e+02
40.112230880400	6.5203986927149e+02
40.142210126200	6.4409313372252e+02
40.172189372000	6.3612693363712e+02
40.202168617800	6.2814151469992e+02
40.232147863600	6.2013720155129e+02
40.262127109400	6.1211439808165e+02
40.292106355200	6.0407358763095e+02
40.322085601000	5.9601533309299e+02
40.352064846800	5.8794027692402e+02
40.382044092600	5.7984914105536e+02
40.412023338400	5.7174272670985e+02
40.442002584200	5.6362191412194e+02
40.471981830000	5.5548766216146e+02
40.501961075800	5.4734100786113e+02
40.531940321600	5.3918306584794e+02
40.561919567400	5.3101502767879e+02
40.591898813200	5.2283816108061e+02
40.621878059000	5.1465380909558e+02
40.651857304800	5.0646338913195e+02
40.681836550600	4.9826839192114e+02
40.711815796400	4.9007038038184e+02
40.741795042200	4.8187098839218e+02
40.771774288000	4.7367191947061e+02
40.801753533800	4.6547494536689e+02
40.831732779600	4.5728190456407e+02
40.861712025400	4.4909470069292e+02
40.891691271200	4.4091530086000e+02
40.921670517000	4.3274573389093e+02
40.951649762800	4.2458808849029e+02
40.981629008600	4.1644451131987e+02
41.011608254400	4.0831720499687e+02
41.041587500200	4.0020842601392e+02
41.071566746000	3.9212048258282e+02
41.101545991800	3.8405573240386e+02
41.131525237600	3.7601658036289e+02
41.161504483400	3.6800547615819e+02
41.191483729200	3.6002491185939e+02
41.221462975000	3.5207741940068e+02
41.251442220800	3.4416556801074e+02
41.281421466600	3.3629196158169e+02
41.311400712400	3.2845923597980e+02
41.341379958200	3.2067005630018e+02
41.371359204000	3.1292711406846e+02
41.401338449800	3.0523312439189e+02
41.431317695600	2.9759082306273e+02
41.461296941400	2.9000296361674e+02
41.491276187200	2.8247231434960e+02
41.521255433000	2.7500165529429e+02
41.551234678800	2.6759377516223e+02
41.581213924600	2.6025146825144e+02
41.611193170400	2.5297753132455e+02
41.641172416200	2.4577476045992e+02
41.671151662000	2.3864594787899e+02
41.701130907800	2.3159387875304e+02
41.731110153600	2.2462132799255e+02
41.761089399400	2.1773105702240e+02
41.791068645200	2.1092581054633e+02
41.821047891000	2.0420831330370e+02
41.851027136800	1.9758126682209e+02
41.881006382600	1.9104734616903e+02
41.910985628400	1.8460919670607e+02
41.940964874200	1.7826943084875e+02
41.970944120000	1.7203062483570e+02
42.000923365800	1.6589531551030e+02
42.030902611600	1.5986599711822e+02
42.060881857400	1.5394511812435e+02
42.090861103200	1.4813507805223e+02
42.120840349000	1.4243822434961e+02
42.150819594800	1.3685684928331e+02
42.180798840600	1.3139318686679e+02
42.210778086400	1.2604940982364e+02
42.240757332200	1.2082762659040e+02
42.270736578000	1.1572987836192e+02
42.300715823800	1.1075813618242e+02
42.330695069600	1.0591429808560e+02
42.360674315400	1.0120018628682e+02
42.390653561200	9.6617544430546e+01
42.420632807000	9.2168034896149e+01
42.450612052800	8.7853236165093e+01
42.480591298600	8.3674640252479e+01
42.510570544400	7.9633650205908e+01
42.540549790200	7.5731577674558e+01
42.570529036000	7.1969640551283e+01
42.600508281800	6.8348960690525e+01
42.630487527600	6.4870561704739e+01
42.660466773400	6.1535366841970e+01
42.690446019200	5.8344196947172e+01
42.720425265000	5.5297768509750e+01
42.750404510800	5.2396691799777e+01
42.780383756600	4.9641469095228e+01
42.810363002400	4.7032493002513e+01
42.840342248200	4.4570044872488e+01
42.870321494000	4.2254293314082e+01
42.900300739800	4.0085292807535e+01
42.930279985600	3.8062982419205e+01
42.960259231400	3.6187184619777e+01
42.990238477200	3.4457604207640e+01
43.020217723000	3.2873827339079e+01
43.050196968800	3.1435320666850e+01
43.080176214600	3.0141430588610e+01
43.110155460400	2.8991382606556e+01
43.140134706200	2.7984280799544e+01
43.170113952000	2.7119107408847e+01
43.200093197800	2.6394722538610e+01
43.230072443600	2.5809863971943e+01
43.260051689400	2.5363147103509e+01
43.290030935200	2.5053064989338e+01
43.320010181000	2.4877988514479e+01
43.349989426800	2.4836166679025e+01
43.379968672600	2.4925727002902e+01
43.409947918400	2.5144676049719e+01
43.439927164200	2.5490900069850e+01
43.469906410000	2.5962165762833e+01
43.499885655800	2.6556121159007e+01
43.529864901600	2.7270296620262e+01
43.559844147400	2.8102105959597e+01
43.589823393200	2.9048847679100e+01
43.619802639000	3.0107706325869e+01
43.649781884800	3.1275753965214e+01
43.679761130600	3.2549951770443e+01
43.709740376400	3.3927151728366e+01
43.739719622200	3.5404098459556e+01
43.769698868000	3.6977431152299e+01
43.799678113800	3.8643685609051e+01
43.829657359600	4.0399296404085e+01
43.859636605400	4.2240599150940e+01
43.889615851200	4.4163832878145e+01
43.919595097000	4.6165142511589e+01
43.949574342800	4.8240581461803e+01
43.979553588600	5.0386114314315e+01
44.009532834400	5.2597619621136e+01
44.039512080200	5.4870892791308e+01
44.069491326000	5.7201649078392e+01
44.099470571800	5.9585526662612e+01
44.129449817600	6.2018089825332e+01
44.159429063400	6.4494832213400e+01
44.189408309200	6.7011180190827e+01
44.219387555000	6.9562496275158e+01
44.249366800800	7.2144082655818e+01
44.279346046600	7.4751184791616e+01
44.309325292400	7.7378995084503e+01
44.339304538200	8.0022656626610e+01
44.369283784000	8.2677267017492e+01
44.399263029800	8.5337882248446e+01
44.429242275600	8.7999520650667e+01
44.459221521400	9.0657166903980e+01
44.489200767200	9.3305776102746e+01
44.519180013000	9.5940277875557e+01
44.549159258800	9.8555580555183e+01
44.579138504600	1.0114657539525e+02
44.609117750400	1.0370814083003e+02
44.639096996200	1.0623514677362e+02
44.669076242000	1.0872245895493e+02
44.699055487800	1.1116494328449e+02
44.729034733600	1.1355747024951e+02
44.759013979400	1.1589491933315e+02
44.788993225200	1.1817218345413e+02
44.818972471000	1.2038417342292e+02
44.848951716800	1.2252582241028e+02
44.878930962600	1.2459209042436e+02
44.908910208400	1.2657796879231e+02
44.938889454200	1.2847848464225e+02
44.968868700000	1.3028870538175e+02
44.998847945800	1.3200374316854e+02
45.028827191600	1.3361875936954e+02
45.058806437400	1.3512896900400e+02
45.088785683200	1.3652964516684e+02
45.118764929000	1.3781612342785e+02
45.148744174800	1.3898380620293e+02
45.178723420600	1.4002816709319e+02
45.208702666400	1.4094475518773e+02
45.238681912200	1.4172919932638e+02
45.268661158000	1.4237721231802e+02
45.298640403800	1.4288459511073e+02
45.328619649600	1.4324724090973e+02
45.358598895400	1.4346113923915e+02
45.388578141200	1.4352237994372e+02
45.418557387000	1.4342715712661e+02
45.448536632800	1.4317177301948e+02
45.478515878600	1.4275264178106e+02
45.508495124400	1.4216629322047e+02
45.538474370200	1.4140937644168e+02
45.568453616000	1.4047866340540e+02
45.598432861800	1.3937105240493e+02
45.628412107600	1.3808357145248e+02
45.658391353400	1.3661338157245e+02
45.688370599200	1.3495777999842e+02
45.718349845000	1.3311420327050e+02
45.748329090800	1.3108023022991e+02
45.778308336600	1.2885358490754e+02
45.808287582400	1.2643213930363e+02
45.838266828200	1.2381391605543e+02
45.868246074000	1.2099709099016e+02
45.898225319800	1.1797999556034e+02
45.928204565600	1.1476111915886e+02
45.958183811400	1.1133911131134e+02
45.988163057200	1.0771278374302e+02
46.018142303000	1.0388111231816e+02
46.048121548800	9.9843238849317e+01
46.078100794600	9.5598472774629e+01
46.108080040400	9.1146292700880e+01
46.138059286200	8.6486347810455e+01
46.168038532000	8.1618459130366e+01
46.198017777800	7.6542620661618e+01
46.227997023600	7.1259000367331e+01
46.257976269400	6.5767941018145e+01
46.287955515200	6.0069960893540e+01
46.317934761000	5.4165754337857e+01
46.347914006800	4.8056192169911e+01
46.377893252600	4.1742321945209e+01
46.407872498400	3.5225368069922e+01
46.437851744200	2.8506731765895e+01
46.467830990000	2.1587990886092e+01
46.497810235800	1.4470899580010e+01
46.527789481600	7.1573878087391e+00
46.557768727400	-3.5043929055508e-01
46.587747973200	-8.0503021907674e+00
46.617727219000	-1.5939747911568e+01
46.647706464800	-2.4016151106495e+01
46.677685710600	-3.2276715300081e+01
46.707664956400	-4.0718474274577e+01
46.737644202200	-4.9338293605653e+01
46.767623448000	-5.8132872346360e+01
46.797602693800	-6.7098744858488e+01
46.827581939600	-7.6232282790320e+01
46.857561185400	-8.5529697199671e+01
46.887540431200	-9.4987040820929e+01
46.917519677000	-1.0460021047474e+02
46.947498922800	-1.1436494961877e+02
46.977478168600	-1.2427685103799e+02
47.007457414400	-1.3433135967256e+02
47.037436660200	-1.4452377558159e+02
47.067415906000	-1.5484925704059e+02
47.097395151800	-1.6530282377054e+02
47.127374397600	-1.7587936029635e+02
47.157353643400	-1.8657361943218e+02
47.187332889200	-1.9738022589125e+02
47.217312135000	-2.0829368001743e+02
47.247291380800	-2.1930836163591e+02
47.277270626600	-2.3041853402004e+02
47.307249872400	-2.4161834797143e+02
47.337229118200	-2.5290184601021e+02
47.367208364000	-2.6426296667231e+02
47.397187609800	-2.7569554891038e+02
47.427166855600	-2.8719333659506e+02
47.457146101400	-2.9874998311313e+02
47.487125347200	-3.1035905605883e+02
47.517104593000	-3.2201404201491e+02
47.547083838800	-3.3370835141935e+02
47.577063084600	-3.4543532351427e+02
47.607042330400	-3.5718823137275e+02
47.637021576200	-3.6896028699982e+02
47.667000822000	-3.8074464650339e+02
47.696980067800	-3.9253441533104e+02
47.726959313600	-4.0432265356843e+02
47.756938559400	-4.1610238129500e+02
47.786917805200	-4.2786658399268e+02
47.816897051000	-4.3960821800315e+02
47.846876296800	-4.5132021602924e+02
47.876855542600	-4.6299549267584e+02
47.906834788400	-4.7462695002594e+02
47.936814034200	-4.8620748324702e+02
47.966793280000	-4.9772998622325e+02
47.996772525800	-5.0918735720881e+02
48.026751771600	-5.2057250449759e+02
48.056731017400	-5.3187835210452e+02
48.086710263200	-5.4309784545385e+02
48.116689509000	-5.5422395706952e+02
48.146668754800	-5.6524969226286e+02
48.176648000600	-5.7616809481282e+02
48.206627246400	-5.8697225263389e+02
48.236606492200	-5.9765530342697e+02
48.266585738000	-6.0821044030828e+02
48.296564983800	-6.1863091741157e+02
48.326544229600	-6.2891005545885e+02
48.356523475400	-6.3904124729479e+02
48.386502721200	-6.4901796338010e+02
48.416481967000	-6.5883375723913e+02
48.446461212800	-6.6848227085697e+02
48.476440458600	-6.7795724002139e+02
48.506419704400	-6.8725249960493e+02
48.536398950200	-6.9636198878263e+02
48.566378196000	-7.0527975618073e+02
48.596357441800	-7.1399996495195e+02
48.626336687600	-7.2251689777276e+02
48.656315933400	-7.3082496175835e+02
48.686295179200	-7.3891869329088e+02
48.716274425000	-7.4679276275680e+02
48.746253670800	-7.5444197918896e+02
48.776232916600	-7.6186129480940e+02
48.806212162400	-7.6904580946878e+02
48.836191408200	-7.7599077497842e+02
48.866170654000	-7.8269159933111e+02
48.896149899800	-7.8914385080678e+02
48.926129145600	-7.9534326195939e+02
48.956108391400	-8.0128573348136e+02
48.986087637200	-8.0696733794204e+02
49.016066883000	-8.1238432339674e+02
49.046046128800	-8.1753311686299e+02
49.076025374600	-8.2241032766088e+02
49.106004620400	-8.2701275061422e+02
49.135983866200	-8.3133736910965e+02
49.165963112000	-8.3538135801071e+02
49.195942357800	-8.3914208642418e+02
49.225921603600	-8.4261712031595e+02
49.255900849400	-8.4580422497396e+02
49.285880095200	-8.4870136731573e+02
49.315859341000	-8.5130671803828e+02
49.345838586800	-8.5361865360827e+02
49.375817832600	-8.5563575809029e+02
49.405797078400	-8.5735682481142e+02
49.435776324200	-8.5878085786048e+02
49.465755570000	-8.5990707342005e+02
49.495734815800	-8.6073490093009e+02
49.525714061600	-8.6126398408164e+02
49.555693307400	-8.6149418163953e+02
49.585672553200	-8.6142556809289e+02
49.615651799000	-8.6105843413281e+02
49.645631044800	-8.6039328695611e+02
49.675610290600	-8.5943085039486e+02
49.705589536400	-8.5817206487103e+02
49.735568782200	-8.5661808717596e+02
49.765548028000	-8.5477029007466e+02
49.795527273800	-8.5263026173461e+02
49.825506519600	-8.5019980497955e+02
49.855485765400	-8.4748093636824e+02
49.885465011200	-8.4447588509878e+02
49.915444257000	-8.4118709173906e+02
49.945423502800	-8.3761720678399e+02
49.975402748600	-8.3376908904048e+02
50.005381994400	-8.2964580384110e+02
50.035361240200	-8.2525062108769e+02
50.065340486000	-8.2058701312614e+02
50.095319731800	-8.1565865245390e+02
50.125298977600	-8.1046940926172e+02
50.155278223400	-8.0502334881146e+02
50.185257469200	-7.9932472865184e+02
50.215236715000	-7.9337799567409e+02
50.245215960800	-7.8718778300983e+02
50.275195206600	-7.8075890677331e+02
50.305174452400	-7.7409636265058e+02
50.335153698200	-7.6720532233808e+02
50.365132944000	-7.6009112983350e+02
50.395112189800	-7.5275929758153e+02
50.425091435600	-7.4521550247770e+02
50.455070681400	-7.3746558173325e+02
50.485049927200	-7.2951552860426e+02
50.515029173000	-7.2137148798844e+02
50.545008418800	-7.1303975189300e+02
50.574987664600	-7.0452675477712e+02
50.604966910400	-6.9583906877274e+02
50.634946156200	-6.8698339878750e+02
50.664925402000	-6.7796657749356e+02
50.694904647800	-6.6879556020654e+02
50.724883893600	-6.5947741965836e+02
50.754863139400	-6.5001934066850e+02
50.784842385200	-6.4042861471769e+02
50.814821631000	-6.3071263442851e+02
50.844800876800	-6.2087888795735e+02
50.874780122600	-6.1093495330228e+02
50.904759368400	-6.0088849253130e+02
50.934738614200	-5.9074724593591e+02
50.964717860000	-5.8051902611445e+02
50.994697105800	-5.7021171199026e+02
51.024676351600	-5.5983324276944e+02
51.054655597400	-5.4939161184309e+02
51.084634843200	-5.3889486063917e+02
51.114614089000	-5.2835107242889e+02
51.144593334800	-5.1776836609268e+02
51.174572580600	-5.0715488985102e+02
51.204551826400	-4.9651881496517e+02
51.234531072200	-4.8586832941292e+02
51.264510318000	-4.7521163154480e+02
51.294489563800	-4.6455692372575e+02
51.324468809600	-4.5391240596760e+02
51.354448055400	-4.4328626955768e+02
51.384427301200	-4.3268669068878e+02
51.414406547000	-4.2212182409570e+02
51.444385792800	-4.1159979670374e+02
51.474365038600	-4.0112870129445e+02
51.504344284400	-3.9071659019371e+02
51.534323530200	-3.8037146898767e+02
51.564302776000	-3.7010129027153e+02
51.594282021800	-3.5991394743655e+02
51.624261267600	-3.4981726850040e+02
51.654240513400	-3.3981900998600e+02
51.684219759200	-3.2992685085397e+02
51.714199005000	-3.2014838649387e+02
51.744178250800	-3.1049112277902e+02
51.774157496600	-3.0096247019022e+02
51.804136742400	-2.9156973801293e+02
51.834115988200	-2.8232012861315e+02
51.864095234000	-2.7322073179650e+02
51.894074479800	-2.6427851925543e+02
51.924053725600	-2.5550033910916e+02
51.954032971400	-2.4689291054098e+02
51.984012217200	-2.3846281853742e+02
52.013991463000	-2.3021650873370e+02
52.043970708800	-2.2216028236986e+02
52.073949954600	-2.1430029136182e+02
52.103929200400	-2.0664253349148e+02
52.133908446200	-1.9919284772002e+02
52.163887692000	-1.9195690962833e+02
52.193866937800	-1.8494022698841e+02
52.223846183600	-1.7814813546956e+02
52.253825429400	-1.7158579448289e+02
52.283804675200	-1.6525818316785e+02
52.313783921000	-1.5917009652408e+02
52.343763166800	-1.5332614169184e+02
52.373742412600	-1.4773073438435e+02
52.403721658400	-1.4238809547491e+02
52.433700904200	-1.3730224774181e+02
52.463680150000	-1.3247701277383e+02
52.493659395800	-1.2791600803891e+02
52.523638641600	-1.2362264411856e+02
52.553617887400	-1.1960012211037e+02
52.583597133200	-1.1585143120085e+02
52.613576379000	-1.1237934641071e+02
52.643555624800	-1.0918642651451e+02
52.673534870600	-1.0627501213650e+02
52.703514116400	-1.0364722402428e+02
52.733493362200	-1.0130496150183e+02
52.763472608000	-9.9249901103208e+01
52.793451853800	-9.7483495388161e+01
52.823431099600	-9.6006971940710e+01
52.853410345400	-9.4821332551547e+01
52.883389591200	-9.3927352585045e+01
52.913368837000	-9.3325580531438e+01
52.943348082800	-9.3016337744609e+01
52.973327328600	-9.2999718365755e+01
53.003306574400	-9.3275589433054e+01
53.033285820200	-9.3843591177285e+01
53.063265066000	-9.4703137503211e+01
53.093244311800	-9.5853416656368e+01
53.123223557600	-9.7293392074746e+01
53.153202803400	-9.9021803424702e+01
53.183182049200	-1.0103716782028e+02
53.213161295000	-1.0333778122496e+02
53.243140540800	-1.0592172003468e+02
53.273119786600	-1.0878684284092e+02
53.303099032400	-1.1193079237232e+02
53.333078278200	-1.1535099761327e+02
53.363057524000	-1.1904467609779e+02
53.393036769800	-1.2300883637671e+02
53.423016015600	-1.2724028065624e+02
53.452995261400	-1.3173560760565e+02
53.482974507200	-1.3649121533174e+02
53.512953753000	-1.4150330451772e+02
53.542932998800	-1.4676788172381e+02
53.572912244600	-1.5228076284688e+02
53.602891490400	-1.5803757673622e+02
53.632870736200	-1.6403376896239e+02
53.662849982000	-1.7026460573616e+02
53.692829227800	-1.7672517797409e+02
53.722808473600	-1.8341040550750e+02
53.752787719400	-1.9031504143125e+02
53.782766965200	-1.9743367658869e+02
53.812746211000	-2.0476074418916e+02
53.842725456800	-2.1229052455396e+02
53.872704702600	-2.2001714998703e+02
53.902683948400	-2.2793460976621e+02
53.932663194200	-2.3603675525080e+02
53.962642440000	-2.4431730510131e+02
53.992621685800	-2.5276985060692e+02
54.022600931600	-2.6138786111626e+02
54.052580177400	-2.7016468956686e+02
54.082559423200	-2.7909357810883e+02
54.112538669000	-2.8816766381780e+02
54.142517914800	-2.9737998449262e+02
54.172497160600	-3.0672348453271e+02
54.202476406400	-3.1619102089033e+02
54.232455652200	-3.2577536909262e+02
54.262434898000	-3.3546922932854e+02
54.292414143800	-3.4526523259545e+02
54.322393389600	-3.5515594690025e+02
54.352372635400	-3.6513388350992e+02
54.382351881200	-3.7519150324615e+02
54.412331127000	-3.8532122281880e+02
54.442310372800	-3.9551542119299e+02
54.472289618600	-4.0576644598426e+02
54.502268864400	-4.1606661987670e+02
54.532248110200	-4.2640824705849e+02
54.562227356000	-4.3678361966956e+02
54.592206601800	-4.4718502425588e+02
54.622185847600	-4.5760474822506e+02
54.652165093400	-4.6803508629784e+02
54.682144339200	-4.7846834695003e+02
54.712123585000	-4.8889685883951e+02
54.742102830800	-4.9931297721295e+02
54.772082076600	-5.0970909028691e+02
54.802061322400	-5.2007762559786e+02
54.832040568200	-5.3041105631596e+02
54.862019814000	-5.4070190751725e+02
54.891999059800	-5.5094276240897e+02
54.921978305600	-5.6112626850291e+02
54.951957551400	-5.7124514373153e+02
54.981936797200	-5.8129218250182e+02
55.011916043000	-5.9126026168184e+02
55.041895288800	-6.0114234651482e+02
55.071874534600	-6.1093149645618e+02
55.101853780400	-6.2062087092823e+02
55.131833026200	-6.3020373498807e+02
55.161812272000	-6.3967346490377e+02
55.191791517800	-6.4902355363439e+02
55.221770763600	-6.5824761620899e+02
55.251750009400	-6.6733939500048e+02
55.281729255200	-6.7629276488972e+02
55.311708501000	-6.8510173831566e+02
55.341687746800	-6.9376047020731e+02
55.371666992600	-7.0226326279348e+02
55.401646238400	-7.1060457028632e+02
55.431625484200	-7.1877900343471e+02
55.461604730000	-7.2678133394385e+02
55.491583975800	-7.3460649875731e+02
55.521563221600	-7.4224960419805e+02
55.551542467400	-7.4970592996504e+02
55.581521713200	-7.5697093298213e+02
55.611500959000	-7.6404025109603e+02
55.641480204800	-7.7090970662042e+02
55.671459450600	-7.7757530972324e+02
55.701438696400	-7.8403326165438e+02
55.731417942200	-7.9027995781124e+02
55.761397188000	-7.9631199063960e+02
55.791376433800	-8.0212615236737e+02
55.821355679600	-8.0771943756927e+02
55.851334925400	-8.1308904556005e+02
55.881314171200	-8.1823238261464e+02
55.911293417000	-8.2314706401320e+02
55.941272662800	-8.2783091590971e+02
55.971251908600	-8.3228197702237e+02
56.001231154400	-8.3649850014472e+02
56.031210400200	-8.4047895347615e+02
56.061189646000	-8.4422202177088e+02
56.091168891800	-8.4772660730458e+02
56.121148137600	-8.5099183065776e+02
56.151127383400	-8.5401703131563e+02
56.181106629200	-8.5680176808383e+02
56.211085875000	-8.5934581931988e+02
56.241065120800	-8.6164918298032e+02
56.271044366600	-8.6371207648351e+02
56.301023612400	-8.6553493638837e+02
56.331002858200	-8.6711841788950e+02
56.360982104000	-8.6846339412916e+02
56.390961349800	-8.6957095532678e+02
56.420940595600	-8.7044240772699e+02
56.450919841400	-8.7107927236696e+02
56.480899087200	-8.7148328366445e+02
56.510878333000	-8.7165638782768e+02
56.540857578800	-8.7160074108855e+02
56.570836824600	-8.7131870776086e+02
56.600816070400	-8.7081285812522e+02
56.630795316200	-8.7008596614257e+02
56.660774562000	-8.6914100699831e+02
56.690753807800	-8.6798115447936e+02
56.720733053600	-8.6660977818627e+02
56.750712299400	-8.6503044058298e+02
56.780691545200	-8.6324689388684e+02
56.810670791000	-8.6126307680148e+02
56.840650036800	-8.5908311109555e+02
56.870629282600	-8.5671129803022e+02
56.900608528400	-8.5415211463855e+02
56.930587774200	-8.5141020986004e+02
56.960567020000	-8.4849040053362e+02
56.990546265800	-8.4539766725266e+02
57.020525511600	-8.4213715008545e+02
57.050504757400	-8.3871414416498e+02
57.080484003200	-8.3513409515175e+02
57.110463249000	-8.3140259457350e+02
57.140442494800	-8.2752537504593e+02
57.170421740600	-8.2350830537847e+02
57.200400986400	-8.1935738556936e+02
57.230380232200	-8.1507874169418e+02
57.260359478000	-8.1067862069240e+02
57.290338723800	-8.0616338505626e+02
57.320317969600	-8.0153950742658e+02
57.350297215400	-7.9681356510010e+02
57.380276461200	-7.9199223445300e+02
57.410255707000	-7.8708228528538e+02
57.440234952800	-7.8209057509151e+02
57.470214198600	-7.7702404326069e+02
57.500193444400	-7.7188970521361e+02
57.530172690200	-7.6669464647931e+02
57.560151936000	-7.6144601671757e+02
57.590131181800	-7.5615102369191e+02
57.620110427600	-7.5081692719828e+02
57.650089673400	-7.4545103295454e+02
57.680068919200	-7.4006068645579e+02
57.710048165000	-7.3465326680098e+02
57.740027410800	-7.2923618049567e+02
57.770006656600	-7.2381685523642e+02
57.799985902400	-7.1840273368184e+02
57.829965148200	-7.1300126721561e+02
57.859944394000	-7.0761990970673e+02
57.889923639800	-7.0226611127211e+02
57.919902885600	-6.9694731204679e+02
57.949882131400	-6.9167093596695e+02
57.979861377200	-6.8644438457098e+02
58.009840623000	-6.8127503082361e+02
58.039819868800	-6.7617021296841e+02
58.069799114600	-6.7113722841363e+02
58.099778360400	-6.6618332765655e+02
58.129757606200	-6.6131570825130e+02
58.159736852000	-6.5654150882514e+02
58.189716097800	-6.5186780314829e+02
58.219695343600	-6.4730159426190e+02
58.249674589400	-6.4284980866938e+02
58.279653835200	-6.3851929059549e+02
58.309633081000	-6.3431679631820e+02
58.339612326800	-6.3024898857778e+02
58.369591572600	-6.2632243106777e+02
58.399570818400	-6.2254358301236e+02
58.429550064200	-6.1891879383447e+02
58.459529310000	-6.1545429791908e+02
58.489508555800	-6.1215620947581e+02
58.519487801600	-6.0903051750514e+02
58.549467047400	-6.0608308087217e+02
58.579446293200	-6.0331962349202e+02
58.609425539000	-6.0074572963065e+02
58.639404784800	-5.9836683932491e+02
58.669384030600	-5.9618824392550e+02
58.699363276400	-5.9421508176635e+02
58.729342522200	-5.9245233396391e+02
58.759321768000	-5.9090482034965e+02
58.789301013800	-5.8957719553898e+02
58.819280259600	-5.8847394513974e+02
58.849259505400	-5.8759938210312e+02
58.879238751200	-5.8695764321994e+02
58.909217997000	-5.8655268576504e+02
58.939197242800	-5.8638828429220e+02
58.969176488600	-5.8646802758232e+02
58.999155734400	-5.8679531574686e+02
59.029134980200	-5.8737335748904e+02
59.059114226000	-5.8820516752465e+02
59.089093471800	-5.8929356416445e+02
59.119072717600	-5.9064116705996e+02
59.149051963400	-5.9225039511423e+02
59.179031209200	-5.9412346455916e+02
59.209010455000	-5.9626238720062e+02
59.238989700800	-5.9866896883263e+02
59.268968946600	-6.0134480782174e+02
59.298948192400	-6.0429129386233e+02
59.328927438200	-6.0750960690382e+02
59.358906684000	-6.1100071625034e+02
59.388885929800	-6.1476537983319e+02
59.418865175600	-6.1880414365671e+02
59.448844421400	-6.2311734141751e+02
59.478823667200	-6.2770509429719e+02
59.508802913000	-6.3256731092843e+02
59.538782158800	-6.3770368753426e+02
59.568761404600	-6.4311370824000e+02
59.598740650400	-6.4879664555739e+02
59.628719896200	-6.5475156104023e+02
59.658699142000	-6.6097730611073e+02
59.688678387800	-6.6747252305547e+02
59.718657633600	-6.7423564619001e+02
59.748636879400	-6.8126490319080e+02
59.778616125200	-6.8855831659305e+02
59.808595371000	-6.9611370545296e+02
59.838574616800	-7.0392868717277e+02
59.868553862600	-7.1200067948665e+02
59.898533108400	-7.2032690260569e+02
59.928512354200	-7.2890438151981e+02
59.958491600000	-7.3772994845440e+02
59.988470845800	-7.4680024547944e+02
60.018450091600	-7.5611172726860e+02
60.048429337400	-7.6566066400579e+02
60.078408583200	-7.7544314443647e+02
60.108387829000	-7.8545507906090e+02
60.138367074800	-7.9569220346648e+02
60.168346320600	-8.0615008179607e+02
60.198325566400	-8.1682411034924e+02
60.228304812200	-8.2770952131315e+02
60.258284058000	-8.3880138661980e+02
60.288263303800	-8.5009462192605e+02
60.318242549600	-8.6158399071312e+02
60.348221795400	-8.7326410850169e+02
60.378201041200	-8.8512944717910e+02
60.408180287000	-8.9717433943460e+02
60.438159532800	-9.0939298329907e+02
60.468138778600	-9.2177944678493e+02
60.498118024400	-9.3432767262244e+02
60.528097270200	-9.4703148308814e+02
60.558076516000	-9.5988458492126e+02
60.588055761800	-9.7288057432390e+02
60.618035007600	-9.8601294204069e+02
60.648014253400	-9.9927507851337e+02
60.677993499200	-1.0126602791062e+03
60.707972745000	-1.0261617493975e+03
60.737951990800	-1.0397726105325e+03
60.767931236600	-1.0534859046341e+03
60.797910482400	-1.0672946002653e+03
60.827889728200	-1.0811915979397e+03
60.857868974000	-1.0951697356758e+03
60.887848219800	-1.1092217945892e+03
60.917827465600	-1.1233405045188e+03
60.947806711400	-1.1375185496820e+03
60.977785957200	-1.1517485743549e+03
61.007765203000	-1.1660231885712e+03
61.037744448800	-1.1803349738369e+03
61.067723694600	-1.1946764888542e+03
61.097702940400	-1.2090402752516e+03
61.127682186200	-1.2234188633145e+03
61.157661432000	-1.2378047777111e+03
61.187640677800	-1.2521905432104e+03
61.217619923600	-1.2665686903860e+03
61.247599169400	-1.2809317613024e+03
61.277578415200	-1.2952723151779e+03
61.307557661000	-1.3095829340204e+03
61.337536906800	-1.3238562282313e+03
61.367516152600	-1.3380848421728e+03
61.397495398400	-1.3522614596941e+03
61.427474644200	-1.3663788096121e+03
61.457453890000	-1.3804296711428e+03
61.487433135800	-1.3944068792777e+03
61.517412381600	-1.4083033301023e+03
61.547391627400	-1.4221119860517e+03
61.577370873200	-1.4358258810993e+03
61.607350119000	-1.4494381258750e+03
61.637329364800	-1.4629419127073e+03
61.667308610600	-1.4763305205881e+03
61.697287856400	-1.4895973200531e+03
61.727267102200	-1.5027357779770e+03
61.757246348000	-1.5157394622775e+03
61.787225593800	-1.5286020465257e+03
61.817204839600	-1.5413173144593e+03
61.847184085400	-1.5538791643946e+03
61.877163331200	-1.5662816135346e+03
61.907142577000	-1.5785188021695e+03
61.937121822800	-1.5905849977668e+03
61.967101068600	-1.6024745989475e+03
61.997080314400	-1.6141821393460e+03
62.027059560200	-1.6257022913507e+03
62.057038806000	-1.6370298697224e+03
62.087018051800	-1.6481598350879e+03
62.116997297600	-1.6590872973067e+03
62.146976543400	-1.6698075187080e+03
62.176955789200	-1.6803159171956e+03
62.206935035000	-1.6906080692199e+03
62.236914280800	-1.7006797126123e+03
62.266893526600	-1.7105267492835e+03
62.296872772400	-1.7201452477806e+03
62.326852018200	-1.7295314457040e+03
62.356831264000	-1.7386817519813e+03
62.386810509800	-1.7475927489962e+03
62.416789755600	-1.7562611945731e+03
62.446769001400	-1.7646840238140e+03
62.476748247200	-1.7728583507888e+03
62.506727493000	-1.7807814700759e+03
62.536706738800	-1.7884508581543e+03
62.566685984600	-1.7958641746458e+03
62.596665230400	-1.8030192634061e+03
62.626644476200	-1.8099141534659e+03
62.656623722000	-1.8165470598201e+03
62.686602967800	-1.8229163840670e+03
62.716582213600	-1.8290207148948e+03
62.746561459400	-1.8348588284185e+03
62.776540705200	-1.8404296883653e+03
62.806519951000	-1.8457324461100e+03
62.836499196800	-1.8507664405602e+03
62.866478442600	-1.8555311978928e+03
62.896457688400	-1.8600264311416e+03
62.926436934200	-1.8642520396380e+03
62.956416180000	-1.8682081083046e+03
62.986395425800	-1.8718949068041e+03
63.016374671600	-1.8753128885434e+03
63.046353917400	-1.8784626895356e+03
63.076333163200	-1.8813451271207e+03
63.106312409000	-1.8839611985462e+03
63.136291654800	-1.8863120794107e+03
63.166270900600	-1.8883991219705e+03
63.196250146400	-1.8902238533129e+03
63.226229392200	-1.8917879733970e+03
63.256208638000	-1.8930933529648e+03
63.286187883800	-1.8941420313246e+03
63.316167129600	-1.8949362140088e+03
63.346146375400	-1.8954782703097e+03
63.376125621200	-1.8957707306942e+03
63.406104867000	-1.8958162841012e+03
63.436084112800	-1.8956177751242e+03
63.466063358600	-1.8951782010817e+03
63.496042604400	-1.8945007089781e+03
63.526021850200	-1.8935885923593e+03
63.556001096000	-1.8924452880644e+03
63.585980341800	-1.8910743728774e+03
63.615959587600	-1.8894795600828e+03
63.645938833400	-1.8876646959271e+03
63.675918079200	-1.8856337559905e+03
63.705897325000	-1.8833908414716e+03
63.735876570800	-1.8809401753896e+03
63.765855816600	-1.8782860987055e+03
63.795835062400	-1.8754330663685e+03
63.825814308200	-1.8723856432892e+03
63.855793554000	-1.8691485002443e+03
63.885772799800	-1.8657264097159e+03
63.915752045600	-1.8621242416702e+03
63.945731291400	-1.8583469592774e+03
63.975710537200	-1.8543996145798e+03
64.005689783000	-1.8502873441084e+03
64.035669028800	-1.8460153644546e+03
64.065648274600	-1.8415889677993e+03
64.095627520400	-1.8370135174050e+03
64.125606766200	-1.8322944430723e+03
64.155586012000	-1.8274372365677e+03
64.185565257800	-1.8224474470240e+03
64.215544503600	-1.8173306763200e+03
64.245523749400	-1.8120925744403e+03
64.275502995200	-1.8067388348222e+03
64.305482241000	-1.8012751896917e+03
64.335461486800	-1.7957074053936e+03
64.365440732600	-1.7900412777188e+03
64.395419978400	-1.7842826272333e+03
64.425399224200	-1.7784372946131e+03
64.455378470000	-1.7725111359885e+03
64.485357715800	-1.7665100183004e+03
64.515336961600	-1.7604398146758e+03
64.545316207400	-1.7543063998224e+03
64.575295453200	-1.7481156454487e+03
64.605274699000	-1.7418734157123e+03
64.635253944800	-1.7355855627005e+03
64.665233190600	-1.7292579219460e+03
64.695212436400	-1.7228963079831e+03
64.725191682200	-1.7165065099449e+03
64.755170928000	-1.7100942872091e+03
64.785150173800	-1.7036653650914e+03
64.815129419600	-1.6972254305938e+03
64.845108665400	-1.6907801282079e+03
64.875087911200	-1.6843350557793e+03
64.905067157000	-1.6778957604332e+03
64.935046402800	-1.6714677345679e+03
64.965025648600	-1.6650564119154e+03
64.995004894400	-1.6586671636753e+03
65.024984140200	-1.6523052947230e+03
65.054963386000	-1.6459760398953e+03
65.084942631800	-1.6396845603570e+03
65.114921877600	-1.6334359400495e+03
65.144901123400	-1.6272351822261e+03
65.174880369200	-1.6210872060743e+03
65.204859615000	-1.6149968434289e+03
65.234838860800	-1.6089688355773e+03
65.264818106600	-1.6030078301605e+03
65.294797352400	-1.5971183781699e+03
65.324776598200	-1.5913049310435e+03
65.354755844000	-1.5855718378631e+03
65.384735089800	-1.5799233426537e+03
65.414714335600	-1.5743635817872e+03
65.444693581400	-1.5688965814923e+03
65.474672827200	-1.5635262554709e+03
65.504652073000	-1.5582564026249e+03
65.534631318800	-1.5530907048910e+03
65.564610564600	-1.5480327251883e+03
65.594589810400	-1.5430859054775e+03
65.624569056200	-1.5382535649334e+03
65.654548302000	-1.5335388982319e+03
65.684527547800	-1.5289449739516e+03
65.714506793600	-1.5244747330908e+03
65.744486039400	-1.5201309877012e+03
65.774465285200	-1.5159164196376e+03
65.804444531000	-1.5118335794249e+03
65.834423776800	-1.5078848852419e+03
65.864403022600	-1.5040726220227e+03
65.894382268400	-1.5003989406749e+03
65.924361514200	-1.4968658574157e+03
65.954340760000	-1.4934752532245e+03
65.984320005800	-1.4902288734121e+03
66.014299251600	-1.4871283273068e+03
66.044278497400	-1.4841750880559e+03
66.074257743200	-1.4813704925427e+03
66.104236989000	-1.4787157414177e+03
66.134216234800	-1.4762118992439e+03
66.164195480600	-1.4738598947550e+03
66.194174726400	-1.4716605212251e+03
66.224153972200	-1.4696144369497e+03
66.254133218000	-1.4677221658356e+03
66.284112463800	-1.4659840981003e+03
66.314091709600	-1.4644004910771e+03
66.344070955400	-1.4629714701268e+03
66.374050201200	-1.4616970296528e+03
66.404029447000	-1.4605770342190e+03
66.434008692800	-1.4596112197681e+03
66.463987938600	-1.4587991949390e+03
66.493967184400	-1.4581404424814e+03
66.523946430200	-1.4576343207653e+03
66.553925676000	-1.4572800653838e+03
66.583904921800	-1.4570767908468e+03
66.613884167600	-1.4570234923637e+03
66.643863413400	-1.4571190477129e+03
66.673842659200	-1.4573622191955e+03
66.703821905000	-1.4577516556711e+03
66.733801150800	-1.4582858946732e+03
66.763780396600	-1.4589633646020e+03
66.793759642400	-1.4597823869916e+03
66.823738888200	-1.4607411788494e+03
66.853718134000	-1.4618378550650e+03
66.883697379800	-1.4630704308856e+03
66.913676625600	-1.4644368244562e+03
66.943655871400	-1.4659348594200e+03
66.973635117200	-1.4675622675786e+03
67.003614363000	-1.4693166916068e+03
67.033593608800	-1.4711956878210e+03
67.063572854600	-1.4731967289968e+03
67.093552100400	-1.4753172072347e+03
67.123531346200	-1.4775544368687e+03
67.153510592000	-1.4799056574168e+03
67.183489837800	-1.4823680365690e+03
67.213469083600	-1.4849386732113e+03
67.243448329400	-1.4876146004808e+03
67.273427575200	-1.4903927888504e+03
67.303406821000	-1.4932701492397e+03
67.333386066800	-1.4962435361484e+03
67.363365312600	-1.4993097508100e+03
67.393344558400	-1.5024655443623e+03
67.423323804200	-1.5057076210321e+03
67.453303050000	-1.5090326413301e+03
67.483282295800	-1.5124372252544e+03
67.513261541600	-1.5159179554982e+03
67.543240787400	-1.5194713806598e+03
67.573220033200	-1.5230940184515e+03
67.603199279000	-1.5267823589039e+03
67.633178524800	-1.5305328675638e+03
67.663157770600	-1.5343419886820e+03
67.693137016400	-1.5382061483884e+03
67.723116262200	-1.5421217578513e+03
67.753095508000	-1.5460852164185e+03
67.783074753800	-1.5500929147372e+03
67.813053999600	-1.5541412378498e+03
67.843033245400	-1.5582265682638e+03
67.873012491200	-1.5623452889913e+03
67.902991737000	-1.5664937865579e+03
67.932970982800	-1.5706684539761e+03
67.962950228600	-1.5748656936831e+03
67.992929474400	-1.5790819204379e+03
68.022908720200	-1.5833135641775e+03
68.052887966000	-1.5875570728292e+03
68.082867211800	-1.5918089150759e+03
68.112846457600	-1.5960655830731e+03
68.142825703400	-1.6003235951159e+03
68.172804949200	-1.6045794982518e+03
68.202784195000	-1.6088298708400e+03
68.232763440800	-1.6130713250532e+03
68.262742686600	-1.6173005093209e+03
68.292721932400	-1.6215141107122e+03
68.322701178200	-1.6257088572565e+03
68.352680424000	-1.6298815201998e+03
68.382659669800	-1.6340289161962e+03
68.412638915600	-1.6381479094317e+03
68.442618161400	-1.6422354136798e+03
68.472597407200	-1.6462883942872e+03
68.502576653000	-1.6503038700883e+03
68.532555898800	-1.6542789152474e+03
68.562535144600	-1.6582106610270e+03
68.592514390400	-1.6620962974818e+03
68.622493636200	-1.6659330750775e+03
68.652472882000	-1.6697183062321e+03
68.682452127800	-1.6734493667812e+03
68.712431373600	-1.6771236973642e+03
68.742410619400	-1.6807388047324e+03
68.772389865200	-1.6842922629777e+03
68.802369111000	-1.6877817146817e+03
68.832348356800	-1.6912048719848e+03
68.862327602600	-1.6945595175742e+03
68.892306848400	-1.6978435055920e+03
68.922286094200	-1.7010547624621e+03
68.952265340000	-1.7041912876364e+03
68.982244585800	-1.7072511542597e+03
69.012223831600	-1.7102325097541e+03
69.042203077400	-1.7131335763227e+03
69.072182323200	-1.7159526513732e+03
69.102161569000	-1.7186881078607e+03
69.132140814800	-1.7213383945515e+03
69.162120060600	-1.7239020362073e+03
69.192099306400	-1.7263776336913e+03
69.222078552200	-1.7287638639959e+03
69.252057798000	-1.7310594801929e+03
69.282037043800	-1.7332633113078e+03
69.312016289600	-1.7353742621184e+03
69.341995535400	-1.7373913128780e+03
69.371974781200	-1.7393135189657e+03
69.401954027000	-1.7411400104637e+03
69.431933272800	-1.7428699916630e+03
69.461912518600	-1.7445027404988e+03
69.491891764400	-1.7460376079172e+03
69.521871010200	-1.7474740171737e+03
69.551850256000	-1.7488114630653e+03
69.581829501800	-1.7500495110985e+03
69.611808747600	-1.7511877965925e+03
69.641787993400	-1.7522260237218e+03
69.671767239200	-1.7531639644979e+03
69.701746485000	-1.7540014576926e+03
69.731725730800	-1.7547384077042e+03
69.761704976600	-1.7553747833685e+03
69.791684222400	-1.7559106167171e+03
69.821663468200	-1.7563460016831e+03
69.851642714000	-1.7566810927585e+03
69.881621959800	-1.7569161036022e+03
69.911601205600	-1.7570513056042e+03
69.941580451400	-1.7570870264045e+03
69.971559697200	-1.7570236483707e+03
70.001538943000	-1.7568616070366e+03
70.031518188800	-1.7566013895021e+03
70.061497434600	-1.7562435327984e+03
70.091476680400	-1.7557886222196e+03
70.121455926200	-1.7552372896232e+03
70.151435172000	-1.7545902117011e+03
70.181414417800	-1.7538481082243e+03
70.211393663600	-1.7530117402632e+03
70.241372909400	-1.7520819083841e+03
70.271352155200	-1.7510594508273e+03
70.301331401000	-1.7499452416657e+03
70.331310646800	-1.7487401889489e+03
70.361289892600	-1.7474452328322e+03
70.391269138400	-1.7460613436965e+03
70.421248384200	-1.7445895202566e+03
70.451227630000	-1.7430307876651e+03
70.481206875800	-1.7413861956100e+03
70.511186121600	-1.7396568164105e+03
70.541165367400	-1.7378437431127e+03
70.571144613200	-1.7359480875873e+03
70.601123859000	-1.7339709786310e+03
70.631103104800	-1.7319135600751e+03
70.661082350600	-1.7297769889013e+03
70.691061596400	-1.7275624333693e+03
70.721040842200	-1.7252710711563e+03
70.751020088000	-1.7229040875112e+03
70.780999333800	-1.7204626734259e+03
70.810978579600	-1.7179480238251e+03
70.840957825400	-1.7153613357769e+03
70.870937071200	-1.7127038067254e+03
70.900916317000	-1.7099766327489e+03
70.930895562800	-1.7071810068436e+03
70.960874808600	-1.7043181172360e+03
70.990854054400	-1.7013891457245e+03
71.020833300200	-1.6983952660539e+03
71.050812546000	-1.6953376423220e+03
71.080791791800	-1.6922174274222e+03
71.110771037600	-1.6890357615222e+03
71.140750283400	-1.6857937705808e+03
71.170729529200	-1.6824925649047e+03
71.200708775000	-1.6791332377462e+03
71.230688020800	-1.6757168639433e+03
71.260667266600	-1.6722444986034e+03
71.290646512400	-1.6687171758328e+03
71.320625758200	-1.6651359075117e+03
71.350605004000	-1.6615016821172e+03
71.380584249800	-1.6578154635944e+03
71.410563495600	-1.6540781902774e+03
71.440542741400	-1.6502907738610e+03
71.470521987200	-1.6464540984235e+03
71.500501233000	-1.6425690195019e+03
71.530480478800	-1.6386363632209e+03
71.560459724600	-1.6346569254750e+03
71.590438970400	-1.6306314711652e+03
71.620418216200	-1.6265607334915e+03
71.650397462000	-1.6224454133004e+03
71.680376707800	-1.6182861784891e+03
71.710355953600	-1.6140836634655e+03
71.740335199400	-1.6098384686660e+03
71.770314445200	-1.6055511601299e+03
71.800293691000	-1.6012222691315e+03
71.830272936800	-1.5968522918694e+03
71.860252182600	-1.5924416892137e+03
71.890231428400	-1.5879908865110e+03
71.920210674200	-1.5835002734461e+03
71.950189920000	-1.5789702039624e+03
71.980169165800	-1.5744009962387e+03
72.010148411600	-1.5697929327232e+03
72.040127657400	-1.5651462602245e+03
72.070106903200	-1.5604611900587e+03
72.100086149000	-1.5557378982526e+03
72.130065394800	-1.5509765258021e+03
72.160044640600	-1.5461771789855e+03
72.190023886400	-1.5413399297316e+03
72.220003132200	-1.5364648160404e+03
72.249982378000	-1.5315518424577e+03
72.279961623800	-1.5266009806007e+03
72.309940869600	-1.5216121697360e+03
72.339920115400	-1.5165853174068e+03
72.369899361200	-1.5115203001099e+03
72.399878607000	-1.5064169640215e+03
72.429857852800	-1.5012751257696e+03
72.459837098600	-1.4960945732525e+03
72.489816344400	-1.4908750665034e+03
72.519795590200	-1.4856163385974e+03
72.549774836000	-1.4803180966022e+03
72.579754081800	-1.4749800225691e+03
72.609733327600	-1.4696017745647e+03
72.639712573400	-1.4641829877411e+03
72.669691819200	-1.4587232754424e+03
72.699671065000	-1.4532222303479e+03
72.729650310800	-1.4476794256485e+03
72.759629556600	-1.4420944162568e+03
72.789608802400	-1.4364667400475e+03
72.819588048200	-1.4307959191271e+03
72.849567294000	-1.4250814611326e+03
72.879546539800	-1.4193228605547e+03
72.909525785600	-1.4135196000873e+03
72.939505031400	-1.4076711519986e+03
72.969484277200	-1.4017769795235e+03
72.999463523000	-1.3958365382761e+03
73.029442768800	-1.3898492776787e+03
73.059422014600	-1.3838146424075e+03
73.089401260400	-1.3777320738517e+03
73.119380506200	-1.3716010115857e+03
73.149359752000	-1.3654208948502e+03
73.179338997800	-1.3591911640438e+03
73.209318243600	-1.3529112622195e+03
73.239297489400	-1.3465806365878e+03
73.269276735200	-1.3401987400213e+03
73.299255981000	-1.3337650325620e+03
73.329235226800	-1.3272789829269e+03
73.359214472600	-1.3207400700118e+03
73.389193718400	-1.3141477843907e+03
73.419172964200	-1.3075016298090e+03
73.449152210000	-1.3008011246693e+03
73.479131455800	-1.2940458035067e+03
73.509110701600	-1.2872352184533e+03
73.539089947400	-1.2803689406896e+03
73.569069193200	-1.2734465618802e+03
73.599048439000	-1.2664676955934e+03
73.629027684800	-1.2594319787022e+03
73.659006930600	-1.2523390727649e+03
73.688986176400	-1.2451886653846e+03
73.718965422200	-1.2379804715443e+03
73.748944668000	-1.2307142349178e+03
73.778923913800	-1.2233897291537e+03
73.808903159600	-1.2160067591306e+03
73.838882405400	-1.2085651621836e+03
73.868861651200	-1.2010648092991e+03
73.898840897000	-1.1935056062766e+03
73.928820142800	-1.1858874948569e+03
73.958799388600	-1.1782104538147e+03
73.988778634400	-1.1704745000146e+03
74.018757880200	-1.1626796894281e+03
74.048737126000	-1.1548261181129e+03
74.078716371800	-1.1469139231497e+03
74.108695617600	-1.1389432835388e+03
74.138674863400	-1.1309144210530e+03
74.168654109200	-1.1228276010468e+03
74.198633355000	-1.1146831332207e+03
74.228612600800	-1.1064813723395e+03
74.258591846600	-1.0982227189035e+03
74.288571092400	-1.0899076197724e+03
74.318550338200	-1.0815365687403e+03
74.348529584000	-1.0731101070611e+03
74.378508829800	-1.0646288239248e+03
74.408488075600	-1.0560933568817e+03
74.438467321400	-1.0475043922161e+03
74.468446567200	-1.0388626652686e+03
74.498425813000	-1.0301689607041e+03
74.528405058800	-1.0214241127292e+03
74.558384304600	-1.0126290052550e+03
74.588363550400	-1.0037845720062e+03
74.618342796200	-9.9489179657739e+02
74.648322042000	-9.8595171243429e+02
74.678301287800	-9.7696540286118e+02
74.708280533600	-9.6793400085393e+02
74.738259779400	-9.5885868895866e+02
74.768239025200	-9.4974069905596e+02
74.798218271000	-9.4058131209087e+02
74.828197516800	-9.3138185774867e+02
74.858176762600	-9.2214371407662e+02
74.888156008400	-9.1286830705204e+02
74.918135254200	-9.0355711009683e+02
74.948114500000	-8.9421164353891e+02
74.978093745800	-8.8483347402102e+02
75.008072991600	-8.7542421385719e+02
75.038052237400	-8.6598552033754e+02
75.068031483200	-8.5651909498188e+02
75.098010729000	-8.4702668274285e+02
75.127989974800	-8.3751007115913e+02
75.157969220600	-8.2797108945956e+02
75.187948466400	-8.1841160761895e+02
75.217927712200	-8.0883353536627e+02
75.247906958000	-7.9923882114631e+02
75.277886203800	-7.8962945103553e+02
75.307865449600	-7.8000744761325e+02
75.337844695400	-7.7037486878906e+02
75.367823941200	-7.6073380658760e+02
75.397803187000	-7.5108638589175e+02
75.427782432800	-7.4143476314547e+02
75.457761678600	-7.3178112501741e+02
75.487740924400	-7.2212768702654e+02
75.517720170200	-7.1247669213105e+02
75.547699416000	-7.0283040928191e+02
75.577678661800	-6.9319113194231e+02
75.607657907600	-6.8356117657448e+02
75.637637153400	-6.7394288109523e+02
75.667616399200	-6.6433860330161e+02
75.697595645000	-6.5475071926836e+02
75.727574890800	-6.4518162171836e+02
75.757554136600	-6.3563371836787e+02
75.787533382400	-6.2610943024801e+02
75.817512628200	-6.1661119000395e+02
75.847491874000	-6.0714144017372e+02
75.877471119800	-5.9770263144784e+02
75.907450365600	-5.8829722091180e+02
75.937429611400	-5.7892767027279e+02
75.967408857200	-5.6959644407252e+02
75.997388103000	-5.6030600788765e+02
76.027367348800	-5.5105882651970e+02
76.057346594600	-5.4185736217606e+02
76.087325840400	-5.3270407264376e+02
76.117305086200	-5.2360140945790e+02
76.147284332000	-5.1455181606630e+02
76.177263577800	-5.0555772599216e+02
76.207242823600	-4.9662156099653e+02
76.237222069400	-4.8774572924225e+02
76.267201315200	-4.7893262346104e+02
76.297180561000	-4.7018461912567e+02
76.327159806800	-4.6150407262872e+02
76.357139052600	-4.5289331946975e+02
76.387118298400	-4.4435467245261e+02
76.417097544200	-4.3589041989448e+02
76.447076790000	-4.2750282384852e+02
76.477056035800	-4.1919411834153e+02
76.507035281600	-4.1096650762856e+02
76.537014527400	-4.0282216446587e+02
76.566993773200	-3.9476322840410e+02
76.596973019000	-3.8679180410296e+02
76.626952264800	-3.7890995966933e+02
76.656931510600	-3.7111972502008e+02
76.686910756400	-3.6342309027125e+02
76.716890002200	-3.5582200415513e+02
76.746869248000	-3.4831837246662e+02
76.776848493800	-3.4091405654039e+02
76.806827739600	-3.3361087176018e+02
76.836806985400	-3.2641058610181e+02
76.866786231200	-3.1931491871093e+02
76.896765477000	-3.1232553851719e+02
76.926744722800	-3.0544406288584e+02
76.956723968600	-2.9867205630813e+02
76.986703214400	-2.9201102913167e+02
77.016682460200	-2.8546243633201e+02
77.046661706000	-2.7902767632636e+02
77.076640951800	-2.7270808983082e+02
77.106620197600	-2.6650495876188e+02
77.136599443400	-2.6041950518342e+02
77.166578689200	-2.5445289030001e+02
77.196557935000	-2.4860621349747e+02
77.226537180800	-2.4288051143161e+02
77.256516426600	-2.3727675716590e+02
77.286495672400	-2.3179585935881e+02
77.316474918200	-2.2643866150169e+02
77.346454164000	-2.2120594120766e+02
77.376433409800	-2.1609840955233e+02
77.406412655600	-2.1111671046678e+02
77.436391901400	-2.0626142018340e+02
77.466371147200	-2.0153304673506e+02
77.496350393000	-1.9693202950798e+02
77.526329638800	-1.9245873884877e+02
77.556308884600	-1.8811347572586e+02
77.586288130400	-1.8389647144562e+02
77.616267376200	-1.7980788742347e+02
77.646246622000	-1.7584781501000e+02
77.676225867800	-1.7201627537232e+02
77.706205113600	-1.6831321943069e+02
77.736184359400	-1.6473852785042e+02
77.766163605200	-1.6129201108897e+02
77.796142851000	-1.5797340949821e+02
77.826122096800	-1.5478239348169e+02
77.856101342600	-1.5171856370670e+02
77.886080588400	-1.4878145137089e+02
77.916059834200	-1.4597051852310e+02
77.946039080000	-1.4328515843823e+02
77.976018325800	-1.4072469604546e+02
78.005997571600	-1.3828838840971e+02
78.035976817400	-1.3597542526556e+02
78.065956063200	-1.3378492960328e+02
78.095935309000	-1.3171595830632e+02
78.125914554800	-1.2976750283955e+02
78.155893800600	-1.2793848998778e+02
78.185873046400	-1.2622778264356e+02
78.215852292200	-1.2463418064375e+02
78.245831538000	-1.2315642165386e+02
78.275810783800	-1.2179318209942e+02
78.305790029600	-1.2054307814347e+02
78.335769275400	-1.1940466670918e+02
78.365748521200	-1.1837644654668e+02
78.395727767000	-1.1745685934311e+02
78.425707012800	-1.1664429087475e+02
78.455686258600	-1.1593707220025e+02
78.485665504400	-1.1533348089380e+02
78.515644750200	-1.1483174231710e+02
78.545623996000	-1.1443003092888e+02
78.575603241800	-1.1412647163090e+02
78.605582487600	-1.1391914114903e+02
78.635561733400	-1.1380606944826e+02
78.665540979200	-1.1378524118028e+02
78.695520225000	-1.1385459716230e+02
78.725499470800	-1.1401203588583e+02
78.755478716600	-1.1425541505398e+02
78.785457962400	-1.1458255314588e+02
78.815437208200	-1.1499123100691e+02
78.845416454000	-1.1547919346321e+02
78.875395699800	-1.1604415095905e+02
78.905374945600	-1.1668378121562e+02
78.935354191400	-1.1739573090976e+02
78.965333437200	-1.1817761737113e+02
78.995312683000	-1.1902703029630e+02
79.025291928800	-1.1994153347833e+02
79.055271174600	-1.2091866655023e+02
79.085250420400	-1.2195594674087e+02
79.115229666200	-1.2305087064168e+02
79.145208912000	-1.2420091598282e+02
79.175188157800	-1.2540354341704e+02
79.205167403600	-1.2665619830992e+02
79.235146649400	-1.2795631253482e+02
79.265125895200	-1.2930130627106e+02
79.295105141000	-1.3068858980377e+02
79.325084386800	-1.3211556532404e+02
79.355063632600	-1.3357962872759e+02
79.385042878400	-1.3507817141075e+02
79.415022124200	-1.3660858206202e+02
79.445001370000	-1.3816824844792e+02
79.474980615800	-1.3975455919151e+02
79.504959861600	-1.4136490554227e+02
79.534939107400	-1.4299668313572e+02
79.564918353200	-1.4464729374159e+02
79.594897599000	-1.4631414699896e+02
79.624876844800	-1.4799466213703e+02
79.654856090600	-1.4968626968024e+02
79.684835336400	-1.5138641313627e+02
79.714814582200	-1.5309255066578e+02
79.744793828000	-1.5480215673237e+02
79.774773073800	-1.5651272373172e+02
79.804752319600	-1.5822176359859e+02
79.834731565400	-1.5992680939034e+02
79.864710811200	-1.6162541684607e+02
79.894690057000	-1.6331516591997e+02
79.924669302800	-1.6499366228790e+02
79.954648548600	-1.6665853882603e+02
79.984627794400	-1.6830745706066e+02
80.014607040200	-1.6993810858793e+02
80.044586286000	-1.7154821646266e+02
80.074565531800	-1.7313553655531e+02
80.104544777600	-1.7469785887610e+02
80.134524023400	-1.7623300886543e+02
80.164503269200	-1.7773884864984e+02
80.194482515000	-1.7921327826259e+02
80.224461760800	-1.8065423682819e+02
80.254441006600	-1.8205970371015e+02
80.284420252400	-1.8342769962119e+02
80.314399498200	-1.8475628769537e+02
80.344378744000	-1.8604357452149e+02
80.374357989800	-1.8728771113723e+02
80.404337235600	-1.8848689398342e+02
80.434316481400	-1.8963936581812e+02
80.464295727200	-1.9074341658993e+02
80.494274973000	-1.9179738427027e+02
80.524254218800	-1.9279965564410e+02
80.554233464600	-1.9374866705902e+02
80.584212710400	-1.9464290513223e+02
80.614191956200	-1.9548090741530e+02
80.644171202000	-1.9626126301657e+02
80.674150447800	-1.9698261318085e+02
80.704129693600	-1.9764365182664e+02
80.734108939400	-1.9824312604046e+02
80.764088185200	-1.9877983652863e+02
80.794067431000	-1.9925263802621e+02
80.824046676800	-1.9966043966342e+02
80.854025922600	-2.0000220528951e+02
80.884005168400	-2.0027695375427e+02
80.913984414200	-2.0048375914736e+02
80.943963660000	-2.0062175099576e+02
80.973942905800	-2.0069011441946e+02
81.003922151600	-2.0068809024588e+02
81.033901397400	-2.0061497508321e+02
81.063880643200	-2.0047012135316e+02
81.093859889000	-2.0025293728348e+02
81.123839134800	-1.9996288686070e+02
81.153818380600	-1.9959948974366e+02
81.183797626400	-1.9916232113820e+02
81.213776872200	-1.9865101163374e+02
81.243756118000	-1.9806524700226e+02
81.273735363800	-1.9740476796020e+02
81.303714609600	-1.9666936989415e+02
81.333693855400	-1.9585890255082e+02
81.363673101200	-1.9497326969210e+02
81.393652347000	-1.9401242871588e+02
81.423631592800	-1.9297639024344e+02
81.453610838600	-1.9186521767423e+02
81.483590084400	-1.9067902670876e+02
81.513569330200	-1.8941798484051e+02
81.543548576000	-1.8808231081766e+02
81.573527821800	-1.8667227407565e+02
81.603507067600	-1.8518819414122e+02
81.633486313400	-1.8363044000918e+02
81.663465559200	-1.8199942949255e+02
81.693444805000	-1.8029562854716e+02
81.723424050800	-1.7851955057172e+02
81.753403296600	-1.7667175568420e+02
81.783382542400	-1.7475284997566e+02
81.813361788200	-1.7276348474247e+02
81.843341034000	-1.7070435569786e+02
81.873320279800	-1.6857620216400e+02
81.903299525600	-1.6637980624550e+02
81.933278771400	-1.6411599198540e+02
81.963258017200	-1.6178562450477e+02
81.993237263000	-1.5938960912678e+02
82.023216508800	-1.5692889048657e+02
82.053195754600	-1.5440445162772e+02
82.083175000400	-1.5181731308649e+02
82.113154246200	-1.4916853196483e+02
82.143133492000	-1.4645920099333e+02
82.173112737800	-1.4369044758495e+02
82.203091983600	-1.4086343288079e+02
82.233071229400	-1.3797935078868e+02
82.263050475200	-1.3503942701595e+02
82.293029721000	-1.3204491809703e+02
82.323008966800	-1.2899711041722e+02
82.352988212600	-1.2589731923335e+02
82.382967458400	-1.2274688769250e+02
82.412946704200	-1.1954718584973e+02
82.442925950000	-1.1629960968567e+02
82.472905195800	-1.1300558012501e+02
82.502884441600	-1.0966654205684e+02
82.532863687400	-1.0628396335763e+02
82.562842933200	-1.0285933391785e+02
82.592822179000	-9.9394164673118e+01
82.622801424800	-9.5889986640550e+01
82.652780670600	-9.2348349961415e+01
82.682759916400	-8.8770822950669e+01
82.712739162200	-8.5158991154286e+01
82.742718408000	-8.1514456415101e+01
82.772697653800	-7.7838835947915e+01
82.802676899600	-7.4133761424582e+01
82.832656145400	-7.0400878069756e+01
82.862635391200	-6.6641843767961e+01
82.892614637000	-6.2858328182635e+01
82.922593882800	-5.9052011887731e+01
82.952573128600	-5.5224585512469e+01
82.982552374400	-5.1377748899792e+01
83.012531620200	-4.7513210279034e+01
83.042510866000	-4.3632685453301e+01
83.072490111800	-3.9737897002028e+01
83.102469357600	-3.5830573499134e+01
83.132448603400	-3.1912448747181e+01
83.162427849200	-2.7985261027905e+01
83.192407095000	-2.4050752369455e+01
83.222386340800	-2.0110667830652e+01
83.252365586600	-1.6166754802526e+01
83.282344832400	-1.2220762327402e+01
83.312324078200	-8.2744404357091e+00
83.342303324000	-4.3295395007264e+00
83.372282569800	-3.8780961138714e-01
83.402261815600	3.5490000367304e+00
83.432241061400	7.4791417321475e+00
83.462220307200	1.1400869819915e+01
83.492199553000	1.5312441255704e+01
83.522178798800	1.9212116141573e+01
83.552158044600	2.3098158243456e+01
83.582137290400	2.6968835490435e+01
83.612116536200	3.0822420455910e+01
83.642095782000	3.4657190820803e+01
83.672075027800	3.8471429818950e+01
83.702054273600	4.2263426664873e+01
83.732033519400	4.6031476964167e+01
83.762012765200	4.9773883106739e+01
83.791992011000	5.3488954643178e+01
83.821971256800	5.7175008644565e+01
83.851950502600	6.0830370046052e+01
83.881929748400	6.4453371974557e+01
83.911908994200	6.8042356060976e+01
83.941888240000	7.1595672737301e+01
83.971867485800	7.5111681519070e+01
84.001846731600	7.8588751273623e+01
84.031825977400	8.2025260474615e+01
84.061805223200	8.5419597443290e+01
84.091784469000	8.8770160577034e+01
84.121763714800	9.2075358565737e+01
84.151742960600	9.5333610596507e+01
84.181722206400	9.8543346547337e+01
84.211701452200	1.0170300717027e+02
84.241680698000	1.0481104426468e+02
84.271659943800	1.0786592084134e+02
84.301639189600	1.1086611127776e+02
84.331618435400	1.1381010146563e+02
84.361597681200	1.1669638895084e+02
84.391576927000	1.1952348306690e+02
84.421556172800	1.2228990506227e+02
84.451535418600	1.2499418822245e+02
84.481514664400	1.2763487798733e+02
84.511493910200	1.3021053206466e+02
84.541473156000	1.3271972054026e+02
84.571452401800	1.3516102598565e+02
84.601431647600	1.3753304356381e+02
84.631410893400	1.3983438113387e+02
84.661390139200	1.4206365935520e+02
84.691369385000	1.4421951179194e+02
84.721348630800	1.4630058501827e+02
84.751327876600	1.4830553872549e+02
84.781307122400	1.5023304583136e+02
84.811286368200	1.5208179259239e+02
84.841265614000	1.5385047871994e+02
84.871244859800	1.5553781750053e+02
84.901224105600	1.5714253592130e+02
84.931203351400	1.5866337480101e+02
84.961182597200	1.6009908892734e+02
84.991161843000	1.6144844720120e+02
85.021141088800	1.6271023278840e+02
85.051120334600	1.6388324327953e+02
85.081099580400	1.6496629085848e+02
85.111078826200	1.6595820248022e+02
85.141058072000	1.6685782005829e+02
85.171037317800	1.6766400066271e+02
85.201016563600	1.6837561672851e+02
85.230995809400	1.6899155627572e+02
85.260975055200	1.6951072314092e+02
85.290954301000	1.6993203722104e+02
85.320933546800	1.7025443472974e+02
85.350912792600	1.7047686846666e+02
85.380892038400	1.7059830810005e+02
85.410871284200	1.7061774046302e+02
85.440850530000	1.7053416986368e+02
85.470829775800	1.7034661840959e+02
85.500809021600	1.7005412634657e+02
85.530788267400	1.6965575241230e+02
85.560767513200	1.6915057420465e+02
85.590746759000	1.6853768856518e+02
85.620726004800	1.6781621197767e+02
85.650705250600	1.6698528098197e+02
85.680684496400	1.6604405260309e+02
85.710663742200	1.6499170479567e+02
85.740642988000	1.6382743690376e+02
85.770622233800	1.6255047013590e+02
85.800601479600	1.6116004805536e+02
85.830580725400	1.5965543708559e+02
85.860559971200	1.5803592703056e+02
85.890539217000	1.5630083160997e+02
85.920518462800	1.5444948900895e+02
85.950497708600	1.5248126244224e+02
85.980476954400	1.5039554073232e+02
86.010456200200	1.4819173890141e+02
86.040435446000	1.4586929877678e+02
86.070414691800	1.4342768960916e+02
86.100393937600	1.4086640870378e+02
86.130373183400	1.3818498206350e+02
86.160352429200	1.3538296504371e+02
86.190331675000	1.3245994301837e+02
86.220310920800	1.2941553205668e+02
86.250290166600	1.2624937960974e+02
86.280269412400	1.2296116520671e+02
86.310248658200	1.1955060115971e+02
86.340227904000	1.1601743327680e+02
86.370207149800	1.1236144158238e+02
86.400186395600	1.0858244104422e+02
86.430165641400	1.0468028230640e+02
86.460144887200	1.0065485242729e+02
86.490124133000	9.6506075621806e+01
86.520103378800	9.2233914007089e+01
86.550082624600	8.7838368350656e+01
86.580061870400	8.3319478820206e+01
86.610041116200	7.8677325734083e+01
86.640020362000	7.3912030311482e+01
86.669999607800	6.9023755421382e+01
86.699978853600	6.4012706329243e+01
86.729958099400	5.8879131440408e+01
86.759937345200	5.3623323039202e+01
86.789916591000	4.8245618022635e+01
86.819895836800	4.2746398627659e+01
86.849875082600	3.7126093150859e+01
86.879854328400	3.1385176659483e+01
86.909833574200	2.5524171692681e+01
86.939812820000	1.9543648951811e+01
86.969792065800	1.3444227978673e+01
86.999771311600	7.2265778204955e+00
87.029750557400	8.9141768052053e-01
87.059729803200	-5.5604824469952e+00
87.089709049000	-1.2128301158549e+01
87.119688294800	-1.8811165041112e+01
87.149667540600	-2.5608148090997e+01
87.179646786400	-3.2518271153055e+01
87.209626032200	-3.9540501381417e+01
87.239605278000	-4.6673751722945e+01
87.269584523800	-5.3916880424601e+01
87.299563769600	-6.1268690565917e+01
87.329543015400	-6.8727929617739e+01
87.359522261200	-7.6293289028421e+01
87.389501507000	-8.3963403838647e+01
87.419480752800	-9.1736852326008e+01
87.449459998600	-9.9612155680508e+01
87.479439244400	-1.0758777771210e+02
87.509418490200	-1.1566212459141e+02
87.539397736000	-1.2383354462468e+02
87.569376981800	-1.3210032806408e+02
87.599356227600	-1.4046070695442e+02
87.629335473400	-1.4891285501731e+02
87.659314719200	-1.5745488757376e+02
87.689293965000	-1.6608486150630e+02
87.719273210800	-1.7480077526144e+02
87.749252456600	-1.8360056889360e+02
87.779231702400	-1.9248212415130e+02
87.809210948200	-2.0144326460646e+02
87.839190194000	-2.1048175582788e+02
87.869169439800	-2.1959530559943e+02
87.899148685600	-2.2878156418399e+02
87.929127931400	-2.3803812463373e+02
87.959107177200	-2.4736252314758e+02
87.989086423000	-2.5675223947641e+02
88.019065668800	-2.6620469737676e+02
88.049044914600	-2.7571726511353e+02
88.079024160400	-2.8528725601232e+02
88.109003406200	-2.9491192906191e+02
88.138982652000	-3.0458848956732e+02
88.168961897800	-3.1431408985387e+02
88.198941143600	-3.2408583002275e+02
88.228920389400	-3.3390075875825e+02
88.258899635200	-3.4375587418706e+02
88.288878881000	-3.5364812478992e+02
88.318858126800	-3.6357441036566e+02
88.348837372600	-3.7353158304789e+02
88.378816618400	-3.8351644837447e+02
88.408795864200	-3.9352576640958e+02
88.438775110000	-4.0355625291872e+02
88.468754355800	-4.1360458059620e+02
88.498733601600	-4.2366738034529e+02
88.528712847400	-4.3374124261073e+02
88.558692093200	-4.4382271876331e+02
88.588671339000	-4.5390832253645e+02
88.618650584800	-4.6399453151415e+02
88.648629830600	-4.7407778867016e+02
88.678609076400	-4.8415450395777e+02
88.708588322200	-4.9422105594979e+02
88.738567568000	-5.0427379352814e+02
88.768546813800	-5.1430903762233e+02
88.798526059600	-5.2432308299632e+02
88.828505305400	-5.3431220008289e+02
88.858484551200	-5.4427263686479e+02
88.888463797000	-5.5420062080179e+02
88.918443042800	-5.6409236080275e+02
88.948422288600	-5.7394404924172e+02
88.978401534400	-5.8375186401708e+02
89.008380780200	-5.9351197065260e+02
89.038360026000	-6.0322052443940e+02
89.068339271800	-6.1287367261746e+02
89.098318517600	-6.2246755659560e+02
89.128297763400	-6.3199831420856e+02
89.158277009200	-6.4146208200982e+02
89.188256255000	-6.5085499759884e+02
89.218235500800	-6.6017320198122e+02
89.248214746600	-6.6941284196029e+02
89.278193992400	-6.7857007255856e+02
89.308173238200	-6.8764105946752e+02
89.338152484000	-6.9662198152409e+02
89.368131729800	-7.0550903321196e+02
89.398110975600	-7.1429842718627e+02
89.428090221400	-7.2298639681964e+02
89.458069467200	-7.3156919876797e+02
89.488048713000	-7.4004311555385e+02
89.518027958800	-7.4840445816600e+02
89.548007204600	-7.5664956867251e+02
89.577986450400	-7.6477482284618e+02
89.607965696200	-7.7277663279966e+02
89.637944942000	-7.8065144962859e+02
89.667924187800	-7.8839576606051e+02
89.697903433600	-7.9600611910751e+02
89.727882679400	-8.0347909272038e+02
89.757861925200	-8.1081132044227e+02
89.787841171000	-8.1799948805945e+02
89.817820416800	-8.2504033624712e+02
89.847799662600	-8.3193066320797e+02
89.877778908400	-8.3866732730118e+02
89.907758154200	-8.4524724965975e+02
89.937737400000	-8.5166741679358e+02
89.967716645800	-8.5792488317635e+02
89.997695891600	-8.6401677381354e+02
90.027675137400	-8.6994028678951e+02
90.057654383200	-8.7569269579115e+02
90.087633629000	-8.8127135260587e+02
90.117612874800	-8.8667368959144e+02
90.147592120600	-8.9189722211548e+02
90.177571366400	-8.9693955096213e+02
90.207550612200	-9.0179836470366e+02
90.237529858000	-9.0647144203461e+02
90.267509103800	-9.1095665406606e+02
90.297488349600	-9.1525196657789e+02
90.327467595400	-9.1935544222654e+02
90.357446841200	-9.2326524270608e+02
90.387426087000	-9.2697963086017e+02
90.417405332800	-9.3049697274290e+02
90.447384578600	-9.3381573962588e+02
90.477363824400	-9.3693450994979e+02
90.507343070200	-9.3985197121781e+02
90.537322316000	-9.4256692182904e+02
90.567301561800	-9.4507827284957e+02
90.597280807600	-9.4738504971921e+02
90.627260053400	-9.4948639389177e+02
90.657239299200	-9.5138156440683e+02
90.687218545000	-9.5306993939104e+02
90.717197790800	-9.5455101748692e+02
90.747177036600	-9.5582441920730e+02
90.777156282400	-9.5688988821352e+02
90.807135528200	-9.5774729251557e+02
90.837114774000	-9.5839662559227e+02
90.867094019800	-9.5883800743002e+02
90.897073265600	-9.5907168547811e+02
90.927052511400	-9.5909803551932e+02
90.957031757200	-9.5891756245391e+02
90.987011003000	-9.5853090099579e+02
91.016990248800	-9.5793881627920e+02
91.046969494600	-9.5714220437463e+02
91.076948740400	-9.5614209271269e+02
91.106927986200	-9.5493964041453e+02
91.136907232000	-9.5353613852781e+02
91.166886477800	-9.5193301016694e+02
91.196865723600	-9.5013181055670e+02
91.226844969400	-9.4813422697805e+02
91.256824215200	-9.4594207861552e+02
91.286803461000	-9.4355731630507e+02
91.316782706800	-9.4098202218185e+02
91.346761952600	-9.3821840922710e+02
91.376741198400	-9.3526882071371e+02
91.406720444200	-9.3213572954971e+02
91.436699690000	-9.2882173751952e+02
91.466678935800	-9.2532957442244e+02
91.496658181600	-9.2166209710809e+02
91.526637427400	-9.1782228840882e+02
91.556616673200	-9.1381325596871e+02
91.586595919000	-9.0963823096938e+02
91.616575164800	-9.0530056675257e+02
91.646554410600	-9.0080373733966e+02
91.676533656400	-8.9615133584841e+02
91.706512902200	-8.9134707280720e+02
91.736492148000	-8.8639477436727e+02
91.766471393800	-8.8129838041343e+02
91.796450639600	-8.7606194257373e+02
91.826429885400	-8.7068962212907e+02
91.856409131200	-8.6518568782319e+02
91.886388377000	-8.5955451357412e+02
91.916367622800	-8.5380057608797e+02
91.946346868600	-8.4792845237615e+02
91.976326114400	-8.4194281717709e+02
92.006305360200	-8.3584844028370e+02
92.036284606000	-8.2965018377792e+02
92.066263851800	-8.2335299917370e+02
92.096243097600	-8.1696192446993e+02
92.126222343400	-8.1048208111486e+02
92.156201589200	-8.0391867088365e+02
92.186180835000	-7.9727697267086e+02
92.216160080800	-7.9056233919963e+02
92.246139326600	-7.8378019364943e+02
92.276118572400	-7.7693602620447e+02
92.306097818200	-7.7003539052474e+02
92.336077064000	-7.6308390014182e+02
92.366056309800	-7.5608722478179e+02
92.396035555600	-7.4905108661740e+02
92.426014801400	-7.4198125645194e+02
92.455994047200	-7.3488354983730e+02
92.485973293000	-7.2776382312861e+02
92.515952538800	-7.2062796947819e+02
92.545931784600	-7.1348191477137e+02
92.575911030400	-7.0633161350697e+02
92.605890276200	-6.9918304462512e+02
92.635869522000	-6.9204220728545e+02
92.665848767800	-6.8491511659836e+02
92.695828013600	-6.7780779931249e+02
92.725807259400	-6.7072628946138e+02
92.755786505200	-6.6367662397231e+02
92.785765751000	-6.5666483824063e+02
92.815744996800	-6.4969696167260e+02
92.845724242600	-6.4277901320004e+02
92.875703488400	-6.3591699677009e+02
92.905682734200	-6.2911689681340e+02
92.935661980000	-6.2238467369397e+02
92.965641225800	-6.1572625914429e+02
92.995620471600	-6.0914755168899e+02
93.025599717400	-6.0265441206056e+02
93.055578963200	-5.9625265861062e+02
93.085558209000	-5.8994806272029e+02
93.115537454800	-5.8374634421316e+02
93.145516700600	-5.7765316677440e+02
93.175495946400	-5.7167413337972e+02
93.205475192200	-5.6581478173765e+02
93.235454438000	-5.6008057974875e+02
93.265433683800	-5.5447692098556e+02
93.295412929600	-5.4900912019662e+02
93.325392175400	-5.4368240883846e+02
93.355371421200	-5.3850193063905e+02
93.385350667000	-5.3347273719638e+02
93.415329912800	-5.2859978361578e+02
93.445309158600	-5.2388792418959e+02
93.475288404400	-5.1934190812289e+02
93.505267650200	-5.1496637530865e+02
93.535246896000	-5.1076585215615e+02
93.565226141800	-5.0674474747600e+02
93.595205387600	-5.0290734842541e+02
93.625184633400	-4.9925781651715e+02
93.655163879200	-4.9580018369575e+02
93.685143125000	-4.9253834848424e+02
93.715122370800	-4.8947607220502e+02
93.745101616600	-4.8661697527801e+02
93.775080862400	-4.8396453359961e+02
93.805060108200	-4.8152207500559e+02
93.835039354000	-4.7929277582119e+02
93.865018599800	-4.7727965750167e+02
93.894997845600	-4.7548558336631e+02
93.924977091400	-4.7391325542906e+02
93.954956337200	-4.7256521132871e+02
93.984935583000	-4.7144382136165e+02
94.014914828800	-4.7055128562004e+02
94.044894074600	-4.6988963123823e+02
94.074873320400	-4.6946070975005e+02
94.104852566200	-4.6926619455992e+02
94.134831812000	-4.6930757853004e+02
94.164811057800	-4.6958617168640e+02
94.194790303600	-4.7010309904599e+02
94.224769549400	-4.7085929856754e+02
94.254748795200	-4.7185551922807e+02
94.284728041000	-4.7309231922739e+02
94.314707286800	-4.7457006432278e+02
94.344686532600	-4.7628892629565e+02
94.374665778400	-4.7824888155224e+02
94.404645024200	-4.8044970986009e+02
94.434624270000	-4.8289099322205e+02
94.464603515800	-4.8557211488935e+02
94.494582761600	-4.8849225851534e+02
94.524562007400	-4.9165040745128e+02
94.554541253200	-4.9504534418537e+02
94.584520499000	-4.9867564992646e+02
94.614499744800	-5.0253970433322e+02
94.644478990600	-5.0663568539002e+02
94.674458236400	-5.1096156943026e+02
94.704437482200	-5.1551513130783e+02
94.734416728000	-5.2029394471757e+02
94.764395973800	-5.2529538266501e+02
94.794375219600	-5.3051661808599e+02
94.824354465400	-5.3595462461636e+02
94.854333711200	-5.4160617751195e+02
94.884312957000	-5.4746785471894e+02
94.914292202800	-5.5353603809453e+02
94.944271448600	-5.5980691477769e+02
94.974250694400	-5.6627647870981e+02
95.004229940200	-5.7294053230481e+02
95.034209186000	-5.7979468826806e+02
95.064188431800	-5.8683437156369e+02
95.094167677600	-5.9405482152933e+02
95.124146923400	-6.0145109413752e+02
95.154126169200	-6.0901806440267e+02
95.184105415000	-6.1675042893262e+02
95.214084660800	-6.2464270862339e+02
95.244063906600	-6.3268925149587e+02
95.274043152400	-6.4088423567296e+02
95.304022398200	-6.4922167249556e+02
95.334001644000	-6.5769540977566e+02
95.363980889800	-6.6629913518489e+02
95.393960135600	-6.7502637977636e+02
95.423939381400	-6.8387052163791e+02
95.453918627200	-6.9282478967459e+02
95.483897873000	-7.0188226751809e+02
95.513877118800	-7.1103589756073e+02
95.543856364600	-7.2027848511159e+02
95.573835610400	-7.2960270267216e+02
95.603814856200	-7.3900109432884e+02
95.633794102000	-7.4846608025948e+02
95.663773347800	-7.5798996135113e+02
95.693752593600	-7.6756492392594e+02
95.723731839400	-7.7718304457223e+02
95.753711085200	-7.8683629507746e+02
95.783690331000	-7.9651654745989e+02
95.813669576800	-8.0621557909556e+02
95.843648822600	-8.1592507793721e+02
95.873628068400	-8.2563664782150e+02
95.903607314200	-8.3534181386106e+02
95.933586560000	-8.4503202791753e+02
95.963565805800	-8.5469867415207e+02
95.993545051600	-8.6433307464919e+02
96.023524297400	-8.7392649511028e+02
96.053503543200	-8.8347015061276e+02
96.083482789000	-8.9295521143070e+02
96.113462034800	-9.0237280891309e+02
96.143441280600	-9.1171404141527e+02
96.173420526400	-9.2096998027959e+02
96.203399772200	-9.3013167586087e+02
96.233379018000	-9.3919016359243e+02
96.263358263800	-9.4813647008823e+02
96.293337509600	-9.5696161927691e+02
96.323316755400	-9.6565663856302e+02
96.353296001200	-9.7421256501123e+02
96.383275247000	-9.8262045154883e+02
96.413254492800	-9.9087137318205e+02
96.443233738600	-9.9895643322166e+02
96.473212984400	-1.0068667695132e+03
96.503192230200	-1.0145935606674e+03
96.533171476000	-1.0221280322857e+03
96.563150721800	-1.0294614631771e+03
96.593129967600	-1.0365851915610e+03
96.623109213400	-1.0434906212510e+03
96.653088459200	-1.0501692278170e+03
96.683067705000	-1.0566125647179e+03
96.713046950800	-1.0628122694034e+03
96.743026196600	-1.0687600693779e+03
96.773005442400	-1.0744477882232e+03
96.802984688200	-1.0798673515754e+03
96.832963934000	-1.0850107930502e+03
96.862943179800	-1.0898702601139e+03
96.892922425600	-1.0944380198943e+03
96.922901671400	-1.0987064649271e+03
96.952880917200	-1.1026681188344e+03
96.982860163000	-1.1063156419294e+03
97.012839408800	-1.1096418367444e+03
97.042818654600	-1.1126396534767e+03
97.072797900400	-1.1153021953486e+03
97.102777146200	-1.1176227238779e+03
97.132756392000	-1.1195946640533e+03
97.162735637800	-1.1212116094118e+03
97.192714883600	-1.1224673270147e+03
97.222694129400	-1.1233557623155e+03
97.252673375200	-1.1238710439196e+03
97.282652621000	-1.1240074882289e+03
97.312631866800	-1.1237596039693e+03
97.342611112600	-1.1231220965966e+03
97.372590358400	-1.1220898725780e+03
97.402569604200	-1.1206580435450e+03
97.432548850000	-1.1188219303152e+03
97.462528095800	-1.1165770667784e+03
97.492507341600	-1.1139192036453e+03
97.522486587400	-1.1108443120551e+03
97.552465833200	-1.1073485870381e+03
97.582445079000	-1.1034284508325e+03
97.612424324800	-1.0990805560504e+03
97.642403570600	-1.0943017886918e+03
97.672382816400	-1.0890892710038e+03
97.702362062200	-1.0834403641820e+03
97.732341308000	-1.0773526709123e+03
97.762320553800	-1.0708240377506e+03
97.792299799600	-1.0638525573391e+03
97.822279045400	-1.0564365704555e+03
97.852258291200	-1.0485746678954e+03
97.882237537000	-1.0402656921844e+03
97.912216782800	-1.0315087391198e+03
97.942196028600	-1.0223031591389e+03
97.972175274400	-1.0126485585138e+03
98.002154520200	-1.0025448003712e+03
98.032133766000	-9.9199200553564e+02
98.062113011800	-9.8099055319574e+02
98.092092257600	-9.6954108139260e+02
98.122071503400	-9.5764448732944e+02
98.152050749200	-9.4530192750219e+02
98.182029995000	-9.3251481765042e+02
98.212009240800	-9.1928483252860e+02
98.241988486600	-9.0561390549730e+02
98.271967732400	-8.9150422793459e+02
98.301946978200	-8.7695824846752e+02
98.331926224000	-8.6197867202430e+02
98.361905469800	-8.4656845870720e+02
98.391884715600	-8.3073082248717e+02
98.421863961400	-8.1446922972048e+02
98.451843207200	-7.9778739748849e+02
98.481822453000	-7.8068929176138e+02
98.511801698800	-7.6317912538701e+02
98.541780944600	-7.4526135590610e+02
98.571760190400	-7.2694068319515e+02
98.601739436200	-7.0822204693858e+02
98.631718682000	-6.8911062393172e+02
98.661697927800	-6.6961182521648e+02
98.691677173600	-6.4973129305148e+02
98.721656419400	-6.2947489771881e+02
98.751635665200	-6.0884873416948e+02
98.781614911000	-5.8785911850982e+02
98.811594156800	-5.6651258433136e+02
98.841573402600	-5.4481587888655e+02
98.871552648400	-5.2277595911309e+02
98.901531894200	-5.0039998750954e+02
98.931511140000	-4.7769532786516e+02
98.961490385800	-4.5466954084697e+02
98.991469631600	-4.3133037944699e+02
99.021448877400	-4.0768578429314e+02
99.051428123200	-3.8374387882681e+02
99.081407369000	-3.5951296435076e+02
99.111386614800	-3.3500151495077e+02
99.141365860600	-3.1021817229462e+02
99.171345106400	-2.8517174031226e+02
99.201324352200	-2.5987117976082e+02
99.231303598000	-2.3432560267841e+02
99.261282843800	-2.0854426673081e+02
99.291262089600	-1.8253656945497e+02
99.321241335400	-1.5631204240347e+02
99.351220581200	-1.2988034519436e+02
99.381199827000	-1.0325125947042e+02
99.411179072800	-7.6434682772426e+01
99.441158318600	-4.9440622330768e+01
99.471137564400	-2.2279188779895e+01
99.501116810200	5.0394101997476e+00
99.531096056000	3.2504876307754e+01
99.561075301800	6.0106827113046e+01
99.591054547600	8.7834802601702e+01
99.621033793400	1.1567827177856e+02
99.651013039200	1.4362663931774e+02
99.680992285000	1.7166925225736e+02
99.710971530800	1.9979540673331e+02
99.740950776600	2.2799435474748e+02
99.770930022400	2.5625531096529e+02
99.800909268200	2.8456745953751e+02
99.830888514000	3.1291996094165e+02
99.860867759800	3.4130195883763e+02
99.890847005600	3.6970258693284e+02
99.920826251400	3.9811097585165e+02
99.950805497200	4.2651626000418e+02
99.980784743000	4.5490758444942e+02
100.010763988800	4.8327411174768e+02
100.040743234600	5.1160502879731e+02
100.070722480400	5.3988955365073e+02
100.100701726200	5.6811694230478e+02
100.130680972000	5.9627649546044e+02
100.160660217800	6.2435756524696e+02
100.190639463600	6.5234956190556e+02
100.220618709400	6.8024196042771e+02
100.250597955200	7.0802430714326e+02
100.280577201000	7.3568622625364e+02
100.310556446800	7.6321742630516e+02
100.340535692600	7.9060770659804e+02
100.370514938400	8.1784696352622e+02
100.400494184200	8.4492519684353e+02
100.430473430000	8.7183251585154e+02
100.460452675800	8.9855914550475e+02
100.490431921600	9.2509543242861e+02
100.520411167400	9.5143185084602e+02
100.550390413200	9.7755900840813e+02
100.580369659000	1.0034676519251e+03
100.610348904800	1.0291486729928e+03
100.640328150600	1.0545931135116e+03
100.670307396400	1.0797921710923e+03
100.700286642200	1.1047372043477e+03
100.730265888000	1.1294197380623e+03
100.760245133800	1.1538314682409e+03
100.790224379600	1.1779642670282e+03
100.820203625400	1.2018101874995e+03
100.850182871200	1.2253614683167e+03
100.880162117000	1.2486105382473e+03
100.910141362800	1.2715500205436e+03
100.940120608600	1.2941727371781e+03
100.970099854400	1.3164717129326e+03
101.000079100200	1.3384401793391e+03
101.030058346000	1.3600715784672e+03
101.060037591800	1.3813595665593e+03
101.090016837600	1.4022980175068e+03
101.119996083400	1.4228810261687e+03
101.149975329200	1.4431029115279e+03
101.179954575000	1.4629582196844e+03
101.209933820800	1.4824417266827e+03
101.239913066600	1.5015484411722e+03
101.269892312400	1.5202736068983e+03
101.299871558200	1.5386127050229e+03
101.329850804000	1.5565614562734e+03
101.359830049800	1.5741158229173e+03
101.389809295600	1.5912720105631e+03
101.419788541400	1.6080264697857e+03
101.449767787200	1.6243758975744e+03
101.479747033000	1.6403172386049e+03
101.509726278800	1.6558476863322e+03
101.539705524600	1.6709646839063e+03
101.569684770400	1.6856659249084e+03
101.599664016200	1.6999493539085e+03
101.629643262000	1.7138131668438e+03
101.659622507800	1.7272558112186e+03
101.689601753600	1.7402759861249e+03
101.719580999400	1.7528726420852e+03
101.749560245200	1.7650449807168e+03
101.779539491000	1.7767924542193e+03
101.809518736800	1.7881147646854e+03
101.839497982600	1.7990118632356e+03
101.869477228400	1.8094839489790e+03
101.899456474200	1.8195314678000e+03
101.929435720000	1.8291551109733e+03
101.959414965800	1.8383558136074e+03
101.989394211600	1.8471347529194e+03
102.019373457400	1.8554933463421e+03
102.049352703200	1.8634332494653e+03
102.079331949000	1.8709563538128e+03
102.109311194800	1.8780647844586e+03
102.139290440600	1.8847608974822e+03
102.169269686400	1.8910472772675e+03
102.199248932200	1.8969267336461e+03
102.229228178000	1.9024022988889e+03
102.259207423800	1.9074772245466e+03
102.289186669600	1.9121549781449e+03
102.319165915400	1.9164392397337e+03
102.349145161200	1.9203338982966e+03
102.379124407000	1.9238430480208e+03
102.409103652800	1.9269709844333e+03
102.439082898600	1.9297222004042e+03
102.469062144400	1.9321013820223e+03
102.499041390200	1.9341134043455e+03
102.529020636000	1.9357633270300e+03
102.558999881800	1.9370563898409e+03
102.588979127600	1.9379980080500e+03
102.618958373400	1.9385937677223e+03
102.648937619200	1.9388494208962e+03
102.678916865000	1.9387708806620e+03
102.708896110800	1.9383642161405e+03
102.738875356600	1.9376356473686e+03
102.768854602400	1.9365915400939e+03
102.798833848200	1.9352384004834e+03
102.828813094000	1.9335828697504e+03
102.858792339800	1.9316317187038e+03
102.888771585600	1.9293918422247e+03
102.918750831400	1.9268702536736e+03
102.948730077200	1.9240740792341e+03
102.978709323000	1.9210105521963e+03
103.008688568800	1.9176870071852e+03
103.038667814600	1.9141108743381e+03
103.068647060400	1.9102896734366e+03
103.098626306200	1.9062310079964e+03
103.128605552000	1.9019425593202e+03
103.158584797800	1.8974320805193e+03
103.188564043600	1.8927073905067e+03
103.218543289400	1.8877763679676e+03
103.248522535200	1.8826469453116e+03
103.278501781000	1.8773271026122e+03
103.308481026800	1.8718248615356e+03
103.338460272600	1.8661482792675e+03
103.368439518400	1.8603054424384e+03
103.398418764200	1.8543044610554e+03
103.428398010000	1.8481534624430e+03
103.458377255800	1.8418605851983e+03
103.488356501600	1.8354339731651e+03
103.518335747400	1.8288817694319e+03
103.548314993200	1.8222121103569e+03
103.578294239000	1.8154331196267e+03
103.608273484800	1.8085529023507e+03
103.638252730600	1.8015795391972e+03
103.668231976400	1.7945210805758e+03
103.698211222200	1.7873855408688e+03
103.728190468000	1.7801808927170e+03
103.758169713800	1.7729150613644e+03
103.788148959600	1.7655959190648e+03
103.818128205400	1.7582312795557e+03
103.848107451200	1.7508288926016e+03
103.878086697000	1.7433964386136e+03
103.908065942800	1.7359415233456e+03
103.938045188600	1.7284716726737e+03
103.968024434400	1.7209943274619e+03
103.998003680200	1.7135168385160e+03
104.027982926000	1.7060464616318e+03
104.057962171800	1.6985903527394e+03
104.087941417600	1.6911555631473e+03
104.117920663400	1.6837490348900e+03
104.147899909200	1.6763775961821e+03
104.177879155000	1.6690479569811e+03
104.207858400800	1.6617667046640e+03
104.237837646600	1.6545402998182e+03
104.267816892400	1.6473750721510e+03
104.297796138200	1.6402772165201e+03
104.327775384000	1.6332527890873e+03
104.357754629800	1.6263077035985e+03
104.387733875600	1.6194477277917e+03
104.417713121400	1.6126784799357e+03
104.447692367200	1.6060054255015e+03
104.477671613000	1.5994338739683e+03
104.507650858800	1.5929689757667e+03
104.537630104600	1.5866157193595e+03
104.567609350400	1.5803789284634e+03
104.597588596200	1.5742632594120e+03
104.627567842000	1.5682731986622e+03
104.657547087800	1.5624130604447e+03
104.687526333600	1.5566869845605e+03
104.717505579400	1.5510989343240e+03
104.747484825200	1.5456526946539e+03
104.777464071000	1.5403518703125e+03
104.807443316800	1.5351998842944e+03
104.837422562600	1.5301999763649e+03
104.867401808400	1.5253552017489e+03
104.897381054200	1.5206684299702e+03
104.927360300000	1.5161423438418e+03
104.957339545800	1.5117794386074e+03
104.987318791600	1.5075820212335e+03
105.017298037400	1.5035522098521e+03
105.047277283200	1.4996919333549e+03
105.077256529000	1.4960029311366e+03
105.107235774800	1.4924867529883e+03
105.137215020600	1.4891447591402e+03
105.167194266400	1.4859781204517e+03
105.197173512200	1.4829878187499e+03
105.227152758000	1.4801746473140e+03
105.257132003800	1.4775392115053e+03
105.287111249600	1.4750819295406e+03
105.317090495400	1.4728030334099e+03
105.347069741200	1.4707025699340e+03
105.377048987000	1.4687804019627e+03
105.407028232800	1.4670362097113e+03
105.437007478600	1.4654694922332e+03
105.466986724400	1.4640795690274e+03
105.496965970200	1.4628655817786e+03
105.526945216000	1.4618264962277e+03
105.556924461800	1.4609611041714e+03
105.586903707600	1.4602680255872e+03
105.616882953400	1.4597457108829e+03
105.646862199200	1.4593924432674e+03
105.676841445000	1.4592063412404e+03
105.706820690800	1.4591853611983e+03
105.736799936600	1.4593273001540e+03
105.766779182400	1.4596297985679e+03
105.796758428200	1.4600903432859e+03
105.826737674000	1.4607062705840e+03
105.856716919800	1.4614747693133e+03
105.886696165600	1.4623928841462e+03
105.916675411400	1.4634575189163e+03
105.946654657200	1.4646654400530e+03
105.976633903000	1.4660132801042e+03
106.006613148800	1.4674975413462e+03
106.036592394600	1.4691145994754e+03
106.066571640400	1.4708607073809e+03
106.096550886200	1.4727319989913e+03
106.126530132000	1.4747244931952e+03
106.156509377800	1.4768340978301e+03
106.186488623600	1.4790566137365e+03
106.216467869400	1.4813877388741e+03
106.246447115200	1.4838230724953e+03
106.276426361000	1.4863581193735e+03
106.306405606800	1.4889882940818e+03
106.336384852600	1.4917089253186e+03
106.366364098400	1.4945152602759e+03
106.396343344200	1.4974024690476e+03
106.426322590000	1.5003656490725e+03
106.456301835800	1.5033998296093e+03
106.486281081600	1.5064999762398e+03
106.516260327400	1.5096609953952e+03
106.546239573200	1.5128777389039e+03
106.576218819000	1.5161450085546e+03
106.606198064800	1.5194575606726e+03
106.636177310600	1.5228101107047e+03
106.666156556400	1.5261973378091e+03
106.696135802200	1.5296138894469e+03
106.726115048000	1.5330543859704e+03
106.756094293800	1.5365134252058e+03
106.786073539600	1.5399855870258e+03
106.816052785400	1.5434654379083e+03
106.846032031200	1.5469475354782e+03
106.876011277000	1.5504264330281e+03
106.905990522800	1.5538966840147e+03
106.935969768600	1.5573528465269e+03
106.965949014400	1.5607894877227e+03
106.995928260200	1.5642011882315e+03
107.025907506000	1.5675825465170e+03
107.055886751800	1.5709281831994e+03
107.085865997600	1.5742327453325e+03
107.115845243400	1.5774909106320e+03
107.145824489200	1.5806973916529e+03
107.175803735000	1.5838469399125e+03
107.205782980800	1.5869343499550e+03
107.235762226600	1.5899544633567e+03
107.265741472400	1.5929021726666e+03
107.295720718200	1.5957724252814e+03
107.325699964000	1.5985602272511e+03
107.355679209800	1.6012606470124e+03
107.385658455600	1.6038688190486e+03
107.415637701400	1.6063799474712e+03
107.445616947200	1.6087893095228e+03
107.475596193000	1.6110922589984e+03
107.505575438800	1.6132842295812e+03
107.535554684600	1.6153607380937e+03
107.565533930400	1.6173173876584e+03
107.595513176200	1.6191498707695e+03
107.625492422000	1.6208539722711e+03
107.655471667800	1.6224255722410e+03
107.685450913600	1.6238606487786e+03
107.715430159400	1.6251552806945e+03
107.745409405200	1.6263056501012e+03
107.775388651000	1.6273080449019e+03
107.805367896800	1.6281588611775e+03
107.835347142600	1.6288546054698e+03
107.865326388400	1.6293918969598e+03
107.895305634200	1.6297674695395e+03
107.925284880000	1.6299781737770e+03
107.955264125800	1.6300209787737e+03
107.985243371600	1.6298929739128e+03
108.015222617400	1.6295913704972e+03
108.045201863200	1.6291135032789e+03
108.075181109000	1.6284568318763e+03
108.105160354800	1.6276189420813e+03
108.135139600600	1.6265975470541e+03
108.165118846400	1.6253904884075e+03
108.195098092200	1.6239957371781e+03
108.225077338000	1.6224113946867e+03
108.255056583800	1.6206356932860e+03
108.285035829600	1.6186669969977e+03
108.315015075400	1.6165038020373e+03
108.344994321200	1.6141447372283e+03
108.374973567000	1.6115885643058e+03
108.404952812800	1.6088341781101e+03
108.434932058600	1.6058806066705e+03
108.464911304400	1.6027270111809e+03
108.494890550200	1.5993726858669e+03
108.524869796000	1.5958170577467e+03
108.554849041800	1.5920596862851e+03
108.584828287600	1.5881002629431e+03
108.614807533400	1.5839386106234e+03
108.644786779200	1.5795746830136e+03
108.674766025000	1.5750085638277e+03
108.704745270800	1.5702404659484e+03
108.734724516600	1.5652707304699e+03
108.764703762400	1.5600998256456e+03
108.794683008200	1.5547283457384e+03
108.824662254000	1.5491570097795e+03
108.854641499800	1.5433866602342e+03
108.884620745600	1.5374182615779e+03
108.914599991400	1.5312528987848e+03
108.944579237200	1.5248917757298e+03
108.974558483000	1.5183362135065e+03
109.004537728800	1.5115876486638e+03
109.034516974600	1.5046476313618e+03
109.064496220400	1.4975178234509e+03
109.094475466200	1.4901999964755e+03
109.124454712000	1.4826960296039e+03
109.154433957800	1.4750079074885e+03
109.184413203600	1.4671377180571e+03
109.214392449400	1.4590876502387e+03
109.244371695200	1.4508599916257e+03
109.274350941000	1.4424571260753e+03
109.304330186800	1.4338815312530e+03
109.334309432600	1.4251357761198e+03
109.364288678400	1.4162225183670e+03
109.394267924200	1.4071445018001e+03
109.424247170000	1.3979045536752e+03
109.454226415800	1.3885055819902e+03
109.484205661600	1.3789505727341e+03
109.514184907400	1.3692425870964e+03
109.544164153200	1.3593847586395e+03
109.574143399000	1.3493802904376e+03
109.604122644800	1.3392324521838e+03
109.634101890600	1.3289445772693e+03
109.664081136400	1.3185200598361e+03
109.694060382200	1.3079623518075e+03
109.724039628000	1.2972749598984e+03
109.754018873800	1.2864614426078e+03
109.783998119600	1.2755254071970e+03
109.813977365400	1.2644705066565e+03
109.843956611200	1.2533004366630e+03
109.873935857000	1.2420189325310e+03
109.903915102800	1.2306297661603e+03
109.933894348600	1.2191367429826e+03
109.963873594400	1.2075436989110e+03
109.993852840200	1.1958544972926e+03
110.023832086000	1.1840730258695e+03
110.053811331800	1.1722031937487e+03
110.083790577600	1.1602489283855e+03
110.113769823400	1.1482141725810e+03
110.143749069200	1.1361028814971e+03
110.173728315000	1.1239190196921e+03
110.203707560800	1.1116665581787e+03
110.233686806600	1.0993494715058e+03
110.263666052400	1.0869717348693e+03
110.293645298200	1.0745373212506e+03
110.323624544000	1.0620501985885e+03
110.353603789800	1.0495143269839e+03
110.383583035600	1.0369336559420e+03
110.413562281400	1.0243121216514e+03
110.443541527200	1.0116536443052e+03
110.473520773000	9.9896212546321e+02
110.503500018800	9.8624144545971e+02
110.533479264600	9.7349546085664e+02
110.563458510400	9.6072800194559e+02
110.593437756200	9.4794287029952e+02
110.623417002000	9.3514383637622e+02
110.653396247800	9.2233463717515e+02
110.683375493600	9.0951897394924e+02
110.713354739400	8.9670050997315e+02
110.743333985200	8.8388286836959e+02
110.773313231000	8.7106962999486e+02
110.803292476800	8.5826433138523e+02
110.833271722600	8.4547046276518e+02
110.863250968400	8.3269146611884e+02
110.893230214200	8.1993073332565e+02
110.923209460000	8.0719160436139e+02
110.953188705800	7.9447736556552e+02
110.983167951600	7.8179124797567e+02
111.013147197400	7.6913642573023e+02
111.043126443200	7.5651601453973e+02
111.073105689000	7.4393307022770e+02
111.103084934800	7.3139058734171e+02
111.133064180600	7.1889149783496e+02
111.163043426400	7.0643866981913e+02
111.193022672200	6.9403490638866e+02
111.223001918000	6.8168294451689e+02
111.252981163800	6.6938545402440e+02
111.282960409600	6.5714503661948e+02
111.312939655400	6.4496422501117e+02
111.342918901200	6.3284548209455e+02
111.372898147000	6.2079120020858e+02
111.402877392800	6.0880370046609e+02
111.432856638600	5.9688523215601e+02
111.462835884400	5.8503797221734e+02
111.492815130200	5.7326402478479e+02
111.522794376000	5.6156542080547e+02
111.552773621800	5.4994411772640e+02
111.582752867600	5.3840199925214e+02
111.612732113400	5.2694087517212e+02
111.642711359200	5.1556248125689e+02
111.672690605000	5.0426847922264e+02
111.702669850800	4.9306045676329e+02
111.732649096600	4.8193992764914e+02
111.762628342400	4.7090833189140e+02
111.792607588200	4.5996703597151e+02
111.822586834000	4.4911733313427e+02
111.852566079800	4.3836044374379e+02
111.882545325600	4.2769751570107e+02
111.912524571400	4.1712962492205e+02
111.942503817200	4.0665777587498e+02
111.972483063000	3.9628290217575e+02
112.002462308800	3.8600586724000e+02
112.032441554600	3.7582746499046e+02
112.062420800400	3.6574842061828e+02
112.092400046200	3.5576939139693e+02
112.122379292000	3.4589096754692e+02
112.152358537800	3.3611367315021e+02
112.182337783600	3.2643796711237e+02
112.212317029400	3.1686424417118e+02
112.242296275200	3.0739283594987e+02
112.272275521000	2.9802401205341e+02
112.302254766800	2.8875798120615e+02
112.332234012600	2.7959489242907e+02
112.362213258400	2.7053483625492e+02
112.392192504200	2.6157784597952e+02
112.422171750000	2.5272389894731e+02
112.452150995800	2.4397291786955e+02
112.482130241600	2.3532477217305e+02
112.512109487400	2.2677927937795e+02
112.542088733200	2.1833620650236e+02
112.572067979000	2.0999527149222e+02
112.602047224800	2.0175614467443e+02
112.632026470600	1.9361845023138e+02
112.662005716400	1.8558176769491e+02
112.691984962200	1.7764563345799e+02
112.721964208000	1.6980954230209e+02
112.751943453800	1.6207294893838e+02
112.781922699600	1.5443526956089e+02
112.811901945400	1.4689588340972e+02
112.841881191200	1.3945413434255e+02
112.871860437000	1.3210933241233e+02
112.901839682800	1.2486075544958e+02
112.931818928600	1.1770765064726e+02
112.961798174400	1.1064923614648e+02
112.991777420200	1.0368470262119e+02
113.021756666000	9.6813214860092e+01
113.051735911800	9.0033913343968e+01
113.081715157600	8.3345915816715e+01
113.111694403400	7.6748318848313e+01
113.141673649200	7.0240199388056e+01
113.171652895000	6.3820616306358e+01
113.201632140800	5.7488611923492e+01
113.231611386600	5.1243213523637e+01
113.261590632400	4.5083434852663e+01
113.291569878200	3.9008277598078e+01
113.321549124000	3.3016732849652e+01
113.351528369800	2.7107782539208e+01
113.381507615600	2.1280400858153e+01
113.411486861400	1.5533555651339e+01
113.441466107200	9.8662097858889e+00
113.471445353000	4.2773224936676e+00
113.501424598800	-1.2341493138827e+00
113.531403844600	-6.6692497597873e+00
113.561383090400	-1.2029022745639e+01
113.591362336200	-1.7314510726924e+01
113.621341582000	-2.2526753520644e+01
113.651320827800	-2.7666787146314e+01
113.681300073600	-3.2735642701317e+01
113.711279319400	-3.7734345271580e+01
113.741258565200	-4.2663912878474e+01
113.771237811000	-4.7525355462784e+01
113.801217056800	-5.2319673906556e+01
113.831196302600	-5.7047859093571e+01
113.861175548400	-6.1710891009131e+01
113.891154794200	-6.6309737879810e+01
113.921134040000	-7.0845355353757e+01
113.951113285800	-7.5318685722084e+01
113.981092531600	-7.9730657181817e+01
114.011071777400	-8.4082183140850e+01
114.041051023200	-8.8374161565251e+01
114.071030269000	-9.2607474369258e+01
114.101009514800	-9.6782986848224e+01
114.130988760600	-1.0090154715470e+02
114.160968006400	-1.0496398581783e+02
114.190947252200	-1.0897111530616e+02
114.220926498000	-1.1292372963388e+02
114.250905743800	-1.1682260401049e+02
114.280884989600	-1.2066849453387e+02
114.310864235400	-1.2446213792657e+02
114.340843481200	-1.2820425131524e+02
114.370822727000	-1.3189553205281e+02
114.400801972800	-1.3553665758340e+02
114.430781218600	-1.3912828534934e+02
114.460760464400	-1.4267105274019e+02
114.490739710200	-1.4616557708311e+02
114.520718956000	-1.4961245567429e+02
114.550698201800	-1.5301226585077e+02
114.580677447600	-1.5636556510211e+02
114.610656693400	-1.5967289122138e+02
114.640635939200	-1.6293476249469e+02
114.670615185000	-1.6615167792858e+02
114.700594430800	-1.6932411751451e+02
114.730573676600	-1.7245254252974e+02
114.760552922400	-1.7553739587356e+02
114.790532168200	-1.7857910243823e+02
114.820511414000	-1.8157806951350e+02
114.850490659800	-1.8453468722385e+02
114.880469905600	-1.8744932899751e+02
114.910449151400	-1.9032235206603e+02
114.940428397200	-1.9315409799358e+02
114.970407643000	-1.9594489323471e+02
115.000386888800	-1.9869504971946e+02
115.030366134600	-2.0140486546473e+02
115.060345380400	-2.0407462521067e+02
115.090324626200	-2.0670460108085e+02
115.120303872000	-2.0929505326505e+02
115.150283117800	-2.1184623072327e+02
115.180262363600	-2.1435837190982e+02
115.210241609400	-2.1683170551610e+02
115.240220855200	-2.1926645123070e+02
115.270200101000	-2.2166282051556e+02
115.300179346800	-2.2402101739681e+02
115.330158592600	-2.2634123926884e+02
115.360137838400	-2.2862367771028e+02
115.390117084200	-2.3086851931050e+02
115.420096330000	-2.3307594650513e+02
115.450075575800	-2.3524613841932e+02
115.480054821600	-2.3737927171712e+02
115.510034067400	-2.3947552145577e+02
115.540013313200	-2.4153506194335e+02
115.569992559000	-2.4355806759831e+02
115.599971804800	-2.4554471380955e+02
115.629951050600	-2.4749517779564e+02
115.659930296400	-2.4940963946158e+02
115.689909542200	-2.5128828225189e+02
115.719888788000	-2.5313129399850e+02
115.749868033800	-2.5493886776206e+02
115.779847279600	-2.5671120266528e+02
115.809826525400	-2.5844850471696e+02
115.839805771200	-2.6015098762525e+02
115.869785017000	-2.6181887359890e+02
115.899764262800	-2.6345239413511e+02
115.929743508600	-2.6505179079264e+02
115.959722754400	-2.6661731594901e+02
115.989702000200	-2.6814923354027e+02
116.019681246000	-2.6964781978247e+02
116.049660491800	-2.7111336387317e+02
116.079639737600	-2.7254616867216e+02
116.109618983400	-2.7394655136003e+02
116.139598229200	-2.7531484407345e+02
116.169577475000	-2.7665139451616e+02
116.199556720800	-2.7795656654443e+02
116.229535966600	-2.7923074072613e+02
116.259515212400	-2.8047431487221e+02
116.289494458200	-2.8168770453979e+02
116.319473704000	-2.8287134350572e+02
116.349452949800	-2.8402568420990e+02
116.379432195600	-2.8515119816739e+02
116.409411441400	-2.8624837634847e+02
116.439390687200	-2.8731772952589e+02
116.469369933000	-2.8835978858863e+02
116.499349178800	-2.8937510482133e+02
116.529328424600	-2.9036425014883e+02
116.559307670400	-2.9132781734517e+02
116.589286916200	-2.9226642020649e+02
116.619266162000	-2.9318069368729e+02
116.649245407800	-2.9407129399954e+02
116.679224653600	-2.9493889867427e+02
116.709203899400	-2.9578420658523e+02
116.739183145200	-2.9660793793417e+02
116.769162391000	-2.9741083419765e+02
116.799141636800	-2.9819365803494e+02
116.829120882600	-2.9895719315694e+02
116.859100128400	-2.9970224415586e+02
116.889079374200	-3.0042963629569e+02
116.919058620000	-3.0114021526330e+02
116.949037865800	-3.0183484688018e+02
116.979017111600	-3.0251441677494e+02
117.008996357400	-3.0317983001658e+02
117.038975603200	-3.0383201070873e+02
117.068954849000	-3.0447190154497e+02
117.098934094800	-3.0510046332562e+02
117.128913340600	-3.0571867443615e+02
117.158892586400	-3.0632753028758e+02
117.188871832200	-3.0692804271932e+02
117.218851078000	-3.0752123936480e+02
117.248830323800	-3.0810816298045e+02
117.278809569600	-3.0868987073845e+02
117.308788815400	-3.0926743348396e+02
117.338768061200	-3.0984193495732e+02
117.368747307000	-3.1041447098198e+02
117.398726552800	-3.1098614861881e+02
117.428705798600	-3.1155808528755e+02
117.458685044400	-3.1213140785623e+02
117.488664290200	-3.1270725169934e+02
117.518643536000	-3.1328675972566e+02
117.548622781800	-3.1387108137669e+02
117.578602027600	-3.1446137159661e+02
117.608581273400	-3.1505878977467e+02
117.638560519200	-3.1566449866130e+02
117.668539765000	-3.1627966325868e+02
117.698519010800	-3.1690544968714e+02
117.728498256600	-3.1754302402837e+02
117.758477502400	-3.1819355114667e+02
117.788456748200	-3.1885819348948e+02
117.818435994000	-3.1953810986826e+02
117.848415239800	-3.2023445422121e+02
117.878394485600	-3.2094837435890e+02
117.908373731400	-3.2168101069430e+02
117.938352977200	-3.2243349495842e+02
117.968332223000	-3.2320694890295e+02
117.998311468800	-3.2400248299138e+02
118.028290714600	-3.2482119507984e+02
118.058269960400	-3.2566416908922e+02
118.088249206200	-3.2653247366995e+02
118.118228452000	-3.2742716086087e+02
118.148207697800	-3.2834926474377e+02
118.178186943600	-3.2929980009492e+02
118.208166189400	-3.3027976103526e+02
118.238145435200	-3.3129011968060e+02
118.268124681000	-3.3233182479343e+02
118.298103926800	-3.3340580043790e+02
118.328083172600	-3.3451294463932e+02
118.358062418400	-3.3565412804995e+02
118.388041664200	-3.3683019262238e+02
118.418020910000	-3.3804195029221e+02
118.448000155800	-3.3929018167140e+02
118.477979401600	-3.4057563475400e+02
118.507958647400	-3.4189902363556e+02
118.537937893200	-3.4326102724795e+02
118.567917139000	-3.4466228811090e+02
118.597896384800	-3.4610341110196e+02
118.627875630600	-3.4758496224612e+02
118.657854876400	-3.4910746752683e+02
118.687834122200	-3.5067141171963e+02
118.717813368000	-3.5227723725006e+02
118.747792613800	-3.5392534307702e+02
118.777771859600	-3.5561608360325e+02
118.807751105400	-3.5734976761411e+02
118.837730351200	-3.5912665724610e+02
118.867709597000	-3.6094696698655e+02
118.897688842800	-3.6281086270553e+02
118.927668088600	-3.6471846072160e+02
118.957647334400	-3.6666982690242e+02
118.987626580200	-3.6866497580150e+02
119.017605826000	-3.7070386983236e+02
119.047585071800	-3.7278641848124e+02
119.077564317600	-3.7491247755937e+02
119.107543563400	-3.7708184849614e+02
119.137522809200	-3.7929427767398e+02
119.167502055000	-3.8154945580617e+02
119.197481300800	-3.8384701735844e+02
119.227460546600	-3.8618654001541e+02
119.257439792400	-3.8856754419267e+02
119.287419038200	-3.9098949259550e+02
119.317398284000	-3.9345178982491e+02
119.347377529800	-3.9595378203189e+02
119.377356775600	-3.9849475662061e+02
119.407336021400	-4.0107394200116e+02
119.437315267200	-4.0369050739255e+02
119.467294513000	-4.0634356267665e+02
119.497273758800	-4.0903215830344e+02
119.527253004600	-4.1175528524819e+02
119.557232250400	-4.1451187502107e+02
119.587211496200	-4.1730079972947e+02
119.617190742000	-4.2012087219349e+02
119.647169987800	-4.2297084611488e+02
119.677149233600	-4.2584941629963e+02
119.707128479400	-4.2875521893450e+02
119.737107725200	-4.3168683191763e+02
119.767086971000	-4.3464277524328e+02
119.797066216800	-4.3762151144073e+02
119.827045462600	-4.4062144606752e+02
119.857024708400	-4.4364092825671e+02
119.887003954200	-4.4667825131825e+02
119.916983200000	-4.4973165339425e+02
119.946962445800	-4.5279931816787e+02
119.976941691600	-4.5587937562568e+02
120.006920937400	-4.5896990287310e+02
120.036900183200	-4.6206892500251e+02
120.066879429000	-4.6517441601378e+02
120.096858674800	-4.6828429978650e+02
120.126837920600	-4.7139645110365e+02
120.156817166400	-4.7450869672591e+02
120.186796412200	-4.7761881651614e+02
120.216775658000	-4.8072454461328e+02
120.246754903800	-4.8382357065497e+02
120.276734149600	-4.8691354104810e+02
120.306713395400	-4.8999206028651e+02
120.336692641200	-4.9305669231492e+02
120.366671887000	-4.9610496193823e+02
120.396651132800	-4.9913435627516e+02
120.426630378600	-5.0214232625526e+02
120.456609624400	-5.0512628815834e+02
120.486588870200	-5.0808362519498e+02
120.516568116000	-5.1101168912722e+02
120.546547361800	-5.1390780192819e+02
120.576526607600	-5.1676925747935e+02
120.606505853400	-5.1959332330423e+02
120.636485099200	-5.2237724233729e+02
120.666464345000	-5.2511823472661e+02
120.696443590800	-5.2781349966898e+02
120.726422836600	-5.3046021727605e+02
120.756402082400	-5.3305555047007e+02
120.786381328200	-5.3559664690777e+02
120.816360574000	-5.3808064093087e+02
120.846339819800	-5.4050465554161e+02
120.876319065600	-5.4286580440198e+02
120.906298311400	-5.4516119385471e+02
120.936277557200	-5.4738792496475e+02
120.966256803000	-5.4954309557940e+02
120.996236048800	-5.5162380240549e+02
121.026215294600	-5.5362714310191e+02
121.056194540400	-5.5555021838592e+02
121.086173786200	-5.5739013415128e+02
121.116153032000	-5.5914400359674e+02
121.146132277800	-5.6080894936291e+02
121.176111523600	-5.6238210567594e+02
121.206090769400	-5.6386062049615e+02
121.236070015200	-5.6524165766974e+02
121.266049261000	-5.6652239908206e+02
121.296028506800	-5.6770004681033e+02
121.326007752600	-5.6877182527423e+02
121.355986998400	-5.6973498338246e+02
121.385966244200	-5.7058679667351e+02
121.415945490000	-5.7132456944883e+02
121.445924735800	-5.7194563689652e+02
121.475903981600	-5.7244736720390e+02
121.505883227400	-5.7282716365700e+02
121.535862473200	-5.7308246672531e+02
121.565841719000	-5.7321075612991e+02
121.595820964800	-5.7320955289332e+02
121.625800210600	-5.7307642136920e+02
121.655779456400	-5.7280897125022e+02
121.685758702200	-5.7240485955245e+02
121.715737948000	-5.7186179257432e+02
121.745717193800	-5.7117752782873e+02
121.775696439600	-5.7034987594649e+02
121.805675685400	-5.6937670254939e+02
121.835654931200	-5.6825593009146e+02
121.865634177000	-5.6698553966660e+02
121.895613422800	-5.6556357278114e+02
121.925592668600	-5.6398813308972e+02
121.955571914400	-5.6225738809297e+02
121.985551160200	-5.6036957079554e+02
122.015530406000	-5.5832298132293e+02
122.045509651800	-5.5611598849580e+02
122.075488897600	-5.5374703136024e+02
122.105468143400	-5.5121462067277e+02
122.135447389200	-5.4851734033863e+02
122.165426635000	-5.4565384880213e+02
122.195405880800	-5.4262288038788e+02
122.225385126600	-5.3942324659151e+02
122.255364372400	-5.3605383731888e+02
122.285343618200	-5.3251362207263e+02
122.315322864000	-5.2880165108491e+02
122.345302109800	-5.2491705639533e+02
122.375281355600	-5.2085905287311e+02
122.405260601400	-5.1662693918250e+02
122.435239847200	-5.1222009869057e+02
122.465219093000	-5.0763800031648e+02
122.495198338800	-5.0288019932150e+02
122.525177584600	-4.9794633803900e+02
122.555156830400	-4.9283614654370e+02
122.585136076200	-4.8754944325945e+02
122.615115322000	-4.8208613550522e+02
122.645094567800	-4.7644621997832e+02
122.675073813600	-4.7062978317480e+02
122.705053059400	-4.6463700174625e+02
122.735032305200	-4.5846814279280e+02
122.765011551000	-4.5212356409193e+02
122.794990796800	-4.4560371426279e+02
122.824970042600	-4.3890913286582e+02
122.854949288400	-4.3204045043755e+02
122.884928534200	-4.2499838846034e+02
122.914907780000	-4.1778375926709e+02
122.944887025800	-4.1039746588094e+02
122.974866271600	-4.0284050178988e+02
123.004845517400	-3.9511395065652e+02
123.034824763200	-3.8721898596302e+02
123.064804009000	-3.7915687059150e+02
123.094783254800	-3.7092895634026e+02
123.124762500600	-3.6253668337582e+02
123.154741746400	-3.5398157962157e+02
123.184720992200	-3.4526526008311e+02
123.214700238000	-3.3638942611095e+02
123.244679483800	-3.2735586460100e+02
123.274658729600	-3.1816644713351e+02
123.304637975400	-3.0882312905100e+02
123.334617221200	-2.9932794847595e+02
123.364596467000	-2.8968302526896e+02
123.394575712800	-2.7989055992805e+02
123.424554958600	-2.6995283243015e+02
123.454534204400	-2.5987220101546e+02
123.484513450200	-2.4965110091567e+02
123.514492696000	-2.3929204302710e+02
123.544471941800	-2.2879761252959e+02
123.574451187600	-2.1817046745237e+02
123.604430433400	-2.0741333718797e+02
123.634409679200	-1.9652902095524e+02
123.664388925000	-1.8552038621276e+02
123.694368170800	-1.7439036702384e+02
123.724347416600	-1.6314196237437e+02
123.754326662400	-1.5177823444479e+02
123.784305908200	-1.4030230683760e+02
123.814285154000	-1.2871736276175e+02
123.844264399800	-1.1702664317526e+02
123.874243645600	-1.0523344488764e+02
123.904222891400	-9.3341118623489e+01
123.934202137200	-8.1353067048766e+01
123.964181383000	-6.9272742761396e+01
123.994160628800	-5.7103646247616e+01
124.024139874600	-4.4849323805748e+01
124.054119120400	-3.2513365438990e+01
124.084098366200	-2.0099402718845e+01
124.114077612000	-7.6111066208740e+00
124.144056857800	4.9478146655750e+00
124.174036103600	1.7573617951945e+01
124.204015349400	3.0262527287647e+01
124.233994595200	4.3010736218108e+01
124.263973841000	5.5814410061941e+01
124.293953086800	6.8669688205481e+01
124.323932332600	8.1572686412916e+01
124.353911578400	9.4519499150247e+01
124.383890824200	1.0750620192127e+02
124.413870070000	1.2052885361379e+02
124.443849315800	1.3358349885433e+02
124.473828561600	1.4666617036942e+02
124.503807807400	1.5977289135173e+02
124.533787053200	1.7289967782936e+02
124.563766299000	1.8604254103616e+02
124.593745544800	1.9919748978170e+02
124.623724790600	2.1236053281880e+02
124.653704036400	2.2552768120686e+02
124.683683282200	2.3869495066943e+02
124.713662528000	2.5185836394396e+02
124.743641773800	2.6501395312218e+02
124.773621019600	2.7815776197927e+02
124.803600265400	2.9128584829011e+02
124.833579511200	3.0439428613092e+02
124.863558757000	3.1747916816453e+02
124.893538002800	3.3053660790765e+02
124.923517248600	3.4356274197847e+02
124.953496494400	3.5655373232292e+02
124.983475740200	3.6950576841799e+02
125.013454986000	3.8241506945057e+02
125.043434231800	3.9527788647008e+02
125.073413477600	4.0809050451359e+02
125.103392723400	4.2084924470166e+02
125.133371969200	4.3355046630357e+02
125.163351215000	4.4619056877050e+02
125.193330460800	4.5876599373509e+02
125.223309706600	4.7127322697612e+02
125.253288952400	4.8370880034692e+02
125.283268198200	4.9606929366614e+02
125.313247444000	5.0835133656965e+02
125.343226689800	5.2055161032225e+02
125.373205935600	5.3266684958807e+02
125.403185181400	5.4469384415836e+02
125.433164427200	5.5662944063568e+02
125.463143673000	5.6847054407326e+02
125.493122918800	5.8021411956849e+02
125.523102164600	5.9185719380971e+02
125.553081410400	6.0339685657498e+02
125.583060656200	6.1483026218231e+02
125.613039902000	6.2615463089010e+02
125.643019147800	6.3736725024720e+02
125.672998393600	6.4846547639167e+02
125.702977639400	6.5944673529756e+02
125.732956885200	6.7030852396894e+02
125.762936131000	6.8104841158059e+02
125.792915376800	6.9166404056470e+02
125.822894622600	7.0215312764299e+02
125.852873868400	7.1251346480387e+02
125.882853114200	7.2274292022394e+02
125.912832360000	7.3283943913370e+02
125.942811605800	7.4280104462680e+02
125.972790851600	7.5262583841278e+02
126.002770097400	7.6231200151281e+02
126.032749343200	7.7185779489832e+02
126.062728589000	7.8126156007237e+02
126.092707834800	7.9052171959347e+02
126.122687080600	7.9963677754199e+02
126.152666326400	8.0860531992890e+02
126.182645572200	8.1742601504705e+02
126.212624818000	8.2609761376497e+02
126.242604063800	8.3461894976320e+02
126.272583309600	8.4298893971349e+02
126.302562555400	8.5120658340098e+02
126.332541801200	8.5927096378956e+02
126.362521047000	8.6718124703080e+02
126.392500292800	8.7493668241671e+02
126.422479538600	8.8253660227678e+02
126.452458784400	8.8998042181968e+02
126.482438030200	8.9726763892007e+02
126.512417276000	9.0439783385113e+02
126.542396521800	9.1137066896328e+02
126.572375767600	9.1818588830964e+02
126.602355013400	9.2484331721907e+02
126.632334259200	9.3134286181720e+02
126.662313505000	9.3768450849639e+02
126.692292750800	9.4386832333519e+02
126.722271996600	9.4989445146830e+02
126.752251242400	9.5576311640763e+02
126.782230488200	9.6147461931544e+02
126.812209734000	9.6702933823053e+02
126.842188979800	9.7242772724822e+02
126.872168225600	9.7767031565524e+02
126.902147471400	9.8275770702043e+02
126.932126717200	9.8769057824235e+02
126.962105963000	9.9246967855473e+02
126.992085208800	9.9709582849105e+02
127.022064454600	1.0015699188090e+03
127.052043700400	1.0058929093766e+03
127.082022946200	1.0100658280199e+03
127.112002192000	1.0140897693352e+03
127.141981437800	1.0179658934654e+03
127.171960683600	1.0216954248426e+03
127.201939929400	1.0252796508977e+03
127.231919175200	1.0287199207384e+03
127.261898421000	1.0320176437978e+03
127.291877666800	1.0351742884527e+03
127.321856912600	1.0381913806151e+03
127.351836158400	1.0410705022973e+03
127.381815404200	1.0438132901519e+03
127.411794650000	1.0464214339876e+03
127.441773895800	1.0488966752636e+03
127.471753141600	1.0512408055623e+03
127.501732387400	1.0534556650426e+03
127.531711633200	1.0555431408748e+03
127.561690879000	1.0575051656590e+03
127.591670124800	1.0593437158276e+03
127.621649370600	1.0610608100335e+03
127.651628616400	1.0626585075259e+03
127.681607862200	1.0641389065148e+03
127.711587108000	1.0655041425247e+03
127.741566353800	1.0667563867402e+03
127.771545599600	1.0678978443444e+03
127.801524845400	1.0689307528509e+03
127.831504091200	1.0698573804311e+03
127.861483337000	1.0706800242386e+03
127.891462582800	1.0714010087313e+03
127.921441828600	1.0720226839932e+03
127.951421074400	1.0725474240559e+03
127.981400320200	1.0729776252233e+03
128.011379566000	1.0733157043984e+03
128.041358811800	1.0735640974149e+03
128.071338057600	1.0737252573747e+03
128.101317303400	1.0738016529919e+03
128.131296549200	1.0737957669450e+03
128.161275795000	1.0737100942386e+03
128.191255040800	1.0735471405749e+03
128.221234286600	1.0733094207375e+03
128.251213532400	1.0729994569872e+03
128.281192778200	1.0726197774723e+03
128.311172024000	1.0721729146525e+03
128.341151269800	1.0716614037404e+03
128.371130515600	1.0710877811581e+03
128.401109761400	1.0704545830126e+03
128.431089007200	1.0697643435901e+03
128.461068253000	1.0690195938696e+03
128.491047498800	1.0682228600574e+03
128.521026744600	1.0673766621429e+03
128.551005990400	1.0664835124771e+03
128.580985236200	1.0655459143737e+03
128.610964482000	1.0645663607351e+03
128.640943727800	1.0635473327018e+03
128.670922973600	1.0624912983284e+03
128.700902219400	1.0614007112847e+03
128.730881465200	1.0602780095845e+03
128.760860711000	1.0591256143409e+03
128.790839956800	1.0579459285501e+03
128.820819202600	1.0567413359033e+03
128.850798448400	1.0555141996277e+03
128.880777694200	1.0542668613572e+03
128.910756940000	1.0530016400330e+03
128.940736185800	1.0517208308337e+03
128.970715431600	1.0504267041377e+03
129.000694677400	1.0491215045149e+03
129.030673923200	1.0478074497513e+03
129.060653169000	1.0464867299038e+03
129.090632414800	1.0451615063883e+03
129.120611660600	1.0438339110985e+03
129.150590906400	1.0425060455581e+03
129.180570152200	1.0411799801048e+03
129.210549398000	1.0398577531063e+03
129.240528643800	1.0385413702104e+03
129.270507889600	1.0372328036256e+03
129.300487135400	1.0359339914364e+03
129.330466381200	1.0346468369494e+03
129.360445627000	1.0333732080729e+03
129.390424872800	1.0321149367288e+03
129.420404118600	1.0308738182964e+03
129.450383364400	1.0296516110887e+03
129.480362610200	1.0284500358606e+03
129.510341856000	1.0272707753484e+03
129.540321101800	1.0261154738416e+03
129.570300347600	1.0249857367851e+03
129.600279593400	1.0238831304127e+03
129.630258839200	1.0228091814116e+03
129.660238085000	1.0217653766161e+03
129.690217330800	1.0207531627320e+03
129.720196576600	1.0197739460907e+03
129.750175822400	1.0188290924312e+03
129.780155068200	1.0179199267117e+03
129.810134314000	1.0170477329493e+03
129.840113559800	1.0162137540864e+03
129.870092805600	1.0154191918853e+03
129.900072051400	1.0146652068489e+03
129.930051297200	1.0139529181672e+03
129.960030543000	1.0132834036898e+03
129.990009788800	1.0126576999228e+03
130.019989034600	1.0120768020502e+03
130.049968280400	1.0115416639790e+03
130.079947526200	1.0110531984070e+03
130.109926772000	1.0106122769135e+03
130.139906017800	1.0102197300711e+03
130.169885263600	1.0098763475790e+03
130.199864509400	1.0095828784164e+03
130.229843755200	1.0093400310160e+03
130.259823001000	1.0091484734555e+03
130.289802246800	1.0090088336688e+03
130.319781492600	1.0089216996734e+03
130.349760738400	1.0088876198153e+03
130.379739984200	1.0089071030302e+03
130.409719230000	1.0089806191197e+03
130.439698475800	1.0091085990420e+03
130.469677721600	1.0092914352172e+03
130.499656967400	1.0095294818453e+03
130.529636213200	1.0098230552368e+03
130.559615459000	1.0101724341550e+03
130.589594704800	1.0105778601694e+03
130.619573950600	1.0110395380196e+03
130.649553196400	1.0115576359882e+03
130.679532442200	1.0121322862834e+03
130.709511688000	1.0127635854289e+03
130.739490933800	1.0134515946620e+03
130.769470179600	1.0141963403382e+03
130.799449425400	1.0149978143418e+03
130.829428671200	1.0158559745017e+03
130.859407917000	1.0167707450131e+03
130.889387162800	1.0177420168618e+03
130.919366408600	1.0187696482530e+03
130.949345654400	1.0198534650428e+03
130.979324900200	1.0209932611715e+03
131.009304146000	1.0221887990991e+03
131.039283391800	1.0234398102418e+03
131.069262637600	1.0247459954086e+03
131.099241883400	1.0261070252382e+03
131.129221129200	1.0275225406355e+03
131.159200375000	1.0289921532064e+03
131.189179620800	1.0305154456919e+03
131.219158866600	1.0320919723993e+03
131.249138112400	1.0337212596315e+03
131.279117358200	1.0354028061128e+03
131.309096604000	1.0371360834123e+03
131.339075849800	1.0389205363623e+03
131.369055095600	1.0407555834734e+03
131.399034341400	1.0426406173450e+03
131.429013587200	1.0445750050711e+03
131.458992833000	1.0465580886403e+03
131.488972078800	1.0485891853312e+03
131.518951324600	1.0506675881021e+03
131.548930570400	1.0527925659738e+03
131.578909816200	1.0549633644080e+03
131.608889062000	1.0571792056775e+03
131.638868307800	1.0594392892313e+03
131.668847553600	1.0617427920527e+03
131.698826799400	1.0640888690104e+03
131.728806045200	1.0664766532026e+03
131.758785291000	1.0689052562952e+03
131.788764536800	1.0713737688517e+03
131.818743782600	1.0738812606572e+03
131.848723028400	1.0764267810343e+03
131.878702274200	1.0790093591535e+03
131.908681520000	1.0816280043352e+03
131.938660765800	1.0842817063453e+03
131.968640011600	1.0869694356848e+03
131.998619257400	1.0896901438715e+03
132.028598503200	1.0924427637157e+03
132.058577749000	1.0952262095900e+03
132.088556994800	1.0980393776920e+03
132.118536240600	1.1008811463011e+03
132.148515486400	1.1037503760307e+03
132.178494732200	1.1066459100727e+03
132.208473978000	1.1095665744390e+03
132.238453223800	1.1125111781958e+03
132.268432469600	1.1154785136951e+03
132.298411715400	1.1184673568002e+03
132.328390961200	1.1214764671080e+03
132.358370207000	1.1245045881672e+03
132.388349452800	1.1275504476932e+03
132.418328698600	1.1306127577800e+03
132.448307944400	1.1336902151091e+03
132.478287190200	1.1367815011570e+03
132.508266436000	1.1398852823998e+03
132.538245681800	1.1430002105174e+03
132.568224927600	1.1461249225961e+03
132.598204173400	1.1492580413309e+03
132.628183419200	1.1523981752282e+03
132.658162665000	1.1555439188080e+03
132.688141910800	1.1586938528083e+03
132.718121156600	1.1618465443896e+03
132.748100402400	1.1650005473424e+03
132.778079648200	1.1681544022964e+03
132.808058894000	1.1713066369331e+03
132.838038139800	1.1744557662016e+03
132.868017385600	1.1776002925382e+03
132.897996631400	1.1807387060910e+03
132.927975877200	1.1838694849489e+03
132.957955123000	1.1869910953764e+03
132.987934368800	1.1901019920546e+03
133.017913614600	1.1932006183281e+03
133.047892860400	1.1962854064598e+03
133.077872106200	1.1993547778928e+03
133.107851352000	1.2024071435202e+03
133.137830597800	1.2054409039637e+03
133.167809843600	1.2084544498616e+03
133.197789089400	1.2114461621658e+03
133.227768335200	1.2144144124492e+03
133.257747581000	1.2173575632231e+03
133.287726826800	1.2202739682667e+03
133.317706072600	1.2231619729666e+03
133.347685318400	1.2260199146693e+03
133.377664564200	1.2288461230454e+03
133.407643810000	1.2316389204668e+03
133.437623055800	1.2343966223966e+03
133.467602301600	1.2371175377934e+03
133.497581547400	1.2397999695281e+03
133.527560793200	1.2424422148164e+03
133.557540039000	1.2450425656646e+03
133.587519284800	1.2475993093314e+03
133.617498530600	1.2501107288038e+03
133.647477776400	1.2525751032892e+03
133.677457022200	1.2549907087232e+03
133.707436268000	1.2573558182926e+03
133.737415513800	1.2596687029758e+03
133.767394759600	1.2619276320985e+03
133.797374005400	1.2641308739064e+03
133.827353251200	1.2662766961547e+03
133.857332497000	1.2683633667140e+03
133.887311742800	1.2703891541936e+03
133.917290988600	1.2723523285817e+03
133.947270234400	1.2742511619018e+03
133.977249480200	1.2760839288879e+03
134.007228726000	1.2778489076749e+03
134.037207971800	1.2795443805074e+03
134.067187217600	1.2811686344646e+03
134.097166463400	1.2827199622026e+03
134.127145709200	1.2841966627135e+03
134.157124955000	1.2855970421005e+03
134.187104200800	1.2869194143706e+03
134.217083446600	1.2881621022422e+03
134.247062692400	1.2893234379702e+03
134.277041938200	1.2904017641855e+03
134.307021184000	1.2913954347511e+03
134.337000429800	1.2923028156332e+03
134.366979675600	1.2931222857862e+03
134.396958921400	1.2938522380540e+03
134.426938167200	1.2944910800834e+03
134.456917413000	1.2950372352530e+03
134.486896658800	1.2954891436139e+03
134.516875904600	1.2958452628438e+03
134.546855150400	1.2961040692136e+03
134.576834396200	1.2962640585651e+03
134.606813642000	1.2963237473001e+03
134.636792887800	1.2962816733798e+03
134.666772133600	1.2961363973349e+03
134.696751379400	1.2958865032839e+03
134.726730625200	1.2955305999607e+03
134.756709871000	1.2950673217498e+03
134.786689116800	1.2944953297289e+03
134.816668362600	1.2938133127180e+03
134.846647608400	1.2930199883333e+03
134.876626854200	1.2921141040476e+03
134.906606100000	1.2910944382528e+03
134.936585345800	1.2899598013275e+03
134.966564591600	1.2887090367053e+03
134.996543837400	1.2873410219458e+03
135.026523083200	1.2858546698057e+03
135.056502329000	1.2842489293090e+03
135.086481574800	1.2825227868170e+03
135.116460820600	1.2806752670954e+03
135.146440066400	1.2787054343779e+03
135.176419312200	1.2766123934264e+03
135.206398558000	1.2743952905851e+03
135.236377803800	1.2720533148294e+03
135.266357049600	1.2695856988064e+03
135.296336295400	1.2669917198678e+03
135.326315541200	1.2642707010937e+03
135.356294787000	1.2614220123048e+03
135.386274032800	1.2584450710647e+03
135.416253278600	1.2553393436684e+03
135.446232524400	1.2521043461177e+03
135.476211770200	1.2487396450818e+03
135.506191016000	1.2452448588418e+03
135.536170261800	1.2416196582189e+03
135.566149507600	1.2378637674837e+03
135.596128753400	1.2339769652474e+03
135.626107999200	1.2299590853315e+03
135.656087245000	1.2258100176176e+03
135.686066490800	1.2215297088736e+03
135.716045736600	1.2171181635572e+03
135.746024982400	1.2125754445940e+03
135.776004228200	1.2079016741311e+03
135.805983474000	1.2030970342626e+03
135.835962719800	1.1981617677282e+03
135.865941965600	1.1930961785828e+03
135.895921211400	1.1879006328361e+03
135.925900457200	1.1825755590611e+03
135.955879703000	1.1771214489710e+03
135.985858948800	1.1715388579628e+03
136.015838194600	1.1658284056276e+03
136.045817440400	1.1599907762253e+03
136.075796686200	1.1540267191238e+03
136.105775932000	1.1479370492017e+03
136.135755177800	1.1417226472127e+03
136.165734423600	1.1353844601123e+03
136.195713669400	1.1289235013445e+03
136.225692915200	1.1223408510882e+03
136.255672161000	1.1156376564634e+03
136.285651406800	1.1088151316944e+03
136.315630652600	1.1018745582315e+03
136.345609898400	1.0948172848287e+03
136.375589144200	1.0876447275780e+03
136.405568390000	1.0803583698984e+03
136.435547635800	1.0729597624802e+03
136.465526881600	1.0654505231833e+03
136.495506127400	1.0578323368888e+03
136.525485373200	1.0501069553041e+03
136.555464619000	1.0422761967201e+03
136.585443864800	1.0343419457208e+03
136.615423110600	1.0263061528447e+03
136.645402356400	1.0181708341969e+03
136.675381602200	1.0099380710132e+03
136.705360848000	1.0016100091736e+03
136.735340093800	9.9318885866743e+02
136.765319339600	9.8467689300800e+02
136.795298585400	9.7607644859732e+02
136.825277831200	9.6738992404090e+02
136.855257077000	9.5861977941232e+02
136.885236322800	9.4976853546746e+02
136.915215568600	9.4083877280865e+02
136.945194814400	9.3183313099846e+02
136.975174060200	9.2275430762353e+02
137.005153306000	9.1360505730837e+02
137.035132551800	9.0438819067936e+02
137.065111797600	8.9510657327922e+02
137.095091043400	8.8576312443219e+02
137.125070289200	8.7636081606023e+02
137.155049535000	8.6690267145060e+02
137.185028780800	8.5739176397530e+02
137.215008026600	8.4783121576274e+02
137.244987272400	8.3822419632216e+02
137.274966518200	8.2857392112146e+02
137.304945764000	8.1888365011881e+02
137.334925009800	8.0915668624901e+02
137.364904255600	7.9939637386492e+02
137.394883501400	7.8960609713505e+02
137.424862747200	7.7978927839776e+02
137.454841993000	7.6994937647327e+02
137.484821238800	7.6008988493392e+02
137.514800484600	7.5021433033400e+02
137.544779730400	7.4032627039986e+02
137.574758976200	7.3042929218136e+02
137.604738222000	7.2052701016579e+02
137.634717467800	7.1062306435524e+02
137.664696713600	7.0072111830861e+02
137.694675959400	6.9082485714943e+02
137.724655205200	6.8093798554070e+02
137.754634451000	6.7106422562796e+02
137.784613696800	6.6120731495197e+02
137.814592942600	6.5137100433227e+02
137.844572188400	6.4155905572295e+02
137.874551434200	6.3177524004211e+02
137.904530680000	6.2202333497644e+02
137.934509925800	6.1230712276234e+02
137.964489171600	6.0263038794504e+02
137.994468417400	5.9299691511750e+02
138.024447663200	5.8341048664026e+02
138.054426909000	5.7387488034427e+02
138.084406154800	5.6439386721794e+02
138.114385400600	5.5497120908034e+02
138.144364646400	5.4561065624206e+02
138.174343892200	5.3631594515554e+02
138.204323138000	5.2709079605647e+02
138.234302383800	5.1793891059817e+02
138.264281629600	5.0886396948055e+02
138.294260875400	4.9986963007554e+02
138.324240121200	4.9095952405078e+02
138.354219367000	4.8213725499332e+02
138.384198612800	4.7340639603522e+02
138.414177858600	4.6477048748297e+02
138.444157104400	4.5623303445235e+02
138.474136350200	4.4779750451090e+02
138.504115596000	4.3946732532959e+02
138.534094841800	4.3124588234577e+02
138.564074087600	4.2313651643923e+02
138.594053333400	4.1514252162317e+02
138.624032579200	4.0726714275209e+02
138.654011825000	3.9951357324844e+02
138.683991070800	3.9188495284986e+02
138.713970316600	3.8438436537906e+02
138.743949562400	3.7701483653795e+02
138.773928808200	3.6977933172819e+02
138.803908054000	3.6268075389979e+02
138.833887299800	3.5572194142974e+02
138.863866545600	3.4890566603245e+02
138.893845791400	3.4223463070385e+02
138.923825037200	3.3571146770098e+02
138.953804283000	3.2933873655877e+02
138.983783528800	3.2311892214593e+02
139.013762774600	3.1705443276159e+02
139.043742020400	3.1114759827445e+02
139.073721266200	3.0540066830616e+02
139.103700512000	2.9981581046060e+02
139.133679757800	2.9439510860073e+02
139.163659003600	2.8914056117461e+02
139.193638249400	2.8405407959223e+02
139.223617495200	2.7913748665463e+02
139.253596741000	2.7439251503694e+02
139.283575986800	2.6982080582673e+02
139.313555232600	2.6542390711929e+02
139.343534478400	2.6120327267100e+02
139.373513724200	2.5716026061247e+02
139.403492970000	2.5329613222255e+02
139.433472215800	2.4961205076459e+02
139.463451461600	2.4610908038632e+02
139.493430707400	2.4278818508431e+02
139.523409953200	2.3965022773440e+02
139.553389199000	2.3669596918910e+02
139.583368444800	2.3392606744301e+02
139.613347690600	2.3134107686741e+02
139.643326936400	2.2894144751475e+02
139.673306182200	2.2672752449420e+02
139.703285428000	2.2469954741896e+02
139.733264673800	2.2285764992616e+02
139.763243919600	2.2120185927014e+02
139.793223165400	2.1973209598977e+02
139.823202411200	2.1844817365046e+02
139.853181657000	2.1734979866137e+02
139.883160902800	2.1643657016848e+02
139.913140148600	2.1570798002382e+02
139.943119394400	2.1516341283135e+02
139.973098640200	2.1480214606980e+02
140.003077886000	2.1462335029276e+02
140.033057131800	2.1462608940619e+02
140.063036377600	2.1480932102357e+02
140.093015623400	2.1517189689867e+02
140.122994869200	2.1571256343612e+02
140.152974115000	2.1642996227957e+02
140.182953360800	2.1732263097744e+02
140.212932606600	2.1838900372609e+02
140.242911852400	2.1962741219012e+02
140.272891098200	2.2103608639955e+02
140.302870344000	2.2261315572350e+02
140.332849589800	2.2435664991997e+02
140.362828835600	2.2626450026120e+02
140.392808081400	2.2833454073401e+02
140.422787327200	2.3056450931466e+02
140.452766573000	2.3295204931736e+02
140.482745818800	2.3549471081580e+02
140.512725064600	2.3818995213686e+02
140.542704310400	2.4103514142562e+02
140.572683556200	2.4402755828078e+02
140.602662802000	2.4716439545938e+02
140.632642047800	2.5044276064997e+02
140.662621293600	2.5385967831287e+02
140.692600539400	2.5741209158650e+02
140.722579785200	2.6109686425859e+02
140.752559031000	2.6491078280076e+02
140.782538276800	2.6885055846537e+02
140.812517522600	2.7291282944308e+02
140.842496768400	2.7709416307967e+02
140.872476014200	2.8139105815069e+02
140.902455260000	2.8579994719230e+02
140.932434505800	2.9031719888667e+02
140.962413751600	2.9493912050038e+02
140.992392997400	2.9966196037388e+02
141.022372243200	3.0448191046052e+02
141.052351489000	3.0939510891312e+02
141.082330734800	3.1439764271630e+02
141.112309980600	3.1948555036267e+02
141.142289226400	3.2465482457096e+02
141.172268472200	3.2990141504398e+02
141.202247718000	3.3522123126454e+02
141.232226963800	3.4061014532719e+02
141.262206209600	3.4606399480363e+02
141.292185455400	3.5157858563979e+02
141.322164701200	3.5714969508222e+02
141.352143947000	3.6277307463181e+02
141.382123192800	3.6844445302243e+02
141.412102438600	3.7415953922235e+02
141.442081684400	3.7991402545603e+02
141.472060930200	3.8570359024419e+02
141.502040176000	3.9152390145958e+02
141.532019421800	3.9737061939628e+02
141.561998667600	4.0323939985012e+02
141.591977913400	4.0912589720780e+02
141.621957159200	4.1502576754232e+02
141.651936405000	4.2093467171245e+02
141.681915650800	4.2684827846353e+02
141.711894896600	4.3276226752754e+02
141.741874142400	4.3867233271972e+02
141.771853388200	4.4457418502942e+02
141.801832634000	4.5046355570275e+02
141.831811879800	4.5633619931463e+02
141.861791125600	4.6218789682767e+02
141.891770371400	4.6801445863560e+02
141.921749617200	4.7381172758876e+02
141.951728863000	4.7957558199923e+02
141.981708108800	4.8530193862326e+02
142.011687354600	4.9098675561850e+02
142.041666600400	4.9662603547378e+02
142.071645846200	5.0221582790901e+02
142.101625092000	5.0775223274288e+02
142.131604337800	5.1323140272602e+02
142.161583583600	5.1864954633741e+02
142.191562829400	5.2400293054166e+02
142.221542075200	5.2928788350498e+02
142.251521321000	5.3450079726767e+02
142.281500566800	5.3963813037086e+02
142.311479812600	5.4469641043541e+02
142.341459058400	5.4967223669085e+02
142.371438304200	5.5456228245227e+02
142.401417550000	5.5936329754319e+02
142.431396795800	5.6407211066229e+02
142.461376041600	5.6868563169219e+02
142.491355287400	5.7320085394824e+02
142.521334533200	5.7761485636560e+02
142.551313779000	5.8192480562266e+02
142.581293024800	5.8612795819913e+02
142.611272270600	5.9022166236705e+02
142.641251516400	5.9420336011302e+02
142.671230762200	5.9807058899017e+02
142.701210008000	6.0182098389819e+02
142.731189253800	6.0545227878992e+02
142.761168499600	6.0896230830327e+02
142.791147745400	6.1234900931674e+02
142.821126991200	6.1561042242762e+02
142.851106237000	6.1874469335132e+02
142.881085482800	6.2175007424076e+02
142.911064728600	6.2462492492471e+02
142.941043974400	6.2736771406399e+02
142.971023220200	6.2997702022457e+02
143.001002466000	6.3245153286657e+02
143.030981711800	6.3479005324842e+02
143.060960957600	6.3699149524531e+02
143.090940203400	6.3905488608122e+02
143.120919449200	6.4097936697398e+02
143.150898695000	6.4276419369264e+02
143.180877940800	6.4440873702677e+02
143.210857186600	6.4591248316721e+02
143.240836432400	6.4727503399797e+02
143.270815678200	6.4849610729888e+02
143.300794924000	6.4957553685895e+02
143.330774169800	6.5051327250020e+02
143.360753415600	6.5130938001190e+02
143.390732661400	6.5196404099531e+02
143.420711907200	6.5247755261897e+02
143.450691153000	6.5285032728471e+02
143.480670398800	6.5308289220464e+02
143.510649644600	6.5317588888938e+02
143.540628890400	6.5313007254805e+02
143.570608136200	6.5294631140038e+02
143.600587382000	6.5262558590145e+02
143.630566627800	6.5216898787988e+02
143.660545873600	6.5157771958986e+02
143.690525119400	6.5085309267805e+02
143.720504365200	6.4999652706603e+02
143.750483611000	6.4900954974929e+02
143.780462856800	6.4789379351362e+02
143.810442102600	6.4665099557010e+02
143.840421348400	6.4528299610970e+02
143.870400594200	6.4379173677872e+02
143.900379840000	6.4217925907625e+02
143.930359085800	6.4044770267512e+02
143.960338331600	6.3859930366753e+02
143.990317577400	6.3663639273699e+02
144.020296823200	6.3456139325791e+02
144.050276069000	6.3237681932460e+02
144.080255314800	6.3008527371109e+02
144.110234560600	6.2768944576369e+02
144.140213806400	6.2519210922791e+02
144.170193052200	6.2259612001147e+02
144.200172298000	6.1990441388551e+02
144.230151543800	6.1712000412563e+02
144.260130789600	6.1424597909498e+02
144.290110035400	6.1128549977111e+02
144.320089281200	6.0824179721906e+02
144.350068527000	6.0511817001231e+02
144.380047772800	6.0191798160423e+02
144.410027018600	5.9864465765179e+02
144.440006264400	5.9530168329408e+02
144.469985510200	5.9189260038777e+02
144.499964756000	5.8842100470189e+02
144.529944001800	5.8489054307414e+02
144.559923247600	5.8130491053132e+02
144.589902493400	5.7766784737612e+02
144.619881739200	5.7398313624277e+02
144.649860985000	5.7025459912404e+02
144.679840230800	5.6648609437203e+02
144.709819476600	5.6268151367528e+02
144.739798722400	5.5884477901478e+02
144.769777968200	5.5497983960133e+02
144.799757214000	5.5109066879687e+02
144.829736459800	5.4718126102244e+02
144.859715705600	5.4325562865517e+02
144.889694951400	5.3931779891711e+02
144.919674197200	5.3537181075830e+02
144.949653443000	5.3142171173685e+02
144.979632688800	5.2747155489858e+02
145.009611934600	5.2352539565881e+02
145.039591180400	5.1958728868894e+02
145.069570426200	5.1566128481036e+02
145.099549672000	5.1175142789844e+02
145.129528917800	5.0786175179894e+02
145.159508163600	5.0399627725967e+02
145.189487409400	5.0015900887976e+02
145.219466655200	4.9635393207921e+02
145.249445901000	4.9258501009114e+02
145.279425146800	4.8885618097938e+02
145.309404392600	4.8517135468370e+02
145.339383638400	4.8153441009531e+02
145.369362884200	4.7794919216489e+02
145.399342130000	4.7441950904575e+02
145.429321375800	4.7094912927421e+02
145.459300621600	4.6754177898985e+02
145.489279867400	4.6420113919760e+02
145.519259113200	4.6093084307423e+02
145.549238359000	4.5773447332119e+02
145.579217604800	4.5461555956617e+02
145.609196850600	4.5157757581538e+02
145.639176096400	4.4862393795873e+02
145.669155342200	4.4575800132987e+02
145.699134588000	4.4298305832311e+02
145.729113833800	4.4030233606914e+02
145.759093079600	4.3771899417149e+02
145.789072325400	4.3523612250542e+02
145.819051571200	4.3285673908118e+02
145.849030817000	4.3058378797319e+02
145.879010062800	4.2842013731693e+02
145.908989308600	4.2636857737501e+02
145.938968554400	4.2443181867409e+02
145.968947800200	4.2261249021389e+02
145.998927046000	4.2091313774997e+02
146.028906291800	4.1933622215137e+02
146.058885537600	4.1788411783453e+02
146.088864783400	4.1655911127458e+02
146.118844029200	4.1536339959521e+02
146.148823275000	4.1429908923810e+02
146.178802520800	4.1336819471298e+02
146.208781766600	4.1257263742913e+02
146.238761012400	4.1191424460919e+02
146.268740258200	4.1139474828616e+02
146.298719504000	4.1101578438404e+02
146.328698749800	4.1077889188292e+02
146.358677995600	4.1068551206903e+02
146.388657241400	4.1073698787004e+02
146.418636487200	4.1093456327629e+02
146.448615733000	4.1127938284792e+02
146.478594978800	4.1177249130840e+02
146.508574224600	4.1241483322442e+02
146.538553470400	4.1320725277239e+02
146.568532716200	4.1415049359130e+02
146.598511962000	4.1524519872213e+02
146.628491207800	4.1649191063344e+02
146.658470453600	4.1789107133298e+02
146.688449699400	4.1944302256498e+02
146.718428945200	4.2114800609283e+02
146.748408191000	4.2300616406643e+02
146.778387436800	4.2501753947395e+02
146.808366682600	4.2718207667721e+02
146.838345928400	4.2949962202995e+02
146.868325174200	4.3196992457838e+02
146.898304420000	4.3459263684300e+02
146.928283665800	4.3736731568082e+02
146.958262911600	4.4029342322708e+02
146.988242157400	4.4337032791520e+02
147.018221403200	4.4659730557410e+02
147.048200649000	4.4997354060140e+02
147.078179894800	4.5349812721145e+02
147.108159140600	4.5717007075677e+02
147.138138386400	4.6098828912141e+02
147.168117632200	4.6495161418497e+02
147.198096878000	4.6905879335552e+02
147.228076123800	4.7330849117003e+02
147.258055369600	4.7769929096043e+02
147.288034615400	4.8222969658388e+02
147.318013861200	4.8689813421520e+02
147.347993107000	4.9170295419982e+02
147.377972352800	4.9664243296532e+02
147.407951598600	5.0171477498957e+02
147.437930844400	5.0691811482365e+02
147.467910090200	5.1225051916729e+02
147.497889336000	5.1770998899504e+02
147.527868581800	5.2329446173083e+02
147.557847827600	5.2900181346880e+02
147.587827073400	5.3482986123833e+02
147.617806319200	5.4077636531091e+02
147.647785565000	5.4683903154659e+02
147.677764810800	5.5301551377774e+02
147.707744056600	5.5930341622781e+02
147.737723302400	5.6570029596260e+02
147.767702548200	5.7220366537181e+02
147.797681794000	5.7881099467830e+02
147.827661039800	5.8551971447273e+02
147.857640285600	5.9232721827107e+02
147.887619531400	5.9923086509243e+02
147.917598777200	6.0622798205491e+02
147.947578023000	6.1331586698667e+02
147.977557268800	6.2049179105003e+02
148.007536514600	6.2775300137576e+02
148.037515760400	6.3509672370524e+02
148.067495006200	6.4252016503782e+02
148.097474252000	6.5002051628096e+02
148.127453497800	6.5759495490045e+02
148.157432743600	6.6524064756830e+02
148.187411989400	6.7295475280573e+02
148.217391235200	6.8073442361871e+02
148.247370481000	6.8857681012356e+02
148.277349726800	6.9647906216010e+02
148.307328972600	7.0443833188986e+02
148.337308218400	7.1245177637686e+02
148.367287464200	7.2051656014862e+02
148.397266710000	7.2862985773474e+02
148.427245955800	7.3678885618092e+02
148.457225201600	7.4499075753584e+02
148.487204447400	7.5323278130868e+02
148.517183693200	7.6151216689482e+02
148.547162939000	7.6982617596764e+02
148.577142184800	7.7817209483391e+02
148.607121430600	7.8654723675087e+02
148.637100676400	7.9494894420251e+02
148.667079922200	8.0337459113317e+02
148.697059168000	8.1182158513622e+02
148.727038413800	8.2028736959588e+02
148.757017659600	8.2876942578008e+02
148.786996905400	8.3726527488257e+02
148.816976151200	8.4577248001219e+02
148.846955397000	8.5428864812768e+02
148.876934642800	8.6281143191603e+02
148.906913888600	8.7133853161281e+02
148.936893134400	8.7986769676277e+02
148.966872380200	8.8839672791900e+02
148.996851626000	8.9692347827927e+02
149.026830871800	9.0544585525791e+02
149.056810117600	9.1396182199194e+02
149.086789363400	9.2246939877996e+02
149.116768609200	9.3096666445266e+02
149.146747855000	9.3945175767365e+02
149.176727100800	9.4792287816939e+02
149.206706346600	9.5637828788728e+02
149.236685592400	9.6481631208090e+02
149.266664838200	9.7323534032125e+02
149.296644084000	9.8163382743342e+02
149.326623329800	9.9001029435770e+02
149.356602575600	9.9836332893450e+02
149.386581821400	1.0066915866124e+03
149.416561067200	1.0149937910789e+03
149.446540313000	1.0232687348131e+03
149.476519558800	1.0315152795602e+03
149.506498804600	1.0397323567274e+03
149.536478050400	1.0479189677009e+03
149.566457296200	1.0560741840837e+03
149.596436542000	1.0641971478545e+03
149.626415787800	1.0722870714474e+03
149.656395033600	1.0803432377524e+03
149.686374279400	1.0883650000368e+03
149.716353525200	1.0963517817885e+03
149.746332771000	1.1043030764799e+03
149.776312016800	1.1122184472548e+03
149.806291262600	1.1200975265367e+03
149.836270508400	1.1279400155610e+03
149.866249754200	1.1357456838298e+03
149.896229000000	1.1435143684919e+03
149.926208245800	1.1512459736466e+03
149.956187491600	1.1589404695749e+03
149.986166737400	1.1665978918956e+03
150.016145983200	1.1742183406507e+03
150.046125229000	1.1818019793188e+03
150.076104474800	1.1893490337583e+03
150.106083720600	1.1968597910821e+03
150.136062966400	1.2043345984648e+03
150.166042212200	1.2117738618827e+03
150.196021458000	1.2191780447898e+03
150.226000703800	1.2265476667301e+03
150.255979949600	1.2338833018881e+03
150.285959195400	1.2411855775784e+03
150.315938441200	1.2484551726775e+03
150.345917687000	1.2556928159981e+03
150.375896932800	1.2628992846085e+03
150.405876178600	1.2700754020982e+03
150.435855424400	1.2772220367929e+03
150.465834670200	1.2843400999191e+03
150.495813916000	1.2914305437216e+03
150.525793161800	1.2984943595355e+03
150.555772407600	1.3055325758146e+03
150.585751653400	1.3125462561185e+03
150.615730899200	1.3195364970610e+03
150.645710145000	1.3265044262208e+03
150.675689390800	1.3334512000184e+03
150.705668636600	1.3403780015599e+03
150.735647882400	1.3472860384512e+03
150.765627128200	1.3541765405840e+03
150.795606374000	1.3610507578974e+03
150.825585619800	1.3679099581151e+03
150.855564865600	1.3747554244639e+03
150.885544111400	1.3815884533725e+03
150.915523357200	1.3884103521557e+03
150.945502603000	1.3952224366855e+03
150.975481848800	1.4020260290513e+03
151.005461094600	1.4088224552123e+03
151.035440340400	1.4156130426441e+03
151.065419586200	1.4223991179830e+03
151.095398832000	1.4291820046696e+03
151.125378077800	1.4359630205936e+03
151.155357323600	1.4427434757454e+03
151.185336569400	1.4495246698727e+03
151.215315815200	1.4563078901485e+03
151.245295061000	1.4630944088506e+03
151.275274306800	1.4698854810567e+03
151.305253552600	1.4766823423559e+03
151.335232798400	1.4834862065810e+03
151.365212044200	1.4902982635628e+03
151.395191290000	1.4971196769093e+03
151.425170535800	1.5039515818124e+03
151.455149781600	1.5107950828840e+03
151.485129027400	1.5176512520242e+03
151.515108273200	1.5245211263247e+03
151.545087519000	1.5314057060084e+03
151.575066764800	1.5383059524081e+03
151.605046010600	1.5452227859869e+03
151.635025256400	1.5521570844024e+03
151.665004502200	1.5591096806162e+03
151.694983748000	1.5660813610520e+03
151.724962993800	1.5730728638032e+03
151.754942239600	1.5800848768931e+03
151.784921485400	1.5871180365892e+03
151.814900731200	1.5941729257733e+03
151.844879977000	1.6012500723699e+03
151.874859222800	1.6083499478347e+03
151.904838468600	1.6154729657039e+03
151.934817714400	1.6226194802080e+03
151.964796960200	1.6297897849500e+03
151.994776206000	1.6369841116501e+03
152.024755451800	1.6442026289596e+03
152.054734697600	1.6514454413431e+03
152.084713943400	1.6587125880335e+03
152.114693189200	1.6660040420578e+03
152.144672435000	1.6733197093378e+03
152.174651680800	1.6806594278655e+03
152.204630926600	1.6880229669543e+03
152.234610172400	1.6954100265677e+03
152.264589418200	1.7028202367260e+03
152.294568664000	1.7102531569921e+03
152.324547909800	1.7177082760368e+03
152.354527155600	1.7251850112857e+03
152.384506401400	1.7326827086464e+03
152.414485647200	1.7402006423178e+03
152.444464893000	1.7477380146827e+03
152.474444138800	1.7552939562817e+03
152.504423384600	1.7628675258718e+03
152.534402630400	1.7704577105677e+03
152.564381876200	1.7780634260668e+03
152.594361122000	1.7856835169579e+03
152.624340367800	1.7933167571141e+03
152.654319613600	1.8009618501693e+03
152.684298859400	1.8086174300773e+03
152.714278105200	1.8162820617560e+03
152.744257351000	1.8239542418132e+03
152.774236596800	1.8316323993551e+03
152.804215842600	1.8393148968780e+03
152.834195088400	1.8470000312405e+03
152.864174334200	1.8546860347167e+03
152.894153580000	1.8623710761305e+03
152.924132825800	1.8700532620678e+03
152.954112071600	1.8777306381688e+03
152.984091317400	1.8854011904965e+03
153.014070563200	1.8930628469822e+03
153.044049809000	1.9007134789462e+03
153.074029054800	1.9083509026930e+03
153.104008300600	1.9159728811783e+03
153.133987546400	1.9235771257486e+03
153.163966792200	1.9311612979500e+03
153.193946038000	1.9387230114060e+03
153.223925283800	1.9462598337614e+03
153.253904529600	1.9537692886926e+03
153.283883775400	1.9612488579804e+03
153.313863021200	1.9686959836449e+03
153.343842267000	1.9761080701403e+03
153.373821512800	1.9834824866074e+03
153.403800758600	1.9908165691825e+03
153.433780004400	1.9981076233594e+03
153.463759250200	2.0053529264035e+03
153.493738496000	2.0125497298161e+03
153.523717741800	2.0196952618450e+03
153.553696987600	2.0267867300407e+03
153.583676233400	2.0338213238553e+03
153.613655479200	2.0407962172820e+03
153.643634725000	2.0477085715318e+03
153.673613970800	2.0545555377463e+03
153.703593216600	2.0613342597432e+03
153.733572462400	2.0680418767919e+03
153.763551708200	2.0746755264172e+03
153.793530954000	2.0812323472279e+03
153.823510199800	2.0877094817682e+03
153.853489445600	2.0941040793877e+03
153.883468691400	2.1004132991300e+03
153.913447937200	2.1066343126345e+03
153.943427183000	2.1127643070494e+03
153.973406428800	2.1188004879544e+03
154.003385674600	2.1247400822882e+03
154.033364920400	2.1305803412794e+03
154.063344166200	2.1363185433778e+03
154.093323412000	2.1419519971821e+03
154.123302657800	2.1474780443628e+03
154.153281903600	2.1528940625759e+03
154.183261149400	2.1581974683662e+03
154.213240395200	2.1633857200548e+03
154.243219641000	2.1684563206110e+03
154.273198886800	2.1734068205032e+03
154.303178132600	2.1782348205267e+03
154.333157378400	2.1829379746069e+03
154.363136624200	2.1875139925725e+03
154.393115870000	2.1919606428982e+03
154.423095115800	2.1962757554126e+03
154.453074361600	2.2004572239693e+03
154.483053607400	2.2045030090782e+03
154.513032853200	2.2084111404941e+03
154.543012099000	2.2121797197600e+03
154.572991344800	2.2158069227026e+03
154.602970590600	2.2192910018774e+03
154.632949836400	2.2226302889598e+03
154.662929082200	2.2258231970814e+03
154.692908328000	2.2288682231074e+03
154.722887573800	2.2317639498536e+03
154.752866819600	2.2345090482398e+03
154.782846065400	2.2371022793778e+03
154.812825311200	2.2395424965918e+03
154.842804557000	2.2418286473680e+03
154.872783802800	2.2439597752323e+03
154.902763048600	2.2459350215527e+03
154.932742294400	2.2477536272665e+03
154.962721540200	2.2494149345267e+03
154.992700786000	2.2509183882696e+03
155.022680031800	2.2522635376985e+03
155.052659277600	2.2534500376838e+03
155.082638523400	2.2544776500764e+03
155.112617769200	2.2553462449333e+03
155.142597015000	2.2560558016539e+03
155.172576260800	2.2566064100249e+03
155.202555506600	2.2569982711728e+03
155.232534752400	2.2572316984230e+03
155.262513998200	2.2573071180624e+03
155.292493244000	2.2572250700073e+03
155.322472489800	2.2569862083720e+03
155.352451735600	2.2565913019401e+03
155.382430981400	2.2560412345353e+03
155.412410227200	2.2553370052925e+03
155.442389473000	2.2544797288268e+03
155.472368718800	2.2534706353013e+03
155.502347964600	2.2523110703919e+03
155.532327210400	2.2510024951488e+03
155.562306456200	2.2495464857552e+03
155.592285702000	2.2479447331817e+03
155.622264947800	2.2461990427360e+03
155.652244193600	2.2443113335100e+03
155.682223439400	2.2422836377204e+03
155.712202685200	2.2401180999471e+03
155.742181931000	2.2378169762665e+03
155.772161176800	2.2353826332803e+03
155.802140422600	2.2328175470426e+03
155.832119668400	2.2301243018815e+03
155.862098914200	2.2273055891202e+03
155.892078160000	2.2243642056950e+03
155.922057405800	2.2213030526718e+03
155.952036651600	2.2181251336629e+03
155.982015897400	2.2148335531435e+03
156.011995143200	2.2114315146701e+03
156.041974389000	2.2079223190010e+03
156.071953634800	2.2043093621205e+03
156.101932880600	2.2005961331681e+03
156.131912126400	2.1967862122739e+03
156.161891372200	2.1928832683018e+03
156.191870618000	2.1888910565015e+03
156.221849863800	2.1848134160719e+03
156.251829109600	2.1806542676368e+03
156.281808355400	2.1764176106347e+03
156.311787601200	2.1721075206253e+03
156.341766847000	2.1677281465138e+03
156.371746092800	2.1632837076955e+03
156.401725338600	2.1587784911224e+03
156.431704584400	2.1542168482951e+03
156.461683830200	2.1496031921805e+03
156.491663076000	2.1449419940595e+03
156.521642321800	2.1402377803052e+03
156.551621567600	2.1354951290963e+03
156.581600813400	2.1307186670657e+03
156.611580059200	2.1259130658896e+03
156.641559305000	2.1210830388174e+03
156.671538550800	2.1162333371469e+03
156.701517796600	2.1113687466460e+03
156.731497042400	2.1064940839257e+03
156.761476288200	2.1016141927655e+03
156.791455534000	2.0967339403951e+03
156.821434779800	2.0918582137352e+03
156.851414025600	2.0869919156005e+03
156.881393271400	2.0821399608679e+03
156.911372517200	2.0773072726133e+03
156.941351763000	2.0724987782197e+03
156.971331008800	2.0677194054603e+03
157.001310254600	2.0629740785597e+03
157.031289500400	2.0582677142365e+03
157.061268746200	2.0536052177301e+03
157.091247992000	2.0489914788164e+03
157.121227237800	2.0444313678137e+03
157.151206483600	2.0399297315846e+03
157.181185729400	2.0354913895348e+03
157.211164975200	2.0311211296146e+03
157.241144221000	2.0268237043244e+03
157.271123466800	2.0226038267292e+03
157.301102712600	2.0184661664848e+03
157.331081958400	2.0144153458791e+03
157.361061204200	2.0104559358919e+03
157.391040450000	2.0065924522778e+03
157.421019695800	2.0028293516731e+03
157.450998941600	1.9991710277333e+03
157.480978187400	1.9956218073014e+03
157.510957433200	1.9921859466131e+03
157.540936679000	1.9888676275406e+03
157.570915924800	1.9856709538788e+03
157.600895170600	1.9825999476771e+03
157.630874416400	1.9796585456208e+03
157.660853662200	1.9768505954641e+03
157.690832908000	1.9741798525191e+03
157.720812153800	1.9716499762031e+03
157.750791399600	1.9692645266477e+03
157.780770645400	1.9670269613735e+03
157.810749891200	1.9649406320318e+03
157.840729137000	1.9630087812178e+03
157.870708382800	1.9612345393578e+03
157.900687628600	1.9596209216728e+03
157.930666874400	1.9581708252223e+03
157.960646120200	1.9568870260302e+03
157.990625366000	1.9557721762957e+03
158.020604611800	1.9548288016926e+03
158.050583857600	1.9540592987586e+03
158.080563103400	1.9534659323774e+03
158.110542349200	1.9530508333568e+03
158.140521595000	1.9528159961038e+03
158.170500840800	1.9527632764006e+03
158.200480086600	1.9528943892820e+03
158.230459332400	1.9532109070180e+03
158.260438578200	1.9537142572023e+03
158.290417824000	1.9544057209500e+03
158.320397069800	1.9552864312045e+03
158.350376315600	1.9563573711580e+03
158.380355561400	1.9576193727847e+03
158.410334807200	1.9590731154899e+03
158.440314053000	1.9607191248764e+03
158.470293298800	1.9625577716289e+03
158.500272544600	1.9645892705182e+03
158.530251790400	1.9668136795273e+03
158.560231036200	1.9692308990979e+03
158.590210282000	1.9718406715023e+03
158.620189527800	1.9746425803373e+03
158.650168773600	1.9776360501448e+03
158.680148019400	1.9808203461571e+03
158.710127265200	1.9841945741690e+03
158.740106511000	1.9877576805364e+03
158.770085756800	1.9915084523026e+03
158.800065002600	1.9954455174520e+03
158.830044248400	1.9995673452916e+03
158.860023494200	2.0038722469603e+03
158.890002740000	2.0083583760665e+03
158.919981985800	2.0130237294530e+03
158.949961231600	2.0178661480898e+03
158.979940477400	2.0228833180942e+03
159.009919723200	2.0280727718770e+03
159.039898969000	2.0334318894163e+03
159.069878214800	2.0389578996553e+03
159.099857460600	2.0446478820265e+03
159.129836706400	2.0504987680983e+03
159.159815952200	2.0565073433464e+03
159.189795198000	2.0626702490453e+03
159.219774443800	2.0689839842821e+03
159.249753689600	2.0754449080887e+03
159.279732935400	2.0820492416928e+03
159.309712181200	2.0887930708850e+03
159.339691427000	2.0956723485010e+03
159.369670672800	2.1026828970177e+03
159.399649918600	2.1098204112597e+03
159.429629164400	2.1170804612168e+03
159.459608410200	2.1244584949678e+03
159.489587656000	2.1319498417108e+03
159.519566901800	2.1395497148968e+03
159.549546147600	2.1472532154642e+03
159.579525393400	2.1550553351723e+03
159.609504639200	2.1629509600307e+03
159.639483885000	2.1709348738237e+03
159.669463130800	2.1790017617246e+03
159.699442376600	2.1871462139992e+03
159.729421622400	2.1953627297956e+03
159.759400868200	2.2036457210157e+03
159.789380114000	2.2119895162681e+03
159.819359359800	2.2203883648967e+03
159.849338605600	2.2288364410848e+03
159.879317851400	2.2373278480285e+03
159.909297097200	2.2458566221789e+03
159.939276343000	2.2544167375482e+03
159.969255588800	2.2630021100769e+03
159.999234834600	2.2716066020589e+03
160.029214080400	2.2802240266209e+03
160.059193326200	2.2888481522519e+03
160.089172572000	2.2974727073814e+03
160.119151817800	2.3060913849997e+03
160.149131063600	2.3146978473195e+03
160.179110309400	2.3232857304732e+03
160.209089555200	2.3318486492433e+03
160.239068801000	2.3403802018215e+03
160.269048046800	2.3488739745933e+03
160.299027292600	2.3573235469440e+03
160.329006538400	2.3657224960821e+03
160.358985784200	2.3740644018766e+03
160.388965030000	2.3823428517046e+03
160.418944275800	2.3905514453043e+03
160.448923521600	2.3986837996308e+03
160.478902767400	2.4067335537095e+03
160.508882013200	2.4146943734849e+03
160.538861259000	2.4225599566591e+03
160.568840504800	2.4303240375167e+03
160.598819750600	2.4379803917336e+03
160.628798996400	2.4455228411634e+03
160.658778242200	2.4529452585990e+03
160.688757488000	2.4602415725061e+03
160.718736733800	2.4674057717228e+03
160.748715979600	2.4744319101235e+03
160.778695225400	2.4813141112420e+03
160.808674471200	2.4880465728503e+03
160.838653717000	2.4946235714900e+03
160.868632962800	2.5010394669518e+03
160.898612208600	2.5072887066996e+03
160.928591454400	2.5133658302360e+03
160.958570700200	2.5192654734049e+03
160.988549946000	2.5249823726288e+03
161.018529191800	2.5305113690753e+03
161.048508437600	2.5358474127521e+03
161.078487683400	2.5409855665243e+03
161.108466929200	2.5459210100530e+03
161.138446175000	2.5506490436501e+03
161.168425420800	2.5551650920477e+03
161.198404666600	2.5594647080773e+03
161.228383912400	2.5635435762574e+03
161.258363158200	2.5673975162850e+03
161.288342404000	2.5710224864295e+03
161.318321649800	2.5744145868245e+03
161.348300895600	2.5775700626564e+03
161.378280141400	2.5804853072458e+03
161.408259387200	2.5831568650199e+03
161.438238633000	2.5855814343732e+03
161.468217878800	2.5877558704135e+03
161.498197124600	2.5896771875919e+03
161.528176370400	2.5913425622131e+03
161.558155616200	2.5927493348258e+03
161.588134862000	2.5938950124892e+03
161.618114107800	2.5947772709148e+03
161.648093353600	2.5953939564809e+03
161.678072599400	2.5957430881190e+03
161.708051845200	2.5958228590697e+03
161.738031091000	2.5956316385062e+03
161.768010336800	2.5951679730251e+03
161.797989582600	2.5944305880020e+03
161.827968828400	2.5934183888116e+03
161.857948074200	2.5921304619105e+03
161.887927320000	2.5905660757815e+03
161.917906565800	2.5887246817397e+03
161.947885811600	2.5866059145984e+03
161.977865057400	2.5842095931941e+03
162.007844303200	2.5815357207714e+03
162.037823549000	2.5785844852252e+03
162.067802794800	2.5753562592023e+03
162.097782040600	2.5718516000598e+03
162.127761286400	2.5680712496821e+03
162.157740532200	2.5640161341552e+03
162.187719778000	2.5596873632991e+03
162.217699023800	2.5550862300585e+03
162.247678269600	2.5502142097518e+03
162.277657515400	2.5450729591790e+03
162.307636761200	2.5396643155895e+03
162.337616007000	2.5339902955097e+03
162.367595252800	2.5280530934321e+03
162.397574498600	2.5218550803659e+03
162.427553744400	2.5153988022506e+03
162.457532990200	2.5086869782347e+03
162.487512236000	2.5017224988181e+03
162.517491481800	2.4945084238630e+03
162.547470727600	2.4870479804715e+03
162.577449973400	2.4793445607347e+03
162.607429219200	2.4714017193511e+03
162.637408465000	2.4632231711207e+03
162.667387710800	2.4548127883126e+03
162.697366956600	2.4461745979101e+03
162.727346202400	2.4373127787359e+03
162.757325448200	2.4282316584578e+03
162.787304694000	2.4189357104787e+03
162.817283939800	2.4094295507127e+03
162.847263185600	2.3997179342499e+03
162.877242431400	2.3898057519121e+03
162.907221677200	2.3796980267033e+03
162.937200923000	2.3693999101554e+03
162.967180168800	2.3589166785752e+03
162.997159414600	2.3482537291919e+03
163.027138660400	2.3374165762118e+03
163.057117906200	2.3264108467805e+03
163.087097152000	2.3152422768564e+03
163.117076397800	2.3039167070005e+03
163.147055643600	2.2924400780829e+03
163.177034889400	2.2808184269117e+03
163.207014135200	2.2690578817866e+03
163.236993381000	2.2571646579811e+03
163.266972626800	2.2451450531565e+03
163.296951872600	2.2330054427118e+03
163.326931118400	2.2207522750728e+03
163.356910364200	2.2083920669239e+03
163.386889610000	2.1959313983872e+03
163.416868855800	2.1833769081519e+03
163.446848101600	2.1707352885578e+03
163.476827347400	2.1580132806379e+03
163.506806593200	2.1452176691221e+03
163.536785839000	2.1323552774082e+03
163.566765084800	2.1194329625021e+03
163.596744330600	2.1064576099329e+03
163.626723576400	2.0934361286455e+03
163.656702822200	2.0803754458757e+03
163.686682068000	2.0672825020119e+03
163.716661313800	2.0541642454462e+03
163.746640559600	2.0410276274211e+03
163.776619805400	2.0278795968737e+03
163.806599051200	2.0147270952830e+03
163.836578297000	2.0015770515238e+03
163.866557542800	1.9884363767310e+03
163.896536788600	1.9753119591793e+03
163.926516034400	1.9622106591813e+03
163.956495280200	1.9491393040085e+03
163.986474526000	1.9361046828397e+03
164.016453771800	1.9231135417398e+03
164.046433017600	1.9101725786740e+03
164.076412263400	1.8972884385604e+03
164.106391509200	1.8844677083659e+03
164.136370755000	1.8717169122482e+03
164.166350000800	1.8590425067493e+03
164.196329246600	1.8464508760419e+03
164.226308492400	1.8339483272353e+03
164.256287738200	1.8215410857425e+03
164.286266984000	1.8092352907125e+03
164.316246229800	1.7970369905325e+03
164.346225475600	1.7849521384021e+03
164.376204721400	1.7729865879837e+03
164.406183967200	1.7611460891333e+03
164.436163213000	1.7494362837129e+03
164.466142458800	1.7378627014906e+03
164.496121704600	1.7264307561292e+03
164.526100950400	1.7151457412681e+03
164.556080196200	1.7040128267005e+03
164.586059442000	1.6930370546500e+03
164.616038687800	1.6822233361482e+03
164.646017933600	1.6715764475174e+03
164.675997179400	1.6611010269605e+03
164.705976425200	1.6508015712607e+03
164.735955671000	1.6406824325941e+03
164.765934916800	1.6307478154570e+03
164.795914162600	1.6210017737113e+03
164.825893408400	1.6114482077493e+03
164.855872654200	1.6020908617802e+03
164.885851900000	1.5929333212413e+03
164.915831145800	1.5839790103355e+03
164.945810391600	1.5752311896958e+03
164.975789637400	1.5666929541807e+03
165.005768883200	1.5583672308008e+03
165.035748129000	1.5502567767785e+03
165.065727374800	1.5423641777421e+03
165.095706620600	1.5346918460566e+03
165.125685866400	1.5272420192908e+03
165.155665112200	1.5200167588241e+03
165.185644358000	1.5130179485913e+03
165.215623603800	1.5062472939688e+03
165.245602849600	1.4997063208022e+03
165.275582095400	1.4933963745748e+03
165.305561341200	1.4873186197195e+03
165.335540587000	1.4814740390735e+03
165.365519832800	1.4758634334761e+03
165.395499078600	1.4704874215103e+03
165.425478324400	1.4653464393882e+03
165.455457570200	1.4604407409799e+03
165.485436816000	1.4557703979861e+03
165.515416061800	1.4513353002542e+03
165.545395307600	1.4471351562375e+03
165.575374553400	1.4431694935969e+03
165.605353799200	1.4394376599445e+03
165.635333045000	1.4359388237293e+03
165.665312290800	1.4326719752622e+03
165.695291536600	1.4296359278821e+03
165.725270782400	1.4268293192598e+03
165.755250028200	1.4242506128395e+03
165.785229274000	1.4218980994169e+03
165.815208519800	1.4197698988518e+03
165.845187765600	1.4178639619150e+03
165.875167011400	1.4161780722661e+03
165.905146257200	1.4147098485623e+03
165.935125503000	1.4134567466954e+03
165.965104748800	1.4124160621553e+03
165.995083994600	1.4115849325186e+03
166.025063240400	1.4109603400593e+03
166.055042486200	1.4105391144800e+03
166.085021732000	1.4103179357616e+03
166.115000977800	1.4102933371280e+03
166.144980223600	1.4104617081248e+03
166.174959469400	1.4108192978088e+03
166.204938715200	1.4113622180450e+03
166.234917961000	1.4120864469095e+03
166.264897206800	1.4129878321951e+03
166.294876452600	1.4140620950164e+03
166.324855698400	1.4153048335119e+03
166.354834944200	1.4167115266396e+03
166.384814190000	1.4182775380636e+03
166.414793435800	1.4199981201279e+03
166.444772681600	1.4218684179146e+03
166.474751927400	1.4238834733829e+03
166.504731173200	1.4260382295858e+03
166.534710419000	1.4283275349609e+03
166.564689664800	1.4307461476916e+03
166.594668910600	1.4332887401359e+03
166.624648156400	1.4359499033179e+03
166.654627402200	1.4387241514802e+03
166.684606648000	1.4416059266913e+03
166.714585893800	1.4445896035064e+03
166.744565139600	1.4476694936765e+03
166.774544385400	1.4508398509022e+03
166.804523631200	1.4540948756285e+03
166.834502877000	1.4574287198774e+03
166.864482122800	1.4608354921127e+03
166.894461368600	1.4643092621351e+03
166.924440614400	1.4678440660023e+03
166.954419860200	1.4714339109702e+03
166.984399106000	1.4750727804522e+03
167.014378351800	1.4787546389917e+03
167.044357597600	1.4824734372439e+03
167.074336843400	1.4862231169636e+03
167.104316089200	1.4899976159940e+03
167.134295335000	1.4937908732533e+03
167.164274580800	1.4975968337149e+03
167.194253826600	1.5014094533772e+03
167.224233072400	1.5052227042183e+03
167.254212318200	1.5090305791337e+03
167.284191564000	1.5128270968504e+03
167.314170809800	1.5166063068156e+03
167.344150055600	1.5203622940548e+03
167.374129301400	1.5240891839969e+03
167.404108547200	1.5277811472601e+03
167.434087793000	1.5314324043979e+03
167.464067038800	1.5350372305983e+03
167.494046284600	1.5385899603349e+03
167.524025530400	1.5420849919653e+03
167.554004776200	1.5455167922727e+03
167.583984022000	1.5488799009480e+03
167.613963267800	1.5521689350083e+03
167.643942513600	1.5553785931489e+03
167.673921759400	1.5585036600242e+03
167.703901005200	1.5615390104558e+03
167.733880251000	1.5644796135636e+03
167.763859496800	1.5673205368156e+03
167.793838742600	1.5700569499962e+03
167.823817988400	1.5726841290866e+03
167.853797234200	1.5751974600564e+03
167.883776480000	1.5775924425626e+03
167.913755725800	1.5798646935541e+03
167.943734971600	1.5820099507769e+03
167.973714217400	1.5840240761796e+03
168.003693463200	1.5859030592153e+03
168.033672709000	1.5876430200376e+03
168.063651954800	1.5892402125882e+03
168.093631200600	1.5906910275740e+03
168.123610446400	1.5919919953310e+03
168.153589692200	1.5931397885735e+03
168.183568938000	1.5941312250259e+03
168.213548183800	1.5949632699352e+03
168.243527429600	1.5956330384627e+03
168.273506675400	1.5961377979527e+03
168.303485921200	1.5964749700769e+03
168.333465167000	1.5966421328523e+03
168.363444412800	1.5966370225321e+03
168.393423658600	1.5964575353671e+03
168.423402904400	1.5961017292375e+03
168.453382150200	1.5955678251523e+03
168.483361396000	1.5948542086174e+03
168.513340641800	1.5939594308698e+03
168.543319887600	1.5928822099773e+03
168.573299133400	1.5916214318036e+03
168.603278379200	1.5901761508376e+03
168.633257625000	1.5885455908870e+03
168.663236870800	1.5867291456345e+03
168.693216116600	1.5847263790582e+03
168.723195362400	1.5825370257141e+03
168.753174608200	1.5801609908823e+03
168.783153854000	1.5775983505754e+03
168.813133099800	1.5748493514103e+03
168.843112345600	1.5719144103437e+03
168.873091591400	1.5687941142704e+03
168.903070837200	1.5654892194869e+03
168.933050083000	1.5620006510183e+03
168.963029328800	1.5583295018120e+03
168.993008574600	1.5544770317967e+03
169.022987820400	1.5504446668089e+03
169.052967066200	1.5462339973871e+03
169.082946312000	1.5418467774355e+03
169.112925557800	1.5372849227582e+03
169.142904803600	1.5325505094646e+03
169.172884049400	1.5276457722482e+03
169.202863295200	1.5225731025402e+03
169.232842541000	1.5173350465388e+03
169.262821786800	1.5119343031170e+03
169.292801032600	1.5063737216093e+03
169.322780278400	1.5006562994810e+03
169.352759524200	1.4947851798804e+03
169.382738770000	1.4887636490763e+03
169.412718015800	1.4825951337846e+03
169.442697261600	1.4762831983834e+03
169.472676507400	1.4698315420213e+03
169.502655753200	1.4632439956209e+03
169.532634999000	1.4565245187780e+03
169.562614244800	1.4496771965627e+03
169.592593490600	1.4427062362211e+03
169.622572736400	1.4356159637836e+03
169.652551982200	1.4284108205802e+03
169.682531228000	1.4210953596672e+03
169.712510473800	1.4136742421676e+03
169.742489719600	1.4061522335281e+03
169.772468965400	1.3985341996959e+03
169.802448211200	1.3908251032187e+03
169.832427457000	1.3830299992704e+03
169.862406702800	1.3751540316065e+03
169.892385948600	1.3672024284516e+03
169.922365194400	1.3591804983234e+03
169.952344440200	1.3510936257955e+03
169.982323686000	1.3429472672028e+03
170.012302931800	1.3347469462939e+03
170.042282177600	1.3264982498315e+03
170.072261423400	1.3182068231477e+03
170.102240669200	1.3098783656547e+03
170.132219915000	1.3015186263166e+03
170.162199160800	1.2931333990843e+03
170.192178406600	1.2847285182984e+03
170.222157652400	1.2763098540636e+03
170.252136898200	1.2678833075968e+03
170.282116144000	1.2594548065549e+03
170.312095389800	1.2510303003441e+03
170.342074635600	1.2426157554152e+03
170.372053881400	1.2342171505487e+03
170.402033127200	1.2258404721330e+03
170.432012373000	1.2174917094398e+03
170.461991618800	1.2091768498999e+03
170.491970864600	1.2009018743840e+03
170.521950110400	1.1926727524910e+03
170.551929356200	1.1844954378483e+03
170.581908602000	1.1763758634278e+03
170.611887847800	1.1683199368804e+03
170.641867093600	1.1603335358940e+03
170.671846339400	1.1524225035769e+03
170.701825585200	1.1445926438719e+03
170.731804831000	1.1368497170033e+03
170.761784076800	1.1291994349608e+03
170.791763322600	1.1216474570242e+03
170.821742568400	1.1141993853315e+03
170.851721814200	1.1068607604944e+03
170.881701060000	1.0996370572644e+03
170.911680305800	1.0925336802529e+03
170.941659551600	1.0855559597078e+03
170.971638797400	1.0787091473517e+03
171.001618043200	1.0719984122818e+03
171.031597289000	1.0654288369383e+03
171.061576534800	1.0590054131412e+03
171.091555780600	1.0527330382000e+03
171.121535026400	1.0466165110992e+03
171.151514272200	1.0406605287618e+03
171.181493518000	1.0348696823943e+03
171.211472763800	1.0292484539156e+03
171.241452009600	1.0238012124721e+03
171.271431255400	1.0185322110424e+03
171.301410501200	1.0134455831331e+03
171.331389747000	1.0085453395693e+03
171.361368992800	1.0038353653809e+03
171.391348238600	9.9931941678769e+02
171.421327484400	9.9500111828581e+02
171.451306730200	9.9088395983637e+02
171.481285976000	9.8697129415962e+02
171.511265221800	9.8326633413582e+02
171.541244467600	9.7977215031484e+02
171.571223713400	9.7649166853634e+02
171.601202959200	9.7342766766209e+02
171.631182205000	9.7058277742202e+02
171.661161450800	9.6795947637557e+02
171.691140696600	9.6556008998961e+02
171.721119942400	9.6338678883432e+02
171.751099188200	9.6144158689818e+02
171.781078434000	9.5972634002323e+02
171.811057679800	9.5824274446154e+02
171.841036925600	9.5699233555393e+02
171.871016171400	9.5597648653156e+02
171.900995417200	9.5519640744136e+02
171.930974663000	9.5465314419571e+02
171.960953908800	9.5434757774702e+02
171.990933154600	9.5428042338760e+02
172.020912400400	9.5445223017516e+02
172.050891646200	9.5486338048414e+02
172.080870892000	9.5551408968307e+02
172.110850137800	9.5640440593794e+02
172.140829383600	9.5753421014151e+02
172.170808629400	9.5890321596845e+02
172.200787875200	9.6051097005608e+02
172.230767121000	9.6235685231019e+02
172.260746366800	9.6444007633570e+02
172.290725612600	9.6675968999149e+02
172.320704858400	9.6931457606881e+02
172.350684104200	9.7210345309251e+02
172.380663350000	9.7512487624421e+02
172.410642595800	9.7837723840667e+02
172.440621841600	9.8185877132815e+02
172.470601087400	9.8556754690571e+02
172.500580333200	9.8950147858635e+02
172.530559579000	9.9365832288463e+02
172.560538824800	9.9803568101539e+02
172.590518070600	1.0026310006401e+03
172.620497316400	1.0074415777256e+03
172.650476562200	1.0124645585128e+03
172.680455808000	1.0176969415950e+03
172.710435053800	1.0231355801023e+03
172.740414299600	1.0287771839922e+03
172.770393545400	1.0346183224425e+03
172.800372791200	1.0406554263461e+03
172.830352037000	1.0468847909044e+03
172.860331282800	1.0533025783183e+03
172.890310528600	1.0599048205734e+03
172.920289774400	1.0666874223177e+03
172.950269020200	1.0736461638300e+03
172.980248266000	1.0807767040754e+03
173.010227511800	1.0880745838459e+03
173.040206757600	1.0955352289843e+03
173.070186003400	1.1031539536876e+03
173.100165249200	1.1109259638876e+03
173.130144495000	1.1188463607074e+03
173.160123740800	1.1269101439882e+03
173.190102986600	1.1351122158862e+03
173.220082232400	1.1434473845359e+03
173.250061478200	1.1519103677760e+03
173.280040724000	1.1604957969365e+03
173.310019969800	1.1691982206827e+03
173.339999215600	1.1780121089140e+03
173.369978461400	1.1869318567142e+03
173.399957707200	1.1959517883492e+03
173.429936953000	1.2050661613114e+03
173.459916198800	1.2142691704050e+03
173.489895444600	1.2235549518704e+03
173.519874690400	1.2329175875450e+03
173.549853936200	1.2423511090557e+03
173.579833182000	1.2518495020412e+03
173.609812427800	1.2614067104004e+03
173.639791673600	1.2710166405634e+03
173.669770919400	1.2806731657824e+03
173.699750165200	1.2903701304385e+03
173.729729411000	1.3001013543624e+03
173.759708656800	1.3098606371640e+03
173.789687902600	1.3196417625692e+03
173.819667148400	1.3294385027600e+03
173.849646394200	1.3392446227142e+03
173.879625640000	1.3490538845423e+03
173.909604885800	1.3588600518182e+03
173.939584131600	1.3686568939000e+03
173.969563377400	1.3784381902379e+03
173.999542623200	1.3881977346664e+03
174.029521869000	1.3979293396773e+03
174.059501114800	1.4076268406701e+03
174.089480360600	1.4172841001780e+03
174.119459606400	1.4268950120639e+03
174.149438852200	1.4364535056864e+03
174.179418098000	1.4459535500304e+03
174.209397343800	1.4553891578006e+03
174.239376589600	1.4647543894742e+03
174.269355835400	1.4740433573106e+03
174.299335081200	1.4832502293148e+03
174.329314327000	1.4923692331519e+03
174.359293572800	1.5013946600092e+03
174.389272818600	1.5103208684046e+03
174.419252064400	1.5191422879376e+03
174.449231310200	1.5278534229798e+03
174.479210556000	1.5364488563039e+03
174.509189801800	1.5449232526473e+03
174.539169047600	1.5532713622086e+03
174.569148293400	1.5614880240739e+03
174.599127539200	1.5695681695716e+03
174.629106785000	1.5775068255522e+03
174.659086030800	1.5852991175919e+03
174.689065276600	1.5929402731176e+03
174.719044522400	1.6004256244505e+03
174.749023768200	1.6077506117670e+03
174.779003014000	1.6149107859754e+03
174.808982259800	1.6219018115054e+03
174.838961505600	1.6287194690090e+03
174.868940751400	1.6353596579713e+03
174.898919997200	1.6418183992300e+03
174.928899243000	1.6480918374006e+03
174.958878488800	1.6541762432069e+03
174.988857734600	1.6600680157156e+03
175.018836980400	1.6657636844726e+03
175.048816226200	1.6712599115402e+03
175.078795472000	1.6765534934346e+03
175.108774717800	1.6816413629615e+03
175.138753963600	1.6865205909499e+03
175.168733209400	1.6911883878820e+03
175.198712455200	1.6956421054189e+03
175.228691701000	1.6998792378222e+03
175.258670946800	1.7038974232685e+03
175.288650192600	1.7076944450584e+03
175.318629438400	1.7112682327186e+03
175.348608684200	1.7146168629964e+03
175.378587930000	1.7177385607462e+03
175.408567175800	1.7206316997085e+03
175.438546421600	1.7232948031804e+03
175.468525667400	1.7257265445771e+03
175.498504913200	1.7279257478860e+03
175.528484159000	1.7298913880116e+03
175.558463404800	1.7316225910122e+03
175.588442650600	1.7331186342282e+03
175.618421896400	1.7343789463032e+03
175.648401142200	1.7354031070971e+03
175.678380388000	1.7361908474917e+03
175.708359633800	1.7367420490905e+03
175.738338879600	1.7370567438120e+03
175.768318125400	1.7371351133773e+03
175.798297371200	1.7369774886941e+03
175.828276617000	1.7365843491359e+03
175.858255862800	1.7359563217185e+03
175.888235108600	1.7350941801749e+03
175.918214354400	1.7339988439288e+03
175.948193600200	1.7326713769687e+03
175.978172846000	1.7311129866227e+03
176.008152091800	1.7293250222369e+03
176.038131337600	1.7273089737566e+03
176.068110583400	1.7250664702137e+03
176.098089829200	1.7225992781199e+03
176.128069075000	1.7199092997693e+03
176.158048320800	1.7169985714498e+03
176.188027566600	1.7138692615662e+03
176.218006812400	1.7105236686770e+03
176.247986058200	1.7069642194452e+03
176.277965304000	1.7031934665066e+03
176.307944549800	1.6992140862561e+03
176.337923795600	1.6950288765549e+03
176.367903041400	1.6906407543596e+03
176.397882287200	1.6860527532764e+03
176.427861533000	1.6812680210418e+03
176.457840778800	1.6762898169308e+03
176.487820024600	1.6711215090979e+03
176.517799270400	1.6657665718491e+03
176.547778516200	1.6602285828508e+03
176.577757762000	1.6545112202748e+03
176.607737007800	1.6486182598843e+03
176.637716253600	1.6425535720616e+03
176.667695499400	1.6363211187801e+03
176.697674745200	1.6299249505241e+03
176.727653991000	1.6233692031571e+03
176.757633236800	1.6166580947429e+03
176.787612482600	1.6097959223206e+03
176.817591728400	1.6027870586366e+03
176.847570974200	1.5956359488365e+03
176.877550220000	1.5883471071184e+03
176.907529465800	1.5809251133515e+03
176.937508711600	1.5733746096614e+03
176.967487957400	1.5657002969859e+03
176.997467203200	1.5579069316024e+03
177.027446449000	1.5499993216313e+03
177.057425694800	1.5419823235167e+03
177.087404940600	1.5338608384872e+03
177.117384186400	1.5256398090007e+03
177.147363432200	1.5173242151736e+03
177.177342678000	1.5089190711995e+03
177.207321923800	1.5004294217581e+03
177.237301169600	1.4918603384183e+03
177.267280415400	1.4832169160367e+03
177.297259661200	1.4745042691562e+03
177.327238907000	1.4657275284050e+03
177.357218152800	1.4568918369001e+03
177.387197398600	1.4480023466576e+03
177.417176644400	1.4390642150120e+03
177.447155890200	1.4300826010476e+03
177.477135136000	1.4210626620436e+03
177.507114381800	1.4120095499371e+03
177.537093627600	1.4029284078039e+03
177.567072873400	1.3938243663627e+03
177.597052119200	1.3847025405024e+03
177.627031365000	1.3755680258364e+03
177.657010610800	1.3664258952856e+03
177.686989856600	1.3572811956933e+03
177.716969102400	1.3481389444732e+03
177.746948348200	1.3390041262932e+03
177.776927594000	1.3298816897980e+03
177.806906839800	1.3207765443713e+03
177.836886085600	1.3116935569409e+03
177.866865331400	1.3026375488280e+03
177.896844577200	1.2936132926437e+03
177.926823823000	1.2846255092338e+03
177.956803068800	1.2756788646739e+03
177.986782314600	1.2667779673183e+03
178.016761560400	1.2579273649018e+03
178.046740806200	1.2491315416991e+03
178.076720052000	1.2403949157415e+03
178.106699297800	1.2317218360940e+03
178.136678543600	1.2231165801931e+03
178.166657789400	1.2145833512489e+03
178.196637035200	1.2061262757106e+03
178.226616281000	1.1977494007994e+03
178.256595526800	1.1894566921081e+03
178.286574772600	1.1812520312706e+03
178.316554018400	1.1731392137010e+03
178.346533264200	1.1651219464055e+03
178.376512510000	1.1572038458658e+03
178.406491755800	1.1493884359980e+03
178.436471001600	1.1416791461861e+03
178.466450247400	1.1340793093913e+03
178.496429493200	1.1265921603394e+03
178.526408739000	1.1192208337860e+03
178.556387984800	1.1119683628604e+03
178.586367230600	1.1048376774900e+03
178.616346476400	1.0978316029043e+03
178.646325722200	1.0909528582213e+03
178.676304968000	1.0842040551147e+03
178.706284213800	1.0775876965638e+03
178.736263459600	1.0711061756867e+03
178.766242705400	1.0647617746560e+03
178.796221951200	1.0585566636986e+03
178.826201197000	1.0524929001795e+03
178.856180442800	1.0465724277690e+03
178.886159688600	1.0407970756954e+03
178.916138934400	1.0351685580806e+03
178.946118180200	1.0296884733616e+03
178.976097426000	1.0243583037950e+03
179.006076671800	1.0191794150473e+03
179.036055917600	1.0141530558677e+03
179.066035163400	1.0092803578464e+03
179.096014409200	1.0045623352552e+03
179.125993655000	9.9999988497254e+02
179.155972900800	9.9559378649077e+02
179.185952146600	9.9134470200613e+02
179.215931392400	9.8725317659073e+02
179.245910638200	9.8331963844583e+02
179.275889884000	9.7954439923598e+02
179.305869129800	9.7592765450319e+02
179.335848375600	9.7246948416041e+02
179.365827621400	9.6916985306365e+02
179.395806867200	9.6602861166172e+02
179.425786113000	9.6304549672280e+02
179.455765358800	9.6022013213690e+02
179.485744604600	9.5755202979304e+02
179.515723850400	9.5504059053037e+02
179.545703096200	9.5268510516187e+02
179.575682342000	9.5048475556959e+02
179.605661587800	9.4843861587030e+02
179.635640833600	9.4654565365017e+02
179.665620079400	9.4480473126725e+02
179.695599325200	9.4321460722048e+02
179.725578571000	9.4177393758374e+02
179.755557816800	9.4048127750366e+02
179.785537062600	9.3933508275958e+02
179.815516308400	9.3833371138435e+02
179.845495554200	9.3747542534428e+02
179.875474800000	9.3675839227680e+02
179.905454045800	9.3618068728412e+02
179.935433291600	9.3574029478139e+02
179.965412537400	9.3543511039756e+02
179.995391783200	9.3526294292740e+02
180.025371029000	9.3522151633281e+02
180.055350274800	9.3530847179177e+02
180.085329520600	9.3552136979315e+02
180.115308766400	9.3585769227558e+02
180.145288012200	9.3631484480849e+02
180.175267258000	9.3689015881361e+02
180.205246503800	9.3758089382498e+02
180.235225749600	9.3838423978560e+02
180.265204995400	9.3929731937888e+02
180.295184241200	9.4031719039291e+02
180.325163487000	9.4144084811575e+02
180.355142732800	9.4266522775956e+02
180.385121978600	9.4398720691198e+02
180.415101224400	9.4540360801250e+02
180.445080470200	9.4691120085200e+02
180.475059716000	9.4850670509348e+02
180.505038961800	9.5018679281199e+02
180.535018207600	9.5194809105186e+02
180.564997453400	9.5378718439906e+02
180.594976699200	9.5570061756699e+02
180.624955945000	9.5768489799351e+02
180.654935190800	9.5973649844732e+02
180.684914436600	9.6185185964177e+02
180.714893682400	9.6402739285400e+02
180.744872928200	9.6625948254769e+02
180.774852174000	9.6854448899717e+02
180.804831419800	9.7087875091127e+02
180.834810665600	9.7325858805478e+02
180.864789911400	9.7568030386566e+02
180.894769157200	9.7814018806617e+02
180.924748403000	9.8063451926599e+02
180.954727648800	9.8315956755540e+02
180.984706894600	9.8571159708690e+02
181.014686140400	9.8828686864316e+02
181.044665386200	9.9088164218969e+02
181.074644632000	9.9349217941047e+02
181.104623877800	9.9611474622459e+02
181.134603123600	9.9874561528238e+02
181.164582369400	1.0013810684393e+03
181.194561615200	1.0040173992055e+03
181.224540861000	1.0066509151704e+03
181.254520106800	1.0092779403995e+03
181.284499352600	1.0118948178023e+03
181.314478598400	1.0144979114701e+03
181.344457844200	1.0170836089820e+03
181.374437090000	1.0196483236770e+03
181.404416335800	1.0221884968915e+03
181.434395581600	1.0247006001607e+03
181.464374827400	1.0271811373817e+03
181.494354073200	1.0296266469382e+03
181.524333319000	1.0320337037843e+03
181.554312564800	1.0343989214873e+03
181.584291810600	1.0367189542268e+03
181.614271056400	1.0389904987503e+03
181.644250302200	1.0412102962835e+03
181.674229548000	1.0433751343942e+03
181.704208793800	1.0454818488085e+03
181.734188039600	1.0475273251792e+03
181.764167285400	1.0495085008037e+03
181.794146531200	1.0514223662928e+03
181.824125777000	1.0532659671873e+03
181.854105022800	1.0550364055226e+03
181.884084268600	1.0567308413406e+03
181.914063514400	1.0583464941477e+03
181.944042760200	1.0598806443184e+03
181.974022006000	1.0613306344436e+03
182.004001251800	1.0626938706234e+03
182.033980497600	1.0639678237037e+03
182.063959743400	1.0651500304550e+03
182.093938989200	1.0662380946952e+03
182.123918235000	1.0672296883536e+03
182.153897480800	1.0681225524768e+03
182.183876726600	1.0689144981766e+03
182.213855972400	1.0696034075184e+03
182.243835218200	1.0701872343507e+03
182.273814464000	1.0706640050755e+03
182.303793709800	1.0710318193586e+03
182.333772955600	1.0712888507814e+03
182.363752201400	1.0714333474313e+03
182.393731447200	1.0714636324344e+03
182.423710693000	1.0713781044267e+03
182.453689938800	1.0711752379670e+03
182.483669184600	1.0708535838892e+03
182.513648430400	1.0704117695967e+03
182.543627676200	1.0698484992956e+03
182.573606922000	1.0691625541710e+03
182.603586167800	1.0683527925037e+03
182.633565413600	1.0674181497282e+03
182.663544659400	1.0663576384341e+03
182.693523905200	1.0651703483086e+03
182.723503151000	1.0638554460228e+03
182.753482396800	1.0624121750616e+03
182.783461642600	1.0608398554966e+03
182.813440888400	1.0591378837050e+03
182.843420134200	1.0573057320325e+03
182.873399380000	1.0553429484028e+03
182.903378625800	1.0532491558733e+03
182.933357871600	1.0510240521383e+03
182.963337117400	1.0486674089803e+03
182.993316363200	1.0461790716698e+03
183.023295609000	1.0435589583156e+03
183.053274854800	1.0408070591650e+03
183.083254100600	1.0379234358555e+03
183.113233346400	1.0349082206197e+03
183.143212592200	1.0317616154427e+03
183.173191838000	1.0284838911748e+03
183.203171083800	1.0250753865986e+03
183.233150329600	1.0215365074539e+03
183.263129575400	1.0178677254193e+03
183.293108821200	1.0140695770526e+03
183.323088067000	1.0101426626918e+03
183.353067312800	1.0060876453161e+03
183.383046558600	1.0019052493700e+03
183.413025804400	9.9759625955015e+02
183.443005050200	9.9316151955778e+02
183.472984296000	9.8860193081603e+02
183.502963541800	9.8391845115523e+02
183.532942787600	9.7911209346637e+02
183.562922033400	9.7418392432448e+02
183.592901279200	9.6913506258314e+02
183.622880525000	9.6396667794147e+02
183.652859770800	9.5867998948495e+02
183.682839016600	9.5327626420151e+02
183.712818262400	9.4775681547415e+02
183.742797508200	9.4212300155156e+02
183.772776754000	9.3637622399815e+02
183.802755999800	9.3051792612488e+02
183.832735245600	9.2454959140229e+02
183.862714491400	9.1847274185714e+02
183.892693737200	9.1228893645418e+02
183.922672983000	9.0599976946438e+02
183.952652228800	8.9960686882109e+02
183.982631474600	8.9311189446560e+02
184.012610720400	8.8651653668348e+02
184.042589966200	8.7982251443318e+02
184.072569212000	8.7303157366832e+02
184.102548457800	8.6614548565507e+02
184.132527703600	8.5916604528610e+02
184.162506949400	8.5209506939247e+02
184.192486195200	8.4493439505494e+02
184.222465441000	8.3768587791600e+02
184.252444686800	8.3035139049420e+02
184.282423932600	8.2293282050198e+02
184.312403178400	8.1543206916853e+02
184.342382424200	8.0785104956894e+02
184.372361670000	8.0019168496112e+02
184.402340915800	7.9245590713169e+02
184.432320161600	7.8464565475232e+02
184.462299407400	7.7676287174770e+02
184.492278653200	7.6880950567657e+02
184.522257899000	7.6078750612698e+02
184.552237144800	7.5269882312710e+02
184.582216390600	7.4454540557284e+02
184.612195636400	7.3632919967342e+02
184.642174882200	7.2805214741624e+02
184.672154128000	7.1971618505210e+02
184.702133373800	7.1132324160197e+02
184.732112619600	7.0287523738645e+02
184.762091865400	6.9437408257911e+02
184.792071111200	6.8582167578462e+02
184.822050357000	6.7721990264288e+02
184.852029602800	6.6857063446019e+02
184.882008848600	6.5987572686834e+02
184.911988094400	6.5113701851271e+02
184.941967340200	6.4235632977033e+02
184.971946586000	6.3353546149872e+02
185.001925831800	6.2467619381658e+02
185.031905077600	6.1578028491698e+02
185.061884323400	6.0684946991404e+02
185.091863569200	5.9788545972386e+02
185.121842815000	5.8888993998046e+02
185.151822060800	5.7986456998736e+02
185.181801306600	5.7081098170578e+02
185.211780552400	5.6173077877976e+02
185.241759798200	5.5262553559919e+02
185.271739044000	5.4349679640104e+02
185.301718289800	5.3434607440962e+02
185.331697535600	5.2517485101621e+02
185.361676781400	5.1598457499865e+02
185.391656027200	5.0677666178131e+02
185.421635273000	4.9755249273589e+02
185.451614518800	4.8831341452346e+02
185.481593764600	4.7906073847795e+02
185.511573010400	4.6979574003166e+02
185.541552256200	4.6051965818279e+02
185.571531502000	4.5123369500546e+02
185.601510747800	4.4193901520224e+02
185.631489993600	4.3263674569954e+02
185.661469239400	4.2332797528578e+02
185.691448485200	4.1401375429266e+02
185.721427731000	4.0469509431941e+02
185.751406976800	3.9537296800012e+02
185.781386222600	3.8604830881412e+02
185.811365468400	3.7672201093936e+02
185.841344714200	3.6739492914868e+02
185.871323960000	3.5806787874891e+02
185.901303205800	3.4874163556249e+02
185.931282451600	3.3941693595159e+02
185.961261697400	3.3009447688441e+02
185.991240943200	3.2077491604333e+02
186.021220189000	3.1145887197474e+02
186.051199434800	3.0214692428008e+02
186.081178680600	2.9283961384783e+02
186.111157926400	2.8353744312592e+02
186.141137172200	2.7424087643425e+02
186.171116418000	2.6495034031670e+02
186.201095663800	2.5566622393229e+02
186.231074909600	2.4638887948475e+02
186.261054155400	2.3711862269013e+02
186.291033401200	2.2785573328167e+02
186.321012647000	2.1860045555142e+02
186.350991892800	2.0935299892788e+02
186.380971138600	2.0011353858896e+02
186.410950384400	1.9088221610960e+02
186.440929630200	1.8165914014320e+02
186.470908876000	1.7244438713616e+02
186.500888121800	1.6323800207465e+02
186.530867367600	1.5403999926292e+02
186.560846613400	1.4485036313201e+02
186.590825859200	1.3566904907830e+02
186.620805105000	1.2649598433080e+02
186.650784350800	1.1733106884620e+02
186.680763596600	1.0817417623089e+02
186.710742842400	9.9025154688887e+01
186.740722088200	8.9883827994583e+01
186.770701334000	8.0749996489478e+01
186.800680579800	7.1623438101683e+01
186.830659825600	6.2503909387238e+01
186.860639071400	5.3391146592126e+01
186.890618317200	4.4284866733903e+01
186.920597563000	3.5184768701827e+01
186.950576808800	2.6090534374368e+01
186.980556054600	1.7001829752946e+01
187.010535300400	7.9183061107626e+00
187.040514546200	-1.1603988444526e+00
187.070493792000	-1.0234659794955e+01
187.100473037800	-1.9304862625940e+01
187.130452283600	-2.8371403228143e+01
187.160431529400	-3.7434686291277e+01
187.190410775200	-4.6495124089545e+01
187.220390021000	-5.5553135260411e+01
187.250369266800	-6.4609143577892e+01
187.280348512600	-7.3663576721568e+01
187.310327758400	-8.2716865042567e+01
187.340307004200	-9.1769440327746e+01
187.370286250000	-1.0082173456331e+02
187.400265495800	-1.0987417869909e+02
187.430244741600	-1.1892720141478e+02
187.460223987400	-1.2798122788926e+02
187.490203233200	-1.3703667857433e+02
187.520182479000	-1.4609396797408e+02
187.550161724800	-1.5515350343104e+02
187.580140970600	-1.6421568392041e+02
187.610120216400	-1.7328089885356e+02
187.640099462200	-1.8234952689203e+02
187.670078708000	-1.9142193477315e+02
187.700057953800	-2.0049847614851e+02
187.730037199600	-2.0957949043657e+02
187.760016445400	-2.1866530169032e+02
187.789995691200	-2.2775621748141e+02
187.819974937000	-2.3685252780174e+02
187.849954182800	-2.4595450398364e+02
187.879933428600	-2.5506239763981e+02
187.909912674400	-2.6417643962411e+02
187.939891920200	-2.7329683901419e+02
187.969871166000	-2.8242378211713e+02
187.999850411800	-2.9155743149909e+02
188.029829657600	-3.0069792503991e+02
188.059808903400	-3.0984537501384e+02
188.089788149200	-3.1899986719719e+02
188.119767395000	-3.2816146000400e+02
188.149746640800	-3.3733018365052e+02
188.179725886600	-3.4650603934962e+02
188.209705132400	-3.5568899853573e+02
188.239684378200	-3.6487900212148e+02
188.269663624000	-3.7407595978662e+02
188.299642869800	-3.8327974930015e+02
188.329622115600	-3.9249021587645e+02
188.359601361400	-4.0170717156608e+02
188.389580607200	-4.1093039468204e+02
188.419559853000	-4.2015962926217e+02
188.449539098800	-4.2939458456832e+02
188.479518344600	-4.3863493462292e+02
188.509497590400	-4.4788031778365e+02
188.539476836200	-4.5713033635662e+02
188.569456082000	-4.6638455624869e+02
188.599435327800	-4.7564250665945e+02
188.629414573600	-4.8490367981322e+02
188.659393819400	-4.9416753073168e+02
188.689373065200	-5.0343347704729e+02
188.719352311000	-5.1270089885814e+02
188.749331556800	-5.2196913862430e+02
188.779310802600	-5.3123750110617e+02
188.809290048400	-5.4050525334490e+02
188.839269294200	-5.4977162468535e+02
188.869248540000	-5.5903580684144e+02
188.899227785800	-5.6829695400439e+02
188.929207031600	-5.7755418299365e+02
188.959186277400	-5.8680657345087e+02
188.989165523200	-5.9605316807672e+02
189.019144769000	-6.0529297291067e+02
189.049124014800	-6.1452495765367e+02
189.079103260600	-6.2374805603369e+02
189.109082506400	-6.3296116621395e+02
189.139061752200	-6.4216315124366e+02
189.169040998000	-6.5135283955116e+02
189.199020243800	-6.6052902547926e+02
189.228999489600	-6.6969046986235e+02
189.258978735400	-6.7883590064509e+02
189.288957981200	-6.8796401354243e+02
189.318937227000	-6.9707347274032e+02
189.348916472800	-7.0616291163699e+02
189.378895718600	-7.1523093362412e+02
189.408874964400	-7.2427611290752e+02
189.438854210200	-7.3329699536680e+02
189.468833456000	-7.4229209945336e+02
189.498812701800	-7.5125991712631e+02
189.528791947600	-7.6019891482540e+02
189.558771193400	-7.6910753448057e+02
189.588750439200	-7.7798419455722e+02
189.618729685000	-7.8682729113656e+02
189.648708930800	-7.9563519903025e+02
189.678688176600	-8.0440627292850e+02
189.708667422400	-8.1313884858078e+02
189.738646668200	-8.2183124400836e+02
189.768625914000	-8.3048176074767e+02
189.798605159800	-8.3908868512359e+02
189.828584405600	-8.4765028955173e+02
189.858563651400	-8.5616483386865e+02
189.888542897200	-8.6463056668908e+02
189.918522143000	-8.7304572678896e+02
189.948501388800	-8.8140854451342e+02
189.978480634600	-8.8971724320833e+02
190.008459880400	-8.9797004067455e+02
190.038439126200	-9.0616515064355e+02
190.068418372000	-9.1430078427329e+02
190.098397617800	-9.2237515166314e+02
190.128376863600	-9.3038646338657e+02
190.158356109400	-9.3833293204049e+02
190.188335355200	-9.4621277380982e+02
190.218314601000	-9.5402421004601e+02
190.248293846800	-9.6176546885841e+02
190.278273092600	-9.6943478671679e+02
190.308252338400	-9.7703041006409e+02
190.338231584200	-9.8455059693766e+02
190.368210830000	-9.9199361859789e+02
190.398190075800	-9.9935776116265e+02
190.428169321600	-1.0066413272463e+03
190.458148567400	-1.0138426376017e+03
190.488127813200	-1.0209600327640e+03
190.518107059000	-1.0279918746944e+03
190.548086304800	-1.0349365484227e+03
190.578065550600	-1.0417924636880e+03
190.608044796400	-1.0485580565736e+03
190.638024042200	-1.0552317911379e+03
190.668003288000	-1.0618121610374e+03
190.697982533800	-1.0682976911414e+03
190.727961779600	-1.0746869391368e+03
190.757941025400	-1.0809784971209e+03
190.787920271200	-1.0871709931821e+03
190.817899517000	-1.0932630929654e+03
190.847878762800	-1.0992535012226e+03
190.877858008600	-1.1051409633447e+03
190.907837254400	-1.1109242668761e+03
190.937816500200	-1.1166022430077e+03
190.967795746000	-1.1221737680490e+03
190.997774991800	-1.1276377648773e+03
191.027754237600	-1.1329932043614e+03
191.057733483400	-1.1382391067603e+03
191.087712729200	-1.1433745430940e+03
191.117691975000	-1.1483986364859e+03
191.147671220800	-1.1533105634751e+03
191.177650466600	-1.1581095552970e+03
191.207629712400	-1.1627948991314e+03
191.237608958200	-1.1673659393165e+03
191.267588204000	-1.1718220785273e+03
191.297567449800	-1.1761627789178e+03
191.327546695600	-1.1803875632246e+03
191.357525941400	-1.1844960158323e+03
191.387505187200	-1.1884877837979e+03
191.417484433000	-1.1923625778336e+03
191.447463678800	-1.1961201732477e+03
191.477442924600	-1.1997604108410e+03
191.507422170400	-1.2032831977585e+03
191.537401416200	-1.2066885082958e+03
191.567380662000	-1.2099763846573e+03
191.597359907800	-1.2131469376675e+03
191.627339153600	-1.2162003474330e+03
191.657318399400	-1.2191368639548e+03
191.687297645200	-1.2219568076892e+03
191.717276891000	-1.2246605700581e+03
191.747256136800	-1.2272486139057e+03
191.777235382600	-1.2297214739032e+03
191.807214628400	-1.2320797568983e+03
191.837193874200	-1.2343241422108e+03
191.867173120000	-1.2364553818724e+03
191.897152365800	-1.2384743008107e+03
191.927131611600	-1.2403817969766e+03
191.957110857400	-1.2421788414143e+03
191.987090103200	-1.2438664782740e+03
192.017069349000	-1.2454458247661e+03
192.047048594800	-1.2469180710573e+03
192.077027840600	-1.2482844801071e+03
192.107007086400	-1.2495463874461e+03
192.136986332200	-1.2507052008938e+03
192.166965578000	-1.2517624002169e+03
192.196944823800	-1.2527195367282e+03
192.226924069600	-1.2535782328249e+03
192.256903315400	-1.2543401814665e+03
192.286882561200	-1.2550071455931e+03
192.316861807000	-1.2555809574833e+03
192.346841052800	-1.2560635180514e+03
192.376820298600	-1.2564567960851e+03
192.406799544400	-1.2567628274236e+03
192.436778790200	-1.2569837140747e+03
192.466758036000	-1.2571216232738e+03
192.496737281800	-1.2571787864830e+03
192.526716527600	-1.2571574983313e+03
192.556695773400	-1.2570601154970e+03
192.586675019200	-1.2568890555314e+03
192.616654265000	-1.2566467956253e+03
192.646633510800	-1.2563358713188e+03
192.676612756600	-1.2559588751541e+03
192.706592002400	-1.2555184552735e+03
192.736571248200	-1.2550173139614e+03
192.766550494000	-1.2544582061327e+03
192.796529739800	-1.2538439377674e+03
192.826508985600	-1.2531773642930e+03
192.856488231400	-1.2524613889140e+03
192.886467477200	-1.2516989608923e+03
192.916446723000	-1.2508930737759e+03
192.946425968800	-1.2500467635801e+03
192.976405214600	-1.2491631069204e+03
193.006384460400	-1.2482452190987e+03
193.036363706200	-1.2472962521442e+03
193.066342952000	-1.2463193928097e+03
193.096322197800	-1.2453178605255e+03
193.126301443600	-1.2442949053108e+03
193.156280689400	-1.2432538056447e+03
193.186259935200	-1.2421978662993e+03
193.216239181000	-1.2411304161335e+03
193.246218426800	-1.2400548058515e+03
193.276197672600	-1.2389744057270e+03
193.306176918400	-1.2378926032931e+03
193.336156164200	-1.2368128010016e+03
193.366135410000	-1.2357384138516e+03
193.396114655800	-1.2346728669904e+03
193.426093901600	-1.2336195932867e+03
193.456073147400	-1.2325820308797e+03
193.486052393200	-1.2315636207045e+03
193.516031639000	-1.2305678039961e+03
193.546010884800	-1.2295980197732e+03
193.575990130600	-1.2286577023048e+03
193.605969376400	-1.2277502785600e+03
193.635948622200	-1.2268791656441e+03
193.665927868000	-1.2260477682218e+03
193.695907113800	-1.2252594759307e+03
193.725886359600	-1.2245176607854e+03
193.755865605400	-1.2238256745760e+03
193.785844851200	-1.2231868462609e+03
193.815824097000	-1.2226044793581e+03
193.845803342800	-1.2220818493350e+03
193.875782588600	-1.2216222010002e+03
193.905761834400	-1.2212287458985e+03
193.935741080200	-1.2209046597109e+03
193.965720326000	-1.2206530796632e+03
193.995699571800	-1.2204771019429e+03
194.025678817600	-1.2203797791286e+03
194.055658063400	-1.2203641176327e+03
194.085637309200	-1.2204330751597e+03
194.115616555000	-1.2205895581825e+03
194.145595800800	-1.2208364194386e+03
194.175575046600	-1.2211764554480e+03
194.205554292400	-1.2216124040553e+03
194.235533538200	-1.2221469419974e+03
194.265512784000	-1.2227826824998e+03
194.295492029800	-1.2235221729026e+03
194.325471275600	-1.2243678923188e+03
194.355450521400	-1.2253222493266e+03
194.385429767200	-1.2263875796980e+03
194.415409013000	-1.2275661441653e+03
194.445388258800	-1.2288601262277e+03
194.475367504600	-1.2302716300002e+03
194.505346750400	-1.2318026781061e+03
194.535325996200	-1.2334552096154e+03
194.565305242000	-1.2352310780311e+03
194.595284487800	-1.2371320493250e+03
194.625263733600	-1.2391598000246e+03
194.655242979400	-1.2413159153539e+03
194.685222225200	-1.2436018874284e+03
194.715201471000	-1.2460191135074e+03
194.745180716800	-1.2485688943040e+03
194.775159962600	-1.2512524323565e+03
194.805139208400	-1.2540708304597e+03
194.835118454200	-1.2570250901612e+03
194.865097700000	-1.2601161103211e+03
194.895076945800	-1.2633446857396e+03
194.925056191600	-1.2667115058510e+03
194.955035437400	-1.2702171534878e+03
194.985014683200	-1.2738621037155e+03
195.014993929000	-1.2776467227386e+03
195.044973174800	-1.2815712668809e+03
195.074952420600	-1.2856358816399e+03
195.104931666400	-1.2898406008165e+03
195.134910912200	-1.2941853457220e+03
195.164890158000	-1.2986699244632e+03
195.194869403800	-1.3032940313062e+03
195.224848649600	-1.3080572461197e+03
195.254827895400	-1.3129590339003e+03
195.284807141200	-1.3179987443784e+03
195.314786387000	-1.3231756117072e+03
195.344765632800	-1.3284887542350e+03
195.374744878600	-1.3339371743614e+03
195.404724124400	-1.3395197584778e+03
195.434703370200	-1.3452352769936e+03
195.464682616000	-1.3510823844476e+03
195.494661861800	-1.3570596197059e+03
195.524641107600	-1.3631654062459e+03
195.554620353400	-1.3693980525273e+03
195.584599599200	-1.3757557524503e+03
195.614578845000	-1.3822365859006e+03
195.644558090800	-1.3888385193821e+03
195.674537336600	-1.3955594067368e+03
195.704516582400	-1.4023969899522e+03
195.734495828200	-1.4093489000557e+03
195.764475074000	-1.4164126580966e+03
195.794454319800	-1.4235856762142e+03
195.824433565600	-1.4308652587937e+03
195.854412811400	-1.4382486037070e+03
195.884392057200	-1.4457328036405e+03
195.914371303000	-1.4533148475071e+03
195.944350548800	-1.4609916219443e+03
195.974329794600	-1.4687599128948e+03
196.004309040400	-1.4766164072723e+03
196.034288286200	-1.4845576947082e+03
196.064267532000	-1.4925802693817e+03
196.094246777800	-1.5006805319293e+03
196.124226023600	-1.5088547914359e+03
196.154205269400	-1.5170992675031e+03
196.184184515200	-1.5254100923964e+03
196.214163761000	-1.5337833132689e+03
196.244143006800	-1.5422148944600e+03
196.274122252600	-1.5507007198682e+03
196.304101498400	-1.5592365953971e+03
196.334080744200	-1.5678182514724e+03
196.364059990000	-1.5764413456283e+03
196.394039235800	-1.5851014651627e+03
196.424018481600	-1.5937941298591e+03
196.453997727400	-1.6025147947727e+03
196.483976973200	-1.6112588530806e+03
196.513956219000	-1.6200216389927e+03
196.543935464800	-1.6287984307229e+03
196.573914710600	-1.6375844535170e+03
196.603893956400	-1.6463748827376e+03
196.633873202200	-1.6551648470014e+03
196.663852448000	-1.6639494313691e+03
196.693831693800	-1.6727236805843e+03
196.723810939600	-1.6814826023599e+03
196.753790185400	-1.6902211707100e+03
196.783769431200	-1.6989343293240e+03
196.813748677000	-1.7076169949819e+03
196.843727922800	-1.7162640610075e+03
196.873707168600	-1.7248704007577e+03
196.903686414400	-1.7334308711453e+03
196.933665660200	-1.7419403161922e+03
196.963644906000	-1.7503935706118e+03
196.993624151800	-1.7587854634171e+03
197.023603397600	-1.7671108215517e+03
197.053582643400	-1.7753644735422e+03
197.083561889200	-1.7835412531688e+03
197.113541135000	-1.7916360031505e+03
197.143520380800	-1.7996435788441e+03
197.173499626600	-1.8075588519528e+03
197.203478872400	-1.8153767142421e+03
197.233458118200	-1.8230920812608e+03
197.263437364000	-1.8306998960634e+03
197.293416609800	-1.8381951329316e+03
197.323395855600	-1.8455728010925e+03
197.353375101400	-1.8528279484299e+03
197.383354347200	-1.8599556651863e+03
197.413333593000	-1.8669510876533e+03
197.443312838800	-1.8738094018460e+03
197.473292084600	-1.8805258471610e+03
197.503271330400	-1.8870957200123e+03
197.533250576200	-1.8935143774450e+03
197.563229822000	-1.8997772407223e+03
197.593209067800	-1.9058797988830e+03
197.623188313600	-1.9118176122680e+03
197.653167559400	-1.9175863160115e+03
197.683146805200	-1.9231816234949e+03
197.713126051000	-1.9285993297610e+03
197.743105296800	-1.9338353148842e+03
197.773084542600	-1.9388855472963e+03
197.803063788400	-1.9437460870628e+03
197.833043034200	-1.9484130891093e+03
197.863022280000	-1.9528828063929e+03
197.893001525800	-1.9571515930184e+03
197.922980771600	-1.9612159072950e+03
197.952960017400	-1.9650723147318e+03
197.982939263200	-1.9687174909688e+03
198.012918509000	-1.9721482246424e+03
198.042897754800	-1.9753614201808e+03
198.072877000600	-1.9783541005289e+03
198.102856246400	-1.9811234097992e+03
198.132835492200	-1.9836666158467e+03
198.162814738000	-1.9859811127655e+03
198.192793983800	-1.9880644233050e+03
198.222773229600	-1.9899142012035e+03
198.252752475400	-1.9915282334365e+03
198.282731721200	-1.9929044423792e+03
198.312710967000	-1.9940408878788e+03
198.342690212800	-1.9949357692373e+03
198.372669458600	-1.9955874271010e+03
198.402648704400	-1.9959943452556e+03
198.432627950200	-1.9961551523252e+03
198.462607196000	-1.9960686233729e+03
198.492586441800	-1.9957336814032e+03
198.522565687600	-1.9951493987617e+03
198.552544933400	-1.9943149984330e+03
198.582524179200	-1.9932298552352e+03
198.612503425000	-1.9918934969082e+03
198.642482670800	-1.9903056050956e+03
198.672461916600	-1.9884660162198e+03
198.702441162400	-1.9863747222469e+03
198.732420408200	-1.9840318713430e+03
198.762399654000	-1.9814377684189e+03
198.792378899800	-1.9785928755635e+03
198.822358145600	-1.9754978123648e+03
198.852337391400	-1.9721533561178e+03
198.882316637200	-1.9685604419185e+03
198.912295883000	-1.9647201626438e+03
198.942275128800	-1.9606337688164e+03
198.972254374600	-1.9563026683555e+03
199.002233620400	-1.9517284262112e+03
199.032212866200	-1.9469127638838e+03
199.062192112000	-1.9418575588276e+03
199.092171357800	-1.9365648437393e+03
199.122150603600	-1.9310368057303e+03
199.152129849400	-1.9252757853844e+03
199.182109095200	-1.9192842756996e+03
199.212088341000	-1.9130649209163e+03
199.242067586800	-1.9066205152300e+03
199.272046832600	-1.8999540013914e+03
199.302026078400	-1.8930684691927e+03
199.332005324200	-1.8859671538418e+03
199.361984570000	-1.8786534342246e+03
199.391963815800	-1.8711308310573e+03
199.421943061600	-1.8634030049281e+03
199.451922307400	-1.8554737542311e+03
199.481901553200	-1.8473470129921e+03
199.511880799000	-1.8390268485886e+03
199.541860044800	-1.8305174593643e+03
199.571839290600	-1.8218231721410e+03
199.601818536400	-1.8129484396281e+03
199.631797782200	-1.8038978377308e+03
199.661777028000	-1.7946760627617e+03
199.691756273800	-1.7852879285530e+03
199.721735519600	-1.7757383634753e+03
199.751714765400	-1.7660324073628e+03
199.781694011200	-1.7561752083465e+03
199.811673257000	-1.7461720195993e+03
199.841652502800	-1.7360281959932e+03
199.871631748600	-1.7257491906728e+03
199.901610994400	-1.7153405515450e+03
199.931590240200	-1.7048079176896e+03
199.961569486000	-1.6941570156919e+03
199.991548731800	-1.6833936558998e+03
