# Freq(GHz) Re(Zx/y) Im(Zx/y)
# Unit: Ohm/m
# Transverse offset used for normalization: 1.200000e+01 mm
0.000000e+00 0.000000e+00 0.000000e+00
1.000000e-02 -1.830509e+00 2.848864e+03
2.000000e-02 -3.639799e+00 2.849825e+03
3.000000e-02 -5.406652e+00 2.851425e+03
4.000000e-02 -7.109850e+00 2.853663e+03
5.000000e-02 -8.728170e+00 2.856538e+03
6.000000e-02 -1.024039e+01 2.860050e+03
7.000000e-02 -1.162529e+01 2.864195e+03
8.000000e-02 -1.286164e+01 2.868971e+03
9.000000e-02 -1.392820e+01 2.874376e+03
1.000000e-01 -1.480375e+01 2.880407e+03
1.100000e-01 -1.546705e+01 2.887060e+03
1.200000e-01 -1.589684e+01 2.894332e+03
1.300000e-01 -1.607187e+01 2.902218e+03
1.400000e-01 -1.597087e+01 2.910714e+03
1.500000e-01 -1.557258e+01 2.919815e+03
1.600000e-01 -1.485569e+01 2.929516e+03
1.700000e-01 -1.379892e+01 2.939812e+03
1.800000e-01 -1.238092e+01 2.950695e+03
1.900000e-01 -1.058037e+01 2.962161e+03
2.000000e-01 -8.375894e+00 2.974203e+03
2.100000e-01 -5.746094e+00 2.986813e+03
2.200000e-01 -2.669544e+00 2.999985e+03
2.300000e-01 8.752173e-01 3.013710e+03
2.400000e-01 4.909696e+00 3.027981e+03
2.500000e-01 9.455441e+00 3.042789e+03
2.600000e-01 1.453406e+01 3.058126e+03
2.700000e-01 2.016720e+01 3.073982e+03
2.800000e-01 2.637661e+01 3.090347e+03
2.900000e-01 3.318408e+01 3.107213e+03
3.000000e-01 4.061150e+01 3.124569e+03
3.100000e-01 4.868083e+01 3.142405e+03
3.200000e-01 5.741416e+01 3.160709e+03
3.300000e-01 6.683367e+01 3.179470e+03
3.400000e-01 7.696169e+01 3.198677e+03
3.500000e-01 8.782065e+01 3.218318e+03
3.600000e-01 9.943316e+01 3.238381e+03
3.700000e-01 1.118220e+02 3.258852e+03
3.800000e-01 1.250101e+02 3.279719e+03
3.900000e-01 1.390206e+02 3.300968e+03
4.000000e-01 1.538769e+02 3.322586e+03
4.100000e-01 1.696026e+02 3.344559e+03
4.200000e-01 1.862215e+02 3.366871e+03
4.300000e-01 2.037579e+02 3.389508e+03
4.400000e-01 2.222361e+02 3.412456e+03
4.500000e-01 2.416810e+02 3.435697e+03
4.600000e-01 2.621178e+02 3.459216e+03
4.700000e-01 2.835721e+02 3.482997e+03
4.800000e-01 3.060698e+02 3.507022e+03
4.900000e-01 3.296375e+02 3.531275e+03
5.000000e-01 3.543022e+02 3.555737e+03
5.100000e-01 3.800914e+02 3.580391e+03
5.200000e-01 4.070334e+02 3.605218e+03
5.300000e-01 4.351569e+02 3.630199e+03
5.400000e-01 4.644916e+02 3.655314e+03
5.500000e-01 4.950677e+02 3.680543e+03
5.600000e-01 5.269165e+02 3.705867e+03
5.700000e-01 5.600701e+02 3.731264e+03
5.800000e-01 5.945616e+02 3.756712e+03
5.900000e-01 6.304251e+02 3.782190e+03
6.000000e-01 6.676959e+02 3.807675e+03
6.100000e-01 7.064107e+02 3.833144e+03
6.200000e-01 7.466075e+02 3.858573e+03
6.300000e-01 7.883256e+02 3.883938e+03
6.400000e-01 8.316063e+02 3.909213e+03
6.500000e-01 8.764923e+02 3.934374e+03
6.600000e-01 9.230283e+02 3.959392e+03
6.700000e-01 9.712613e+02 3.984242e+03
6.800000e-01 1.021240e+03 4.008895e+03
6.900000e-01 1.073017e+03 4.033321e+03
7.000000e-01 1.126645e+03 4.057492e+03
7.100000e-01 1.182181e+03 4.081376e+03
7.200000e-01 1.239687e+03 4.104941e+03
7.300000e-01 1.299226e+03 4.128154e+03
7.400000e-01 1.360865e+03 4.150981e+03
7.500000e-01 1.424675e+03 4.173386e+03
7.600000e-01 1.490734e+03 4.195332e+03
7.700000e-01 1.559122e+03 4.216782e+03
7.800000e-01 1.629925e+03 4.237693e+03
7.900000e-01 1.703236e+03 4.258026e+03
8.000000e-01 1.779154e+03 4.277736e+03
8.100000e-01 1.857785e+03 4.296776e+03
8.200000e-01 1.939242e+03 4.315099e+03
8.300000e-01 2.023650e+03 4.332655e+03
8.400000e-01 2.111140e+03 4.349389e+03
8.500000e-01 2.201855e+03 4.365245e+03
8.600000e-01 2.295950e+03 4.380164e+03
8.700000e-01 2.393594e+03 4.394083e+03
8.800000e-01 2.494969e+03 4.406933e+03
8.900000e-01 2.600275e+03 4.418643e+03
9.000000e-01 2.709729e+03 4.429137e+03
9.100000e-01 2.823569e+03 4.438331e+03
9.200000e-01 2.942055e+03 4.446138e+03
9.300000e-01 3.065476e+03 4.452462e+03
9.400000e-01 3.194147e+03 4.457200e+03
9.500000e-01 3.328417e+03 4.460241e+03
9.600000e-01 3.468674e+03 4.461462e+03
9.700000e-01 3.615347e+03 4.460731e+03
9.800000e-01 3.768916e+03 4.457903e+03
9.900000e-01 3.929915e+03 4.452818e+03
1.000000e+00 4.098945e+03 4.445300e+03
1.010000e+00 4.276680e+03 4.435154e+03
1.020000e+00 4.463882e+03 4.422163e+03
1.030000e+00 4.661414e+03 4.406085e+03
1.040000e+00 4.870258e+03 4.386650e+03
1.050000e+00 5.091534e+03 4.363552e+03
1.060000e+00 5.326531e+03 4.336446e+03
1.070000e+00 5.576731e+03 4.304939e+03
1.080000e+00 5.843857e+03 4.268585e+03
1.090000e+00 6.129912e+03 4.226869e+03
1.100000e+00 6.437250e+03 4.179196e+03
1.110000e+00 6.768647e+03 4.124878e+03
1.120000e+00 7.127403e+03 4.063108e+03
1.130000e+00 7.517475e+03 3.992936e+03
1.140000e+00 7.943644e+03 3.913236e+03
1.150000e+00 8.411738e+03 3.822663e+03
1.160000e+00 8.928946e+03 3.719597e+03
1.170000e+00 9.504225e+03 3.602066e+03
1.180000e+00 1.014889e+04 3.467652e+03
1.190000e+00 1.087743e+04 3.313351e+03
1.200000e+00 1.170873e+04 3.135398e+03
1.210000e+00 1.266783e+04 2.929012e+03
1.220000e+00 1.378867e+04 2.688042e+03
1.230000e+00 1.511845e+04 2.404483e+03
1.240000e+00 1.672474e+04 2.067783e+03
1.250000e+00 1.870781e+04 1.663912e+03
1.260000e+00 2.122301e+04 1.174236e+03
1.270000e+00 2.452448e+04 5.746685e+02
1.280000e+00 2.905791e+04 -1.623642e+02
1.290000e+00 3.568103e+04 -1.051232e+03
1.300000e+00 4.627364e+04 -1.998468e+03
1.310000e+00 6.584044e+04 -2.200936e+03
1.320000e+00 1.126047e+05 5.672055e+03
1.330000e+00 2.465219e+05 1.762615e+05
1.340000e+00 -1.265904e+05 1.495043e+05
1.350000e+00 -7.405654e+04 5.202796e+04
1.360000e+00 -4.899382e+04 3.128799e+04
1.370000e+00 -3.610979e+04 2.314573e+04
1.380000e+00 -2.835870e+04 1.892474e+04
1.390000e+00 -2.319283e+04 1.637371e+04
1.400000e+00 -1.950165e+04 1.467551e+04
1.410000e+00 -1.672860e+04 1.346752e+04
1.420000e+00 -1.456509e+04 1.256568e+04
1.430000e+00 -1.282656e+04 1.186715e+04
1.440000e+00 -1.139599e+04 1.131015e+04
1.450000e+00 -1.019565e+04 1.085541e+04
1.460000e+00 -9.171885e+03 1.047679e+04
1.470000e+00 -8.286494e+03 1.015628e+04
1.480000e+00 -7.511543e+03 9.881032e+03
1.490000e+00 -6.826134e+03 9.641664e+03
1.500000e+00 -6.214326e+03 9.431164e+03
1.510000e+00 -5.663749e+03 9.244186e+03
1.520000e+00 -5.164659e+03 9.076584e+03
1.530000e+00 -4.709275e+03 8.925095e+03
1.540000e+00 -4.291312e+03 8.787115e+03
1.550000e+00 -3.905640e+03 8.660542e+03
1.560000e+00 -3.548027e+03 8.543662e+03
1.570000e+00 -3.214954e+03 8.435059e+03
1.580000e+00 -2.903472e+03 8.333560e+03
1.590000e+00 -2.611090e+03 8.238177e+03
1.600000e+00 -2.335691e+03 8.148080e+03
1.610000e+00 -2.075464e+03 8.062561e+03
1.620000e+00 -1.828852e+03 7.981016e+03
1.630000e+00 -1.594510e+03 7.902923e+03
1.640000e+00 -1.371267e+03 7.827833e+03
1.650000e+00 -1.158104e+03 7.755355e+03
1.660000e+00 -9.541267e+02 7.685148e+03
1.670000e+00 -7.585484e+02 7.616911e+03
1.680000e+00 -5.706753e+02 7.550383e+03
1.690000e+00 -3.898927e+02 7.485330e+03
1.700000e+00 -2.156545e+02 7.421547e+03
1.710000e+00 -4.747421e+01 7.358850e+03
1.720000e+00 1.150830e+02 7.297077e+03
1.730000e+00 2.724064e+02 7.236081e+03
1.740000e+00 4.248457e+02 7.175732e+03
1.750000e+00 5.727154e+02 7.115914e+03
1.760000e+00 7.162993e+02 7.056521e+03
1.770000e+00 8.558537e+02 6.997458e+03
1.780000e+00 9.916106e+02 6.938640e+03
1.790000e+00 1.123780e+03 6.879989e+03
1.800000e+00 1.252554e+03 6.821437e+03
1.810000e+00 1.378105e+03 6.762920e+03
1.820000e+00 1.500591e+03 6.704381e+03
1.830000e+00 1.620158e+03 6.645768e+03
1.840000e+00 1.736936e+03 6.587034e+03
1.850000e+00 1.851046e+03 6.528138e+03
1.860000e+00 1.962599e+03 6.469041e+03
1.870000e+00 2.071694e+03 6.409709e+03
1.880000e+00 2.178425e+03 6.350109e+03
1.890000e+00 2.282876e+03 6.290214e+03
1.900000e+00 2.385125e+03 6.229999e+03
1.910000e+00 2.485243e+03 6.169440e+03
1.920000e+00 2.583297e+03 6.108518e+03
1.930000e+00 2.679345e+03 6.047213e+03
1.940000e+00 2.773445e+03 5.985511e+03
1.950000e+00 2.865648e+03 5.923396e+03
1.960000e+00 2.955999e+03 5.860856e+03
1.970000e+00 3.044543e+03 5.797881e+03
1.980000e+00 3.131319e+03 5.734460e+03
1.990000e+00 3.216365e+03 5.670586e+03
2.000000e+00 3.299713e+03 5.606253e+03
2.010000e+00 3.381396e+03 5.541454e+03
2.020000e+00 3.461441e+03 5.476186e+03
2.030000e+00 3.539877e+03 5.410446e+03
2.040000e+00 3.616726e+03 5.344232e+03
2.050000e+00 3.692011e+03 5.277542e+03
2.060000e+00 3.765754e+03 5.210377e+03
2.070000e+00 3.837972e+03 5.142736e+03
2.080000e+00 3.908684e+03 5.074623e+03
2.090000e+00 3.977907e+03 5.006038e+03
2.100000e+00 4.045654e+03 4.936985e+03
2.110000e+00 4.111939e+03 4.867468e+03
2.120000e+00 4.176776e+03 4.797492e+03
2.130000e+00 4.240175e+03 4.727060e+03
2.140000e+00 4.302148e+03 4.656180e+03
2.150000e+00 4.362704e+03 4.584856e+03
2.160000e+00 4.421852e+03 4.513096e+03
2.170000e+00 4.479601e+03 4.440907e+03
2.180000e+00 4.535958e+03 4.368297e+03
2.190000e+00 4.590931e+03 4.295274e+03
2.200000e+00 4.644526e+03 4.221847e+03
2.210000e+00 4.696748e+03 4.148024e+03
2.220000e+00 4.747605e+03 4.073816e+03
2.230000e+00 4.797099e+03 3.999232e+03
2.240000e+00 4.845238e+03 3.924282e+03
2.250000e+00 4.892024e+03 3.848977e+03
2.260000e+00 4.937462e+03 3.773329e+03
2.270000e+00 4.981557e+03 3.697347e+03
2.280000e+00 5.024310e+03 3.621045e+03
2.290000e+00 5.065727e+03 3.544433e+03
2.300000e+00 5.105809e+03 3.467524e+03
2.310000e+00 5.144561e+03 3.390330e+03
2.320000e+00 5.181985e+03 3.312864e+03
2.330000e+00 5.218084e+03 3.235139e+03
2.340000e+00 5.252860e+03 3.157168e+03
2.350000e+00 5.286317e+03 3.078964e+03
2.360000e+00 5.318457e+03 3.000542e+03
2.370000e+00 5.349281e+03 2.921913e+03
2.380000e+00 5.378794e+03 2.843093e+03
2.390000e+00 5.406997e+03 2.764096e+03
2.400000e+00 5.433893e+03 2.684936e+03
2.410000e+00 5.459485e+03 2.605627e+03
2.420000e+00 5.483775e+03 2.526183e+03
2.430000e+00 5.506765e+03 2.446620e+03
2.440000e+00 5.528459e+03 2.366953e+03
2.450000e+00 5.548859e+03 2.287195e+03
2.460000e+00 5.567967e+03 2.207363e+03
2.470000e+00 5.585788e+03 2.127471e+03
2.480000e+00 5.602323e+03 2.047534e+03
2.490000e+00 5.617577e+03 1.967568e+03
2.500000e+00 5.631552e+03 1.887589e+03
2.510000e+00 5.644251e+03 1.807610e+03
2.520000e+00 5.655678e+03 1.727649e+03
2.530000e+00 5.665837e+03 1.647720e+03
2.540000e+00 5.674732e+03 1.567839e+03
2.550000e+00 5.682365e+03 1.488022e+03
2.560000e+00 5.688742e+03 1.408283e+03
2.570000e+00 5.693867e+03 1.328639e+03
2.580000e+00 5.697743e+03 1.249106e+03
2.590000e+00 5.700375e+03 1.169698e+03
2.600000e+00 5.701769e+03 1.090432e+03
2.610000e+00 5.701928e+03 1.011323e+03
2.620000e+00 5.700858e+03 9.323859e+02
2.630000e+00 5.698563e+03 8.536371e+02
2.640000e+00 5.695050e+03 7.750918e+02
2.650000e+00 5.690324e+03 6.967654e+02
2.660000e+00 5.684389e+03 6.186732e+02
2.670000e+00 5.677253e+03 5.408306e+02
2.680000e+00 5.668921e+03 4.632528e+02
2.690000e+00 5.659400e+03 3.859550e+02
2.700000e+00 5.648694e+03 3.089521e+02
2.710000e+00 5.636812e+03 2.322593e+02
2.720000e+00 5.623760e+03 1.558914e+02
2.730000e+00 5.609545e+03 7.986328e+01
2.740000e+00 5.594173e+03 4.189529e+00
2.750000e+00 5.577652e+03 -7.111524e+01
2.760000e+00 5.559989e+03 -1.460366e+02
2.770000e+00 5.541192e+03 -2.205602e+02
2.780000e+00 5.521268e+03 -2.946718e+02
2.790000e+00 5.500226e+03 -3.683574e+02
2.800000e+00 5.478073e+03 -4.416030e+02
2.810000e+00 5.454817e+03 -5.143950e+02
2.820000e+00 5.430467e+03 -5.867197e+02
2.830000e+00 5.405030e+03 -6.585636e+02
2.840000e+00 5.378517e+03 -7.299136e+02
2.850000e+00 5.350934e+03 -8.007565e+02
2.860000e+00 5.322292e+03 -8.710794e+02
2.870000e+00 5.292599e+03 -9.408695e+02
2.880000e+00 5.261865e+03 -1.010114e+03
2.890000e+00 5.230097e+03 -1.078802e+03
2.900000e+00 5.197306e+03 -1.146920e+03
2.910000e+00 5.163502e+03 -1.214456e+03
2.920000e+00 5.128693e+03 -1.281398e+03
2.930000e+00 5.092889e+03 -1.347736e+03
2.940000e+00 5.056100e+03 -1.413458e+03
2.950000e+00 5.018335e+03 -1.478553e+03
2.960000e+00 4.979605e+03 -1.543011e+03
2.970000e+00 4.939919e+03 -1.606820e+03
2.980000e+00 4.899287e+03 -1.669970e+03
2.990000e+00 4.857720e+03 -1.732452e+03
3.000000e+00 4.815226e+03 -1.794256e+03
3.010000e+00 4.771817e+03 -1.855372e+03
3.020000e+00 4.727501e+03 -1.915791e+03
3.030000e+00 4.682290e+03 -1.975504e+03
3.040000e+00 4.636193e+03 -2.034503e+03
3.050000e+00 4.589220e+03 -2.092779e+03
3.060000e+00 4.541381e+03 -2.150324e+03
3.070000e+00 4.492686e+03 -2.207131e+03
3.080000e+00 4.443145e+03 -2.263192e+03
3.090000e+00 4.392767e+03 -2.318500e+03
3.100000e+00 4.341562e+03 -2.373048e+03
3.110000e+00 4.289540e+03 -2.426831e+03
3.120000e+00 4.236710e+03 -2.479841e+03
3.130000e+00 4.183081e+03 -2.532074e+03
3.140000e+00 4.128662e+03 -2.583523e+03
3.150000e+00 4.073462e+03 -2.634184e+03
3.160000e+00 4.017490e+03 -2.684053e+03
3.170000e+00 3.960754e+03 -2.733125e+03
3.180000e+00 3.903263e+03 -2.781397e+03
3.190000e+00 3.845024e+03 -2.828864e+03
3.200000e+00 3.786044e+03 -2.875524e+03
3.210000e+00 3.726332e+03 -2.921375e+03
3.220000e+00 3.665893e+03 -2.966414e+03
3.230000e+00 3.604735e+03 -3.010640e+03
3.240000e+00 3.542863e+03 -3.054052e+03
3.250000e+00 3.480282e+03 -3.096649e+03
3.260000e+00 3.416998e+03 -3.138430e+03
3.270000e+00 3.353015e+03 -3.179396e+03
3.280000e+00 3.288337e+03 -3.219548e+03
3.290000e+00 3.222967e+03 -3.258888e+03
3.300000e+00 3.156907e+03 -3.297416e+03
3.310000e+00 3.090159e+03 -3.335137e+03
3.320000e+00 3.022723e+03 -3.372052e+03
3.330000e+00 2.954600e+03 -3.408166e+03
3.340000e+00 2.885788e+03 -3.443484e+03
3.350000e+00 2.816284e+03 -3.478010e+03
3.360000e+00 2.746087e+03 -3.511751e+03
3.370000e+00 2.675190e+03 -3.544713e+03
3.380000e+00 2.603588e+03 -3.576903e+03
3.390000e+00 2.531273e+03 -3.608330e+03
3.400000e+00 2.458235e+03 -3.639004e+03
3.410000e+00 2.384465e+03 -3.668934e+03
3.420000e+00 2.309949e+03 -3.698132e+03
3.430000e+00 2.234673e+03 -3.726610e+03
3.440000e+00 2.158618e+03 -3.754382e+03
3.450000e+00 2.081765e+03 -3.781462e+03
3.460000e+00 2.004093e+03 -3.807866e+03
3.470000e+00 1.925575e+03 -3.833611e+03
3.480000e+00 1.846183e+03 -3.858718e+03
3.490000e+00 1.765885e+03 -3.883205e+03
3.500000e+00 1.684645e+03 -3.907097e+03
3.510000e+00 1.602421e+03 -3.930416e+03
3.520000e+00 1.519170e+03 -3.953190e+03
3.530000e+00 1.434841e+03 -3.975447e+03
3.540000e+00 1.349377e+03 -3.997220e+03
3.550000e+00 1.262716e+03 -4.018541e+03
3.560000e+00 1.174788e+03 -4.039448e+03
3.570000e+00 1.085515e+03 -4.059983e+03
3.580000e+00 9.948095e+02 -4.080190e+03
3.590000e+00 9.025751e+02 -4.100117e+03
3.600000e+00 8.087033e+02 -4.119819e+03
3.610000e+00 7.130732e+02 -4.139354e+03
3.620000e+00 6.155493e+02 -4.158788e+03
3.630000e+00 5.159800e+02 -4.178192e+03
3.640000e+00 4.141949e+02 -4.197647e+03
3.650000e+00 3.100024e+02 -4.217242e+03
3.660000e+00 2.031869e+02 -4.237076e+03
3.670000e+00 9.350452e+01 -4.257259e+03
3.680000e+00 -1.932067e+01 -4.277917e+03
3.690000e+00 -1.356022e+02 -4.299190e+03
3.700000e+00 -2.556970e+02 -4.321238e+03
3.710000e+00 -3.800134e+02 -4.344241e+03
3.720000e+00 -5.090197e+02 -4.368408e+03
3.730000e+00 -6.432555e+02 -4.393976e+03
3.740000e+00 -7.833452e+02 -4.421220e+03
3.750000e+00 -9.300149e+02 -4.450460e+03
3.760000e+00 -1.084114e+03 -4.482071e+03
3.770000e+00 -1.246639e+03 -4.516492e+03
3.780000e+00 -1.418772e+03 -4.554247e+03
3.790000e+00 -1.601921e+03 -4.595962e+03
3.800000e+00 -1.797774e+03 -4.642391e+03
3.810000e+00 -2.008377e+03 -4.694454e+03
3.820000e+00 -2.236229e+03 -4.753286e+03
3.830000e+00 -2.484417e+03 -4.820298e+03
3.840000e+00 -2.756794e+03 -4.897276e+03
3.850000e+00 -3.058235e+03 -4.986506e+03
3.860000e+00 -3.394998e+03 -5.090969e+03
3.870000e+00 -3.775249e+03 -5.214620e+03
3.880000e+00 -4.209843e+03 -5.362828e+03
3.890000e+00 -4.713531e+03 -5.543064e+03
3.900000e+00 -5.306876e+03 -5.766032e+03
3.910000e+00 -6.019408e+03 -6.047623e+03
3.920000e+00 -6.895095e+03 -6.412451e+03
3.930000e+00 -8.002351e+03 -6.900717e+03
3.940000e+00 -9.453622e+03 -7.582640e+03
3.950000e+00 -1.144721e+04 -8.592213e+03
3.960000e+00 -1.436694e+04 -1.021821e+04
3.970000e+00 -1.905654e+04 -1.320455e+04
3.980000e+00 -2.772397e+04 -2.010836e+04
3.990000e+00 -4.661230e+04 -4.605768e+04
4.000000e+00 7.500054e+04 -1.458724e+05
4.010000e+00 5.787761e+04 -4.469770e+03
4.020000e+00 3.100500e+04 1.441451e+03
4.030000e+00 2.089140e+04 1.305851e+03
4.040000e+00 1.570430e+04 7.642789e+02
4.050000e+00 1.255892e+04 2.861456e+02
4.060000e+00 1.044677e+04 -9.311900e+01
4.070000e+00 8.927974e+03 -3.904163e+02
4.080000e+00 7.780904e+03 -6.251025e+02
4.090000e+00 6.881994e+03 -8.123243e+02
4.100000e+00 6.156984e+03 -9.631713e+02
4.110000e+00 5.558587e+03 -1.085703e+03
4.120000e+00 5.055276e+03 -1.185831e+03
4.130000e+00 4.625230e+03 -1.267960e+03
4.140000e+00 4.252867e+03 -1.335421e+03
4.150000e+00 3.926766e+03 -1.390776e+03
4.160000e+00 3.638366e+03 -1.436021e+03
4.170000e+00 3.381124e+03 -1.472737e+03
4.180000e+00 3.149954e+03 -1.502189e+03
4.190000e+00 2.940843e+03 -1.525401e+03
4.200000e+00 2.750580e+03 -1.543214e+03
4.210000e+00 2.576570e+03 -1.556320e+03
4.220000e+00 2.416689e+03 -1.565300e+03
4.230000e+00 2.269185e+03 -1.570641e+03
4.240000e+00 2.132596e+03 -1.572756e+03
4.250000e+00 2.005696e+03 -1.572000e+03
4.260000e+00 1.887448e+03 -1.568676e+03
4.270000e+00 1.776967e+03 -1.563048e+03
4.280000e+00 1.673498e+03 -1.555345e+03
4.290000e+00 1.576386e+03 -1.545769e+03
4.300000e+00 1.485066e+03 -1.534498e+03
4.310000e+00 1.399045e+03 -1.521688e+03
4.320000e+00 1.317892e+03 -1.507480e+03
4.330000e+00 1.241227e+03 -1.491998e+03
4.340000e+00 1.168715e+03 -1.475356e+03
4.350000e+00 1.100058e+03 -1.457655e+03
4.360000e+00 1.034994e+03 -1.438988e+03
4.370000e+00 9.732844e+02 -1.419437e+03
4.380000e+00 9.147191e+02 -1.399081e+03
4.390000e+00 8.591071e+02 -1.377988e+03
4.400000e+00 8.062769e+02 -1.356224e+03
4.410000e+00 7.560731e+02 -1.333848e+03
4.420000e+00 7.083544e+02 -1.310916e+03
4.430000e+00 6.629925e+02 -1.287479e+03
4.440000e+00 6.198701e+02 -1.263585e+03
4.450000e+00 5.788800e+02 -1.239278e+03
4.460000e+00 5.399236e+02 -1.214601e+03
4.470000e+00 5.029102e+02 -1.189593e+03
4.480000e+00 4.677562e+02 -1.164290e+03
4.490000e+00 4.343843e+02 -1.138728e+03
4.500000e+00 4.027227e+02 -1.112940e+03
4.510000e+00 3.727047e+02 -1.086958e+03
4.520000e+00 3.442683e+02 -1.060810e+03
4.530000e+00 3.173555e+02 -1.034525e+03
4.540000e+00 2.919120e+02 -1.008130e+03
4.550000e+00 2.678868e+02 -9.816513e+02
4.560000e+00 2.452321e+02 -9.551127e+02
4.570000e+00 2.239028e+02 -9.285379e+02
4.580000e+00 2.038562e+02 -9.019494e+02
4.590000e+00 1.850521e+02 -8.753688e+02
4.600000e+00 1.674521e+02 -8.488169e+02
4.610000e+00 1.510201e+02 -8.223135e+02
4.620000e+00 1.357213e+02 -7.958779e+02
4.630000e+00 1.215228e+02 -7.695284e+02
4.640000e+00 1.083930e+02 -7.432829e+02
4.650000e+00 9.630165e+01 -7.171584e+02
4.660000e+00 8.521978e+01 -6.911716e+02
4.670000e+00 7.511949e+01 -6.653384e+02
4.680000e+00 6.597393e+01 -6.396742e+02
4.690000e+00 5.775719e+01 -6.141939e+02
4.700000e+00 5.044425e+01 -5.889119e+02
4.710000e+00 4.401086e+01 -5.638420e+02
4.720000e+00 3.843356e+01 -5.389978e+02
4.730000e+00 3.368954e+01 -5.143921e+02
4.740000e+00 2.975664e+01 -4.900376e+02
4.750000e+00 2.661328e+01 -4.659464e+02
4.760000e+00 2.423844e+01 -4.421302e+02
4.770000e+00 2.261159e+01 -4.186004e+02
4.780000e+00 2.171266e+01 -3.953680e+02
4.790000e+00 2.152204e+01 -3.724434e+02
4.800000e+00 2.202049e+01 -3.498370e+02
4.810000e+00 2.318919e+01 -3.275587e+02
4.820000e+00 2.500964e+01 -3.056178e+02
4.830000e+00 2.746368e+01 -2.840238e+02
4.840000e+00 3.053345e+01 -2.627853e+02
4.850000e+00 3.420138e+01 -2.419109e+02
4.860000e+00 3.845018e+01 -2.214089e+02
4.870000e+00 4.326280e+01 -2.012870e+02
4.880000e+00 4.862243e+01 -1.815530e+02
4.890000e+00 5.451249e+01 -1.622141e+02
4.900000e+00 6.091662e+01 -1.432772e+02
4.910000e+00 6.781864e+01 -1.247491e+02
4.920000e+00 7.520258e+01 -1.066362e+02
4.930000e+00 8.305265e+01 -8.894445e+01
4.940000e+00 9.135321e+01 -7.167982e+01
4.950000e+00 1.000888e+02 -5.484782e+01
4.960000e+00 1.092442e+02 -3.845369e+01
4.970000e+00 1.188041e+02 -2.250244e+01
4.980000e+00 1.287537e+02 -6.998772e+00
4.990000e+00 1.390779e+02 8.052850e+00
5.000000e+00 1.497622e+02 2.264825e+01
5.010000e+00 1.607920e+02 3.678349e+01
5.020000e+00 1.721526e+02 5.045492e+01
5.030000e+00 1.838300e+02 6.365914e+01
5.040000e+00 1.958097e+02 7.639298e+01
5.050000e+00 2.080778e+02 8.865355e+01
5.060000e+00 2.206202e+02 1.004382e+02
5.070000e+00 2.334231e+02 1.117445e+02
5.080000e+00 2.464728e+02 1.225704e+02
5.090000e+00 2.597556e+02 1.329138e+02
5.100000e+00 2.732581e+02 1.427732e+02
5.110000e+00 2.869668e+02 1.521470e+02
5.120000e+00 3.008684e+02 1.610341e+02
5.130000e+00 3.149499e+02 1.694335e+02
5.140000e+00 3.291980e+02 1.773445e+02
5.150000e+00 3.435999e+02 1.847665e+02
5.160000e+00 3.581428e+02 1.916992e+02
5.170000e+00 3.728138e+02 1.981427e+02
5.180000e+00 3.876005e+02 2.040969e+02
5.190000e+00 4.024903e+02 2.095623e+02
5.200000e+00 4.174708e+02 2.145394e+02
5.210000e+00 4.325298e+02 2.190291e+02
5.220000e+00 4.476551e+02 2.230324e+02
5.230000e+00 4.628347e+02 2.265504e+02
5.240000e+00 4.780567e+02 2.295845e+02
5.250000e+00 4.933093e+02 2.321364e+02
5.260000e+00 5.085808e+02 2.342079e+02
5.270000e+00 5.238597e+02 2.358009e+02
5.280000e+00 5.391345e+02 2.369177e+02
5.290000e+00 5.543940e+02 2.375606e+02
5.300000e+00 5.696269e+02 2.377322e+02
5.310000e+00 5.848223e+02 2.374352e+02
5.320000e+00 5.999692e+02 2.366726e+02
5.330000e+00 6.150568e+02 2.354475e+02
5.340000e+00 6.300745e+02 2.337631e+02
5.350000e+00 6.450117e+02 2.316229e+02
5.360000e+00 6.598580e+02 2.290305e+02
5.370000e+00 6.746032e+02 2.259897e+02
5.380000e+00 6.892372e+02 2.225043e+02
5.390000e+00 7.037500e+02 2.185786e+02
5.400000e+00 7.181316e+02 2.142167e+02
5.410000e+00 7.323725e+02 2.094230e+02
5.420000e+00 7.464631e+02 2.042021e+02
5.430000e+00 7.603939e+02 1.985586e+02
5.440000e+00 7.741556e+02 1.924974e+02
5.450000e+00 7.877391e+02 1.860233e+02
5.460000e+00 8.011354e+02 1.791415e+02
5.470000e+00 8.143357e+02 1.718572e+02
5.480000e+00 8.273313e+02 1.641757e+02
5.490000e+00 8.401135e+02 1.561024e+02
5.500000e+00 8.526741e+02 1.476430e+02
5.510000e+00 8.650046e+02 1.388029e+02
5.520000e+00 8.770971e+02 1.295881e+02
5.530000e+00 8.889435e+02 1.200044e+02
5.540000e+00 9.005360e+02 1.100578e+02
5.550000e+00 9.118670e+02 9.975431e+01
5.560000e+00 9.229289e+02 8.910007e+01
5.570000e+00 9.337144e+02 7.810134e+01
5.580000e+00 9.442162e+02 6.676442e+01
5.590000e+00 9.544273e+02 5.509568e+01
5.600000e+00 9.643407e+02 4.310158e+01
5.610000e+00 9.739497e+02 3.078863e+01
5.620000e+00 9.832475e+02 1.816341e+01
5.630000e+00 9.922278e+02 5.232520e+00
5.640000e+00 1.000884e+03 -7.997350e+00
5.650000e+00 1.009210e+03 -2.151949e+01
5.660000e+00 1.017200e+03 -3.532715e+01
5.670000e+00 1.024848e+03 -4.941354e+01
5.680000e+00 1.032148e+03 -6.377185e+01
5.690000e+00 1.039095e+03 -7.839526e+01
5.700000e+00 1.045682e+03 -9.327691e+01
5.710000e+00 1.051905e+03 -1.084100e+02
5.720000e+00 1.057758e+03 -1.237876e+02
5.730000e+00 1.063237e+03 -1.394028e+02
5.740000e+00 1.068335e+03 -1.552490e+02
5.750000e+00 1.073049e+03 -1.713191e+02
5.760000e+00 1.077374e+03 -1.876065e+02
5.770000e+00 1.081304e+03 -2.041044e+02
5.780000e+00 1.084835e+03 -2.208060e+02
5.790000e+00 1.087964e+03 -2.377046e+02
5.800000e+00 1.090684e+03 -2.547936e+02
5.810000e+00 1.092993e+03 -2.720665e+02
5.820000e+00 1.094886e+03 -2.895168e+02
5.830000e+00 1.096359e+03 -3.071380e+02
5.840000e+00 1.097408e+03 -3.249238e+02
5.850000e+00 1.098029e+03 -3.428681e+02
5.860000e+00 1.098218e+03 -3.609645e+02
5.870000e+00 1.097971e+03 -3.792073e+02
5.880000e+00 1.097284e+03 -3.975904e+02
5.890000e+00 1.096154e+03 -4.161082e+02
5.900000e+00 1.094577e+03 -4.347550e+02
5.910000e+00 1.092549e+03 -4.535255e+02
5.920000e+00 1.090066e+03 -4.724144e+02
5.930000e+00 1.087124e+03 -4.914166e+02
5.940000e+00 1.083721e+03 -5.105274e+02
5.950000e+00 1.079851e+03 -5.297421e+02
5.960000e+00 1.075510e+03 -5.490563e+02
5.970000e+00 1.070696e+03 -5.684660e+02
5.980000e+00 1.065403e+03 -5.879672e+02
5.990000e+00 1.059627e+03 -6.075564e+02
6.000000e+00 1.053364e+03 -6.272304e+02
6.010000e+00 1.046610e+03 -6.469864e+02
6.020000e+00 1.039359e+03 -6.668217e+02
6.030000e+00 1.031606e+03 -6.867344e+02
6.040000e+00 1.023347e+03 -7.067227e+02
6.050000e+00 1.014575e+03 -7.267854e+02
6.060000e+00 1.005284e+03 -7.469218e+02
6.070000e+00 9.954683e+02 -7.671317e+02
6.080000e+00 9.851209e+02 -7.874155e+02
6.090000e+00 9.742344e+02 -8.077742e+02
6.100000e+00 9.628008e+02 -8.282096e+02
6.110000e+00 9.508118e+02 -8.487239e+02
6.120000e+00 9.382581e+02 -8.693206e+02
6.130000e+00 9.251297e+02 -8.900037e+02
6.140000e+00 9.114158e+02 -9.107782e+02
6.150000e+00 8.971045e+02 -9.316503e+02
6.160000e+00 8.821831e+02 -9.526270e+02
6.170000e+00 8.666374e+02 -9.737170e+02
6.180000e+00 8.504520e+02 -9.949300e+02
6.190000e+00 8.336101e+02 -1.016277e+03
6.200000e+00 8.160930e+02 -1.037772e+03
6.210000e+00 7.978803e+02 -1.059428e+03
6.220000e+00 7.789496e+02 -1.081263e+03
6.230000e+00 7.592759e+02 -1.103296e+03
6.240000e+00 7.388317e+02 -1.125548e+03
6.250000e+00 7.175867e+02 -1.148044e+03
6.260000e+00 6.955070e+02 -1.170811e+03
6.270000e+00 6.725549e+02 -1.193879e+03
6.280000e+00 6.486888e+02 -1.217284e+03
6.290000e+00 6.238618e+02 -1.241065e+03
6.300000e+00 5.980216e+02 -1.265266e+03
6.310000e+00 5.711098e+02 -1.289938e+03
6.320000e+00 5.430605e+02 -1.315136e+03
6.330000e+00 5.137995e+02 -1.340926e+03
6.340000e+00 4.832430e+02 -1.367380e+03
6.350000e+00 4.512962e+02 -1.394582e+03
6.360000e+00 4.178512e+02 -1.422626e+03
6.370000e+00 3.827850e+02 -1.451621e+03
6.380000e+00 3.459568e+02 -1.481691e+03
6.390000e+00 3.072049e+02 -1.512981e+03
6.400000e+00 2.663427e+02 -1.545657e+03
6.410000e+00 2.231539e+02 -1.579914e+03
6.420000e+00 1.773866e+02 -1.615978e+03
6.430000e+00 1.287456e+02 -1.654115e+03
6.440000e+00 7.688351e+01 -1.694642e+03
6.450000e+00 2.138809e+01 -1.737934e+03
6.460000e+00 -3.823268e+01 -1.784444e+03
6.470000e+00 -1.025708e+02 -1.834717e+03
6.480000e+00 -1.723448e+02 -1.889421e+03
6.490000e+00 -2.484345e+02 -1.949380e+03
6.500000e+00 -3.319292e+02 -2.015623e+03
6.510000e+00 -4.241928e+02 -2.089449e+03
6.520000e+00 -5.269558e+02 -2.172527e+03
6.530000e+00 -6.424459e+02 -2.267031e+03
6.540000e+00 -7.735803e+02 -2.375848e+03
6.550000e+00 -9.242520e+02 -2.502900e+03
6.560000e+00 -1.099773e+03 -2.653643e+03
6.570000e+00 -1.307584e+03 -2.835901e+03
6.580000e+00 -1.558426e+03 -3.061301e+03
6.590000e+00 -1.868393e+03 -3.347889e+03
6.600000e+00 -2.262697e+03 -3.725237e+03
6.610000e+00 -2.783097e+03 -4.245310e+03
6.620000e+00 -3.503805e+03 -5.008312e+03
6.630000e+00 -4.569132e+03 -6.234349e+03
6.640000e+00 -6.292314e+03 -8.511624e+03
6.650000e+00 -9.388939e+03 -1.402637e+04
6.660000e+00 -1.086322e+04 -3.777179e+04
6.670000e+00 4.635288e+04 -4.123616e+03
6.680000e+00 1.711853e+04 5.967285e+03
6.690000e+00 1.003197e+04 4.207072e+03
6.700000e+00 7.132178e+03 2.998105e+03
6.710000e+00 5.572308e+03 2.217571e+03
6.720000e+00 4.598909e+03 1.682868e+03
6.730000e+00 3.932446e+03 1.296336e+03
6.740000e+00 3.446222e+03 1.004898e+03
6.750000e+00 3.074698e+03 7.778409e+02
6.760000e+00 2.780627e+03 5.963139e+02
6.770000e+00 2.541300e+03 4.481532e+02
6.780000e+00 2.342093e+03 3.251760e+02
6.790000e+00 2.173168e+03 2.216828e+02
6.800000e+00 2.027664e+03 1.335844e+02
6.810000e+00 1.900656e+03 5.787254e+01
6.820000e+00 1.788513e+03 -7.714664e+00
6.830000e+00 1.688505e+03 -6.491034e+01
6.840000e+00 1.598535e+03 -1.150648e+02
6.850000e+00 1.516971e+03 -1.592457e+02
6.860000e+00 1.442522e+03 -1.983086e+02
6.870000e+00 1.374153e+03 -2.329468e+02
6.880000e+00 1.311026e+03 -2.637289e+02
6.890000e+00 1.252455e+03 -2.911250e+02
6.900000e+00 1.197875e+03 -3.155280e+02
6.910000e+00 1.146812e+03 -3.372683e+02
6.920000e+00 1.098871e+03 -3.566264e+02
6.930000e+00 1.053717e+03 -3.738418e+02
6.940000e+00 1.011065e+03 -3.891205e+02
6.950000e+00 9.706709e+02 -4.026408e+02
6.960000e+00 9.323259e+02 -4.145577e+02
6.970000e+00 8.958484e+02 -4.250070e+02
6.980000e+00 8.610809e+02 -4.341081e+02
6.990000e+00 8.278861e+02 -4.419665e+02
7.000000e+00 7.961437e+02 -4.486759e+02
7.010000e+00 7.657481e+02 -4.543201e+02
7.020000e+00 7.366058e+02 -4.589738e+02
7.030000e+00 7.086344e+02 -4.627047e+02
7.040000e+00 6.817606e+02 -4.655736e+02
7.050000e+00 6.559190e+02 -4.676358e+02
7.060000e+00 6.310515e+02 -4.689416e+02
7.070000e+00 6.071057e+02 -4.695371e+02
7.080000e+00 5.840350e+02 -4.694644e+02
7.090000e+00 5.617972e+02 -4.687623e+02
7.100000e+00 5.403543e+02 -4.674667e+02
7.110000e+00 5.196719e+02 -4.656108e+02
7.120000e+00 4.997189e+02 -4.632254e+02
7.130000e+00 4.804672e+02 -4.603394e+02
7.140000e+00 4.618910e+02 -4.569796e+02
7.150000e+00 4.439669e+02 -4.531712e+02
7.160000e+00 4.266735e+02 -4.489381e+02
7.170000e+00 4.099914e+02 -4.443025e+02
7.180000e+00 3.939024e+02 -4.392856e+02
7.190000e+00 3.783902e+02 -4.339076e+02
7.200000e+00 3.634394e+02 -4.281873e+02
7.210000e+00 3.490363e+02 -4.221431e+02
7.220000e+00 3.351676e+02 -4.157921e+02
7.230000e+00 3.218215e+02 -4.091511e+02
7.240000e+00 3.089866e+02 -4.022358e+02
7.250000e+00 2.966528e+02 -3.950616e+02
7.260000e+00 2.848101e+02 -3.876431e+02
7.270000e+00 2.734495e+02 -3.799945e+02
7.280000e+00 2.625624e+02 -3.721294e+02
7.290000e+00 2.521409e+02 -3.640612e+02
7.300000e+00 2.421773e+02 -3.558026e+02
7.310000e+00 2.326644e+02 -3.473661e+02
7.320000e+00 2.235954e+02 -3.387636e+02
7.330000e+00 2.149638e+02 -3.300071e+02
7.340000e+00 2.067634e+02 -3.211078e+02
7.350000e+00 1.989882e+02 -3.120771e+02
7.360000e+00 1.916326e+02 -3.029256e+02
7.370000e+00 1.846909e+02 -2.936642e+02
7.380000e+00 1.781579e+02 -2.843031e+02
7.390000e+00 1.720284e+02 -2.748525e+02
7.400000e+00 1.662974e+02 -2.653223e+02
7.410000e+00 1.609599e+02 -2.557224e+02
7.420000e+00 1.560112e+02 -2.460623e+02
7.430000e+00 1.514465e+02 -2.363512e+02
7.440000e+00 1.472612e+02 -2.265986e+02
7.450000e+00 1.434506e+02 -2.168132e+02
7.460000e+00 1.400104e+02 -2.070041e+02
7.470000e+00 1.369359e+02 -1.971799e+02
7.480000e+00 1.342227e+02 -1.873493e+02
7.490000e+00 1.318665e+02 -1.775205e+02
7.500000e+00 1.298626e+02 -1.677019e+02
7.510000e+00 1.282069e+02 -1.579015e+02
7.520000e+00 1.268947e+02 -1.481275e+02
7.530000e+00 1.259217e+02 -1.383877e+02
7.540000e+00 1.252835e+02 -1.286898e+02
7.550000e+00 1.249756e+02 -1.190414e+02
7.560000e+00 1.249935e+02 -1.094499e+02
7.570000e+00 1.253327e+02 -9.992288e+01
7.580000e+00 1.259886e+02 -9.046742e+01
7.590000e+00 1.269567e+02 -8.109069e+01
7.600000e+00 1.282323e+02 -7.179968e+01
7.610000e+00 1.298108e+02 -6.260127e+01
7.620000e+00 1.316875e+02 -5.350223e+01
7.630000e+00 1.338577e+02 -4.450920e+01
7.640000e+00 1.363164e+02 -3.562873e+01
7.650000e+00 1.390590e+02 -2.686721e+01
7.660000e+00 1.420805e+02 -1.823096e+01
7.670000e+00 1.453758e+02 -9.726144e+00
7.680000e+00 1.489402e+02 -1.358843e+00
7.690000e+00 1.527683e+02 6.864997e+00
7.700000e+00 1.568553e+02 1.493954e+01
7.710000e+00 1.611958e+02 2.285906e+01
7.720000e+00 1.657846e+02 3.061797e+01
7.730000e+00 1.706165e+02 3.821077e+01
7.740000e+00 1.756861e+02 4.563209e+01
7.750000e+00 1.809881e+02 5.287668e+01
7.760000e+00 1.865169e+02 5.993940e+01
7.770000e+00 1.922671e+02 6.681523e+01
7.780000e+00 1.982330e+02 7.349928e+01
7.790000e+00 2.044091e+02 7.998677e+01
7.800000e+00 2.107897e+02 8.627302e+01
7.810000e+00 2.173691e+02 9.235350e+01
7.820000e+00 2.241414e+02 9.822378e+01
7.830000e+00 2.311009e+02 1.038796e+02
7.840000e+00 2.382416e+02 1.093166e+02
7.850000e+00 2.455577e+02 1.145310e+02
7.860000e+00 2.530431e+02 1.195186e+02
7.870000e+00 2.606918e+02 1.242758e+02
7.880000e+00 2.684977e+02 1.287987e+02
7.890000e+00 2.764548e+02 1.330838e+02
7.900000e+00 2.845568e+02 1.371277e+02
7.910000e+00 2.927975e+02 1.409270e+02
7.920000e+00 3.011708e+02 1.444785e+02
7.930000e+00 3.096702e+02 1.477791e+02
7.940000e+00 3.182896e+02 1.508259e+02
7.950000e+00 3.270224e+02 1.536159e+02
7.960000e+00 3.358624e+02 1.561466e+02
7.970000e+00 3.448031e+02 1.584153e+02
7.980000e+00 3.538381e+02 1.604194e+02
7.990000e+00 3.629608e+02 1.621567e+02
8.000000e+00 3.721647e+02 1.636250e+02
8.010000e+00 3.814434e+02 1.648221e+02
8.020000e+00 3.907902e+02 1.657459e+02
8.030000e+00 4.001985e+02 1.663948e+02
8.040000e+00 4.096618e+02 1.667669e+02
8.050000e+00 4.191734e+02 1.668605e+02
8.060000e+00 4.287266e+02 1.666742e+02
8.070000e+00 4.383149e+02 1.662067e+02
8.080000e+00 4.479315e+02 1.654565e+02
8.090000e+00 4.575697e+02 1.644227e+02
8.100000e+00 4.672229e+02 1.631041e+02
8.110000e+00 4.768843e+02 1.614998e+02
8.120000e+00 4.865472e+02 1.596090e+02
8.130000e+00 4.962050e+02 1.574311e+02
8.140000e+00 5.058508e+02 1.549654e+02
8.150000e+00 5.154780e+02 1.522116e+02
8.160000e+00 5.250798e+02 1.491692e+02
8.170000e+00 5.346494e+02 1.458380e+02
8.180000e+00 5.441803e+02 1.422179e+02
8.190000e+00 5.536656e+02 1.383088e+02
8.200000e+00 5.630986e+02 1.341109e+02
8.210000e+00 5.724726e+02 1.296242e+02
8.220000e+00 5.817809e+02 1.248492e+02
8.230000e+00 5.910168e+02 1.197861e+02
8.240000e+00 6.001736e+02 1.144354e+02
8.250000e+00 6.092446e+02 1.087978e+02
8.260000e+00 6.182232e+02 1.028739e+02
8.270000e+00 6.271027e+02 9.666442e+01
8.280000e+00 6.358764e+02 9.017025e+01
8.290000e+00 6.445378e+02 8.339231e+01
8.300000e+00 6.530801e+02 7.633162e+01
8.310000e+00 6.614968e+02 6.898927e+01
8.320000e+00 6.697813e+02 6.136646e+01
8.330000e+00 6.779270e+02 5.346441e+01
8.340000e+00 6.859274e+02 4.528446e+01
8.350000e+00 6.937758e+02 3.682799e+01
8.360000e+00 7.014658e+02 2.809646e+01
8.370000e+00 7.089909e+02 1.909139e+01
8.380000e+00 7.163444e+02 9.814336e+00
8.390000e+00 7.235199e+02 2.669314e-01
8.400000e+00 7.305110e+02 -9.549155e+00
8.410000e+00 7.373110e+02 -1.963221e+01
8.420000e+00 7.439136e+02 -2.998047e+01
8.430000e+00 7.503123e+02 -4.059216e+01
8.440000e+00 7.565006e+02 -5.146545e+01
8.450000e+00 7.624720e+02 -6.259851e+01
8.460000e+00 7.682201e+02 -7.398948e+01
8.470000e+00 7.737383e+02 -8.563650e+01
8.480000e+00 7.790202e+02 -9.753769e+01
8.490000e+00 7.840593e+02 -1.096912e+02
8.500000e+00 7.888490e+02 -1.220951e+02
8.510000e+00 7.933829e+02 -1.347476e+02
8.520000e+00 7.976543e+02 -1.476470e+02
8.530000e+00 8.016566e+02 -1.607913e+02
8.540000e+00 8.053833e+02 -1.741789e+02
8.550000e+00 8.088275e+02 -1.878080e+02
8.560000e+00 8.119826e+02 -2.016772e+02
8.570000e+00 8.148418e+02 -2.157847e+02
8.580000e+00 8.173980e+02 -2.301292e+02
8.590000e+00 8.196445e+02 -2.447093e+02
8.600000e+00 8.215741e+02 -2.595238e+02
8.610000e+00 8.231797e+02 -2.745715e+02
8.620000e+00 8.244539e+02 -2.898515e+02
8.630000e+00 8.253893e+02 -3.053630e+02
8.640000e+00 8.259783e+02 -3.211052e+02
8.650000e+00 8.262133e+02 -3.370779e+02
8.660000e+00 8.260861e+02 -3.532807e+02
8.670000e+00 8.255888e+02 -3.697137e+02
8.680000e+00 8.247128e+02 -3.863773e+02
8.690000e+00 8.234496e+02 -4.032719e+02
8.700000e+00 8.217901e+02 -4.203984e+02
8.710000e+00 8.197252e+02 -4.377583e+02
8.720000e+00 8.172451e+02 -4.553530e+02
8.730000e+00 8.143400e+02 -4.731848e+02
8.740000e+00 8.109992e+02 -4.912561e+02
8.750000e+00 8.072119e+02 -5.095700e+02
8.760000e+00 8.029667e+02 -5.281301e+02
8.770000e+00 7.982513e+02 -5.469408e+02
8.780000e+00 7.930532e+02 -5.660069e+02
8.790000e+00 7.873589e+02 -5.853341e+02
8.800000e+00 7.811541e+02 -6.049290e+02
8.810000e+00 7.744236e+02 -6.247989e+02
8.820000e+00 7.671514e+02 -6.449523e+02
8.830000e+00 7.593202e+02 -6.653988e+02
8.840000e+00 7.509115e+02 -6.861490e+02
8.850000e+00 7.419056e+02 -7.072152e+02
8.860000e+00 7.322811e+02 -7.286109e+02
8.870000e+00 7.220150e+02 -7.503514e+02
8.880000e+00 7.110824e+02 -7.724540e+02
8.890000e+00 6.994563e+02 -7.949377e+02
8.900000e+00 6.871073e+02 -8.178243e+02
8.910000e+00 6.740033e+02 -8.411377e+02
8.920000e+00 6.601093e+02 -8.649051e+02
8.930000e+00 6.453869e+02 -8.891569e+02
8.940000e+00 6.297938e+02 -9.139271e+02
8.950000e+00 6.132834e+02 -9.392539e+02
8.960000e+00 5.958043e+02 -9.651805e+02
8.970000e+00 5.772992e+02 -9.917552e+02
8.980000e+00 5.577047e+02 -1.019033e+03
8.990000e+00 5.369498e+02 -1.047075e+03
9.000000e+00 5.149551e+02 -1.075952e+03
9.010000e+00 4.916314e+02 -1.105743e+03
9.020000e+00 4.668782e+02 -1.136539e+03
9.030000e+00 4.405814e+02 -1.168444e+03
9.040000e+00 4.126119e+02 -1.201575e+03
9.050000e+00 3.828218e+02 -1.236070e+03
9.060000e+00 3.510422e+02 -1.272086e+03
9.070000e+00 3.170780e+02 -1.309806e+03
9.080000e+00 2.807036e+02 -1.349444e+03
9.090000e+00 2.416565e+02 -1.391248e+03
9.100000e+00 1.996292e+02 -1.435514e+03
9.110000e+00 1.542596e+02 -1.482592e+03
9.120000e+00 1.051178e+02 -1.532898e+03
9.130000e+00 5.169010e+01 -1.586936e+03
9.140000e+00 -6.642516e+00 -1.645318e+03
9.150000e+00 -7.063296e+01 -1.708791e+03
9.160000e+00 -1.412059e+02 -1.778283e+03
9.170000e+00 -2.195097e+02 -1.854959e+03
9.180000e+00 -3.069877e+02 -1.940296e+03
9.190000e+00 -4.054796e+02 -2.036201e+03
9.200000e+00 -5.173670e+02 -2.145173e+03
9.210000e+00 -6.457875e+02 -2.270558e+03
9.220000e+00 -7.949596e+02 -2.416933e+03
9.230000e+00 -9.706903e+02 -2.590731e+03
9.240000e+00 -1.181196e+03 -2.801278e+03
9.250000e+00 -1.438490e+03 -3.062630e+03
9.260000e+00 -1.760843e+03 -3.396975e+03
9.270000e+00 -2.177420e+03 -3.841475e+03
9.280000e+00 -2.737685e+03 -4.463343e+03
9.290000e+00 -3.532239e+03 -5.397474e+03
9.300000e+00 -4.744153e+03 -6.958220e+03
9.310000e+00 -6.786359e+03 -1.007079e+04
9.320000e+00 -1.045554e+04 -1.886789e+04
9.330000e+00 1.452123e+04 -6.263150e+04
9.340000e+00 2.982952e+04 7.219968e+03
9.350000e+00 1.348784e+04 6.069035e+03
9.360000e+00 8.704087e+03 4.195178e+03
9.370000e+00 6.502448e+03 3.050783e+03
9.380000e+00 5.243731e+03 2.307169e+03
9.390000e+00 4.429015e+03 1.789158e+03
9.400000e+00 3.857565e+03 1.408309e+03
9.410000e+00 3.433498e+03 1.116534e+03
9.420000e+00 3.105355e+03 8.857257e+02
9.430000e+00 2.843081e+03 6.984370e+02
9.440000e+00 2.627965e+03 5.432923e+02
9.450000e+00 2.447754e+03 4.125689e+02
9.460000e+00 2.294090e+03 3.008447e+02
9.470000e+00 2.161081e+03 2.042030e+02
9.480000e+00 2.044455e+03 1.197456e+02
9.490000e+00 1.941037e+03 4.528216e+01
9.500000e+00 1.848423e+03 -2.087284e+01
9.510000e+00 1.764756e+03 -8.003739e+01
9.520000e+00 1.688581e+03 -1.332568e+02
9.530000e+00 1.618743e+03 -1.813708e+02
9.540000e+00 1.554311e+03 -2.250614e+02
9.550000e+00 1.494530e+03 -2.648885e+02
9.560000e+00 1.438778e+03 -3.013157e+02
9.570000e+00 1.386541e+03 -3.347307e+02
9.580000e+00 1.337389e+03 -3.654595e+02
9.590000e+00 1.290960e+03 -3.937788e+02
9.600000e+00 1.246948e+03 -4.199248e+02
9.610000e+00 1.205092e+03 -4.441004e+02
9.620000e+00 1.165168e+03 -4.664806e+02
9.630000e+00 1.126984e+03 -4.872177e+02
9.640000e+00 1.090372e+03 -5.064446e+02
9.650000e+00 1.055189e+03 -5.242776e+02
9.660000e+00 1.021306e+03 -5.408193e+02
9.670000e+00 9.886146e+02 -5.561606e+02
9.680000e+00 9.570162e+02 -5.703821e+02
9.690000e+00 9.264254e+02 -5.835557e+02
9.700000e+00 8.967662e+02 -5.957457e+02
9.710000e+00 8.679716e+02 -6.070100e+02
9.720000e+00 8.399816e+02 -6.174007e+02
9.730000e+00 8.127433e+02 -6.269648e+02
9.740000e+00 7.862090e+02 -6.357452e+02
9.750000e+00 7.603366e+02 -6.437808e+02
9.760000e+00 7.350878e+02 -6.511071e+02
9.770000e+00 7.104288e+02 -6.577567e+02
9.780000e+00 6.863290e+02 -6.637596e+02
9.790000e+00 6.627608e+02 -6.691432e+02
9.800000e+00 6.396996e+02 -6.739330e+02
9.810000e+00 6.171231e+02 -6.781526e+02
9.820000e+00 5.950112e+02 -6.818240e+02
9.830000e+00 5.733458e+02 -6.849675e+02
9.840000e+00 5.521106e+02 -6.876023e+02
9.850000e+00 5.312908e+02 -6.897463e+02
9.860000e+00 5.108732e+02 -6.914163e+02
9.870000e+00 4.908456e+02 -6.926281e+02
9.880000e+00 4.711973e+02 -6.933967e+02
9.890000e+00 4.519184e+02 -6.937362e+02
9.900000e+00 4.330002e+02 -6.936601e+02
9.910000e+00 4.144345e+02 -6.931812e+02
9.920000e+00 3.962143e+02 -6.923117e+02
9.930000e+00 3.783330e+02 -6.910633e+02
9.940000e+00 3.607848e+02 -6.894471e+02
9.950000e+00 3.435644e+02 -6.874739e+02
9.960000e+00 3.266672e+02 -6.851541e+02
9.970000e+00 3.100889e+02 -6.824977e+02
9.980000e+00 2.938256e+02 -6.795143e+02
9.990000e+00 2.778740e+02 -6.762132e+02
1.000000e+01 2.622311e+02 -6.726037e+02
1.001000e+01 2.468942e+02 -6.686944e+02
1.002000e+01 2.318607e+02 -6.644939e+02
1.003000e+01 2.171287e+02 -6.600108e+02
1.004000e+01 2.026962e+02 -6.552532e+02
1.005000e+01 1.885614e+02 -6.502290e+02
1.006000e+01 1.747231e+02 -6.449463e+02
1.007000e+01 1.611797e+02 -6.394127e+02
1.008000e+01 1.479302e+02 -6.336358e+02
1.009000e+01 1.349736e+02 -6.276230e+02
1.010000e+01 1.223090e+02 -6.213818e+02
1.011000e+01 1.099356e+02 -6.149194e+02
1.012000e+01 9.785274e+01 -6.082429e+02
1.013000e+01 8.605982e+01 -6.013594e+02
1.014000e+01 7.455632e+01 -5.942760e+02
1.015000e+01 6.334179e+01 -5.869994e+02
1.016000e+01 5.241582e+01 -5.795367e+02
1.017000e+01 4.177802e+01 -5.718945e+02
1.018000e+01 3.142807e+01 -5.640796e+02
1.019000e+01 2.136565e+01 -5.560987e+02
1.020000e+01 1.159047e+01 -5.479584e+02
1.021000e+01 2.102224e+00 -5.396653e+02
1.022000e+01 -7.099359e+00 -5.312258e+02
1.023000e+01 -1.601458e+01 -5.226466e+02
1.024000e+01 -2.464373e+01 -5.139340e+02
1.025000e+01 -3.298713e+01 -5.050944e+02
1.026000e+01 -4.104511e+01 -4.961343e+02
1.027000e+01 -4.881805e+01 -4.870599e+02
1.028000e+01 -5.630632e+01 -4.778777e+02
1.029000e+01 -6.351036e+01 -4.685937e+02
1.030000e+01 -7.043063e+01 -4.592144e+02
1.031000e+01 -7.706764e+01 -4.497458e+02
1.032000e+01 -8.342192e+01 -4.401943e+02
1.033000e+01 -8.949409e+01 -4.305659e+02
1.034000e+01 -9.528479e+01 -4.208667e+02
1.035000e+01 -1.007947e+02 -4.111029e+02
1.036000e+01 -1.060246e+02 -4.012805e+02
1.037000e+01 -1.109753e+02 -3.914056e+02
1.038000e+01 -1.156477e+02 -3.814841e+02
1.039000e+01 -1.200428e+02 -3.715220e+02
1.040000e+01 -1.241614e+02 -3.615253e+02
1.041000e+01 -1.280048e+02 -3.514999e+02
1.042000e+01 -1.315739e+02 -3.414516e+02
1.043000e+01 -1.348702e+02 -3.313863e+02
1.044000e+01 -1.378947e+02 -3.213098e+02
1.045000e+01 -1.406489e+02 -3.112279e+02
1.046000e+01 -1.431342e+02 -3.011463e+02
1.047000e+01 -1.453521e+02 -2.910707e+02
1.048000e+01 -1.473042e+02 -2.810068e+02
1.049000e+01 -1.489920e+02 -2.709603e+02
1.050000e+01 -1.504174e+02 -2.609367e+02
1.051000e+01 -1.515821e+02 -2.509415e+02
1.052000e+01 -1.524880e+02 -2.409803e+02
1.053000e+01 -1.531370e+02 -2.310586e+02
1.054000e+01 -1.535313e+02 -2.211818e+02
1.055000e+01 -1.536728e+02 -2.113552e+02
1.056000e+01 -1.535638e+02 -2.015843e+02
1.057000e+01 -1.532066e+02 -1.918742e+02
1.058000e+01 -1.526034e+02 -1.822303e+02
1.059000e+01 -1.517567e+02 -1.726578e+02
1.060000e+01 -1.506690e+02 -1.631617e+02
1.061000e+01 -1.493429e+02 -1.537473e+02
1.062000e+01 -1.477810e+02 -1.444195e+02
1.063000e+01 -1.459861e+02 -1.351833e+02
1.064000e+01 -1.439609e+02 -1.260437e+02
1.065000e+01 -1.417084e+02 -1.170056e+02
1.066000e+01 -1.392314e+02 -1.080738e+02
1.067000e+01 -1.365331e+02 -9.925314e+01
1.068000e+01 -1.336165e+02 -9.054823e+01
1.069000e+01 -1.304848e+02 -8.196379e+01
1.070000e+01 -1.271412e+02 -7.350441e+01
1.071000e+01 -1.235892e+02 -6.517464e+01
1.072000e+01 -1.198320e+02 -5.697896e+01
1.073000e+01 -1.158731e+02 -4.892178e+01
1.074000e+01 -1.117161e+02 -4.100747e+01
1.075000e+01 -1.073646e+02 -3.324032e+01
1.076000e+01 -1.028222e+02 -2.562456e+01
1.077000e+01 -9.809273e+01 -1.816434e+01
1.078000e+01 -9.317992e+01 -1.086378e+01
1.079000e+01 -8.808767e+01 -3.726908e+00
1.080000e+01 -8.281990e+01 3.242313e+00
1.081000e+01 -7.738060e+01 1.003998e+01
1.082000e+01 -7.177384e+01 1.666225e+01
1.083000e+01 -6.600372e+01 2.310537e+01
1.084000e+01 -6.007443e+01 2.936564e+01
1.085000e+01 -5.399019e+01 3.543942e+01
1.086000e+01 -4.775530e+01 4.132315e+01
1.087000e+01 -4.137410e+01 4.701334e+01
1.088000e+01 -3.485098e+01 5.250656e+01
1.089000e+01 -2.819041e+01 5.779945e+01
1.090000e+01 -2.139689e+01 6.288872e+01
1.091000e+01 -1.447496e+01 6.777116e+01
1.092000e+01 -7.429251e+00 7.244360e+01
1.093000e+01 -2.644004e-01 7.690295e+01
1.094000e+01 7.014887e+00 8.114620e+01
1.095000e+01 1.440386e+01 8.517038e+01
1.096000e+01 2.189774e+01 8.897262e+01
1.097000e+01 2.949167e+01 9.255007e+01
1.098000e+01 3.718079e+01 9.589999e+01
1.099000e+01 4.496017e+01 9.901966e+01
1.100000e+01 5.282485e+01 1.019064e+02
1.101000e+01 6.076983e+01 1.045578e+02
1.102000e+01 6.879009e+01 1.069711e+02
1.103000e+01 7.688053e+01 1.091440e+02
1.104000e+01 8.503605e+01 1.110740e+02
1.105000e+01 9.325151e+01 1.127589e+02
1.106000e+01 1.015217e+02 1.141962e+02
1.107000e+01 1.098415e+02 1.153837e+02
1.108000e+01 1.182055e+02 1.163192e+02
1.109000e+01 1.266086e+02 1.170005e+02
1.110000e+01 1.350453e+02 1.174256e+02
1.111000e+01 1.435104e+02 1.175923e+02
1.112000e+01 1.519985e+02 1.174985e+02
1.113000e+01 1.605042e+02 1.171422e+02
1.114000e+01 1.690220e+02 1.165215e+02
1.115000e+01 1.775465e+02 1.156343e+02
1.116000e+01 1.860722e+02 1.144787e+02
1.117000e+01 1.945936e+02 1.130526e+02
1.118000e+01 2.031051e+02 1.113543e+02
1.119000e+01 2.116011e+02 1.093816e+02
1.120000e+01 2.200760e+02 1.071327e+02
1.121000e+01 2.285242e+02 1.046056e+02
1.122000e+01 2.369400e+02 1.017983e+02
1.123000e+01 2.453176e+02 9.870877e+01
1.124000e+01 2.536513e+02 9.533492e+01
1.125000e+01 2.619353e+02 9.167468e+01
1.126000e+01 2.701638e+02 8.772588e+01
1.127000e+01 2.783309e+02 8.348629e+01
1.128000e+01 2.864307e+02 7.895359e+01
1.129000e+01 2.944572e+02 7.412538e+01
1.130000e+01 3.024044e+02 6.899914e+01
1.131000e+01 3.102662e+02 6.357224e+01
1.132000e+01 3.180364e+02 5.784191e+01
1.133000e+01 3.257089e+02 5.180521e+01
1.134000e+01 3.332773e+02 4.545904e+01
1.135000e+01 3.407353e+02 3.880009e+01
1.136000e+01 3.480765e+02 3.182484e+01
1.137000e+01 3.552942e+02 2.452951e+01
1.138000e+01 3.623819e+02 1.691006e+01
1.139000e+01 3.693327e+02 8.962137e+00
1.140000e+01 3.761398e+02 6.810514e-01
1.141000e+01 3.827962e+02 -7.938261e+00
1.142000e+01 3.892945e+02 -1.690128e+01
1.143000e+01 3.956276e+02 -2.621395e+01
1.144000e+01 4.017877e+02 -3.588272e+01
1.145000e+01 4.077672e+02 -4.591460e+01
1.146000e+01 4.135580e+02 -5.631725e+01
1.147000e+01 4.191519e+02 -6.709899e+01
1.148000e+01 4.245404e+02 -7.826893e+01
1.149000e+01 4.297145e+02 -8.983704e+01
1.150000e+01 4.346651e+02 -1.018142e+02
1.151000e+01 4.393825e+02 -1.142124e+02
1.152000e+01 4.438567e+02 -1.270448e+02
1.153000e+01 4.480771e+02 -1.403259e+02
1.154000e+01 4.520326e+02 -1.540714e+02
1.155000e+01 4.557115e+02 -1.682991e+02
1.156000e+01 4.591014e+02 -1.830281e+02
1.157000e+01 4.621889e+02 -1.982800e+02
1.158000e+01 4.649602e+02 -2.140785e+02
1.159000e+01 4.673999e+02 -2.304499e+02
1.160000e+01 4.694921e+02 -2.474234e+02
1.161000e+01 4.712191e+02 -2.650317e+02
1.162000e+01 4.725621e+02 -2.833110e+02
1.163000e+01 4.735004e+02 -3.023020e+02
1.164000e+01 4.740116e+02 -3.220502e+02
1.165000e+01 4.740711e+02 -3.426068e+02
1.166000e+01 4.736517e+02 -3.640294e+02
1.167000e+01 4.727236e+02 -3.863831e+02
1.168000e+01 4.712534e+02 -4.097415e+02
1.169000e+01 4.692041e+02 -4.341885e+02
1.170000e+01 4.665340e+02 -4.598196e+02
1.171000e+01 4.631964e+02 -4.867440e+02
1.172000e+01 4.591383e+02 -5.150876e+02
1.173000e+01 4.542995e+02 -5.449953e+02
1.174000e+01 4.486110e+02 -5.766353e+02
1.175000e+01 4.419935e+02 -6.102037e+02
1.176000e+01 4.343553e+02 -6.459303e+02
1.177000e+01 4.255896e+02 -6.840862e+02
1.178000e+01 4.155711e+02 -7.249929e+02
1.179000e+01 4.041518e+02 -7.690352e+02
1.180000e+01 3.911559e+02 -8.166764e+02
1.181000e+01 3.763719e+02 -8.684802e+02
1.182000e+01 3.595441e+02 -9.251382e+02
1.183000e+01 3.403596e+02 -9.875087e+02
1.184000e+01 3.184317e+02 -1.056670e+03
1.185000e+01 2.932763e+02 -1.133993e+03
1.186000e+01 2.642801e+02 -1.221253e+03
1.187000e+01 2.306536e+02 -1.320781e+03
1.188000e+01 1.913645e+02 -1.435709e+03
1.189000e+01 1.450365e+02 -1.570336e+03
1.190000e+01 8.979643e+01 -1.730730e+03
1.191000e+01 2.303238e+01 -1.925743e+03
1.192000e+01 -5.899860e+01 -2.168800e+03
1.193000e+01 -1.618257e+02 -2.481290e+03
1.194000e+01 -2.938847e+02 -2.899459e+03
1.195000e+01 -4.684064e+02 -3.489947e+03
1.196000e+01 -7.060419e+02 -4.389732e+03
1.197000e+01 -1.032668e+03 -5.930307e+03
1.198000e+01 -1.395081e+03 -9.154082e+03
1.199000e+01 2.862426e+02 -1.929431e+04
1.200000e+01 4.465990e+04 1.478851e+03
1.201000e+01 9.897420e+03 1.035992e+04
1.202000e+01 5.024476e+03 6.263864e+03
1.203000e+01 3.466858e+03 4.377461e+03
1.204000e+01 2.724301e+03 3.322519e+03
1.205000e+01 2.293715e+03 2.650768e+03
1.206000e+01 2.013383e+03 2.185141e+03
1.207000e+01 1.816353e+03 1.842710e+03
1.208000e+01 1.670112e+03 1.579666e+03
1.209000e+01 1.557028e+03 1.370736e+03
1.210000e+01 1.466736e+03 1.200341e+03
1.211000e+01 1.392752e+03 1.058356e+03
1.212000e+01 1.330817e+03 9.379233e+02
1.213000e+01 1.278019e+03 8.342304e+02
1.214000e+01 1.232304e+03 7.438044e+02
1.215000e+01 1.192178e+03 6.640756e+02
1.216000e+01 1.156532e+03 5.931025e+02
1.217000e+01 1.124524e+03 5.293910e+02
1.218000e+01 1.095505e+03 4.717732e+02
1.219000e+01 1.068966e+03 4.193226e+02
1.220000e+01 1.044502e+03 3.712957e+02
1.221000e+01 1.021789e+03 3.270883e+02
1.222000e+01 1.000561e+03 2.862051e+02
1.223000e+01 9.806020e+02 2.482361e+02
1.224000e+01 9.617324e+02 2.128388e+02
1.225000e+01 9.438021e+02 1.797256e+02
1.226000e+01 9.266852e+02 1.486525e+02
1.227000e+01 9.102753e+02 1.194120e+02
1.228000e+01 8.944818e+02 9.182583e+01
1.229000e+01 8.792273e+02 6.574069e+01
1.230000e+01 8.644454e+02 4.102362e+01
1.231000e+01 8.500788e+02 1.755896e+01
1.232000e+01 8.360777e+02 -4.754373e+00
1.233000e+01 8.223993e+02 -2.600507e+01
1.234000e+01 8.090059e+02 -4.627127e+01
1.235000e+01 7.958649e+02 -6.562204e+01
1.236000e+01 7.829474e+02 -8.411862e+01
1.237000e+01 7.702285e+02 -1.018155e+02
1.238000e+01 7.576861e+02 -1.187614e+02
1.239000e+01 7.453008e+02 -1.349998e+02
1.240000e+01 7.330556e+02 -1.505698e+02
1.241000e+01 7.209355e+02 -1.655065e+02
1.242000e+01 7.089275e+02 -1.798417e+02
1.243000e+01 6.970199e+02 -1.936040e+02
1.244000e+01 6.852026e+02 -2.068195e+02
1.245000e+01 6.734669e+02 -2.195118e+02
1.246000e+01 6.618049e+02 -2.317022e+02
1.247000e+01 6.502099e+02 -2.434106e+02
1.248000e+01 6.386762e+02 -2.546548e+02
1.249000e+01 6.271988e+02 -2.654513e+02
1.250000e+01 6.157733e+02 -2.758151e+02
1.251000e+01 6.043962e+02 -2.857602e+02
1.252000e+01 5.930644e+02 -2.952994e+02
1.253000e+01 5.817755e+02 -3.044445e+02
1.254000e+01 5.705276e+02 -3.132066e+02
1.255000e+01 5.593191e+02 -3.215957e+02
1.256000e+01 5.481488e+02 -3.296214e+02
1.257000e+01 5.370160e+02 -3.372925e+02
1.258000e+01 5.259203e+02 -3.446173e+02
1.259000e+01 5.148616e+02 -3.516035e+02
1.260000e+01 5.038401e+02 -3.582584e+02
1.261000e+01 4.928561e+02 -3.645888e+02
1.262000e+01 4.819104e+02 -3.706012e+02
1.263000e+01 4.710038e+02 -3.763017e+02
1.264000e+01 4.601373e+02 -3.816960e+02
1.265000e+01 4.493123e+02 -3.867898e+02
1.266000e+01 4.385302e+02 -3.915882e+02
1.267000e+01 4.277925e+02 -3.960963e+02
1.268000e+01 4.171009e+02 -4.003189e+02
1.269000e+01 4.064573e+02 -4.042607e+02
1.270000e+01 3.958635e+02 -4.079260e+02
1.271000e+01 3.853217e+02 -4.113192e+02
1.272000e+01 3.748340e+02 -4.144445e+02
1.273000e+01 3.644026e+02 -4.173060e+02
1.274000e+01 3.540298e+02 -4.199075e+02
1.275000e+01 3.437180e+02 -4.222530e+02
1.276000e+01 3.334696e+02 -4.243463e+02
1.277000e+01 3.232871e+02 -4.261909e+02
1.278000e+01 3.131731e+02 -4.277906e+02
1.279000e+01 3.031300e+02 -4.291490e+02
1.280000e+01 2.931606e+02 -4.302696e+02
1.281000e+01 2.832675e+02 -4.311558e+02
1.282000e+01 2.734533e+02 -4.318112e+02
1.283000e+01 2.637207e+02 -4.322392e+02
1.284000e+01 2.540725e+02 -4.324432e+02
1.285000e+01 2.445114e+02 -4.324266e+02
1.286000e+01 2.350401e+02 -4.321928e+02
1.287000e+01 2.256613e+02 -4.317452e+02
1.288000e+01 2.163777e+02 -4.310871e+02
1.289000e+01 2.071921e+02 -4.302220e+02
1.290000e+01 1.981073e+02 -4.291532e+02
1.291000e+01 1.891259e+02 -4.278841e+02
1.292000e+01 1.802505e+02 -4.264181e+02
1.293000e+01 1.714840e+02 -4.247586e+02
1.294000e+01 1.628290e+02 -4.229091e+02
1.295000e+01 1.542881e+02 -4.208730e+02
1.296000e+01 1.458639e+02 -4.186537e+02
1.297000e+01 1.375590e+02 -4.162547e+02
1.298000e+01 1.293759e+02 -4.136796e+02
1.299000e+01 1.213173e+02 -4.109318e+02
1.300000e+01 1.133855e+02 -4.080148e+02
1.301000e+01 1.055831e+02 -4.049324e+02
1.302000e+01 9.791250e+01 -4.016879e+02
1.303000e+01 9.037599e+01 -3.982852e+02
1.304000e+01 8.297595e+01 -3.947277e+02
1.305000e+01 7.571467e+01 -3.910192e+02
1.306000e+01 6.859439e+01 -3.871634e+02
1.307000e+01 6.161730e+01 -3.831639e+02
1.308000e+01 5.478554e+01 -3.790246e+02
1.309000e+01 4.810121e+01 -3.747492e+02
1.310000e+01 4.156635e+01 -3.703415e+02
1.311000e+01 3.518293e+01 -3.658053e+02
1.312000e+01 2.895289e+01 -3.611446e+02
1.313000e+01 2.287810e+01 -3.563631e+02
1.314000e+01 1.696036e+01 -3.514647e+02
1.315000e+01 1.120144e+01 -3.464535e+02
1.316000e+01 5.603009e+00 -3.413333e+02
1.317000e+01 1.667083e-01 -3.361082e+02
1.318000e+01 -5.105902e+00 -3.307821e+02
1.319000e+01 -1.021332e+01 -3.253591e+02
1.320000e+01 -1.515412e+01 -3.198431e+02
1.321000e+01 -1.992693e+01 -3.142383e+02
1.322000e+01 -2.453046e+01 -3.085488e+02
1.323000e+01 -2.896346e+01 -3.027787e+02
1.324000e+01 -3.322479e+01 -2.969321e+02
1.325000e+01 -3.731334e+01 -2.910130e+02
1.326000e+01 -4.122811e+01 -2.850258e+02
1.327000e+01 -4.496813e+01 -2.789746e+02
1.328000e+01 -4.853255e+01 -2.728635e+02
1.329000e+01 -5.192054e+01 -2.666968e+02
1.330000e+01 -5.513139e+01 -2.604787e+02
1.331000e+01 -5.816443e+01 -2.542134e+02
1.332000e+01 -6.101908e+01 -2.479051e+02
1.333000e+01 -6.369485e+01 -2.415582e+02
1.334000e+01 -6.619129e+01 -2.351769e+02
1.335000e+01 -6.850805e+01 -2.287653e+02
1.336000e+01 -7.064484e+01 -2.223280e+02
1.337000e+01 -7.260148e+01 -2.158690e+02
1.338000e+01 -7.437782e+01 -2.093927e+02
1.339000e+01 -7.597382e+01 -2.029034e+02
1.340000e+01 -7.738950e+01 -1.964053e+02
1.341000e+01 -7.862496e+01 -1.899028e+02
1.342000e+01 -7.968039e+01 -1.834002e+02
1.343000e+01 -8.055605e+01 -1.769017e+02
1.344000e+01 -8.125226e+01 -1.704117e+02
1.345000e+01 -8.176943e+01 -1.639345e+02
1.346000e+01 -8.210806e+01 -1.574742e+02
1.347000e+01 -8.226871e+01 -1.510353e+02
1.348000e+01 -8.225202e+01 -1.446220e+02
1.349000e+01 -8.205871e+01 -1.382385e+02
1.350000e+01 -8.168956e+01 -1.318892e+02
1.351000e+01 -8.114546e+01 -1.255783e+02
1.352000e+01 -8.042735e+01 -1.193100e+02
1.353000e+01 -7.953625e+01 -1.130886e+02
1.354000e+01 -7.847326e+01 -1.069183e+02
1.355000e+01 -7.723954e+01 -1.008033e+02
1.356000e+01 -7.583635e+01 -9.474789e+01
1.357000e+01 -7.426500e+01 -8.875619e+01
1.358000e+01 -7.252689e+01 -8.283241e+01
1.359000e+01 -7.062348e+01 -7.698071e+01
1.360000e+01 -6.855632e+01 -7.120525e+01
1.361000e+01 -6.632702e+01 -6.551018e+01
1.362000e+01 -6.393725e+01 -5.989963e+01
1.363000e+01 -6.138878e+01 -5.437770e+01
1.364000e+01 -5.868343e+01 -4.894849e+01
1.365000e+01 -5.582308e+01 -4.361610e+01
1.366000e+01 -5.280972e+01 -3.838459e+01
1.367000e+01 -4.964535e+01 -3.325802e+01
1.368000e+01 -4.633210e+01 -2.824043e+01
1.369000e+01 -4.287211e+01 -2.333585e+01
1.370000e+01 -3.926764e+01 -1.854830e+01
1.371000e+01 -3.552096e+01 -1.388177e+01
1.372000e+01 -3.163445e+01 -9.340253e+00
1.373000e+01 -2.761053e+01 -4.927735e+00
1.374000e+01 -2.345170e+01 -6.481810e-01
1.375000e+01 -1.916050e+01 3.494449e+00
1.376000e+01 -1.473955e+01 7.496202e+00
1.377000e+01 -1.019153e+01 1.135313e+01
1.378000e+01 -5.519173e+00 1.506130e+01
1.379000e+01 -7.252712e-01 1.861676e+01
1.380000e+01 4.187320e+00 2.201558e+01
1.381000e+01 9.215690e+00 2.525382e+01
1.382000e+01 1.435687e+01 2.832752e+01
1.383000e+01 1.960783e+01 3.123274e+01
1.384000e+01 2.496550e+01 3.396550e+01
1.385000e+01 3.042674e+01 3.652184e+01
1.386000e+01 3.598836e+01 3.889775e+01
1.387000e+01 4.164713e+01 4.108920e+01
1.388000e+01 4.739973e+01 4.309214e+01
1.389000e+01 5.324284e+01 4.490250e+01
1.390000e+01 5.917304e+01 4.651615e+01
1.391000e+01 6.518690e+01 4.792892e+01
1.392000e+01 7.128091e+01 4.913658e+01
1.393000e+01 7.745153e+01 5.013486e+01
1.394000e+01 8.369515e+01 5.091940e+01
1.395000e+01 9.000812e+01 5.148579e+01
1.396000e+01 9.638676e+01 5.182950e+01
1.397000e+01 1.028273e+02 5.194591e+01
1.398000e+01 1.093260e+02 5.183032e+01
1.399000e+01 1.158789e+02 5.147786e+01
1.400000e+01 1.224823e+02 5.088356e+01
1.401000e+01 1.291320e+02 5.004228e+01
1.402000e+01 1.358243e+02 4.894870e+01
1.403000e+01 1.425549e+02 4.759733e+01
1.404000e+01 1.493198e+02 4.598246e+01
1.405000e+01 1.561150e+02 4.409815e+01
1.406000e+01 1.629360e+02 4.193820e+01
1.407000e+01 1.697788e+02 3.949612e+01
1.408000e+01 1.766390e+02 3.676511e+01
1.409000e+01 1.835122e+02 3.373800e+01
1.410000e+01 1.903941e+02 3.040726e+01
1.411000e+01 1.972799e+02 2.676492e+01
1.412000e+01 2.041654e+02 2.280250e+01
1.413000e+01 2.110457e+02 1.851105e+01
1.414000e+01 2.179161e+02 1.388097e+01
1.415000e+01 2.247719e+02 8.902065e+00
1.416000e+01 2.316082e+02 3.563376e+00
1.417000e+01 2.384199e+02 -2.146843e+00
1.418000e+01 2.452020e+02 -8.241237e+00
1.419000e+01 2.519492e+02 -1.473345e+01
1.420000e+01 2.586563e+02 -2.163824e+01
1.421000e+01 2.653178e+02 -2.897161e+01
1.422000e+01 2.719280e+02 -3.675096e+01
1.423000e+01 2.784812e+02 -4.499525e+01
1.424000e+01 2.849713e+02 -5.372520e+01
1.425000e+01 2.913923e+02 -6.296351e+01
1.426000e+01 2.977377e+02 -7.273511e+01
1.427000e+01 3.040008e+02 -8.306746e+01
1.428000e+01 3.101748e+02 -9.399088e+01
1.429000e+01 3.162524e+02 -1.055390e+02
1.430000e+01 3.222258e+02 -1.177490e+02
1.431000e+01 3.280872e+02 -1.306625e+02
1.432000e+01 3.338279e+02 -1.443260e+02
1.433000e+01 3.394390e+02 -1.587914e+02
1.434000e+01 3.449107e+02 -1.741173e+02
1.435000e+01 3.502328e+02 -1.903699e+02
1.436000e+01 3.553940e+02 -2.076239e+02
1.437000e+01 3.603824e+02 -2.259647e+02
1.438000e+01 3.651847e+02 -2.454894e+02
1.439000e+01 3.697865e+02 -2.663098e+02
1.440000e+01 3.741719e+02 -2.885545e+02
1.441000e+01 3.783234e+02 -3.123729e+02
1.442000e+01 3.822214e+02 -3.379387e+02
1.443000e+01 3.858439e+02 -3.654557e+02
1.444000e+01 3.891662e+02 -3.951643e+02
1.445000e+01 3.921600e+02 -4.273499e+02
1.446000e+01 3.947934e+02 -4.623545e+02
1.447000e+01 3.970292e+02 -5.005903e+02
1.448000e+01 3.988248e+02 -5.425598e+02
1.449000e+01 4.001304e+02 -5.888811e+02
1.450000e+01 4.008879e+02 -6.403230e+02
1.451000e+01 4.010289e+02 -6.978543e+02
1.452000e+01 4.004728e+02 -7.627126e+02
1.453000e+01 3.991249e+02 -8.365045e+02
1.454000e+01 3.968738e+02 -9.213536e+02
1.455000e+01 3.935913e+02 -1.020127e+03
1.456000e+01 3.891345e+02 -1.136788e+03
1.457000e+01 3.833580e+02 -1.276982e+03
1.458000e+01 3.761499e+02 -1.449020e+03
1.459000e+01 3.675310e+02 -1.665672e+03
1.460000e+01 3.579277e+02 -1.947604e+03
1.461000e+01 3.489667e+02 -2.330563e+03
1.462000e+01 3.460254e+02 -2.882136e+03
1.463000e+01 3.678490e+02 -3.746929e+03
1.464000e+01 4.934530e+02 -5.297353e+03
1.465000e+01 1.224188e+03 -8.837071e+03
1.466000e+01 1.141454e+04 -2.125988e+04
1.467000e+01 1.369592e+04 1.645843e+04
1.468000e+01 3.455771e+03 7.968201e+03
1.469000e+01 1.960447e+03 5.035792e+03
1.470000e+01 1.452173e+03 3.664718e+03
1.471000e+01 1.209754e+03 2.874969e+03
1.472000e+01 1.071617e+03 2.361297e+03
1.473000e+01 9.838260e+02 1.999765e+03
1.474000e+01 9.237733e+02 1.730819e+03
1.475000e+01 8.804623e+02 1.522347e+03
1.476000e+01 8.479502e+02 1.355529e+03
1.477000e+01 8.227626e+02 1.218608e+03
1.478000e+01 8.027408e+02 1.103866e+03
1.479000e+01 7.864763e+02 1.006027e+03
1.480000e+01 7.730131e+02 9.213662e+02
1.481000e+01 7.616804e+02 8.471744e+02
1.482000e+01 7.519941e+02 7.814381e+02
1.483000e+01 7.435965e+02 7.226290e+02
1.484000e+01 7.362179e+02 6.695660e+02
1.485000e+01 7.296507e+02 6.213228e+02
1.486000e+01 7.237334e+02 5.771623e+02
1.487000e+01 7.183378e+02 5.364912e+02
1.488000e+01 7.133612e+02 4.988268e+02
1.489000e+01 7.087206e+02 4.637719e+02
1.490000e+01 7.043480e+02 4.309976e+02
1.491000e+01 7.001870e+02 4.002289e+02
1.492000e+01 6.961910e+02 3.712340e+02
1.493000e+01 6.923206e+02 3.438168e+02
1.494000e+01 6.885429e+02 3.178099e+02
1.495000e+01 6.848297e+02 2.930699e+02
1.496000e+01 6.811571e+02 2.694731e+02
1.497000e+01 6.775046e+02 2.469124e+02
1.498000e+01 6.738544e+02 2.252948e+02
1.499000e+01 6.701915e+02 2.045389e+02
1.500000e+01 6.665025e+02 1.845736e+02
1.501000e+01 6.627761e+02 1.653363e+02
1.502000e+01 6.590023e+02 1.467716e+02
1.503000e+01 6.551725e+02 1.288309e+02
1.504000e+01 6.512793e+02 1.114707e+02
1.505000e+01 6.473161e+02 9.465246e+01
1.506000e+01 6.432772e+02 7.834195e+01
1.507000e+01 6.391578e+02 6.250849e+01
1.508000e+01 6.349536e+02 4.712464e+01
1.509000e+01 6.306611e+02 3.216584e+01
1.510000e+01 6.262770e+02 1.761000e+01
1.511000e+01 6.217990e+02 3.437295e+00
1.512000e+01 6.172246e+02 -1.037014e+01
1.513000e+01 6.125523e+02 -2.382840e+01
1.514000e+01 6.077804e+02 -3.695201e+01
1.515000e+01 6.029080e+02 -4.975410e+01
1.516000e+01 5.979342e+02 -6.224652e+01
1.517000e+01 5.928584e+02 -7.444002e+01
1.518000e+01 5.876803e+02 -8.634431e+01
1.519000e+01 5.823999e+02 -9.796819e+01
1.520000e+01 5.770173e+02 -1.093196e+02
1.521000e+01 5.715328e+02 -1.204059e+02
1.522000e+01 5.659469e+02 -1.312336e+02
1.523000e+01 5.602604e+02 -1.418086e+02
1.524000e+01 5.544740e+02 -1.521363e+02
1.525000e+01 5.485887e+02 -1.622218e+02
1.526000e+01 5.426058e+02 -1.720693e+02
1.527000e+01 5.365263e+02 -1.816831e+02
1.528000e+01 5.303517e+02 -1.910667e+02
1.529000e+01 5.240835e+02 -2.002235e+02
1.530000e+01 5.177233e+02 -2.091567e+02
1.531000e+01 5.112727e+02 -2.178688e+02
1.532000e+01 5.047337e+02 -2.263626e+02
1.533000e+01 4.981081e+02 -2.346402e+02
1.534000e+01 4.913978e+02 -2.427038e+02
1.535000e+01 4.846049e+02 -2.505552e+02
1.536000e+01 4.777317e+02 -2.581962e+02
1.537000e+01 4.707802e+02 -2.656285e+02
1.538000e+01 4.637528e+02 -2.728534e+02
1.539000e+01 4.566519e+02 -2.798724e+02
1.540000e+01 4.494798e+02 -2.866866e+02
1.541000e+01 4.422391e+02 -2.932972e+02
1.542000e+01 4.349322e+02 -2.997052e+02
1.543000e+01 4.275619e+02 -3.059117e+02
1.544000e+01 4.201306e+02 -3.119175e+02
1.545000e+01 4.126412e+02 -3.177235e+02
1.546000e+01 4.050963e+02 -3.233306e+02
1.547000e+01 3.974988e+02 -3.287395e+02
1.548000e+01 3.898514e+02 -3.339509e+02
1.549000e+01 3.821571e+02 -3.389656e+02
1.550000e+01 3.744188e+02 -3.437844e+02
1.551000e+01 3.666393e+02 -3.484077e+02
1.552000e+01 3.588217e+02 -3.528364e+02
1.553000e+01 3.509689e+02 -3.570712e+02
1.554000e+01 3.430840e+02 -3.611126e+02
1.555000e+01 3.351700e+02 -3.649614e+02
1.556000e+01 3.272301e+02 -3.686182e+02
1.557000e+01 3.192672e+02 -3.720838e+02
1.558000e+01 3.112846e+02 -3.753589e+02
1.559000e+01 3.032854e+02 -3.784441e+02
1.560000e+01 2.952727e+02 -3.813403e+02
1.561000e+01 2.872497e+02 -3.840483e+02
1.562000e+01 2.792196e+02 -3.865687e+02
1.563000e+01 2.711855e+02 -3.889025e+02
1.564000e+01 2.631507e+02 -3.910506e+02
1.565000e+01 2.551183e+02 -3.930138e+02
1.566000e+01 2.470917e+02 -3.947930e+02
1.567000e+01 2.390740e+02 -3.963893e+02
1.568000e+01 2.310683e+02 -3.978036e+02
1.569000e+01 2.230781e+02 -3.990370e+02
1.570000e+01 2.151063e+02 -4.000906e+02
1.571000e+01 2.071564e+02 -4.009656e+02
1.572000e+01 1.992314e+02 -4.016630e+02
1.573000e+01 1.913346e+02 -4.021841e+02
1.574000e+01 1.834691e+02 -4.025302e+02
1.575000e+01 1.756383e+02 -4.027026e+02
1.576000e+01 1.678451e+02 -4.027026e+02
1.577000e+01 1.600928e+02 -4.025318e+02
1.578000e+01 1.523846e+02 -4.021914e+02
1.579000e+01 1.447236e+02 -4.016831e+02
1.580000e+01 1.371128e+02 -4.010084e+02
1.581000e+01 1.295554e+02 -4.001690e+02
1.582000e+01 1.220544e+02 -3.991663e+02
1.583000e+01 1.146130e+02 -3.980023e+02
1.584000e+01 1.072340e+02 -3.966786e+02
1.585000e+01 9.992064e+01 -3.951970e+02
1.586000e+01 9.267577e+01 -3.935594e+02
1.587000e+01 8.550236e+01 -3.917678e+02
1.588000e+01 7.840334e+01 -3.898240e+02
1.589000e+01 7.138161e+01 -3.877302e+02
1.590000e+01 6.444003e+01 -3.854883e+02
1.591000e+01 5.758144e+01 -3.831005e+02
1.592000e+01 5.080862e+01 -3.805689e+02
1.593000e+01 4.412435e+01 -3.778959e+02
1.594000e+01 3.753134e+01 -3.750835e+02
1.595000e+01 3.103230e+01 -3.721343e+02
1.596000e+01 2.462987e+01 -3.690504e+02
1.597000e+01 1.832666e+01 -3.658344e+02
1.598000e+01 1.212525e+01 -3.624886e+02
1.599000e+01 6.028171e+00 -3.590157e+02
1.600000e+01 3.790767e-02 -3.554182e+02
1.601000e+01 -5.843095e+00 -3.516986e+02
1.602000e+01 -1.161243e+01 -3.478597e+02
1.603000e+01 -1.726776e+01 -3.439041e+02
1.604000e+01 -2.280676e+01 -3.398345e+02
1.605000e+01 -2.822717e+01 -3.356538e+02
1.606000e+01 -3.352678e+01 -3.313648e+02
1.607000e+01 -3.870344e+01 -3.269703e+02
1.608000e+01 -4.375501e+01 -3.224734e+02
1.609000e+01 -4.867945e+01 -3.178768e+02
1.610000e+01 -5.347473e+01 -3.131837e+02
1.611000e+01 -5.813891e+01 -3.083970e+02
1.612000e+01 -6.267006e+01 -3.035199e+02
1.613000e+01 -6.706635e+01 -2.985555e+02
1.614000e+01 -7.132597e+01 -2.935069e+02
1.615000e+01 -7.544717e+01 -2.883773e+02
1.616000e+01 -7.942827e+01 -2.831700e+02
1.617000e+01 -8.326763e+01 -2.778881e+02
1.618000e+01 -8.696369e+01 -2.725351e+02
1.619000e+01 -9.051490e+01 -2.671142e+02
1.620000e+01 -9.391983e+01 -2.616289e+02
1.621000e+01 -9.717705e+01 -2.560824e+02
1.622000e+01 -1.002852e+02 -2.504783e+02
1.623000e+01 -1.032431e+02 -2.448200e+02
1.624000e+01 -1.060493e+02 -2.391111e+02
1.625000e+01 -1.087029e+02 -2.333549e+02
1.626000e+01 -1.112026e+02 -2.275551e+02
1.627000e+01 -1.135473e+02 -2.217153e+02
1.628000e+01 -1.157362e+02 -2.158391e+02
1.629000e+01 -1.177683e+02 -2.099300e+02
1.630000e+01 -1.196426e+02 -2.039919e+02
1.631000e+01 -1.213584e+02 -1.980283e+02
1.632000e+01 -1.229149e+02 -1.920429e+02
1.633000e+01 -1.243114e+02 -1.860396e+02
1.634000e+01 -1.255473e+02 -1.800220e+02
1.635000e+01 -1.266220e+02 -1.739940e+02
1.636000e+01 -1.275350e+02 -1.679594e+02
1.637000e+01 -1.282858e+02 -1.619220e+02
1.638000e+01 -1.288739e+02 -1.558856e+02
1.639000e+01 -1.292992e+02 -1.498542e+02
1.640000e+01 -1.295611e+02 -1.438316e+02
1.641000e+01 -1.296596e+02 -1.378218e+02
1.642000e+01 -1.295944e+02 -1.318286e+02
1.643000e+01 -1.293654e+02 -1.258562e+02
1.644000e+01 -1.289725e+02 -1.199085e+02
1.645000e+01 -1.284157e+02 -1.139894e+02
1.646000e+01 -1.276950e+02 -1.081031e+02
1.647000e+01 -1.268106e+02 -1.022537e+02
1.648000e+01 -1.257625e+02 -9.644507e+01
1.649000e+01 -1.245508e+02 -9.068150e+01
1.650000e+01 -1.231760e+02 -8.496711e+01
1.651000e+01 -1.216381e+02 -7.930606e+01
1.652000e+01 -1.199375e+02 -7.370256e+01
1.653000e+01 -1.180747e+02 -6.816087e+01
1.654000e+01 -1.160498e+02 -6.268523e+01
1.655000e+01 -1.138635e+02 -5.727998e+01
1.656000e+01 -1.115162e+02 -5.194945e+01
1.657000e+01 -1.090084e+02 -4.669804e+01
1.658000e+01 -1.063406e+02 -4.153018e+01
1.659000e+01 -1.035133e+02 -3.645035e+01
1.660000e+01 -1.005273e+02 -3.146310e+01
1.661000e+01 -9.738303e+01 -2.657301e+01
1.662000e+01 -9.408121e+01 -2.178474e+01
1.663000e+01 -9.062249e+01 -1.710300e+01
1.664000e+01 -8.700752e+01 -1.253260e+01
1.665000e+01 -8.323698e+01 -8.078393e+00
1.666000e+01 -7.931155e+01 -3.745348e+00
1.667000e+01 -7.523192e+01 4.614851e-01
1.668000e+01 -7.099876e+01 4.536951e+00
1.669000e+01 -6.661273e+01 8.475781e+00
1.670000e+01 -6.207448e+01 1.227258e+01
1.671000e+01 -5.738463e+01 1.592183e+01
1.672000e+01 -5.254379e+01 1.941783e+01
1.673000e+01 -4.755249e+01 2.275477e+01
1.674000e+01 -4.241126e+01 2.592659e+01
1.675000e+01 -3.712054e+01 2.892710e+01
1.676000e+01 -3.168072e+01 3.174984e+01
1.677000e+01 -2.609210e+01 3.438813e+01
1.678000e+01 -2.035490e+01 3.683503e+01
1.679000e+01 -1.446924e+01 3.908327e+01
1.680000e+01 -8.435108e+00 4.112530e+01
1.681000e+01 -2.252355e+00 4.295317e+01
1.682000e+01 4.079315e+00 4.455856e+01
1.683000e+01 1.056038e+01 4.593268e+01
1.684000e+01 1.719151e+01 4.706624e+01
1.685000e+01 2.397361e+01 4.794943e+01
1.686000e+01 3.090784e+01 4.857181e+01
1.687000e+01 3.799565e+01 4.892223e+01
1.688000e+01 4.523882e+01 4.898881e+01
1.689000e+01 5.263949e+01 4.875879e+01
1.690000e+01 6.020022e+01 4.821844e+01
1.691000e+01 6.792405e+01 4.735297e+01
1.692000e+01 7.581458e+01 4.614633e+01
1.693000e+01 8.387598e+01 4.458111e+01
1.694000e+01 9.211315e+01 4.263833e+01
1.695000e+01 1.005318e+02 4.029723e+01
1.696000e+01 1.091384e+02 3.753502e+01
1.697000e+01 1.179408e+02 3.432661e+01
1.698000e+01 1.269476e+02 3.064426e+01
1.699000e+01 1.361692e+02 2.645716e+01
1.700000e+01 1.456173e+02 2.173102e+01
1.701000e+01 1.553057e+02 1.642746e+01
1.702000e+01 1.652501e+02 1.050340e+01
1.703000e+01 1.754689e+02 3.910209e+00
1.704000e+01 1.859835e+02 -3.407202e+00
1.705000e+01 1.968189e+02 -1.151156e+01
1.706000e+01 2.080040e+02 -2.047463e+01
1.707000e+01 2.195732e+02 -3.037898e+01
1.708000e+01 2.315665e+02 -4.132010e+01
1.709000e+01 2.440317e+02 -5.340910e+01
1.710000e+01 2.570252e+02 -6.677609e+01
1.711000e+01 2.706149e+02 -8.157446e+01
1.712000e+01 2.848822e+02 -9.798639e+01
1.713000e+01 2.999260e+02 -1.162300e+02
1.714000e+01 3.158673e+02 -1.365686e+02
1.715000e+01 3.328553e+02 -1.593233e+02
1.716000e+01 3.510764e+02 -1.848897e+02
1.717000e+01 3.707655e+02 -2.137607e+02
1.718000e+01 3.922232e+02 -2.465589e+02
1.719000e+01 4.158402e+02 -2.840816e+02
1.720000e+01 4.421324e+02 -3.273674e+02
1.721000e+01 4.717959e+02 -3.777940e+02
1.722000e+01 5.057918e+02 -4.372302e+02
1.723000e+01 5.454840e+02 -5.082745e+02
1.724000e+01 5.928743e+02 -5.946496e+02
1.725000e+01 6.510205e+02 -7.018838e+02
1.726000e+01 7.248316e+02 -8.385529e+02
1.727000e+01 8.227048e+02 -1.018708e+03
1.728000e+01 9.602471e+02 -1.267056e+03
1.729000e+01 1.169972e+03 -1.631322e+03
1.730000e+01 1.531924e+03 -2.216758e+03
1.731000e+01 2.304294e+03 -3.306320e+03
1.732000e+01 4.895314e+03 -5.924783e+03
1.733000e+01 2.919149e+04 3.278240e+03
1.734000e+01 -4.557872e+02 9.230814e+03
1.735000e+01 -7.662387e+02 4.597508e+03
1.736000e+01 -5.492429e+02 3.085041e+03
1.737000e+01 -3.832642e+02 2.347239e+03
1.738000e+01 -2.647747e+02 1.911018e+03
1.739000e+01 -1.771634e+02 1.622585e+03
1.740000e+01 -1.097388e+02 1.417342e+03
1.741000e+01 -5.602789e+01 1.263483e+03
1.742000e+01 -1.200276e+01 1.143552e+03
1.743000e+01 2.494314e+01 1.047172e+03
1.744000e+01 5.656052e+01 9.677947e+02
1.745000e+01 8.406475e+01 9.010811e+02
1.746000e+01 1.083240e+02 8.440451e+02
1.747000e+01 1.299739e+02 7.945639e+02
1.748000e+01 1.494902e+02 7.510877e+02
1.749000e+01 1.672355e+02 7.124585e+02
1.750000e+01 1.834907e+02 6.777942e+02
1.751000e+01 1.984767e+02 6.464109e+02
1.752000e+01 2.123697e+02 6.177707e+02
1.753000e+01 2.253115e+02 5.914444e+02
1.754000e+01 2.374175e+02 5.670859e+02
1.755000e+01 2.487825e+02 5.444128e+02
1.756000e+01 2.594854e+02 5.231928e+02
1.757000e+01 2.695917e+02 5.032329e+02
1.758000e+01 2.791567e+02 4.843717e+02
1.759000e+01 2.882270e+02 4.664730e+02
1.760000e+01 2.968426e+02 4.494215e+02
1.761000e+01 3.050374e+02 4.331188e+02
1.762000e+01 3.128408e+02 4.174806e+02
1.763000e+01 3.202780e+02 4.024341e+02
1.764000e+01 3.273710e+02 3.879165e+02
1.765000e+01 3.341390e+02 3.738731e+02
1.766000e+01 3.405987e+02 3.602563e+02
1.767000e+01 3.467648e+02 3.470244e+02
1.768000e+01 3.526502e+02 3.341408e+02
1.769000e+01 3.582664e+02 3.215735e+02
1.770000e+01 3.636236e+02 3.092941e+02
1.771000e+01 3.687308e+02 2.972776e+02
1.772000e+01 3.735960e+02 2.855018e+02
1.773000e+01 3.782265e+02 2.739470e+02
1.774000e+01 3.826287e+02 2.625960e+02
1.775000e+01 3.868085e+02 2.514333e+02
1.776000e+01 3.907711e+02 2.404451e+02
1.777000e+01 3.945213e+02 2.296192e+02
1.778000e+01 3.980635e+02 2.189448e+02
1.779000e+01 4.014017e+02 2.084123e+02
1.780000e+01 4.045394e+02 1.980131e+02
1.781000e+01 4.074801e+02 1.877397e+02
1.782000e+01 4.102268e+02 1.775853e+02
1.783000e+01 4.127824e+02 1.675441e+02
1.784000e+01 4.151496e+02 1.576107e+02
1.785000e+01 4.173309e+02 1.477806e+02
1.786000e+01 4.193285e+02 1.380499e+02
1.787000e+01 4.211449e+02 1.284150e+02
1.788000e+01 4.227819e+02 1.188729e+02
1.789000e+01 4.242418e+02 1.094210e+02
1.790000e+01 4.255263e+02 1.000572e+02
1.791000e+01 4.266374e+02 9.077952e+01
1.792000e+01 4.275769e+02 8.158653e+01
1.793000e+01 4.283465e+02 7.247699e+01
1.794000e+01 4.289478e+02 6.344995e+01
1.795000e+01 4.293827e+02 5.450469e+01
1.796000e+01 4.296527e+02 4.564074e+01
1.797000e+01 4.297595e+02 3.685782e+01
1.798000e+01 4.297046e+02 2.815582e+01
1.799000e+01 4.294897e+02 1.953484e+01
1.800000e+01 4.291165e+02 1.099510e+01
1.801000e+01 4.285864e+02 2.536989e+00
1.802000e+01 4.279012e+02 -5.839002e+00
1.803000e+01 4.270624e+02 -1.413224e+01
1.804000e+01 4.260717e+02 -2.234201e+01
1.805000e+01 4.249308e+02 -3.046747e+01
1.806000e+01 4.236412e+02 -3.850771e+01
1.807000e+01 4.222048e+02 -4.646174e+01
1.808000e+01 4.206231e+02 -5.432849e+01
1.809000e+01 4.188980e+02 -6.210684e+01
1.810000e+01 4.170312e+02 -6.979560e+01
1.811000e+01 4.150244e+02 -7.739353e+01
1.812000e+01 4.128796e+02 -8.489936e+01
1.813000e+01 4.105985e+02 -9.231177e+01
1.814000e+01 4.081831e+02 -9.962940e+01
1.815000e+01 4.056351e+02 -1.068509e+02
1.816000e+01 4.029567e+02 -1.139748e+02
1.817000e+01 4.001497e+02 -1.209997e+02
1.818000e+01 3.972161e+02 -1.279243e+02
1.819000e+01 3.941580e+02 -1.347469e+02
1.820000e+01 3.909775e+02 -1.414663e+02
1.821000e+01 3.876766e+02 -1.480808e+02
1.822000e+01 3.842575e+02 -1.545891e+02
1.823000e+01 3.807223e+02 -1.609898e+02
1.824000e+01 3.770734e+02 -1.672812e+02
1.825000e+01 3.733128e+02 -1.734621e+02
1.826000e+01 3.694430e+02 -1.795309e+02
1.827000e+01 3.654661e+02 -1.854864e+02
1.828000e+01 3.613846e+02 -1.913269e+02
1.829000e+01 3.572007e+02 -1.970513e+02
1.830000e+01 3.529170e+02 -2.026581e+02
1.831000e+01 3.485358e+02 -2.081459e+02
1.832000e+01 3.440596e+02 -2.135135e+02
1.833000e+01 3.394909e+02 -2.187596e+02
1.834000e+01 3.348322e+02 -2.238830e+02
1.835000e+01 3.300861e+02 -2.288823e+02
1.836000e+01 3.252551e+02 -2.337564e+02
1.837000e+01 3.203420e+02 -2.385042e+02
1.838000e+01 3.153492e+02 -2.431246e+02
1.839000e+01 3.102795e+02 -2.476163e+02
1.840000e+01 3.051356e+02 -2.519785e+02
1.841000e+01 2.999202e+02 -2.562101e+02
1.842000e+01 2.946360e+02 -2.603100e+02
1.843000e+01 2.892857e+02 -2.642775e+02
1.844000e+01 2.838723e+02 -2.681116e+02
1.845000e+01 2.783984e+02 -2.718115e+02
1.846000e+01 2.728669e+02 -2.753764e+02
1.847000e+01 2.672806e+02 -2.788055e+02
1.848000e+01 2.616424e+02 -2.820982e+02
1.849000e+01 2.559553e+02 -2.852538e+02
1.850000e+01 2.502220e+02 -2.882717e+02
1.851000e+01 2.444454e+02 -2.911514e+02
1.852000e+01 2.386286e+02 -2.938923e+02
1.853000e+01 2.327745e+02 -2.964941e+02
1.854000e+01 2.268859e+02 -2.989563e+02
1.855000e+01 2.209659e+02 -3.012786e+02
1.856000e+01 2.150174e+02 -3.034607e+02
1.857000e+01 2.090434e+02 -3.055024e+02
1.858000e+01 2.030469e+02 -3.074034e+02
1.859000e+01 1.970309e+02 -3.091638e+02
1.860000e+01 1.909984e+02 -3.107833e+02
1.861000e+01 1.849524e+02 -3.122620e+02
1.862000e+01 1.788958e+02 -3.136000e+02
1.863000e+01 1.728318e+02 -3.147973e+02
1.864000e+01 1.667633e+02 -3.158542e+02
1.865000e+01 1.606932e+02 -3.167707e+02
1.866000e+01 1.546247e+02 -3.175472e+02
1.867000e+01 1.485608e+02 -3.181840e+02
1.868000e+01 1.425043e+02 -3.186816e+02
1.869000e+01 1.364584e+02 -3.190403e+02
1.870000e+01 1.304260e+02 -3.192606e+02
1.871000e+01 1.244101e+02 -3.193432e+02
1.872000e+01 1.184137e+02 -3.192886e+02
1.873000e+01 1.124397e+02 -3.190975e+02
1.874000e+01 1.064911e+02 -3.187706e+02
1.875000e+01 1.005708e+02 -3.183088e+02
1.876000e+01 9.468184e+01 -3.177129e+02
1.877000e+01 8.882705e+01 -3.169837e+02
1.878000e+01 8.300936e+01 -3.161223e+02
1.879000e+01 7.723166e+01 -3.151297e+02
1.880000e+01 7.149683e+01 -3.140070e+02
1.881000e+01 6.580771e+01 -3.127553e+02
1.882000e+01 6.016715e+01 -3.113757e+02
1.883000e+01 5.457797e+01 -3.098697e+02
1.884000e+01 4.904296e+01 -3.082383e+02
1.885000e+01 4.356490e+01 -3.064831e+02
1.886000e+01 3.814655e+01 -3.046054e+02
1.887000e+01 3.279063e+01 -3.026067e+02
1.888000e+01 2.749987e+01 -3.004885e+02
1.889000e+01 2.227693e+01 -2.982525e+02
1.890000e+01 1.712448e+01 -2.959002e+02
1.891000e+01 1.204515e+01 -2.934333e+02
1.892000e+01 7.041546e+00 -2.908537e+02
1.893000e+01 2.116247e+00 -2.881630e+02
1.894000e+01 -2.728200e+00 -2.853632e+02
1.895000e+01 -7.489274e+00 -2.824561e+02
1.896000e+01 -1.216448e+01 -2.794437e+02
1.897000e+01 -1.675137e+01 -2.763280e+02
1.898000e+01 -2.124750e+01 -2.731110e+02
1.899000e+01 -2.565049e+01 -2.697949e+02
1.900000e+01 -2.995795e+01 -2.663819e+02
1.901000e+01 -3.416756e+01 -2.628740e+02
1.902000e+01 -3.827701e+01 -2.592737e+02
1.903000e+01 -4.228404e+01 -2.555831e+02
1.904000e+01 -4.618641e+01 -2.518047e+02
1.905000e+01 -4.998191e+01 -2.479408e+02
1.906000e+01 -5.366838e+01 -2.439939e+02
1.907000e+01 -5.724368e+01 -2.399665e+02
1.908000e+01 -6.070571e+01 -2.358611e+02
1.909000e+01 -6.405240e+01 -2.316803e+02
1.910000e+01 -6.728171e+01 -2.274268e+02
1.911000e+01 -7.039164e+01 -2.231032e+02
1.912000e+01 -7.338022e+01 -2.187122e+02
1.913000e+01 -7.624551e+01 -2.142567e+02
1.914000e+01 -7.898561e+01 -2.097394e+02
1.915000e+01 -8.159864e+01 -2.051632e+02
1.916000e+01 -8.408277e+01 -2.005310e+02
1.917000e+01 -8.643618e+01 -1.958457e+02
1.918000e+01 -8.865708e+01 -1.911104e+02
1.919000e+01 -9.074372e+01 -1.863281e+02
1.920000e+01 -9.269437e+01 -1.815018e+02
1.921000e+01 -9.450733e+01 -1.766348e+02
1.922000e+01 -9.618092e+01 -1.717301e+02
1.923000e+01 -9.771349e+01 -1.667910e+02
1.924000e+01 -9.910339e+01 -1.618207e+02
1.925000e+01 -1.003490e+02 -1.568227e+02
1.926000e+01 -1.014488e+02 -1.518002e+02
1.927000e+01 -1.024010e+02 -1.467567e+02
1.928000e+01 -1.032043e+02 -1.416955e+02
1.929000e+01 -1.038569e+02 -1.366204e+02
1.930000e+01 -1.043574e+02 -1.315347e+02
1.931000e+01 -1.047041e+02 -1.264422e+02
1.932000e+01 -1.048955e+02 -1.213465e+02
1.933000e+01 -1.049301e+02 -1.162514e+02
1.934000e+01 -1.048062e+02 -1.111607e+02
1.935000e+01 -1.045222e+02 -1.060782e+02
1.936000e+01 -1.040766e+02 -1.010079e+02
1.937000e+01 -1.034676e+02 -9.595390e+01
1.938000e+01 -1.026936e+02 -9.092020e+01
1.939000e+01 -1.017528e+02 -8.591100e+01
1.940000e+01 -1.006434e+02 -8.093059e+01
1.941000e+01 -9.936360e+01 -7.598334e+01
1.942000e+01 -9.791142e+01 -7.107371e+01
1.943000e+01 -9.628484e+01 -6.620629e+01
1.944000e+01 -9.448174e+01 -6.138578e+01
1.945000e+01 -9.249989e+01 -5.661703e+01
1.946000e+01 -9.033692e+01 -5.190502e+01
1.947000e+01 -8.799029e+01 -4.725487e+01
1.948000e+01 -8.545734e+01 -4.267189e+01
1.949000e+01 -8.273515e+01 -3.816158e+01
1.950000e+01 -7.982065e+01 -3.372964e+01
1.951000e+01 -7.671047e+01 -2.938199e+01
1.952000e+01 -7.340098e+01 -2.512481e+01
1.953000e+01 -6.988824e+01 -2.096455e+01
1.954000e+01 -6.616794e+01 -1.690799e+01
1.955000e+01 -6.223536e+01 -1.296223e+01
1.956000e+01 -5.808535e+01 -9.134764e+00
1.957000e+01 -5.371221e+01 -5.433521e+00
1.958000e+01 -4.910966e+01 -1.866908e+00
1.959000e+01 -4.427075e+01 1.556123e+00
1.960000e+01 -3.918779e+01 4.826005e+00
1.961000e+01 -3.385219e+01 7.932477e+00
1.962000e+01 -2.825440e+01 1.086449e+01
1.963000e+01 -2.238371e+01 1.361010e+01
1.964000e+01 -1.622813e+01 1.615633e+01
1.965000e+01 -9.774162e+00 1.848904e+01
1.966000e+01 -3.006585e+00 2.059274e+01
1.967000e+01 4.091826e+00 2.245037e+01
1.968000e+01 1.154063e+01 2.404308e+01
1.969000e+01 1.936209e+01 2.534991e+01
1.970000e+01 2.758167e+01 2.634744e+01
1.971000e+01 3.622858e+01 2.700938e+01
1.972000e+01 4.533650e+01 2.730604e+01
1.973000e+01 5.494436e+01 2.720367e+01
1.974000e+01 6.509748e+01 2.666374e+01
1.975000e+01 7.584879e+01 2.564189e+01
1.976000e+01 8.726050e+01 2.408679e+01
1.977000e+01 9.940619e+01 2.193856e+01
1.978000e+01 1.123734e+02 1.912688e+01
1.979000e+01 1.262671e+02 1.556845e+01
1.980000e+01 1.412141e+02 1.116376e+01
1.981000e+01 1.573691e+02 5.792830e+00
1.982000e+01 1.749224e+02 -6.904652e-01
1.983000e+01 1.941109e+02 -8.466091e+00
1.984000e+01 2.152330e+02 -1.775839e+01
1.985000e+01 2.386700e+02 -2.885082e+01
1.986000e+01 2.649160e+02 -4.210700e+01
1.987000e+01 2.946240e+02 -5.800138e+01
1.988000e+01 3.286737e+02 -7.716513e+01
1.989000e+01 3.682797e+02 -1.004569e+02
1.990000e+01 4.151660e+02 -1.290753e+02
1.991000e+01 4.718648e+02 -1.647462e+02
1.992000e+01 5.422498e+02 -2.100471e+02
1.993000e+01 6.325586e+02 -2.690042e+02
1.994000e+01 7.535122e+02 -3.482702e+02
1.995000e+01 9.252070e+02 -4.596561e+02
1.996000e+01 1.190151e+03 -6.262184e+02
1.997000e+01 1.656131e+03 -8.991128e+02
1.998000e+01 2.694740e+03 -1.411186e+03
1.999000e+01 6.776894e+03 -2.316483e+03
2.000000e+01 -2.404027e+03 1.430712e+04
2.001000e+01 -2.584709e+03 3.441835e+03
2.002000e+01 -1.594994e+03 1.937005e+03
2.003000e+01 -1.131743e+03 1.388630e+03
2.004000e+01 -8.664386e+02 1.107857e+03
2.005000e+01 -6.940598e+02 9.378938e+02
2.006000e+01 -5.723993e+02 8.241621e+02
2.007000e+01 -4.813803e+02 7.427865e+02
2.008000e+01 -4.102665e+02 6.816912e+02
2.009000e+01 -3.528053e+02 6.341193e+02
2.010000e+01 -3.051119e+02 5.959973e+02
2.011000e+01 -2.646472e+02 5.647246e+02
2.012000e+01 -2.296818e+02 5.385632e+02
2.013000e+01 -1.989981e+02 5.163077e+02
2.014000e+01 -1.717141e+02 4.970960e+02
2.015000e+01 -1.471757e+02 4.802953e+02
2.016000e+01 -1.248875e+02 4.654306e+02
2.017000e+01 -1.044679e+02 4.521386e+02
2.018000e+01 -8.561824e+01 4.401366e+02
2.019000e+01 -6.810161e+01 4.292013e+02
2.020000e+01 -5.172777e+01 4.191544e+02
2.021000e+01 -3.634232e+01 4.098514e+02
2.022000e+01 -2.181877e+01 4.011742e+02
2.023000e+01 -8.052584e+00 3.930253e+02
2.024000e+01 5.043312e+00 3.853238e+02
2.025000e+01 1.754192e+01 3.780017e+02
2.026000e+01 2.950486e+01 3.710016e+02
2.027000e+01 4.098442e+01 3.642747e+02
2.028000e+01 5.202521e+01 3.577796e+02
2.029000e+01 6.266544e+01 3.514805e+02
2.030000e+01 7.293803e+01 3.453465e+02
2.031000e+01 8.287137e+01 3.393512e+02
2.032000e+01 9.249012e+01 3.334713e+02
2.033000e+01 1.018157e+02 3.276867e+02
2.034000e+01 1.108667e+02 3.219797e+02
2.035000e+01 1.196595e+02 3.163350e+02
2.036000e+01 1.282083e+02 3.107390e+02
2.037000e+01 1.365258e+02 3.051798e+02
2.038000e+01 1.446228e+02 2.996470e+02
2.039000e+01 1.525091e+02 2.941313e+02
2.040000e+01 1.601932e+02 2.886248e+02
2.041000e+01 1.676826e+02 2.831202e+02
2.042000e+01 1.749839e+02 2.776114e+02
2.043000e+01 1.821030e+02 2.720927e+02
2.044000e+01 1.890449e+02 2.665596e+02
2.045000e+01 1.958144e+02 2.610077e+02
2.046000e+01 2.024153e+02 2.554334e+02
2.047000e+01 2.088512e+02 2.498336e+02
2.048000e+01 2.151251e+02 2.442056e+02
2.049000e+01 2.212399e+02 2.385472e+02
2.050000e+01 2.271978e+02 2.328564e+02
2.051000e+01 2.330011e+02 2.271316e+02
2.052000e+01 2.386514e+02 2.213717e+02
2.053000e+01 2.441505e+02 2.155755e+02
2.054000e+01 2.494997e+02 2.097424e+02
2.055000e+01 2.547002e+02 2.038719e+02
2.056000e+01 2.597530e+02 1.979637e+02
2.057000e+01 2.646590e+02 1.920178e+02
2.058000e+01 2.694191e+02 1.860343e+02
2.059000e+01 2.740337e+02 1.800134e+02
2.060000e+01 2.785036e+02 1.739556e+02
2.061000e+01 2.828292e+02 1.678615e+02
2.062000e+01 2.870107e+02 1.617319e+02
2.063000e+01 2.910487e+02 1.555675e+02
2.064000e+01 2.949433e+02 1.493695e+02
2.065000e+01 2.986948e+02 1.431388e+02
2.066000e+01 3.023033e+02 1.368767e+02
2.067000e+01 3.057690e+02 1.305844e+02
2.068000e+01 3.090921e+02 1.242635e+02
2.069000e+01 3.122726e+02 1.179152e+02
2.070000e+01 3.153106e+02 1.115412e+02
2.071000e+01 3.182062e+02 1.051432e+02
2.072000e+01 3.209595e+02 9.872269e+01
2.073000e+01 3.235707e+02 9.228156e+01
2.074000e+01 3.260396e+02 8.582161e+01
2.075000e+01 3.283666e+02 7.934470e+01
2.076000e+01 3.305516e+02 7.285277e+01
2.077000e+01 3.325947e+02 6.634779e+01
2.078000e+01 3.344963e+02 5.983178e+01
2.079000e+01 3.362562e+02 5.330681e+01
2.080000e+01 3.378749e+02 4.677498e+01
2.081000e+01 3.393524e+02 4.023844e+01
2.082000e+01 3.406890e+02 3.369935e+01
2.083000e+01 3.418850e+02 2.715993e+01
2.084000e+01 3.429406e+02 2.062240e+01
2.085000e+01 3.438562e+02 1.408903e+01
2.086000e+01 3.446321e+02 7.562098e+00
2.087000e+01 3.452688e+02 1.043905e+00
2.088000e+01 3.457666e+02 -5.463224e+00
2.089000e+01 3.461260e+02 -1.195695e+01
2.090000e+01 3.463475e+02 -1.843493e+01
2.091000e+01 3.464318e+02 -2.489478e+01
2.092000e+01 3.463792e+02 -3.133413e+01
2.093000e+01 3.461905e+02 -3.775061e+01
2.094000e+01 3.458664e+02 -4.414182e+01
2.095000e+01 3.454075e+02 -5.050535e+01
2.096000e+01 3.448147e+02 -5.683883e+01
2.097000e+01 3.440886e+02 -6.313983e+01
2.098000e+01 3.432302e+02 -6.940598e+01
2.099000e+01 3.422403e+02 -7.563486e+01
2.100000e+01 3.411198e+02 -8.182408e+01
2.101000e+01 3.398698e+02 -8.797127e+01
2.102000e+01 3.384913e+02 -9.407403e+01
2.103000e+01 3.369852e+02 -1.001300e+02
2.104000e+01 3.353528e+02 -1.061368e+02
2.105000e+01 3.335952e+02 -1.120921e+02
2.106000e+01 3.317135e+02 -1.179935e+02
2.107000e+01 3.297091e+02 -1.238388e+02
2.108000e+01 3.275832e+02 -1.296256e+02
2.109000e+01 3.253371e+02 -1.353516e+02
2.110000e+01 3.229723e+02 -1.410146e+02
2.111000e+01 3.204901e+02 -1.466123e+02
2.112000e+01 3.178921e+02 -1.521425e+02
2.113000e+01 3.151797e+02 -1.576029e+02
2.114000e+01 3.123545e+02 -1.629914e+02
2.115000e+01 3.094182e+02 -1.683058e+02
2.116000e+01 3.063722e+02 -1.735440e+02
2.117000e+01 3.032184e+02 -1.787038e+02
2.118000e+01 2.999585e+02 -1.837833e+02
2.119000e+01 2.965942e+02 -1.887802e+02
2.120000e+01 2.931274e+02 -1.936927e+02
2.121000e+01 2.895599e+02 -1.985187e+02
2.122000e+01 2.858935e+02 -2.032563e+02
2.123000e+01 2.821303e+02 -2.079034e+02
2.124000e+01 2.782722e+02 -2.124584e+02
2.125000e+01 2.743213e+02 -2.169192e+02
2.126000e+01 2.702794e+02 -2.212841e+02
2.127000e+01 2.661489e+02 -2.255513e+02
2.128000e+01 2.619317e+02 -2.297190e+02
2.129000e+01 2.576300e+02 -2.337855e+02
2.130000e+01 2.532461e+02 -2.377492e+02
2.131000e+01 2.487821e+02 -2.416085e+02
2.132000e+01 2.442403e+02 -2.453617e+02
2.133000e+01 2.396230e+02 -2.490073e+02
2.134000e+01 2.349325e+02 -2.525438e+02
2.135000e+01 2.301713e+02 -2.559698e+02
2.136000e+01 2.253415e+02 -2.592838e+02
2.137000e+01 2.204458e+02 -2.624845e+02
2.138000e+01 2.154865e+02 -2.655706e+02
2.139000e+01 2.104661e+02 -2.685407e+02
2.140000e+01 2.053871e+02 -2.713936e+02
2.141000e+01 2.002520e+02 -2.741282e+02
2.142000e+01 1.950634e+02 -2.767434e+02
2.143000e+01 1.898239e+02 -2.792379e+02
2.144000e+01 1.845360e+02 -2.816109e+02
2.145000e+01 1.792023e+02 -2.838612e+02
2.146000e+01 1.738256e+02 -2.859880e+02
2.147000e+01 1.684084e+02 -2.879903e+02
2.148000e+01 1.629535e+02 -2.898674e+02
2.149000e+01 1.574635e+02 -2.916184e+02
2.150000e+01 1.519412e+02 -2.932426e+02
2.151000e+01 1.463893e+02 -2.947393e+02
2.152000e+01 1.408106e+02 -2.961079e+02
2.153000e+01 1.352077e+02 -2.973477e+02
2.154000e+01 1.295836e+02 -2.984582e+02
2.155000e+01 1.239409e+02 -2.994391e+02
2.156000e+01 1.182825e+02 -3.002897e+02
2.157000e+01 1.126113e+02 -3.010097e+02
2.158000e+01 1.069299e+02 -3.015989e+02
2.159000e+01 1.012414e+02 -3.020569e+02
2.160000e+01 9.554844e+01 -3.023835e+02
2.161000e+01 8.985396e+01 -3.025785e+02
2.162000e+01 8.416080e+01 -3.026419e+02
2.163000e+01 7.847183e+01 -3.025734e+02
2.164000e+01 7.278992e+01 -3.023732e+02
2.165000e+01 6.711794e+01 -3.020413e+02
2.166000e+01 6.145878e+01 -3.015777e+02
2.167000e+01 5.581531e+01 -3.009825e+02
2.168000e+01 5.019041e+01 -3.002560e+02
2.169000e+01 4.458698e+01 -2.993984e+02
2.170000e+01 3.900789e+01 -2.984100e+02
2.171000e+01 3.345604e+01 -2.972911e+02
2.172000e+01 2.793431e+01 -2.960421e+02
2.173000e+01 2.244557e+01 -2.946634e+02
2.174000e+01 1.699272e+01 -2.931556e+02
2.175000e+01 1.157863e+01 -2.915190e+02
2.176000e+01 6.206189e+00 -2.897544e+02
2.177000e+01 8.782612e-01 -2.878623e+02
2.178000e+01 -4.402279e+00 -2.858434e+02
2.179000e+01 -9.632564e+00 -2.836985e+02
2.180000e+01 -1.480973e+01 -2.814282e+02
2.181000e+01 -1.993091e+01 -2.790333e+02
2.182000e+01 -2.499326e+01 -2.765148e+02
2.183000e+01 -2.999393e+01 -2.738734e+02
2.184000e+01 -3.493005e+01 -2.711102e+02
2.185000e+01 -3.979880e+01 -2.682260e+02
2.186000e+01 -4.459733e+01 -2.652219e+02
2.187000e+01 -4.932279e+01 -2.620988e+02
2.188000e+01 -5.397237e+01 -2.588580e+02
2.189000e+01 -5.854322e+01 -2.555004e+02
2.190000e+01 -6.303251e+01 -2.520272e+02
2.191000e+01 -6.743741e+01 -2.484396e+02
2.192000e+01 -7.175508e+01 -2.447388e+02
2.193000e+01 -7.598270e+01 -2.409259e+02
2.194000e+01 -8.011743e+01 -2.370023e+02
2.195000e+01 -8.415641e+01 -2.329692e+02
2.196000e+01 -8.809680e+01 -2.288279e+02
2.197000e+01 -9.193574e+01 -2.245797e+02
2.198000e+01 -9.567036e+01 -2.202260e+02
2.199000e+01 -9.929777e+01 -2.157681e+02
2.200000e+01 -1.028151e+02 -2.112073e+02
2.201000e+01 -1.062193e+02 -2.065450e+02
2.202000e+01 -1.095076e+02 -2.017825e+02
2.203000e+01 -1.126768e+02 -1.969213e+02
2.204000e+01 -1.157241e+02 -1.919627e+02
2.205000e+01 -1.186463e+02 -1.869081e+02
2.206000e+01 -1.214404e+02 -1.817588e+02
2.207000e+01 -1.241032e+02 -1.765161e+02
2.208000e+01 -1.266314e+02 -1.711813e+02
2.209000e+01 -1.290219e+02 -1.657558e+02
2.210000e+01 -1.312712e+02 -1.602408e+02
2.211000e+01 -1.333758e+02 -1.546375e+02
2.212000e+01 -1.353323e+02 -1.489471e+02
2.213000e+01 -1.371369e+02 -1.431707e+02
2.214000e+01 -1.387858e+02 -1.373093e+02
2.215000e+01 -1.402752e+02 -1.313640e+02
2.216000e+01 -1.416008e+02 -1.253356e+02
2.217000e+01 -1.427584e+02 -1.192249e+02
2.218000e+01 -1.437436e+02 -1.130325e+02
2.219000e+01 -1.445514e+02 -1.067592e+02
2.220000e+01 -1.451771e+02 -1.004053e+02
2.221000e+01 -1.456151e+02 -9.397096e+01
2.222000e+01 -1.458598e+02 -8.745639e+01
2.223000e+01 -1.459053e+02 -8.086142e+01
2.224000e+01 -1.457451e+02 -7.418570e+01
2.225000e+01 -1.453721e+02 -6.742858e+01
2.226000e+01 -1.447787e+02 -6.058915e+01
2.227000e+01 -1.439570e+02 -5.366612e+01
2.228000e+01 -1.428978e+02 -4.665782e+01
2.229000e+01 -1.415914e+02 -3.956214e+01
2.230000e+01 -1.400272e+02 -3.237645e+01
2.231000e+01 -1.381933e+02 -2.509753e+01
2.232000e+01 -1.360765e+02 -1.772148e+01
2.233000e+01 -1.336624e+02 -1.024361e+01
2.234000e+01 -1.309347e+02 -2.658351e+00
2.235000e+01 -1.278750e+02 5.040959e+00
2.236000e+01 -1.244629e+02 1.286219e+01
2.237000e+01 -1.206750e+02 2.081469e+01
2.238000e+01 -1.164848e+02 2.890948e+01
2.239000e+01 -1.118620e+02 3.715963e+01
2.240000e+01 -1.067718e+02 4.558064e+01
2.241000e+01 -1.011738e+02 5.419090e+01
2.242000e+01 -9.502124e+01 6.301231e+01
2.243000e+01 -8.825924e+01 7.207105e+01
2.244000e+01 -8.082322e+01 8.139856e+01
2.245000e+01 -7.263655e+01 9.103276e+01
2.246000e+01 -6.360759e+01 1.010197e+02
2.247000e+01 -5.362580e+01 1.114158e+02
2.248000e+01 -4.255664e+01 1.222903e+02
2.249000e+01 -3.023465e+01 1.337298e+02
2.250000e+01 -1.645406e+01 1.458430e+02
2.251000e+01 -9.557091e-01 1.587683e+02
2.252000e+01 1.659144e+01 1.726845e+02
2.253000e+01 3.661701e+01 1.878262e+02
2.254000e+01 5.968884e+01 2.045073e+02
2.255000e+01 8.657327e+01 2.231565e+02
2.256000e+01 1.183301e+02 2.443755e+02
2.257000e+01 1.564677e+02 2.690337e+02
2.258000e+01 2.032079e+02 2.984367e+02
2.259000e+01 2.619636e+02 3.346348e+02
2.260000e+01 3.382592e+02 3.810406e+02
2.261000e+01 4.416573e+02 4.437771e+02
2.262000e+01 5.902584e+02 5.350077e+02
2.263000e+01 8.229016e+02 6.827157e+02
2.264000e+01 1.240305e+03 9.680475e+02
2.265000e+01 2.202085e+03 1.753364e+03
2.266000e+01 5.339366e+03 8.434760e+03
2.267000e+01 -5.797370e+03 -7.434968e+02
2.268000e+01 -2.408877e+03 -6.238261e+02
2.269000e+01 -1.552808e+03 -3.979403e+02
2.270000e+01 -1.167909e+03 -2.671176e+02
2.271000e+01 -9.485697e+02 -1.833814e+02
2.272000e+01 -8.062094e+02 -1.249519e+02
2.273000e+01 -7.058026e+02 -8.152127e+01
2.274000e+01 -6.307433e+02 -4.768365e+01
2.275000e+01 -5.721499e+02 -2.035228e+01
2.276000e+01 -5.248444e+02 2.357517e+00
2.277000e+01 -4.856047e+02 2.165933e+01
2.278000e+01 -4.523218e+02 3.836899e+01
2.279000e+01 -4.235573e+02 5.305468e+01
2.280000e+01 -3.982972e+02 6.612396e+01
2.281000e+01 -3.758061e+02 7.787658e+01
2.282000e+01 -3.555379e+02 8.853780e+01
2.283000e+01 -3.370788e+02 9.828003e+01
2.284000e+01 -3.201097e+02 1.072374e+02
2.285000e+01 -3.043807e+02 1.155158e+02
2.286000e+01 -2.896933e+02 1.231999e+02
2.287000e+01 -2.758882e+02 1.303579e+02
2.288000e+01 -2.628359e+02 1.370457e+02
2.289000e+01 -2.504305e+02 1.433093e+02
2.290000e+01 -2.385842e+02 1.491869e+02
2.291000e+01 -2.272242e+02 1.547104e+02
2.292000e+01 -2.162892e+02 1.599070e+02
2.293000e+01 -2.057275e+02 1.647993e+02
2.294000e+01 -1.954956e+02 1.694070e+02
2.295000e+01 -1.855560e+02 1.737467e+02
2.296000e+01 -1.758769e+02 1.778329e+02
2.297000e+01 -1.664309e+02 1.816782e+02
2.298000e+01 -1.571945e+02 1.852934e+02
2.299000e+01 -1.481472e+02 1.886881e+02
2.300000e+01 -1.392715e+02 1.918707e+02
2.301000e+01 -1.305519e+02 1.948486e+02
2.302000e+01 -1.219753e+02 1.976283e+02
2.303000e+01 -1.135302e+02 2.002157e+02
2.304000e+01 -1.052064e+02 2.026160e+02
2.305000e+01 -9.699522e+01 2.048340e+02
2.306000e+01 -8.888915e+01 2.068738e+02
2.307000e+01 -8.088158e+01 2.087394e+02
2.308000e+01 -7.296684e+01 2.104342e+02
2.309000e+01 -6.514001e+01 2.119613e+02
2.310000e+01 -5.739688e+01 2.133239e+02
2.311000e+01 -4.973385e+01 2.145245e+02
2.312000e+01 -4.214786e+01 2.155658e+02
2.313000e+01 -3.463634e+01 2.164500e+02
2.314000e+01 -2.719713e+01 2.171795e+02
2.315000e+01 -1.982849e+01 2.177563e+02
2.316000e+01 -1.252900e+01 2.181825e+02
2.317000e+01 -5.297570e+00 2.184598e+02
2.318000e+01 1.866628e+00 2.185903e+02
2.319000e+01 8.964160e+00 2.185755e+02
2.320000e+01 1.599537e+01 2.184173e+02
2.321000e+01 2.296040e+01 2.181173e+02
2.322000e+01 2.985921e+01 2.176772e+02
2.323000e+01 3.669158e+01 2.170985e+02
2.324000e+01 4.345717e+01 2.163828e+02
2.325000e+01 5.015548e+01 2.155317e+02
2.326000e+01 5.678591e+01 2.145469e+02
2.327000e+01 6.334773e+01 2.134297e+02
2.328000e+01 6.984013e+01 2.121818e+02
2.329000e+01 7.626221e+01 2.108048e+02
2.330000e+01 8.261298e+01 2.093001e+02
2.331000e+01 8.889141e+01 2.076695e+02
2.332000e+01 9.509638e+01 2.059143e+02
2.333000e+01 1.012267e+02 2.040364e+02
2.334000e+01 1.072812e+02 2.020372e+02
2.335000e+01 1.132586e+02 1.999185e+02
2.336000e+01 1.191577e+02 1.976818e+02
2.337000e+01 1.249770e+02 1.953288e+02
2.338000e+01 1.307153e+02 1.928613e+02
2.339000e+01 1.363712e+02 1.902810e+02
2.340000e+01 1.419433e+02 1.875896e+02
2.341000e+01 1.474302e+02 1.847888e+02
2.342000e+01 1.528306e+02 1.818806e+02
2.343000e+01 1.581429e+02 1.788666e+02
2.344000e+01 1.633658e+02 1.757489e+02
2.345000e+01 1.684979e+02 1.725292e+02
2.346000e+01 1.735377e+02 1.692094e+02
2.347000e+01 1.784839e+02 1.657916e+02
2.348000e+01 1.833351e+02 1.622776e+02
2.349000e+01 1.880899e+02 1.586694e+02
2.350000e+01 1.927469e+02 1.549692e+02
2.351000e+01 1.973048e+02 1.511788e+02
2.352000e+01 2.017622e+02 1.473005e+02
2.353000e+01 2.061179e+02 1.433362e+02
2.354000e+01 2.103704e+02 1.392882e+02
2.355000e+01 2.145187e+02 1.351586e+02
2.356000e+01 2.185614e+02 1.309496e+02
2.357000e+01 2.224973e+02 1.266634e+02
2.358000e+01 2.263252e+02 1.223022e+02
2.359000e+01 2.300439e+02 1.178682e+02
2.360000e+01 2.336524e+02 1.133638e+02
2.361000e+01 2.371496e+02 1.087913e+02
2.362000e+01 2.405343e+02 1.041530e+02
2.363000e+01 2.438056e+02 9.945128e+01
2.364000e+01 2.469624e+02 9.468846e+01
2.365000e+01 2.500038e+02 8.986696e+01
2.366000e+01 2.529290e+02 8.498920e+01
2.367000e+01 2.557370e+02 8.005762e+01
2.368000e+01 2.584269e+02 7.507466e+01
2.369000e+01 2.609980e+02 7.004281e+01
2.370000e+01 2.634496e+02 6.496453e+01
2.371000e+01 2.657809e+02 5.984235e+01
2.372000e+01 2.679913e+02 5.467878e+01
2.373000e+01 2.700800e+02 4.947635e+01
2.374000e+01 2.720467e+02 4.423761e+01
2.375000e+01 2.738906e+02 3.896513e+01
2.376000e+01 2.756114e+02 3.366147e+01
2.377000e+01 2.772085e+02 2.832921e+01
2.378000e+01 2.786817e+02 2.297095e+01
2.379000e+01 2.800305e+02 1.758929e+01
2.380000e+01 2.812546e+02 1.218684e+01
2.381000e+01 2.823537e+02 6.766213e+00
2.382000e+01 2.833278e+02 1.330031e+00
2.383000e+01 2.841766e+02 -4.119077e+00
2.384000e+01 2.848999e+02 -9.578482e+00
2.385000e+01 2.854978e+02 -1.504555e+01
2.386000e+01 2.859703e+02 -2.051764e+01
2.387000e+01 2.863173e+02 -2.599212e+01
2.388000e+01 2.865389e+02 -3.146636e+01
2.389000e+01 2.866354e+02 -3.693770e+01
2.390000e+01 2.866068e+02 -4.240353e+01
2.391000e+01 2.864534e+02 -4.786121e+01
2.392000e+01 2.861756e+02 -5.330811e+01
2.393000e+01 2.857736e+02 -5.874161e+01
2.394000e+01 2.852478e+02 -6.415910e+01
2.395000e+01 2.845986e+02 -6.955795e+01
2.396000e+01 2.838266e+02 -7.493558e+01
2.397000e+01 2.829323e+02 -8.028938e+01
2.398000e+01 2.819162e+02 -8.561678e+01
2.399000e+01 2.807790e+02 -9.091520e+01
2.400000e+01 2.795214e+02 -9.618208e+01
2.401000e+01 2.781441e+02 -1.014149e+02
2.402000e+01 2.766479e+02 -1.066110e+02
2.403000e+01 2.750336e+02 -1.117681e+02
2.404000e+01 2.733021e+02 -1.168834e+02
2.405000e+01 2.714543e+02 -1.219547e+02
2.406000e+01 2.694912e+02 -1.269793e+02
2.407000e+01 2.674138e+02 -1.319549e+02
2.408000e+01 2.652231e+02 -1.368790e+02
2.409000e+01 2.629203e+02 -1.417491e+02
2.410000e+01 2.605066e+02 -1.465630e+02
2.411000e+01 2.579830e+02 -1.513182e+02
2.412000e+01 2.553509e+02 -1.560124e+02
2.413000e+01 2.526116e+02 -1.606432e+02
2.414000e+01 2.497664e+02 -1.652083e+02
2.415000e+01 2.468167e+02 -1.697055e+02
2.416000e+01 2.437638e+02 -1.741326e+02
2.417000e+01 2.406093e+02 -1.784872e+02
2.418000e+01 2.373546e+02 -1.827672e+02
2.419000e+01 2.340013e+02 -1.869704e+02
2.420000e+01 2.305510e+02 -1.910946e+02
2.421000e+01 2.270053e+02 -1.951378e+02
2.422000e+01 2.233658e+02 -1.990979e+02
2.423000e+01 2.196343e+02 -2.029728e+02
2.424000e+01 2.158125e+02 -2.067604e+02
2.425000e+01 2.119021e+02 -2.104588e+02
2.426000e+01 2.079049e+02 -2.140660e+02
2.427000e+01 2.038229e+02 -2.175801e+02
2.428000e+01 1.996578e+02 -2.209992e+02
2.429000e+01 1.954117e+02 -2.243213e+02
2.430000e+01 1.910863e+02 -2.275448e+02
2.431000e+01 1.866837e+02 -2.306676e+02
2.432000e+01 1.822059e+02 -2.336882e+02
2.433000e+01 1.776550e+02 -2.366047e+02
2.434000e+01 1.730329e+02 -2.394154e+02
2.435000e+01 1.683417e+02 -2.421187e+02
2.436000e+01 1.635837e+02 -2.447129e+02
2.437000e+01 1.587609e+02 -2.471964e+02
2.438000e+01 1.538755e+02 -2.495677e+02
2.439000e+01 1.489296e+02 -2.518252e+02
2.440000e+01 1.439255e+02 -2.539674e+02
2.441000e+01 1.388654e+02 -2.559928e+02
2.442000e+01 1.337516e+02 -2.579000e+02
2.443000e+01 1.285864e+02 -2.596876e+02
2.444000e+01 1.233719e+02 -2.613542e+02
2.445000e+01 1.181106e+02 -2.628985e+02
2.446000e+01 1.128048e+02 -2.643191e+02
2.447000e+01 1.074568e+02 -2.656147e+02
2.448000e+01 1.020689e+02 -2.667842e+02
2.449000e+01 9.664353e+01 -2.678262e+02
2.450000e+01 9.118307e+01 -2.687396e+02
2.451000e+01 8.568990e+01 -2.695232e+02
2.452000e+01 8.016642e+01 -2.701758e+02
2.453000e+01 7.461503e+01 -2.706964e+02
2.454000e+01 6.903815e+01 -2.710838e+02
2.455000e+01 6.343821e+01 -2.713368e+02
2.456000e+01 5.781761e+01 -2.714545e+02
2.457000e+01 5.217880e+01 -2.714358e+02
2.458000e+01 4.652419e+01 -2.712797e+02
2.459000e+01 4.085623e+01 -2.709851e+02
2.460000e+01 3.517734e+01 -2.705509e+02
2.461000e+01 2.948994e+01 -2.699762e+02
2.462000e+01 2.379647e+01 -2.692600e+02
2.463000e+01 1.809934e+01 -2.684012e+02
2.464000e+01 1.240097e+01 -2.673988e+02
2.465000e+01 6.703758e+00 -2.662518e+02
2.466000e+01 1.010109e+00 -2.649591e+02
2.467000e+01 -4.677591e+00 -2.635196e+02
2.468000e+01 -1.035697e+01 -2.619322e+02
2.469000e+01 -1.602566e+01 -2.601959e+02
2.470000e+01 -2.168132e+01 -2.583093e+02
2.471000e+01 -2.732162e+01 -2.562714e+02
2.472000e+01 -3.294426e+01 -2.540808e+02
2.473000e+01 -3.854692e+01 -2.517362e+02
2.474000e+01 -4.412736e+01 -2.492362e+02
2.475000e+01 -4.968333e+01 -2.465793e+02
2.476000e+01 -5.521260e+01 -2.437638e+02
2.477000e+01 -6.071299e+01 -2.407881e+02
2.478000e+01 -6.618234e+01 -2.376503e+02
2.479000e+01 -7.161853e+01 -2.343485e+02
2.480000e+01 -7.701946e+01 -2.308805e+02
2.481000e+01 -8.238308e+01 -2.272440e+02
2.482000e+01 -8.770738e+01 -2.234364e+02
2.483000e+01 -9.299039e+01 -2.194551e+02
2.484000e+01 -9.823020e+01 -2.152969e+02
2.485000e+01 -1.034249e+02 -2.109585e+02
2.486000e+01 -1.085728e+02 -2.064364e+02
2.487000e+01 -1.136720e+02 -2.017265e+02
2.488000e+01 -1.187209e+02 -1.968244e+02
2.489000e+01 -1.237178e+02 -1.917251e+02
2.490000e+01 -1.286613e+02 -1.864233e+02
2.491000e+01 -1.335498e+02 -1.809128e+02
2.492000e+01 -1.383821e+02 -1.751871e+02
2.493000e+01 -1.431567e+02 -1.692386e+02
2.494000e+01 -1.478726e+02 -1.630589e+02
2.495000e+01 -1.525288e+02 -1.566387e+02
2.496000e+01 -1.571243e+02 -1.499675e+02
2.497000e+01 -1.616584e+02 -1.430335e+02
2.498000e+01 -1.661305e+02 -1.358235e+02
2.499000e+01 -1.705402e+02 -1.283224e+02
2.500000e+01 -1.748874e+02 -1.205131e+02
2.501000e+01 -1.791721e+02 -1.123765e+02
2.502000e+01 -1.833947e+02 -1.038906e+02
2.503000e+01 -1.875559e+02 -9.503012e+01
2.504000e+01 -1.916567e+02 -8.576638e+01
2.505000e+01 -1.956986e+02 -7.606617e+01
2.506000e+01 -1.996838e+02 -6.589119e+01
2.507000e+01 -2.036148e+02 -5.519694e+01
2.508000e+01 -2.074950e+02 -4.393153e+01
2.509000e+01 -2.113289e+02 -3.203409e+01
2.510000e+01 -2.151217e+02 -1.943287e+01
2.511000e+01 -2.188804e+02 -6.042693e+00
2.512000e+01 -2.226133e+02 8.238227e+00
2.513000e+01 -2.263313e+02 2.353243e+01
2.514000e+01 -2.300477e+02 3.998872e+01
2.515000e+01 -2.337794e+02 5.778943e+01
2.516000e+01 -2.375483e+02 7.716034e+01
2.517000e+01 -2.413823e+02 9.838427e+01
2.518000e+01 -2.453179e+02 1.218201e+02
2.519000e+01 -2.494037e+02 1.479300e+02
2.520000e+01 -2.537048e+02 1.773192e+02
2.521000e+01 -2.583116e+02 2.107955e+02
2.522000e+01 -2.633511e+02 2.494620e+02
2.523000e+01 -2.690089e+02 2.948642e+02
2.524000e+01 -2.755648e+02 3.492367e+02
2.525000e+01 -2.834605e+02 4.159340e+02
2.526000e+01 -2.934328e+02 5.002317e+02
2.527000e+01 -3.068008e+02 6.109292e+02
2.528000e+01 -3.261575e+02 7.638756e+02
2.529000e+01 -3.573064e+02 9.907840e+02
2.530000e+01 -4.159966e+02 1.365630e+03
2.531000e+01 -5.611479e+02 2.109578e+03
2.532000e+01 -1.227501e+03 4.301125e+03
2.533000e+01 -2.793822e+04 -8.304367e+03
2.534000e+01 -5.827004e+02 -4.299775e+03
2.535000e+01 -2.583594e+02 -2.244748e+03
2.536000e+01 -2.194953e+02 -1.527404e+03
2.537000e+01 -2.129845e+02 -1.162042e+03
2.538000e+01 -2.132609e+02 -9.395061e+02
2.539000e+01 -2.151409e+02 -7.888865e+02
2.540000e+01 -2.172429e+02 -6.795350e+02
2.541000e+01 -2.191559e+02 -5.960501e+02
2.542000e+01 -2.207635e+02 -5.298471e+02
2.543000e+01 -2.220466e+02 -4.757639e+02
2.544000e+01 -2.230185e+02 -4.305103e+02
2.545000e+01 -2.237017e+02 -3.918909e+02
2.546000e+01 -2.241197e+02 -3.583844e+02
2.547000e+01 -2.242940e+02 -3.289042e+02
2.548000e+01 -2.242436e+02 -3.026532e+02
2.549000e+01 -2.239846e+02 -2.790341e+02
2.550000e+01 -2.235309e+02 -2.575901e+02
2.551000e+01 -2.228943e+02 -2.379665e+02
2.552000e+01 -2.220848e+02 -2.198834e+02
2.553000e+01 -2.211111e+02 -2.031176e+02
2.554000e+01 -2.199808e+02 -1.874884e+02
2.555000e+01 -2.187004e+02 -1.728484e+02
2.556000e+01 -2.172757e+02 -1.590765e+02
2.557000e+01 -2.157120e+02 -1.460716e+02
2.558000e+01 -2.140139e+02 -1.337495e+02
2.559000e+01 -2.121855e+02 -1.220390e+02
2.560000e+01 -2.102307e+02 -1.108799e+02
2.561000e+01 -2.081532e+02 -1.002208e+02
2.562000e+01 -2.059561e+02 -9.001773e+01
2.563000e+01 -2.036426e+02 -8.023269e+01
2.564000e+01 -2.012156e+02 -7.083293e+01
2.565000e+01 -1.986779e+02 -6.178997e+01
2.566000e+01 -1.960321e+02 -5.307904e+01
2.567000e+01 -1.932809e+02 -4.467843e+01
2.568000e+01 -1.904267e+02 -3.656916e+01
2.569000e+01 -1.874720e+02 -2.873450e+01
2.570000e+01 -1.844191e+02 -2.115971e+01
2.571000e+01 -1.812703e+02 -1.383178e+01
2.572000e+01 -1.780281e+02 -6.739165e+00
2.573000e+01 -1.746945e+02 1.283636e-01
2.574000e+01 -1.712720e+02 6.779908e+00
2.575000e+01 -1.677627e+02 1.322357e+01
2.576000e+01 -1.641688e+02 1.946659e+01
2.577000e+01 -1.604927e+02 2.551543e+01
2.578000e+01 -1.567364e+02 3.137586e+01
2.579000e+01 -1.529023e+02 3.705306e+01
2.580000e+01 -1.489926e+02 4.255170e+01
2.581000e+01 -1.450094e+02 4.787594e+01
2.582000e+01 -1.409551e+02 5.302954e+01
2.583000e+01 -1.368319e+02 5.801588e+01
2.584000e+01 -1.326421e+02 6.283804e+01
2.585000e+01 -1.283878e+02 6.749875e+01
2.586000e+01 -1.240715e+02 7.200052e+01
2.587000e+01 -1.196953e+02 7.634562e+01
2.588000e+01 -1.152617e+02 8.053610e+01
2.589000e+01 -1.107728e+02 8.457384e+01
2.590000e+01 -1.062311e+02 8.846053e+01
2.591000e+01 -1.016389e+02 9.219775e+01
2.592000e+01 -9.699844e+01 9.578693e+01
2.593000e+01 -9.231221e+01 9.922940e+01
2.594000e+01 -8.758253e+01 1.025264e+02
2.595000e+01 -8.281180e+01 1.056790e+02
2.596000e+01 -7.800241e+01 1.086882e+02
2.597000e+01 -7.315677e+01 1.115552e+02
2.598000e+01 -6.827728e+01 1.142808e+02
2.599000e+01 -6.336638e+01 1.168658e+02
2.600000e+01 -5.842650e+01 1.193113e+02
2.601000e+01 -5.346007e+01 1.216178e+02
2.602000e+01 -4.846954e+01 1.237863e+02
2.603000e+01 -4.345737e+01 1.258174e+02
2.604000e+01 -3.842601e+01 1.277120e+02
2.605000e+01 -3.337793e+01 1.294707e+02
2.606000e+01 -2.831559e+01 1.310943e+02
2.607000e+01 -2.324146e+01 1.325835e+02
2.608000e+01 -1.815801e+01 1.339390e+02
2.609000e+01 -1.306772e+01 1.351615e+02
2.610000e+01 -7.973063e+00 1.362518e+02
2.611000e+01 -2.876502e+00 1.372105e+02
2.612000e+01 2.219486e+00 1.380385e+02
2.613000e+01 7.312435e+00 1.387365e+02
2.614000e+01 1.239988e+01 1.393053e+02
2.615000e+01 1.747935e+01 1.397456e+02
2.616000e+01 2.254841e+01 1.400584e+02
2.617000e+01 2.760459e+01 1.402444e+02
2.618000e+01 3.264547e+01 1.403045e+02
2.619000e+01 3.766859e+01 1.402397e+02
2.620000e+01 4.267154e+01 1.400508e+02
2.621000e+01 4.765191e+01 1.397387e+02
2.622000e+01 5.260728e+01 1.393045e+02
2.623000e+01 5.753527e+01 1.387492e+02
2.624000e+01 6.243350e+01 1.380738e+02
2.625000e+01 6.729960e+01 1.372793e+02
2.626000e+01 7.213122e+01 1.363670e+02
2.627000e+01 7.692603e+01 1.353378e+02
2.628000e+01 8.168171e+01 1.341930e+02
2.629000e+01 8.639596e+01 1.329338e+02
2.630000e+01 9.106649e+01 1.315615e+02
2.631000e+01 9.569105e+01 1.300772e+02
2.632000e+01 1.002674e+02 1.284824e+02
2.633000e+01 1.047933e+02 1.267783e+02
2.634000e+01 1.092666e+02 1.249663e+02
2.635000e+01 1.136850e+02 1.230479e+02
2.636000e+01 1.180465e+02 1.210244e+02
2.637000e+01 1.223489e+02 1.188974e+02
2.638000e+01 1.265901e+02 1.166685e+02
2.639000e+01 1.307681e+02 1.143390e+02
2.640000e+01 1.348807e+02 1.119107e+02
2.641000e+01 1.389261e+02 1.093852e+02
2.642000e+01 1.429021e+02 1.067641e+02
2.643000e+01 1.468068e+02 1.040491e+02
2.644000e+01 1.506383e+02 1.012420e+02
2.645000e+01 1.543947e+02 9.834444e+01
2.646000e+01 1.580742e+02 9.535830e+01
2.647000e+01 1.616749e+02 9.228540e+01
2.648000e+01 1.651949e+02 8.912759e+01
2.649000e+01 1.686326e+02 8.588676e+01
2.650000e+01 1.719862e+02 8.256484e+01
2.651000e+01 1.752541e+02 7.916379e+01
2.652000e+01 1.784345e+02 7.568559e+01
2.653000e+01 1.815258e+02 7.213226e+01
2.654000e+01 1.845265e+02 6.850585e+01
2.655000e+01 1.874351e+02 6.480843e+01
2.656000e+01 1.902499e+02 6.104210e+01
2.657000e+01 1.929696e+02 5.720900e+01
2.658000e+01 1.955927e+02 5.331129e+01
2.659000e+01 1.981179e+02 4.935115e+01
2.660000e+01 2.005437e+02 4.533079e+01
2.661000e+01 2.028690e+02 4.125246e+01
2.662000e+01 2.050923e+02 3.711840e+01
2.663000e+01 2.072126e+02 3.293091e+01
2.664000e+01 2.092287e+02 2.869228e+01
2.665000e+01 2.111394e+02 2.440486e+01
2.666000e+01 2.129435e+02 2.007099e+01
2.667000e+01 2.146402e+02 1.569304e+01
2.668000e+01 2.162283e+02 1.127341e+01
2.669000e+01 2.177070e+02 6.814500e+00
2.670000e+01 2.190753e+02 2.318745e+00
2.671000e+01 2.203323e+02 -2.211411e+00
2.672000e+01 2.214773e+02 -6.773504e+00
2.673000e+01 2.225094e+02 -1.136506e+01
2.674000e+01 2.234280e+02 -1.598357e+01
2.675000e+01 2.242323e+02 -2.062654e+01
2.676000e+01 2.249217e+02 -2.529145e+01
2.677000e+01 2.254957e+02 -2.997576e+01
2.678000e+01 2.259536e+02 -3.467691e+01
2.679000e+01 2.262950e+02 -3.939237e+01
2.680000e+01 2.265194e+02 -4.411955e+01
2.681000e+01 2.266264e+02 -4.885589e+01
2.682000e+01 2.266157e+02 -5.359879e+01
2.683000e+01 2.264870e+02 -5.834566e+01
2.684000e+01 2.262399e+02 -6.309390e+01
2.685000e+01 2.258743e+02 -6.784090e+01
2.686000e+01 2.253900e+02 -7.258406e+01
2.687000e+01 2.247868e+02 -7.732075e+01
2.688000e+01 2.240647e+02 -8.204835e+01
2.689000e+01 2.232236e+02 -8.676424e+01
2.690000e+01 2.222635e+02 -9.146579e+01
2.691000e+01 2.211845e+02 -9.615037e+01
2.692000e+01 2.199867e+02 -1.008153e+02
2.693000e+01 2.186702e+02 -1.054581e+02
2.694000e+01 2.172351e+02 -1.100760e+02
2.695000e+01 2.156818e+02 -1.146664e+02
2.696000e+01 2.140104e+02 -1.192266e+02
2.697000e+01 2.122212e+02 -1.237542e+02
2.698000e+01 2.103147e+02 -1.282463e+02
2.699000e+01 2.082911e+02 -1.327004e+02
2.700000e+01 2.061510e+02 -1.371140e+02
2.701000e+01 2.038947e+02 -1.414843e+02
2.702000e+01 2.015228e+02 -1.458087e+02
2.703000e+01 1.990358e+02 -1.500847e+02
2.704000e+01 1.964343e+02 -1.543096e+02
2.705000e+01 1.937188e+02 -1.584809e+02
2.706000e+01 1.908901e+02 -1.625960e+02
2.707000e+01 1.879487e+02 -1.666522e+02
2.708000e+01 1.848955e+02 -1.706470e+02
2.709000e+01 1.817311e+02 -1.745778e+02
2.710000e+01 1.784562e+02 -1.784420e+02
2.711000e+01 1.750718e+02 -1.822371e+02
2.712000e+01 1.715785e+02 -1.859605e+02
2.713000e+01 1.679773e+02 -1.896096e+02
2.714000e+01 1.642689e+02 -1.931820e+02
2.715000e+01 1.604544e+02 -1.966750e+02
2.716000e+01 1.565345e+02 -2.000860e+02
2.717000e+01 1.525103e+02 -2.034126e+02
2.718000e+01 1.483826e+02 -2.066523e+02
2.719000e+01 1.441524e+02 -2.098023e+02
2.720000e+01 1.398206e+02 -2.128603e+02
2.721000e+01 1.353883e+02 -2.158236e+02
2.722000e+01 1.308564e+02 -2.186898e+02
2.723000e+01 1.262258e+02 -2.214562e+02
2.724000e+01 1.214976e+02 -2.241202e+02
2.725000e+01 1.166727e+02 -2.266794e+02
2.726000e+01 1.117522e+02 -2.291311e+02
2.727000e+01 1.067369e+02 -2.314727e+02
2.728000e+01 1.016278e+02 -2.337015e+02
2.729000e+01 9.642577e+01 -2.358150e+02
2.730000e+01 9.113182e+01 -2.378105e+02
2.731000e+01 8.574678e+01 -2.396853e+02
2.732000e+01 8.027149e+01 -2.414366e+02
2.733000e+01 7.470677e+01 -2.430616e+02
2.734000e+01 6.905337e+01 -2.445576e+02
2.735000e+01 6.331201e+01 -2.459217e+02
2.736000e+01 5.748335e+01 -2.471509e+02
2.737000e+01 5.156797e+01 -2.482423e+02
2.738000e+01 4.556641e+01 -2.491928e+02
2.739000e+01 3.947910e+01 -2.499993e+02
2.740000e+01 3.330638e+01 -2.506585e+02
2.741000e+01 2.704851e+01 -2.511670e+02
2.742000e+01 2.070561e+01 -2.515215e+02
2.743000e+01 1.427770e+01 -2.517183e+02
2.744000e+01 7.764634e+00 -2.517537e+02
2.745000e+01 1.166128e+00 -2.516237e+02
2.746000e+01 -5.518280e+00 -2.513244e+02
2.747000e+01 -1.228924e+01 -2.508514e+02
2.748000e+01 -1.914763e+01 -2.502002e+02
2.749000e+01 -2.609455e+01 -2.493660e+02
2.750000e+01 -3.313135e+01 -2.483437e+02
2.751000e+01 -4.025971e+01 -2.471281e+02
2.752000e+01 -4.748161e+01 -2.457133e+02
2.753000e+01 -5.479938e+01 -2.440933e+02
2.754000e+01 -6.221578e+01 -2.422613e+02
2.755000e+01 -6.973400e+01 -2.402104e+02
2.756000e+01 -7.735776e+01 -2.379328e+02
2.757000e+01 -8.509132e+01 -2.354203e+02
2.758000e+01 -9.293960e+01 -2.326637e+02
2.759000e+01 -1.009082e+02 -2.296534e+02
2.760000e+01 -1.090036e+02 -2.263783e+02
2.761000e+01 -1.172330e+02 -2.228267e+02
2.762000e+01 -1.256050e+02 -2.189856e+02
2.763000e+01 -1.341290e+02 -2.148405e+02
2.764000e+01 -1.428160e+02 -2.103753e+02
2.765000e+01 -1.516783e+02 -2.055723e+02
2.766000e+01 -1.607304e+02 -2.004115e+02
2.767000e+01 -1.699883e+02 -1.948705e+02
2.768000e+01 -1.794708e+02 -1.889244e+02
2.769000e+01 -1.891992e+02 -1.825445e+02
2.770000e+01 -1.991982e+02 -1.756987e+02
2.771000e+01 -2.094963e+02 -1.683502e+02
2.772000e+01 -2.201264e+02 -1.604569e+02
2.773000e+01 -2.311267e+02 -1.519704e+02
2.774000e+01 -2.425418e+02 -1.428347e+02
2.775000e+01 -2.544241e+02 -1.329845e+02
2.776000e+01 -2.668351e+02 -1.223437e+02
2.777000e+01 -2.798480e+02 -1.108224e+02
2.778000e+01 -2.935496e+02 -9.831420e+01
2.779000e+01 -3.080445e+02 -8.469201e+01
2.780000e+01 -3.234590e+02 -6.980266e+01
2.781000e+01 -3.399474e+02 -5.346007e+01
2.782000e+01 -3.576997e+02 -3.543588e+01
2.783000e+01 -3.769524e+02 -1.544673e+01
2.784000e+01 -3.980040e+02 6.863267e+00
2.785000e+01 -4.212358e+02 3.194727e+01
2.786000e+01 -4.471427e+02 6.039128e+01
2.787000e+01 -4.763791e+02 9.296661e+01
2.788000e+01 -5.098278e+02 1.307092e+02
2.789000e+01 -5.487089e+02 1.750436e+02
2.790000e+01 -5.947578e+02 2.279837e+02
2.791000e+01 -6.505285e+02 2.924729e+02
2.792000e+01 -7.199393e+02 3.729883e+02
2.793000e+01 -8.093237e+02 4.766904e+02
2.794000e+01 -9.296274e+02 6.157838e+02
2.795000e+01 -1.101534e+03 8.129048e+02
2.796000e+01 -1.369372e+03 1.115275e+03
2.797000e+01 -1.848287e+03 1.640409e+03
2.798000e+01 -2.958191e+03 2.783051e+03
2.799000e+01 -8.277916e+03 7.105976e+03
2.800000e+01 6.759331e+03 -1.447647e+04
2.801000e+01 2.488607e+03 -4.093136e+03
2.802000e+01 1.426720e+03 -2.452321e+03
2.803000e+01 9.607708e+02 -1.790508e+03
2.804000e+01 6.986428e+02 -1.431530e+03
2.805000e+01 5.300993e+02 -1.205319e+03
2.806000e+01 4.122404e+02 -1.049030e+03
2.807000e+01 3.249216e+02 -9.340562e+02
2.808000e+01 2.574377e+02 -8.455128e+02
2.809000e+01 2.035753e+02 -7.748900e+02
2.810000e+01 1.594814e+02 -7.169714e+02
2.811000e+01 1.226399e+02 -6.683819e+02
2.812000e+01 9.133826e+01 -6.268415e+02
2.813000e+01 6.437068e+01 -5.907544e+02
2.814000e+01 4.086360e+01 -5.589709e+02
2.815000e+01 2.016871e+01 -5.306417e+02
2.816000e+01 1.794842e+00 -5.051259e+02
2.817000e+01 -1.463693e+01 -4.819311e+02
2.818000e+01 -2.942354e+01 -4.606729e+02
2.819000e+01 -4.280097e+01 -4.410468e+02
2.820000e+01 -5.495912e+01 -4.228086e+02
2.821000e+01 -6.605247e+01 -4.057603e+02
2.822000e+01 -7.620802e+01 -3.897400e+02
2.823000e+01 -8.553109e+01 -3.746138e+02
2.824000e+01 -9.410978e+01 -3.602702e+02
2.825000e+01 -1.020183e+02 -3.466156e+02
2.826000e+01 -1.093198e+02 -3.335711e+02
2.827000e+01 -1.160679e+02 -3.210698e+02
2.828000e+01 -1.223091e+02 -3.090543e+02
2.829000e+01 -1.280833e+02 -2.974755e+02
2.830000e+01 -1.334254e+02 -2.862911e+02
2.831000e+01 -1.383656e+02 -2.754645e+02
2.832000e+01 -1.429306e+02 -2.649639e+02
2.833000e+01 -1.471440e+02 -2.547617e+02
2.834000e+01 -1.510265e+02 -2.448336e+02
2.835000e+01 -1.545968e+02 -2.351584e+02
2.836000e+01 -1.578713e+02 -2.257176e+02
2.837000e+01 -1.608649e+02 -2.164948e+02
2.838000e+01 -1.635908e+02 -2.074756e+02
2.839000e+01 -1.660613e+02 -1.986474e+02
2.840000e+01 -1.682871e+02 -1.899989e+02
2.841000e+01 -1.702784e+02 -1.815203e+02
2.842000e+01 -1.720440e+02 -1.732027e+02
2.843000e+01 -1.735925e+02 -1.650385e+02
2.844000e+01 -1.749315e+02 -1.570208e+02
2.845000e+01 -1.760680e+02 -1.491435e+02
2.846000e+01 -1.770086e+02 -1.414015e+02
2.847000e+01 -1.777595e+02 -1.337899e+02
2.848000e+01 -1.783262e+02 -1.263047e+02
2.849000e+01 -1.787143e+02 -1.189422e+02
2.850000e+01 -1.789286e+02 -1.116993e+02
2.851000e+01 -1.789739e+02 -1.045731e+02
2.852000e+01 -1.788547e+02 -9.756144e+01
2.853000e+01 -1.785753e+02 -9.066210e+01
2.854000e+01 -1.781396e+02 -8.387334e+01
2.855000e+01 -1.775516e+02 -7.719368e+01
2.856000e+01 -1.768149e+02 -7.062184e+01
2.857000e+01 -1.759331e+02 -6.415679e+01
2.858000e+01 -1.749097e+02 -5.779767e+01
2.859000e+01 -1.737480e+02 -5.154382e+01
2.860000e+01 -1.724511e+02 -4.539471e+01
2.861000e+01 -1.710223e+02 -3.934998e+01
2.862000e+01 -1.694646e+02 -3.340939e+01
2.863000e+01 -1.677810e+02 -2.757280e+01
2.864000e+01 -1.659744e+02 -2.184019e+01
2.865000e+01 -1.640477e+02 -1.621163e+01
2.866000e+01 -1.620036e+02 -1.068728e+01
2.867000e+01 -1.598450e+02 -5.267346e+00
2.868000e+01 -1.575746e+02 4.786899e-02
2.869000e+01 -1.551952e+02 5.258023e+00
2.870000e+01 -1.527093e+02 1.036272e+01
2.871000e+01 -1.501198e+02 1.536152e+01
2.872000e+01 -1.474291e+02 2.025394e+01
2.873000e+01 -1.446399e+02 2.503947e+01
2.874000e+01 -1.417549e+02 2.971759e+01
2.875000e+01 -1.387767e+02 3.428772e+01
2.876000e+01 -1.357077e+02 3.874930e+01
2.877000e+01 -1.325507e+02 4.310174e+01
2.878000e+01 -1.293081e+02 4.734444e+01
2.879000e+01 -1.259826e+02 5.147680e+01
2.880000e+01 -1.225767e+02 5.549821e+01
2.881000e+01 -1.190931e+02 5.940807e+01
2.882000e+01 -1.155341e+02 6.320578e+01
2.883000e+01 -1.119026e+02 6.689075e+01
2.884000e+01 -1.082009e+02 7.046239e+01
2.885000e+01 -1.044317e+02 7.392014e+01
2.886000e+01 -1.005975e+02 7.726345e+01
2.887000e+01 -9.670104e+01 8.049176e+01
2.888000e+01 -9.274476e+01 8.360456e+01
2.889000e+01 -8.873128e+01 8.660135e+01
2.890000e+01 -8.466321e+01 8.948166e+01
2.891000e+01 -8.054312e+01 9.224502e+01
2.892000e+01 -7.637364e+01 9.489101e+01
2.893000e+01 -7.215735e+01 9.741923e+01
2.894000e+01 -6.789687e+01 9.982931e+01
2.895000e+01 -6.359480e+01 1.021209e+02
2.896000e+01 -5.925377e+01 1.042937e+02
2.897000e+01 -5.487639e+01 1.063474e+02
2.898000e+01 -5.046529e+01 1.082818e+02
2.899000e+01 -4.602308e+01 1.100967e+02
2.900000e+01 -4.155239e+01 1.117918e+02
2.901000e+01 -3.705585e+01 1.133671e+02
2.902000e+01 -3.253608e+01 1.148224e+02
2.903000e+01 -2.799573e+01 1.161578e+02
2.904000e+01 -2.343741e+01 1.173731e+02
2.905000e+01 -1.886375e+01 1.184683e+02
2.906000e+01 -1.427739e+01 1.194436e+02
2.907000e+01 -9.680943e+00 1.202990e+02
2.908000e+01 -5.077041e+00 1.210346e+02
2.909000e+01 -4.683032e-01 1.216507e+02
2.910000e+01 4.142654e+00 1.221474e+02
2.911000e+01 8.753217e+00 1.225250e+02
2.912000e+01 1.336078e+01 1.227839e+02
2.913000e+01 1.796273e+01 1.229243e+02
2.914000e+01 2.255649e+01 1.229466e+02
2.915000e+01 2.713946e+01 1.228514e+02
2.916000e+01 3.170905e+01 1.226389e+02
2.917000e+01 3.626271e+01 1.223099e+02
2.918000e+01 4.079786e+01 1.218648e+02
2.919000e+01 4.531195e+01 1.213043e+02
2.920000e+01 4.980244e+01 1.206290e+02
2.921000e+01 5.426680e+01 1.198395e+02
2.922000e+01 5.870252e+01 1.189368e+02
2.923000e+01 6.310708e+01 1.179215e+02
2.924000e+01 6.747799e+01 1.167944e+02
2.925000e+01 7.181279e+01 1.155565e+02
2.926000e+01 7.610900e+01 1.142086e+02
2.927000e+01 8.036419e+01 1.127518e+02
2.928000e+01 8.457593e+01 1.111870e+02
2.929000e+01 8.874180e+01 1.095153e+02
2.930000e+01 9.285941e+01 1.077378e+02
2.931000e+01 9.692639e+01 1.058555e+02
2.932000e+01 1.009404e+02 1.038698e+02
2.933000e+01 1.048991e+02 1.017818e+02
2.934000e+01 1.088001e+02 9.959283e+01
2.935000e+01 1.126413e+02 9.730411e+01
2.936000e+01 1.164202e+02 9.491704e+01
2.937000e+01 1.201347e+02 9.243301e+01
2.938000e+01 1.237826e+02 8.985343e+01
2.939000e+01 1.273616e+02 8.717980e+01
2.940000e+01 1.308696e+02 8.441361e+01
2.941000e+01 1.343044e+02 8.155642e+01
2.942000e+01 1.376639e+02 7.860983e+01
2.943000e+01 1.409460e+02 7.557545e+01
2.944000e+01 1.441487e+02 7.245496e+01
2.945000e+01 1.472699e+02 6.925007e+01
2.946000e+01 1.503075e+02 6.596251e+01
2.947000e+01 1.532597e+02 6.259407e+01
2.948000e+01 1.561244e+02 5.914656e+01
2.949000e+01 1.588997e+02 5.562183e+01
2.950000e+01 1.615837e+02 5.202176e+01
2.951000e+01 1.641746e+02 4.834829e+01
2.952000e+01 1.666705e+02 4.460335e+01
2.953000e+01 1.690696e+02 4.078894e+01
2.954000e+01 1.713701e+02 3.690708e+01
2.955000e+01 1.735703e+02 3.295982e+01
2.956000e+01 1.756685e+02 2.894925e+01
2.957000e+01 1.776629e+02 2.487746e+01
2.958000e+01 1.795519e+02 2.074662e+01
2.959000e+01 1.813338e+02 1.655888e+01
2.960000e+01 1.830072e+02 1.231646e+01
2.961000e+01 1.845704e+02 8.021585e+00
2.962000e+01 1.860218e+02 3.676505e+00
2.963000e+01 1.873601e+02 -7.164908e-01
2.964000e+01 1.885836e+02 -5.155094e+00
2.965000e+01 1.896910e+02 -9.636969e+00
2.966000e+01 1.906808e+02 -1.415976e+01
2.967000e+01 1.915516e+02 -1.872107e+01
2.968000e+01 1.923021e+02 -2.331850e+01
2.969000e+01 1.929310e+02 -2.794962e+01
2.970000e+01 1.934369e+02 -3.261198e+01
2.971000e+01 1.938185e+02 -3.730309e+01
2.972000e+01 1.940746e+02 -4.202046e+01
2.973000e+01 1.942040e+02 -4.676158e+01
2.974000e+01 1.942054e+02 -5.152391e+01
2.975000e+01 1.940777e+02 -5.630488e+01
2.976000e+01 1.938196e+02 -6.110193e+01
2.977000e+01 1.934301e+02 -6.591246e+01
2.978000e+01 1.929079e+02 -7.073384e+01
2.979000e+01 1.922521e+02 -7.556346e+01
2.980000e+01 1.914614e+02 -8.039866e+01
2.981000e+01 1.905348e+02 -8.523678e+01
2.982000e+01 1.894711e+02 -9.007513e+01
2.983000e+01 1.882694e+02 -9.491100e+01
2.984000e+01 1.869285e+02 -9.974168e+01
2.985000e+01 1.854474e+02 -1.045644e+02
2.986000e+01 1.838250e+02 -1.093765e+02
2.987000e+01 1.820602e+02 -1.141752e+02
2.988000e+01 1.801519e+02 -1.189576e+02
2.989000e+01 1.780990e+02 -1.237209e+02
2.990000e+01 1.759005e+02 -1.284625e+02
2.991000e+01 1.735551e+02 -1.331793e+02
2.992000e+01 1.710618e+02 -1.378685e+02
2.993000e+01 1.684193e+02 -1.425274e+02
2.994000e+01 1.656264e+02 -1.471529e+02
2.995000e+01 1.626819e+02 -1.517421e+02
2.996000e+01 1.595844e+02 -1.562922e+02
2.997000e+01 1.563325e+02 -1.608001e+02
2.998000e+01 1.529248e+02 -1.652629e+02
2.999000e+01 1.493599e+02 -1.696774e+02
3.000000e+01 1.456360e+02 -1.740408e+02
3.001000e+01 1.417515e+02 -1.783498e+02
3.002000e+01 1.377047e+02 -1.826015e+02
3.003000e+01 1.334935e+02 -1.867925e+02
3.004000e+01 1.291160e+02 -1.909198e+02
3.005000e+01 1.245700e+02 -1.949800e+02
3.006000e+01 1.198532e+02 -1.989699e+02
3.007000e+01 1.149630e+02 -2.028861e+02
3.008000e+01 1.098966e+02 -2.067253e+02
3.009000e+01 1.046512e+02 -2.104839e+02
3.010000e+01 9.922358e+01 -2.141584e+02
3.011000e+01 9.361025e+01 -2.177451e+02
3.012000e+01 8.780747e+01 -2.212403e+02
3.013000e+01 8.181115e+01 -2.246403e+02
3.014000e+01 7.561682e+01 -2.279409e+02
3.015000e+01 6.921962e+01 -2.311383e+02
3.016000e+01 6.261421e+01 -2.342281e+02
3.017000e+01 5.579477e+01 -2.372060e+02
3.018000e+01 4.875490e+01 -2.400674e+02
3.019000e+01 4.148756e+01 -2.428076e+02
3.020000e+01 3.398505e+01 -2.454217e+02
3.021000e+01 2.623884e+01 -2.479043e+02
3.022000e+01 1.823955e+01 -2.502501e+02
3.023000e+01 9.976807e+00 -2.524532e+02
3.024000e+01 1.439139e+00 -2.545075e+02
3.025000e+01 -7.386174e+00 -2.564063e+02
3.026000e+01 -1.651325e+01 -2.581427e+02
3.027000e+01 -2.595781e+01 -2.597091e+02
3.028000e+01 -3.573734e+01 -2.610974e+02
3.029000e+01 -4.587141e+01 -2.622987e+02
3.030000e+01 -5.638191e+01 -2.633035e+02
3.031000e+01 -6.729340e+01 -2.641014e+02
3.032000e+01 -7.863350e+01 -2.646808e+02
3.033000e+01 -9.043336e+01 -2.650290e+02
3.034000e+01 -1.027282e+02 -2.651321e+02
3.035000e+01 -1.155581e+02 -2.649743e+02
3.036000e+01 -1.289685e+02 -2.645383e+02
3.037000e+01 -1.430115e+02 -2.638043e+02
3.038000e+01 -1.577466e+02 -2.627501e+02
3.039000e+01 -1.732426e+02 -2.613503e+02
3.040000e+01 -1.895791e+02 -2.595761e+02
3.041000e+01 -2.068483e+02 -2.573939e+02
3.042000e+01 -2.251584e+02 -2.547653e+02
3.043000e+01 -2.446363e+02 -2.516452e+02
3.044000e+01 -2.654323e+02 -2.479805e+02
3.045000e+01 -2.877254e+02 -2.437087e+02
3.046000e+01 -3.117302e+02 -2.387548e+02
3.047000e+01 -3.377069e+02 -2.330287e+02
3.048000e+01 -3.659729e+02 -2.264207e+02
3.049000e+01 -3.969200e+02 -2.187960e+02
3.050000e+01 -4.310374e+02 -2.099869e+02
3.051000e+01 -4.689433e+02 -1.997820e+02
3.052000e+01 -5.114305e+02 -1.879110e+02
3.053000e+01 -5.595325e+02 -1.740226e+02
3.054000e+01 -6.146222e+02 -1.576515e+02
3.055000e+01 -6.785627e+02 -1.381679e+02
3.056000e+01 -7.539482e+02 -1.146979e+02
3.057000e+01 -8.444996e+02 -8.599211e+01
3.058000e+01 -9.557513e+02 -5.020008e+01
3.059000e+01 -1.096308e+03 -4.458904e+00
3.060000e+01 -1.280314e+03 5.590869e+01
3.061000e+01 -1.532770e+03 1.391020e+02
3.062000e+01 -1.902408e+03 2.609241e+02
3.063000e+01 -2.498618e+03 4.562483e+02
3.064000e+01 -3.628418e+03 8.201339e+02
3.065000e+01 -6.609943e+03 1.734720e+03
3.066000e+01 -3.692514e+04 7.312747e+03
3.067000e+01 1.007196e+04 -4.325476e+03
3.068000e+01 4.440080e+03 -2.019248e+03
3.069000e+01 2.827167e+03 -1.410779e+03
3.070000e+01 2.063705e+03 -1.130665e+03
3.071000e+01 1.617026e+03 -9.691959e+02
3.072000e+01 1.322889e+03 -8.638591e+02
3.073000e+01 1.113875e+03 -7.894663e+02
3.074000e+01 9.572009e+02 -7.339166e+02
3.075000e+01 8.350085e+02 -6.906744e+02
3.076000e+01 7.367404e+02 -6.559003e+02
3.077000e+01 6.557550e+02 -6.271907e+02
3.078000e+01 5.876651e+02 -6.029645e+02
3.079000e+01 5.294569e+02 -5.821389e+02
3.080000e+01 4.789915e+02 -5.639477e+02
3.081000e+01 4.347090e+02 -5.478336e+02
3.082000e+01 3.954455e+02 -5.333814e+02
3.083000e+01 3.603148e+02 -5.202759e+02
3.084000e+01 3.286305e+02 -5.082733e+02
3.085000e+01 2.998525e+02 -4.971823e+02
3.086000e+01 2.735507e+02 -4.868508e+02
3.087000e+01 2.493778e+02 -4.771562e+02
3.088000e+01 2.270506e+02 -4.679989e+02
3.089000e+01 2.063361e+02 -4.592972e+02
3.090000e+01 1.870406e+02 -4.509831e+02
3.091000e+01 1.690021e+02 -4.430004e+02
3.092000e+01 1.520838e+02 -4.353014e+02
3.093000e+01 1.361698e+02 -4.278462e+02
3.094000e+01 1.211608e+02 -4.206007e+02
3.095000e+01 1.069718e+02 -4.135358e+02
3.096000e+01 9.352925e+01 -4.066266e+02
3.097000e+01 8.076937e+01 -3.998518e+02
3.098000e+01 6.863660e+01 -3.931929e+02
3.099000e+01 5.708231e+01 -3.866338e+02
3.100000e+01 4.606378e+01 -3.801609e+02
3.101000e+01 3.554333e+01 -3.737620e+02
3.102000e+01 2.548763e+01 -3.674268e+02
3.103000e+01 1.586710e+01 -3.611461e+02
3.104000e+01 6.655393e+00 -3.549122e+02
3.105000e+01 -2.171006e+00 -3.487180e+02
3.106000e+01 -1.063316e+01 -3.425578e+02
3.107000e+01 -1.874998e+01 -3.364264e+02
3.108000e+01 -2.653848e+01 -3.303193e+02
3.109000e+01 -3.401403e+01 -3.242327e+02
3.110000e+01 -4.119049e+01 -3.181634e+02
3.111000e+01 -4.808048e+01 -3.121086e+02
3.112000e+01 -5.469541e+01 -3.060660e+02
3.113000e+01 -6.104571e+01 -3.000337e+02
3.114000e+01 -6.714087e+01 -2.940101e+02
3.115000e+01 -7.298958e+01 -2.879941e+02
3.116000e+01 -7.859981e+01 -2.819846e+02
3.117000e+01 -8.397887e+01 -2.759809e+02
3.118000e+01 -8.913347e+01 -2.699827e+02
3.119000e+01 -9.406985e+01 -2.639897e+02
3.120000e+01 -9.879372e+01 -2.580019e+02
3.121000e+01 -1.033104e+02 -2.520194e+02
3.122000e+01 -1.076248e+02 -2.460425e+02
3.123000e+01 -1.117416e+02 -2.400717e+02
3.124000e+01 -1.156650e+02 -2.341075e+02
3.125000e+01 -1.193991e+02 -2.281508e+02
3.126000e+01 -1.229476e+02 -2.222023e+02
3.127000e+01 -1.263139e+02 -2.162630e+02
3.128000e+01 -1.295016e+02 -2.103339e+02
3.129000e+01 -1.325137e+02 -2.044161e+02
3.130000e+01 -1.353532e+02 -1.985109e+02
3.131000e+01 -1.380229e+02 -1.926194e+02
3.132000e+01 -1.405256e+02 -1.867431e+02
3.133000e+01 -1.428639e+02 -1.808834e+02
3.134000e+01 -1.450401e+02 -1.750417e+02
3.135000e+01 -1.470568e+02 -1.692196e+02
3.136000e+01 -1.489161e+02 -1.634185e+02
3.137000e+01 -1.506205e+02 -1.576401e+02
3.138000e+01 -1.521719e+02 -1.518861e+02
3.139000e+01 -1.535725e+02 -1.461580e+02
3.140000e+01 -1.548243e+02 -1.404577e+02
3.141000e+01 -1.559294e+02 -1.347868e+02
3.142000e+01 -1.568897e+02 -1.291470e+02
3.143000e+01 -1.577072e+02 -1.235403e+02
3.144000e+01 -1.583837e+02 -1.179683e+02
3.145000e+01 -1.589212e+02 -1.124328e+02
3.146000e+01 -1.593215e+02 -1.069358e+02
3.147000e+01 -1.595865e+02 -1.014789e+02
3.148000e+01 -1.597180e+02 -9.606410e+01
3.149000e+01 -1.597177e+02 -9.069319e+01
3.150000e+01 -1.595877e+02 -8.536803e+01
3.151000e+01 -1.593296e+02 -8.009046e+01
3.152000e+01 -1.589454e+02 -7.486233e+01
3.153000e+01 -1.584367e+02 -6.968548e+01
3.154000e+01 -1.578056e+02 -6.456177e+01
3.155000e+01 -1.570537e+02 -5.949302e+01
3.156000e+01 -1.561830e+02 -5.448106e+01
3.157000e+01 -1.551954e+02 -4.952772e+01
3.158000e+01 -1.540926e+02 -4.463480e+01
3.159000e+01 -1.528765e+02 -3.980409e+01
3.160000e+01 -1.515492e+02 -3.503738e+01
3.161000e+01 -1.501124e+02 -3.033643e+01
3.162000e+01 -1.485681e+02 -2.570300e+01
3.163000e+01 -1.469183e+02 -2.113881e+01
3.164000e+01 -1.451649e+02 -1.664558e+01
3.165000e+01 -1.433099e+02 -1.222500e+01
3.166000e+01 -1.413553e+02 -7.878740e+00
3.167000e+01 -1.393031e+02 -3.608443e+00
3.168000e+01 -1.371555e+02 5.842672e-01
3.169000e+01 -1.349143e+02 4.697792e+00
3.170000e+01 -1.325818e+02 8.730562e+00
3.171000e+01 -1.301600e+02 1.268103e+01
3.172000e+01 -1.276510e+02 1.654769e+01
3.173000e+01 -1.250571e+02 2.032904e+01
3.174000e+01 -1.223803e+02 2.402365e+01
3.175000e+01 -1.196228e+02 2.763007e+01
3.176000e+01 -1.167869e+02 3.114692e+01
3.177000e+01 -1.138749e+02 3.457284e+01
3.178000e+01 -1.108888e+02 3.790651e+01
3.179000e+01 -1.078311e+02 4.114663e+01
3.180000e+01 -1.047040e+02 4.429196e+01
3.181000e+01 -1.015098e+02 4.734126e+01
3.182000e+01 -9.825086e+01 5.029337e+01
3.183000e+01 -9.492952e+01 5.314713e+01
3.184000e+01 -9.154817e+01 5.590145e+01
3.185000e+01 -8.810918e+01 5.855525e+01
3.186000e+01 -8.461496e+01 6.110750e+01
3.187000e+01 -8.106794e+01 6.355723e+01
3.188000e+01 -7.747056e+01 6.590349e+01
3.189000e+01 -7.382527e+01 6.814536e+01
3.190000e+01 -7.013456e+01 7.028199e+01
3.191000e+01 -6.640090e+01 7.231256e+01
3.192000e+01 -6.262682e+01 7.423629e+01
3.193000e+01 -5.881482e+01 7.605244e+01
3.194000e+01 -5.496745e+01 7.776033e+01
3.195000e+01 -5.108724e+01 7.935931e+01
3.196000e+01 -4.717677e+01 8.084877e+01
3.197000e+01 -4.323859e+01 8.222816e+01
3.198000e+01 -3.927530e+01 8.349697e+01
3.199000e+01 -3.528949e+01 8.465473e+01
3.200000e+01 -3.128377e+01 8.570101e+01
3.201000e+01 -2.726074e+01 8.663545e+01
3.202000e+01 -2.322304e+01 8.745771e+01
3.203000e+01 -1.917329e+01 8.816751e+01
3.204000e+01 -1.511414e+01 8.876462e+01
3.205000e+01 -1.104822e+01 8.924884e+01
3.206000e+01 -6.978198e+00 8.962004e+01
3.207000e+01 -2.906727e+00 8.987811e+01
3.208000e+01 1.163530e+00 9.002300e+01
3.209000e+01 5.229904e+00 9.005472e+01
3.210000e+01 9.289724e+00 8.997331e+01
3.211000e+01 1.334031e+01 8.977886e+01
3.212000e+01 1.737900e+01 8.947151e+01
3.213000e+01 2.140310e+01 8.905145e+01
3.214000e+01 2.540993e+01 8.851891e+01
3.215000e+01 2.939681e+01 8.787416e+01
3.216000e+01 3.336106e+01 8.711753e+01
3.217000e+01 3.729999e+01 8.624940e+01
3.218000e+01 4.121094e+01 8.527019e+01
3.219000e+01 4.509120e+01 8.418035e+01
3.220000e+01 4.893812e+01 8.298041e+01
3.221000e+01 5.274900e+01 8.167090e+01
3.222000e+01 5.652118e+01 8.025245e+01
3.223000e+01 6.025199e+01 7.872569e+01
3.224000e+01 6.393875e+01 7.709131e+01
3.225000e+01 6.757881e+01 7.535005e+01
3.226000e+01 7.116950e+01 7.350269e+01
3.227000e+01 7.470817e+01 7.155006e+01
3.228000e+01 7.819216e+01 6.949301e+01
3.229000e+01 8.161883e+01 6.733246e+01
3.230000e+01 8.498552e+01 6.506935e+01
3.231000e+01 8.828962e+01 6.270469e+01
3.232000e+01 9.152846e+01 6.023950e+01
3.233000e+01 9.469944e+01 5.767486e+01
3.234000e+01 9.779991e+01 5.501188e+01
3.235000e+01 1.008273e+02 5.225172e+01
3.236000e+01 1.037789e+02 4.939557e+01
3.237000e+01 1.066521e+02 4.644466e+01
3.238000e+01 1.094444e+02 4.340025e+01
3.239000e+01 1.121531e+02 4.026367e+01
3.240000e+01 1.147756e+02 3.703624e+01
3.241000e+01 1.173093e+02 3.371934e+01
3.242000e+01 1.197516e+02 3.031438e+01
3.243000e+01 1.220998e+02 2.682281e+01
3.244000e+01 1.243515e+02 2.324611e+01
3.245000e+01 1.265038e+02 1.958578e+01
3.246000e+01 1.285543e+02 1.584337e+01
3.247000e+01 1.305003e+02 1.202044e+01
3.248000e+01 1.323392e+02 8.118602e+00
3.249000e+01 1.340682e+02 4.139475e+00
3.250000e+01 1.356848e+02 8.471528e-02
3.251000e+01 1.371863e+02 -4.043995e+00
3.252000e+01 1.385699e+02 -8.244950e+00
3.253000e+01 1.398330e+02 -1.251642e+01
3.254000e+01 1.409729e+02 -1.685665e+01
3.255000e+01 1.419866e+02 -2.126388e+01
3.256000e+01 1.428716e+02 -2.573629e+01
3.257000e+01 1.436248e+02 -3.027210e+01
3.258000e+01 1.442435e+02 -3.486945e+01
3.259000e+01 1.447248e+02 -3.952652e+01
3.260000e+01 1.450656e+02 -4.424143e+01
3.261000e+01 1.452629e+02 -4.901231e+01
3.262000e+01 1.453136e+02 -5.383729e+01
3.263000e+01 1.452147e+02 -5.871446e+01
3.264000e+01 1.449627e+02 -6.364193e+01
3.265000e+01 1.445545e+02 -6.861779e+01
3.266000e+01 1.439865e+02 -7.364011e+01
3.267000e+01 1.432553e+02 -7.870700e+01
3.268000e+01 1.423571e+02 -8.381653e+01
3.269000e+01 1.412883e+02 -8.896680e+01
3.270000e+01 1.400448e+02 -9.415589e+01
3.271000e+01 1.386226e+02 -9.938191e+01
3.272000e+01 1.370174e+02 -1.046430e+02
3.273000e+01 1.352247e+02 -1.099372e+02
3.274000e+01 1.332399e+02 -1.152627e+02
3.275000e+01 1.310580e+02 -1.206176e+02
3.276000e+01 1.286738e+02 -1.260002e+02
3.277000e+01 1.260819e+02 -1.314086e+02
3.278000e+01 1.232764e+02 -1.368411e+02
3.279000e+01 1.202511e+02 -1.422959e+02
3.280000e+01 1.169996e+02 -1.477714e+02
3.281000e+01 1.135148e+02 -1.532659e+02
3.282000e+01 1.097892e+02 -1.587778e+02
3.283000e+01 1.058147e+02 -1.643055e+02
3.284000e+01 1.015827e+02 -1.698476e+02
3.285000e+01 9.708402e+01 -1.754028e+02
3.286000e+01 9.230845e+01 -1.809695e+02
3.287000e+01 8.724515e+01 -1.865467e+02
3.288000e+01 8.188228e+01 -1.921332e+02
3.289000e+01 7.620697e+01 -1.977279e+02
3.290000e+01 7.020517e+01 -2.033300e+02
3.291000e+01 6.386152e+01 -2.089387e+02
3.292000e+01 5.715917e+01 -2.145534e+02
3.293000e+01 5.007957e+01 -2.201736e+02
3.294000e+01 4.260230e+01 -2.257992e+02
3.295000e+01 3.470475e+01 -2.314300e+02
3.296000e+01 2.636186e+01 -2.370665e+02
3.297000e+01 1.754575e+01 -2.427090e+02
3.298000e+01 8.225340e+00 -2.483585e+02
3.299000e+01 -1.634177e+00 -2.540162e+02
3.300000e+01 -1.207188e+01 -2.596838e+02
3.301000e+01 -2.313179e+01 -2.653634e+02
3.302000e+01 -3.486372e+01 -2.710577e+02
3.303000e+01 -4.732420e+01 -2.767703e+02
3.304000e+01 -6.057769e+01 -2.825051e+02
3.305000e+01 -7.469800e+01 -2.882675e+02
3.306000e+01 -8.977004e+01 -2.940634e+02
3.307000e+01 -1.058920e+02 -2.999003e+02
3.308000e+01 -1.231778e+02 -3.057872e+02
3.309000e+01 -1.417611e+02 -3.117350e+02
3.310000e+01 -1.617985e+02 -3.177565e+02
3.311000e+01 -1.834759e+02 -3.238677e+02
3.312000e+01 -2.070149e+02 -3.300875e+02
3.313000e+01 -2.326819e+02 -3.364392e+02
3.314000e+01 -2.608004e+02 -3.429514e+02
3.315000e+01 -2.917662e+02 -3.496593e+02
3.316000e+01 -3.260697e+02 -3.566067e+02
3.317000e+01 -3.643253e+02 -3.638486e+02
3.318000e+01 -4.073133e+02 -3.714550e+02
3.319000e+01 -4.560397e+02 -3.795158e+02
3.320000e+01 -5.118243e+02 -3.881487e+02
3.321000e+01 -5.764328e+02 -3.975101e+02
3.322000e+01 -6.522828e+02 -4.078125e+02
3.323000e+01 -7.427743e+02 -4.193510e+02
3.324000e+01 -8.528451e+02 -4.325483e+02
3.325000e+01 -9.899508e+02 -4.480306e+02
3.326000e+01 -1.165903e+03 -4.667650e+02
3.327000e+01 -1.400591e+03 -4.903264e+02
3.328000e+01 -1.730321e+03 -5.214551e+02
3.329000e+01 -2.229129e+03 -5.653506e+02
3.330000e+01 -3.075017e+03 -6.330628e+02
3.331000e+01 -4.831002e+03 -7.512732e+02
3.332000e+01 -1.070726e+04 -9.486855e+02
3.333000e+01 5.619925e+04 2.079285e+04
3.334000e+01 8.167662e+03 7.467214e+02
3.335000e+01 4.420877e+03 1.522282e+02
3.336000e+01 3.057248e+03 -3.080791e+01
3.337000e+01 2.348042e+03 -1.202791e+02
3.338000e+01 1.912126e+03 -1.736238e+02
3.339000e+01 1.616222e+03 -2.092848e+02
3.340000e+01 1.401587e+03 -2.349677e+02
3.341000e+01 1.238305e+03 -2.544541e+02
3.342000e+01 1.109533e+03 -2.698147e+02
3.343000e+01 1.005066e+03 -2.822781e+02
3.344000e+01 9.183579e+02 -2.926186e+02
3.345000e+01 8.450201e+02 -3.013484e+02
3.346000e+01 7.819982e+02 -3.088198e+02
3.347000e+01 7.271020e+02 -3.152827e+02
3.348000e+01 6.787202e+02 -3.209196e+02
3.349000e+01 6.356408e+02 -3.258666e+02
3.350000e+01 5.969353e+02 -3.302276e+02
3.351000e+01 5.618800e+02 -3.340828e+02
3.352000e+01 5.299029e+02 -3.374954e+02
3.353000e+01 5.005462e+02 -3.405160e+02
3.354000e+01 4.734389e+02 -3.431852e+02
3.355000e+01 4.482775e+02 -3.455363e+02
3.356000e+01 4.248112e+02 -3.475968e+02
3.357000e+01 4.028313e+02 -3.493896e+02
3.358000e+01 3.821626e+02 -3.509338e+02
3.359000e+01 3.626569e+02 -3.522457e+02
3.360000e+01 3.441885e+02 -3.533393e+02
3.361000e+01 3.266495e+02 -3.542266e+02
3.362000e+01 3.099474e+02 -3.549178e+02
3.363000e+01 2.940021e+02 -3.554220e+02
3.364000e+01 2.787442e+02 -3.557473e+02
3.365000e+01 2.641131e+02 -3.559006e+02
3.366000e+01 2.500559e+02 -3.558882e+02
3.367000e+01 2.365261e+02 -3.557157e+02
3.368000e+01 2.234827e+02 -3.553883e+02
3.369000e+01 2.108895e+02 -3.549104e+02
3.370000e+01 1.987144e+02 -3.542864e+02
3.371000e+01 1.869290e+02 -3.535201e+02
3.372000e+01 1.755079e+02 -3.526151e+02
3.373000e+01 1.644284e+02 -3.515746e+02
3.374000e+01 1.536704e+02 -3.504020e+02
3.375000e+01 1.432157e+02 -3.491000e+02
3.376000e+01 1.330481e+02 -3.476716e+02
3.377000e+01 1.231529e+02 -3.461193e+02
3.378000e+01 1.135171e+02 -3.444457e+02
3.379000e+01 1.041287e+02 -3.426534e+02
3.380000e+01 9.497707e+01 -3.407445e+02
3.381000e+01 8.605260e+01 -3.387216e+02
3.382000e+01 7.734655e+01 -3.365867e+02
3.383000e+01 6.885103e+01 -3.343422e+02
3.384000e+01 6.055891e+01 -3.319901e+02
3.385000e+01 5.246372e+01 -3.295327e+02
3.386000e+01 4.455960e+01 -3.269720e+02
3.387000e+01 3.684123e+01 -3.243102e+02
3.388000e+01 2.930381e+01 -3.215492e+02
3.389000e+01 2.194296e+01 -3.186913e+02
3.390000e+01 1.475472e+01 -3.157383e+02
3.391000e+01 7.735468e+00 -3.126924e+02
3.392000e+01 8.819513e-01 -3.095557e+02
3.393000e+01 -5.808805e+00 -3.063302e+02
3.394000e+01 -1.233950e+01 -3.030179e+02
3.395000e+01 -1.871258e+01 -2.996210e+02
3.396000e+01 -2.493027e+01 -2.961415e+02
3.397000e+01 -3.099459e+01 -2.925815e+02
3.398000e+01 -3.690740e+01 -2.889432e+02
3.399000e+01 -4.267034e+01 -2.852285e+02
3.400000e+01 -4.828496e+01 -2.814397e+02
3.401000e+01 -5.375263e+01 -2.775788e+02
3.402000e+01 -5.907461e+01 -2.736481e+02
3.403000e+01 -6.425206e+01 -2.696497e+02
3.404000e+01 -6.928603e+01 -2.655858e+02
3.405000e+01 -7.417748e+01 -2.614585e+02
3.406000e+01 -7.892730e+01 -2.572701e+02
3.407000e+01 -8.353629e+01 -2.530228e+02
3.408000e+01 -8.800521e+01 -2.487189e+02
3.409000e+01 -9.233474e+01 -2.443606e+02
3.410000e+01 -9.652554e+01 -2.399501e+02
3.411000e+01 -1.005782e+02 -2.354898e+02
3.412000e+01 -1.044933e+02 -2.309819e+02
3.413000e+01 -1.082714e+02 -2.264288e+02
3.414000e+01 -1.119130e+02 -2.218328e+02
3.415000e+01 -1.154185e+02 -2.171962e+02
3.416000e+01 -1.187885e+02 -2.125214e+02
3.417000e+01 -1.220234e+02 -2.078107e+02
3.418000e+01 -1.251237e+02 -2.030665e+02
3.419000e+01 -1.280898e+02 -1.982911e+02
3.420000e+01 -1.309221e+02 -1.934871e+02
3.421000e+01 -1.336212e+02 -1.886566e+02
3.422000e+01 -1.361874e+02 -1.838023e+02
3.423000e+01 -1.386213e+02 -1.789264e+02
3.424000e+01 -1.409233e+02 -1.740314e+02
3.425000e+01 -1.430939e+02 -1.691198e+02
3.426000e+01 -1.451336e+02 -1.641939e+02
3.427000e+01 -1.470429e+02 -1.592562e+02
3.428000e+01 -1.488223e+02 -1.543091e+02
3.429000e+01 -1.504725e+02 -1.493552e+02
3.430000e+01 -1.519939e+02 -1.443967e+02
3.431000e+01 -1.533872e+02 -1.394362e+02
3.432000e+01 -1.546530e+02 -1.344761e+02
3.433000e+01 -1.557919e+02 -1.295188e+02
3.434000e+01 -1.568047e+02 -1.245668e+02
3.435000e+01 -1.576921e+02 -1.196226e+02
3.436000e+01 -1.584547e+02 -1.146885e+02
3.437000e+01 -1.590934e+02 -1.097670e+02
3.438000e+01 -1.596090e+02 -1.048606e+02
3.439000e+01 -1.600022e+02 -9.997154e+01
3.440000e+01 -1.602740e+02 -9.510237e+01
3.441000e+01 -1.604253e+02 -9.025546e+01
3.442000e+01 -1.604569e+02 -8.543320e+01
3.443000e+01 -1.603700e+02 -8.063797e+01
3.444000e+01 -1.601654e+02 -7.587216e+01
3.445000e+01 -1.598443e+02 -7.113812e+01
3.446000e+01 -1.594076e+02 -6.643821e+01
3.447000e+01 -1.588566e+02 -6.177476e+01
3.448000e+01 -1.581924e+02 -5.715010e+01
3.449000e+01 -1.574161e+02 -5.256653e+01
3.450000e+01 -1.565291e+02 -4.802635e+01
3.451000e+01 -1.555325e+02 -4.353182e+01
3.452000e+01 -1.544277e+02 -3.908521e+01
3.453000e+01 -1.532161e+02 -3.468875e+01
3.454000e+01 -1.518989e+02 -3.034467e+01
3.455000e+01 -1.504777e+02 -2.605515e+01
3.456000e+01 -1.489539e+02 -2.182238e+01
3.457000e+01 -1.473290e+02 -1.764851e+01
3.458000e+01 -1.456046e+02 -1.353568e+01
3.459000e+01 -1.437822e+02 -9.485985e+00
3.460000e+01 -1.418634e+02 -5.501517e+00
3.461000e+01 -1.398499e+02 -1.584333e+00
3.462000e+01 -1.377434e+02 2.263534e+00
3.463000e+01 -1.355456e+02 6.040079e+00
3.464000e+01 -1.332583e+02 9.743321e+00
3.465000e+01 -1.308832e+02 1.337131e+01
3.466000e+01 -1.284223e+02 1.692213e+01
3.467000e+01 -1.258774e+02 2.039388e+01
3.468000e+01 -1.232505e+02 2.378470e+01
3.469000e+01 -1.205434e+02 2.709276e+01
3.470000e+01 -1.177581e+02 3.031626e+01
3.471000e+01 -1.148968e+02 3.345344e+01
3.472000e+01 -1.119613e+02 3.650255e+01
3.473000e+01 -1.089539e+02 3.946189e+01
3.474000e+01 -1.058767e+02 4.232980e+01
3.475000e+01 -1.027318e+02 4.510464e+01
3.476000e+01 -9.952135e+01 4.778481e+01
3.477000e+01 -9.624768e+01 5.036875e+01
3.478000e+01 -9.291300e+01 5.285492e+01
3.479000e+01 -8.951961e+01 5.524183e+01
3.480000e+01 -8.606983e+01 5.752803e+01
3.481000e+01 -8.256602e+01 5.971210e+01
3.482000e+01 -7.901056e+01 6.179265e+01
3.483000e+01 -7.540587e+01 6.376833e+01
3.484000e+01 -7.175439e+01 6.563784e+01
3.485000e+01 -6.805861e+01 6.739991e+01
3.486000e+01 -6.432103e+01 6.905331e+01
3.487000e+01 -6.054417e+01 7.059683e+01
3.488000e+01 -5.673061e+01 7.202933e+01
3.489000e+01 -5.288293e+01 7.334969e+01
3.490000e+01 -4.900376e+01 7.455683e+01
3.491000e+01 -4.509573e+01 7.564970e+01
3.492000e+01 -4.116152e+01 7.662731e+01
3.493000e+01 -3.720383e+01 7.748869e+01
3.494000e+01 -3.322538e+01 7.823293e+01
3.495000e+01 -2.922893e+01 7.885912e+01
3.496000e+01 -2.521725e+01 7.936643e+01
3.497000e+01 -2.119315e+01 7.975404e+01
3.498000e+01 -1.715945e+01 8.002118e+01
3.499000e+01 -1.311901e+01 8.016711e+01
3.500000e+01 -9.074703e+00 8.019114e+01
3.501000e+01 -5.029436e+00 8.009260e+01
3.502000e+01 -9.861384e-01 7.987087e+01
3.503000e+01 3.052236e+00 7.952536e+01
3.504000e+01 7.082707e+00 7.905550e+01
3.505000e+01 1.110227e+01 7.846078e+01
3.506000e+01 1.510789e+01 7.774070e+01
3.507000e+01 1.909652e+01 7.689481e+01
3.508000e+01 2.306506e+01 7.592269e+01
3.509000e+01 2.701042e+01 7.482394e+01
3.510000e+01 3.092944e+01 7.359819e+01
3.511000e+01 3.481896e+01 7.224511e+01
3.512000e+01 3.867579e+01 7.076438e+01
3.513000e+01 4.249669e+01 6.915573e+01
3.514000e+01 4.627841e+01 6.741889e+01
3.515000e+01 5.001766e+01 6.555361e+01
3.516000e+01 5.371111e+01 6.355970e+01
3.517000e+01 5.735540e+01 6.143693e+01
3.518000e+01 6.094712e+01 5.918514e+01
3.519000e+01 6.448284e+01 5.680415e+01
3.520000e+01 6.795909e+01 5.429381e+01
3.521000e+01 7.137232e+01 5.165396e+01
3.522000e+01 7.471897e+01 4.888448e+01
3.523000e+01 7.799542e+01 4.598522e+01
3.524000e+01 8.119799e+01 4.295605e+01
3.525000e+01 8.432293e+01 3.979683e+01
3.526000e+01 8.736646e+01 3.650742e+01
3.527000e+01 9.032472e+01 3.308765e+01
3.528000e+01 9.319375e+01 2.953736e+01
3.529000e+01 9.596956e+01 2.585636e+01
3.530000e+01 9.864804e+01 2.204442e+01
3.531000e+01 1.012250e+02 1.810131e+01
3.532000e+01 1.036962e+02 1.402675e+01
3.533000e+01 1.060572e+02 9.820397e+00
3.534000e+01 1.083035e+02 5.481888e+00
3.535000e+01 1.104304e+02 1.010786e+00
3.536000e+01 1.124333e+02 -3.593407e+00
3.537000e+01 1.143072e+02 -8.331266e+00
3.538000e+01 1.160470e+02 -1.320345e+01
3.539000e+01 1.176474e+02 -1.821072e+01
3.540000e+01 1.191030e+02 -2.335393e+01
3.541000e+01 1.204082e+02 -2.863408e+01
3.542000e+01 1.215570e+02 -3.405229e+01
3.543000e+01 1.225433e+02 -3.960982e+01
3.544000e+01 1.233606e+02 -4.530813e+01
3.545000e+01 1.240022e+02 -5.114885e+01
3.546000e+01 1.244610e+02 -5.713382e+01
3.547000e+01 1.247296e+02 -6.326513e+01
3.548000e+01 1.248001e+02 -6.954511e+01
3.549000e+01 1.246640e+02 -7.597641e+01
3.550000e+01 1.243127e+02 -8.256198e+01
3.551000e+01 1.237366e+02 -8.930515e+01
3.552000e+01 1.229257e+02 -9.620964e+01
3.553000e+01 1.218692e+02 -1.032796e+02
3.554000e+01 1.205557e+02 -1.105198e+02
3.555000e+01 1.189726e+02 -1.179355e+02
3.556000e+01 1.171067e+02 -1.255325e+02
3.557000e+01 1.149434e+02 -1.333174e+02
3.558000e+01 1.124671e+02 -1.412978e+02
3.559000e+01 1.096605e+02 -1.494818e+02
3.560000e+01 1.065050e+02 -1.578788e+02
3.561000e+01 1.029801e+02 -1.664994e+02
3.562000e+01 9.906331e+01 -1.753554e+02
3.563000e+01 9.472977e+01 -1.844600e+02
3.564000e+01 8.995200e+01 -1.938285e+02
3.565000e+01 8.469948e+01 -2.034777e+02
3.566000e+01 7.893816e+01 -2.134271e+02
3.567000e+01 7.262997e+01 -2.236984e+02
3.568000e+01 6.573212e+01 -2.343167e+02
3.569000e+01 5.819634e+01 -2.453105e+02
3.570000e+01 4.996793e+01 -2.567124e+02
3.571000e+01 4.098463e+01 -2.685599e+02
3.572000e+01 3.117523e+01 -2.808961e+02
3.573000e+01 2.045786e+01 -2.937713e+02
3.574000e+01 8.737871e+00 -3.072435e+02
3.575000e+01 -4.094747e+00 -3.213809e+02
3.576000e+01 -1.816871e+01 -3.362632e+02
3.577000e+01 -3.363559e+01 -3.519851e+02
3.578000e+01 -5.067518e+01 -3.686586e+02
3.579000e+01 -6.950242e+01 -3.864184e+02
3.580000e+01 -9.037646e+01 -4.054268e+02
3.581000e+01 -1.136127e+02 -4.258814e+02
3.582000e+01 -1.395989e+02 -4.480251e+02
3.583000e+01 -1.688172e+02 -4.721597e+02
3.584000e+01 -2.018752e+02 -4.986648e+02
3.585000e+01 -2.395488e+02 -5.280239e+02
3.586000e+01 -2.828453e+02 -5.608631e+02
3.587000e+01 -3.330970e+02 -5.980067e+02
3.588000e+01 -3.921030e+02 -6.405626e+02
3.589000e+01 -4.623539e+02 -6.900546e+02
3.590000e+01 -5.473986e+02 -7.486384e+02
3.591000e+01 -6.524742e+02 -8.194646e+02
3.592000e+01 -7.856432e+02 -9.073271e+02
3.593000e+01 -9.599969e+02 -1.019892e+03
3.594000e+01 -1.198296e+03 -1.170224e+03
3.595000e+01 -1.543911e+03 -1.382532e+03
3.596000e+01 -2.090934e+03 -1.707197e+03
3.597000e+01 -3.088692e+03 -2.268770e+03
3.598000e+01 -5.482685e+03 -3.475042e+03
3.599000e+01 -1.846170e+04 -7.179101e+03
3.600000e+01 1.309888e+04 1.303622e+04
3.601000e+01 5.401618e+03 3.743473e+03
3.602000e+01 3.449499e+03 2.066821e+03
3.603000e+01 2.574180e+03 1.376492e+03
3.604000e+01 2.077111e+03 9.991019e+02
3.605000e+01 1.756196e+03 7.603633e+02
3.606000e+01 1.531464e+03 5.950969e+02
3.607000e+01 1.364955e+03 4.734377e+02
3.608000e+01 1.236342e+03 3.797806e+02
3.609000e+01 1.133762e+03 3.051795e+02
3.610000e+01 1.049823e+03 2.441393e+02
3.611000e+01 9.796842e+02 1.930989e+02
3.612000e+01 9.200394e+02 1.496495e+02
3.613000e+01 8.685555e+02 1.121037e+02
3.614000e+01 8.235389e+02 7.924446e+01
3.615000e+01 7.837306e+02 5.017201e+01
3.616000e+01 7.481754e+02 2.420700e+01
3.617000e+01 7.161352e+02 8.269681e-01
3.618000e+01 6.870315e+02 -2.037639e+01
3.619000e+01 6.604037e+02 -3.972669e+01
3.620000e+01 6.358814e+02 -5.748368e+01
3.621000e+01 6.131629e+02 -7.385818e+01
3.622000e+01 5.920003e+02 -8.902305e+01
3.623000e+01 5.721881e+02 -1.031213e+02
3.624000e+01 5.535544e+02 -1.162722e+02
3.625000e+01 5.359547e+02 -1.285762e+02
3.626000e+01 5.192662e+02 -1.401180e+02
3.627000e+01 5.033846e+02 -1.509700e+02
3.628000e+01 4.882201e+02 -1.611941e+02
3.629000e+01 4.736956e+02 -1.708438e+02
3.630000e+01 4.597443e+02 -1.799651e+02
3.631000e+01 4.463081e+02 -1.885983e+02
3.632000e+01 4.333362e+02 -1.967785e+02
3.633000e+01 4.207843e+02 -2.045366e+02
3.634000e+01 4.086134e+02 -2.118995e+02
3.635000e+01 3.967892e+02 -2.188914e+02
3.636000e+01 3.852813e+02 -2.255334e+02
3.637000e+01 3.740628e+02 -2.318446e+02
3.638000e+01 3.631099e+02 -2.378417e+02
3.639000e+01 3.524015e+02 -2.435400e+02
3.640000e+01 3.419186e+02 -2.489530e+02
3.641000e+01 3.316444e+02 -2.540930e+02
3.642000e+01 3.215639e+02 -2.589711e+02
3.643000e+01 3.116637e+02 -2.635972e+02
3.644000e+01 3.019319e+02 -2.679805e+02
3.645000e+01 2.923576e+02 -2.721292e+02
3.646000e+01 2.829313e+02 -2.760510e+02
3.647000e+01 2.736443e+02 -2.797528e+02
3.648000e+01 2.644891e+02 -2.832410e+02
3.649000e+01 2.554588e+02 -2.865214e+02
3.650000e+01 2.465471e+02 -2.895996e+02
3.651000e+01 2.377487e+02 -2.924804e+02
3.652000e+01 2.290587e+02 -2.951686e+02
3.653000e+01 2.204728e+02 -2.976685e+02
3.654000e+01 2.119872e+02 -2.999842e+02
3.655000e+01 2.035984e+02 -3.021196e+02
3.656000e+01 1.953035e+02 -3.040781e+02
3.657000e+01 1.871000e+02 -3.058633e+02
3.658000e+01 1.789855e+02 -3.074783e+02
3.659000e+01 1.709581e+02 -3.089261e+02
3.660000e+01 1.630162e+02 -3.102097e+02
3.661000e+01 1.551583e+02 -3.113318e+02
3.662000e+01 1.473832e+02 -3.122951e+02
3.663000e+01 1.396902e+02 -3.131022e+02
3.664000e+01 1.320782e+02 -3.137555e+02
3.665000e+01 1.245469e+02 -3.142574e+02
3.666000e+01 1.170958e+02 -3.146103e+02
3.667000e+01 1.097245e+02 -3.148164e+02
3.668000e+01 1.024332e+02 -3.148779e+02
3.669000e+01 9.522161e+01 -3.147970e+02
3.670000e+01 8.809002e+01 -3.145758e+02
3.671000e+01 8.103864e+01 -3.142164e+02
3.672000e+01 7.406779e+01 -3.137210e+02
3.673000e+01 6.717791e+01 -3.130914e+02
3.674000e+01 6.036949e+01 -3.123298e+02
3.675000e+01 5.364310e+01 -3.114382e+02
3.676000e+01 4.699941e+01 -3.104185e+02
3.677000e+01 4.043910e+01 -3.092728e+02
3.678000e+01 3.396293e+01 -3.080031e+02
3.679000e+01 2.757172e+01 -3.066113e+02
3.680000e+01 2.126630e+01 -3.050995e+02
3.681000e+01 1.504757e+01 -3.034696e+02
3.682000e+01 8.916435e+00 -3.017236e+02
3.683000e+01 2.873851e+00 -2.998636e+02
3.684000e+01 -3.079212e+00 -2.978916e+02
3.685000e+01 -8.941762e+00 -2.958095e+02
3.686000e+01 -1.471279e+01 -2.936195e+02
3.687000e+01 -2.039127e+01 -2.913235e+02
3.688000e+01 -2.597617e+01 -2.889238e+02
3.689000e+01 -3.146645e+01 -2.864222e+02
3.690000e+01 -3.686107e+01 -2.838210e+02
3.691000e+01 -4.215897e+01 -2.811223e+02
3.692000e+01 -4.735912e+01 -2.783281e+02
3.693000e+01 -5.246048e+01 -2.754407e+02
3.694000e+01 -5.746200e+01 -2.724622e+02
3.695000e+01 -6.236267e+01 -2.693948e+02
3.696000e+01 -6.716147e+01 -2.662407e+02
3.697000e+01 -7.185740e+01 -2.630021e+02
3.698000e+01 -7.644946e+01 -2.596813e+02
3.699000e+01 -8.093669e+01 -2.562805e+02
3.700000e+01 -8.531814e+01 -2.528020e+02
3.701000e+01 -8.959287e+01 -2.492482e+02
3.702000e+01 -9.375998e+01 -2.456213e+02
3.703000e+01 -9.781857e+01 -2.419237e+02
3.704000e+01 -1.017678e+02 -2.381578e+02
3.705000e+01 -1.056068e+02 -2.343258e+02
3.706000e+01 -1.093348e+02 -2.304303e+02
3.707000e+01 -1.129510e+02 -2.264736e+02
3.708000e+01 -1.164547e+02 -2.224581e+02
3.709000e+01 -1.198451e+02 -2.183864e+02
3.710000e+01 -1.231215e+02 -2.142608e+02
3.711000e+01 -1.262834e+02 -2.100838e+02
3.712000e+01 -1.293300e+02 -2.058580e+02
3.713000e+01 -1.322609e+02 -2.015858e+02
3.714000e+01 -1.350754e+02 -1.972698e+02
3.715000e+01 -1.377731e+02 -1.929125e+02
3.716000e+01 -1.403535e+02 -1.885164e+02
3.717000e+01 -1.428162e+02 -1.840841e+02
3.718000e+01 -1.451608e+02 -1.796182e+02
3.719000e+01 -1.473869e+02 -1.751212e+02
3.720000e+01 -1.494942e+02 -1.705958e+02
3.721000e+01 -1.514825e+02 -1.660446e+02
3.722000e+01 -1.533516e+02 -1.614701e+02
3.723000e+01 -1.551012e+02 -1.568750e+02
3.724000e+01 -1.567313e+02 -1.522620e+02
3.725000e+01 -1.582418e+02 -1.476335e+02
3.726000e+01 -1.596326e+02 -1.429924e+02
3.727000e+01 -1.609037e+02 -1.383412e+02
3.728000e+01 -1.620551e+02 -1.336826e+02
3.729000e+01 -1.630871e+02 -1.290193e+02
3.730000e+01 -1.639996e+02 -1.243538e+02
3.731000e+01 -1.647930e+02 -1.196889e+02
3.732000e+01 -1.654674e+02 -1.150272e+02
3.733000e+01 -1.660231e+02 -1.103713e+02
3.734000e+01 -1.664604e+02 -1.057241e+02
3.735000e+01 -1.667798e+02 -1.010880e+02
3.736000e+01 -1.669817e+02 -9.646572e+01
3.737000e+01 -1.670665e+02 -9.185998e+01
3.738000e+01 -1.670348e+02 -8.727339e+01
3.739000e+01 -1.668871e+02 -8.270862e+01
3.740000e+01 -1.666240e+02 -7.816828e+01
3.741000e+01 -1.662463e+02 -7.365504e+01
3.742000e+01 -1.657546e+02 -6.917150e+01
3.743000e+01 -1.651498e+02 -6.472031e+01
3.744000e+01 -1.644326e+02 -6.030407e+01
3.745000e+01 -1.636039e+02 -5.592539e+01
3.746000e+01 -1.626647e+02 -5.158687e+01
3.747000e+01 -1.616158e+02 -4.729110e+01
3.748000e+01 -1.604583e+02 -4.304066e+01
3.749000e+01 -1.591934e+02 -3.883812e+01
3.750000e+01 -1.578219e+02 -3.468602e+01
3.751000e+01 -1.563453e+02 -3.058693e+01
3.752000e+01 -1.547645e+02 -2.654336e+01
3.753000e+01 -1.530810e+02 -2.255784e+01
3.754000e+01 -1.512960e+02 -1.863287e+01
3.755000e+01 -1.494108e+02 -1.477094e+01
3.756000e+01 -1.474269e+02 -1.097453e+01
3.757000e+01 -1.453457e+02 -7.246101e+00
3.758000e+01 -1.431687e+02 -3.588093e+00
3.759000e+01 -1.408974e+02 -2.940298e-03
3.760000e+01 -1.385335e+02 3.506944e+00
3.761000e+01 -1.360785e+02 6.939160e+00
3.762000e+01 -1.335342e+02 1.029133e+01
3.763000e+01 -1.309022e+02 1.356108e+01
3.764000e+01 -1.281844e+02 1.674607e+01
3.765000e+01 -1.253826e+02 1.984396e+01
3.766000e+01 -1.224986e+02 2.285244e+01
3.767000e+01 -1.195343e+02 2.576920e+01
3.768000e+01 -1.164918e+02 2.859198e+01
3.769000e+01 -1.133729e+02 3.131848e+01
3.770000e+01 -1.101798e+02 3.394648e+01
3.771000e+01 -1.069145e+02 3.647372e+01
3.772000e+01 -1.035791e+02 3.889799e+01
3.773000e+01 -1.001759e+02 4.121709e+01
3.774000e+01 -9.670709e+01 4.342880e+01
3.775000e+01 -9.317489e+01 4.553097e+01
3.776000e+01 -8.958162e+01 4.752142e+01
3.777000e+01 -8.592965e+01 4.939798e+01
3.778000e+01 -8.222137e+01 5.115852e+01
3.779000e+01 -7.845922e+01 5.280089e+01
3.780000e+01 -7.464570e+01 5.432296e+01
3.781000e+01 -7.078332e+01 5.572261e+01
3.782000e+01 -6.687466e+01 5.699772e+01
3.783000e+01 -6.292235e+01 5.814615e+01
3.784000e+01 -5.892905e+01 5.916580e+01
3.785000e+01 -5.489747e+01 6.005454e+01
3.786000e+01 -5.083036e+01 6.081025e+01
3.787000e+01 -4.673054e+01 6.143078e+01
3.788000e+01 -4.260085e+01 6.191399e+01
3.789000e+01 -3.844420e+01 6.225772e+01
3.790000e+01 -3.426354e+01 6.245980e+01
3.791000e+01 -3.006185e+01 6.251802e+01
3.792000e+01 -2.584221e+01 6.243016e+01
3.793000e+01 -2.160772e+01 6.219395e+01
3.794000e+01 -1.736154e+01 6.180711e+01
3.795000e+01 -1.310689e+01 6.126730e+01
3.796000e+01 -8.847047e+00 6.057214e+01
3.797000e+01 -4.585360e+00 5.971919e+01
3.798000e+01 -3.252340e-01 5.870595e+01
3.799000e+01 3.929855e+00 5.752983e+01
3.800000e+01 8.176360e+00 5.618821e+01
3.801000e+01 1.241066e+01 5.467832e+01
3.802000e+01 1.662904e+01 5.299733e+01
3.803000e+01 2.082773e+01 5.114229e+01
3.804000e+01 2.500284e+01 4.911011e+01
3.805000e+01 2.915040e+01 4.689758e+01
3.806000e+01 3.326632e+01 4.450132e+01
3.807000e+01 3.734642e+01 4.191778e+01
3.808000e+01 4.138638e+01 3.914323e+01
3.809000e+01 4.538177e+01 3.617371e+01
3.810000e+01 4.932801e+01 3.300503e+01
3.811000e+01 5.322035e+01 2.963273e+01
3.812000e+01 5.705392e+01 2.605208e+01
3.813000e+01 6.082362e+01 2.225799e+01
3.814000e+01 6.452417e+01 1.824505e+01
3.815000e+01 6.815008e+01 1.400741e+01
3.816000e+01 7.169563e+01 9.538792e+00
3.817000e+01 7.515480e+01 4.832430e+00
3.818000e+01 7.852131e+01 -1.190106e-01
3.819000e+01 8.178855e+01 -5.323477e+00
3.820000e+01 8.494955e+01 -1.078961e+01
3.821000e+01 8.799693e+01 -1.652681e+01
3.822000e+01 9.092289e+01 -2.254537e+01
3.823000e+01 9.371911e+01 -2.885653e+01
3.824000e+01 9.637672e+01 -3.547264e+01
3.825000e+01 9.888622e+01 -4.240726e+01
3.826000e+01 1.012374e+02 -4.967538e+01
3.827000e+01 1.034192e+02 -5.729352e+01
3.828000e+01 1.054198e+02 -6.528002e+01
3.829000e+01 1.072262e+02 -7.365525e+01
3.830000e+01 1.088243e+02 -8.244190e+01
3.831000e+01 1.101984e+02 -9.166533e+01
3.832000e+01 1.113317e+02 -1.013539e+02
3.833000e+01 1.122052e+02 -1.115396e+02
3.834000e+01 1.127980e+02 -1.222585e+02
3.835000e+01 1.130866e+02 -1.335512e+02
3.836000e+01 1.130450e+02 -1.454640e+02
3.837000e+01 1.126434e+02 -1.580498e+02
3.838000e+01 1.118485e+02 -1.713689e+02
3.839000e+01 1.106219e+02 -1.854908e+02
3.840000e+01 1.089198e+02 -2.004958e+02
3.841000e+01 1.066917e+02 -2.164770e+02
3.842000e+01 1.038788e+02 -2.335433e+02
3.843000e+01 1.004123e+02 -2.518226e+02
3.844000e+01 9.621127e+01 -2.714658e+02
3.845000e+01 9.117935e+01 -2.926529e+02
3.846000e+01 8.520112e+01 -3.155997e+02
3.847000e+01 7.813694e+01 -3.405673e+02
3.848000e+01 6.981606e+01 -3.678743e+02
3.849000e+01 6.002739e+01 -3.979141e+02
3.850000e+01 4.850668e+01 -4.311773e+02
3.851000e+01 3.491846e+01 -4.682840e+02
3.852000e+01 1.883020e+01 -5.100294e+02
3.853000e+01 -3.256940e-01 -5.574499e+02
3.854000e+01 -2.330933e+01 -6.119217e+02
3.855000e+01 -5.116256e+01 -6.753127e+02
3.856000e+01 -8.535306e+01 -7.502223e+02
3.857000e+01 -1.280166e+02 -8.403785e+02
3.858000e+01 -1.823852e+02 -9.513232e+02
3.859000e+01 -2.535933e+02 -1.091667e+03
3.860000e+01 -3.503126e+02 -1.275547e+03
3.861000e+01 -4.884158e+02 -1.527906e+03
3.862000e+01 -7.003429e+02 -1.897193e+03
3.863000e+01 -1.064011e+03 -2.491396e+03
3.864000e+01 -1.822719e+03 -3.608295e+03
3.865000e+01 -4.255694e+03 -6.440288e+03
3.866000e+01 -3.966543e+04 -2.319240e+03
3.867000e+01 2.519511e+03 9.412431e+03
3.868000e+01 1.901938e+03 4.366175e+03
3.869000e+01 1.463305e+03 2.810610e+03
3.870000e+01 1.210348e+03 2.061464e+03
3.871000e+01 1.048917e+03 1.620039e+03
3.872000e+01 9.375475e+02 1.328230e+03
3.873000e+01 8.562459e+02 1.120332e+03
3.874000e+01 7.943289e+02 9.641770e+02
3.875000e+01 7.456016e+02 8.421686e+02
3.876000e+01 7.062336e+02 7.438738e+02
3.877000e+01 6.737329e+02 6.627156e+02
3.878000e+01 6.464090e+02 5.943435e+02
3.879000e+01 6.230758e+02 5.357650e+02
3.880000e+01 6.028765e+02 4.848547e+02
3.881000e+01 5.851770e+02 4.400615e+02
3.882000e+01 5.694982e+02 4.002274e+02
3.883000e+01 5.554711e+02 3.644702e+02
3.884000e+01 5.428074e+02 3.321066e+02
3.885000e+01 5.312781e+02 3.025989e+02
3.886000e+01 5.206995e+02 2.755186e+02
3.887000e+01 5.109224e+02 2.505198e+02
3.888000e+01 5.018243e+02 2.273206e+02
3.889000e+01 4.933038e+02 2.056890e+02
3.890000e+01 4.852763e+02 1.854323e+02
3.891000e+01 4.776707e+02 1.663893e+02
3.892000e+01 4.704268e+02 1.484240e+02
3.893000e+01 4.634933e+02 1.314211e+02
3.894000e+01 4.568264e+02 1.152823e+02
3.895000e+01 4.503882e+02 9.992311e+01
3.896000e+01 4.441460e+02 8.527081e+01
3.897000e+01 4.380716e+02 7.126232e+01
3.898000e+01 4.321403e+02 5.784278e+01
3.899000e+01 4.263304e+02 4.496428e+01
3.900000e+01 4.206231e+02 3.258483e+01
3.901000e+01 4.150017e+02 2.066749e+01
3.902000e+01 4.094516e+02 9.179684e+00
3.903000e+01 4.039599e+02 -1.907421e+00
3.904000e+01 3.985152e+02 -1.261939e+01
3.905000e+01 3.931073e+02 -2.297896e+01
3.906000e+01 3.877274e+02 -3.300641e+01
3.907000e+01 3.823676e+02 -4.271982e+01
3.908000e+01 3.770208e+02 -5.213540e+01
3.909000e+01 3.716810e+02 -6.126767e+01
3.910000e+01 3.663425e+02 -7.012968e+01
3.911000e+01 3.610007e+02 -7.873314e+01
3.912000e+01 3.556512e+02 -8.708863e+01
3.913000e+01 3.502904e+02 -9.520568e+01
3.914000e+01 3.449150e+02 -1.030929e+02
3.915000e+01 3.395223e+02 -1.107580e+02
3.916000e+01 3.341097e+02 -1.182082e+02
3.917000e+01 3.286752e+02 -1.254497e+02
3.918000e+01 3.232171e+02 -1.324884e+02
3.919000e+01 3.177340e+02 -1.393295e+02
3.920000e+01 3.122246e+02 -1.459779e+02
3.921000e+01 3.066880e+02 -1.524377e+02
3.922000e+01 3.011235e+02 -1.587131e+02
3.923000e+01 2.955306e+02 -1.648077e+02
3.924000e+01 2.899090e+02 -1.707246e+02
3.925000e+01 2.842587e+02 -1.764670e+02
3.926000e+01 2.785796e+02 -1.820376e+02
3.927000e+01 2.728720e+02 -1.874390e+02
3.928000e+01 2.671362e+02 -1.926733e+02
3.929000e+01 2.613727e+02 -1.977428e+02
3.930000e+01 2.555822e+02 -2.026494e+02
3.931000e+01 2.497653e+02 -2.073949e+02
3.932000e+01 2.439229e+02 -2.119811e+02
3.933000e+01 2.380559e+02 -2.164093e+02
3.934000e+01 2.321654e+02 -2.206811e+02
3.935000e+01 2.262524e+02 -2.247979e+02
3.936000e+01 2.203183e+02 -2.287608e+02
3.937000e+01 2.143643e+02 -2.325710e+02
3.938000e+01 2.083917e+02 -2.362297e+02
3.939000e+01 2.024020e+02 -2.397378e+02
3.940000e+01 1.963966e+02 -2.430964e+02
3.941000e+01 1.903772e+02 -2.463065e+02
3.942000e+01 1.843453e+02 -2.493689e+02
3.943000e+01 1.783027e+02 -2.522846e+02
3.944000e+01 1.722509e+02 -2.550543e+02
3.945000e+01 1.661918e+02 -2.576789e+02
3.946000e+01 1.601272e+02 -2.601593e+02
3.947000e+01 1.540589e+02 -2.624961e+02
3.948000e+01 1.479887e+02 -2.646904e+02
3.949000e+01 1.419187e+02 -2.667427e+02
3.950000e+01 1.358507e+02 -2.686540e+02
3.951000e+01 1.297868e+02 -2.704249e+02
3.952000e+01 1.237288e+02 -2.720564e+02
3.953000e+01 1.176789e+02 -2.735492e+02
3.954000e+01 1.116391e+02 -2.749041e+02
3.955000e+01 1.056114e+02 -2.761220e+02
3.956000e+01 9.959795e+01 -2.772037e+02
3.957000e+01 9.360084e+01 -2.781502e+02
3.958000e+01 8.762219e+01 -2.789621e+02
3.959000e+01 8.166411e+01 -2.796406e+02
3.960000e+01 7.572875e+01 -2.801865e+02
3.961000e+01 6.981824e+01 -2.806007e+02
3.962000e+01 6.393474e+01 -2.808843e+02
3.963000e+01 5.808041e+01 -2.810383e+02
3.964000e+01 5.225740e+01 -2.810637e+02
3.965000e+01 4.646788e+01 -2.809615e+02
3.966000e+01 4.071401e+01 -2.807329e+02
3.967000e+01 3.499795e+01 -2.803790e+02
3.968000e+01 2.932185e+01 -2.799010e+02
3.969000e+01 2.368787e+01 -2.793000e+02
3.970000e+01 1.809816e+01 -2.785772e+02
3.971000e+01 1.255485e+01 -2.777341e+02
3.972000e+01 7.060078e+00 -2.767717e+02
3.973000e+01 1.615962e+00 -2.756916e+02
3.974000e+01 -3.775389e+00 -2.744949e+02
3.975000e+01 -9.111878e+00 -2.731833e+02
3.976000e+01 -1.439142e+01 -2.717579e+02
3.977000e+01 -1.961196e+01 -2.702205e+02
3.978000e+01 -2.477143e+01 -2.685724e+02
3.979000e+01 -2.986780e+01 -2.668153e+02
3.980000e+01 -3.489907e+01 -2.649506e+02
3.981000e+01 -3.986324e+01 -2.629801e+02
3.982000e+01 -4.475833e+01 -2.609054e+02
3.983000e+01 -4.958240e+01 -2.587281e+02
3.984000e+01 -5.433351e+01 -2.564501e+02
3.985000e+01 -5.900978e+01 -2.540730e+02
3.986000e+01 -6.360931e+01 -2.515988e+02
3.987000e+01 -6.813027e+01 -2.490291e+02
3.988000e+01 -7.257083e+01 -2.463660e+02
3.989000e+01 -7.692919e+01 -2.436113e+02
3.990000e+01 -8.120360e+01 -2.407670e+02
3.991000e+01 -8.539232e+01 -2.378350e+02
3.992000e+01 -8.949364e+01 -2.348174e+02
3.993000e+01 -9.350591e+01 -2.317162e+02
3.994000e+01 -9.742748e+01 -2.285335e+02
3.995000e+01 -1.012568e+02 -2.252714e+02
3.996000e+01 -1.049922e+02 -2.219321e+02
3.997000e+01 -1.086322e+02 -2.185178e+02
3.998000e+01 -1.121753e+02 -2.150306e+02
3.999000e+01 -1.156201e+02 -2.114729e+02
4.000000e+01 -1.189651e+02 -2.078469e+02
4.001000e+01 -1.222090e+02 -2.041549e+02
4.002000e+01 -1.253504e+02 -2.003992e+02
4.003000e+01 -1.283880e+02 -1.965823e+02
4.004000e+01 -1.313206e+02 -1.927065e+02
4.005000e+01 -1.341469e+02 -1.887742e+02
4.006000e+01 -1.368658e+02 -1.847879e+02
4.007000e+01 -1.394761e+02 -1.807501e+02
4.008000e+01 -1.419768e+02 -1.766633e+02
4.009000e+01 -1.443667e+02 -1.725301e+02
4.010000e+01 -1.466449e+02 -1.683529e+02
4.011000e+01 -1.488105e+02 -1.641343e+02
4.012000e+01 -1.508625e+02 -1.598771e+02
4.013000e+01 -1.528001e+02 -1.555837e+02
4.014000e+01 -1.546224e+02 -1.512569e+02
4.015000e+01 -1.563287e+02 -1.468993e+02
4.016000e+01 -1.579182e+02 -1.425137e+02
4.017000e+01 -1.593902e+02 -1.381026e+02
4.018000e+01 -1.607442e+02 -1.336690e+02
4.019000e+01 -1.619796e+02 -1.292155e+02
4.020000e+01 -1.630957e+02 -1.247449e+02
4.021000e+01 -1.640922e+02 -1.202601e+02
4.022000e+01 -1.649685e+02 -1.157637e+02
4.023000e+01 -1.657243e+02 -1.112587e+02
4.024000e+01 -1.663592e+02 -1.067479e+02
4.025000e+01 -1.668730e+02 -1.022342e+02
4.026000e+01 -1.672654e+02 -9.772041e+01
4.027000e+01 -1.675362e+02 -9.320947e+01
4.028000e+01 -1.676853e+02 -8.870427e+01
4.029000e+01 -1.677124e+02 -8.420776e+01
4.030000e+01 -1.676177e+02 -7.972286e+01
4.031000e+01 -1.674011e+02 -7.525253e+01
4.032000e+01 -1.670627e+02 -7.079973e+01
4.033000e+01 -1.666024e+02 -6.636745e+01
4.034000e+01 -1.660206e+02 -6.195869e+01
4.035000e+01 -1.653173e+02 -5.757644e+01
4.036000e+01 -1.644929e+02 -5.322374e+01
4.037000e+01 -1.635475e+02 -4.890360e+01
4.038000e+01 -1.624816e+02 -4.461909e+01
4.039000e+01 -1.612955e+02 -4.037325e+01
4.040000e+01 -1.599896e+02 -3.616917e+01
4.041000e+01 -1.585644e+02 -3.200993e+01
4.042000e+01 -1.570205e+02 -2.789863e+01
4.043000e+01 -1.553584e+02 -2.383839e+01
4.044000e+01 -1.535787e+02 -1.983234e+01
4.045000e+01 -1.516820e+02 -1.588363e+01
4.046000e+01 -1.496691e+02 -1.199541e+01
4.047000e+01 -1.475407e+02 -8.170882e+00
4.048000e+01 -1.452976e+02 -4.413234e+00
4.049000e+01 -1.429405e+02 -7.256896e-01
4.050000e+01 -1.404705e+02 2.888509e+00
4.051000e+01 -1.378883e+02 6.426096e+00
4.052000e+01 -1.351949e+02 9.883782e+00
4.053000e+01 -1.323913e+02 1.325825e+01
4.054000e+01 -1.294785e+02 1.654615e+01
4.055000e+01 -1.264576e+02 1.974410e+01
4.056000e+01 -1.233296e+02 2.284870e+01
4.057000e+01 -1.200957e+02 2.585649e+01
4.058000e+01 -1.167570e+02 2.876398e+01
4.059000e+01 -1.133147e+02 3.156762e+01
4.060000e+01 -1.097701e+02 3.426384e+01
4.061000e+01 -1.061243e+02 3.684900e+01
4.062000e+01 -1.023787e+02 3.931938e+01
4.063000e+01 -9.853443e+01 4.167123e+01
4.064000e+01 -9.459293e+01 4.390070e+01
4.065000e+01 -9.055552e+01 4.600389e+01
4.066000e+01 -8.642353e+01 4.797679e+01
4.067000e+01 -8.219835e+01 4.981530e+01
4.068000e+01 -7.788135e+01 5.151522e+01
4.069000e+01 -7.347394e+01 5.307225e+01
4.070000e+01 -6.897752e+01 5.448193e+01
4.071000e+01 -6.439350e+01 5.573970e+01
4.072000e+01 -5.972330e+01 5.684082e+01
4.073000e+01 -5.496833e+01 5.778040e+01
4.074000e+01 -5.013001e+01 5.855335e+01
4.075000e+01 -4.520973e+01 5.915439e+01
4.076000e+01 -4.020889e+01 5.957800e+01
4.077000e+01 -3.512886e+01 5.981844e+01
4.078000e+01 -2.997098e+01 5.986967e+01
4.079000e+01 -2.473660e+01 5.972534e+01
4.080000e+01 -1.942700e+01 5.937881e+01
4.081000e+01 -1.404342e+01 5.882301e+01
4.082000e+01 -8.587079e+00 5.805050e+01
4.083000e+01 -3.059122e+00 5.705337e+01
4.084000e+01 2.539366e+00 5.582319e+01
4.085000e+01 8.207371e+00 5.435097e+01
4.086000e+01 1.394397e+01 5.262710e+01
4.087000e+01 1.974832e+01 5.064125e+01
4.088000e+01 2.561971e+01 4.838228e+01
4.089000e+01 3.155754e+01 4.583821e+01
4.090000e+01 3.756135e+01 4.299602e+01
4.091000e+01 4.363086e+01 3.984159e+01
4.092000e+01 4.976595e+01 3.635954e+01
4.093000e+01 5.596671e+01 3.253304e+01
4.094000e+01 6.223349e+01 2.834366e+01
4.095000e+01 6.856689e+01 2.377111e+01
4.096000e+01 7.496780e+01 1.879300e+01
4.097000e+01 8.143750e+01 1.338456e+01
4.098000e+01 8.797764e+01 7.518228e+00
4.099000e+01 9.459033e+01 1.163305e+00
4.100000e+01 1.012782e+02 -5.714594e+00
4.101000e+01 1.080445e+02 -1.315410e+01
4.102000e+01 1.148932e+02 -2.119880e+01
4.103000e+01 1.218290e+02 -2.989807e+01
4.104000e+01 1.288576e+02 -3.930810e+01
4.105000e+01 1.359858e+02 -4.949313e+01
4.106000e+01 1.432216e+02 -6.052700e+01
4.107000e+01 1.505748e+02 -7.249495e+01
4.108000e+01 1.580566e+02 -8.549602e+01
4.109000e+01 1.656807e+02 -9.964594e+01
4.110000e+01 1.734632e+02 -1.150808e+02
4.111000e+01 1.814233e+02 -1.319617e+02
4.112000e+01 1.895841e+02 -1.504811e+02
4.113000e+01 1.979732e+02 -1.708703e+02
4.114000e+01 2.066240e+02 -1.934102e+02
4.115000e+01 2.155770e+02 -2.184453e+02
4.116000e+01 2.248815e+02 -2.464025e+02
4.117000e+01 2.345980e+02 -2.778177e+02
4.118000e+01 2.448015e+02 -3.133724e+02
4.119000e+01 2.555854e+02 -3.539474e+02
4.120000e+01 2.670671e+02 -4.007007e+02
4.121000e+01 2.793955e+02 -4.551857e+02
4.122000e+01 2.927608e+02 -5.195365e+02
4.123000e+01 3.074069e+02 -5.967654e+02
4.124000e+01 3.236464e+02 -6.912668e+02
4.125000e+01 3.418725e+02 -8.097109e+02
4.126000e+01 3.625487e+02 -9.627324e+02
4.127000e+01 3.861019e+02 -1.168382e+03
4.128000e+01 4.124230e+02 -1.459929e+03
4.129000e+01 4.386371e+02 -1.906062e+03
4.130000e+01 4.475494e+02 -2.674463e+03
4.131000e+01 3.226103e+02 -4.303391e+03
4.132000e+01 -1.580640e+03 -9.679549e+03
4.133000e+01 -1.689171e+04 1.130788e+04
4.134000e+01 -2.145757e+03 5.778107e+03
4.135000e+01 -7.975867e+02 3.461371e+03
4.136000e+01 -3.914532e+02 2.481704e+03
4.137000e+01 -2.031360e+02 1.945597e+03
4.138000e+01 -9.538642e+01 1.607379e+03
4.139000e+01 -2.549534e+01 1.374118e+03
4.140000e+01 2.378546e+01 1.203090e+03
4.141000e+01 6.066350e+01 1.071950e+03
4.142000e+01 8.951347e+01 9.678852e+02
4.143000e+01 1.128697e+02 8.830295e+02
4.144000e+01 1.322972e+02 8.122855e+02
4.145000e+01 1.488122e+02 7.522071e+02
4.146000e+01 1.631025e+02 7.003808e+02
4.147000e+01 1.756491e+02 6.550667e+02
4.148000e+01 1.867985e+02 6.149788e+02
4.149000e+01 1.968060e+02 5.791465e+02
4.150000e+01 2.058641e+02 5.468235e+02
4.151000e+01 2.141201e+02 5.174265e+02
4.152000e+01 2.216887e+02 4.904937e+02
4.153000e+01 2.286608e+02 4.656543e+02
4.154000e+01 2.351087e+02 4.426075e+02
4.155000e+01 2.410911e+02 4.211069e+02
4.156000e+01 2.466557e+02 4.009485e+02
4.157000e+01 2.518421e+02 3.819625e+02
4.158000e+01 2.566828e+02 3.640061e+02
4.159000e+01 2.612054e+02 3.469587e+02
4.160000e+01 2.654330e+02 3.307175e+02
4.161000e+01 2.693850e+02 3.151947e+02
4.162000e+01 2.730783e+02 3.003149e+02
4.163000e+01 2.765271e+02 2.860128e+02
4.164000e+01 2.797439e+02 2.722319e+02
4.165000e+01 2.827393e+02 2.589229e+02
4.166000e+01 2.855227e+02 2.460427e+02
4.167000e+01 2.881022e+02 2.335536e+02
4.168000e+01 2.904852e+02 2.214226e+02
4.169000e+01 2.926778e+02 2.096202e+02
4.170000e+01 2.946859e+02 1.981207e+02
4.171000e+01 2.965143e+02 1.869013e+02
4.172000e+01 2.981677e+02 1.759417e+02
4.173000e+01 2.996500e+02 1.652239e+02
4.174000e+01 3.009650e+02 1.547318e+02
4.175000e+01 3.021160e+02 1.444512e+02
4.176000e+01 3.031061e+02 1.343694e+02
4.177000e+01 3.039380e+02 1.244751e+02
4.178000e+01 3.046144e+02 1.147582e+02
4.179000e+01 3.051378e+02 1.052096e+02
4.180000e+01 3.055102e+02 9.582139e+01
4.181000e+01 3.057340e+02 8.658636e+01
4.182000e+01 3.058111e+02 7.749814e+01
4.183000e+01 3.057433e+02 6.855105e+01
4.184000e+01 3.055326e+02 5.974007e+01
4.185000e+01 3.051807e+02 5.106074e+01
4.186000e+01 3.046893e+02 4.250909e+01
4.187000e+01 3.040600e+02 3.408167e+01
4.188000e+01 3.032946e+02 2.577542e+01
4.189000e+01 3.023945e+02 1.758766e+01
4.190000e+01 3.013613e+02 9.516071e+00
4.191000e+01 3.001966e+02 1.558655e+00
4.192000e+01 2.989019e+02 -6.286307e+00
4.193000e+01 2.974788e+02 -1.402027e+01
4.194000e+01 2.959288e+02 -2.164445e+01
4.195000e+01 2.942534e+02 -2.915985e+01
4.196000e+01 2.924542e+02 -3.656726e+01
4.197000e+01 2.905327e+02 -4.386731e+01
4.198000e+01 2.884905e+02 -5.106047e+01
4.199000e+01 2.863291e+02 -5.814703e+01
4.200000e+01 2.840502e+02 -6.512719e+01
4.201000e+01 2.816554e+02 -7.200098e+01
4.202000e+01 2.791463e+02 -7.876835e+01
4.203000e+01 2.765246e+02 -8.542915e+01
4.204000e+01 2.737920e+02 -9.198313e+01
4.205000e+01 2.709501e+02 -9.842996e+01
4.206000e+01 2.680008e+02 -1.047692e+02
4.207000e+01 2.649457e+02 -1.110005e+02
4.208000e+01 2.617867e+02 -1.171232e+02
4.209000e+01 2.585256e+02 -1.231368e+02
4.210000e+01 2.551642e+02 -1.290406e+02
4.211000e+01 2.517045e+02 -1.348340e+02
4.212000e+01 2.481483e+02 -1.405164e+02
4.213000e+01 2.444975e+02 -1.460869e+02
4.214000e+01 2.407542e+02 -1.515448e+02
4.215000e+01 2.369203e+02 -1.568894e+02
4.216000e+01 2.329978e+02 -1.621199e+02
4.217000e+01 2.289889e+02 -1.672355e+02
4.218000e+01 2.248955e+02 -1.722353e+02
4.219000e+01 2.207199e+02 -1.771186e+02
4.220000e+01 2.164641e+02 -1.818846e+02
4.221000e+01 2.121303e+02 -1.865325e+02
4.222000e+01 2.077208e+02 -1.910614e+02
4.223000e+01 2.032377e+02 -1.954707e+02
4.224000e+01 1.986833e+02 -1.997594e+02
4.225000e+01 1.940598e+02 -2.039269e+02
4.226000e+01 1.893697e+02 -2.079723e+02
4.227000e+01 1.846152e+02 -2.118951e+02
4.228000e+01 1.797987e+02 -2.156943e+02
4.229000e+01 1.749226e+02 -2.193694e+02
4.230000e+01 1.699892e+02 -2.229197e+02
4.231000e+01 1.650010e+02 -2.263445e+02
4.232000e+01 1.599605e+02 -2.296433e+02
4.233000e+01 1.548702e+02 -2.328154e+02
4.234000e+01 1.497324e+02 -2.358602e+02
4.235000e+01 1.445498e+02 -2.387774e+02
4.236000e+01 1.393248e+02 -2.415663e+02
4.237000e+01 1.340600e+02 -2.442265e+02
4.238000e+01 1.287581e+02 -2.467576e+02
4.239000e+01 1.234215e+02 -2.491592e+02
4.240000e+01 1.180528e+02 -2.514310e+02
4.241000e+01 1.126547e+02 -2.535726e+02
4.242000e+01 1.072299e+02 -2.555838e+02
4.243000e+01 1.017809e+02 -2.574644e+02
4.244000e+01 9.631037e+01 -2.592141e+02
4.245000e+01 9.082103e+01 -2.608329e+02
4.246000e+01 8.531552e+01 -2.623206e+02
4.247000e+01 7.979653e+01 -2.636772e+02
4.248000e+01 7.426674e+01 -2.649027e+02
4.249000e+01 6.872886e+01 -2.659970e+02
4.250000e+01 6.318559e+01 -2.669604e+02
4.251000e+01 5.763964e+01 -2.677929e+02
4.252000e+01 5.209371e+01 -2.684947e+02
4.253000e+01 4.655053e+01 -2.690660e+02
4.254000e+01 4.101281e+01 -2.695071e+02
4.255000e+01 3.548326e+01 -2.698183e+02
4.256000e+01 2.996461e+01 -2.700000e+02
4.257000e+01 2.445958e+01 -2.700525e+02
4.258000e+01 1.897087e+01 -2.699765e+02
4.259000e+01 1.350120e+01 -2.697723e+02
4.260000e+01 8.053285e+00 -2.694406e+02
4.261000e+01 2.629819e+00 -2.689819e+02
4.262000e+01 -2.766498e+00 -2.683969e+02
4.263000e+01 -8.132975e+00 -2.676864e+02
4.264000e+01 -1.346693e+01 -2.668511e+02
4.265000e+01 -1.876569e+01 -2.658918e+02
4.266000e+01 -2.402659e+01 -2.648094e+02
4.267000e+01 -2.924698e+01 -2.636048e+02
4.268000e+01 -3.442422e+01 -2.622790e+02
4.269000e+01 -3.955568e+01 -2.608330e+02
4.270000e+01 -4.463874e+01 -2.592678e+02
4.271000e+01 -4.967081e+01 -2.575846e+02
4.272000e+01 -5.464929e+01 -2.557845e+02
4.273000e+01 -5.957163e+01 -2.538688e+02
4.274000e+01 -6.443526e+01 -2.518387e+02
4.275000e+01 -6.923766e+01 -2.496956e+02
4.276000e+01 -7.397630e+01 -2.474407e+02
4.277000e+01 -7.864871e+01 -2.450756e+02
4.278000e+01 -8.325239e+01 -2.426016e+02
4.279000e+01 -8.778489e+01 -2.400204e+02
4.280000e+01 -9.224379e+01 -2.373334e+02
4.281000e+01 -9.662668e+01 -2.345422e+02
4.282000e+01 -1.009312e+02 -2.316485e+02
4.283000e+01 -1.051549e+02 -2.286540e+02
4.284000e+01 -1.092955e+02 -2.255605e+02
4.285000e+01 -1.133507e+02 -2.223697e+02
4.286000e+01 -1.173182e+02 -2.190835e+02
4.287000e+01 -1.211957e+02 -2.157037e+02
4.288000e+01 -1.249811e+02 -2.122324e+02
4.289000e+01 -1.286720e+02 -2.086713e+02
4.290000e+01 -1.322664e+02 -2.050227e+02
4.291000e+01 -1.357621e+02 -2.012884e+02
4.292000e+01 -1.391568e+02 -1.974707e+02
4.293000e+01 -1.424487e+02 -1.935717e+02
4.294000e+01 -1.456355e+02 -1.895936e+02
4.295000e+01 -1.487154e+02 -1.855385e+02
4.296000e+01 -1.516861e+02 -1.814087e+02
4.297000e+01 -1.545459e+02 -1.772067e+02
4.298000e+01 -1.572927e+02 -1.729346e+02
4.299000e+01 -1.599246e+02 -1.685950e+02
4.300000e+01 -1.624398e+02 -1.641901e+02
4.301000e+01 -1.648363e+02 -1.597226e+02
4.302000e+01 -1.671124e+02 -1.551949e+02
4.303000e+01 -1.692663e+02 -1.506095e+02
4.304000e+01 -1.712962e+02 -1.459690e+02
4.305000e+01 -1.732004e+02 -1.412761e+02
4.306000e+01 -1.749771e+02 -1.365333e+02
4.307000e+01 -1.766246e+02 -1.317435e+02
4.308000e+01 -1.781414e+02 -1.269092e+02
4.309000e+01 -1.795258e+02 -1.220333e+02
4.310000e+01 -1.807762e+02 -1.171185e+02
4.311000e+01 -1.818910e+02 -1.121678e+02
4.312000e+01 -1.828687e+02 -1.071839e+02
4.313000e+01 -1.837076e+02 -1.021698e+02
4.314000e+01 -1.844065e+02 -9.712833e+01
4.315000e+01 -1.849636e+02 -9.206256e+01
4.316000e+01 -1.853776e+02 -8.697545e+01
4.317000e+01 -1.856470e+02 -8.187006e+01
4.318000e+01 -1.857703e+02 -7.674946e+01
4.319000e+01 -1.857462e+02 -7.161675e+01
4.320000e+01 -1.855732e+02 -6.647509e+01
4.321000e+01 -1.852498e+02 -6.132766e+01
4.322000e+01 -1.847748e+02 -5.617768e+01
4.323000e+01 -1.841466e+02 -5.102840e+01
4.324000e+01 -1.833639e+02 -4.588314e+01
4.325000e+01 -1.824253e+02 -4.074523e+01
4.326000e+01 -1.813293e+02 -3.561804e+01
4.327000e+01 -1.800744e+02 -3.050499e+01
4.328000e+01 -1.786593e+02 -2.540957e+01
4.329000e+01 -1.770824e+02 -2.033527e+01
4.330000e+01 -1.753423e+02 -1.528566e+01
4.331000e+01 -1.734373e+02 -1.026435e+01
4.332000e+01 -1.713660e+02 -5.275018e+00
4.333000e+01 -1.691265e+02 -3.213793e-01
4.334000e+01 -1.667173e+02 4.592778e+00
4.335000e+01 -1.641366e+02 9.463602e+00
4.336000e+01 -1.613824e+02 1.428717e+01
4.337000e+01 -1.584530e+02 1.905950e+01
4.338000e+01 -1.553462e+02 2.377650e+01
4.339000e+01 -1.520599e+02 2.843401e+01
4.340000e+01 -1.485918e+02 3.302779e+01
4.341000e+01 -1.449396e+02 3.755346e+01
4.342000e+01 -1.411005e+02 4.200656e+01
4.343000e+01 -1.370720e+02 4.638249e+01
4.344000e+01 -1.328509e+02 5.067654e+01
4.345000e+01 -1.284341e+02 5.488384e+01
4.346000e+01 -1.238183e+02 5.899934e+01
4.347000e+01 -1.189996e+02 6.301785e+01
4.348000e+01 -1.139741e+02 6.693396e+01
4.349000e+01 -1.087373e+02 7.074205e+01
4.350000e+01 -1.032846e+02 7.443628e+01
4.351000e+01 -9.761063e+01 7.801051e+01
4.352000e+01 -9.170983e+01 8.145834e+01
4.353000e+01 -8.557592e+01 8.477302e+01
4.354000e+01 -7.920207e+01 8.794744e+01
4.355000e+01 -7.258075e+01 9.097407e+01
4.356000e+01 -6.570366e+01 9.384492e+01
4.357000e+01 -5.856165e+01 9.655151e+01
4.358000e+01 -5.114458e+01 9.908472e+01
4.359000e+01 -4.344121e+01 1.014348e+02
4.360000e+01 -3.543906e+01 1.035912e+02
4.361000e+01 -2.712421e+01 1.055427e+02
4.362000e+01 -1.848115e+01 1.072768e+02
4.363000e+01 -9.492521e+00 1.087801e+02
4.364000e+01 -1.388732e-01 1.100379e+02
4.365000e+01 9.601670e+00 1.110340e+02
4.366000e+01 1.975376e+01 1.117504e+02
4.367000e+01 3.034527e+01 1.121673e+02
4.368000e+01 4.140779e+01 1.122625e+02
4.369000e+01 5.297727e+01 1.120110e+02
4.370000e+01 6.509474e+01 1.113848e+02
4.371000e+01 7.780720e+01 1.103522e+02
4.372000e+01 9.116877e+01 1.088767e+02
4.373000e+01 1.052419e+02 1.069169e+02
4.374000e+01 1.200992e+02 1.044246e+02
4.375000e+01 1.358254e+02 1.013442e+02
4.376000e+01 1.525198e+02 9.761041e+01
4.377000e+01 1.702997e+02 9.314623e+01
4.378000e+01 1.893045e+02 8.786031e+01
4.379000e+01 2.097012e+02 8.164311e+01
4.380000e+01 2.316911e+02 7.436215e+01
4.381000e+01 2.555193e+02 6.585551e+01
4.382000e+01 2.814871e+02 5.592310e+01
4.383000e+01 3.099689e+02 4.431462e+01
4.384000e+01 3.414355e+02 3.071260e+01
4.385000e+01 3.764871e+02 1.470817e+01
4.386000e+01 4.159006e+02 -4.234479e+00
4.387000e+01 4.607000e+02 -2.683154e+01
4.388000e+01 5.122616e+02 -5.406245e+01
4.389000e+01 5.724800e+02 -8.730283e+01
4.390000e+01 6.440354e+02 -1.285467e+02
4.391000e+01 7.308467e+02 -1.807963e+02
4.392000e+01 8.388753e+02 -2.487871e+02
4.393000e+01 9.776464e+02 -3.404388e+02
4.394000e+01 1.163350e+03 -4.700380e+02
4.395000e+01 1.425809e+03 -6.661269e+02
4.396000e+01 1.826193e+03 -9.946512e+02
4.397000e+01 2.509623e+03 -1.646360e+03
4.398000e+01 3.875874e+03 -3.441108e+03
4.399000e+01 3.961194e+03 -1.382014e+04
4.400000e+01 -1.029785e+04 1.115870e+01
4.401000e+01 -4.353923e+03 1.540919e+03
4.402000e+01 -2.656444e+03 1.307901e+03
4.403000e+01 -1.893631e+03 1.106996e+03
4.404000e+01 -1.462227e+03 9.660414e+02
4.405000e+01 -1.184416e+03 8.647729e+02
4.406000e+01 -9.899619e+02 7.891181e+02
4.407000e+01 -8.457042e+02 7.305753e+02
4.408000e+01 -7.339853e+02 6.839151e+02
4.409000e+01 -6.445521e+02 6.457942e+02
4.410000e+01 -5.710482e+02 6.139909e+02
4.411000e+01 -5.093250e+02 5.869771e+02
4.412000e+01 -4.565614e+02 5.636697e+02
4.413000e+01 -4.107727e+02 5.432807e+02
4.414000e+01 -3.705222e+02 5.252238e+02
4.415000e+01 -3.347450e+02 5.090541e+02
4.416000e+01 -3.026350e+02 4.944280e+02
4.417000e+01 -2.735710e+02 4.810764e+02
4.418000e+01 -2.470669e+02 4.687852e+02
4.419000e+01 -2.227369e+02 4.573824e+02
4.420000e+01 -2.002710e+02 4.467282e+02
4.421000e+01 -1.794173e+02 4.367078e+02
4.422000e+01 -1.599693e+02 4.272262e+02
4.423000e+01 -1.417560e+02 4.182041e+02
4.424000e+01 -1.246347e+02 4.095750e+02
4.425000e+01 -1.084856e+02 4.012825e+02
4.426000e+01 -9.320723e+01 3.932788e+02
4.427000e+01 -7.871323e+01 3.855228e+02
4.428000e+01 -6.492970e+01 3.779796e+02
4.429000e+01 -5.179306e+01 3.706188e+02
4.430000e+01 -3.924833e+01 3.634141e+02
4.431000e+01 -2.724781e+01 3.563428e+02
4.432000e+01 -1.574989e+01 3.493850e+02
4.433000e+01 -4.718186e+00 3.425235e+02
4.434000e+01 5.879262e+00 3.357432e+02
4.435000e+01 1.607059e+01 3.290308e+02
4.436000e+01 2.588066e+01 3.223748e+02
4.437000e+01 3.533147e+01 3.157649e+02
4.438000e+01 4.444260e+01 3.091922e+02
4.439000e+01 5.323144e+01 3.026489e+02
4.440000e+01 6.171353e+01 2.961282e+02
4.441000e+01 6.990275e+01 2.896241e+02
4.442000e+01 7.781155e+01 2.831314e+02
4.443000e+01 8.545109e+01 2.766455e+02
4.444000e+01 9.283142e+01 2.701626e+02
4.445000e+01 9.996160e+01 2.636793e+02
4.446000e+01 1.068498e+02 2.571926e+02
4.447000e+01 1.135034e+02 2.507003e+02
4.448000e+01 1.199290e+02 2.442002e+02
4.449000e+01 1.261328e+02 2.376906e+02
4.450000e+01 1.321203e+02 2.311704e+02
4.451000e+01 1.378964e+02 2.246385e+02
4.452000e+01 1.434657e+02 2.180940e+02
4.453000e+01 1.488324e+02 2.115366e+02
4.454000e+01 1.540003e+02 2.049660e+02
4.455000e+01 1.589730e+02 1.983821e+02
4.456000e+01 1.637536e+02 1.917852e+02
4.457000e+01 1.683450e+02 1.851754e+02
4.458000e+01 1.727501e+02 1.785534e+02
4.459000e+01 1.769712e+02 1.719198e+02
4.460000e+01 1.810109e+02 1.652754e+02
4.461000e+01 1.848712e+02 1.586211e+02
4.462000e+01 1.885542e+02 1.519580e+02
4.463000e+01 1.920618e+02 1.452872e+02
4.464000e+01 1.953957e+02 1.386100e+02
4.465000e+01 1.985578e+02 1.319278e+02
4.466000e+01 2.015494e+02 1.252420e+02
4.467000e+01 2.043723e+02 1.185541e+02
4.468000e+01 2.070278e+02 1.118658e+02
4.469000e+01 2.095173e+02 1.051788e+02
4.470000e+01 2.118422e+02 9.849478e+01
4.471000e+01 2.140038e+02 9.181556e+01
4.472000e+01 2.160033e+02 8.514302e+01
4.473000e+01 2.178420e+02 7.847909e+01
4.474000e+01 2.195211e+02 7.182573e+01
4.475000e+01 2.210417e+02 6.518496e+01
4.476000e+01 2.224052e+02 5.855882e+01
4.477000e+01 2.236125e+02 5.194941e+01
4.478000e+01 2.246650e+02 4.535885e+01
4.479000e+01 2.255638e+02 3.878930e+01
4.480000e+01 2.263100e+02 3.224293e+01
4.481000e+01 2.269049e+02 2.572195e+01
4.482000e+01 2.273496e+02 1.922859e+01
4.483000e+01 2.276453e+02 1.276509e+01
4.484000e+01 2.277933e+02 6.333720e+00
4.485000e+01 2.277948e+02 -6.324697e-02
4.486000e+01 2.276511e+02 -6.423522e+00
4.487000e+01 2.273634e+02 -1.274481e+01
4.488000e+01 2.269330e+02 -1.902480e+01
4.489000e+01 2.263614e+02 -2.526118e+01
4.490000e+01 2.256497e+02 -3.145165e+01
4.491000e+01 2.247995e+02 -3.759388e+01
4.492000e+01 2.238122e+02 -4.368557e+01
4.493000e+01 2.226891e+02 -4.972440e+01
4.494000e+01 2.214318e+02 -5.570807e+01
4.495000e+01 2.200417e+02 -6.163428e+01
4.496000e+01 2.185205e+02 -6.750073e+01
4.497000e+01 2.168697e+02 -7.330515e+01
4.498000e+01 2.150910e+02 -7.904525e+01
4.499000e+01 2.131859e+02 -8.471880e+01
4.500000e+01 2.111561e+02 -9.032354e+01
4.501000e+01 2.090035e+02 -9.585724e+01
4.502000e+01 2.067297e+02 -1.013177e+02
4.503000e+01 2.043365e+02 -1.067027e+02
4.504000e+01 2.018258e+02 -1.120101e+02
4.505000e+01 1.991995e+02 -1.172378e+02
4.506000e+01 1.964594e+02 -1.223836e+02
4.507000e+01 1.936075e+02 -1.274454e+02
4.508000e+01 1.906458e+02 -1.324212e+02
4.509000e+01 1.875763e+02 -1.373089e+02
4.510000e+01 1.844011e+02 -1.421064e+02
4.511000e+01 1.811222e+02 -1.468118e+02
4.512000e+01 1.777419e+02 -1.514232e+02
4.513000e+01 1.742622e+02 -1.559385e+02
4.514000e+01 1.706854e+02 -1.603560e+02
4.515000e+01 1.670136e+02 -1.646737e+02
4.516000e+01 1.632493e+02 -1.688898e+02
4.517000e+01 1.593946e+02 -1.730026e+02
4.518000e+01 1.554520e+02 -1.770102e+02
4.519000e+01 1.514239e+02 -1.809110e+02
4.520000e+01 1.473125e+02 -1.847032e+02
4.521000e+01 1.431204e+02 -1.883853e+02
4.522000e+01 1.388501e+02 -1.919557e+02
4.523000e+01 1.345041e+02 -1.954127e+02
4.524000e+01 1.300849e+02 -1.987549e+02
4.525000e+01 1.255950e+02 -2.019808e+02
4.526000e+01 1.210372e+02 -2.050889e+02
4.527000e+01 1.164139e+02 -2.080780e+02
4.528000e+01 1.117280e+02 -2.109466e+02
4.529000e+01 1.069820e+02 -2.136934e+02
4.530000e+01 1.021787e+02 -2.163173e+02
4.531000e+01 9.732083e+01 -2.188170e+02
4.532000e+01 9.241116e+01 -2.211914e+02
4.533000e+01 8.745249e+01 -2.234393e+02
4.534000e+01 8.244764e+01 -2.255597e+02
4.535000e+01 7.739943e+01 -2.275517e+02
4.536000e+01 7.231074e+01 -2.294142e+02
4.537000e+01 6.718446e+01 -2.311463e+02
4.538000e+01 6.202349e+01 -2.327473e+02
4.539000e+01 5.683076e+01 -2.342162e+02
4.540000e+01 5.160921e+01 -2.355524e+02
4.541000e+01 4.636182e+01 -2.367551e+02
4.542000e+01 4.109156e+01 -2.378237e+02
4.543000e+01 3.580145e+01 -2.387576e+02
4.544000e+01 3.049448e+01 -2.395562e+02
4.545000e+01 2.517371e+01 -2.402191e+02
4.546000e+01 1.984217e+01 -2.407459e+02
4.547000e+01 1.450293e+01 -2.411361e+02
4.548000e+01 9.159061e+00 -2.413894e+02
4.549000e+01 3.813651e+00 -2.415055e+02
4.550000e+01 -1.530203e+00 -2.414842e+02
4.551000e+01 -6.869390e+00 -2.413254e+02
4.552000e+01 -1.220079e+01 -2.410289e+02
4.553000e+01 -1.752128e+01 -2.405946e+02
4.554000e+01 -2.282771e+01 -2.400226e+02
4.555000e+01 -2.811694e+01 -2.393128e+02
4.556000e+01 -3.338583e+01 -2.384654e+02
4.557000e+01 -3.863120e+01 -2.374806e+02
4.558000e+01 -4.384989e+01 -2.363584e+02
4.559000e+01 -4.903874e+01 -2.350992e+02
4.560000e+01 -5.419455e+01 -2.337032e+02
4.561000e+01 -5.931416e+01 -2.321709e+02
4.562000e+01 -6.439438e+01 -2.305026e+02
4.563000e+01 -6.943201e+01 -2.286987e+02
4.564000e+01 -7.442386e+01 -2.267598e+02
4.565000e+01 -7.936674e+01 -2.246864e+02
4.566000e+01 -8.425744e+01 -2.224791e+02
4.567000e+01 -8.909277e+01 -2.201386e+02
4.568000e+01 -9.386952e+01 -2.176656e+02
4.569000e+01 -9.858449e+01 -2.150607e+02
4.570000e+01 -1.032345e+02 -2.123249e+02
4.571000e+01 -1.078162e+02 -2.094588e+02
4.572000e+01 -1.123265e+02 -2.064635e+02
4.573000e+01 -1.167622e+02 -2.033397e+02
4.574000e+01 -1.211200e+02 -2.000886e+02
4.575000e+01 -1.253968e+02 -1.967110e+02
4.576000e+01 -1.295892e+02 -1.932081e+02
4.577000e+01 -1.336940e+02 -1.895808e+02
4.578000e+01 -1.377081e+02 -1.858304e+02
4.579000e+01 -1.416281e+02 -1.819580e+02
4.580000e+01 -1.454507e+02 -1.779648e+02
4.581000e+01 -1.491728e+02 -1.738519e+02
4.582000e+01 -1.527911e+02 -1.696208e+02
4.583000e+01 -1.563022e+02 -1.652726e+02
4.584000e+01 -1.597028e+02 -1.608086e+02
4.585000e+01 -1.629897e+02 -1.562303e+02
4.586000e+01 -1.661595e+02 -1.515390e+02
4.587000e+01 -1.692087e+02 -1.467360e+02
4.588000e+01 -1.721341e+02 -1.418228e+02
4.589000e+01 -1.749322e+02 -1.368009e+02
4.590000e+01 -1.775996e+02 -1.316717e+02
4.591000e+01 -1.801328e+02 -1.264366e+02
4.592000e+01 -1.825282e+02 -1.210971e+02
4.593000e+01 -1.847822e+02 -1.156547e+02
4.594000e+01 -1.868914e+02 -1.101109e+02
4.595000e+01 -1.888519e+02 -1.044672e+02
4.596000e+01 -1.906601e+02 -9.872508e+01
4.597000e+01 -1.923122e+02 -9.288603e+01
4.598000e+01 -1.938042e+02 -8.695152e+01
4.599000e+01 -1.951321e+02 -8.092303e+01
4.600000e+01 -1.962920e+02 -7.480201e+01
4.601000e+01 -1.972797e+02 -6.858987e+01
4.602000e+01 -1.980908e+02 -6.228803e+01
4.603000e+01 -1.987209e+02 -5.589786e+01
4.604000e+01 -1.991656e+02 -4.942068e+01
4.605000e+01 -1.994200e+02 -4.285779e+01
4.606000e+01 -1.994792e+02 -3.621041e+01
4.607000e+01 -1.993382e+02 -2.947974e+01
4.608000e+01 -1.989916e+02 -2.266687e+01
4.609000e+01 -1.984339e+02 -1.577284e+01
4.610000e+01 -1.976593e+02 -8.798604e+00
4.611000e+01 -1.966616e+02 -1.745008e+00
4.612000e+01 -1.954345e+02 5.387202e+00
4.613000e+01 -1.939710e+02 1.259740e+01
4.614000e+01 -1.922641e+02 1.988511e+01
4.615000e+01 -1.903060e+02 2.724999e+01
4.616000e+01 -1.880887e+02 3.469186e+01
4.617000e+01 -1.856033e+02 4.221076e+01
4.618000e+01 -1.828407e+02 4.980690e+01
4.619000e+01 -1.797907e+02 5.748076e+01
4.620000e+01 -1.764427e+02 6.523305e+01
4.621000e+01 -1.727849e+02 7.306479e+01
4.622000e+01 -1.688047e+02 8.097732e+01
4.623000e+01 -1.644886e+02 8.897235e+01
4.624000e+01 -1.598215e+02 9.705197e+01
4.625000e+01 -1.547871e+02 1.052188e+02
4.626000e+01 -1.493676e+02 1.134758e+02
4.627000e+01 -1.435434e+02 1.218268e+02
4.628000e+01 -1.372929e+02 1.302759e+02
4.629000e+01 -1.305920e+02 1.388284e+02
4.630000e+01 -1.234143e+02 1.474900e+02
4.631000e+01 -1.157303e+02 1.562677e+02
4.632000e+01 -1.075068e+02 1.651693e+02
4.633000e+01 -9.870698e+01 1.742040e+02
4.634000e+01 -8.928915e+01 1.833825e+02
4.635000e+01 -7.920632e+01 1.927171e+02
4.636000e+01 -6.840519e+01 2.022219e+02
4.637000e+01 -5.682506e+01 2.119133e+02
4.638000e+01 -4.439650e+01 2.218104e+02
4.639000e+01 -3.103971e+01 2.319352e+02
4.640000e+01 -1.666248e+01 2.423135e+02
4.641000e+01 -1.157726e+00 2.529752e+02
4.642000e+01 1.559967e+01 2.639553e+02
4.643000e+01 3.375679e+01 2.752952e+02
4.644000e+01 5.348775e+01 2.870433e+02
4.645000e+01 7.500017e+01 2.992573e+02
4.646000e+01 9.854359e+01 3.120061e+02
4.647000e+01 1.244206e+02 3.253721e+02
4.648000e+01 1.530018e+02 3.394550e+02
4.649000e+01 1.847458e+02 3.543761e+02
4.650000e+01 2.202267e+02 3.702844e+02
4.651000e+01 2.601738e+02 3.873645e+02
4.652000e+01 3.055261e+02 4.058473e+02
4.653000e+01 3.575148e+02 4.260252e+02
4.654000e+01 4.177850e+02 4.482729e+02
4.655000e+01 4.885862e+02 4.730765e+02
4.656000e+01 5.730756e+02 5.010750e+02
4.657000e+01 6.758270e+02 5.331194e+02
4.658000e+01 8.037215e+02 5.703522e+02
4.659000e+01 9.676035e+02 6.143059e+02
4.660000e+01 1.185595e+03 6.669689e+02
4.661000e+01 1.490362e+03 7.305610e+02
4.662000e+01 1.947124e+03 8.057108e+02
4.663000e+01 2.706365e+03 8.805482e+02
4.664000e+01 4.199729e+03 8.532589e+02
4.665000e+01 8.124596e+03 -3.868566e+02
4.666000e+01 6.406532e+03 -1.826038e+04
4.667000e+01 -6.021825e+03 -5.692404e+03
4.668000e+01 -3.957793e+03 -2.236308e+03
4.669000e+01 -2.875206e+03 -1.230882e+03
4.670000e+01 -2.265505e+03 -7.810514e+02
4.671000e+01 -1.878618e+03 -5.303182e+02
4.672000e+01 -1.611590e+03 -3.712510e+02
4.673000e+01 -1.415907e+03 -2.614057e+02
4.674000e+01 -1.265975e+03 -1.808855e+02
4.675000e+01 -1.147080e+03 -1.191966e+02
4.676000e+01 -1.050181e+03 -7.030566e+01
4.677000e+01 -9.694253e+02 -3.050811e+01
4.678000e+01 -9.008587e+02 2.592155e+00
4.679000e+01 -8.417163e+02 3.061121e+01
4.680000e+01 -7.900072e+02 5.467746e+01
4.681000e+01 -7.442618e+02 7.560200e+01
4.682000e+01 -7.033722e+02 9.398243e+01
4.683000e+01 -6.664877e+02 1.102685e+02
4.684000e+01 -6.329443e+02 1.248051e+02
4.685000e+01 -6.022164e+02 1.378608e+02
4.686000e+01 -5.738830e+02 1.496480e+02
4.687000e+01 -5.476024e+02 1.603368e+02
4.688000e+01 -5.230952e+02 1.700649e+02
4.689000e+01 -5.001304e+02 1.789450e+02
4.690000e+01 -4.785156e+02 1.870703e+02
4.691000e+01 -4.580892e+02 1.945182e+02
4.692000e+01 -4.387149e+02 2.013540e+02
4.693000e+01 -4.202767e+02 2.076329e+02
4.694000e+01 -4.026754e+02 2.134017e+02
4.695000e+01 -3.858258e+02 2.187007e+02
4.696000e+01 -3.696544e+02 2.235647e+02
4.697000e+01 -3.540974e+02 2.280237e+02
4.698000e+01 -3.390994e+02 2.321040e+02
4.699000e+01 -3.246118e+02 2.358286e+02
4.700000e+01 -3.105922e+02 2.392177e+02
4.701000e+01 -2.970034e+02 2.422893e+02
4.702000e+01 -2.838123e+02 2.450593e+02
4.703000e+01 -2.709899e+02 2.475419e+02
4.704000e+01 -2.585105e+02 2.497498e+02
4.705000e+01 -2.463514e+02 2.516946e+02
4.706000e+01 -2.344922e+02 2.533866e+02
4.707000e+01 -2.229149e+02 2.548353e+02
4.708000e+01 -2.116035e+02 2.560492e+02
4.709000e+01 -2.005435e+02 2.570363e+02
4.710000e+01 -1.897224e+02 2.578037e+02
4.711000e+01 -1.791285e+02 2.583582e+02
4.712000e+01 -1.687518e+02 2.587060e+02
4.713000e+01 -1.585831e+02 2.588529e+02
4.714000e+01 -1.486143e+02 2.588042e+02
4.715000e+01 -1.388381e+02 2.585651e+02
4.716000e+01 -1.292479e+02 2.581402e+02
4.717000e+01 -1.198381e+02 2.575343e+02
4.718000e+01 -1.106035e+02 2.567514e+02
4.719000e+01 -1.015394e+02 2.557958e+02
4.720000e+01 -9.264176e+01 2.546714e+02
4.721000e+01 -8.390702e+01 2.533820e+02
4.722000e+01 -7.533194e+01 2.519311e+02
4.723000e+01 -6.691371e+01 2.503223e+02
4.724000e+01 -5.864986e+01 2.485590e+02
4.725000e+01 -5.053823e+01 2.466445e+02
4.726000e+01 -4.257693e+01 2.445822e+02
4.727000e+01 -3.476434e+01 2.423751e+02
4.728000e+01 -2.709907e+01 2.400263e+02
4.729000e+01 -1.957993e+01 2.375390e+02
4.730000e+01 -1.220592e+01 2.349162e+02
4.731000e+01 -4.976233e+00 2.321608e+02
4.732000e+01 2.109811e+00 2.292758e+02
4.733000e+01 9.052739e+00 2.262642e+02
4.734000e+01 1.585295e+01 2.231288e+02
4.735000e+01 2.251074e+01 2.198726e+02
4.736000e+01 2.902630e+01 2.164983e+02
4.737000e+01 3.539972e+01 2.130090e+02
4.738000e+01 4.163101e+01 2.094075e+02
4.739000e+01 4.772014e+01 2.056966e+02
4.740000e+01 5.366697e+01 2.018793e+02
4.741000e+01 5.947135e+01 1.979583e+02
4.742000e+01 6.513305e+01 1.939366e+02
4.743000e+01 7.065182e+01 1.898170e+02
4.744000e+01 7.602735e+01 1.856025e+02
4.745000e+01 8.125935e+01 1.812959e+02
4.746000e+01 8.634745e+01 1.769001e+02
4.747000e+01 9.129130e+01 1.724180e+02
4.748000e+01 9.609053e+01 1.678526e+02
4.749000e+01 1.007448e+02 1.632068e+02
4.750000e+01 1.052536e+02 1.584835e+02
4.751000e+01 1.096167e+02 1.536858e+02
4.752000e+01 1.138336e+02 1.488165e+02
4.753000e+01 1.179040e+02 1.438787e+02
4.754000e+01 1.218275e+02 1.388753e+02
4.755000e+01 1.256037e+02 1.338094e+02
4.756000e+01 1.292324e+02 1.286840e+02
4.757000e+01 1.327132e+02 1.235022e+02
4.758000e+01 1.360459e+02 1.182668e+02
4.759000e+01 1.392301e+02 1.129812e+02
4.760000e+01 1.422656e+02 1.076482e+02
4.761000e+01 1.451523e+02 1.022709e+02
4.762000e+01 1.478899e+02 9.685256e+01
4.763000e+01 1.504783e+02 9.139614e+01
4.764000e+01 1.529173e+02 8.590479e+01
4.765000e+01 1.552069e+02 8.038161e+01
4.766000e+01 1.573471e+02 7.482973e+01
4.767000e+01 1.593379e+02 6.925228e+01
4.768000e+01 1.611792e+02 6.365239e+01
4.769000e+01 1.628712e+02 5.803320e+01
4.770000e+01 1.644141e+02 5.239786e+01
4.771000e+01 1.658079e+02 4.674951e+01
4.772000e+01 1.670529e+02 4.109131e+01
4.773000e+01 1.681493e+02 3.542641e+01
4.774000e+01 1.690975e+02 2.975796e+01
4.775000e+01 1.698978e+02 2.408912e+01
4.776000e+01 1.705506e+02 1.842303e+01
4.777000e+01 1.710564e+02 1.276285e+01
4.778000e+01 1.714156e+02 7.111733e+00
4.779000e+01 1.716289e+02 1.472816e+00
4.780000e+01 1.716968e+02 -4.150760e+00
4.781000e+01 1.716200e+02 -9.755861e+00
4.782000e+01 1.713992e+02 -1.533936e+01
4.783000e+01 1.710352e+02 -2.089814e+01
4.784000e+01 1.705287e+02 -2.642908e+01
4.785000e+01 1.698807e+02 -3.192909e+01
4.786000e+01 1.690921e+02 -3.739508e+01
4.787000e+01 1.681638e+02 -4.282396e+01
4.788000e+01 1.670969e+02 -4.821268e+01
4.789000e+01 1.658925e+02 -5.355817e+01
4.790000e+01 1.645517e+02 -5.885741e+01
4.791000e+01 1.630757e+02 -6.410737e+01
4.792000e+01 1.614657e+02 -6.930505e+01
4.793000e+01 1.597231e+02 -7.444746e+01
4.794000e+01 1.578492e+02 -7.953162e+01
4.795000e+01 1.558454e+02 -8.455459e+01
4.796000e+01 1.537132e+02 -8.951345e+01
4.797000e+01 1.514541e+02 -9.440528e+01
4.798000e+01 1.490697e+02 -9.922720e+01
4.799000e+01 1.465616e+02 -1.039764e+02
4.800000e+01 1.439315e+02 -1.086499e+02
4.801000e+01 1.411811e+02 -1.132450e+02
4.802000e+01 1.383123e+02 -1.177589e+02
4.803000e+01 1.353268e+02 -1.221888e+02
4.804000e+01 1.322265e+02 -1.265321e+02
4.805000e+01 1.290135e+02 -1.307859e+02
4.806000e+01 1.256896e+02 -1.349476e+02
4.807000e+01 1.222570e+02 -1.390147e+02
4.808000e+01 1.187177e+02 -1.429843e+02
4.809000e+01 1.150738e+02 -1.468541e+02
4.810000e+01 1.113277e+02 -1.506213e+02
4.811000e+01 1.074815e+02 -1.542836e+02
4.812000e+01 1.035376e+02 -1.578383e+02
4.813000e+01 9.949818e+01 -1.612831e+02
4.814000e+01 9.536578e+01 -1.646156e+02
4.815000e+01 9.114279e+01 -1.678333e+02
4.816000e+01 8.683170e+01 -1.709339e+02
4.817000e+01 8.243506e+01 -1.739150e+02
4.818000e+01 7.795544e+01 -1.767745e+02
4.819000e+01 7.339547e+01 -1.795100e+02
4.820000e+01 6.875783e+01 -1.821194e+02
4.821000e+01 6.404523e+01 -1.846005e+02
4.822000e+01 5.926043e+01 -1.869511e+02
4.823000e+01 5.440624e+01 -1.891692e+02
4.824000e+01 4.948550e+01 -1.912526e+02
4.825000e+01 4.450110e+01 -1.931994e+02
4.826000e+01 3.945598e+01 -1.950076e+02
4.827000e+01 3.435310e+01 -1.966752e+02
4.828000e+01 2.919548e+01 -1.982004e+02
4.829000e+01 2.398617e+01 -1.995811e+02
4.830000e+01 1.872827e+01 -2.008156e+02
4.831000e+01 1.342491e+01 -2.019022e+02
4.832000e+01 8.079259e+00 -2.028389e+02
4.833000e+01 2.694527e+00 -2.036241e+02
4.834000e+01 -2.726036e+00 -2.042561e+02
4.835000e+01 -8.179144e+00 -2.047331e+02
4.836000e+01 -1.366147e+01 -2.050537e+02
4.837000e+01 -1.916966e+01 -2.052160e+02
4.838000e+01 -2.470031e+01 -2.052187e+02
4.839000e+01 -3.024998e+01 -2.050600e+02
4.840000e+01 -3.581520e+01 -2.047386e+02
4.841000e+01 -4.139246e+01 -2.042529e+02
4.842000e+01 -4.697821e+01 -2.036014e+02
4.843000e+01 -5.256887e+01 -2.027826e+02
4.844000e+01 -5.816082e+01 -2.017953e+02
4.845000e+01 -6.375038e+01 -2.006378e+02
4.846000e+01 -6.933387e+01 -1.993089e+02
4.847000e+01 -7.490754e+01 -1.978072e+02
4.848000e+01 -8.046762e+01 -1.961313e+02
4.849000e+01 -8.601029e+01 -1.942798e+02
4.850000e+01 -9.153168e+01 -1.922513e+02
4.851000e+01 -9.702790e+01 -1.900446e+02
4.852000e+01 -1.024950e+02 -1.876583e+02
4.853000e+01 -1.079290e+02 -1.850909e+02
4.854000e+01 -1.133258e+02 -1.823411e+02
4.855000e+01 -1.186813e+02 -1.794076e+02
4.856000e+01 -1.239915e+02 -1.762888e+02
4.857000e+01 -1.292521e+02 -1.729835e+02
4.858000e+01 -1.344588e+02 -1.694900e+02
4.859000e+01 -1.396074e+02 -1.658069e+02
4.860000e+01 -1.446934e+02 -1.619326e+02
4.861000e+01 -1.497125e+02 -1.578655e+02
4.862000e+01 -1.546600e+02 -1.536040e+02
4.863000e+01 -1.595315e+02 -1.491462e+02
4.864000e+01 -1.643222e+02 -1.444904e+02
4.865000e+01 -1.690273e+02 -1.396346e+02
4.866000e+01 -1.736420e+02 -1.345768e+02
4.867000e+01 -1.781614e+02 -1.293148e+02
4.868000e+01 -1.825803e+02 -1.238465e+02
4.869000e+01 -1.868935e+02 -1.181693e+02
4.870000e+01 -1.910957e+02 -1.122806e+02
4.871000e+01 -1.951815e+02 -1.061778e+02
4.872000e+01 -1.991452e+02 -9.985784e+01
4.873000e+01 -2.029810e+02 -9.331752e+01
4.874000e+01 -2.066828e+02 -8.655340e+01
4.875000e+01 -2.102446e+02 -7.956178e+01
4.876000e+01 -2.136599e+02 -7.233863e+01
4.877000e+01 -2.169221e+02 -6.487960e+01
4.878000e+01 -2.200241e+02 -5.717995e+01
4.879000e+01 -2.229589e+02 -4.923453e+01
4.880000e+01 -2.257188e+02 -4.103776e+01
4.881000e+01 -2.282958e+02 -3.258350e+01
4.882000e+01 -2.306818e+02 -2.386508e+01
4.883000e+01 -2.328678e+02 -1.487520e+01
4.884000e+01 -2.348448e+02 -5.605862e+00
4.885000e+01 -2.366027e+02 3.951719e+00
4.886000e+01 -2.381312e+02 1.380718e+01
4.887000e+01 -2.394193e+02 2.397112e+01
4.888000e+01 -2.404549e+02 3.445523e+01
4.889000e+01 -2.412253e+02 4.527238e+01
4.890000e+01 -2.417169e+02 5.643682e+01
4.891000e+01 -2.419147e+02 6.796428e+01
4.892000e+01 -2.418028e+02 7.987225e+01
4.893000e+01 -2.413636e+02 9.218010e+01
4.894000e+01 -2.405782e+02 1.049094e+02
4.895000e+01 -2.394256e+02 1.180842e+02
4.896000e+01 -2.378830e+02 1.317314e+02
4.897000e+01 -2.359249e+02 1.458810e+02
4.898000e+01 -2.335234e+02 1.605668e+02
4.899000e+01 -2.306473e+02 1.758268e+02
4.900000e+01 -2.272617e+02 1.917037e+02
4.901000e+01 -2.233274e+02 2.082461e+02
4.902000e+01 -2.188004e+02 2.255090e+02
4.903000e+01 -2.136307e+02 2.435550e+02
4.904000e+01 -2.077615e+02 2.624558e+02
4.905000e+01 -2.011277e+02 2.822935e+02
4.906000e+01 -1.936544e+02 3.031628e+02
4.907000e+01 -1.852551e+02 3.251733e+02
4.908000e+01 -1.758288e+02 3.484525e+02
4.909000e+01 -1.652574e+02 3.731496e+02
4.910000e+01 -1.534012e+02 3.994401e+02
4.911000e+01 -1.400944e+02 4.275316e+02
4.912000e+01 -1.251379e+02 4.576717e+02
4.913000e+01 -1.082910e+02 4.901579e+02
4.914000e+01 -8.925930e+01 5.253506e+02
4.915000e+01 -6.767952e+01 5.636902e+02
4.916000e+01 -4.309746e+01 6.057209e+02
4.917000e+01 -1.493789e+01 6.521224e+02
4.918000e+01 1.753860e+01 7.037550e+02
4.919000e+01 5.529863e+01 7.617226e+02
4.920000e+01 9.963020e+01 8.274658e+02
4.921000e+01 1.522878e+02 9.028989e+02
4.922000e+01 2.157233e+02 9.906210e+02
4.923000e+01 2.934686e+02 1.094249e+03
4.924000e+01 3.907977e+02 1.218965e+03
4.925000e+01 5.159408e+02 1.372451e+03
4.926000e+01 6.824620e+02 1.566571e+03
4.927000e+01 9.143312e+02 1.820583e+03
4.928000e+01 1.257992e+03 2.167642e+03
4.929000e+01 1.815613e+03 2.668763e+03
4.930000e+01 2.857700e+03 3.441445e+03
4.931000e+01 5.340196e+03 4.651781e+03
4.932000e+01 1.409160e+04 3.966719e+03
4.933000e+01 7.017262e+03 -1.679142e+04
4.934000e+01 -1.926075e+03 -8.272850e+03
4.935000e+01 -2.148573e+03 -4.796823e+03
4.936000e+01 -1.901672e+03 -3.295415e+03
4.937000e+01 -1.677034e+03 -2.479712e+03
4.938000e+01 -1.502555e+03 -1.970118e+03
4.939000e+01 -1.367560e+03 -1.621712e+03
4.940000e+01 -1.261077e+03 -1.368127e+03
4.941000e+01 -1.175199e+03 -1.174894e+03
4.942000e+01 -1.104488e+03 -1.022395e+03
4.943000e+01 -1.045180e+03 -8.986665e+02
4.944000e+01 -9.946214e+02 -7.960068e+02
4.945000e+01 -9.508998e+02 -7.092385e+02
4.946000e+01 -9.126083e+02 -6.347539e+02
4.947000e+01 -8.786910e+02 -5.699640e+02
4.948000e+01 -8.483420e+02 -5.129628e+02
4.949000e+01 -8.209357e+02 -4.623169e+02
4.950000e+01 -7.959803e+02 -4.169277e+02
4.951000e+01 -7.730837e+02 -3.759392e+02
4.952000e+01 -7.519297e+02 -3.386751e+02
4.953000e+01 -7.322609e+02 -3.045937e+02
4.954000e+01 -7.138656e+02 -2.732564e+02
4.955000e+01 -6.965683e+02 -2.443044e+02
4.956000e+01 -6.802223e+02 -2.174413e+02
4.957000e+01 -6.647043e+02 -1.924203e+02
4.958000e+01 -6.499097e+02 -1.690341e+02
4.959000e+01 -6.357496e+02 -1.471077e+02
4.960000e+01 -6.221476e+02 -1.264920e+02
4.961000e+01 -6.090383e+02 -1.070597e+02
4.962000e+01 -5.963648e+02 -8.870096e+01
4.963000e+01 -5.840782e+02 -7.132097e+01
4.964000e+01 -5.721356e+02 -5.483729e+01
4.965000e+01 -5.604996e+02 -3.917798e+01
4.966000e+01 -5.491374e+02 -2.428000e+01
4.967000e+01 -5.380204e+02 -1.008789e+01
4.968000e+01 -5.271232e+02 3.447310e+00
4.969000e+01 -5.164236e+02 1.636898e+01
4.970000e+01 -5.059017e+02 2.871566e+01
4.971000e+01 -4.955403e+02 4.052171e+01
4.972000e+01 -4.853239e+02 5.181785e+01
4.973000e+01 -4.752389e+02 6.263160e+01
4.974000e+01 -4.652733e+02 7.298773e+01
4.975000e+01 -4.554162e+02 8.290852e+01
4.976000e+01 -4.456584e+02 9.241412e+01
4.977000e+01 -4.359914e+02 1.015228e+02
4.978000e+01 -4.264079e+02 1.102510e+02
4.979000e+01 -4.169014e+02 1.186139e+02
4.980000e+01 -4.074662e+02 1.266251e+02
4.981000e+01 -3.980974e+02 1.342973e+02
4.982000e+01 -3.887905e+02 1.416418e+02
4.983000e+01 -3.795419e+02 1.486693e+02
4.984000e+01 -3.703483e+02 1.553893e+02
4.985000e+01 -3.612071e+02 1.618108e+02
4.986000e+01 -3.521158e+02 1.679421e+02
4.987000e+01 -3.430727e+02 1.737908e+02
4.988000e+01 -3.340761e+02 1.793640e+02
4.989000e+01 -3.251248e+02 1.846682e+02
4.990000e+01 -3.162181e+02 1.897096e+02
4.991000e+01 -3.073551e+02 1.944939e+02
4.992000e+01 -2.985357e+02 1.990266e+02
4.993000e+01 -2.897595e+02 2.033126e+02
4.994000e+01 -2.810268e+02 2.073567e+02
4.995000e+01 -2.723378e+02 2.111634e+02
4.996000e+01 -2.636930e+02 2.147369e+02
4.997000e+01 -2.550930e+02 2.180813e+02
4.998000e+01 -2.465385e+02 2.212005e+02
4.999000e+01 -2.380305e+02 2.240981e+02
5.000000e+01 -2.380196e+02 2.241018e+02
