#Parameters = {cpw=15; sigma_z=0.4; wakelength=200; xbeam=0; xtest=0; ybeam=0; ytest=0}
# Beta-weighted transverse dipolar bunch wake, x-plane
# beta_factor is dimensionless: sum(beta_i/<beta>)
# Z_perp unit: Ohm/m
#"s / mm"	"W_perp_beta [V/pC/m]"
#------------------------
-9.983088851400	-4.7398996078189e-14
-9.953109605600	-7.2279994019526e-15
-9.923130359800	-8.8959992639417e-15
-9.893151114000	-9.7299991949363e-16
-9.863171868200	-4.1699996549727e-14
-9.833192622400	-5.4209995514645e-15
-9.803213376600	-8.6179992869435e-15
-9.773234130800	-1.4177998826907e-14
-9.743254885000	-5.2402995664157e-14
-9.713275639200	-2.7521997722820e-14
-9.683296393400	-4.5869996204699e-15
-9.653317147600	1.1814999022423e-14
-9.623337901800	-2.3212998079348e-14
-9.593358656000	6.9499994249545e-16
-9.563379410200	-7.6449993674499e-15
-9.533400164400	1.4594998792404e-15
-9.503420918600	-7.9229993444481e-15
-9.473441672800	-2.6409997814827e-15
-9.443462427000	8.3052493128206e-15
-9.413483181200	-2.0849998274863e-14
-9.383503935400	-7.3843743890141e-15
-9.353524689600	-1.2874873934728e-14
-9.323545443800	-5.6251557845725e-15
-9.293566198000	-5.5573932901792e-14
-9.263586952200	-5.6121245356507e-14
-9.233607706400	-3.3846497199528e-14
-9.203628460600	2.6062497843579e-15
-9.173649214800	-4.6981996112692e-14
-9.143669969000	-2.6965997768823e-14
-9.113690723200	-1.5706998700397e-14
-9.083711477400	-3.3707497211029e-14
-9.053732231600	-2.9954497521554e-14
-9.023752985800	-2.7174497751572e-14
-8.993773740000	4.7259996089690e-15
-8.963794494200	1.1953999010922e-14
-8.933815248400	-1.8486998470379e-14
-8.903836002600	2.6409997814827e-15
-8.873856756800	2.5992997849330e-14
-8.843877511000	4.1838996538226e-14
-8.813898265200	1.9042998424375e-14
-8.783919019400	4.4479996319709e-15
-8.753939773600	3.2525997308787e-14
-8.723960527800	5.8796995135115e-14
-8.693981282000	-4.1699996549727e-15
-8.664002036200	5.1429995744663e-14
-8.634022790400	1.7374998562386e-14
-8.604043544600	5.0873995790667e-14
-8.574064298800	-8.6179992869435e-15
-8.544085053000	4.4479996319709e-15
-8.514105807200	9.7299991949363e-15
-8.484126561400	5.6711995307628e-14
-8.454147315600	7.7839993559490e-15
-8.424168069800	4.3089996434718e-14
-8.394188824000	1.2787998941916e-14
-8.364209578200	5.1429995744663e-14
-8.334230332400	3.8919996779745e-14
-8.304251086600	5.4765995468641e-14
-8.274271840800	5.4765995468641e-14
-8.244292595000	1.1064399084528e-13
-8.214313349200	4.1977996526725e-14
-8.184334103400	7.4781993812510e-14
-8.154354857600	-1.4177998826907e-14
-8.124375611800	1.4733998780903e-14
-8.094396366000	-3.3915997193778e-14
-8.064417120200	2.7799997699818e-14
-8.034437874400	-8.0619993329472e-15
-8.004458628600	6.3105994778587e-14
-7.974479382800	-3.0023997515803e-14
-7.944500137000	3.3637997216780e-14
-7.914520891200	-3.8919996779745e-14
-7.884541645400	3.5861997032765e-14
-7.854562399600	-3.5305997078769e-14
-7.824583153800	1.5567998711898e-14
-7.794603908000	-1.0007999171934e-14
-7.764624662200	5.7267995261625e-14
-7.734645416400	-5.1707995721661e-14
-7.704666170600	1.4733998780903e-14
-7.674686924800	-5.0039995859672e-15
-7.644707679000	5.2819995629654e-14
-7.614728433200	-3.3359997239781e-15
-7.584749187400	5.1151995767665e-14
-7.554769941600	3.4193997170776e-14
-7.524790695800	9.1739992409399e-14
-7.494811450000	-6.1159994939599e-15
-7.464832204200	6.3383994755585e-14
-7.434852958400	-1.2509998964918e-14
-7.404873712600	2.2239998159854e-14
-7.374894466800	-2.8077997676816e-14
-7.344915221000	6.6719994479563e-15
-7.314935975200	-3.8363996825749e-14
-7.284956729400	5.2541995652656e-14
-7.254977483600	-5.4765995468641e-14
-7.224998237800	8.0619993329472e-15
-7.195018992000	-7.0611994157537e-14
-7.165039746200	-2.2239998159854e-15
-7.135060500400	-8.1731993237465e-14
-7.105081254600	-3.4749997124772e-14
-7.075102008800	-7.7839993559490e-14
-7.045122763000	-2.7799997699818e-16
-7.015143517200	-1.0980999091428e-13
-6.985164271400	-5.7545995238623e-14
-6.955185025600	-4.9622995894175e-14
-6.925205779800	-1.2926998930415e-14
-6.895226534000	-5.0595995813669e-14
-6.865247288200	-1.3760998861410e-14
-6.835268042400	-3.7251996917756e-14
-6.805288796600	1.9876998355370e-14
-6.775309550800	-1.1258999068426e-13
-6.745330305000	-5.8240995181118e-14
-6.715351059200	-3.9336996745242e-14
-6.685371813400	1.5567998711898e-14
-6.655392567600	-1.9737998366871e-14
-6.625413321800	-1.3343998895913e-14
-6.595434076000	-1.1328499062676e-14
-6.565454830200	2.1822998194357e-14
-6.535475584400	-5.1916495704410e-14
-6.505496338600	-3.0232497498552e-14
-6.475517092800	-8.4581493001696e-14
-6.445537847000	-3.5444997067268e-14
-6.415558601200	-7.0994244125910e-14
-6.385579355400	-1.8764998447377e-14
-6.355600109600	-5.0891370789229e-14
-6.325620863800	-1.0833311603648e-14
-6.295641618000	-1.1688270126658e-13
-6.265662372200	-7.7874743556615e-14
-6.235683126400	-4.8163496014934e-14
-6.205703880600	-1.1363249059801e-14
-6.175724634800	-3.4298247162150e-14
-6.145745389000	1.1119999079927e-14
-6.115766143200	-1.9042998424375e-14
-6.085786897400	4.3089996434718e-15
-6.055807651600	-6.0881994962601e-14
-6.025828405800	-5.9352995089111e-14
-5.995849160000	-2.6965997768823e-14
-5.965869914200	1.3899998849909e-15
-5.935890668400	8.0619993329472e-15
-5.905911422600	1.1258999068426e-14
-5.875932176800	2.2239998159854e-15
-5.845952931000	2.0293998320867e-14
-5.815973685200	-4.4618996308208e-14
-5.785994439400	-5.2819995629654e-14
-5.756015193600	-3.1691997377792e-14
-5.726035947800	-9.1739992409399e-15
-5.696056702000	-3.0440997481301e-14
-5.666077456200	-1.2509998964918e-14
-5.636098210400	5.2819995629654e-15
-5.606118964600	1.6679998619891e-14
-5.576139718800	-2.2239998159854e-14
-5.546160473000	-3.8085996848750e-14
-5.516181227200	2.7243997745822e-14
-5.486201981400	3.6695996963760e-14
-5.456222735600	3.7251996917756e-14
-5.426243489800	4.2533996480721e-14
-5.396264244000	5.4209995514645e-14
-5.366284998200	5.3375995583650e-14
-5.336305752400	1.5011998757902e-14
-5.306326506600	-3.5027997101771e-14
-5.276347260800	3.7251996917756e-14
-5.246368015000	2.1961998182856e-14
-5.216388769200	3.6417996986761e-14
-5.186409523400	1.6679998619891e-14
-5.156430277600	5.4209995514645e-14
-5.126451031800	3.8641996802747e-14
-5.096471786000	2.9189997584809e-14
-5.066492540200	-1.8625998458878e-14
-5.036513294400	7.2557993996525e-14
-5.006534048600	5.3375995583650e-14
-4.976554802800	7.5337993766506e-14
-4.946575557000	4.4757996296707e-14
-4.916596311200	1.0258199151233e-13
-4.886617065400	6.8109994364554e-14
-4.856637819600	5.9491995077610e-14
-4.826658573800	4.1699996549727e-15
-4.796679328000	1.2704598948817e-13
-4.766700082200	9.8689991834353e-14
-4.736720836400	1.3455198886712e-13
-4.706741590600	1.0536199128231e-13
-4.676762344800	1.5289998734900e-13
-4.646783099000	1.0841999102929e-13
-4.616803853200	1.0675199116730e-13
-4.586824607400	6.3661994732583e-14
-4.556845361600	1.9181998412874e-14
-4.526866115800	-7.7839993559490e-15
-4.496886870000	4.7259996089690e-14
-4.466907624200	1.1397999056925e-14
-4.436928378400	5.0039995859672e-14
-4.406949132600	-4.8649995974681e-14
-4.376969886800	5.2819995629654e-15
-4.346990641000	-6.6441994502565e-14
-4.317011395200	3.1691997377792e-14
-4.287032149400	-8.3399993099454e-15
-4.257052903600	5.2541995652656e-14
-4.227073657800	2.0293998320867e-14
-4.197094412000	5.5877995376634e-14
-4.167115166200	-6.9499994249545e-15
-4.137135920400	5.5599995399636e-15
-4.107156674600	-5.3375995583650e-14
-4.077177428800	3.2525997308787e-14
-4.047198183000	2.7799997699818e-16
-4.017218937200	6.6163994525567e-14
-3.987239691400	2.5297997906834e-14
-3.957260445600	3.1969997354791e-14
-3.927281199800	-1.6679998619891e-14
-3.897301954000	3.4193997170776e-14
-3.867322708200	-5.2263995675658e-14
-3.837343462400	1.1022699087978e-13
-3.807364216600	4.5035996273705e-14
-3.777384970800	1.1745499028173e-13
-3.747405725000	9.7716991914860e-14
-3.717426479200	1.0619599121330e-13
-3.687447233400	3.3776997205279e-14
-3.657467987600	9.0349992524408e-14
-3.627488741800	1.5428998723399e-14
-3.597509496000	1.2718498947667e-13
-3.567530250200	7.8117993536488e-14
-3.537551004400	1.4303098816556e-13
-3.507571758600	6.6024994537067e-14
-3.477592512800	8.7778492737175e-14
-3.447613267000	3.2803997285785e-14
-3.417634021200	1.1808049022998e-13
-3.387654775400	4.5591996227701e-14
-3.357675529600	8.4581493001696e-14
-3.327696283800	8.2896118141144e-14
-3.297717038000	1.4456867553833e-13
-3.267737792200	1.1463372489016e-13
-3.237758546400	1.2768886443498e-13
-3.207779300600	1.1477924050312e-13
-3.177800054800	2.4255497993091e-13
-3.147820809000	2.9276872577621e-13
-3.117841563200	6.4725344644601e-13
-3.087862317400	1.0193564156581e-12
-3.057883071600	1.7469518554566e-12
-3.027903825800	2.9737657539495e-12
-2.997924580000	5.1855335709470e-12
-2.967945334200	9.0518182510492e-12
-2.937966088400	1.6091333668597e-11
-2.907986842600	2.8196564667006e-11
-2.878007596800	4.9468288906975e-11
-2.848028351000	8.6091171876784e-11
-2.818049105200	1.4938120264014e-10
-2.788069859400	2.5764273368254e-10
-2.758090613600	4.4213672341744e-10
-2.728111367800	7.5484847254356e-10
-2.698132122000	1.2819513019309e-09
-2.668152876200	2.1652221418487e-09
-2.638173630400	3.6375786860254e-09
-2.608194384600	6.0781506310916e-09
-2.578215138800	1.0101541994195e-08
-2.548235893000	1.6697853446413e-08
-2.518256647200	2.7453113776519e-08
-2.488277401400	4.4893549085491e-08
-2.458298155600	7.3019388334349e-08
-2.428318909800	1.1812864121599e-07
-2.398339664000	1.9008044097267e-07
-2.368360418200	3.0421984562474e-07
-2.338381172400	4.8429211840149e-07
-2.308401926600	7.6683019955018e-07
-2.278422680800	1.2077176836450e-06
-2.248443435000	1.8919448445838e-06
-2.218464189200	2.9480233363835e-06
-2.188484943400	4.5691488874969e-06
-2.158505697600	7.0440814265021e-06
-2.128526451800	1.0801917403181e-05
-2.098547206000	1.6476600959482e-05
-2.068567960200	2.4999287052758e-05
-2.038588714400	3.7729746555787e-05
-2.008609468600	5.6642126464955e-05
-1.978630222800	8.4585873394791e-05
-1.948650977000	1.2564988247828e-04
-1.918671731200	1.8566743477268e-04
-1.888692485400	2.7291181722150e-04
-1.858713239600	3.9904839363318e-04
-1.828733993800	5.8042913251428e-04
-1.798754748000	8.3984116964741e-04
-1.768775502200	1.2088529776584e-03
-1.738796256400	1.7309413536515e-03
-1.708817010600	2.4656310297191e-03
-1.678837764800	3.4939376464926e-03
-1.648858519000	4.9254754832361e-03
-1.618879273200	6.9076750332101e-03
-1.588900027400	9.6376533628765e-03
-1.558920781600	1.3377393022520e-02
-1.528941535800	1.8473013392529e-02
-1.498962290000	2.5379061397928e-02
-1.468983044200	3.4688905216801e-02
-1.439003798400	4.7172482510775e-02
-1.409024552600	6.3822829947312e-02
-1.379045306800	8.5912997829392e-02
-1.349066061000	1.1506512503995e-01
-1.319086815200	1.5333360569336e-01
-1.289107569400	2.0330440810198e-01
-1.259128323600	2.6821269492885e-01
-1.229149077800	3.5208092464119e-01
-1.199169832000	4.5987957076334e-01
-1.169190586200	5.9771245783547e-01
-1.139211340400	7.7302846176774e-01
-1.109232094600	9.9486093822013e-01
-1.079252848800	1.2740957081400e+00
-1.049273603000	1.6237677301205e+00
-1.019294357200	2.0593857148776e+00
-0.989315111400	2.5992828842984e+00
-0.959335865600	3.2649908506007e+00
-0.929356619800	4.0816322042249e+00
-0.899377374000	5.0783258771968e+00
-0.869398128200	6.2885977289151e+00
-0.839418882400	7.7507871331531e+00
-0.809439636600	9.5084386903634e+00
-0.779460390800	1.1610666621278e+01
-0.749481145000	1.4112477998939e+01
-0.719501899200	1.7075039836021e+01
-0.689522653400	2.0565874254956e+01
-0.659543407600	2.4658965620929e+01
-0.629564161800	2.9434763696536e+01
-0.599584916000	3.4980067653966e+01
-0.569605670200	4.1387777210238e+01
-0.539626424400	4.8756499264147e+01
-0.509647178600	5.7190001212792e+01
-0.479667932800	6.6796505581433e+01
-0.449688687000	7.7687824648903e+01
-0.419709441200	8.9978338292578e+01
-0.389730195400	1.0378382317882e+02
-0.359750949600	1.1922014652281e+02
-0.329771703800	1.3640184274695e+02
-0.299792458000	1.5544059627294e+02
-0.269813212200	1.7644365817459e+02
-0.239833966400	1.9951222828349e+02
-0.209854720600	2.2473983737873e+02
-0.179875474800	2.5221076613043e+02
-0.149896229000	2.8199853836479e+02
-0.119916983200	3.1416452588123e+02
-0.089937737400	3.4875670043617e+02
-0.059958491600	3.8580856562475e+02
-0.029979245800	4.2533829731348e+02
0.000000000000	4.6734811612761e+02
0.029979245800	5.1182390945654e+02
0.059958491600	5.5873511372895e+02
0.089937737400	6.0803486058202e+02
0.119916983200	6.5966038327983e+02
0.149896229000	7.1353367260889e+02
0.179875474800	7.6956236476695e+02
0.209854720600	8.2764083772087e+02
0.239833966400	8.8765148736040e+02
0.269813212200	9.4946615069609e+02
0.299792458000	1.0129476404667e+03
0.329771703800	1.0779513539058e+03
0.359750949600	1.1443269180791e+03
0.389730195400	1.2119198351040e+03
0.419709441200	1.2805730926000e+03
0.449688687000	1.3501287077582e+03
0.479667932800	1.4204291772839e+03
0.509647178600	1.4913188099583e+03
0.539626424400	1.5626449234709e+03
0.569605670200	1.6342588922796e+03
0.599584916000	1.7060170383561e+03
0.629564161800	1.7777813615719e+03
0.659543407600	1.8494201110271e+03
0.689522653400	1.9208082026691e+03
0.719501899200	1.9918274920071e+03
0.749481145000	2.0623669135263e+03
0.779460390800	2.1323225005203e+03
0.809439636600	2.2015973004880e+03
0.839418882400	2.2701012020230e+03
0.869398128200	2.3377506892967e+03
0.899377374000	2.4044685398952e+03
0.929356619800	2.4701834809765e+03
0.959335865600	2.5348298175778e+03
0.989315111400	2.5983470455016e+03
1.019294357200	2.6606794596447e+03
1.049273603000	2.7217757669756e+03
1.079252848800	2.7815887117044e+03
1.109232094600	2.8400747185621e+03
1.139211340400	2.8971935585927e+03
1.169190586200	2.9529080404677e+03
1.199169832000	3.0071837291135e+03
1.229149077800	3.0599886923826e+03
1.259128323600	3.1112932756315e+03
1.289107569400	3.1610699033656e+03
1.319086815200	3.2092929065794e+03
1.349066061000	3.2559383740350e+03
1.379045306800	3.3009840254740e+03
1.409024552600	3.3444091046163e+03
1.439003798400	3.3861942897621e+03
1.468983044200	3.4263216198398e+03
1.498962290000	3.4647744338336e+03
1.528941535800	3.5015373216565e+03
1.558920781600	3.5365960846857e+03
1.588900027400	3.5699377043551e+03
1.618879273200	3.6015503173742e+03
1.648858519000	3.6314231963172e+03
1.678837764800	3.6595467344992e+03
1.708817010600	3.6859124342081e+03
1.738796256400	3.7105128975092e+03
1.768775502200	3.7333418189644e+03
1.798754748000	3.7543939797240e+03
1.828733993800	3.7736652425460e+03
1.858713239600	3.7911525473832e+03
1.888692485400	3.8068539072471e+03
1.918671731200	3.8207684041216e+03
1.948650977000	3.8328961847434e+03
1.978630222800	3.8432384561108e+03
2.008609468600	3.8517974806113e+03
2.038588714400	3.8585765706876e+03
2.068567960200	3.8635800829806e+03
2.098547206000	3.8668134119047e+03
2.128526451800	3.8682829826241e+03
2.158505697600	3.8679962434083e+03
2.188484943400	3.8659616573529e+03
2.218464189200	3.8621886934573e+03
2.248443435000	3.8566878170579e+03
2.278422680800	3.8494704796145e+03
2.308401926600	3.8405491078555e+03
2.338381172400	3.8299370922849e+03
2.368360418200	3.8176487750602e+03
2.398339664000	3.8036994372480e+03
2.428318909800	3.7881052854666e+03
2.458298155600	3.7708834379275e+03
2.488277401400	3.7520519098842e+03
2.518256647200	3.7316295985030e+03
2.548235893000	3.7096362671646e+03
2.578215138800	3.6860925292132e+03
2.608194384600	3.6610198311621e+03
2.638173630400	3.6344404353727e+03
2.668152876200	3.6063774022201e+03
2.698132122000	3.5768545717581e+03
2.728111367800	3.5458965449009e+03
2.758090613600	3.5135286641350e+03
2.788069859400	3.4797769937771e+03
2.818049105200	3.4446682997944e+03
2.848028351000	3.4082300292026e+03
2.878007596800	3.3704902890581e+03
2.907986842600	3.3314778250619e+03
2.937966088400	3.2912219997911e+03
2.967945334200	3.2497527705759e+03
2.997924580000	3.2071006670384e+03
3.027903825800	3.1632967683127e+03
3.057883071600	3.1183726799620e+03
3.087862317400	3.0723605106125e+03
3.117841563200	3.0252928483209e+03
3.147820809000	2.9772027366946e+03
3.177800054800	2.9281236507833e+03
3.207779300600	2.8780894727592e+03
3.237758546400	2.8271344674070e+03
3.267737792200	2.7752932574397e+03
3.297717038000	2.7226007986609e+03
3.327696283800	2.6690923549928e+03
3.357675529600	2.6148034733872e+03
3.387654775400	2.5597699586402e+03
3.417634021200	2.5040278481293e+03
3.447613267000	2.4476133864909e+03
3.477592512800	2.3905630002597e+03
3.507571758600	2.3329132724859e+03
3.537551004400	2.2747009173521e+03
3.567530250200	2.2159627548069e+03
3.597509496000	2.1567356852356e+03
3.627488741800	2.0970566641853e+03
3.657467987600	2.0369626771643e+03
3.687447233400	1.9764907145343e+03
3.717426479200	1.9156777465130e+03
3.747405725000	1.8545606983065e+03
3.777384970800	1.7931764253893e+03
3.807364216600	1.7315616889492e+03
3.837343462400	1.6697531315167e+03
3.867322708200	1.6077872527944e+03
3.897301954000	1.5457003857056e+03
3.927281199800	1.4835286726782e+03
3.957260445600	1.4213080421813e+03
3.987239691400	1.3590741855312e+03
4.017218937200	1.2968625339834e+03
4.047198183000	1.2347082361260e+03
4.077177428800	1.1726461355920e+03
4.107156674600	1.1107107491041e+03
4.137135920400	1.0489362448684e+03
4.167115166200	9.8735642133249e+02
4.197094412000	9.2600468632117e+02
4.227073657800	8.6491403656490e+02
4.257052903600	8.0411703763498e+02
4.287032149400	7.4364580429865e+02
4.317011395200	6.8353198130743e+02
4.346990641000	6.2380672463157e+02
4.376969886800	5.6450068315292e+02
4.406949132600	5.0564398082819e+02
4.436928378400	4.4726619933430e+02
4.466907624200	3.8939636120688e+02
4.496886870000	3.3206291348264e+02
4.526866115800	2.7529371185606e+02
4.556845361600	2.1911600536011e+02
4.586824607400	1.6355642158036e+02
4.616803853200	1.0864095241172e+02
4.646783099000	5.4394940365928e+01
4.676762344800	8.4306543810192e-01
4.706741590600	-5.1990667460249e+01
4.736720836400	-1.0408294049461e+02
4.766700082200	-1.5541113432067e+02
4.796679328000	-2.0595333891124e+02
4.826658573800	-2.5568836379126e+02
4.856637819600	-3.0459574767576e+02
4.886617065400	-3.5265576750611e+02
4.916596311200	-3.9984944688052e+02
4.946575557000	-4.4615856387497e+02
4.976554802800	-4.9156565825163e+02
5.006534048600	-5.3605403805193e+02
5.036513294400	-5.7960778557233e+02
5.066492540200	-6.2221176272098e+02
5.096471786000	-6.6385161575428e+02
5.126451031800	-7.0451377939249e+02
5.156430277600	-7.4418548031457e+02
5.186409523400	-7.8285474003228e+02
5.216388769200	-8.2051037714461e+02
5.246368015000	-8.5714200897378e+02
5.276347260800	-8.9274005258470e+02
5.306326506600	-9.2729572519022e+02
5.336305752400	-9.6080104394493e+02
5.366284998200	-9.9324882513086e+02
5.396264244000	-1.0246326827388e+03
5.426243489800	-1.0549470264494e+03
5.456222735600	-1.0841870590193e+03
5.486201981400	-1.1123487730763e+03
5.516181227200	-1.1394289473303e+03
5.546160473000	-1.1654251422060e+03
5.576139718800	-1.1903356949028e+03
5.606118964600	-1.2141597138904e+03
5.636098210400	-1.2368970728460e+03
5.666077456200	-1.2585484040419e+03
5.696056702000	-1.2791150911916e+03
5.726035947800	-1.2985992617625e+03
5.756015193600	-1.3170037787644e+03
5.785994439400	-1.3343322320237e+03
5.815973685200	-1.3505889289526e+03
5.845952931000	-1.3657788848231e+03
5.875932176800	-1.3799078125576e+03
5.905911422600	-1.3929821120453e+03
5.935890668400	-1.4050088589966e+03
5.965869914200	-1.4159957933473e+03
5.995849160000	-1.4259513072235e+03
6.025828405800	-1.4348844324798e+03
6.055807651600	-1.4428048278233e+03
6.085786897400	-1.4497227655364e+03
6.115766143200	-1.4556491178110e+03
6.145745389000	-1.4605953427066e+03
6.175724634800	-1.4645734697481e+03
6.205703880600	-1.4675960851745e+03
6.235683126400	-1.4696763168540e+03
6.265662372200	-1.4708278188793e+03
6.295641618000	-1.4710647558571e+03
6.325620863800	-1.4704017869070e+03
6.355600109600	-1.4688540493846e+03
6.385579355400	-1.4664371423423e+03
6.415558601200	-1.4631671097452e+03
6.445537847000	-1.4590604234547e+03
6.475517092800	-1.4541339659978e+03
6.505496338600	-1.4484050131346e+03
6.535475584400	-1.4418912162424e+03
6.565454830200	-1.4346105845296e+03
6.595434076000	-1.4265814670968e+03
6.625413321800	-1.4178225348593e+03
6.655392567600	-1.4083527623484e+03
6.685371813400	-1.3981914094057e+03
6.715351059200	-1.3873580027875e+03
6.745330305000	-1.3758723176937e+03
6.775309550800	-1.3637543592387e+03
6.805288796600	-1.3510243438788e+03
6.835268042400	-1.3377026808116e+03
6.865247288200	-1.3238099533643e+03
6.895226534000	-1.3093669003858e+03
6.925205779800	-1.2943943976578e+03
6.955185025600	-1.2789134393407e+03
6.985164271400	-1.2629451194700e+03
7.015143517200	-1.2465106135173e+03
7.045122763000	-1.2296311600325e+03
7.075102008800	-1.2123280423807e+03
7.105081254600	-1.1946225705895e+03
7.135060500400	-1.1765360633210e+03
7.165039746200	-1.1580898299826e+03
7.195018992000	-1.1393051529921e+03
7.224998237800	-1.1202032702092e+03
7.254977483600	-1.1008053575493e+03
7.284956729400	-1.0811325117912e+03
7.314935975200	-1.0612057335943e+03
7.344915221000	-1.0410459107363e+03
7.374894466800	-1.0206738015859e+03
7.404873712600	-1.0001100188217e+03
7.434852958400	-9.7937501341150e+02
7.464832204200	-9.5848905886220e+02
7.494811450000	-9.3747223575301e+02
7.524790695800	-9.1634441656355e+02
7.554769941600	-8.9512525080750e+02
7.584749187400	-8.7383415048310e+02
7.614728433200	-8.5249027585070e+02
7.644707679000	-8.3111252154767e+02
7.674686924800	-8.0971950305063e+02
7.704666170600	-7.8832954349422e+02
7.734645416400	-7.6696066085579e+02
7.764624662200	-7.4563055551470e+02
7.794603908000	-7.2435659819461e+02
7.824583153800	-7.0315581829682e+02
7.854562399600	-6.8204489263235e+02
7.884541645400	-6.6104013455994e+02
7.914520891200	-6.4015748353701e+02
7.944500137000	-6.1941249508982e+02
7.974479382800	-5.9882033120924e+02
8.004458628600	-5.7839575117749e+02
8.034437874400	-5.5815310283139e+02
8.064417120200	-5.3810631426691e+02
8.094396366000	-5.1826888598937e+02
8.124375611800	-4.9865388351360e+02
8.154354857600	-4.7927393041744e+02
8.184334103400	-4.6014120185196e+02
8.214313349200	-4.4126741851120e+02
8.244292595000	-4.2266384106378e+02
8.274271840800	-4.0434126504831e+02
8.304251086600	-3.8631001623427e+02
8.334230332400	-3.6857994644948e+02
8.364209578200	-3.5116042987473e+02
8.394188824000	-3.3406035980610e+02
8.424168069800	-3.1728814588471e+02
8.454147315600	-3.0085171179340e+02
8.484126561400	-2.8475849341952e+02
8.514105807200	-2.6901543748231e+02
8.544085053000	-2.5362900062330e+02
8.574064298800	-2.3860514895747e+02
8.604043544600	-2.2394935808270e+02
8.634022790400	-2.0966661354454e+02
8.664002036200	-1.9576141175296e+02
8.693981282000	-1.8223776134741e+02
8.723960527800	-1.6909918500611e+02
8.753939773600	-1.5634872169499e+02
8.783919019400	-1.4398892935159e+02
8.813898265200	-1.3202188799866e+02
8.843877511000	-1.2044920328186e+02
8.873856756800	-1.0927201042568e+02
8.903836002600	-9.8490978601388e+01
8.933815248400	-8.8106315700318e+01
8.963794494200	-7.8117773505606e+01
8.993773740000	-6.8524653255162e+01
9.023752985800	-5.9325811588279e+01
9.053732231600	-5.0519666868026e+01
9.083711477400	-4.2104205871253e+01
9.113690723200	-3.4076990837750e+01
9.143669969000	-2.6435166869829e+01
9.173649214800	-1.9175469673299e+01
9.203628460600	-1.2294233630574e+01
9.233607706400	-5.7874001963794e+00
9.263586952200	3.4947339372191e-01
9.293566198000	6.1212051119920e+00
9.323545443800	1.1532978834601e+01
9.353524689600	1.6590334755581e+01
9.383503935400	2.1299159529314e+01
9.413483181200	2.5665676152384e+01
9.443462427000	2.9696433595845e+01
9.473441672800	3.3398296199100e+01
9.503420918600	3.6778432836760e+01
9.533400164400	3.9844305870004e+01
9.563379410200	4.2603659894096e+01
9.593358656000	4.5064510293857e+01
9.623337901800	4.7235131618984e+01
9.653317147600	4.9124045791247e+01
9.683296393400	5.0740010155661e+01
9.713275639200	5.2092005387835e+01
9.743254885000	5.3189223269764e+01
9.773234130800	5.4041054346385e+01
9.803213376600	5.4657075475295e+01
9.833192622400	5.5047037282029e+01
9.863171868200	5.5220851533356e+01
9.893151114000	5.5188578441053e+01
9.923130359800	5.4960413908621e+01
9.953109605600	5.4546676733407e+01
9.983088851400	5.3957795776566e+01
10.013068097200	5.3204297113297e+01
10.043047343000	5.2296791175692e+01
10.073026588800	5.1245959900559e+01
10.103005834600	5.0062543894445e+01
10.132985080400	4.8757329628065e+01
10.162964326200	4.7341136672237e+01
10.192943572000	4.5824804987319e+01
10.222922817800	4.4219182278064e+01
10.252902063600	4.2535111425675e+01
10.282881309400	4.0783418008716e+01
10.312860555200	3.8974897924406e+01
10.342839801000	3.7120305121681e+01
10.372819046800	3.5230339457231e+01
10.402798292600	3.3315634685589e+01
10.432777538400	3.1386746594131e+01
10.462756784200	2.9454141293702e+01
10.492736030000	2.7528183675364e+01
10.522715275800	2.5619126043561e+01
10.552694521600	2.3737096935811e+01
10.582673767400	2.1892090138767e+01
10.612653013200	2.0093953910319e+01
10.642632259000	1.8352380417122e+01
10.672611504800	1.6676895396726e+01
10.702590750600	1.5076848053218e+01
10.732569996400	1.3561401195030e+01
10.762549242200	1.2139521623305e+01
10.792528488000	1.0819970778933e+01
10.822507733800	9.6112956561070e+00
10.852486979600	8.5218199899404e+00
10.882466225400	7.5596357254267e+00
10.912445471200	6.7325947746953e+00
10.942424717000	6.0483010692405e+00
10.972403962800	5.5141029134807e+00
11.002383208600	5.1370856457001e+00
11.032362454400	4.9240646121045e+00
11.062341700200	4.8815784594106e+00
11.092320946000	5.0158827510561e+00
11.122300191800	5.3329439117977e+00
11.152279437600	5.8384335051301e+00
11.182258683400	6.5377228476286e+00
11.212237929200	7.4358779639786e+00
11.242217175000	8.5376548861234e+00
11.272196420800	9.8474952996128e+00
11.302175666600	1.1369522539904e+01
11.332154912400	1.3107537941016e+01
11.362134158200	1.5065017538594e+01
11.392113404000	1.7245109129105e+01
11.422092649800	1.9650629686529e+01
11.452071895600	2.2284063137576e+01
11.482051141400	2.5147558496104e+01
11.512030387200	2.8242928357076e+01
11.542009633000	3.1571647750055e+01
11.571988878800	3.5134853351882e+01
11.601968124600	3.8933343057843e+01
11.631947370400	4.2967575910314e+01
11.661926616200	4.7237672383499e+01
11.691905862000	5.1743415022582e+01
11.721885107800	5.6484249435248e+01
11.751864353600	6.1459285633222e+01
11.781843599400	6.6667299721148e+01
11.811822845200	7.2106735929787e+01
11.841802091000	7.7775708990238e+01
11.871781336800	8.3672006845520e+01
11.901760582600	8.9793093695588e+01
11.931739828400	9.6136113371539e+01
11.961719074200	1.0269789303444e+02
11.991698320000	1.0947494719395e+02
12.021677565800	1.1646348204164e+02
12.051656811600	1.2365940009351e+02
12.081636057400	1.3105830513611e+02
12.111615303200	1.3865550747030e+02
12.141594549000	1.4644602944628e+02
12.171573794800	1.5442461128367e+02
12.201553040600	1.6258571716967e+02
12.231532286400	1.7092354162842e+02
12.261511532200	1.7943201615444e+02
12.291490778000	1.8810481610251e+02
12.321470023800	1.9693536782653e+02
12.351449269600	2.0591685605940e+02
12.381428515400	2.1504223152581e+02
12.411407761200	2.2430421877973e+02
12.441387007000	2.3369532425814e+02
12.471366252800	2.4320784454233e+02
12.501345498600	2.5283387481798e+02
12.531324744400	2.6256531752501e+02
12.561303990200	2.7239389118810e+02
12.591283236000	2.8231113941871e+02
12.621262481800	2.9230844007895e+02
12.651241727600	3.0237701459805e+02
12.681220973400	3.1250793743157e+02
12.711200219200	3.2269214565374e+02
12.741179465000	3.3292044867297e+02
12.771158710800	3.4318353806068e+02
12.801137956600	3.5347199748337e+02
12.831117202400	3.6377631272786e+02
12.861096448200	3.7408688180964e+02
12.891075694000	3.8439402515393e+02
12.921054939800	3.9468799583948e+02
12.951034185600	4.0495898989464e+02
12.981013431400	4.1519715663550e+02
13.010992677200	4.2539260903583e+02
13.040971923000	4.3553543411846e+02
13.070951168800	4.4561570335792e+02
13.100930414600	4.5562348308389e+02
13.130909660400	4.6554884487547e+02
13.160888906200	4.7538187593586e+02
13.190868152000	4.8511268943741e+02
13.220847397800	4.9473143482691e+02
13.250826643600	5.0422830808108e+02
13.280805889400	5.1359356190239e+02
13.310785135200	5.2281751584522e+02
13.340764381000	5.3189056636260e+02
13.370743626800	5.4080319676407e+02
13.400722872600	5.4954598707472e+02
13.430702118400	5.5810962378635e+02
13.460681364200	5.6648490949119e+02
13.490660610000	5.7466277238912e+02
13.520639855800	5.8263427565933e+02
13.550619101600	5.9039062668749e+02
13.580598347400	5.9792318613990e+02
13.610577593200	6.0522347687583e+02
13.640556839000	6.1228319268986e+02
13.670536084800	6.1909420687598e+02
13.700515330600	6.2564858060544e+02
13.730494576400	6.3193857111065e+02
13.760473822200	6.3795663966734e+02
13.790453068000	6.4369545936791e+02
13.820432313800	6.4914792267849e+02
13.850411559600	6.5430714877306e+02
13.880390805400	6.5916649063770e+02
13.910370051200	6.6371954193866e+02
13.940349297000	6.6796014364798e+02
13.970328542800	6.7188239042067e+02
14.000307788600	6.7548063671773e+02
14.030287034400	6.7874950266956e+02
14.060266280200	6.8168387967451e+02
14.090245526000	6.8427893572775e+02
14.120224771800	6.8653012047560e+02
14.150204017600	6.8843316999111e+02
14.180183263400	6.8998411126663e+02
14.210162509200	6.9117926641962e+02
14.240141755000	6.9201525660810e+02
14.270121000800	6.9248900565247e+02
14.300100246600	6.9259774336074e+02
14.330079492400	6.9233900855443e+02
14.360058738200	6.9171065179278e+02
14.390037984000	6.9071083779316e+02
14.420017229800	6.8933804754582e+02
14.449996475600	6.8759108012154e+02
14.479975721400	6.8546905417085e+02
14.509954967200	6.8297140911399e+02
14.539934213000	6.8009790602097e+02
14.569913458800	6.7684862818129e+02
14.599892704600	6.7322398136349e+02
14.629871950400	6.6922469376452e+02
14.659851196200	6.6485181564977e+02
14.689830442000	6.6010671868440e+02
14.719809687800	6.5499109495719e+02
14.749788933600	6.4950695569831e+02
14.779768179400	6.4365662969283e+02
14.809747425200	6.3744276139183e+02
14.839726671000	6.3086830872346e+02
14.869705916800	6.2393654060657e+02
14.899685162600	6.1665103416969e+02
14.929664408400	6.0901567167854e+02
14.959643654200	6.0103463717531e+02
14.989622900000	5.9271241283368e+02
15.019602145800	5.8405377503311e+02
15.049581391600	5.7506379015692e+02
15.079560637400	5.6574781011837e+02
15.109539883200	5.5611146761957e+02
15.139519129000	5.4616067114801e+02
15.169498374800	5.3590159971603e+02
15.199477620600	5.2534069734850e+02
15.229456866400	5.1448466732440e+02
15.259436112200	5.0334046617818e+02
15.289415358000	4.9191529746691e+02
15.319394603800	4.8021660530946e+02
15.349373849600	4.6825206770436e+02
15.379353095400	4.5602958963287e+02
15.409332341200	4.4355729595408e+02
15.439311587000	4.3084352409935e+02
15.469290832800	4.1789681657300e+02
15.499270078600	4.0472591326691e+02
15.529249324400	3.9133974359641e+02
15.559228570200	3.7774741846529e+02
15.589207816000	3.6395822206773e+02
15.619187061800	3.4998160353520e+02
15.649166307600	3.3582716843642e+02
15.679145553400	3.2150467013865e+02
15.709124799200	3.0702400103871e+02
15.739104045000	2.9239518367216e+02
15.769083290800	2.7762836170929e+02
15.799062536600	2.6273379084648e+02
15.829041782400	2.4772182960183e+02
15.859021028200	2.3260293002378e+02
15.889000274000	2.1738762832159e+02
15.918979519800	2.0208653542677e+02
15.948958765600	1.8671032749434e+02
15.978938011400	1.7126973635291e+02
16.008917257200	1.5577553991291e+02
16.038896503000	1.4023855254167e+02
16.068875748800	1.2466961541487e+02
16.098854994600	1.0907958685314e+02
16.128834240400	9.3479332653122e+01
16.158813486200	7.7879716422045e+01
16.188792732000	6.2291589924831e+01
16.218771977800	4.6725783452867e+01
16.248751223600	3.1193096223428e+01
16.278730469400	1.5704286818699e+01
16.308709715200	2.7006367334558e-01
16.338688961000	-1.5098924380523e+01
16.368668206800	-3.0392097502225e+01
16.398647452600	-4.5598954156484e+01
16.428626698400	-6.0709080343909e+01
16.458605944200	-7.5712158739437e+01
16.488585190000	-9.0597977730318e+01
16.518564435800	-1.0535644034533e+02
16.548543681600	-1.1997757306702e+02
16.578522927400	-1.3445153451890e+02
16.608502173200	-1.4876862401961e+02
16.638481419000	-1.6291928999637e+02
16.668460664800	-1.7689413824990e+02
16.698439910600	-1.9068394006343e+02
16.728419156400	-2.0427964014836e+02
16.758398402200	-2.1767236441947e+02
16.788377648000	-2.3085342759267e+02
16.818356893800	-2.4381434059832e+02
16.848336139600	-2.5654681780374e+02
16.878315385400	-2.6904278403817e+02
16.908294631200	-2.8129438141416e+02
16.938273877000	-2.9329397593917e+02
16.968253122800	-3.0503416391164e+02
16.998232368600	-3.1650777809583e+02
17.028211614400	-3.2770789367008e+02
17.058190860200	-3.3862783394318e+02
17.088170106000	-3.4926117583403e+02
17.118149351800	-3.5960175510974e+02
17.148128597600	-3.6964367137768e+02
17.178107843400	-3.7938129282727e+02
17.208087089200	-3.8880926071742e+02
17.238066335000	-3.9792249360593e+02
17.268045580800	-4.0671619131713e+02
17.298024826600	-4.1518583864477e+02
17.328004072400	-4.2332720878684e+02
17.357983318200	-4.3113636650975e+02
17.387962564000	-4.3860967103923e+02
17.417941809800	-4.4574377867586e+02
17.447921055600	-4.5253564513298e+02
17.477900301400	-4.5898252759552e+02
17.507879547200	-4.6508198649812e+02
17.537858793000	-4.7083188702140e+02
17.567838038800	-4.7623040030540e+02
17.597817284600	-4.8127600437961e+02
17.627796530400	-4.8596748480907e+02
17.657775776200	-4.9030393505647e+02
17.687755022000	-4.9428475656045e+02
17.717734267800	-4.9790965853029e+02
17.747713513600	-5.0117865745783e+02
17.777692759400	-5.0409207634754e+02
17.807672005200	-5.0665054366571e+02
17.837651251000	-5.0885499201050e+02
17.867630496800	-5.1070665650434e+02
17.897609742600	-5.1220707291066e+02
17.927588988400	-5.1335807547727e+02
17.957568234200	-5.1416179450871e+02
17.987547480000	-5.1462065367037e+02
18.017526725800	-5.1473736702736e+02
18.047505971600	-5.1451493582113e+02
18.077485217400	-5.1395664498762e+02
18.107464463200	-5.1306605942021e+02
18.137443709000	-5.1184701998170e+02
18.167422954800	-5.1030363926930e+02
18.197402200600	-5.0844029713695e+02
18.227381446400	-5.0626163597964e+02
18.257360692200	-5.0377255578444e+02
18.287339938000	-5.0097820895329e+02
18.317319183800	-4.9788399490267e+02
18.347298429600	-4.9449555444563e+02
18.377277675400	-4.9081876396170e+02
18.407256921200	-4.8685972936051e+02
18.437236167000	-4.8262477984504e+02
18.467215412800	-4.7812046148067e+02
18.497194658600	-4.7335353057630e+02
18.527173904400	-4.6833094688400e+02
18.557153150200	-4.6305986662390e+02
18.587132396000	-4.5754763534099e+02
18.617111641800	-4.5180178060081e+02
18.647090887600	-4.4583000453111e+02
18.677070133400	-4.3964017621660e+02
18.707049379200	-4.3324032395416e+02
18.737028625000	-4.2663862737596e+02
18.767007870800	-4.1984340944798e+02
18.796987116600	-4.1286312835155e+02
18.826966362400	-4.0570636925581e+02
18.856945608200	-3.9838183598867e+02
18.886924854000	-3.9089834261443e+02
18.916904099800	-3.8326480492586e+02
18.946883345600	-3.7549023185888e+02
18.976862591400	-3.6758371683791e+02
19.006841837200	-3.5955442906005e+02
19.036821083000	-3.5141160472631e+02
19.066800328800	-3.4316453822809e+02
19.096779574600	-3.3482257329724e+02
19.126758820400	-3.2639509412781e+02
19.156738066200	-3.1789151647804e+02
19.186717312000	-3.0932127876066e+02
19.216696557800	-3.0069383312986e+02
19.246675803600	-2.9201863657335e+02
19.276655049400	-2.8330514201748e+02
19.306634295200	-2.7456278945395e+02
19.336613541000	-2.6580099709614e+02
19.366592786800	-2.5702915257330e+02
19.396572032600	-2.4825660417057e+02
19.426551278400	-2.3949265212313e+02
19.456530524200	-2.3074653997223e+02
19.486509770000	-2.2202744599109e+02
19.516489015800	-2.1334447468867e+02
19.546468261600	-2.0470664839873e+02
19.576447507400	-1.9612289896219e+02
19.606426753200	-1.8760205951009e+02
19.636405999000	-1.7915285635478e+02
19.666385244800	-1.7078390099654e+02
19.696364490600	-1.6250368225294e+02
19.726343736400	-1.5432055851806e+02
19.756322982200	-1.4624275015835e+02
19.786302228000	-1.3827833205223e+02
19.816281473800	-1.3043522627984e+02
19.846260719600	-1.2272119496967e+02
19.876239965400	-1.1514383330827e+02
19.906219211200	-1.0771056271939e+02
19.936198457000	-1.0042862421850e+02
19.966177702800	-9.3305071948613e+01
19.996156948600	-8.6346766902995e+01
20.026136194400	-7.9560370840433e+01
20.056115440200	-7.2952340398217e+01
20.086094686000	-6.6528921408059e+01
20.116073931800	-6.0296143419826e+01
20.146053177600	-5.4259814437843e+01
20.176032423400	-4.8425515874268e+01
20.206011669200	-4.2798597723858e+01
20.235990915000	-3.7384173964225e+01
20.265970160800	-3.2187118185464e+01
20.295949406600	-2.7212059452822e+01
20.325928652400	-2.2463378405835e+01
20.355907898200	-1.7945203597179e+01
20.385887144000	-1.3661408074189e+01
20.415866389800	-9.6156062058377e+00
20.445845635600	-5.8111507576808e+00
20.475824881400	-2.2511302170759e+00
20.505804127200	1.0616336292742e+00
20.535783373000	4.1245878636285e+00
20.565762618800	6.9354503497797e+00
20.595741864600	9.4922113885518e+00
20.625721110400	1.1793135115114e+01
20.655700356200	1.3836760637252e+01
20.685679602000	1.5621902913967e+01
20.715658847800	1.7147653374029e+01
20.745638093600	1.8413380274341e+01
20.775617339400	1.9418728798205e+01
20.805596585200	2.0163620893852e+01
20.835575831000	2.0648254853786e+01
20.865555076800	2.0873104635785e+01
20.895534322600	2.0838918926605e+01
20.925513568400	2.0546719949670e+01
20.955492814200	1.9997802018288e+01
20.985472060000	1.9193729836136e+01
21.015451305800	1.8136336547013e+01
21.045430551600	1.6827721536066e+01
21.075409797400	1.5270247984942e+01
21.105389043200	1.3466540183509e+01
21.135368289000	1.1419480601061e+01
21.165347534800	9.1322067200711e+00
21.195326780600	6.6081076358344e+00
21.225306026400	3.8508204255128e+00
21.255285272200	8.6422629031057e-01
21.285264518000	-2.3475535252825e+00
21.315243763800	-5.7801620330497e+00
21.345223009600	-9.4290110150842e+00
21.375202255400	-1.3289285747786e+01
21.405181501200	-1.7355949931119e+01
21.435160747000	-2.1623750818248e+01
21.465139992800	-2.6087224540492e+01
21.495119238600	-3.0740701622374e+01
21.525098484400	-3.5578312681366e+01
21.555077730200	-4.0593994306773e+01
21.585056976000	-4.5781495112055e+01
21.615036221800	-5.1134381954719e+01
21.645015467600	-5.6646046317778e+01
21.674994713400	-6.2309710846647e+01
21.704973959200	-6.8118436035179e+01
21.734953205000	-7.4065127054478e+01
21.764932450800	-8.0142540717929e+01
21.794911696600	-8.6343292575845e+01
21.824890942400	-9.2659864132978e+01
21.854870188200	-9.9084610182045e+01
21.884849434000	-1.0560976624636e+02
21.914828679800	-1.1222745612450e+02
21.944807925600	-1.1892969952999e+02
21.974787171400	-1.2570841981870e+02
22.004766417200	-1.3255545179686e+02
22.034745663000	-1.3946254960221e+02
22.064724908800	-1.4642139465112e+02
22.094704154600	-1.5342360364412e+02
22.124683400400	-1.6046073662244e+02
22.154662646200	-1.6752430506808e+02
22.184641892000	-1.7460578003998e+02
22.214621137800	-1.8169660033857e+02
22.244600383600	-1.8878818069138e+02
22.274579629400	-1.9587191995200e+02
22.304558875200	-2.0293920930495e+02
22.334538121000	-2.0998144046888e+02
22.364517366800	-2.1699001389059e+02
22.394496612600	-2.2395634692232e+02
22.424475858400	-2.3087188197502e+02
22.454455104200	-2.3772809463987e+02
22.484434350000	-2.4451650177100e+02
22.514413595800	-2.5122866952177e+02
22.544392841600	-2.5785622132756e+02
22.574372087400	-2.6439084582769e+02
22.604351333200	-2.7082430471939e+02
22.634330579000	-2.7714844053673e+02
22.664309824800	-2.8335518434757e+02
22.694289070600	-2.8943656336146e+02
22.724268316400	-2.9538470844191e+02
22.754247562200	-3.0119186151614e+02
22.784226808000	-3.0685038287576e+02
22.814206053800	-3.1235275836192e+02
22.844185299600	-3.1769160642852e+02
22.874164545400	-3.2285968507725e+02
22.904143791200	-3.2784989865831e+02
22.934123037000	-3.3265530453085e+02
22.964102282800	-3.3726911957726e+02
22.994081528600	-3.4168472656571e+02
23.024060774400	-3.4589568035515e+02
23.054040020200	-3.4989571393764e+02
23.084019266000	-3.5367874431262e+02
23.113998511800	-3.5723887818809e+02
23.143977757600	-3.6057041750373e+02
23.173957003400	-3.6366786477137e+02
23.203936249200	-3.6652592822805e+02
23.233915495000	-3.6913952679749e+02
23.263894740800	-3.7150379485562e+02
23.293873986600	-3.7361408679627e+02
23.323853232400	-3.7546598139311e+02
23.353832478200	-3.7705528595432e+02
23.383811724000	-3.7837804026641e+02
23.413790969800	-3.7943052032415e+02
23.443770215600	-3.8020924184345e+02
23.473749461400	-3.8071096355433e+02
23.503728707200	-3.8093269027153e+02
23.533707953000	-3.8087167574022e+02
23.563687198800	-3.8052542525456e+02
23.593666444600	-3.7989169804734e+02
23.623645690400	-3.7896850944865e+02
23.653624936200	-3.7775413281221e+02
23.683604182000	-3.7624710120795e+02
23.713583427800	-3.7444620887970e+02
23.743562673600	-3.7235051246706e+02
23.773541919400	-3.6995933199078e+02
23.803521165200	-3.6727225160117e+02
23.833500411000	-3.6428912008924e+02
23.863479656800	-3.6101005116055e+02
23.893458902600	-3.5743542347184e+02
23.923438148400	-3.5356588043108e+02
23.953417394200	-3.4940232976113e+02
23.983396640000	-3.4494594282822e+02
24.013375885800	-3.4019815373597e+02
24.043355131600	-3.3516065818639e+02
24.073334377400	-3.2983541210915e+02
24.103313623200	-3.2422463006082e+02
24.133292869000	-3.1833078339600e+02
24.163272114800	-3.1215659821226e+02
24.193251360600	-3.0570505307124e+02
24.223230606400	-2.9897937649840e+02
24.253209852200	-2.9198304426389e+02
24.283189098000	-2.8471977644759e+02
24.313168343800	-2.7719353429127e+02
24.343147589600	-2.6940851684100e+02
24.373126835400	-2.6136915738337e+02
24.403106081200	-2.5308011967899e+02
24.433085327000	-2.4454629399702e+02
24.463064572800	-2.3577279295475e+02
24.493043818600	-2.2676494716624e+02
24.523023064400	-2.1752830070431e+02
24.553002310200	-2.0806860638025e+02
24.582981556000	-1.9839182084598e+02
24.612960801800	-1.8850409952310e+02
24.642940047600	-1.7841179136403e+02
24.672919293400	-1.6812143344998e+02
24.702898539200	-1.5763974543106e+02
24.732877785000	-1.4697362381371e+02
24.762857030800	-1.3613013610090e+02
24.792836276600	-1.2511651479062e+02
24.822815522400	-1.1394015123830e+02
24.852794768200	-1.0260858938883e+02
24.882774014000	-9.1129519384194e+01
24.912753259800	-7.9510771052501e+01
24.942732505600	-6.7760307284520e+01
24.972711751400	-5.5886217303882e+01
25.002690997200	-4.3896709837109e+01
25.032670243000	-3.1800106189773e+01
25.062649488800	-1.9604833235144e+01
25.092628734600	-7.3194163217265e+00
25.122607980400	5.0475278938125e+00
25.152587226200	1.7487298681828e+01
25.182566472000	2.9991118536403e+01
25.212545717800	4.2550140526976e+01
25.242524963600	5.5155455698241e+01
25.272504209400	6.7798100511664e+01
25.302483455200	8.0469064321906e+01
25.332462701000	9.3159296881474e+01
25.362441946800	1.0585971586687e+02
25.392421192600	1.1856121441952e+02
25.422400438400	1.3125466869482e+02
25.452379684200	1.4393094541253e+02
25.482358930000	1.5658090940187e+02
25.512338175800	1.6919543113469e+02
25.542317421600	1.8176539424007e+02
25.572296667400	1.9428170299363e+02
25.602275913200	2.0673528977526e+02
25.632255159000	2.1911712248847e+02
25.662234404800	2.3141821193513e+02
25.692213650600	2.4362961913906e+02
25.722192896400	2.5574246261222e+02
25.752172142200	2.6774792555719e+02
25.782151388000	2.7963726299978e+02
25.812130633800	2.9140180884560e+02
25.842109879600	3.0303298285472e+02
25.872089125400	3.1452229752825e+02
25.902068371200	3.2586136490127e+02
25.932047617000	3.3704190323613e+02
25.962026862800	3.4805574361072e+02
25.992006108600	3.5889483639598e+02
26.021985354400	3.6955125761748e+02
26.051964600200	3.8001721519549e+02
26.081943846000	3.9028505505879e+02
26.111923091800	4.0034726712673e+02
26.141902337600	4.1019649115513e+02
26.171881583400	4.1982552244080e+02
26.201860829200	4.2922731738049e+02
26.231840075000	4.3839499887947e+02
26.261819320800	4.4732186160569e+02
26.291798566600	4.5600137708512e+02
26.321777812400	4.6442719863447e+02
26.351757058200	4.7259316612732e+02
26.381736304000	4.8049331059001e+02
26.411715549800	4.8812185862377e+02
26.441694795600	4.9547323664978e+02
26.471674041400	5.0254207497384e+02
26.501653287200	5.0932321166789e+02
26.531632533000	5.1581169626530e+02
26.561611778800	5.2200279326741e+02
26.591591024600	5.2789198545882e+02
26.621570270400	5.3347497702915e+02
26.651549516200	5.3874769649911e+02
26.681528762000	5.4370629944902e+02
26.711508007800	5.4834717104798e+02
26.741487253600	5.5266692838219e+02
26.771466499400	5.5666242258097e+02
26.801445745200	5.6033074073945e+02
26.831424991000	5.6366920763669e+02
26.861404236800	5.6667538724877e+02
26.891383482600	5.6934708405584e+02
26.921362728400	5.7168234414306e+02
26.951341974200	5.7367945609498e+02
26.981321220000	5.7533695168335e+02
27.011300465800	5.7665360634855e+02
27.041279711600	5.7762843947489e+02
27.071258957400	5.7826071446042e+02
27.101238203200	5.7854993858171e+02
27.131217449000	5.7849586265479e+02
27.161196694800	5.7809848049301e+02
27.191175940600	5.7735802816326e+02
27.221155186400	5.7627498304190e+02
27.251134432200	5.7485006267202e+02
27.281113678000	5.7308422342371e+02
27.311092923800	5.7097865895947e+02
27.341072169600	5.6853479850666e+02
27.371051415400	5.6575430493944e+02
27.401030661200	5.6263907267252e+02
27.431009907000	5.5919122536949e+02
27.460989152800	5.5541311346825e+02
27.490968398600	5.5130731152677e+02
27.520947644400	5.4687661539197e+02
27.550926890200	5.4212403919513e+02
27.580906136000	5.3705281217715e+02
27.610885381800	5.3166637534716e+02
27.640864627600	5.2596837797811e+02
27.670843873400	5.1996267394319e+02
27.700823119200	5.1365331789701e+02
27.730802365000	5.0704456130541e+02
27.760781610800	5.0014084832834e+02
27.790760856600	4.9294681155986e+02
27.820740102400	4.8546726762977e+02
27.850719348200	4.7770721267136e+02
27.880698594000	4.6967181765989e+02
27.910677839800	4.6136642362652e+02
27.940657085600	4.5279653675239e+02
27.970636331400	4.4396782334800e+02
28.000615577200	4.3488610472256e+02
28.030594823000	4.2555735194861e+02
28.060574068800	4.1598768052691e+02
28.090553314600	4.0618334495690e+02
28.120532560400	3.9615073321789e+02
28.150511806200	3.8589636116646e+02
28.180491052000	3.7542686685534e+02
28.210470297800	3.6474900477920e+02
28.240449543600	3.5386964005294e+02
28.270428789400	3.4279574252792e+02
28.300408035200	3.3153438085163e+02
28.330387281000	3.2009271647653e+02
28.360366526800	3.0847799762353e+02
28.390345772600	2.9669755320579e+02
28.420325018400	2.8475878671846e+02
28.450304264200	2.7266917010003e+02
28.480283510000	2.6043623757085e+02
28.510262755800	2.4806757945456e+02
28.540242001600	2.3557083598798e+02
28.570221247400	2.2295369112517e+02
28.600200493200	2.1022386634106e+02
28.630179739000	1.9738911444050e+02
28.660158984800	1.8445721337800e+02
28.690138230600	1.7143596009385e+02
28.720117476400	1.5833316437199e+02
28.750096722200	1.4515664272508e+02
28.780075968000	1.3191421231216e+02
28.810055213800	1.1861368489411e+02
28.840034459600	1.0526286083237e+02
28.870013705400	9.1869523135831e+01
28.899992951200	7.8441431561315e+01
28.929972197000	6.4986316772428e+01
28.959951442800	5.1511874561928e+01
28.989930688600	3.8025760142417e+01
29.019909934400	2.4535582510170e+01
29.049889180200	1.1048898886811e+01
29.079868426000	-2.4267907565583e+00
29.109847671800	-1.5884049088259e+01
29.139826917600	-2.9315506713563e+01
29.169806163400	-4.2713867376544e+01
29.199785409200	-5.6071913062059e+01
29.229764655000	-6.9382508993792e+01
29.259743900800	-8.2638608524392e+01
29.289723146600	-9.5833257913875e+01
29.319702392400	-1.0895960099258e+02
29.349681638200	-1.2201088370506e+02
29.379660884000	-1.3498045853155e+02
29.409640129800	-1.4786178878353e+02
29.439619375600	-1.6064845277036e+02
29.469598621400	-1.7333414783385e+02
29.499577867200	-1.8591269424783e+02
29.529557113000	-1.9837803898006e+02
29.559536358800	-2.1072425931379e+02
29.589515604600	-2.2294556632645e+02
29.619494850400	-2.3503630822329e+02
29.649474096200	-2.4699097352360e+02
29.679453342000	-2.5880419409771e+02
29.709432587800	-2.7047074805271e+02
29.739411833600	-2.8198556246527e+02
29.769391079400	-2.9334371595995e+02
29.799370325200	-3.0454044113171e+02
29.829349571000	-3.1557112681118e+02
29.859328816800	-3.2643132017179e+02
29.889308062600	-3.3711672867772e+02
29.919287308400	-3.4762322187189e+02
29.949266554200	-3.5794683300346e+02
29.979245800000	-3.6808376049429e+02
30.009225045800	-3.7803036924413e+02
30.039204291600	-3.8778319177435e+02
30.069183537400	-3.9733892921019e+02
30.099162783200	-4.0669445210190e+02
30.129142029000	-4.1584680108474e+02
30.159121274800	-4.2479318737873e+02
30.189100520600	-4.3353099312847e+02
30.219079766400	-4.4205777158395e+02
30.249059012200	-4.5037124712327e+02
30.279038258000	-4.5846931511841e+02
30.309017503800	-4.6635004164514e+02
30.338996749600	-4.7401166303863e+02
30.368975995400	-4.8145258529612e+02
30.398955241200	-4.8867138332846e+02
30.428934487000	-4.9566680006222e+02
30.458913732800	-5.0243774539436e+02
30.488892978600	-5.0898329500151e+02
30.518872224400	-5.1530268900614e+02
30.548851470200	-5.2139533050186e+02
30.578830716000	-5.2726078394036e+02
30.608809961800	-5.3289877338264e+02
30.638789207600	-5.3830918061710e+02
30.668768453400	-5.4349204314748e+02
30.698747699200	-5.4844755205344e+02
30.728726945000	-5.5317604972697e+02
30.758706190800	-5.5767802748766e+02
30.788685436600	-5.6195412308019e+02
30.818664682400	-5.6600511805740e+02
30.848643928200	-5.6983193505224e+02
30.878623174000	-5.7343563494245e+02
30.908602419800	-5.7681741391132e+02
30.938581665600	-5.7997860040842e+02
30.968560911400	-5.8292065201402e+02
30.998540157200	-5.8564515221118e+02
31.028519403000	-5.8815380706937e+02
31.058498648800	-5.9044844184363e+02
31.088477894600	-5.9253099749353e+02
31.118457140400	-5.9440352712579e+02
31.148436386200	-5.9606819236501e+02
31.178415632000	-5.9752725965670e+02
31.208394877800	-5.9878309650673e+02
31.238374123600	-5.9983816766184e+02
31.268353369400	-6.0069503123533e+02
31.298332615200	-6.0135633478245e+02
31.328311861000	-6.0182481132994e+02
31.358291106800	-6.0210327536408e+02
31.388270352600	-6.0219461878189e+02
31.418249598400	-6.0210180680981e+02
31.448228844200	-6.0182787389441e+02
31.478208090000	-6.0137591956975e+02
31.508187335800	-6.0074910430567e+02
31.538166581600	-5.9995064534179e+02
31.568145827400	-5.9898381251142e+02
31.598125073200	-5.9785192406017e+02
31.628104319000	-5.9655834246340e+02
31.658083564800	-5.9510647024726e+02
31.688062810600	-5.9349974581749e+02
31.718042056400	-5.9174163930052e+02
31.748021302200	-5.8983564840114e+02
31.778000548000	-5.8778529428113e+02
31.807979793800	-5.8559411746292e+02
31.837959039600	-5.8326567376283e+02
31.867938285400	-5.8080353025771e+02
31.897917531200	-5.7821126128931e+02
31.927896777000	-5.7549244451036e+02
31.957876022800	-5.7265065697635e+02
31.987855268600	-5.6968947128690e+02
32.017834514400	-5.6661245178063e+02
32.047813760200	-5.6342315078726e+02
32.077793006000	-5.6012510494060e+02
32.107772251800	-5.5672183155612e+02
32.137751497600	-5.5321682507656e+02
32.167730743400	-5.4961355358904e+02
32.197709989200	-5.4591545541705e+02
32.227689235000	-5.4212593579040e+02
32.257668480800	-5.3824836359659e+02
32.287647726600	-5.3428606821631e+02
32.317626972400	-5.3024233644622e+02
32.347606218200	-5.2612040951185e+02
32.377585464000	-5.2192348017316e+02
32.407564709800	-5.1765468992567e+02
32.437543955600	-5.1331712629936e+02
32.467523201400	-5.0891382025792e+02
32.497502447200	-5.0444774370058e+02
32.527481693000	-4.9992180706865e+02
32.557460938800	-4.9533885705870e+02
32.587440184600	-4.9070167444451e+02
32.617419430400	-4.8601297200935e+02
32.647398676200	-4.8127539259029e+02
32.677377922000	-4.7649150723617e+02
32.707357167800	-4.7166381348046e+02
32.737336413600	-4.6679473373041e+02
32.767315659400	-4.6188661377351e+02
32.797294905200	-4.5694172140233e+02
32.827274151000	-4.5196224515856e+02
32.857253396800	-4.4695029319703e+02
32.887232642600	-4.4190789227025e+02
32.917211888400	-4.3683698683395e+02
32.947191134200	-4.3173943827402e+02
32.977170380000	-4.2661702425494e+02
33.007149625800	-4.2147143818979e+02
33.037128871600	-4.1630428883187e+02
33.067108117400	-4.1111709998754e+02
33.097087363200	-4.0591131035015e+02
33.127066609000	-4.0068827345443e+02
33.157045854800	-3.9544925775082e+02
33.187025100600	-3.9019544679901e+02
33.217004346400	-3.8492793957980e+02
33.246983592200	-3.7964775092432e+02
33.276962838000	-3.7435581205951e+02
33.306942083800	-3.6905297126858e+02
33.336921329600	-3.6373999466520e+02
33.366900575400	-3.5841756707972e+02
33.396879821200	-3.5308629305615e+02
33.426859067000	-3.4774669795783e+02
33.456838312800	-3.4239922918029e+02
33.486817558600	-3.3704425746903e+02
33.516796804400	-3.3168207834049e+02
33.546776050200	-3.2631291360381e+02
33.576755296000	-3.2093691298118e+02
33.606734541800	-3.1555415582446e+02
33.636713787600	-3.1016465292556e+02
33.666693033400	-3.0476834841795e+02
33.696672279200	-2.9936512176679e+02
33.726651525000	-2.9395478984474e+02
33.756630770800	-2.8853710909074e+02
33.786610016600	-2.8311177774877e+02
33.816589262400	-2.7767843818359e+02
33.846568508200	-2.7223667927036e+02
33.876547754000	-2.6678603885505e+02
33.906526999800	-2.6132600628219e+02
33.936506245600	-2.5585602498696e+02
33.966485491400	-2.5037549514798e+02
33.996464737200	-2.4488377639753e+02
34.026443983000	-2.3938019058556e+02
34.056423228800	-2.3386402459422e+02
34.086402474600	-2.2833453319890e+02
34.116381720400	-2.2279094197259e+02
34.146360966200	-2.1723245022954e+02
34.176340212000	-2.1165823400462e+02
34.206319457800	-2.0606744906476e+02
34.236298703600	-2.0045923394836e+02
34.266277949400	-1.9483271302927e+02
34.296257195200	-1.8918699960110e+02
34.326236441000	-1.8352119897838e+02
34.356215686800	-1.7783441161042e+02
34.386194932600	-1.7212573620415e+02
34.416174178400	-1.6639427285203e+02
34.446153424200	-1.6063912616113e+02
34.476132670000	-1.5485940837956e+02
34.506111915800	-1.4905424251625e+02
34.536091161600	-1.4322276545039e+02
34.566070407400	-1.3736413102656e+02
34.596049653200	-1.3147751313177e+02
34.626028899000	-1.2556210875063e+02
34.656008144800	-1.1961714099476e+02
34.685987390600	-1.1364186210291e+02
34.715966636400	-1.0763555640782e+02
34.745945882200	-1.0159754326637e+02
34.775925128000	-9.5527179949220e+01
34.805904373800	-8.9423864486476e+01
34.835883619600	-8.3287038465794e+01
34.865862865400	-7.7116189779437e+01
34.895842111200	-7.0910855316876e+01
34.925821357000	-6.4670623599569e+01
34.955800602800	-5.8395137354619e+01
34.985779848600	-5.2084096024073e+01
35.015759094400	-4.5737258206714e+01
35.045738340200	-3.9354444029246e+01
35.075717586000	-3.2935537443872e+01
35.105696831800	-2.6480488449329e+01
35.135676077600	-1.9989315232547e+01
35.165655323400	-1.3462106228154e+01
35.195634569200	-6.8990220931806e+00
35.225613815000	-3.0029759436745e-01
35.255593060800	6.3337565943998e+00
35.285572306600	1.3002752186911e+01
35.315551552400	1.9706221673998e+01
35.345530798200	2.6443616809629e+01
35.375510044000	3.3214307195814e+01
35.405489289800	4.0017578968285e+01
35.435468535600	4.6852633584830e+01
35.465447781400	5.3718586718026e+01
35.495427027200	6.0614467254012e+01
35.525406273000	6.7539216398840e+01
35.555385518800	7.4491686893810e+01
35.585364764600	8.1470642341082e+01
35.615344010400	8.8474756640757e+01
35.645323256200	9.5502613540474e+01
35.675302502000	1.0255270629846e+02
35.705281747800	1.0962343746087e+02
35.735260993600	1.1671311875406e+02
35.765240239400	1.2381997109247e+02
35.795219485200	1.3094212470242e+02
35.825198731000	1.3807761936225e+02
35.855177976800	1.4522440475900e+02
35.885157222600	1.5238034096166e+02
35.915136468400	1.5954319901090e+02
35.945115714200	1.6671066162529e+02
35.975094960000	1.7388032402345e+02
36.005074205800	1.8104969486193e+02
36.035053451600	1.8821619728815e+02
36.065032697400	1.9537717010777e+02
36.095011943200	2.0252986906569e+02
36.124991189000	2.0967146823975e+02
36.154970434800	2.1679906154614e+02
36.184949680600	2.2390966435532e+02
36.214928926400	2.3100021521714e+02
36.244908172200	2.3806757769391e+02
36.274887418000	2.4510854229972e+02
36.304866663800	2.5211982854453e+02
36.334845909600	2.5909808708127e+02
36.364825155400	2.6603990195399e+02
36.394804401200	2.7294179294530e+02
36.424783647000	2.7980021802081e+02
36.454762892800	2.8661157586862e+02
36.484742138600	2.9337220853139e+02
36.514721384400	3.0007840412878e+02
36.544700630200	3.0672639966760e+02
36.574679876000	3.1331238393735e+02
36.604659121800	3.1983250048821e+02
36.634638367600	3.2628285068892e+02
36.664617613400	3.3265949686166e+02
36.694596859200	3.3895846549091e+02
36.724576105000	3.4517575050343e+02
36.754555350800	3.5130731661610e+02
36.784534596600	3.5734910274864e+02
36.814513842400	3.6329702549773e+02
36.844493088200	3.6914698266948e+02
36.874472334000	3.7489485686666e+02
36.904451579800	3.8053651912732e+02
36.934430825600	3.8606783261135e+02
36.964410071400	3.9148465633133e+02
36.994389317200	3.9678284892411e+02
37.024368563000	4.0195827245940e+02
37.054347808800	4.0700679628176e+02
37.084327054600	4.1192430088210e+02
37.114306300400	4.1670668179504e+02
37.144285546200	4.2134985351817e+02
37.174264792000	4.2584975344949e+02
37.204244037800	4.3020234583896e+02
37.234223283600	4.3440362575047e+02
37.264202529400	4.3844962303011e+02
37.294181775200	4.4233640627692e+02
37.324161021000	4.4606008681211e+02
37.354140266800	4.4961682264271e+02
37.384119512600	4.5300282241593e+02
37.414098758400	4.5621434935991e+02
37.444078004200	4.5924772520719e+02
37.474057250000	4.6209933409676e+02
37.504036495800	4.6476562645090e+02
37.534015741600	4.6724312282262e+02
37.563994987400	4.6952841771018e+02
37.593974233200	4.7161818333436e+02
37.623953479000	4.7350917337495e+02
37.653932724800	4.7519822666250e+02
37.683911970600	4.7668227082153e+02
37.713891216400	4.7795832586142e+02
37.743870462200	4.7902350771137e+02
37.773849708000	4.7987503169560e+02
37.803828953800	4.8051021594536e+02
37.833808199600	4.8092648474396e+02
37.863787445400	4.8112137180152e+02
37.893766691200	4.8109252345580e+02
37.923745937000	4.8083770179595e+02
37.953725182800	4.8035478770552e+02
37.983704428600	4.7964178382186e+02
38.013683674400	4.7869681740846e+02
38.043662920200	4.7751814313720e+02
38.073642166000	4.7610414577753e+02
38.103621411800	4.7445334278964e+02
38.133600657600	4.7256438681861e+02
38.163579903400	4.7043606808707e+02
38.193559149200	4.6806731668334e+02
38.223538395000	4.6545720474276e+02
38.253517640800	4.6260494851956e+02
38.283496886600	4.5950991034694e+02
38.313476132400	4.5617160048303e+02
38.343455378200	4.5258967884060e+02
38.373434624000	4.4876395659839e+02
38.403413869800	4.4469439769215e+02
38.433393115600	4.4038112018344e+02
38.463372361400	4.3582439750452e+02
38.493351607200	4.3102465957763e+02
38.523330853000	4.2598249380723e+02
38.553310098800	4.2069864594361e+02
38.583289344600	4.1517402081687e+02
38.613268590400	4.0940968293975e+02
38.643247836200	4.0340685697859e+02
38.673227082000	3.9716692809122e+02
38.703206327800	3.9069144213122e+02
38.733185573600	3.8398210571765e+02
38.763164819400	3.7704078616982e+02
38.793144065200	3.6986951130662e+02
38.823123311000	3.6247046911015e+02
38.853102556800	3.5484600725340e+02
38.883081802600	3.4699863249195e+02
38.913061048400	3.3893100991976e+02
38.943040294200	3.3064596208926e+02
38.973019540000	3.2214646799607e+02
39.002998785800	3.1343566192871e+02
39.032978031600	3.0451683218396e+02
39.062957277400	2.9539341964857e+02
39.092936523200	2.8606901624809e+02
39.122915769000	2.7654736326373e+02
39.152895014800	2.6683234951847e+02
39.182874260600	2.5692800943342e+02
39.212853506400	2.4683852095588e+02
39.242832752200	2.3656820336044e+02
39.272811998000	2.2612151492475e+02
39.302791243800	2.1550305048153e+02
39.332770489600	2.0471753884868e+02
39.362749735400	1.9376984013933e+02
39.392728981200	1.8266494295387e+02
39.422708227000	1.7140796145607e+02
39.452687472800	1.6000413233549e+02
39.482666718600	1.4845881165858e+02
39.512645964400	1.3677747161074e+02
39.542625210200	1.2496569713216e+02
39.572604456000	1.1302918244976e+02
39.602583701800	1.0097372750821e+02
39.632562947600	8.8805234302749e+01
39.662542193400	7.6529703116677e+01
39.692521439200	6.4153228666708e+01
39.722500685000	5.1681996159085e+01
39.752479930800	3.9122277259768e+01
39.782459176600	2.6480425981901e+01
39.812438422400	1.3762874493931e+01
39.842417668200	9.7612885176868e-01
39.872396914000	-1.1873235341496e+01
39.902376159800	-2.4778577344780e+01
39.932355405600	-3.7733195753467e+01
39.962334651400	-5.0730333035458e+01
39.992313897200	-6.3763180125062e+01
40.022293143000	-7.6824881070937e+01
40.052272388800	-8.9908537734217e+01
40.082251634600	-1.0300721453294e+02
40.112230880400	-1.1611394322883e+02
40.142210126200	-1.2922172775242e+02
40.172189372000	-1.4232354906254e+02
40.202168617800	-1.5541237003607e+02
40.232147863600	-1.6848114038392e+02
40.262127109400	-1.8152280158906e+02
40.292106355200	-1.9453029186248e+02
40.322085601000	-2.0749655111303e+02
40.352064846800	-2.2041452592679e+02
40.382044092600	-2.3327717455192e+02
40.412023338400	-2.4607747188478e+02
40.442002584200	-2.5880841445307e+02
40.471981830000	-2.7146302539191e+02
40.501961075800	-2.8403435940853e+02
40.531940321600	-2.9651550773150e+02
40.561919567400	-3.0889960304035e+02
40.591898813200	-3.2117982437126e+02
40.621878059000	-3.3334940199491e+02
40.651857304800	-3.4540162226222e+02
40.681836550600	-3.5732983241401e+02
40.711815796400	-3.6912744535039e+02
40.741795042200	-3.8078794435598e+02
40.771774288000	-3.9230488777702e+02
40.801753533800	-4.0367191364620e+02
40.831732779600	-4.1488274425164e+02
40.861712025400	-4.2593119064587e+02
40.891691271200	-4.3681115709127e+02
40.921670517000	-4.4751664543803e+02
40.951649762800	-4.5804175943109e+02
40.981629008600	-4.6838070894241e+02
41.011608254400	-4.7852781412494e+02
41.041587500200	-4.8847750948496e+02
41.071566746000	-4.9822434786921e+02
41.101545991800	-5.0776300436361e+02
41.131525237600	-5.1708828010026e+02
41.161504483400	-5.2619510596953e+02
41.191483729200	-5.3507854623412e+02
41.221462975000	-5.4373380204222e+02
41.251442220800	-5.5215621483666e+02
41.281421466600	-5.6034126965739e+02
41.311400712400	-5.6828459833441e+02
41.341379958200	-5.7598198256863e+02
41.371359204000	-5.8342935689814e+02
41.401338449800	-5.9062281154726e+02
41.431317695600	-5.9755859515628e+02
41.461296941400	-6.0423311738950e+02
41.491276187200	-6.1064295141953e+02
41.521255433000	-6.1678483628578e+02
41.551234678800	-6.2265567912528e+02
41.581213924600	-6.2825255727400e+02
41.611193170400	-6.3357272023706e+02
41.641172416200	-6.3861359152622e+02
41.671151662000	-6.4337277036314e+02
41.701130907800	-6.4784803324727e+02
41.731110153600	-6.5203733538694e+02
41.761089399400	-6.5593881199277e+02
41.791068645200	-6.5955077943221e+02
41.821047891000	-6.6287173624458e+02
41.851027136800	-6.6590036401577e+02
41.881006382600	-6.6863552811196e+02
41.910985628400	-6.7107627827198e+02
41.940964874200	-6.7322184905792e+02
41.970944120000	-6.7507166016369e+02
42.000923365800	-6.7662531658154e+02
42.030902611600	-6.7788260862644e+02
42.060881857400	-6.7884351181851e+02
42.090861103200	-6.7950818662378e+02
42.120840349000	-6.7987697805360e+02
42.150819594800	-6.7995041512329e+02
42.180798840600	-6.7972921017054e+02
42.210778086400	-6.7921425803442e+02
42.240757332200	-6.7840663509582e+02
42.270736578000	-6.7730759818026e+02
42.300715823800	-6.7591858332426e+02
42.330695069600	-6.7424120440641e+02
42.360674315400	-6.7227725164456e+02
42.390653561200	-6.7002868996048e+02
42.420632807000	-6.6749765721360e+02
42.450612052800	-6.6468646230556e+02
42.480591298600	-6.6159758315725e+02
42.510570544400	-6.5823366456027e+02
42.540549790200	-6.5459751590485e+02
42.570529036000	-6.5069210878628e+02
42.600508281800	-6.4652057449203e+02
42.630487527600	-6.4208620137193e+02
42.660466773400	-6.3739243209379e+02
42.690446019200	-6.3244286078687e+02
42.720425265000	-6.2724123007590e+02
42.750404510800	-6.2179142800830e+02
42.780383756600	-6.1609748487727e+02
42.810363002400	-6.1016356994371e+02
42.840342248200	-6.0399398805991e+02
42.870321494000	-5.9759317619786e+02
42.900300739800	-5.9096569988548e+02
42.930279985600	-5.8411624955380e+02
42.960259231400	-5.7704963679828e+02
42.990238477200	-5.6977079055781e+02
43.020217723000	-5.6228475321436e+02
43.050196968800	-5.5459667661712e+02
43.080176214600	-5.4671181803435e+02
43.110155460400	-5.3863553603651e+02
43.140134706200	-5.3037328631436e+02
43.170113952000	-5.2193061743561e+02
43.200093197800	-5.1331316654375e+02
43.230072443600	-5.0452665500292e+02
43.260051689400	-4.9557688399242e+02
43.290030935200	-4.8646973005478e+02
43.320010181000	-4.7721114060119e+02
43.349989426800	-4.6780712937810e+02
43.379968672600	-4.5826377189897e+02
43.409947918400	-4.4858720084490e+02
43.439927164200	-4.3878360143827e+02
43.469906410000	-4.2885920679320e+02
43.499885655800	-4.1882029324669e+02
43.529864901600	-4.0867317567467e+02
43.559844147400	-3.9842420279652e+02
43.589823393200	-3.8807975247242e+02
43.619802639000	-3.7764622699708e+02
43.649781884800	-3.6713004839415e+02
43.679761130600	-3.5653765371496e+02
43.709740376400	-3.4587549034563e+02
43.739719622200	-3.3515001132644e+02
43.769698868000	-3.2436767068731e+02
43.799678113800	-3.1353491880319e+02
43.829657359600	-3.0265819777327e+02
43.859636605400	-2.9174393682773e+02
43.889615851200	-2.8079854776577e+02
43.919595097000	-2.6982842042868e+02
43.949574342800	-2.5883991821154e+02
43.979553588600	-2.4783937361729e+02
44.009532834400	-2.3683308385661e+02
44.039512080200	-2.2582730649722e+02
44.069491326000	-2.1482825516603e+02
44.099470571800	-2.0384209530755e+02
44.129449817600	-1.9287494000195e+02
44.159429063400	-1.8193284584597e+02
44.189408309200	-1.7102180889999e+02
44.219387555000	-1.6014776070434e+02
44.249366800800	-1.4931656436798e+02
44.279346046600	-1.3853401073250e+02
44.309325292400	-1.2780581461443e+02
44.339304538200	-1.1713761112861e+02
44.369283784000	-1.0653495209555e+02
44.399263029800	-9.6003302535199e+01
44.429242275600	-8.5548037250065e+01
44.459221521400	-7.5174437499842e+01
44.489200767200	-6.4887687770217e+01
44.519180013000	-5.4692872638045e+01
44.549159258800	-4.4594973735183e+01
44.579138504600	-3.4598866813079e+01
44.609117750400	-2.4709318910190e+01
44.639096996200	-1.4930985624130e+01
44.669076242000	-5.2684084904143e+00
44.699055487800	4.2739875304839e+00
44.729034733600	1.3691896456123e+01
44.759013979400	2.2981133573604e+01
44.788993225200	3.2137637618185e+01
44.818972471000	4.1157472837673e+01
44.848951716800	5.0036830941398e+01
44.878930962600	5.8772032932661e+01
44.908910208400	6.7359530823664e+01
44.938889454200	7.5795909232045e+01
44.968868700000	8.4077886858243e+01
44.998847945800	9.2202317843030e+01
45.028827191600	1.0016619300466e+02
45.058806437400	1.0796664095518e+02
45.088785683200	1.1560092909561e+02
45.118764929000	1.2306646448974e+02
45.148744174800	1.3036079461639e+02
45.178723420600	1.3748160800030e+02
45.208702666400	1.4442673472148e+02
45.238681912200	1.5119414680357e+02
45.268661158000	1.5778195848123e+02
45.298640403800	1.6418842634725e+02
45.328619649600	1.7041194937972e+02
45.358598895400	1.7645106885003e+02
45.388578141200	1.8230446811246e+02
45.418557387000	1.8797097227610e+02
45.448536632800	1.9344954776022e+02
45.478515878600	1.9873930173403e+02
45.508495124400	2.0383948144205e+02
45.538474370200	2.0874947341638e+02
45.568453616000	2.1346880257711e+02
45.598432861800	2.1799713122252e+02
45.628412107600	2.2233425791043e+02
45.658391353400	2.2648011623248e+02
45.688370599200	2.3043477348295e+02
45.718349845000	2.3419842922414e+02
45.748329090800	2.3777141374996e+02
45.778308336600	2.4115418644992e+02
45.808287582400	2.4434733407556e+02
45.838266828200	2.4735156891142e+02
45.868246074000	2.5016772685277e+02
45.898225319800	2.5279676539259e+02
45.928204565600	2.5523976151987e+02
45.958183811400	2.5749790953204e+02
45.988163057200	2.5957251876373e+02
46.018142303000	2.6146501123469e+02
46.048121548800	2.6317691921936e+02
46.078100794600	2.6470988274086e+02
46.108080040400	2.6606564699223e+02
46.138059286200	2.6724605968759e+02
46.168038532000	2.6825306834622e+02
46.198017777800	2.6908871751242e+02
46.227997023600	2.6975514591419e+02
46.257976269400	2.7025458356356e+02
46.287955515200	2.7058934880190e+02
46.317934761000	2.7076184529296e+02
46.347914006800	2.7077455896710e+02
46.377893252600	2.7063005491954e+02
46.407872498400	2.7033097426608e+02
46.437851744200	2.6988003095928e+02
46.467830990000	2.6928000856847e+02
46.497810235800	2.6853375702670e+02
46.527789481600	2.6764418934802e+02
46.557768727400	2.6661427831821e+02
46.587747973200	2.6544705316238e+02
46.617727219000	2.6414559619261e+02
46.647706464800	2.6271303943893e+02
46.677685710600	2.6115256126699e+02
46.707664956400	2.5946738298560e+02
46.737644202200	2.5766076544744e+02
46.767623448000	2.5573600564628e+02
46.797602693800	2.5369643331380e+02
46.827581939600	2.5154540751939e+02
46.857561185400	2.4928631327603e+02
46.887540431200	2.4692255815547e+02
46.917519677000	2.4445756891593e+02
46.947498922800	2.4189478814536e+02
46.977478168600	2.3923767092339e+02
47.007457414400	2.3648968150506e+02
47.037436660200	2.3365429002937e+02
47.067415906000	2.3073496925558e+02
47.097395151800	2.2773519133025e+02
47.127374397600	2.2465842458795e+02
47.157353643400	2.2150813038836e+02
47.187332889200	2.1828775999281e+02
47.217312135000	2.1500075148271e+02
47.247291380800	2.1165052672283e+02
47.277270626600	2.0824048837189e+02
47.307249872400	2.0477401694311e+02
47.337229118200	2.0125446791726e+02
47.367208364000	1.9768516891060e+02
47.397187609800	1.9406941690009e+02
47.427166855600	1.9041047550827e+02
47.457146101400	1.8671157234998e+02
47.487125347200	1.8297589644310e+02
47.517104593000	1.7920659568539e+02
47.547083838800	1.7540677439956e+02
47.577063084600	1.7157949094831e+02
47.607042330400	1.6772775542147e+02
47.637021576200	1.6385452739673e+02
47.667000822000	1.5996271377589e+02
47.696980067800	1.5605516669819e+02
47.726959313600	1.5213468153211e+02
47.756938559400	1.4820399494730e+02
47.786917805200	1.4426578306789e+02
47.816897051000	1.4032265970837e+02
47.846876296800	1.3637717469342e+02
47.876855542600	1.3243181226261e+02
47.906834788400	1.2848898956098e+02
47.936814034200	1.2455105521659e+02
47.966793280000	1.2062028800559e+02
47.996772525800	1.1669889560574e+02
48.026751771600	1.1278901343892e+02
48.056731017400	1.0889270360321e+02
48.086710263200	1.0501195389495e+02
48.116689509000	1.0114867692114e+02
48.146668754800	9.7304709302474e+01
48.176648000600	9.3481810967167e+01
48.206627246400	8.9681664535586e+01
48.236606492200	8.5905874795768e+01
48.266585738000	8.2155968269635e+01
48.296564983800	7.8433392869753e+01
48.326544229600	7.4739517646311e+01
48.356523475400	7.1075632623962e+01
48.386502721200	6.7442948728043e+01
48.416481967000	6.3842597799608e+01
48.446461212800	6.0275632698634e+01
48.476440458600	5.6743027494670e+01
48.506419704400	5.3245677744087e+01
48.536398950200	4.9784400853044e+01
48.566378196000	4.6359936525171e+01
48.596357441800	4.2972947292901e+01
48.626336687600	3.9624019131291e+01
48.656315933400	3.6313662153115e+01
48.686295179200	3.3042311383907e+01
48.716274425000	2.9810327615575e+01
48.746253670800	2.6617998337131e+01
48.776232916600	2.3465538740991e+01
48.806212162400	2.0353092803262e+01
48.836191408200	1.7280734436326e+01
48.866170654000	1.4248468711996e+01
48.896149899800	1.1256233153434e+01
48.926129145600	8.3038990939664e+00
48.956108391400	5.3912731008707e+00
48.986087637200	2.5180984621482e+00
49.016066883000	-3.1594326575934e-01
49.046046128800	-3.1112306514050e+00
49.076025374600	-5.8682007250700e+00
49.106004620400	-8.5873472609920e+00
49.135983866200	-1.1269219007332e+01
49.165963112000	-1.3914417866168e+01
49.195942357800	-1.6523597025841e+01
49.225921603600	-1.9097459048032e+01
49.255900849400	-2.1636753911964e+01
49.285880095200	-2.4142277018175e+01
49.315859341000	-2.6614867154335e+01
49.345838586800	-2.9055404425607e+01
49.375817832600	-3.1464808152074e+01
49.405797078400	-3.3844034735788e+01
49.435776324200	-3.6194075500008e+01
49.465755570000	-3.8515954503225e+01
49.495734815800	-4.0810726330567e+01
49.525714061600	-4.3079473865208e+01
49.555693307400	-4.5323306042413e+01
49.585672553200	-4.7543355588847e+01
49.615651799000	-4.9740776749787e+01
49.645631044800	-5.1916743006889e+01
49.675610290600	-5.4072444789135e+01
49.705589536400	-5.6209087179612e+01
49.735568782200	-5.8327887620738e+01
49.765548028000	-6.0430073620574e+01
49.795527273800	-6.2516880462815e+01
49.825506519600	-6.4589548923063e+01
49.855485765400	-6.6649322993965e+01
49.885465011200	-6.8697447621762e+01
49.915444257000	-7.0735166456798e+01
49.945423502800	-7.2763719620491e+01
49.975402748600	-7.4784341491256e+01
50.005381994400	-7.6798258511833e+01
50.035361240200	-7.8806687020440e+01
50.065340486000	-8.0810831108141e+01
50.095319731800	-8.2811880504778e+01
50.125298977600	-8.4811008495781e+01
50.155278223400	-8.6809369872118e+01
50.185257469200	-8.8808098915623e+01
50.215236715000	-9.0808307421866e+01
50.245215960800	-9.2811082762709e+01
50.275195206600	-9.4817485990625e+01
50.305174452400	-9.6828549986805e+01
50.335153698200	-9.8845277655032e+01
50.365132944000	-1.0086864016324e+02
50.395112189800	-1.0289957523461e+02
50.425091435600	-1.0493898549003e+02
50.455070681400	-1.0698773684359e+02
50.485049927200	-1.0904665695294e+02
50.515029173000	-1.1111653372588e+02
50.545008418800	-1.1319811388494e+02
50.574987664600	-1.1529210159142e+02
50.604966910400	-1.1739915713008e+02
50.634946156200	-1.1951989565609e+02
50.664925402000	-1.2165488600533e+02
50.694904647800	-1.2380464956932e+02
50.724883893600	-1.2596965923586e+02
50.754863139400	-1.2815033839640e+02
50.784842385200	-1.3034706002122e+02
50.814821631000	-1.3256014580317e+02
50.844800876800	-1.3478986537089e+02
50.874780122600	-1.3703643557222e+02
50.904759368400	-1.3930001982841e+02
50.934738614200	-1.4158072755985e+02
50.964717860000	-1.4387861368359e+02
50.994697105800	-1.4619367818334e+02
51.024676351600	-1.4852586575211e+02
51.054655597400	-1.5087506550777e+02
51.084634843200	-1.5324111078181e+02
51.114614089000	-1.5562377898131e+02
51.144593334800	-1.5802279152416e+02
51.174572580600	-1.6043781384751e+02
51.204551826400	-1.6286845548924e+02
51.234531072200	-1.6531427024238e+02
51.264510318000	-1.6777475638191e+02
51.294489563800	-1.7024935696394e+02
51.324468809600	-1.7273746019643e+02
51.354448055400	-1.7523839988124e+02
51.384427301200	-1.7775145592670e+02
51.414406547000	-1.8027585493011e+02
51.444385792800	-1.8281077082934e+02
51.474365038600	-1.8535532562285e+02
51.504344284400	-1.8790859015702e+02
51.534323530200	-1.9046958497995e+02
51.564302776000	-1.9303728126071e+02
51.594282021800	-1.9561060177276e+02
51.624261267600	-1.9818842194050e+02
51.654240513400	-2.0076957094774e+02
51.684219759200	-2.0335283290655e+02
51.714199005000	-2.0593694808536e+02
51.744178250800	-2.0852061419469e+02
51.774157496600	-2.1110248772915e+02
51.804136742400	-2.1368118536395e+02
51.834115988200	-2.1625528540460e+02
51.864095234000	-2.1882332928774e+02
51.894074479800	-2.2138382313177e+02
51.924053725600	-2.2393523933515e+02
51.954032971400	-2.2647601822084e+02
51.984012217200	-2.2900456972472e+02
52.013991463000	-2.3151927512632e+02
52.043970708800	-2.3401848881972e+02
52.073949954600	-2.3650054012268e+02
52.103929200400	-2.3896373512194e+02
52.133908446200	-2.4140635855264e+02
52.163887692000	-2.4382667570962e+02
52.193866937800	-2.4622293438868e+02
52.223846183600	-2.4859336685528e+02
52.253825429400	-2.5093619183886e+02
52.283804675200	-2.5324961655018e+02
52.313783921000	-2.5553183871970e+02
52.343763166800	-2.5778104865452e+02
52.373742412600	-2.5999543131173e+02
52.403721658400	-2.6217316838577e+02
52.433700904200	-2.6431244040744e+02
52.463680150000	-2.6641142885239e+02
52.493659395800	-2.6846831825649e+02
52.523638641600	-2.7048129833597e+02
52.553617887400	-2.7244856610982e+02
52.583597133200	-2.7436832802211e+02
52.613576379000	-2.7623880206197e+02
52.643555624800	-2.7805821987871e+02
52.673534870600	-2.7982482888991e+02
52.703514116400	-2.8153689438003e+02
52.733493362200	-2.8319270158722e+02
52.763472608000	-2.8479055777605e+02
52.793451853800	-2.8632879429388e+02
52.823431099600	-2.8780576860851e+02
52.853410345400	-2.8921986632489e+02
52.883389591200	-2.9056950317878e+02
52.913368837000	-2.9185312700486e+02
52.943348082800	-2.9306921967741e+02
52.973327328600	-2.9421629902123e+02
53.003306574400	-2.9529292069070e+02
53.033285820200	-2.9629768001500e+02
53.063265066000	-2.9722921380727e+02
53.093244311800	-2.9808620213581e+02
53.123223557600	-2.9886737005537e+02
53.153202803400	-2.9957148929653e+02
53.183182049200	-3.0019737991125e+02
53.213161295000	-3.0074391187296e+02
53.243140540800	-3.0121000662907e+02
53.273119786600	-3.0159463860454e+02
53.303099032400	-3.0189683665447e+02
53.333078278200	-3.0211568546435e+02
53.363057524000	-3.0225032689623e+02
53.393036769800	-3.0229996127930e+02
53.423016015600	-3.0226384864358e+02
53.452995261400	-3.0214130989505e+02
53.482974507200	-3.0193172793115e+02
53.512953753000	-3.0163454869515e+02
53.542932998800	-3.0124928216836e+02
53.572912244600	-3.0077550329885e+02
53.602891490400	-3.0021285286578e+02
53.632870736200	-2.9956103827821e+02
53.662849982000	-2.9881983430744e+02
53.692829227800	-2.9798908375207e+02
53.722808473600	-2.9706869803497e+02
53.752787719400	-2.9605865773131e+02
53.782766965200	-2.9495901302715e+02
53.812746211000	-2.9376988410792e+02
53.842725456800	-2.9249146147621e+02
53.872704702600	-2.9112400619856e+02
53.902683948400	-2.8966785008080e+02
53.932663194200	-2.8812339577163e+02
53.962642440000	-2.8649111679429e+02
53.992621685800	-2.8477155750607e+02
54.022600931600	-2.8296533298574e+02
54.052580177400	-2.8107312884873e+02
54.082559423200	-2.7909570099028e+02
54.112538669000	-2.7703387525666e+02
54.142517914800	-2.7488854704466e+02
54.172497160600	-2.7266068082970e+02
54.202476406400	-2.7035130962297e+02
54.232455652200	-2.6796153435788e+02
54.262434898000	-2.6549252320665e+02
54.292414143800	-2.6294551082727e+02
54.322393389600	-2.6032179754183e+02
54.352372635400	-2.5762274844677e+02
54.382351881200	-2.5484979245588e+02
54.412331127000	-2.5200442127699e+02
54.442310372800	-2.4908818832329e+02
54.472289618600	-2.4610270756029e+02
54.502268864400	-2.4304965228940e+02
54.532248110200	-2.3993075386951e+02
54.562227356000	-2.3674780037757e+02
54.592206601800	-2.3350263520955e+02
54.622185847600	-2.3019715562310e+02
54.652165093400	-2.2683331122332e+02
54.682144339200	-2.2341310239310e+02
54.712123585000	-2.1993857866948e+02
54.742102830800	-2.1641183706778e+02
54.772082076600	-2.1283502035487e+02
54.802061322400	-2.0921031527351e+02
54.832040568200	-2.0553995071935e+02
54.862019814000	-2.0182619587235e+02
54.891999059800	-1.9807135828464e+02
54.921978305600	-1.9427778192636e+02
54.951957551400	-1.9044784519181e+02
54.981936797200	-1.8658395886747e+02
55.011916043000	-1.8268856406418e+02
55.041895288800	-1.7876413011538e+02
55.071874534600	-1.7481315244354e+02
55.101853780400	-1.7083815039676e+02
55.131833026200	-1.6684166505792e+02
55.161812272000	-1.6282625702830e+02
55.191791517800	-1.5879450418798e+02
55.221770763600	-1.5474899943528e+02
55.251750009400	-1.5069234840733e+02
55.281729255200	-1.4662716718424e+02
55.311708501000	-1.4255607997892e+02
55.341687746800	-1.3848171681505e+02
55.371666992600	-1.3440671119537e+02
55.401646238400	-1.3033369776267e+02
55.431625484200	-1.2626530995579e+02
55.461604730000	-1.2220417766298e+02
55.491583975800	-1.1815292487493e+02
55.521563221600	-1.1411416733983e+02
55.551542467400	-1.1009051022282e+02
55.581521713200	-1.0608454577210e+02
55.611500959000	-1.0209885099410e+02
55.641480204800	-9.8135985339968e+01
55.671459450600	-9.4198488405796e+01
55.701438696400	-9.0288877648712e+01
55.731417942200	-8.6409646121301e+01
55.761397188000	-8.2563260226501e+01
55.791376433800	-7.8752157495281e+01
55.821355679600	-7.4978744389304e+01
55.851334925400	-7.1245394130787e+01
55.881314171200	-6.7554444561731e+01
55.911293417000	-6.3908196034672e+01
55.941272662800	-6.0308909337063e+01
55.971251908600	-5.6758803651387e+01
56.001231154400	-5.3260054553033e+01
56.031210400200	-4.9814792047967e+01
56.061189646000	-4.6425098652151e+01
56.091168891800	-4.3093007514674e+01
56.121148137600	-3.9820500586451e+01
56.151127383400	-3.6609506836370e+01
56.181106629200	-3.3461900516662e+01
56.211085875000	-3.0379499479261e+01
56.241065120800	-2.7364063544848e+01
56.271044366600	-2.4417292926237e+01
56.301023612400	-2.1540826707688e+01
56.331002858200	-1.8736241381704e+01
56.360982104000	-1.6005049444783e+01
56.390961349800	-1.3348698053558e+01
56.420940595600	-1.0768567742700e+01
56.450919841400	-8.2659712058780e+00
56.480899087200	-5.8421521410253e+00
56.510878333000	-3.4982841611028e+00
56.540857578800	-1.2354697714611e+00
56.570836824600	9.4526058513723e-01
56.600816070400	3.0429494148543e+00
56.630795316200	5.0567129895555e+00
56.660774562000	6.9857420931829e+00
56.690753807800	8.8293026969429e+00
56.720733053600	1.0586736562603e+01
56.750712299400	1.2257461773258e+01
56.780691545200	1.3840973191003e+01
56.810670791000	1.5336842841016e+01
56.840650036800	1.6744720221632e+01
56.870629282600	1.8064332540068e+01
56.900608528400	1.9295484873505e+01
56.930587774200	2.0438060255356e+01
56.960567020000	2.1492019686570e+01
56.990546265800	2.2457402071925e+01
57.020525511600	2.3334324081348e+01
57.050504757400	2.4122979936336e+01
57.080484003200	2.4823641121664e+01
57.110463249000	2.5436656022619e+01
57.140442494800	2.5962449488079e+01
57.170421740600	2.6401522319831e+01
57.200400986400	2.6754450688587e+01
57.230380232200	2.7021885477239e+01
57.260359478000	2.7204551551967e+01
57.290338723800	2.7303246961873e+01
57.320317969600	2.7318842067890e+01
57.350297215400	2.7252278601804e+01
57.380276461200	2.7104568656259e+01
57.410255707000	2.6876793606723e+01
57.440234952800	2.6570102966425e+01
57.470214198600	2.6185713175367e+01
57.500193444400	2.5724906324570e+01
57.530172690200	2.5189028816767e+01
57.560151936000	2.4579489964843e+01
57.590131181800	2.3897760529352e+01
57.620110427600	2.3145371196535e+01
57.650089673400	2.2323910998299e+01
57.680068919200	2.1435025675681e+01
57.710048165000	2.0480415987377e+01
57.740027410800	1.9461835964979e+01
57.770006656600	1.8381091116596e+01
57.799985902400	1.7240036580612e+01
57.829965148200	1.6040575231359e+01
57.859944394000	1.4784655738549e+01
57.889923639800	1.3474270582345e+01
57.919902885600	1.2111454026004e+01
57.949882131400	1.0698280048050e+01
57.979861377200	9.2368602360023e+00
58.009840623000	7.7293416436953e+00
58.039819868800	6.1779046142812e+00
58.069799114600	4.5847605710338e+00
58.099778360400	2.9521497781043e+00
58.129757606200	1.2823390734119e+00
58.159736852000	-4.2238042412178e-01
58.189716097800	-2.1596956307574e+00
58.219695343600	-3.9272738352836e+00
58.249674589400	-5.7227650552407e+00
58.279653835200	-7.5438044097249e+00
58.309633081000	-9.3880145064529e+00
58.339612326800	-1.1253007840756e+01
58.369591572600	-1.3136389204161e+01
58.399570818400	-1.5035758100200e+01
58.429550064200	-1.6948711165087e+01
58.459529310000	-1.8872844590898e+01
58.489508555800	-2.0805756548878e+01
58.519487801600	-2.2745049610503e+01
58.549467047400	-2.4688333163932e+01
58.579446293200	-2.6633225823470e+01
58.609425539000	-2.8577357829701e+01
58.639404784800	-3.0518373437914e+01
58.669384030600	-3.2453933292500e+01
58.699363276400	-3.4381716784979e+01
58.729342522200	-3.6299424393351e+01
58.759321768000	-3.8204780000468e+01
58.789301013800	-4.0095533189156e+01
58.819280259600	-4.1969461511828e+01
58.849259505400	-4.3824372732358e+01
58.879238751200	-4.5658107038019e+01
58.909217997000	-4.7468539219293e+01
58.939197242800	-4.9253580815430e+01
58.969176488600	-5.1011182223622e+01
58.999155734400	-5.2739334769731e+01
59.029134980200	-5.4436072738514e+01
59.059114226000	-5.6099475361364e+01
59.089093471800	-5.7727668759579e+01
59.119072717600	-5.9318827841271e+01
59.149051963400	-6.0871178150005e+01
59.179031209200	-6.2382997663376e+01
59.209010455000	-6.3852618539717e+01
59.238989700800	-6.5278428811219e+01
59.268968946600	-6.6658874021790e+01
59.298948192400	-6.7992458808011e+01
59.328927438200	-6.9277748421636e+01
59.358906684000	-7.0513370192111e+01
59.388885929800	-7.1698014927657e+01
59.418865175600	-7.2830438253523e+01
59.448844421400	-7.3909461886071e+01
59.478823667200	-7.4933974841411e+01
59.508802913000	-7.5902934577383e+01
59.538782158800	-7.6815368067740e+01
59.568761404600	-7.7670372807434e+01
59.598740650400	-7.8467117748007e+01
59.628719896200	-7.9204844162124e+01
59.658699142000	-7.9882866436387e+01
59.688678387800	-8.0500572791586e+01
59.718657633600	-8.1057425929689e+01
59.748636879400	-8.1552963606858e+01
59.778616125200	-8.1986799131922e+01
59.808595371000	-8.2358621789769e+01
59.838574616800	-8.2668197189200e+01
59.868553862600	-8.2915367534864e+01
59.898533108400	-8.3100051822972e+01
59.928512354200	-8.3222245960551e+01
59.958491600000	-8.3282022808066e+01
59.988470845800	-8.3279532145346e+01
60.018450091600	-8.3215000560782e+01
60.048429337400	-8.3088731263858e+01
60.078408583200	-8.2901103821168e+01
60.108387829000	-8.2652573816103e+01
60.138367074800	-8.2343672432508e+01
60.168346320600	-8.1975005962665e+01
60.198325566400	-8.1547255240012e+01
60.228304812200	-8.1061174997125e+01
60.258284058000	-8.0517593149524e+01
60.288263303800	-7.9917410005939e+01
60.318242549600	-7.9261597405774e+01
60.348221795400	-7.8551197784543e+01
60.378201041200	-7.7787323168125e+01
60.408180287000	-7.6971154096790e+01
60.438159532800	-7.6103938479962e+01
60.468138778600	-7.5186990382788e+01
60.498118024400	-7.4221688745653e+01
60.528097270200	-7.3209476037803e+01
60.558076516000	-7.2151856846358e+01
60.588055761800	-7.1050396402014e+01
60.618035007600	-6.9906719042820e+01
60.648014253400	-6.8722506617463e+01
60.677993499200	-6.7499496829564e+01
60.707972745000	-6.6239481524529e+01
60.737951990800	-6.4944304920571e+01
60.767931236600	-6.3615861785567e+01
60.797910482400	-6.2256095561457e+01
60.827889728200	-6.0866996437960e+01
60.857868974000	-5.9450599377415e+01
60.887848219800	-5.8008982092621e+01
60.917827465600	-5.6544262979566e+01
60.947806711400	-5.5058599007020e+01
60.977785957200	-5.3554183564958e+01
61.007765203000	-5.2033244273879e+01
61.037744448800	-5.0498040757063e+01
61.067723694600	-4.8950862377898e+01
61.097702940400	-4.7394025944397e+01
61.127682186200	-4.5829873383102e+01
61.157661432000	-4.4260769384555e+01
61.187640677800	-4.2689099022595e+01
61.217619923600	-4.1117265349706e+01
61.247599169400	-3.9547686970729e+01
61.277578415200	-3.7982795597216e+01
61.307557661000	-3.6425033584763e+01
61.337536906800	-3.4876851455652e+01
61.367516152600	-3.3340705409157e+01
61.397495398400	-3.1819054821879e+01
61.427474644200	-3.0314359740493e+01
61.457453890000	-2.8829078369274e+01
61.487433135800	-2.7365664554817e+01
61.517412381600	-2.5926565270314e+01
61.547391627400	-2.4514218101803e+01
61.577370873200	-2.3131048738782e+01
61.607350119000	-2.1779468471560e+01
61.637329364800	-2.0461871697750e+01
61.667308610600	-1.9180633440262e+01
61.697287856400	-1.7938106879175e+01
61.727267102200	-1.6736620899835e+01
61.757246348000	-1.5578477659514e+01
61.787225593800	-1.4465950174963e+01
61.817204839600	-1.3401279933148e+01
61.847184085400	-1.2386674527459e+01
61.877163331200	-1.1424305321652e+01
61.907142577000	-1.0516305143742e+01
61.937121822800	-9.6647660120737e+00
61.967101068600	-8.8717368957213e+00
61.997080314400	-8.1392215113809e+00
62.027059560200	-7.4691761588505e+00
62.057038806000	-6.8635075971777e+00
62.087018051800	-6.3240709635103e+00
62.116997297600	-5.8526677366434e+00
62.146976543400	-5.4510437472201e+00
62.176955789200	-5.1208872364952e+00
62.206935035000	-4.8638269655285e+00
62.236914280800	-4.6814303766259e+00
62.266893526600	-4.5752018087997e+00
62.296872772400	-4.5465807689673e+00
62.326852018200	-4.5969402605558e+00
62.356831264000	-4.7275851711286e+00
62.386810509800	-4.9397507205923e+00
62.416789755600	-5.2346009714874e+00
62.446769001400	-5.6132274028086e+00
62.476748247200	-6.0766475487402e+00
62.506727493000	-6.6258037036323e+00
62.536706738800	-7.2615616944821e+00
62.566685984600	-7.9847097221223e+00
62.596665230400	-8.7959572722503e+00
62.626644476200	-9.6959340973754e+00
62.656623722000	-1.0685189270686e+01
62.686602967800	-1.1764190312777e+01
62.716582213600	-1.2933322392109e+01
62.746561459400	-1.4192887600006e+01
62.776540705200	-1.5543104300914e+01
62.806519951000	-1.6984106558598e+01
62.836499196800	-1.8515943638858e+01
62.866478442600	-2.0138579589298e+01
62.896457688400	-2.1851892896583e+01
62.926436934200	-2.3655676221580e+01
62.956416180000	-2.5549636212672e+01
62.986395425800	-2.7533393397489e+01
63.016374671600	-2.9606482153218e+01
63.046353917400	-3.1768350755569e+01
63.076333163200	-3.4018361506424e+01
63.106312409000	-3.6355790940103e+01
63.136291654800	-3.8779830108125e+01
63.166270900600	-4.1289584942245e+01
63.196250146400	-4.3884076695511e+01
63.226229392200	-4.6562242460982e+01
63.256208638000	-4.9322935767682e+01
63.286187883800	-5.2164927253317e+01
63.316167129600	-5.5086905413177e+01
63.346146375400	-5.8087477424596e+01
63.376125621200	-6.1165170046269e+01
63.406104867000	-6.4318430591665e+01
63.436084112800	-6.7545627975674e+01
63.466063358600	-7.0845053833608e+01
63.496042604400	-7.4214923711565e+01
63.526021850200	-7.7653378327131e+01
63.556001096000	-8.1158484899305e+01
63.585980341800	-8.4728238546494e+01
63.615959587600	-8.8360563751338e+01
63.645938833400	-9.2053315891086e+01
63.675918079200	-9.5804282832166e+01
63.705897325000	-9.9611186587545e+01
63.735876570800	-1.0347168503541e+02
63.765855816600	-1.0738337369767e+02
63.795835062400	-1.1134378757665e+02
63.825814308200	-1.1535040304842e+02
63.855793554000	-1.1940063981104e+02
63.885772799800	-1.2349186288595e+02
63.915752045600	-1.2762138467086e+02
63.945731291400	-1.3178646704215e+02
63.975710537200	-1.3598432350505e+02
64.005689783000	-1.4021212138956e+02
64.035669028800	-1.4446698409033e+02
64.065648274600	-1.4874599334830e+02
64.095627520400	-1.5304619157227e+02
64.125606766200	-1.5736458419816e+02
64.155586012000	-1.6169814208405e+02
64.185565257800	-1.6604380393863e+02
64.215544503600	-1.7039847878118e+02
64.245523749400	-1.7475904843065e+02
64.275502995200	-1.7912237002177e+02
64.305482241000	-1.8348527854590e+02
64.335461486800	-1.8784458941444e+02
64.365440732600	-1.9219710104233e+02
64.395419978400	-1.9653959744963e+02
64.425399224200	-2.0086885087862e+02
64.455378470000	-2.0518162442426e+02
64.485357715800	-2.0947467467557e+02
64.515336961600	-2.1374475436568e+02
64.545316207400	-2.1798861502818e+02
64.575295453200	-2.2220300965738e+02
64.605274699000	-2.2638469537012e+02
64.635253944800	-2.3053043606694e+02
64.665233190600	-2.3463700508997e+02
64.695212436400	-2.3870118787551e+02
64.725191682200	-2.4271978459871e+02
64.755170928000	-2.4668961280822e+02
64.785150173800	-2.5060751004828e+02
64.815129419600	-2.5447033646622e+02
64.845108665400	-2.5827497740278e+02
64.875087911200	-2.6201834596324e+02
64.905067157000	-2.6569738556690e+02
64.935046402800	-2.6930907247287e+02
64.965025648600	-2.7285041827981e+02
64.995004894400	-2.7631847239748e+02
65.024984140200	-2.7971032448802e+02
65.054963386000	-2.8302310687477e+02
65.084942631800	-2.8625399691651e+02
65.114921877600	-2.8940021934515e+02
65.144901123400	-2.9245904856474e+02
65.174880369200	-2.9542781090994e+02
65.204859615000	-2.9830388686187e+02
65.234838860800	-3.0108471321954e+02
65.264818106600	-3.0376778522490e+02
65.294797352400	-3.0635065863983e+02
65.324776598200	-3.0883095177306e+02
65.354755844000	-3.1120634745561e+02
65.384735089800	-3.1347459496275e+02
65.414714335600	-3.1563351188107e+02
65.444693581400	-3.1768098591899e+02
65.474672827200	-3.1961497665920e+02
65.504652073000	-3.2143351725159e+02
65.534631318800	-3.2313471604518e+02
65.564610564600	-3.2471675815779e+02
65.594589810400	-3.2617790698205e+02
65.624569056200	-3.2751650562660e+02
65.654548302000	-3.2873097829121e+02
65.684527547800	-3.2981983157482e+02
65.714506793600	-3.3078165571525e+02
65.744486039400	-3.3161512575983e+02
65.774465285200	-3.3231900266579e+02
65.804444531000	-3.3289213432971e+02
65.834423776800	-3.3333345654508e+02
65.864403022600	-3.3364199388744e+02
65.894382268400	-3.3381686052613e+02
65.924361514200	-3.3385726096239e+02
65.954340760000	-3.3376249069299e+02
65.984320005800	-3.3353193679909e+02
66.014299251600	-3.3316507845983e+02
66.044278497400	-3.3266148739042e+02
66.074257743200	-3.3202082820434e+02
66.104236989000	-3.3124285869959e+02
66.134216234800	-3.3032743006875e+02
66.164195480600	-3.2927448703283e+02
66.194174726400	-3.2808406789896e+02
66.224153972200	-3.2675630454197e+02
66.254133218000	-3.2529142230995e+02
66.284112463800	-3.2368973985410e+02
66.314091709600	-3.2195166888309e+02
66.344070955400	-3.2007771384231e+02
66.374050201200	-3.1806847151840e+02
66.404029447000	-3.1592463056953e+02
66.434008692800	-3.1364697098208e+02
66.463987938600	-3.1123636345413e+02
66.493967184400	-3.0869376870669e+02
66.523946430200	-3.0602023672316e+02
66.553925676000	-3.0321690591805e+02
66.583904921800	-3.0028500223559e+02
66.613884167600	-2.9722583817944e+02
66.643863413400	-2.9404081177414e+02
66.673842659200	-2.9073140545970e+02
66.703821905000	-2.8729918492014e+02
66.733801150800	-2.8374579784729e+02
66.763780396600	-2.8007297264107e+02
66.793759642400	-2.7628251704744e+02
66.823738888200	-2.7237631673534e+02
66.853718134000	-2.6835633381414e+02
66.883697379800	-2.6422460529278e+02
66.913676625600	-2.5998324148230e+02
66.943655871400	-2.5563442434310e+02
66.973635117200	-2.5118040577867e+02
67.003614363000	-2.4662350587718e+02
67.033593608800	-2.4196611110277e+02
67.063572854600	-2.3721067243816e+02
67.093552100400	-2.3235970348029e+02
67.123531346200	-2.2741577849072e+02
67.153510592000	-2.2238153040278e+02
67.183489837800	-2.1725964878704e+02
67.213469083600	-2.1205287777718e+02
67.243448329400	-2.0676401395804e+02
67.273427575200	-2.0139590421785e+02
67.303406821000	-1.9595144356658e+02
67.333386066800	-1.9043357292230e+02
67.363365312600	-1.8484527686771e+02
67.393344558400	-1.7918958137874e+02
67.423323804200	-1.7346955152730e+02
67.453303050000	-1.6768828916025e+02
67.483282295800	-1.6184893055666e+02
67.513261541600	-1.5595464406542e+02
67.543240787400	-1.5000862772539e+02
67.573220033200	-1.4401410687003e+02
67.603199279000	-1.3797433171879e+02
67.633178524800	-1.3189257495731e+02
67.663157770600	-1.2577212930857e+02
67.693137016400	-1.1961630509705e+02
67.723116262200	-1.1342842780814e+02
67.753095508000	-1.0721183564485e+02
67.783074753800	-1.0096987708388e+02
67.813053999600	-9.4705908433343e+01
67.843033245400	-8.8423291394008e+01
67.873012491200	-8.2125390626354e+01
67.902991737000	-7.5815571325389e+01
67.932970982800	-6.9497196805352e+01
67.962950228600	-6.3173626096331e+01
67.992929474400	-5.6848211554826e+01
68.022908720200	-5.0524296490273e+01
68.052887966000	-4.4205212809505e+01
68.082867211800	-3.7894278681124e+01
68.112846457600	-3.1594796221720e+01
68.142825703400	-2.5310049205845e+01
68.172804949200	-1.9043300801627e+01
68.202784195000	-1.2797791333878e+01
68.232763440800	-6.5767360765074e+00
68.262742686600	-3.8332307603874e-01
68.292721932400	5.7792889920278e+00
68.322701178200	1.1907972932292e+01
68.352680424000	1.7999635102294e+01
68.382659669800	2.4051217447477e+01
68.412638915600	3.0059699496693e+01
68.442618161400	3.6022100316679e+01
68.472597407200	4.1935480424016e+01
68.502576653000	4.7796943653093e+01
68.532555898800	5.3603638978672e+01
68.562535144600	5.9352762291675e+01
68.592514390400	6.5041558126882e+01
68.622493636200	7.0667321341263e+01
68.652472882000	7.6227398741735e+01
68.682452127800	8.1719190661160e+01
68.712431373600	8.7140152481491e+01
68.742410619400	9.2487796102991e+01
68.772389865200	9.7759691358518e+01
68.802369111000	1.0295346737194e+02
68.832348356800	1.0806681385976e+02
68.862327602600	1.1309748237515e+02
68.892306848400	1.1804328749355e+02
68.922286094200	1.2290210793924e+02
68.952265340000	1.2767188765196e+02
68.982244585800	1.3235063679337e+02
69.012223831600	1.3693643269236e+02
69.042203077400	1.4142742072906e+02
69.072182323200	1.4582181515696e+02
69.102161569000	1.5011789986283e+02
69.132140814800	1.5431402906407e+02
69.162120060600	1.5840862794331e+02
69.192099306400	1.6240019322004e+02
69.222078552200	1.6628729365915e+02
69.252057798000	1.7006857051629e+02
69.282037043800	1.7374273792004e+02
69.312016289600	1.7730858319102e+02
69.341995535400	1.8076496709791e+02
69.371974781200	1.8411082405070e+02
69.401954027000	1.8734516223123e+02
69.431933272800	1.9046706366149e+02
69.461912518600	1.9347568420985e+02
69.491891764400	1.9637025353579e+02
69.521871010200	1.9915007497338e+02
69.551850256000	2.0181452535425e+02
69.581829501800	2.0436305477041e+02
69.611808747600	2.0679518627773e+02
69.641787993400	2.0911051554053e+02
69.671767239200	2.1130871041830e+02
69.701746485000	2.1338951049501e+02
69.731725730800	2.1535272655212e+02
69.761704976600	2.1719823998593e+02
69.791684222400	2.1892600217043e+02
69.821663468200	2.2053603376641e+02
69.851642714000	2.2202842397803e+02
69.881621959800	2.2340332975774e+02
69.911601205600	2.2466097496089e+02
69.941580451400	2.2580164945092e+02
69.971559697200	2.2682570815654e+02
70.001538943000	2.2773357008204e+02
70.031518188800	2.2852571727201e+02
70.061497434600	2.2920269373176e+02
70.091476680400	2.2976510430490e+02
70.121455926200	2.3021361350925e+02
70.151435172000	2.3054894433279e+02
70.181414417800	2.3077187699075e+02
70.211393663600	2.3088324764566e+02
70.241372909400	2.3088394709158e+02
70.271352155200	2.3077491940419e+02
70.301331401000	2.3055716055834e+02
70.331310646800	2.3023171701446e+02
70.361289892600	2.2979968427560e+02
70.391269138400	2.2926220541663e+02
70.421248384200	2.2862046958731e+02
70.451227630000	2.2787571049075e+02
70.481206875800	2.2702920483914e+02
70.511186121600	2.2608227078825e+02
70.541165367400	2.2503626635243e+02
70.571144613200	2.2389258780194e+02
70.601123859000	2.2265266804414e+02
70.631103104800	2.2131797499043e+02
70.661082350600	2.1989000991047e+02
70.691061596400	2.1837030577566e+02
70.721040842200	2.1676042559336e+02
70.751020088000	2.1506196073369e+02
70.780999333800	2.1327652925070e+02
70.810978579600	2.1140577419946e+02
70.840957825400	2.0945136195094e+02
70.870937071200	2.0741498050631e+02
70.900916317000	2.0529833781236e+02
70.930895562800	2.0310316007971e+02
70.960874808600	2.0083119010560e+02
70.990854054400	1.9848418560269e+02
71.020833300200	1.9606391753579e+02
71.050812546000	1.9357216846786e+02
71.080791791800	1.9101073091717e+02
71.110771037600	1.8838140572693e+02
71.140750283400	1.8568600044916e+02
71.170729529200	1.8292632774428e+02
71.200708775000	1.8010420379783e+02
71.230688020800	1.7722144675595e+02
71.260667266600	1.7427987518105e+02
71.290646512400	1.7128130652895e+02
71.320625758200	1.6822755564916e+02
71.350605004000	1.6512043330938e+02
71.380584249800	1.6196174474574e+02
71.410563495600	1.5875328824004e+02
71.440542741400	1.5549685372517e+02
71.470521987200	1.5219422142005e+02
71.500501233000	1.4884716049519e+02
71.530480478800	1.4545742777006e+02
71.560459724600	1.4202676644336e+02
71.590438970400	1.3855690485726e+02
71.620418216200	1.3504955529666e+02
71.650397462000	1.3150641282435e+02
71.680376707800	1.2792915415313e+02
71.710355953600	1.2431943655577e+02
71.740335199400	1.2067889681350e+02
71.770314445200	1.1700915020405e+02
71.800293691000	1.1331178952982e+02
71.830272936800	1.0958838418698e+02
71.860252182600	1.0584047927612e+02
71.890231428400	1.0206959475505e+02
71.920210674200	9.8277224634362e+01
71.950189920000	9.4464836216143e+01
71.980169165800	9.0633869376481e+01
72.010148411600	8.6785735891998e+01
72.040127657400	8.2921818810872e+01
72.070106903200	7.9043471868622e+01
72.100086149000	7.5152018948918e+01
72.130065394800	7.1248753589622e+01
72.160044640600	6.7334938534223e+01
72.190023886400	6.3411805328763e+01
72.220003132200	5.9480553964309e+01
72.249982378000	5.5542352564981e+01
72.279961623800	5.1598337121487e+01
72.309940869600	4.7649611270061e+01
72.339920115400	4.3697246116669e+01
72.369899361200	3.9742280106281e+01
72.399878607000	3.5785718936958e+01
72.429857852800	3.1828535518468e+01
72.459837098600	2.7871669975090e+01
72.489816344400	2.3916029692196e+01
72.519795590200	1.9962489406207e+01
72.549774836000	1.6011891337397e+01
72.579754081800	1.2065045365058e+01
72.609733327600	8.1227292444111e+00
72.639712573400	4.1856888646698e+00
72.669691819200	2.5463854758142e-01
72.699671065000	-3.6697386142595e+00
72.729650310800	-7.5867903800740e+00
72.759629556600	-1.1495894945326e+01
72.789608802400	-1.5396460488746e+01
72.819588048200	-1.9287924682818e+01
72.849567294000	-2.3169754168636e+01
72.879546539800	-2.7041443996076e+01
72.909525785600	-3.0902517030262e+01
72.939505031400	-3.4752523325336e+01
72.969484277200	-3.8591039466586e+01
72.999463523000	-4.2417667882004e+01
73.029442768800	-4.6232036124390e+01
73.059422014600	-5.0033796125143e+01
73.089401260400	-5.3822623420896e+01
73.119380506200	-5.7598216354203e+01
73.149359752000	-6.1360295249499e+01
73.179338997800	-6.5108601565559e+01
73.209318243600	-6.8842897025753e+01
73.239297489400	-7.2562962727356e+01
73.269276735200	-7.6268598231250e+01
73.299255981000	-7.9959620633318e+01
73.329235226800	-8.3635863618899e+01
73.359214472600	-8.7297176501644e+01
73.389193718400	-9.0943423248160e+01
73.419172964200	-9.4574481489820e+01
73.449152210000	-9.8190241523139e+01
73.479131455800	-1.0179060530012e+02
73.509110701600	-1.0537548540998e+02
73.539089947400	-1.0894480405370e+02
73.569069193200	-1.1249849201278e+02
73.599048439000	-1.1603648761366e+02
73.629027684800	-1.1955873568920e+02
73.659006930600	-1.2306518653875e+02
73.688986176400	-1.2655579488808e+02
73.718965422200	-1.3003051885068e+02
73.748944668000	-1.3348931889188e+02
73.778923913800	-1.3693215679718e+02
73.808903159600	-1.4035899464609e+02
73.838882405400	-1.4376979379307e+02
73.868861651200	-1.4716451385675e+02
73.898840897000	-1.5054311171900e+02
73.928820142800	-1.5390554053501e+02
73.958799388600	-1.5725174875591e+02
73.988778634400	-1.6058167916508e+02
74.018757880200	-1.6389526792959e+02
74.048737126000	-1.6719244366801e+02
74.078716371800	-1.7047312653585e+02
74.108695617600	-1.7373722732983e+02
74.138674863400	-1.7698464661235e+02
74.168654109200	-1.8021527385713e+02
74.198633355000	-1.8342898661743e+02
74.228612600800	-1.8662564971777e+02
74.258591846600	-1.8980511447041e+02
74.288571092400	-1.9296721791766e+02
74.318550338200	-1.9611178210092e+02
74.348529584000	-1.9923861335773e+02
74.378508829800	-2.0234750164753e+02
74.408488075600	-2.0543821990730e+02
74.438467321400	-2.0851052343789e+02
74.468446567200	-2.1156414932191e+02
74.498425813000	-2.1459881587407e+02
74.528405058800	-2.1761422212475e+02
74.558384304600	-2.2061004733753e+02
74.588363550400	-2.2358595056149e+02
74.618342796200	-2.2654157021883e+02
74.648322042000	-2.2947652372859e+02
74.678301287800	-2.3239040716695e+02
74.708280533600	-2.3528279496473e+02
74.738259779400	-2.3815323964260e+02
74.768239025200	-2.4100127158444e+02
74.798218271000	-2.4382639884929e+02
74.828197516800	-2.4662810702224e+02
74.858176762600	-2.4940585910465e+02
74.888156008400	-2.5215909544391e+02
74.918135254200	-2.5488723370306e+02
74.948114500000	-2.5758966887038e+02
74.978093745800	-2.6026577330917e+02
75.008072991600	-2.6291489684777e+02
75.038052237400	-2.6553636690993e+02
75.068031483200	-2.6812948868542e+02
75.098010729000	-2.7069354534104e+02
75.127989974800	-2.7322779827167e+02
75.157969220600	-2.7573148739150e+02
75.187948466400	-2.7820383146510e+02
75.217927712200	-2.8064402847809e+02
75.247906958000	-2.8305125604724e+02
75.277886203800	-2.8542467186960e+02
75.307865449600	-2.8776341421031e+02
75.337844695400	-2.9006660242870e+02
75.367823941200	-2.9233333754220e+02
75.397803187000	-2.9456270282755e+02
75.427782432800	-2.9675376445887e+02
75.457761678600	-2.9890557218174e+02
75.487740924400	-3.0101716002307e+02
75.517720170200	-3.0308754703563e+02
75.547699416000	-3.0511573807687e+02
75.577678661800	-3.0710072462118e+02
75.607657907600	-3.0904148560464e+02
75.637637153400	-3.1093698830166e+02
75.667616399200	-3.1278618923252e+02
75.697595645000	-3.1458803510086e+02
75.727574890800	-3.1634146376027e+02
75.757554136600	-3.1804540520893e+02
75.787533382400	-3.1969878261134e+02
75.817512628200	-3.2130051334601e+02
75.847491874000	-3.2284951007809e+02
75.877471119800	-3.2434468185589e+02
75.907450365600	-3.2578493522993e+02
75.937429611400	-3.2716917539358e+02
75.967408857200	-3.2849630734405e+02
75.997388103000	-3.2976523706228e+02
76.027367348800	-3.3097487271086e+02
76.057346594600	-3.3212412584835e+02
76.087325840400	-3.3321191265890e+02
76.117305086200	-3.3423715519582e+02
76.147284332000	-3.3519878263774e+02
76.177263577800	-3.3609573255596e+02
76.207242823600	-3.3692695219175e+02
76.237222069400	-3.3769139974207e+02
76.267201315200	-3.3838804565235e+02
76.297180561000	-3.3901587391499e+02
76.327159806800	-3.3957388337203e+02
76.357139052600	-3.4006108902067e+02
76.387118298400	-3.4047652332007e+02
76.417097544200	-3.4081923749814e+02
76.447076790000	-3.4108830285668e+02
76.477056035800	-3.4128281207358e+02
76.507035281600	-3.4140188050050e+02
76.537014527400	-3.4144464745459e+02
76.566993773200	-3.4141027750286e+02
76.596973019000	-3.4129796173766e+02
76.626952264800	-3.4110691904180e+02
76.656931510600	-3.4083639734197e+02
76.686910756400	-3.4048567484892e+02
76.716890002200	-3.4005406128297e+02
76.746869248000	-3.3954089908347e+02
76.776848493800	-3.3894556460079e+02
76.806827739600	-3.3826746926939e+02
76.836806985400	-3.3750606076066e+02
76.866786231200	-3.3666082411408e+02
76.896765477000	-3.3573128284544e+02
76.926744722800	-3.3471700003069e+02
76.956723968600	-3.3361757936418e+02
76.986703214400	-3.3243266618995e+02
77.016682460200	-3.3116194850486e+02
77.046661706000	-3.2980515793222e+02
77.076640951800	-3.2836207066484e+02
77.106620197600	-3.2683250837617e+02
77.136599443400	-3.2521633909843e+02
77.166578689200	-3.2351347806662e+02
77.196557935000	-3.2172388852726e+02
77.226537180800	-3.1984758251084e+02
77.256516426600	-3.1788462156682e+02
77.286495672400	-3.1583511746042e+02
77.316474918200	-3.1369923282989e+02
77.346454164000	-3.1147718180371e+02
77.376433409800	-3.0916923057644e+02
77.406412655600	-3.0677569794270e+02
77.436391901400	-3.0429695578825e+02
77.466371147200	-3.0173342953745e+02
77.496350393000	-2.9908559855637e+02
77.526329638800	-2.9635399651093e+02
77.556308884600	-2.9353921167920e+02
77.586288130400	-2.9064188721754e+02
77.616267376200	-2.8766272137977e+02
77.646246622000	-2.8460246768899e+02
77.676225867800	-2.8146193506152e+02
77.706205113600	-2.7824198788256e+02
77.736184359400	-2.7494354603316e+02
77.766163605200	-2.7156758486818e+02
77.796142851000	-2.6811513514490e+02
77.826122096800	-2.6458728290220e+02
77.856101342600	-2.6098516928988e+02
77.886080588400	-2.5730999034816e+02
77.916059834200	-2.5356299673718e+02
77.946039080000	-2.4974549341653e+02
77.976018325800	-2.4585883927466e+02
78.005997571600	-2.4190444670838e+02
78.035976817400	-2.3788378115248e+02
78.065956063200	-2.3379836055961e+02
78.095935309000	-2.2964975483064e+02
78.125914554800	-2.2543958519573e+02
78.155893800600	-2.2116952354639e+02
78.185873046400	-2.1684129171896e+02
78.215852292200	-2.1245666072975e+02
78.245831538000	-2.0801744996244e+02
78.275810783800	-2.0352552630811e+02
78.305790029600	-1.9898280325846e+02
78.335769275400	-1.9439123995291e+02
78.365748521200	-1.8975284017996e+02
78.395727767000	-1.8506965133382e+02
78.425707012800	-1.8034376332668e+02
78.455686258600	-1.7557730745764e+02
78.485665504400	-1.7077245523905e+02
78.515644750200	-1.6593141718093e+02
78.545623996000	-1.6105644153468e+02
78.575603241800	-1.5614981299673e+02
78.605582487600	-1.5121385137326e+02
78.635561733400	-1.4625091020695e+02
78.665540979200	-1.4126337536684e+02
78.695520225000	-1.3625366360237e+02
78.725499470800	-1.3122422106270e+02
78.755478716600	-1.2617752178261e+02
78.785457962400	-1.2111606613601e+02
78.815437208200	-1.1604237925834e+02
78.845416454000	-1.1095900943927e+02
78.875395699800	-1.0586852648673e+02
78.905374945600	-1.0077352006393e+02
78.935354191400	-9.5676598000381e+01
78.965333437200	-9.0580384578592e+01
78.995312683000	-8.5487518797691e+01
79.025291928800	-8.0400652615457e+01
79.055271174600	-7.5322449170238e+01
79.085250420400	-7.0255580984216e+01
79.115229666200	-6.5202728149534e+01
79.145208912000	-6.0166576498826e+01
79.175188157800	-5.5149815761663e+01
79.205167403600	-5.0155137708514e+01
79.235146649400	-4.5185234283762e+01
79.265125895200	-4.0242795729404e+01
79.295105141000	-3.5330508700998e+01
79.325084386800	-3.0451054377516e+01
79.355063632600	-2.5607106566683e+01
79.385042878400	-2.0801329807473e+01
79.415022124200	-1.6036377471373e+01
79.445001370000	-1.1314889864077e+01
79.474980615800	-6.6394923292422e+00
79.504959861600	-2.0127933559727e+00
79.534939107400	2.5626173083368e+00
79.564918353200	7.0841705381368e+00
79.594897599000	1.1549319701199e+01
79.624876844800	1.5955542519789e+01
79.654856090600	2.0300342919909e+01
79.684835336400	2.4581252866969e+01
79.714814582200	2.8795834186277e+01
79.744793828000	3.2941680366750e+01
79.774773073800	3.7016418346229e+01
79.804752319600	4.1017710276831e+01
79.834731565400	4.4943255268772e+01
79.864710811200	4.8790791111101e+01
79.894690057000	5.2558095967824e+01
79.924669302800	5.6242990047900e+01
79.954648548600	5.9843337247610e+01
79.984627794400	6.3357046763853e+01
80.014607040200	6.6782074676893e+01
80.044586286000	7.0116425501168e+01
80.074565531800	7.3358153702737e+01
80.104544777600	7.6505365182026e+01
80.134524023400	7.9556218720523e+01
80.164503269200	8.2508927390111e+01
80.194482515000	8.5361759923780e+01
80.224461760800	8.8113042046464e+01
80.254441006600	9.0761157764800e+01
80.284420252400	9.3304550614633e+01
80.314399498200	9.5741724865142e+01
80.344378744000	9.8071246678473e+01
80.374357989800	1.0029174522383e+02
80.404337235600	1.0240191374500e+02
80.434316481400	1.0440051058034e+02
80.464295727200	1.0628636013426e+02
80.494274973000	1.0805835379933e+02
80.524254218800	1.0971545082818e+02
80.554233464600	1.1125667915435e+02
80.584212710400	1.1268113616126e+02
80.614191956200	1.1398798939879e+02
80.644171202000	1.1517647724650e+02
80.674150447800	1.1624590952320e+02
80.704129693600	1.1719566804194e+02
80.734108939400	1.1802520711021e+02
80.764088185200	1.1873405397463e+02
80.794067431000	1.1932180920985e+02
80.824046676800	1.1978814705116e+02
80.854025922600	1.2013281567060e+02
80.884005168400	1.2035563739617e+02
80.913984414200	1.2045650887395e+02
80.943963660000	1.2043540117303e+02
80.973942905800	1.2029235983293e+02
81.003922151600	1.2002750485360e+02
81.033901397400	1.1964103062796e+02
81.063880643200	1.1913320581684e+02
81.093859889000	1.1850437316658e+02
81.123839134800	1.1775494926933e+02
81.153818380600	1.1688542426620e+02
81.183797626400	1.1589636149355e+02
81.213776872200	1.1478839707263e+02
81.243756118000	1.1356223944292e+02
81.273735363800	1.1221866883963e+02
81.303714609600	1.1075853671557e+02
81.333693855400	1.0918276510815e+02
81.363673101200	1.0749234595175e+02
81.393652347000	1.0568834033626e+02
81.423631592800	1.0377187771226e+02
81.453610838600	1.0174415504362e+02
81.483590084400	9.9606435908099e+01
81.513569330200	9.7360049546820e+01
81.543548576000	9.5006389863401e+01
81.573527821800	9.2546914373533e+01
81.603507067600	8.9983143105965e+01
81.633486313400	8.7316657455793e+01
81.663465559200	8.4549098991048e+01
81.693444805000	8.1682168213589e+01
81.723424050800	7.8717623275381e+01
81.753403296600	7.5657278651224e+01
81.783382542400	7.2503003769100e+01
81.813361788200	6.9256721599299e+01
81.843341034000	6.5920407203525e+01
81.873320279800	6.2496086245242e+01
81.903299525600	5.8985833462531e+01
81.933278771400	5.5391771104764e+01
81.963258017200	5.1716067334448e+01
81.993237263000	4.7960934595599e+01
82.023216508800	4.4128627950058e+01
82.053195754600	4.0221443383168e+01
82.083175000400	3.6241716080276e+01
82.113154246200	3.2191818675533e+01
82.143133492000	2.8074159474494e+01
82.173112737800	2.3891180652050e+01
82.203091983600	1.9645356427234e+01
82.233071229400	1.5339191216464e+01
82.263050475200	1.0975217766808e+01
82.293029721000	6.5559952708719e+00
82.323008966800	2.0841074649227e+00
82.352988212600	-2.4378392881285e+00
82.382967458400	-7.0072179292375e+00
82.412946704200	-1.1621382645589e+01
82.442925950000	-1.6277670823148e+01
82.472905195800	-2.0973405007734e+01
82.502884441600	-2.5705894872947e+01
82.532863687400	-3.0472439193278e+01
82.562842933200	-3.5270327820706e+01
82.592822179000	-4.0096843663119e+01
82.622801424800	-4.4949264662883e+01
82.652780670600	-4.9824865773858e+01
82.682759916400	-5.4720920935216e+01
82.712739162200	-5.9634705040372e+01
82.742718408000	-6.4563495899377e+01
82.772697653800	-6.9504576193113e+01
82.802676899600	-7.4455235417648e+01
82.832656145400	-7.9412771817119e+01
82.862635391200	-8.4374494303519e+01
82.892614637000	-8.9337724361784e+01
82.922593882800	-9.4299797938588e+01
82.952573128600	-9.9258067313271e+01
82.982552374400	-1.0420990294934e+02
83.012531620200	-1.0915269532504e+02
83.042510866000	-1.1408385674139e+02
83.072490111800	-1.1900082310633e+02
83.102469357600	-1.2390105569338e+02
83.132448603400	-1.2878204287346e+02
83.162427849200	-1.3364130181836e+02
83.192407095000	-1.3847638017462e+02
83.222386340800	-1.4328485770626e+02
83.252365586600	-1.4806434790527e+02
83.282344832400	-1.5281249956827e+02
83.312324078200	-1.5752699833841e+02
83.342303324000	-1.6220556821094e+02
83.372282569800	-1.6684597300158e+02
83.402261815600	-1.7144601777622e+02
83.432241061400	-1.7600355024109e+02
83.462220307200	-1.8051646209211e+02
83.492199553000	-1.8498269032253e+02
83.522178798800	-1.8940021848774e+02
83.552158044600	-1.9376707792634e+02
83.582137290400	-1.9808134893653e+02
83.612116536200	-2.0234116190695e+02
83.642095782000	-2.0654469840111e+02
83.672075027800	-2.1069019219459e+02
83.702054273600	-2.1477593026438e+02
83.732033519400	-2.1880025372946e+02
83.762012765200	-2.2276155874210e+02
83.791992011000	-2.2665829732928e+02
83.821971256800	-2.3048897818354e+02
83.851950502600	-2.3425216740280e+02
83.881929748400	-2.3794648917878e+02
83.911908994200	-2.4157062643336e+02
83.941888240000	-2.4512332140276e+02
83.971867485800	-2.4860337616904e+02
84.001846731600	-2.5200965313866e+02
84.031825977400	-2.5534107546795e+02
84.061805223200	-2.5859662743521e+02
84.091784469000	-2.6177535475940e+02
84.121763714800	-2.6487636486526e+02
84.151742960600	-2.6789882709480e+02
84.181722206400	-2.7084197286533e+02
84.211701452200	-2.7370509577389e+02
84.241680698000	-2.7648755164832e+02
84.271659943800	-2.7918875854514e+02
84.301639189600	-2.8180819669429e+02
84.331618435400	-2.8434540839126e+02
84.361597681200	-2.8679999783658e+02
84.391576927000	-2.8917163092334e+02
84.421556172800	-2.9146003497291e+02
84.451535418600	-2.9366499841940e+02
84.481514664400	-2.9578637044338e+02
84.511493910200	-2.9782406055529e+02
84.541473156000	-2.9977803812921e+02
84.571452401800	-3.0164833188764e+02
84.601431647600	-3.0343502933780e+02
84.631410893400	-3.0513827616039e+02
84.661390139200	-3.0675827555133e+02
84.691369385000	-3.0829528751748e+02
84.721348630800	-3.0974962812703e+02
84.751327876600	-3.1112166871546e+02
84.781307122400	-3.1241183504813e+02
84.811286368200	-3.1362060644014e+02
84.841265614000	-3.1474851483486e+02
84.871244859800	-3.1579614384171e+02
84.901224105600	-3.1676412773466e+02
84.931203351400	-3.1765315041224e+02
84.961182597200	-3.1846394432029e+02
84.991161843000	-3.1919728933872e+02
85.021141088800	-3.1985401163323e+02
85.051120334600	-3.2043498247340e+02
85.081099580400	-3.2094111701834e+02
85.111078826200	-3.2137337307109e+02
85.141058072000	-3.2173274980323e+02
85.171037317800	-3.2202028645078e+02
85.201016563600	-3.2223706098305e+02
85.230995809400	-3.2238418874544e+02
85.260975055200	-3.2246282107791e+02
85.290954301000	-3.2247414391028e+02
85.320933546800	-3.2241937633588e+02
85.350912792600	-3.2229976916506e+02
85.380892038400	-3.2211660345976e+02
85.410871284200	-3.2187118905098e+02
85.440850530000	-3.2156486304022e+02
85.470829775800	-3.2119898828670e+02
85.500809021600	-3.2077495188163e+02
85.530788267400	-3.2029416361126e+02
85.560767513200	-3.1975805440993e+02
85.590746759000	-3.1916807480488e+02
85.620726004800	-3.1852569335422e+02
85.650705250600	-3.1783239507962e+02
85.680684496400	-3.1708967989517e+02
85.710663742200	-3.1629906103405e+02
85.740642988000	-3.1546206347435e+02
85.770622233800	-3.1458022236573e+02
85.800601479600	-3.1365508145833e+02
85.830580725400	-3.1268819153536e+02
85.860559971200	-3.1168110885109e+02
85.890539217000	-3.1063539357538e+02
85.920518462800	-3.0955260824656e+02
85.950497708600	-3.0843431623390e+02
85.980476954400	-3.0728208021111e+02
86.010456200200	-3.0609746064247e+02
86.040435446000	-3.0488201428282e+02
86.070414691800	-3.0363729269284e+02
86.100393937600	-3.0236484077109e+02
86.130373183400	-3.0106619530402e+02
86.160352429200	-2.9974288353541e+02
86.190331675000	-2.9839642175644e+02
86.220310920800	-2.9702831391774e+02
86.250290166600	-2.9564005026461e+02
86.280269412400	-2.9423310599682e+02
86.310248658200	-2.9280893995384e+02
86.340227904000	-2.9136899332713e+02
86.370207149800	-2.8991468840020e+02
86.400186395600	-2.8844742731787e+02
86.430165641400	-2.8696859088565e+02
86.460144887200	-2.8547953740032e+02
86.490124133000	-2.8398160151277e+02
86.520103378800	-2.8247609312399e+02
86.550082624600	-2.8096429631529e+02
86.580061870400	-2.7944746831347e+02
86.610041116200	-2.7792683849203e+02
86.640020362000	-2.7640360740904e+02
86.669999607800	-2.7487894588267e+02
86.699978853600	-2.7335399410491e+02
86.729958099400	-2.7182986079444e+02
86.759937345200	-2.7030762238909e+02
86.789916591000	-2.6878832227869e+02
86.819895836800	-2.6727297007886e+02
86.849875082600	-2.6576254094622e+02
86.879854328400	-2.6425797493562e+02
86.909833574200	-2.6276017639976e+02
86.939812820000	-2.6127001343178e+02
86.969792065800	-2.5978831735096e+02
86.999771311600	-2.5831588223208e+02
87.029750557400	-2.5685346447859e+02
87.059729803200	-2.5540178243994e+02
87.089709049000	-2.5396151607314e+02
87.119688294800	-2.5253330664886e+02
87.149667540600	-2.5111775650200e+02
87.179646786400	-2.4971542882702e+02
87.209626032200	-2.4832684751777e+02
87.239605278000	-2.4695249705212e+02
87.269584523800	-2.4559282242100e+02
87.299563769600	-2.4424822910199e+02
87.329543015400	-2.4291908307717e+02
87.359522261200	-2.4160571089505e+02
87.389501507000	-2.4030839977638e+02
87.419480752800	-2.3902739776350e+02
87.449459998600	-2.3776291391294e+02
87.479439244400	-2.3651511853083e+02
87.509418490200	-2.3528414345086e+02
87.539397736000	-2.3407008235411e+02
87.569376981800	-2.3287299113047e+02
87.599356227600	-2.3169288828096e+02
87.629335473400	-2.3052975536044e+02
87.659314719200	-2.2938353746011e+02
87.689293965000	-2.2825414372912e+02
87.719273210800	-2.2714144793452e+02
87.749252456600	-2.2604528905905e+02
87.779231702400	-2.2496547193570e+02
87.809210948200	-2.2390176791850e+02
87.839190194000	-2.2285391558854e+02
87.869169439800	-2.2182162149447e+02
87.899148685600	-2.2080456092647e+02
87.929127931400	-2.1980237872283e+02
87.959107177200	-2.1881469010817e+02
87.989086423000	-2.1784108156227e+02
88.019065668800	-2.1688111171852e+02
88.049044914600	-2.1593431229097e+02
88.079024160400	-2.1500018902881e+02
88.109003406200	-2.1407822269727e+02
88.138982652000	-2.1316787008379e+02
88.168961897800	-2.1226856502831e+02
88.198941143600	-2.1137971947646e+02
88.228920389400	-2.1050072455457e+02
88.258899635200	-2.0963095166518e+02
88.288878881000	-2.0876975360191e+02
88.318858126800	-2.0791646568232e+02
88.348837372600	-2.0707040689771e+02
88.378816618400	-2.0623088107834e+02
88.408795864200	-2.0539717807295e+02
88.438775110000	-2.0456857494125e+02
88.468754355800	-2.0374433715799e+02
88.498733601600	-2.0292371982741e+02
88.528712847400	-2.0210596890664e+02
88.558692093200	-2.0129032243676e+02
88.588671339000	-2.0047601178021e+02
88.618650584800	-1.9966226286310e+02
88.648629830600	-1.9884829742129e+02
88.678609076400	-1.9803333424853e+02
88.708588322200	-1.9721659044580e+02
88.738567568000	-1.9639728267000e+02
88.768546813800	-1.9557462838102e+02
88.798526059600	-1.9474784708570e+02
88.828505305400	-1.9391616157733e+02
88.858484551200	-1.9307879916945e+02
88.888463797000	-1.9223499292249e+02
88.918443042800	-1.9138398286215e+02
88.948422288600	-1.9052501718802e+02
88.978401534400	-1.8965735347127e+02
89.008380780200	-1.8878025984009e+02
89.038360026000	-1.8789301615164e+02
89.068339271800	-1.8699491514930e+02
89.098318517600	-1.8608526360390e+02
89.128297763400	-1.8516338343779e+02
89.158277009200	-1.8422861283064e+02
89.188256255000	-1.8328030730555e+02
89.218235500800	-1.8231784079466e+02
89.248214746600	-1.8134060668286e+02
89.278193992400	-1.8034801882862e+02
89.308173238200	-1.7933951256084e+02
89.338152484000	-1.7831454565075e+02
89.368131729800	-1.7727259925769e+02
89.398110975600	-1.7621317884784e+02
89.428090221400	-1.7513581508502e+02
89.458069467200	-1.7404006469252e+02
89.488048713000	-1.7292551128502e+02
89.518027958800	-1.7179176616988e+02
89.548007204600	-1.7063846911684e+02
89.577986450400	-1.6946528909529e+02
89.607965696200	-1.6827192497849e+02
89.637944942000	-1.6705810621381e+02
89.667924187800	-1.6582359345843e+02
89.697903433600	-1.6456817917978e+02
89.727882679400	-1.6329168822005e+02
89.757861925200	-1.6199397832422e+02
89.787841171000	-1.6067494063105e+02
89.817820416800	-1.5933450012651e+02
89.847799662600	-1.5797261605912e+02
89.877778908400	-1.5658928231682e+02
89.907758154200	-1.5518452776494e+02
89.937737400000	-1.5375841654490e+02
89.967716645800	-1.5231104833333e+02
89.997695891600	-1.5084255856135e+02
90.027675137400	-1.4935311859366e+02
90.057654383200	-1.4784293586742e+02
90.087633629000	-1.4631225399058e+02
90.117612874800	-1.4476135279966e+02
90.147592120600	-1.4319054837682e+02
90.177571366400	-1.4160019302630e+02
90.207550612200	-1.3999067521006e+02
90.237529858000	-1.3836241944281e+02
90.267509103800	-1.3671588614649e+02
90.297488349600	-1.3505157146427e+02
90.327467595400	-1.3337000703427e+02
90.357446841200	-1.3167175972322e+02
90.387426087000	-1.2995743132032e+02
90.417405332800	-1.2822765819155e+02
90.447384578600	-1.2648311089474e+02
90.477363824400	-1.2472449375586e+02
90.507343070200	-1.2295254440688e+02
90.537322316000	-1.2116803328557e+02
90.567301561800	-1.1937176309787e+02
90.597280807600	-1.1756456824325e+02
90.627260053400	-1.1574731420367e+02
90.657239299200	-1.1392089689661e+02
90.687218545000	-1.1208624199307e+02
90.717197790800	-1.1024430420081e+02
90.747177036600	-1.0839606651398e+02
90.777156282400	-1.0654253942944e+02
90.807135528200	-1.0468476013083e+02
90.837114774000	-1.0282379164114e+02
90.867094019800	-1.0096072194443e+02
90.897073265600	-9.9096663077782e+01
90.927052511400	-9.7232750194270e+01
90.957031757200	-9.5370140597838e+01
90.987011003000	-9.3510012751094e+01
91.016990248800	-9.1653565256952e+01
91.046969494600	-8.9802015815136e+01
91.076948740400	-8.7956600154554e+01
91.106927986200	-8.6118570942602e+01
91.136907232000	-8.4289196672463e+01
91.166886477800	-8.2469760529476e+01
91.196865723600	-8.0661559237710e+01
91.226844969400	-7.8865901887856e+01
91.256824215200	-7.7084108747585e+01
91.286803461000	-7.5317510055555e+01
91.316782706800	-7.3567444800219e+01
91.346761952600	-7.1835259484665e+01
91.376741198400	-7.0122306878663e+01
91.406720444200	-6.8429944759177e+01
91.436699690000	-6.6759534640542e+01
91.466678935800	-6.5112440495573e+01
91.496658181600	-6.3490027468854e+01
91.526637427400	-6.1893660583454e+01
91.556616673200	-6.0324703442360e+01
91.586595919000	-5.8784516925877e+01
91.616575164800	-5.7274457886278e+01
91.646554410600	-5.5795877840995e+01
91.676533656400	-5.4350121665600e+01
91.706512902200	-5.2938526287897e+01
91.736492148000	-5.1562419384361e+01
91.766471393800	-5.0223118080233e+01
91.796450639600	-4.8921927654525e+01
91.826429885400	-4.7660140251210e+01
91.856409131200	-4.6439033597859e+01
91.886388377000	-4.5259869732969e+01
91.916367622800	-4.4123893743248e+01
91.946346868600	-4.3032332512072e+01
91.976326114400	-4.1986393480347e+01
92.006305360200	-4.0987263420999e+01
92.036284606000	-4.0036107228270e+01
92.066263851800	-3.9134066723029e+01
92.096243097600	-3.8282259475245e+01
92.126222343400	-3.7481777644798e+01
92.156201589200	-3.6733686841740e+01
92.186180835000	-3.6039025007142e+01
92.216160080800	-3.5398801315608e+01
92.246139326600	-3.4813995100544e+01
92.276118572400	-3.4285554803224e+01
92.306097818200	-3.3814396946692e+01
92.336077064000	-3.3401405135500e+01
92.366056309800	-3.3047429082268e+01
92.396035555600	-3.2753283662018e+01
92.426014801400	-3.2519747995211e+01
92.455994047200	-3.2347564560389e+01
92.485973293000	-3.2237438337299e+01
92.515952538800	-3.2190035981326e+01
92.545931784600	-3.2205985030067e+01
92.575911030400	-3.2285873142822e+01
92.605890276200	-3.2430247373741e+01
92.635869522000	-3.2639613479365e+01
92.665848767800	-3.2914435261226e+01
92.695828013600	-3.3255133944173e+01
92.725807259400	-3.3662087591035e+01
92.755786505200	-3.4135630554201e+01
92.785765751000	-3.4676052964670e+01
92.815744996800	-3.5283600259079e+01
92.845724242600	-3.5958472745180e+01
92.875703488400	-3.6700825206220e+01
92.905682734200	-3.7510766544604e+01
92.935661980000	-3.8388359465224e+01
92.965641225800	-3.9333620198762e+01
92.995620471600	-4.0346518265282e+01
93.025599717400	-4.1426976278323e+01
93.055578963200	-4.2574869789748e+01
93.085558209000	-4.3790027175481e+01
93.115537454800	-4.5072229562302e+01
93.145516700600	-4.6421210795763e+01
93.175495946400	-4.7836657449310e+01
93.205475192200	-4.9318208874608e+01
93.235454438000	-5.0865457293058e+01
93.265433683800	-5.2477947928443e+01
93.295412929600	-5.4155179180604e+01
93.325392175400	-5.5896602840010e+01
93.355371421200	-5.7701624343039e+01
93.385350667000	-5.9569603067773e+01
93.415329912800	-6.1499852670032e+01
93.445309158600	-6.3491641459376e+01
93.475288404400	-6.5544192814734e+01
93.505267650200	-6.7656685639312e+01
93.535246896000	-6.9828254854355e+01
93.565226141800	-7.2057991931359e+01
93.595205387600	-7.4344945462219e+01
93.625184633400	-7.6688121766849e+01
93.655163879200	-7.9086485537692e+01
93.685143125000	-8.1538960520571e+01
93.715122370800	-8.4044430231255e+01
93.745101616600	-8.6601738707099e+01
93.775080862400	-8.9209691293089e+01
93.805060108200	-9.1867055461577e+01
93.835039354000	-9.4572561664963e+01
93.865018599800	-9.7324904220578e+01
93.894997845600	-1.0012274222693e+02
93.924977091400	-1.0296470051054e+02
93.954956337200	-1.0584937060245e+02
93.984935583000	-1.0877531174358e+02
94.014914828800	-1.1174105191799e+02
94.044894074600	-1.1474508891312e+02
94.074873320400	-1.1778589140607e+02
94.104852566200	-1.2086190007492e+02
94.134831812000	-1.2397152873408e+02
94.164811057800	-1.2711316549267e+02
94.194790303600	-1.3028517393489e+02
94.224769549400	-1.3348589432125e+02
94.254748795200	-1.3671364480968e+02
94.284728041000	-1.3996672269535e+02
94.314707286800	-1.4324340566806e+02
94.344686532600	-1.4654195308621e+02
94.374665778400	-1.4986060726599e+02
94.404645024200	-1.5319759478483e+02
94.434624270000	-1.5655112779781e+02
94.464603515800	-1.5991940536595e+02
94.494582761600	-1.6330061479508e+02
94.524562007400	-1.6669293298417e+02
94.554541253200	-1.7009452778194e+02
94.584520499000	-1.7350355935039e+02
94.614499744800	-1.7691818153424e+02
94.644478990600	-1.8033654323491e+02
94.674458236400	-1.8375678978786e+02
94.704437482200	-1.8717706434206e+02
94.734416728000	-1.9059550924037e+02
94.764395973800	-1.9401026739968e+02
94.794375219600	-1.9741948368942e+02
94.824354465400	-2.0082130630733e+02
94.854333711200	-2.0421388815137e+02
94.884312957000	-2.0759538818630e+02
94.914292202800	-2.1096397280401e+02
94.944271448600	-2.1431781717621e+02
94.974250694400	-2.1765510659838e+02
95.004229940200	-2.2097403782378e+02
95.034209186000	-2.2427282038640e+02
95.064188431800	-2.2754967791159e+02
95.094167677600	-2.3080284941336e+02
95.124146923400	-2.3403059057715e+02
95.154126169200	-2.3723117502698e+02
95.184105415000	-2.4040289557583e+02
95.214084660800	-2.4354406545832e+02
95.244063906600	-2.4665301954446e+02
95.274043152400	-2.4972811553356e+02
95.304022398200	-2.5276773512721e+02
95.334001644000	-2.5577028518032e+02
95.363980889800	-2.5873419882939e+02
95.393960135600	-2.6165793659683e+02
95.423939381400	-2.6453998747058e+02
95.453918627200	-2.6737886995806e+02
95.483897873000	-2.7017313311360e+02
95.513877118800	-2.7292135753843e+02
95.543856364600	-2.7562215635250e+02
95.573835610400	-2.7827417613725e+02
95.603814856200	-2.8087609784867e+02
95.633794102000	-2.8342663769974e+02
95.663773347800	-2.8592454801170e+02
95.693752593600	-2.8836861803342e+02
95.723731839400	-2.9075767472820e+02
95.753711085200	-2.9309058352737e+02
95.783690331000	-2.9536624905017e+02
95.813669576800	-2.9758361578931e+02
95.843648822600	-2.9974166876169e+02
95.873628068400	-3.0183943412384e+02
95.903607314200	-3.0387597975151e+02
95.933586560000	-3.0585041578322e+02
95.963565805800	-3.0776189512708e+02
95.993545051600	-3.0960961393082e+02
96.023524297400	-3.1139281201451e+02
96.053503543200	-3.1311077326586e+02
96.083482789000	-3.1476282599766e+02
96.113462034800	-3.1634834326735e+02
96.143441280600	-3.1786674315843e+02
96.173420526400	-3.1931748902363e+02
96.203399772200	-3.2070008968964e+02
96.233379018000	-3.2201409962351e+02
96.263358263800	-3.2325911906056e+02
96.293337509600	-3.2443479409380e+02
96.323316755400	-3.2554081672499e+02
96.353296001200	-3.2657692487736e+02
96.383275247000	-3.2754290237013e+02
96.413254492800	-3.2843857885495e+02
96.443233738600	-3.2926382971445e+02
96.473212984400	-3.3001857592317e+02
96.503192230200	-3.3070278387107e+02
96.533171476000	-3.3131646514988e+02
96.563150721800	-3.3185967630271e+02
96.593129967600	-3.3233251853720e+02
96.623109213400	-3.3273513740259e+02
96.653088459200	-3.3306772243121e+02
96.683067705000	-3.3333050674474e+02
96.713046950800	-3.3352376662575e+02
96.743026196600	-3.3364782105516e+02
96.773005442400	-3.3370303121595e+02
96.802984688200	-3.3368979996388e+02
96.832963934000	-3.3360857126569e+02
96.862943179800	-3.3345982960553e+02
96.892922425600	-3.3324409936018e+02
96.922901671400	-3.3296194414385e+02
96.952880917200	-3.3261396612312e+02
96.982860163000	-3.3220080530294e+02
97.012839408800	-3.3172313878432e+02
97.042818654600	-3.3118167999461e+02
97.072797900400	-3.3057717789099e+02
97.102777146200	-3.2991041613831e+02
97.132756392000	-3.2918221226180e+02
97.162735637800	-3.2839341677576e+02
97.192714883600	-3.2754491228908e+02
97.222694129400	-3.2663761258841e+02
97.252673375200	-3.2567246170000e+02
97.282652621000	-3.2465043293117e+02
97.312631866800	-3.2357252789232e+02
97.342611112600	-3.2243977550050e+02
97.372590358400	-3.2125323096549e+02
97.402569604200	-3.2001397475949e+02
97.432548850000	-3.1872311157130e+02
97.462528095800	-3.1738176924619e+02
97.492507341600	-3.1599109771237e+02
97.522486587400	-3.1455226789514e+02
97.552465833200	-3.1306647061979e+02
97.582445079000	-3.1153491550439e+02
97.612424324800	-3.0995882984338e+02
97.642403570600	-3.0833945748317e+02
97.672382816400	-3.0667805769079e+02
97.702362062200	-3.0497590401662e+02
97.732341308000	-3.0323428315241e+02
97.762320553800	-3.0145449378554e+02
97.792299799600	-2.9963784545065e+02
97.822279045400	-2.9778565737978e+02
97.852258291200	-2.9589925735203e+02
97.882237537000	-2.9397998054385e+02
97.912216782800	-2.9202916838099e+02
97.942196028600	-2.9004816739326e+02
97.972175274400	-2.8803832807304e+02
98.002154520200	-2.8600100373876e+02
98.032133766000	-2.8393754940420e+02
98.062113011800	-2.8184932065478e+02
98.092092257600	-2.7973767253181e+02
98.122071503400	-2.7760395842573e+02
98.152050749200	-2.7544952897935e+02
98.182029995000	-2.7327573100199e+02
98.212009240800	-2.7108390639564e+02
98.241988486600	-2.6887539109394e+02
98.271967732400	-2.6665151401505e+02
98.301946978200	-2.6441359602927e+02
98.331926224000	-2.6216294894223e+02
98.361905469800	-2.5990087449475e+02
98.391884715600	-2.5762866338006e+02
98.421863961400	-2.5534759427924e+02
98.451843207200	-2.5305893291576e+02
98.481822453000	-2.5076393112997e+02
98.511801698800	-2.4846382597414e+02
98.541780944600	-2.4615983882902e+02
98.571760190400	-2.4385317454249e+02
98.601739436200	-2.4154502059110e+02
98.631718682000	-2.3923654626515e+02
98.661697927800	-2.3692890187797e+02
98.691677173600	-2.3462321800004e+02
98.721656419400	-2.3232060471850e+02
98.751635665200	-2.3002215092279e+02
98.781614911000	-2.2772892361668e+02
98.811594156800	-2.2544196725758e+02
98.841573402600	-2.2316230312320e+02
98.871552648400	-2.2089092870648e+02
98.901531894200	-2.1862881713878e+02
98.931511140000	-2.1637691664209e+02
98.961490385800	-2.1413615001041e+02
98.991469631600	-2.1190741412070e+02
99.021448877400	-2.0969157947380e+02
99.051428123200	-2.0748948976546e+02
99.081407369000	-2.0530196148781e+02
99.111386614800	-2.0312978356150e+02
99.141365860600	-2.0097371699862e+02
99.171345106400	-1.9883449459668e+02
99.201324352200	-1.9671282066361e+02
99.231303598000	-1.9460937077403e+02
99.261282843800	-1.9252479155674e+02
99.291262089600	-1.9045970051351e+02
99.321241335400	-1.8841468586918e+02
99.351220581200	-1.8639030645297e+02
99.381199827000	-1.8438709161100e+02
99.411179072800	-1.8240554114991e+02
99.441158318600	-1.8044612531143e+02
99.471137564400	-1.7850928477775e+02
99.501116810200	-1.7659543070752e+02
99.531096056000	-1.7470494480223e+02
99.561075301800	-1.7283817940281e+02
99.591054547600	-1.7099545761595e+02
99.621033793400	-1.6917707347019e+02
99.651013039200	-1.6738329210105e+02
99.680992285000	-1.6561434996516e+02
99.710971530800	-1.6387045508279e+02
99.740950776600	-1.6215178730847e+02
99.770930022400	-1.6045849862924e+02
99.800909268200	-1.5879071348994e+02
99.830888514000	-1.5714852914528e+02
99.860867759800	-1.5553201603793e+02
99.890847005600	-1.5394121820219e+02
99.920826251400	-1.5237615369269e+02
99.950805497200	-1.5083681503746e+02
99.980784743000	-1.4932316971484e+02
100.010763988800	-1.4783516065342e+02
100.040743234600	-1.4637270675461e+02
100.070722480400	-1.4493570343690e+02
100.100701726200	-1.4352402320125e+02
100.130680972000	-1.4213751621692e+02
100.160660217800	-1.4077601092684e+02
100.190639463600	-1.3943931467196e+02
100.220618709400	-1.3812721433364e+02
100.250597955200	-1.3683947699343e+02
100.280577201000	-1.3557585060931e+02
100.310556446800	-1.3433606470770e+02
100.340535692600	-1.3311983109028e+02
100.370514938400	-1.3192684455491e+02
100.400494184200	-1.3075678362964e+02
100.430473430000	-1.2960931131914e+02
100.460452675800	-1.2848407586247e+02
100.490431921600	-1.2738071150144e+02
100.520411167400	-1.2629883925870e+02
100.550390413200	-1.2523806772446e+02
100.580369659000	-1.2419799385120e+02
100.610348904800	-1.2317820375528e+02
100.640328150600	-1.2217827352457e+02
100.670307396400	-1.2119777003125e+02
100.700286642200	-1.2023625174879e+02
100.730265888000	-1.1929326957222e+02
100.760245133800	-1.1836836764079e+02
100.790224379600	-1.1746108416205e+02
100.820203625400	-1.1657095223647e+02
100.850182871200	-1.1569750068169e+02
100.880162117000	-1.1484025485547e+02
100.910141362800	-1.1399873747644e+02
100.940120608600	-1.1317246944173e+02
100.970099854400	-1.1236097064064e+02
101.000079100200	-1.1156376076337e+02
101.030058346000	-1.1078036010404e+02
101.060037591800	-1.1001029035702e+02
101.090016837600	-1.0925307540581e+02
101.119996083400	-1.0850824210354e+02
101.149975329200	-1.0777532104425e+02
101.179954575000	-1.0705384732423e+02
101.209933820800	-1.0634336129245e+02
101.239913066600	-1.0564340928939e+02
101.269892312400	-1.0495354437346e+02
101.299871558200	-1.0427332703421e+02
101.329850804000	-1.0360232589160e+02
101.359830049800	-1.0294011838062e+02
101.389809295600	-1.0228629142046e+02
101.419788541400	-1.0164044206760e+02
101.449767787200	-1.0100217815215e+02
101.479747033000	-1.0037111889668e+02
101.509726278800	-9.9746895517016e+01
101.539705524600	-9.9129151804303e+01
101.569684770400	-9.8517544687763e+01
101.599664016200	-9.7911744777572e+01
101.629643262000	-9.7311436887285e+01
101.659622507800	-9.6716320535304e+01
101.689601753600	-9.6126110424849e+01
101.719580999400	-9.5540536901980e+01
101.749560245200	-9.4959346391184e+01
101.779539491000	-9.4382301808109e+01
101.809518736800	-9.3809182949028e+01
101.839497982600	-9.3239786856661e+01
101.869477228400	-9.2673928161976e+01
101.899456474200	-9.2111439401666e+01
101.929435720000	-9.1552171310976e+01
101.959414965800	-9.0995993091612e+01
101.989394211600	-9.0442792654487e+01
102.019373457400	-8.9892476837065e+01
102.049352703200	-8.9344971595132e+01
102.079331949000	-8.8800222168805e+01
102.109311194800	-8.8258193222650e+01
102.139290440600	-8.7718868959798e+01
102.169269686400	-8.7182253209970e+01
102.199248932200	-8.6648369491367e+01
102.229228178000	-8.6117261046377e+01
102.259207423800	-8.5588990851122e+01
102.289186669600	-8.5063641598860e+01
102.319165915400	-8.4541315657301e+01
102.349145161200	-8.4022134999922e+01
102.379124407000	-8.3506241111393e+01
102.409103652800	-8.2993794867249e+01
102.439082898600	-8.2484976387984e+01
102.469062144400	-8.1979984867743e+01
102.499041390200	-8.1479038377853e+01
102.529020636000	-8.0982373645426e+01
102.558999881800	-8.0490245807301e+01
102.588979127600	-8.0002928139649e+01
102.618958373400	-7.9520711763532e+01
102.648937619200	-7.9043905326791e+01
102.678916865000	-7.8572834662626e+01
102.708896110800	-7.8107842425264e+01
102.738875356600	-7.7649287703144e+01
102.768854602400	-7.7197545610062e+01
102.798833848200	-7.6753006854740e+01
102.828813094000	-7.6316077289318e+01
102.858792339800	-7.5887177437269e+01
102.888771585600	-7.5466742001288e+01
102.918750831400	-7.5055219351695e+01
102.948730077200	-7.4653070995931e+01
102.978709323000	-7.4260771029744e+01
103.008688568800	-7.3878805570672e+01
103.038667814600	-7.3507672174462e+01
103.068647060400	-7.3147879235064e+01
103.098626306200	-7.2799945368875e+01
103.128605552000	-7.2464398783905e+01
103.158584797800	-7.2141776634566e+01
103.188564043600	-7.1832624362799e+01
103.218543289400	-7.1537495026256e+01
103.248522535200	-7.1256948614282e+01
103.278501781000	-7.0991551352445e+01
103.308481026800	-7.0741874996372e+01
103.338460272600	-7.0508496115675e+01
103.368439518400	-7.0291995368736e+01
103.398418764200	-7.0092956769152e+01
103.428398010000	-6.9911966944636e+01
103.458377255800	-6.9749614389187e+01
103.488356501600	-6.9606488709332e+01
103.518335747400	-6.9483179865272e+01
103.548314993200	-6.9380277407753e+01
103.578294239000	-6.9298369711483e+01
103.608273484800	-6.9238043205939e+01
103.638252730600	-6.9199881604396e+01
103.668231976400	-6.9184465131999e+01
103.698211222200	-6.9192369753742e+01
103.728190468000	-6.9224166403166e+01
103.758169713800	-6.9280420212617e+01
103.788148959600	-6.9361689745914e+01
103.818128205400	-6.9468526234230e+01
103.848107451200	-6.9601472816036e+01
103.878086697000	-6.9761063781918e+01
103.908065942800	-6.9947823825092e+01
103.938045188600	-7.0162267298417e+01
103.968024434400	-7.0404897478723e+01
103.998003680200	-7.0676205839244e+01
104.027982926000	-7.0976671330943e+01
104.057962171800	-7.1306759673508e+01
104.087941417600	-7.1666922656787e+01
104.117920663400	-7.2057597453425e+01
104.147899909200	-7.2479205943442e+01
104.177879155000	-7.2932154051481e+01
104.207858400800	-7.3416831097464e+01
104.237837646600	-7.3933609161339e+01
104.267816892400	-7.4482842462629e+01
104.297796138200	-7.5064866755447e+01
104.327775384000	-7.5679998739647e+01
104.357754629800	-7.6328535488740e+01
104.387733875600	-7.7010753895221e+01
104.417713121400	-7.7726910133905e+01
104.447692367200	-7.8477239143852e+01
104.477671613000	-7.9261954129478e+01
104.507650858800	-8.0081246081379e+01
104.537630104600	-8.0935283317415e+01
104.567609350400	-8.1824211044551e+01
104.597588596200	-8.2748150941963e+01
104.627567842000	-8.3707200765858e+01
104.657547087800	-8.4701433976467e+01
104.687526333600	-8.5730899387629e+01
104.717505579400	-8.6795620839363e+01
104.747484825200	-8.7895596893817e+01
104.777464071000	-8.9030800554930e+01
104.807443316800	-9.0201179012159e+01
104.837422562600	-9.1406653408547e+01
104.867401808400	-9.2647118633442e+01
104.897381054200	-9.3922443140101e+01
104.927360300000	-9.5232468788424e+01
104.957339545800	-9.6577010713011e+01
104.987318791600	-9.7955857216729e+01
105.017298037400	-9.9368769689945e+01
105.047277283200	-1.0081548255555e+02
105.077256529000	-1.0229570323986e+02
105.107235774800	-1.0380911216952e+02
105.137215020600	-1.0535536279438e+02
105.167194266400	-1.0693408163649e+02
105.197173512200	-1.0854486836501e+02
105.227152758000	-1.1018729589731e+02
105.257132003800	-1.1186091052584e+02
105.287111249600	-1.1356523207105e+02
105.317090495400	-1.1529975405997e+02
105.347069741200	-1.1706394393048e+02
105.377048987000	-1.1885724326104e+02
105.407028232800	-1.2067906802581e+02
105.437007478600	-1.2252880887471e+02
105.466986724400	-1.2440583143852e+02
105.496965970200	-1.2630947665844e+02
105.526945216000	-1.2823906114011e+02
105.556924461800	-1.3019387753150e+02
105.586903707600	-1.3217319492467e+02
105.616882953400	-1.3417625928069e+02
105.646862199200	-1.3620229387769e+02
105.676841445000	-1.3825049978133e+02
105.706820690800	-1.4032005633753e+02
105.736799936600	-1.4241012168683e+02
105.766779182400	-1.4451983330003e+02
105.796758428200	-1.4664830853457e+02
105.826737674000	-1.4879464521117e+02
105.856716919800	-1.5095792221016e+02
105.886696165600	-1.5313720008707e+02
105.916675411400	-1.5533152170674e+02
105.946654657200	-1.5753991289557e+02
105.976633903000	-1.5976138311112e+02
106.006613148800	-1.6199492612860e+02
106.036592394600	-1.6423952074351e+02
106.066571640400	-1.6649413148987e+02
106.096550886200	-1.6875770937330e+02
106.126530132000	-1.7102919261830e+02
106.156509377800	-1.7330750742910e+02
106.186488623600	-1.7559156876327e+02
106.216467869400	-1.7788028111742e+02
106.246447115200	-1.8017253932433e+02
106.276426361000	-1.8246722936069e+02
106.306405606800	-1.8476322916468e+02
106.336384852600	-1.8705940946271e+02
106.366364098400	-1.8935463460458e+02
106.396343344200	-1.9164776340608e+02
106.426322590000	-1.9393764999857e+02
106.456301835800	-1.9622314468445e+02
106.486281081600	-1.9850309479792e+02
106.516260327400	-2.0077634557015e+02
106.546239573200	-2.0304174099807e+02
106.576218819000	-2.0529812471602e+02
106.606198064800	-2.0754434086937e+02
106.636177310600	-2.0977923498938e+02
106.666156556400	-2.1200165486848e+02
106.696135802200	-2.1421045143507e+02
106.726115048000	-2.1640447962719e+02
106.756094293800	-2.1858259926410e+02
106.786073539600	-2.2074367591508e+02
106.816052785400	-2.2288658176457e+02
106.846032031200	-2.2501019647295e+02
106.876011277000	-2.2711340803198e+02
106.905990522800	-2.2919511361439e+02
106.935969768600	-2.3125422041658e+02
106.965949014400	-2.3328964649382e+02
106.995928260200	-2.3530032158711e+02
107.025907506000	-2.3728518794098e+02
107.055886751800	-2.3924320111146e+02
107.085865997600	-2.4117333076350e+02
107.115845243400	-2.4307456145710e+02
107.145824489200	-2.4494589342144e+02
107.175803735000	-2.4678634331632e+02
107.205782980800	-2.4859494498017e+02
107.235762226600	-2.5037075016410e+02
107.265741472400	-2.5211282925105e+02
107.295720718200	-2.5382027195975e+02
107.325699964000	-2.5549218803251e+02
107.355679209800	-2.5712770790650e+02
107.385658455600	-2.5872598336774e+02
107.415637701400	-2.6028618818733e+02
107.445616947200	-2.6180751873925e+02
107.475596193000	-2.6328919459933e+02
107.505575438800	-2.6473045912465e+02
107.535554684600	-2.6613058001312e+02
107.565533930400	-2.6748884984251e+02
107.595513176200	-2.6880458658863e+02
107.625492422000	-2.7007713412213e+02
107.655471667800	-2.7130586268347e+02
107.685450913600	-2.7249016933579e+02
107.715430159400	-2.7362947839509e+02
107.745409405200	-2.7472324183754e+02
107.775388651000	-2.7577093968347e+02
107.805367896800	-2.7677208035781e+02
107.835347142600	-2.7772620102653e+02
107.865326388400	-2.7863286790906e+02
107.895305634200	-2.7949167656611e+02
107.925284880000	-2.8030225216307e+02
107.955264125800	-2.8106424970834e+02
107.985243371600	-2.8177735426682e+02
108.015222617400	-2.8244128114813e+02
108.045201863200	-2.8305577606956e+02
108.075181109000	-2.8362061529362e+02
108.105160354800	-2.8413560574009e+02
108.135139600600	-2.8460058507253e+02
108.165118846400	-2.8501542175925e+02
108.195098092200	-2.8538001510862e+02
108.225077338000	-2.8569429527894e+02
108.255056583800	-2.8595822326266e+02
108.285035829600	-2.8617179084521e+02
108.315015075400	-2.8633502053849e+02
108.344994321200	-2.8644796548906e+02
108.374973567000	-2.8651070936118e+02
108.404952812800	-2.8652336619502e+02
108.434932058600	-2.8648608023996e+02
108.464911304400	-2.8639902576343e+02
108.494890550200	-2.8626240683534e+02
108.524869796000	-2.8607645708849e+02
108.554849041800	-2.8584143945517e+02
108.584828287600	-2.8555764588019e+02
108.614807533400	-2.8522539701080e+02
108.644786779200	-2.8484504186372e+02
108.674766025000	-2.8441695746971e+02
108.704745270800	-2.8394154849598e+02
108.734724516600	-2.8341924684701e+02
108.764703762400	-2.8285051124395e+02
108.794683008200	-2.8223582678328e+02
108.824662254000	-2.8157570447506e+02
108.854641499800	-2.8087068076130e+02
108.884620745600	-2.8012131701489e+02
108.914599991400	-2.7932819901964e+02
108.944579237200	-2.7849193643203e+02
108.974558483000	-2.7761316222502e+02
109.004537728800	-2.7669253211477e+02
109.034516974600	-2.7573072397052e+02
109.064496220400	-2.7472843720849e+02
109.094475466200	-2.7368639217028e+02
109.124454712000	-2.7260532948642e+02
109.154433957800	-2.7148600942562e+02
109.184413203600	-2.7032921123054e+02
109.214392449400	-2.6913573244057e+02
109.244371695200	-2.6790638820232e+02
109.274350941000	-2.6664201056858e+02
109.304330186800	-2.6534344778632e+02
109.334309432600	-2.6401156357452e+02
109.364288678400	-2.6264723639240e+02
109.394267924200	-2.6125135869897e+02
109.424247170000	-2.5982483620436e+02
109.454226415800	-2.5836858711385e+02
109.484205661600	-2.5688354136525e+02
109.514184907400	-2.5537063986028e+02
109.544164153200	-2.5383083369085e+02
109.574143399000	-2.5226508336088e+02
109.604122644800	-2.5067435800432e+02
109.634101890600	-2.4905963460025e+02
109.664081136400	-2.4742189718578e+02
109.694060382200	-2.4576213606734e+02
109.724039628000	-2.4408134703132e+02
109.754018873800	-2.4238053055458e+02
109.783998119600	-2.4066069101576e+02
109.813977365400	-2.3892283590794e+02
109.843956611200	-2.3716797505354e+02
109.873935857000	-2.3539711982205e+02
109.903915102800	-2.3361128235140e+02
109.933894348600	-2.3181147477363e+02
109.963873594400	-2.2999870844559e+02
109.993852840200	-2.2817399318534e+02
110.023832086000	-2.2633833651497e+02
110.053811331800	-2.2449274291053e+02
110.083790577600	-2.2263821305969e+02
110.113769823400	-2.2077574312783e+02
110.143749069200	-2.1890632403324e+02
110.173728315000	-2.1703094073197e+02
110.203707560800	-2.1515057151310e+02
110.233686806600	-2.1326618730491e+02
110.263666052400	-2.1137875099264e+02
110.293645298200	-2.0948921674841e+02
110.323624544000	-2.0759852937389e+02
110.353603789800	-2.0570762365616e+02
110.383583035600	-2.0381742373758e+02
110.413562281400	-2.0192884249985e+02
110.443541527200	-2.0004278096309e+02
110.473520773000	-1.9816012770019e+02
110.503500018800	-1.9628175826713e+02
110.533479264600	-1.9440853464955e+02
110.563458510400	-1.9254130472609e+02
110.593437756200	-1.9068090174900e+02
110.623417002000	-1.8882814384224e+02
110.653396247800	-1.8698383351771e+02
110.683375493600	-1.8514875720972e+02
110.713354739400	-1.8332368482826e+02
110.743333985200	-1.8150936933130e+02
110.773313231000	-1.7970654631643e+02
110.803292476800	-1.7791593363214e+02
110.833271722600	-1.7613823100905e+02
110.863250968400	-1.7437411971131e+02
110.893230214200	-1.7262426220830e+02
110.923209460000	-1.7088930186707e+02
110.953188705800	-1.6916986266545e+02
110.983167951600	-1.6746654892612e+02
111.013147197400	-1.6577994507183e+02
111.043126443200	-1.6411061540176e+02
111.073105689000	-1.6245910388918e+02
111.103084934800	-1.6082593400054e+02
111.133064180600	-1.5921160853593e+02
111.163043426400	-1.5761660949103e+02
111.193022672200	-1.5604139794053e+02
111.223001918000	-1.5448641394301e+02
111.252981163800	-1.5295207646725e+02
111.282960409600	-1.5143878333987e+02
111.312939655400	-1.4994691121432e+02
111.342918901200	-1.4847681556103e+02
111.372898147000	-1.4702883067862e+02
111.402877392800	-1.4560326972612e+02
111.432856638600	-1.4420042477584e+02
111.462835884400	-1.4282056688694e+02
111.492815130200	-1.4146394619931e+02
111.522794376000	-1.4013079204770e+02
111.552773621800	-1.3882131309566e+02
111.582752867600	-1.3753569748924e+02
111.612732113400	-1.3627411302999e+02
111.642711359200	-1.3503670736714e+02
111.672690605000	-1.3382360820841e+02
111.702669850800	-1.3263492354934e+02
111.732649096600	-1.3147074192066e+02
111.762628342400	-1.3033113265332e+02
111.792607588200	-1.2921614616091e+02
111.822586834000	-1.2812581423890e+02
111.852566079800	-1.2706015038040e+02
111.882545325600	-1.2601915010796e+02
111.912524571400	-1.2500279132095e+02
111.942503817200	-1.2401103465809e+02
111.972483063000	-1.2304382387460e+02
112.002462308800	-1.2210108623352e+02
112.032441554600	-1.2118273291065e+02
112.062420800400	-1.2028865941264e+02
112.092400046200	-1.1941874600771e+02
112.122379292000	-1.1857285816829e+02
112.152358537800	-1.1775084702532e+02
112.182337783600	-1.1695254983341e+02
112.212317029400	-1.1617779044633e+02
112.242296275200	-1.1542637980236e+02
112.272275521000	-1.1469811641879e+02
112.302254766800	-1.1399278689503e+02
112.332234012600	-1.1331016642367e+02
112.362213258400	-1.1265001930902e+02
112.392192504200	-1.1201209949232e+02
112.422171750000	-1.1139615108315e+02
112.452150995800	-1.1080190889636e+02
112.482130241600	-1.1022909899387e+02
112.512109487400	-1.0967743923074e+02
112.542088733200	-1.0914663980489e+02
112.572067979000	-1.0863640380979e+02
112.602047224800	-1.0814642778953e+02
112.632026470600	-1.0767640229556e+02
112.662005716400	-1.0722601244459e+02
112.691984962200	-1.0679493847686e+02
112.721964208000	-1.0638285631427e+02
112.751943453800	-1.0598943811770e+02
112.781922699600	-1.0561435284285e+02
112.811901945400	-1.0525726679402e+02
112.841881191200	-1.0491784417521e+02
112.871860437000	-1.0459574763793e+02
112.901839682800	-1.0429063882504e+02
112.931818928600	-1.0400217891012e+02
112.961798174400	-1.0373002913169e+02
112.991777420200	-1.0347385132174e+02
113.021756666000	-1.0323330842800e+02
113.051735911800	-1.0300806502924e+02
113.081715157600	-1.0279778784330e+02
113.111694403400	-1.0260214622701e+02
113.141673649200	-1.0242081266765e+02
113.171652895000	-1.0225346326534e+02
113.201632140800	-1.0209977820583e+02
113.231611386600	-1.0195944222328e+02
113.261590632400	-1.0183214505234e+02
113.291569878200	-1.0171758186923e+02
113.321549124000	-1.0161545372130e+02
113.351528369800	-1.0152546794454e+02
113.381507615600	-1.0144733856869e+02
113.411486861400	-1.0138078670946e+02
113.441466107200	-1.0132554094748e+02
113.471445353000	-1.0128133769359e+02
113.501424598800	-1.0124792154005e+02
113.531403844600	-1.0122504559734e+02
113.561383090400	-1.0121247181617e+02
113.591362336200	-1.0120997129448e+02
113.621341582000	-1.0121732456887e+02
113.651320827800	-1.0123432189049e+02
113.681300073600	-1.0126076348482e+02
113.711279319400	-1.0129645979526e+02
113.741258565200	-1.0134123171027e+02
113.771237811000	-1.0139491077371e+02
113.801217056800	-1.0145733937835e+02
113.831196302600	-1.0152837094225e+02
113.861175548400	-1.0160787006789e+02
113.891154794200	-1.0169571268388e+02
113.921134040000	-1.0179178616921e+02
113.951113285800	-1.0189598945971e+02
113.981092531600	-1.0200823313699e+02
114.011071777400	-1.0212843949939e+02
114.041051023200	-1.0225654261525e+02
114.071030269000	-1.0239248835822e+02
114.101009514800	-1.0253623442477e+02
114.130988760600	-1.0268775033375e+02
114.160968006400	-1.0284701740819e+02
114.190947252200	-1.0301402873935e+02
114.220926498000	-1.0318878913299e+02
114.250905743800	-1.0337131503806e+02
114.280884989600	-1.0356163445792e+02
114.310864235400	-1.0375978684415e+02
114.340843481200	-1.0396582297316e+02
114.370822727000	-1.0417980480571e+02
114.400801972800	-1.0440180532963e+02
114.430781218600	-1.0463190838577e+02
114.460760464400	-1.0487020847765e+02
114.490739710200	-1.0511681056479e+02
114.520718956000	-1.0537182984012e+02
114.550698201800	-1.0563539149185e+02
114.580677447600	-1.0590763044975e+02
114.610656693400	-1.0618869111660e+02
114.640635939200	-1.0647872708474e+02
114.670615185000	-1.0677790083831e+02
114.700594430800	-1.0708638344148e+02
114.730573676600	-1.0740435421291e+02
114.760552922400	-1.0773200038711e+02
114.790532168200	-1.0806951676278e+02
114.820511414000	-1.0841710533879e+02
114.850490659800	-1.0877497493815e+02
114.880469905600	-1.0914334082033e+02
114.910449151400	-1.0952242428259e+02
114.940428397200	-1.0991245225052e+02
114.970407643000	-1.1031365685853e+02
115.000386888800	-1.1072627502062e+02
115.030366134600	-1.1115054799199e+02
115.060345380400	-1.1158672092197e+02
115.090324626200	-1.1203504239883e+02
115.120303872000	-1.1249576398701e+02
115.150283117800	-1.1296913975723e+02
115.180262363600	-1.1345542581011e+02
115.210241609400	-1.1395487979384e+02
115.240220855200	-1.1446776041643e+02
115.270200101000	-1.1499432695311e+02
115.300179346800	-1.1553483874948e+02
115.330158592600	-1.1608955472100e+02
115.360137838400	-1.1665873284929e+02
115.390117084200	-1.1724262967604e+02
115.420096330000	-1.1784149979487e+02
115.450075575800	-1.1845559534188e+02
115.480054821600	-1.1908516548554e+02
115.510034067400	-1.1973045591627e+02
115.540013313200	-1.2039170833658e+02
115.569992559000	-1.2106915995221e+02
115.599971804800	-1.2176304296489e+02
115.629951050600	-1.2247358406729e+02
115.659930296400	-1.2320100394084e+02
115.689909542200	-1.2394551675692e+02
115.719888788000	-1.2470732968198e+02
115.749868033800	-1.2548664238733e+02
115.779847279600	-1.2628364656393e+02
115.809826525400	-1.2709852544302e+02
115.839805771200	-1.2793145332293e+02
115.869785017000	-1.2878259510276e+02
115.899764262800	-1.2965210582344e+02
115.929743508600	-1.3054013021673e+02
115.959722754400	-1.3144680226264e+02
115.989702000200	-1.3237224475593e+02
116.019681246000	-1.3331656888204e+02
116.049660491800	-1.3427987380309e+02
116.079639737600	-1.3526224625437e+02
116.109618983400	-1.3626376015193e+02
116.139598229200	-1.3728447621153e+02
116.169577475000	-1.3832444157967e+02
116.199556720800	-1.3938368947696e+02
116.229535966600	-1.4046223885436e+02
116.259515212400	-1.4156009406274e+02
116.289494458200	-1.4267724453605e+02
116.319473704000	-1.4381366448873e+02
116.349452949800	-1.4496931262746e+02
116.379432195600	-1.4614413187785e+02
116.409411441400	-1.4733804912636e+02
116.439390687200	-1.4855097497772e+02
116.469369933000	-1.4978280352826e+02
116.499349178800	-1.5103341215545e+02
116.529328424600	-1.5230266132390e+02
116.559307670400	-1.5359039440814e+02
116.589286916200	-1.5489643753243e+02
116.619266162000	-1.5622059942778e+02
116.649245407800	-1.5756267130651e+02
116.679224653600	-1.5892242675451e+02
116.709203899400	-1.6029962164134e+02
116.739183145200	-1.6169399404836e+02
116.769162391000	-1.6310526421519e+02
116.799141636800	-1.6453313450433e+02
116.829120882600	-1.6597728938436e+02
116.859100128400	-1.6743739543164e+02
116.889079374200	-1.6891310135058e+02
116.919058620000	-1.7040403801271e+02
116.949037865800	-1.7190981851433e+02
116.979017111600	-1.7343003825296e+02
117.008996357400	-1.7496427502254e+02
117.038975603200	-1.7651208912730e+02
117.068954849000	-1.7807302351433e+02
117.098934094800	-1.7964660392473e+02
117.128913340600	-1.8123233906338e+02
117.158892586400	-1.8282972078703e+02
117.188871832200	-1.8443822431083e+02
117.218851078000	-1.8605730843298e+02
117.248830323800	-1.8768641577749e+02
117.278809569600	-1.8932497305469e+02
117.308788815400	-1.9097239133956e+02
117.338768061200	-1.9262806636742e+02
117.368747307000	-1.9429137884693e+02
117.398726552800	-1.9596169479004e+02
117.428705798600	-1.9763836585875e+02
117.458685044400	-1.9932072972825e+02
117.488664290200	-2.0100811046626e+02
117.518643536000	-2.0269981892824e+02
117.548622781800	-2.0439515316810e+02
117.578602027600	-2.0609339886409e+02
117.608581273400	-2.0779382975950e+02
117.638560519200	-2.0949570811786e+02
117.668539765000	-2.1119828519208e+02
117.698519010800	-2.1290080170734e+02
117.728498256600	-2.1460248835715e+02
117.758477502400	-2.1630256631219e+02
117.788456748200	-2.1800024774157e+02
117.818435994000	-2.1969473634587e+02
117.848415239800	-2.2138522790164e+02
117.878394485600	-2.2307091081687e+02
117.908373731400	-2.2475096669678e+02
117.938352977200	-2.2642457091965e+02
117.968332223000	-2.2809089322197e+02
117.998311468800	-2.2974909829250e+02
118.028290714600	-2.3139834637466e+02
118.058269960400	-2.3303779387675e+02
118.088249206200	-2.3466659398931e+02
118.118228452000	-2.3628389730927e+02
118.148207697800	-2.3788885247012e+02
118.178186943600	-2.3948060677768e+02
118.208166189400	-2.4105830685069e+02
118.238145435200	-2.4262109926594e+02
118.268124681000	-2.4416813120697e+02
118.298103926800	-2.4569855111607e+02
118.328083172600	-2.4721150934876e+02
118.358062418400	-2.4870615883028e+02
118.388041664200	-2.5018165571339e+02
118.418020910000	-2.5163716003691e+02
118.448000155800	-2.5307183638439e+02
118.477979401600	-2.5448485454232e+02
118.507958647400	-2.5587539015717e+02
118.537937893200	-2.5724262539078e+02
118.567917139000	-2.5858574957343e+02
118.597896384800	-2.5990395985385e+02
118.627875630600	-2.6119646184591e+02
118.657854876400	-2.6246247027090e+02
118.687834122200	-2.6370120959529e+02
118.717813368000	-2.6491191466298e+02
118.747792613800	-2.6609383132169e+02
118.777771859600	-2.6724621704275e+02
118.807751105400	-2.6836834153388e+02
118.837730351200	-2.6945948734415e+02
118.867709597000	-2.7051895046078e+02
118.897688842800	-2.7154604089706e+02
118.927668088600	-2.7254008327089e+02
118.957647334400	-2.7350041737344e+02
118.987626580200	-2.7442639872728e+02
119.017605826000	-2.7531739913358e+02
119.047585071800	-2.7617280720775e+02
119.077564317600	-2.7699202890311e+02
119.107543563400	-2.7777448802202e+02
119.137522809200	-2.7851962671398e+02
119.167502055000	-2.7922690596033e+02
119.197481300800	-2.7989580604500e+02
119.227460546600	-2.8052582701080e+02
119.257439792400	-2.8111648910101e+02
119.287419038200	-2.8166733318570e+02
119.317398284000	-2.8217792117232e+02
119.347377529800	-2.8264783640043e+02
119.377356775600	-2.8307668401985e+02
119.407336021400	-2.8346409135215e+02
119.437315267200	-2.8380970823499e+02
119.467294513000	-2.8411320734898e+02
119.497273758800	-2.8437428452683e+02
119.527253004600	-2.8459265904440e+02
119.557232250400	-2.8476807389347e+02
119.587211496200	-2.8490029603580e+02
119.617190742000	-2.8498911663847e+02
119.647169987800	-2.8503435129005e+02
119.677149233600	-2.8503584019751e+02
119.707128479400	-2.8499344836368e+02
119.737107725200	-2.8490706574498e+02
119.767086971000	-2.8477660738944e+02
119.797066216800	-2.8460201355467e+02
119.827045462600	-2.8438324980586e+02
119.857024708400	-2.8412030709352e+02
119.887003954200	-2.8381320181102e+02
119.916983200000	-2.8346197583186e+02
119.946962445800	-2.8306669652646e+02
119.976941691600	-2.8262745675873e+02
120.006920937400	-2.8214437486213e+02
120.036900183200	-2.8161759459540e+02
120.066879429000	-2.8104728507798e+02
120.096858674800	-2.8043364070510e+02
120.126837920600	-2.7977688104267e+02
120.156817166400	-2.7907725070206e+02
120.186796412200	-2.7833501919484e+02
120.216775658000	-2.7755048076760e+02
120.246754903800	-2.7672395421709e+02
120.276734149600	-2.7585578268572e+02
120.306713395400	-2.7494633343766e+02
120.336692641200	-2.7399599761577e+02
120.366671887000	-2.7300518997951e+02
120.396651132800	-2.7197434862409e+02
120.426630378600	-2.7090393468116e+02
120.456609624400	-2.6979443200124e+02
120.486588870200	-2.6864634681819e+02
120.516568116000	-2.6746020739606e+02
120.546547361800	-2.6623656365862e+02
120.576526607600	-2.6497598680187e+02
120.606505853400	-2.6367906888994e+02
120.636485099200	-2.6234642243470e+02
120.666464345000	-2.6097867995944e+02
120.696443590800	-2.5957649354711e+02
120.726422836600	-2.5814053437346e+02
120.756402082400	-2.5667149222541e+02
120.786381328200	-2.5517007500536e+02
120.816360574000	-2.5363700822152e+02
120.846339819800	-2.5207303446508e+02
120.876319065600	-2.5047891287439e+02
120.906298311400	-2.4885541858689e+02
120.936277557200	-2.4720334217905e+02
120.966256803000	-2.4552348909505e+02
120.996236048800	-2.4381667906451e+02
121.026215294600	-2.4208374550996e+02
121.056194540400	-2.4032553494446e+02
121.086173786200	-2.3854290636005e+02
121.116153032000	-2.3673673060738e+02
121.146132277800	-2.3490788976731e+02
121.176111523600	-2.3305727651486e+02
121.206090769400	-2.3118579347619e+02
121.236070015200	-2.2929435257912e+02
121.266049261000	-2.2738387439783e+02
121.296028506800	-2.2545528749227e+02
121.326007752600	-2.2350952774294e+02
121.355986998400	-2.2154753768154e+02
121.385966244200	-2.1957026581821e+02
121.415945490000	-2.1757866596579e+02
121.445924735800	-2.1557369656195e+02
121.475903981600	-2.1355631998949e+02
121.505883227400	-2.1152750189569e+02
121.535862473200	-2.0948821051113e+02
121.565841719000	-2.0743941596864e+02
121.595820964800	-2.0538208962306e+02
121.625800210600	-2.0331720337222e+02
121.655779456400	-2.0124572898003e+02
121.685758702200	-1.9916863740187e+02
121.715737948000	-1.9708689811336e+02
121.745717193800	-1.9500147844262e+02
121.775696439600	-1.9291334290698e+02
121.805675685400	-1.9082345255446e+02
121.835654931200	-1.8873276431080e+02
121.865634177000	-1.8664223033239e+02
121.895613422800	-1.8455279736587e+02
121.925592668600	-1.8246540611480e+02
121.955571914400	-1.8038099061402e+02
121.985551160200	-1.7830047761224e+02
122.015530406000	-1.7622478596330e+02
122.045509651800	-1.7415482602680e+02
122.075488897600	-1.7209149907836e+02
122.105468143400	-1.7003569673028e+02
122.135447389200	-1.6798830036282e+02
122.165426635000	-1.6595018056682e+02
122.195405880800	-1.6392219659798e+02
122.225385126600	-1.6190519584325e+02
122.255364372400	-1.5990001329986e+02
122.285343618200	-1.5790747106736e+02
122.315322864000	-1.5592837785311e+02
122.345302109800	-1.5396352849155e+02
122.375281355600	-1.5201370347777e+02
122.405260601400	-1.5007966851561e+02
122.435239847200	-1.4816217408079e+02
122.465219093000	-1.4626195499929e+02
122.495198338800	-1.4437973004139e+02
122.525177584600	-1.4251620153160e+02
122.555156830400	-1.4067205497495e+02
122.585136076200	-1.3884795869964e+02
122.615115322000	-1.3704456351667e+02
122.645094567800	-1.3526250239631e+02
122.675073813600	-1.3350239016199e+02
122.705053059400	-1.3176482320161e+02
122.735032305200	-1.3005037919657e+02
122.765011551000	-1.2835961686856e+02
122.794990796800	-1.2669307574453e+02
122.824970042600	-1.2505127593971e+02
122.854949288400	-1.2343471795900e+02
122.884928534200	-1.2184388251669e+02
122.914907780000	-1.2027923037479e+02
122.944887025800	-1.1874120219983e+02
122.974866271600	-1.1723021843836e+02
123.004845517400	-1.1574667921109e+02
123.034824763200	-1.1429096422573e+02
123.064804009000	-1.1286343270850e+02
123.094783254800	-1.1146442335437e+02
123.124762500600	-1.1009425429587e+02
123.154741746400	-1.0875322309054e+02
123.184720992200	-1.0744160672691e+02
123.214700238000	-1.0615966164887e+02
123.244679483800	-1.0490762379842e+02
123.274658729600	-1.0368570867661e+02
123.304637975400	-1.0249411142252e+02
123.334617221200	-1.0133300691020e+02
123.364596467000	-1.0020254986337e+02
123.394575712800	-9.9102874987581e+01
123.424554958600	-9.8034097119804e+01
123.454534204400	-9.6996311395126e+01
123.484513450200	-9.5989593430313e+01
123.514492696000	-9.5013999524012e+01
123.544471941800	-9.4069566873319e+01
123.574451187600	-9.3156313806419e+01
123.604430433400	-9.2274240031000e+01
123.634409679200	-9.1423326898139e+01
123.664388925000	-9.0603537681308e+01
123.694368170800	-8.9814817870181e+01
123.724347416600	-8.9057095478873e+01
123.754326662400	-8.8330281368247e+01
123.784305908200	-8.7634269581896e+01
123.814285154000	-8.6968937695427e+01
123.844264399800	-8.6334147178620e+01
123.874243645600	-8.5729743770053e+01
123.904222891400	-8.5155557863765e+01
123.934202137200	-8.4611404907514e+01
123.964181383000	-8.4097085812183e+01
123.994160628800	-8.3612387371870e+01
124.024139874600	-8.3157082694195e+01
124.054119120400	-8.2730931640351e+01
124.084098366200	-8.2333681274403e+01
124.114077612000	-8.1965066321346e+01
124.144056857800	-8.1624809633425e+01
124.174036103600	-8.1312622664199e+01
124.204015349400	-8.1028205949839e+01
124.233994595200	-8.0771249597141e+01
124.263973841000	-8.0541433777727e+01
124.293953086800	-8.0338429227898e+01
124.323932332600	-8.0161897753613e+01
124.353911578400	-8.0011492740046e+01
124.383890824200	-7.9886859665186e+01
124.413870070000	-7.9787636616932e+01
124.443849315800	-7.9713454813132e+01
124.473828561600	-7.9663939124032e+01
124.503807807400	-7.9638708596562e+01
124.533787053200	-7.9637376979937e+01
124.563766299000	-7.9659553251991e+01
124.593745544800	-7.9704842145732e+01
124.623724790600	-7.9772844675528e+01
124.653704036400	-7.9863158662417e+01
124.683683282200	-7.9975379257967e+01
124.713662528000	-8.0109099466157e+01
124.743641773800	-8.0263910662742e+01
124.773621019600	-8.0439403111559e+01
124.803600265400	-8.0635166477253e+01
124.833579511200	-8.0850790333886e+01
124.863558757000	-8.1085864668920e+01
124.893538002800	-8.1339980382052e+01
124.923517248600	-8.1612729778393e+01
124.953496494400	-8.1903707055492e+01
124.983475740200	-8.2212508783713e+01
125.013454986000	-8.2538734379466e+01
125.043434231800	-8.2881986570835e+01
125.073413477600	-8.3241871855108e+01
125.103392723400	-8.3618000947770e+01
125.133371969200	-8.4009989222498e+01
125.163351215000	-8.4417457141714e+01
125.193330460800	-8.4840030677277e+01
125.223309706600	-8.5277341720875e+01
125.253288952400	-8.5729028483736e+01
125.283268198200	-8.6194735885232e+01
125.313247444000	-8.6674115930013e+01
125.343226689800	-8.7166828073283e+01
125.373205935600	-8.7672539573871e+01
125.403185181400	-8.8190925834742e+01
125.433164427200	-8.8721670730614e+01
125.463143673000	-8.9264466922367e+01
125.493122918800	-8.9819016157934e+01
125.523102164600	-9.0385029559379e+01
125.553081410400	-9.0962227895901e+01
125.583060656200	-9.1550341842471e+01
125.613039902000	-9.2149112223892e+01
125.643019147800	-9.2758290244020e+01
125.672998393600	-9.3377637699942e+01
125.702977639400	-9.4006927180915e+01
125.732956885200	-9.4645942251864e+01
125.762936131000	-9.5294477621290e+01
125.792915376800	-9.5952339293421e+01
125.822894622600	-9.6619344704471e+01
125.852873868400	-9.7295322842896e+01
125.882853114200	-9.7980114353527e+01
125.912832360000	-9.8673571625509e+01
125.942811605800	-9.9375558863964e+01
125.972790851600	-1.0008595214533e+02
126.002770097400	-1.0080463945634e+02
126.032749343200	-1.0153152071660e+02
126.062728589000	-1.0226650778481e+02
126.092707834800	-1.0300952444858e+02
126.122687080600	-1.0376050639791e+02
126.152666326400	-1.0451940118240e+02
126.182645572200	-1.0528616815215e+02
126.212624818000	-1.0606077838261e+02
126.242604063800	-1.0684321458326e+02
126.272583309600	-1.0763347099042e+02
126.302562555400	-1.0843155324421e+02
126.332541801200	-1.0923747824982e+02
126.362521047000	-1.1005127402329e+02
126.392500292800	-1.1087297952195e+02
126.422479538600	-1.1170264445970e+02
126.452458784400	-1.1254032910733e+02
126.482438030200	-1.1338610407816e+02
126.512417276000	-1.1424005009919e+02
126.542396521800	-1.1510225776799e+02
126.572375767600	-1.1597282729567e+02
126.602355013400	-1.1685186823611e+02
126.632334259200	-1.1773949920186e+02
126.662313505000	-1.1863584756694e+02
126.692292750800	-1.1954104915682e+02
126.722271996600	-1.2045524792609e+02
126.752251242400	-1.2137859562390e+02
126.782230488200	-1.2231125144784e+02
126.812209734000	-1.2325338168633e+02
126.842188979800	-1.2420515935011e+02
126.872168225600	-1.2516676379316e+02
126.902147471400	-1.2613838032339e+02
126.932126717200	-1.2712019980363e+02
126.962105963000	-1.2811241824327e+02
126.992085208800	-1.2911523638099e+02
127.022064454600	-1.3012885925904e+02
127.052043700400	-1.3115349578948e+02
127.082022946200	-1.3218935831296e+02
127.112002192000	-1.3323666215035e+02
127.141981437800	-1.3429562514775e+02
127.171960683600	-1.3536646721548e+02
127.201939929400	-1.3644940986131e+02
127.231919175200	-1.3754467571867e+02
127.261898421000	-1.3865248807015e+02
127.291877666800	-1.3977307036684e+02
127.321856912600	-1.4090664574418e+02
127.351836158400	-1.4205343653452e+02
127.381815404200	-1.4321366377723e+02
127.411794650000	-1.4438754672667e+02
127.441773895800	-1.4557530235860e+02
127.471753141600	-1.4677714487560e+02
127.501732387400	-1.4799328521198e+02
127.531711633200	-1.4922393053865e+02
127.561690879000	-1.5046928376865e+02
127.591670124800	-1.5172954306371e+02
127.621649370600	-1.5300490134234e+02
127.651628616400	-1.5429554579021e+02
127.681607862200	-1.5560165737304e+02
127.711587108000	-1.5692341035275e+02
127.741566353800	-1.5826097180727e+02
127.771545599600	-1.5961450115459e+02
127.801524845400	-1.6098414968155e+02
127.831504091200	-1.6237006007779e+02
127.861483337000	-1.6377236597554e+02
127.891462582800	-1.6519119149561e+02
127.921441828600	-1.6662665080008e+02
127.951421074400	-1.6807884765229e+02
127.981400320200	-1.6954787498445e+02
128.011379566000	-1.7103381447354e+02
128.041358811800	-1.7253673612574e+02
128.071338057600	-1.7405669787008e+02
128.101317303400	-1.7559374516155e+02
128.131296549200	-1.7714791059435e+02
128.161275795000	-1.7871921352541e+02
128.191255040800	-1.8030765970897e+02
128.221234286600	-1.8191324094225e+02
128.251213532400	-1.8353593472300e+02
128.281192778200	-1.8517570391894e+02
128.311172024000	-1.8683249644987e+02
128.341151269800	-1.8850624498243e+02
128.371130515600	-1.9019686663822e+02
128.401109761400	-1.9190426271535e+02
128.431089007200	-1.9362831842398e+02
128.461068253000	-1.9536890263599e+02
128.491047498800	-1.9712586764923e+02
128.521026744600	-1.9889904896658e+02
128.551005990400	-2.0068826509011e+02
128.580985236200	-2.0249331733059e+02
128.610964482000	-2.0431398963275e+02
128.640943727800	-2.0615004841626e+02
128.670922973600	-2.0800124243295e+02
128.700902219400	-2.0986730264028e+02
128.730881465200	-2.1174794209137e+02
128.760860711000	-2.1364285584172e+02
128.790839956800	-2.1555172087280e+02
128.820819202600	-2.1747419603267e+02
128.850798448400	-2.1940992199381e+02
128.880777694200	-2.2135852122816e+02
128.910756940000	-2.2331959799959e+02
128.940736185800	-2.2529273837392e+02
128.970715431600	-2.2727751024641e+02
129.000694677400	-2.2927346338690e+02
129.030673923200	-2.3128012950263e+02
129.060653169000	-2.3329702231877e+02
129.090632414800	-2.3532363767657e+02
129.120611660600	-2.3735945364931e+02
129.150590906400	-2.3940393067585e+02
129.180570152200	-2.4145651171181e+02
129.210549398000	-2.4351662239843e+02
129.240528643800	-2.4558367124883e+02
129.270507889600	-2.4765704985176e+02
129.300487135400	-2.4973613309263e+02
129.330466381200	-2.5182027939184e+02
129.360445627000	-2.5390883096006e+02
129.390424872800	-2.5600111407054e+02
129.420404118600	-2.5809643934814e+02
129.450383364400	-2.6019410207494e+02
129.480362610200	-2.6229338251223e+02
129.510341856000	-2.6439354623874e+02
129.540321101800	-2.6649384450475e+02
129.570300347600	-2.6859351460195e+02
129.600279593400	-2.7069178024877e+02
129.630258839200	-2.7278785199089e+02
129.660238085000	-2.7488092761668e+02
129.690217330800	-2.7697019258726e+02
129.720196576600	-2.7905482048081e+02
129.750175822400	-2.8113397345102e+02
129.780155068200	-2.8320680269899e+02
129.810134314000	-2.8527244895864e+02
129.840113559800	-2.8733004299491e+02
129.870092805600	-2.8937870611463e+02
129.900072051400	-2.9141755068958e+02
129.930051297200	-2.9344568069131e+02
129.960030543000	-2.9546219223737e+02
129.990009788800	-2.9746617414857e+02
130.019989034600	-2.9945670851673e+02
130.049968280400	-3.0143287128257e+02
130.079947526200	-3.0339373282332e+02
130.109926772000	-3.0533835854948e+02
130.139906017800	-3.0726580951039e+02
130.169885263600	-3.0917514300809e+02
130.199864509400	-3.1106541321894e+02
130.229843755200	-3.1293567182260e+02
130.259823001000	-3.1478496863786e+02
130.289802246800	-3.1661235226475e+02
130.319781492600	-3.1841687073251e+02
130.349760738400	-3.2019757215283e+02
130.379739984200	-3.2195350537795e+02
130.409719230000	-3.2368372066298e+02
130.439698475800	-3.2538727033197e+02
130.469677721600	-3.2706320944720e+02
130.499656967400	-3.2871059648120e+02
130.529636213200	-3.3032849399080e+02
130.559615459000	-3.3191596929293e+02
130.589594704800	-3.3347209514135e+02
130.619573950600	-3.3499595040399e+02
130.649553196400	-3.3648662074021e+02
130.679532442200	-3.3794319927753e+02
130.709511688000	-3.3936478728722e+02
130.739490933800	-3.4075049485823e+02
130.769470179600	-3.4209944156892e+02
130.799449425400	-3.4341075715600e+02
130.829428671200	-3.4468358218030e+02
130.859407917000	-3.4591706868850e+02
130.889387162800	-3.4711038087071e+02
130.919366408600	-3.4826269571298e+02
130.949345654400	-3.4937320364446e+02
130.979324900200	-3.5044110917853e+02
131.009304146000	-3.5146563154752e+02
131.039283391800	-3.5244600533037e+02
131.069262637600	-3.5338148107273e+02
131.099241883400	-3.5427132589912e+02
131.129221129200	-3.5511482411649e+02
131.159200375000	-3.5591127780876e+02
131.189179620800	-3.5666000742185e+02
131.219158866600	-3.5736035233871e+02
131.249138112400	-3.5801167144388e+02
131.279117358200	-3.5861334367706e+02
131.309096604000	-3.5916476857532e+02
131.339075849800	-3.5966536680346e+02
131.369055095600	-3.6011458067205e+02
131.399034341400	-3.6051187464274e+02
131.429013587200	-3.6085673582048e+02
131.458992833000	-3.6114867443209e+02
131.488972078800	-3.6138722429092e+02
131.518951324600	-3.6157194324718e+02
131.548930570400	-3.6170241362348e+02
131.578909816200	-3.6177824263532e+02
131.608889062000	-3.6179906279608e+02
131.638868307800	-3.6176453230623e+02
131.668847553600	-3.6167433542642e+02
131.698826799400	-3.6152818283405e+02
131.728806045200	-3.6132581196316e+02
131.758785291000	-3.6106698732720e+02
131.788764536800	-3.6075150082448e+02
131.818743782600	-3.6037917202599e+02
131.848723028400	-3.5994984844537e+02
131.878702274200	-3.5946340579081e+02
131.908681520000	-3.5891974819852e+02
131.938660765800	-3.5831880844775e+02
131.968640011600	-3.5766054815698e+02
131.998619257400	-3.5694495796126e+02
132.028598503200	-3.5617205767036e+02
132.058577749000	-3.5534189640775e+02
132.088556994800	-3.5445455273009e+02
132.118536240600	-3.5351013472723e+02
132.148515486400	-3.5250878010262e+02
132.178494732200	-3.5145065623391e+02
132.208473978000	-3.5033596021376e+02
132.238453223800	-3.4916491887076e+02
132.268432469600	-3.4793778877047e+02
132.298411715400	-3.4665485619638e+02
132.328390961200	-3.4531643711096e+02
132.358370207000	-3.4392287709672e+02
132.388349452800	-3.4247455127718e+02
132.418328698600	-3.4097186421801e+02
132.448307944400	-3.3941524980812e+02
132.478287190200	-3.3780517112094e+02
132.508266436000	-3.3614212025591e+02
132.538245681800	-3.3442661816018e+02
132.568224927600	-3.3265921443074e+02
132.598204173400	-3.3084048709703e+02
132.628183419200	-3.2897104238417e+02
132.658162665000	-3.2705151445693e+02
132.688141910800	-3.2508256514461e+02
132.718121156600	-3.2306488364707e+02
132.748100402400	-3.2099918622194e+02
132.778079648200	-3.1888621585332e+02
132.808058894000	-3.1672674190226e+02
132.838038139800	-3.1452155973897e+02
132.868017385600	-3.1227149035733e+02
132.897996631400	-3.0997737997171e+02
132.927975877200	-3.0764009959644e+02
132.957955123000	-3.0526054460832e+02
132.987934368800	-3.0283963429220e+02
133.017913614600	-3.0037831137023e+02
133.047892860400	-2.9787754151486e+02
133.077872106200	-2.9533831284604e+02
133.107851352000	-2.9276163541292e+02
133.137830597800	-2.9014854066042e+02
133.167809843600	-2.8750008088093e+02
133.197789089400	-2.8481732865170e+02
133.227768335200	-2.8210137625811e+02
133.257747581000	-2.7935333510330e+02
133.287726826800	-2.7657433510456e+02
133.317706072600	-2.7376552407684e+02
133.347685318400	-2.7092806710389e+02
133.377664564200	-2.6806314589732e+02
133.407643810000	-2.6517195814416e+02
133.437623055800	-2.6225571684321e+02
133.467602301600	-2.5931564963081e+02
133.497581547400	-2.5635299809632e+02
133.527560793200	-2.5336901708783e+02
133.557540039000	-2.5036497400864e+02
133.587519284800	-2.4734214810491e+02
133.617498530600	-2.4430182974492e+02
133.647477776400	-2.4124531969059e+02
133.677457022200	-2.3817392836161e+02
133.707436268000	-2.3508897509264e+02
133.737415513800	-2.3199178738433e+02
133.767394759600	-2.2888370014836e+02
133.797374005400	-2.2576605494718e+02
133.827353251200	-2.2264019922902e+02
133.857332497000	-2.1950748555843e+02
133.887311742800	-2.1636927084324e+02
133.917290988600	-2.1322691555808e+02
133.947270234400	-2.1008178296528e+02
133.977249480200	-2.0693523833348e+02
134.007228726000	-2.0378864815464e+02
134.037207971800	-2.0064337935975e+02
134.067187217600	-1.9750079853403e+02
134.097166463400	-1.9436227113198e+02
134.127145709200	-1.9122916069278e+02
134.157124955000	-1.8810282805671e+02
134.187104200800	-1.8498463058296e+02
134.217083446600	-1.8187592136952e+02
134.247062692400	-1.7877804847541e+02
134.277041938200	-1.7569235414610e+02
134.307021184000	-1.7262017404233e+02
134.337000429800	-1.6956283647304e+02
134.366979675600	-1.6652166163281e+02
134.396958921400	-1.6349796084442e+02
134.426938167200	-1.6049303580686e+02
134.456917413000	-1.5750817784946e+02
134.486896658800	-1.5454466719256e+02
134.516875904600	-1.5160377221518e+02
134.546855150400	-1.4868674873017e+02
134.576834396200	-1.4579483926740e+02
134.606813642000	-1.4292927236537e+02
134.636792887800	-1.4009126187166e+02
134.666772133600	-1.3728200625289e+02
134.696751379400	-1.3450268791432e+02
134.726730625200	-1.3175447252985e+02
134.756709871000	-1.2903850838261e+02
134.786689116800	-1.2635592571669e+02
134.816668362600	-1.2370783610039e+02
134.846647608400	-1.2109533180143e+02
134.876626854200	-1.1851948517447e+02
134.906606100000	-1.1598134806135e+02
134.936585345800	-1.1348195120449e+02
134.966564591600	-1.1102230367368e+02
134.996543837400	-1.0860339230685e+02
135.026523083200	-1.0622618116488e+02
135.056502329000	-1.0389161100107e+02
135.086481574800	-1.0160059874547e+02
135.116460820600	-9.9354037004336e+01
135.146440066400	-9.7152793575182e+01
135.176419312200	-9.4997710977596e+01
135.206398558000	-9.2889606000165e+01
135.236377803800	-9.0829269263790e+01
135.266357049600	-8.8817464801642e+01
135.296336295400	-8.6854929656023e+01
135.326315541200	-8.4942373492387e+01
135.356294787000	-8.3080478230728e+01
135.386274032800	-8.1269897694589e+01
135.416253278600	-7.9511257277874e+01
135.446232524400	-7.7805153629679e+01
135.476211770200	-7.6152154357312e+01
135.506191016000	-7.4552797747690e+01
135.536170261800	-7.3007592507263e+01
135.566149507600	-7.1517017520618e+01
135.596128753400	-7.0081521627893e+01
135.626107999200	-6.8701523421138e+01
135.656087245000	-6.7377411059712e+01
135.686066490800	-6.6109542104840e+01
135.716045736600	-6.4898243373393e+01
135.746024982400	-6.3743810810977e+01
135.776004228200	-6.2646509384382e+01
135.805983474000	-6.1606572993456e+01
135.835962719800	-6.0624204402411e+01
135.865941965600	-5.9699575190611e+01
135.895921211400	-5.8832825722836e+01
135.925900457200	-5.8024065139019e+01
135.955879703000	-5.7273371363447e+01
135.985858948800	-5.6580791133396e+01
136.015838194600	-5.5946340047158e+01
136.045817440400	-5.5370002631401e+01
136.075796686200	-5.4851732427812e+01
136.105775932000	-5.4391452098929e+01
136.135755177800	-5.3989053553084e+01
136.165734423600	-5.3644398088342e+01
136.195713669400	-5.3357316555344e+01
136.225692915200	-5.3127609538897e+01
136.255672161000	-5.2955047558206e+01
136.285651406800	-5.2839371285569e+01
136.315630652600	-5.2780291783398e+01
136.345609898400	-5.2777490759380e+01
136.375589144200	-5.2830620839592e+01
136.405568390000	-5.2939305859386e+01
136.435547635800	-5.3103141171833e+01
136.465526881600	-5.3321693973499e+01
136.495506127400	-5.3594503647347e+01
136.525485373200	-5.3921082122503e+01
136.555464619000	-5.4300914250655e+01
136.585443864800	-5.4733458198816e+01
136.615423110600	-5.5218145858188e+01
136.645402356400	-5.5754383268846e+01
136.675381602200	-5.6341551059948e+01
136.705360848000	-5.6979004905189e+01
136.735340093800	-5.7666075993172e+01
136.765319339600	-5.8402071512393e+01
136.795298585400	-5.9186275150514e+01
136.825277831200	-6.0017947607581e+01
136.855257077000	-6.0896327122861e+01
136.885236322800	-6.1820630014930e+01
136.915215568600	-6.2790051234665e+01
136.945194814400	-6.3803764930778e+01
136.975174060200	-6.4860925027499e+01
137.005153306000	-6.5960665814054e+01
137.035132551800	-6.7102102545525e+01
137.065111797600	-6.8284332054721e+01
137.095091043400	-6.9506433374636e+01
137.125070289200	-7.0767468371106e+01
137.155049535000	-7.2066482385240e+01
137.185028780800	-7.3402504885213e+01
137.215008026600	-7.4774550126990e+01
137.244987272400	-7.6181617823555e+01
137.274966518200	-7.7622693822214e+01
137.304945764000	-7.9096750789523e+01
137.334925009800	-8.0602748903405e+01
137.364904255600	-8.2139636552005e+01
137.394883501400	-8.3706351038832e+01
137.424862747200	-8.5301819293730e+01
137.454841993000	-8.6924958589222e+01
137.484821238800	-8.8574677261763e+01
137.514800484600	-9.0249875437439e+01
137.544779730400	-9.1949445761636e+01
137.574758976200	-9.3672274132230e+01
137.604738222000	-9.5417240435795e+01
137.634717467800	-9.7183219286390e+01
137.664696713600	-9.8969080766419e+01
137.694675959400	-1.0077369116911e+02
137.724655205200	-1.0259591374213e+02
137.754634451000	-1.0443460943184e+02
137.784613696800	-1.0628863762774e+02
137.814592942600	-1.0815685690666e+02
137.844572188400	-1.1003812577604e+02
137.874551434200	-1.1193130341614e+02
137.904530680000	-1.1383525042034e+02
137.934509925800	-1.1574882953339e+02
137.964489171600	-1.1767090638685e+02
137.994468417400	-1.1960035023145e+02
138.024447663200	-1.2153603466584e+02
138.054426909000	-1.2347683836118e+02
138.084406154800	-1.2542164578122e+02
138.114385400600	-1.2736934789736e+02
138.144364646400	-1.2931884289821e+02
138.174343892200	-1.3126903689324e+02
138.204323138000	-1.3321884460999e+02
138.234302383800	-1.3516719008447e+02
138.264281629600	-1.3711300734429e+02
138.294260875400	-1.3905524108404e+02
138.324240121200	-1.4099284733247e+02
138.354219367000	-1.4292479411114e+02
138.384198612800	-1.4485006208400e+02
138.414177858600	-1.4676764519751e+02
138.444157104400	-1.4867655131096e+02
138.474136350200	-1.5057580281644e+02
138.504115596000	-1.5246443724818e+02
138.534094841800	-1.5434150788080e+02
138.564074087600	-1.5620608431608e+02
138.594053333400	-1.5805725305789e+02
138.624032579200	-1.5989411807487e+02
138.654011825000	-1.6171580135054e+02
138.683991070800	-1.6352144342040e+02
138.713970316600	-1.6531020389575e+02
138.743949562400	-1.6708126197381e+02
138.773928808200	-1.6883381693383e+02
138.803908054000	-1.7056708861886e+02
138.833887299800	-1.7228031790288e+02
138.863866545600	-1.7397276714293e+02
138.893845791400	-1.7564372061592e+02
138.923825037200	-1.7729248493992e+02
138.953804283000	-1.7891838947954e+02
138.983783528800	-1.8052078673517e+02
139.013762774600	-1.8209905271581e+02
139.043742020400	-1.8365258729521e+02
139.073721266200	-1.8518081455110e+02
139.103700512000	-1.8668318308725e+02
139.133679757800	-1.8815916633816e+02
139.163659003600	-1.8960826285611e+02
139.193638249400	-1.9102999658041e+02
139.223617495200	-1.9242391708863e+02
139.253596741000	-1.9378959982968e+02
139.283575986800	-1.9512664633843e+02
139.313555232600	-1.9643468443189e+02
139.343534478400	-1.9771336838663e+02
139.373513724200	-1.9896237909742e+02
139.403492970000	-2.0018142421689e+02
139.433472215800	-2.0137023827613e+02
139.463451461600	-2.0252858278610e+02
139.493430707400	-2.0365624631980e+02
139.523409953200	-2.0475304457501e+02
139.553389199000	-2.0581882041772e+02
139.583368444800	-2.0685344390597e+02
139.613347690600	-2.0785681229423e+02
139.643326936400	-2.0882885001820e+02
139.673306182200	-2.0976950866005e+02
139.703285428000	-2.1067876689403e+02
139.733264673800	-2.1155663041252e+02
139.763243919600	-2.1240313183256e+02
139.793223165400	-2.1321833058274e+02
139.823202411200	-2.1400231277071e+02
139.853181657000	-2.1475519103114e+02
139.883160902800	-2.1547710435440e+02
139.913140148600	-2.1616821789587e+02
139.943119394400	-2.1682872276614e+02
139.973098640200	-2.1745883580199e+02
140.003077886000	-2.1805879931851e+02
140.033057131800	-2.1862888084231e+02
140.063036377600	-2.1916937282602e+02
140.093015623400	-2.1968059234429e+02
140.122994869200	-2.2016288077135e+02
140.152974115000	-2.2061660344043e+02
140.182953360800	-2.2104214928511e+02
140.212932606600	-2.2143993046291e+02
140.242911852400	-2.2181038196134e+02
140.272891098200	-2.2215396118644e+02
140.302870344000	-2.2247114753443e+02
140.332849589800	-2.2276244194632e+02
140.362828835600	-2.2302836644604e+02
140.392808081400	-2.2326946366218e+02
140.422787327200	-2.2348629633383e+02
140.452766573000	-2.2367944680055e+02
140.482745818800	-2.2384951647705e+02
140.512725064600	-2.2399712531278e+02
140.542704310400	-2.2412291123670e+02
140.572683556200	-2.2422752958778e+02
140.602662802000	-2.2431165253134e+02
140.632642047800	-2.2437596846182e+02
140.662621293600	-2.2442118139223e+02
140.692600539400	-2.2444801033068e+02
140.722579785200	-2.2445718864450e+02
140.752559031000	-2.2444946341217e+02
140.782538276800	-2.2442559476368e+02
140.812517522600	-2.2438635520962e+02
140.842496768400	-2.2433252895953e+02
140.872476014200	-2.2426491122981e+02
140.902455260000	-2.2418430754191e+02
140.932434505800	-2.2409153301095e+02
140.962413751600	-2.2398741162554e+02
140.992392997400	-2.2387277551908e+02
141.022372243200	-2.2374846423311e+02
141.052351489000	-2.2361532397324e+02
141.082330734800	-2.2347420685813e+02
141.112309980600	-2.2332597016204e+02
141.142289226400	-2.2317147555144e+02
141.172268472200	-2.2301158831633e+02
141.202247718000	-2.2284717659665e+02
141.232226963800	-2.2267911060441e+02
141.262206209600	-2.2250826184212e+02
141.292185455400	-2.2233550231797e+02
141.322164701200	-2.2216170375843e+02
141.352143947000	-2.2198773681872e+02
141.382123192800	-2.2181447029187e+02
141.412102438600	-2.2164277031677e+02
141.442081684400	-2.2147349958589e+02
141.472060930200	-2.2130751655330e+02
141.502040176000	-2.2114567464339e+02
141.532019421800	-2.2098882146110e+02
141.561998667600	-2.2083779800407e+02
141.591977913400	-2.2069343787740e+02
141.621957159200	-2.2055656651154e+02
141.651936405000	-2.2042800038405e+02
141.681915650800	-2.2030854624558e+02
141.711894896600	-2.2019900035093e+02
141.741874142400	-2.2010014769558e+02
141.771853388200	-2.2001276125840e+02
141.801832634000	-2.1993760125112e+02
141.831811879800	-2.1987541437507e+02
141.861791125600	-2.1982693308590e+02
141.891770371400	-2.1979287486681e+02
141.921749617200	-2.1977394151087e+02
141.951728863000	-2.1977081841299e+02
141.981708108800	-2.1978417387224e+02
142.011687354600	-2.1981465840496e+02
142.041666600400	-2.1986290406930e+02
142.071645846200	-2.1992952380171e+02
142.101625092000	-2.2001511076611e+02
142.131604337800	-2.2012023771600e+02
142.161583583600	-2.2024545637038e+02
142.191562829400	-2.2039129680381e+02
142.221542075200	-2.2055826685122e+02
142.251521321000	-2.2074685152808e+02
142.281500566800	-2.2095751246631e+02
142.311479812600	-2.2119068736654e+02
142.341459058400	-2.2144678946725e+02
142.371438304200	-2.2172620703121e+02
142.401417550000	-2.2202930284981e+02
142.431396795800	-2.2235641376565e+02
142.461376041600	-2.2270785021396e+02
142.491355287400	-2.2308389578328e+02
142.521334533200	-2.2348480679587e+02
142.551313779000	-2.2391081190819e+02
142.581293024800	-2.2436211173203e+02
142.611272270600	-2.2483887847665e+02
142.641251516400	-2.2534125561223e+02
142.671230762200	-2.2586935755522e+02
142.701210008000	-2.2642326937579e+02
142.731189253800	-2.2700304652783e+02
142.761168499600	-2.2760871460189e+02
142.791147745400	-2.2824026910123e+02
142.821126991200	-2.2889767524159e+02
142.851106237000	-2.2958086777462e+02
142.881085482800	-2.3028975083561e+02
142.911064728600	-2.3102419781560e+02
142.941043974400	-2.3178405125813e+02
142.971023220200	-2.3256912278096e+02
143.001002466000	-2.3337919302296e+02
143.030981711800	-2.3421401161634e+02
143.060960957600	-2.3507329718444e+02
143.090940203400	-2.3595673736527e+02
143.120919449200	-2.3686398886095e+02
143.150898695000	-2.3779467751315e+02
143.180877940800	-2.3874839840475e+02
143.210857186600	-2.3972471598766e+02
143.240836432400	-2.4072316423709e+02
143.270815678200	-2.4174324683218e+02
143.300794924000	-2.4278443736305e+02
143.330774169800	-2.4384617956439e+02
143.360753415600	-2.4492788757550e+02
143.390732661400	-2.4602894622685e+02
143.420711907200	-2.4714871135300e+02
143.450691153000	-2.4828651013197e+02
143.480670398800	-2.4944164145095e+02
143.510649644600	-2.5061337629814e+02
143.540628890400	-2.5180095818079e+02
143.570608136200	-2.5300360356913e+02
143.600587382000	-2.5422050236622e+02
143.630566627800	-2.5545081840332e+02
143.660545873600	-2.5669368996079e+02
143.690525119400	-2.5794823031419e+02
143.720504365200	-2.5921352830536e+02
143.750483611000	-2.6048864893823e+02
143.780462856800	-2.6177263399911e+02
143.810442102600	-2.6306450270103e+02
143.840421348400	-2.6436325235207e+02
143.870400594200	-2.6566785904696e+02
143.900379840000	-2.6697727838203e+02
143.930359085800	-2.6829044619268e+02
143.960338331600	-2.6960627931334e+02
143.990317577400	-2.7092367635926e+02
144.020296823200	-2.7224151852975e+02
144.050276069000	-2.7355867043250e+02
144.080255314800	-2.7487398092833e+02
144.110234560600	-2.7618628399596e+02
144.140213806400	-2.7749439961633e+02
144.170193052200	-2.7879713467579e+02
144.200172298000	-2.8009328388770e+02
144.230151543800	-2.8138163073186e+02
144.260130789600	-2.8266094841110e+02
144.290110035400	-2.8393000082446e+02
144.320089281200	-2.8518754355636e+02
144.350068527000	-2.8643232488104e+02
144.380047772800	-2.8766308678163e+02
144.410027018600	-2.8887856598318e+02
144.440006264400	-2.9007749499894e+02
144.469985510200	-2.9125860318910e+02
144.499964756000	-2.9242061783143e+02
144.529944001800	-2.9356226520287e+02
144.559923247600	-2.9468227167143e+02
144.589902493400	-2.9577936479760e+02
144.619881739200	-2.9685227444444e+02
144.649860985000	-2.9789973389560e+02
144.679840230800	-2.9892048098043e+02
144.709819476600	-2.9991325920526e+02
144.739798722400	-3.0087681889024e+02
144.769777968200	-3.0180991831060e+02
144.799757214000	-3.0271132484166e+02
144.829736459800	-3.0357981610670e+02
144.859715705600	-3.0441418112667e+02
144.889694951400	-3.0521322147101e+02
144.919674197200	-3.0597575240864e+02
144.949653443000	-3.0670060405808e+02
144.979632688800	-3.0738662253600e+02
145.009611934600	-3.0803267110308e+02
145.039591180400	-3.0863763130639e+02
145.069570426200	-3.0920040411730e+02
145.099549672000	-3.0971991106395e+02
145.129528917800	-3.1019509535741e+02
145.159508163600	-3.1062492301058e+02
145.189487409400	-3.1100838394875e+02
145.219466655200	-3.1134449311114e+02
145.249445901000	-3.1163229154217e+02
145.279425146800	-3.1187084747168e+02
145.309404392600	-3.1205925738321e+02
145.339383638400	-3.1219664706921e+02
145.369362884200	-3.1228217267234e+02
145.399342130000	-3.1231502171199e+02
145.429321375800	-3.1229441409490e+02
145.459300621600	-3.1221960310911e+02
145.489279867400	-3.1208987640024e+02
145.519259113200	-3.1190455692916e+02
145.549238359000	-3.1166300391021e+02
145.579217604800	-3.1136461372897e+02
145.609196850600	-3.1100882083871e+02
145.639176096400	-3.1059509863472e+02
145.669155342200	-3.1012296030544e+02
145.699134588000	-3.0959195965978e+02
145.729113833800	-3.0900169192947e+02
145.759093079600	-3.0835179454593e+02
145.789072325400	-3.0764194789045e+02
145.819051571200	-3.0687187601725e+02
145.849030817000	-3.0604134734829e+02
145.879010062800	-3.0515017533922e+02
145.908989308600	-3.0419821911566e+02
145.938968554400	-3.0318538407895e+02
145.968947800200	-3.0211162248088e+02
145.998927046000	-3.0097693396634e+02
146.028906291800	-2.9978136608344e+02
146.058885537600	-2.9852501476040e+02
146.088864783400	-2.9720802474832e+02
146.118844029200	-2.9583059002950e+02
146.148823275000	-2.9439295419049e+02
146.178802520800	-2.9289541075927e+02
146.208781766600	-2.9133830350610e+02
146.238761012400	-2.8972202670741e+02
146.268740258200	-2.8804702537218e+02
146.298719504000	-2.8631379543038e+02
146.328698749800	-2.8452288388295e+02
146.358677995600	-2.8267488891285e+02
146.388657241400	-2.8077045995681e+02
146.418636487200	-2.7881029773737e+02
146.448615733000	-2.7679515425475e+02
146.478594978800	-2.7472583273837e+02
146.508574224600	-2.7260318755762e+02
146.538553470400	-2.7042812409149e+02
146.568532716200	-2.6820159855712e+02
146.598511962000	-2.6592461779663e+02
146.628491207800	-2.6359823902243e+02
146.658470453600	-2.6122356952059e+02
146.688449699400	-2.5880176631224e+02
146.718428945200	-2.5633403577293e+02
146.748408191000	-2.5382163320980e+02
146.778387436800	-2.5126586239664e+02
146.808366682600	-2.4866807506669e+02
146.838345928400	-2.4602967036340e+02
146.868325174200	-2.4335209424907e+02
146.898304420000	-2.4063683887151e+02
146.928283665800	-2.3788544188895e+02
146.958262911600	-2.3509948575316e+02
146.988242157400	-2.3228059695123e+02
147.018221403200	-2.2943044520608e+02
147.048200649000	-2.2655074263604e+02
147.078179894800	-2.2364324287374e+02
147.108159140600	-2.2070974014478e+02
147.138138386400	-2.1775206830641e+02
147.168117632200	-2.1477209984673e+02
147.198096878000	-2.1177174484484e+02
147.228076123800	-2.0875294989235e+02
147.258055369600	-2.0571769697683e+02
147.288034615400	-2.0266800232776e+02
147.318013861200	-1.9960591522553e+02
147.347993107000	-1.9653351677406e+02
147.377972352800	-1.9345291863779e+02
147.407951598600	-1.9036626174363e+02
147.437930844400	-1.8727571494867e+02
147.467910090200	-1.8418347367431e+02
147.497889336000	-1.8109175850762e+02
147.527868581800	-1.7800281377085e+02
147.557847827600	-1.7491890605971e+02
147.587827073400	-1.7184232275151e+02
147.617806319200	-1.6877537048396e+02
147.647785565000	-1.6572037360557e+02
147.677764810800	-1.6267967259868e+02
147.707744056600	-1.5965562247600e+02
147.737723302400	-1.5665059115182e+02
147.767702548200	-1.5366695778885e+02
147.797681794000	-1.5070711112176e+02
147.827661039800	-1.4777344775867e+02
147.857640285600	-1.4486837046147e+02
147.887619531400	-1.4199428640642e+02
147.917598777200	-1.3915360542599e+02
147.947578023000	-1.3634873823320e+02
147.977557268800	-1.3358209462983e+02
148.007536514600	-1.3085608169954e+02
148.037515760400	-1.2817310198734e+02
148.067495006200	-1.2553555166657e+02
148.097474252000	-1.2294581869490e+02
148.127453497800	-1.2040628096045e+02
148.157432743600	-1.1791930441958e+02
148.187411989400	-1.1548724122757e+02
148.217391235200	-1.1311242786371e+02
148.247370481000	-1.1079718325214e+02
148.277349726800	-1.0854380687978e+02
148.307328972600	-1.0635457691293e+02
148.337308218400	-1.0423174831390e+02
148.367287464200	-1.0217755095908e+02
148.397266710000	-1.0019418776004e+02
148.427245955800	-9.8283832788984e+01
148.457225201600	-9.6448629410170e+01
148.487204447400	-9.4690688418674e+01
148.517183693200	-9.3012086188075e+01
148.547162939000	-9.1414862828512e+01
148.577142184800	-8.9901020356623e+01
148.607121430600	-8.8472520878876e+01
148.637100676400	-8.7131284789790e+01
148.667079922200	-8.5879188986545e+01
148.697059168000	-8.4718065101494e+01
148.727038413800	-8.3649697754074e+01
148.757017659600	-8.2675822823599e+01
148.786996905400	-8.1798125744446e+01
148.816976151200	-8.1018239825102e+01
148.846955397000	-8.0337744592559e+01
148.876934642800	-7.9758164163521e+01
148.906913888600	-7.9280965643878e+01
148.936893134400	-7.8907557557908e+01
148.966872380200	-7.8639288308621e+01
148.996851626000	-7.8477444670686e+01
149.026830871800	-7.8423250317336e+01
149.056810117600	-7.8477864382643e+01
149.086789363400	-7.8642380060537e+01
149.116768609200	-7.8917823241927e+01
149.146747855000	-7.9305151191248e+01
149.176727100800	-7.9805251263763e+01
149.206706346600	-8.0418939664896e+01
149.236685592400	-8.1146960252872e+01
149.266664838200	-8.1989983385914e+01
149.296644084000	-8.2948604815196e+01
149.326623329800	-8.4023344624762e+01
149.356602575600	-8.5214646219567e+01
149.386581821400	-8.6522875362773e+01
149.416561067200	-8.7948319263398e+01
149.446540313000	-8.9491185715407e+01
149.476519558800	-9.1151602289267e+01
149.506498804600	-9.2929615576986e+01
149.536478050400	-9.4825190491598e+01
149.566457296200	-9.6838209622039e+01
149.596436542000	-9.8968472644306e+01
149.626415787800	-1.0121569578977e+02
149.656395033600	-1.0357951137147e+02
149.686374279400	-1.0605946736913e+02
149.716353525200	-1.0865502707376e+02
149.746332771000	-1.1136556879236e+02
149.776312016800	-1.1419038561356e+02
149.806291262600	-1.1712868523478e+02
149.836270508400	-1.2017958985133e+02
149.866249754200	-1.2334213610825e+02
149.896229000000	-1.2661527511513e+02
149.926208245800	-1.2999787252449e+02
149.956187491600	-1.3348870867409e+02
149.986166737400	-1.3708647879346e+02
150.016145983200	-1.4078979327501e+02
150.046125229000	-1.4459717800997e+02
150.076104474800	-1.4850707478936e+02
150.106083720600	-1.5251784177005e+02
150.136062966400	-1.5662775400617e+02
150.166042212200	-1.6083500404582e+02
150.196021458000	-1.6513770259312e+02
150.226000703800	-1.6953387923552e+02
150.255979949600	-1.7402148323630e+02
150.285959195400	-1.7859838439214e+02
150.315938441200	-1.8326237395546e+02
150.345917687000	-1.8801116562140e+02
150.375896932800	-1.9284239657905e+02
150.405876178600	-1.9775362862655e+02
150.435855424400	-2.0274234934984e+02
150.465834670200	-2.0780597336427e+02
150.495813916000	-2.1294184361891e+02
150.525793161800	-2.1814723276273e+02
150.555772407600	-2.2341934457220e+02
150.585751653400	-2.2875531543949e+02
150.615730899200	-2.3415221592078e+02
150.645710145000	-2.3960705234361e+02
150.675689390800	-2.4511676847271e+02
150.705668636600	-2.5067824723331e+02
150.735647882400	-2.5628831249099e+02
150.765627128200	-2.6194373088722e+02
150.795606374000	-2.6764121372938e+02
150.825585619800	-2.7337741893440e+02
150.855564865600	-2.7914895302476e+02
150.885544111400	-2.8495237317569e+02
150.915523357200	-2.9078418931241e+02
150.945502603000	-2.9664086625617e+02
150.975481848800	-3.0251882591768e+02
151.005461094600	-3.0841444953670e+02
151.035440340400	-3.1432407996627e+02
151.065419586200	-3.2024402400028e+02
151.095398832000	-3.2617055474278e+02
151.125378077800	-3.3209991401760e+02
151.155357323600	-3.3802831481664e+02
151.185336569400	-3.4395194378528e+02
151.215315815200	-3.4986696374323e+02
151.245295061000	-3.5576951623923e+02
151.275274306800	-3.6165572413772e+02
151.305253552600	-3.6752169423591e+02
151.335232798400	-3.7336351990939e+02
151.365212044200	-3.7917728378435e+02
151.395191290000	-3.8495906043484e+02
151.425170535800	-3.9070491910287e+02
151.455149781600	-3.9641092643968e+02
151.485129027400	-4.0207314926617e+02
151.515108273200	-4.0768765735041e+02
151.545087519000	-4.1325052620050e+02
151.575066764800	-4.1875783987051e+02
151.605046010600	-4.2420569377761e+02
151.635025256400	-4.2959019752834e+02
151.665004502200	-4.3490747775187e+02
151.694983748000	-4.4015368093821e+02
151.724962993800	-4.4532497627928e+02
151.754942239600	-4.5041755851070e+02
151.784921485400	-4.5542765075212e+02
151.814900731200	-4.6035150734409e+02
151.844879977000	-4.6518541667908e+02
151.874859222800	-4.6992570402480e+02
151.904838468600	-4.7456873433730e+02
151.934817714400	-4.7911091506202e+02
151.964796960200	-4.8354869892034e+02
151.994776206000	-4.8787858667964e+02
152.024755451800	-4.9209712990459e+02
152.054734697600	-4.9620093368753e+02
152.084713943400	-5.0018665935577e+02
152.114693189200	-5.0405102715368e+02
152.144672435000	-5.0779081889734e+02
152.174651680800	-5.1140288059968e+02
152.204630926600	-5.1488412506390e+02
152.234610172400	-5.1823153444310e+02
152.264589418200	-5.2144216276404e+02
152.294568664000	-5.2451313841284e+02
152.324547909800	-5.2744166658063e+02
152.354527155600	-5.3022503166705e+02
152.384506401400	-5.3286059963958e+02
152.414485647200	-5.3534582034675e+02
152.444464893000	-5.3767822978311e+02
152.474444138800	-5.3985545230411e+02
152.504423384600	-5.4187520278894e+02
152.534402630400	-5.4373528874944e+02
152.564381876200	-5.4543361238312e+02
152.594361122000	-5.4696817256858e+02
152.624340367800	-5.4833706680147e+02
152.654319613600	-5.4953849306920e+02
152.684298859400	-5.5057075166277e+02
152.714278105200	-5.5143224692383e+02
152.744257351000	-5.5212148892564e+02
152.774236596800	-5.5263709508600e+02
152.804215842600	-5.5297779171084e+02
152.834195088400	-5.5314241546674e+02
152.864174334200	-5.5312991478120e+02
152.894153580000	-5.5293935116887e+02
152.924132825800	-5.5256990048278e+02
152.954112071600	-5.5202085408883e+02
152.984091317400	-5.5129161996273e+02
153.014070563200	-5.5038172370770e+02
153.044049809000	-5.4929080949221e+02
153.074029054800	-5.4801864090636e+02
153.104008300600	-5.4656510173598e+02
153.133987546400	-5.4493019665348e+02
153.163966792200	-5.4311405182444e+02
153.193946038000	-5.4111691542919e+02
153.223925283800	-5.3893915809844e+02
153.253904529600	-5.3658127326239e+02
153.283883775400	-5.3404387741242e+02
153.313863021200	-5.3132771027500e+02
153.343842267000	-5.2843363489704e+02
153.373821512800	-5.2536263764237e+02
153.403800758600	-5.2211582809879e+02
153.433780004400	-5.1869443889550e+02
153.463759250200	-5.1509982543044e+02
153.493738496000	-5.1133346550748e+02
153.523717741800	-5.0739695888326e+02
153.553696987600	-5.0329202672354e+02
153.583676233400	-4.9902051096921e+02
153.613655479200	-4.9458437361175e+02
153.643634725000	-4.8998569587867e+02
153.673613970800	-4.8522667732866e+02
153.703593216600	-4.8030963485717e+02
153.733572462400	-4.7523700161240e+02
153.763551708200	-4.7001132582236e+02
153.793530954000	-4.6463526953335e+02
153.823510199800	-4.5911160726045e+02
153.853489445600	-4.5344322455065e+02
153.883468691400	-4.4763311645933e+02
153.913447937200	-4.4168438594080e+02
153.943427183000	-4.3560024215374e+02
153.973406428800	-4.2938399868255e+02
154.003385674600	-4.2303907167539e+02
154.033364920400	-4.1656897790013e+02
154.063344166200	-4.0997733271918e+02
154.093323412000	-4.0326784798450e+02
154.123302657800	-3.9644432985387e+02
154.153281903600	-3.8951067652992e+02
154.183261149400	-3.8247087592309e+02
154.213240395200	-3.7532900324011e+02
154.243219641000	-3.6808921849945e+02
154.273198886800	-3.6075576397523e+02
154.303178132600	-3.5333296157134e+02
154.333157378400	-3.4582521012731e+02
154.363136624200	-3.3823698265787e+02
154.393115870000	-3.3057282352774e+02
154.423095115800	-3.2283734556373e+02
154.453074361600	-3.1503522710594e+02
154.483053607400	-3.0717120900013e+02
154.513032853200	-2.9925009153311e+02
154.543012099000	-2.9127673131344e+02
154.572991344800	-2.8325603809938e+02
154.602970590600	-2.7519297157639e+02
154.632949836400	-2.6709253808627e+02
154.662929082200	-2.5895978731038e+02
154.692908328000	-2.5079980890910e+02
154.722887573800	-2.4261772911988e+02
154.752866819600	-2.3441870731646e+02
154.782846065400	-2.2620793253140e+02
154.812825311200	-2.1799061994472e+02
154.842804557000	-2.0977200734080e+02
154.872783802800	-2.0155735153645e+02
154.902763048600	-1.9335192478237e+02
154.932742294400	-1.8516101114087e+02
154.962721540200	-1.7698990284235e+02
154.992700786000	-1.6884389662321e+02
155.022680031800	-1.6072829004786e+02
155.052659277600	-1.5264837781760e+02
155.082638523400	-1.4460944806898e+02
155.112617769200	-1.3661677866449e+02
155.142597015000	-1.2867563347827e+02
155.172576260800	-1.2079125867961e+02
155.202555506600	-1.1296887901702e+02
155.232534752400	-1.0521369410571e+02
155.262513998200	-9.7530874721215e+01
155.292493244000	-8.9925559101977e+01
155.322472489800	-8.2402849263727e+01
155.352451735600	-7.4967807328419e+01
155.382430981400	-6.7625451870562e+01
155.412410227200	-6.0380754283721e+01
155.442389473000	-5.3238635169997e+01
155.472368718800	-4.6203960755258e+01
155.502347964600	-3.9281539332906e+01
155.532327210400	-3.2476117738941e+01
155.562306456200	-2.5792377861053e+01
155.592285702000	-1.9234933184493e+01
155.622264947800	-1.2808325377417e+01
155.652244193600	-6.5170209183988e+00
155.682223439400	-3.6540776877327e-01
155.712202685200	5.6422079075546e+00
155.742181931000	1.1501604974219e+01
155.772161176800	1.7208650499844e+01
155.802140422600	2.2759302880295e+01
155.832119668400	2.8149614903205e+01
155.862098914200	3.3375736752314e+01
155.892078160000	3.8433918949176e+01
155.922057405800	4.3320515229847e+01
155.952036651600	4.8031985354182e+01
155.982015897400	5.2564897845466e+01
156.011995143200	5.6915932658079e+01
156.041974389000	6.1081883771014e+01
156.071953634800	6.5059661705075e+01
156.101932880600	6.8846295961644e+01
156.131912126400	7.2438937380960e+01
156.161891372200	7.5834860417933e+01
156.191870618000	7.9031465333521e+01
156.221849863800	8.2026280299819e+01
156.251829109600	8.4816963417020e+01
156.281808355400	8.7401304640511e+01
156.311787601200	8.9777227616395e+01
156.341766847000	9.1942791423829e+01
156.371746092800	9.3896192222611e+01
156.401725338600	9.5635764804534e+01
156.431704584400	9.7159984047087e+01
156.461683830200	9.8467466268154e+01
156.491663076000	9.9556970480450e+01
156.521642321800	1.0042739954448e+02
156.551621567600	1.0107780121891e+02
156.581600813400	1.0150736910729e+02
156.611580059200	1.0171544350021e+02
156.641559305000	1.0170151211187e+02
156.671538550800	1.0146521071046e+02
156.701517796600	1.0100632364143e+02
156.731497042400	1.0032478424306e+02
156.761476288200	9.9420675153836e+01
156.791455534000	9.8294228511050e+01
156.821434779800	9.6945826040279e+01
156.851414025600	9.5375999035402e+01
156.881393271400	9.3585428228935e+01
156.911372517200	9.1574943552528e+01
156.941351763000	8.9345523787572e+01
156.971331008800	8.6898296105920e+01
157.001310254600	8.4234535500855e+01
157.031289500400	8.1355664108474e+01
157.061268746200	7.8263250419780e+01
157.091247992000	7.4959008383856e+01
157.121227237800	7.1444796402542e+01
157.151206483600	6.7722616217191e+01
157.181185729400	6.3794611688093e+01
157.211164975200	5.9663067467292e+01
157.241144221000	5.5330407565574e+01
157.271123466800	5.0799193814524e+01
157.301102712600	4.6072124224581e+01
157.331081958400	4.1152031240161e+01
157.361061204200	3.6041879892958e+01
157.391040450000	3.0744765854633e+01
157.421019695800	2.5263913390188e+01
157.450998941600	1.9602673213377e+01
157.480978187400	1.3764520245621e+01
157.510957433200	7.7530512799405e+00
157.540936679000	1.5719825515122e+00
157.570915924800	-4.7748527834629e+00
157.600895170600	-1.1283507258834e+01
157.630874416400	-1.7949921797680e+01
157.660853662200	-2.4769928497702e+01
157.690832908000	-3.1739253500838e+01
157.720812153800	-3.8853519945078e+01
157.750791399600	-4.6108250996354e+01
157.780770645400	-5.3498872958324e+01
157.810749891200	-6.1020718457818e+01
157.840729137000	-6.8669029703632e+01
157.870708382800	-7.6438961816296e+01
157.900687628600	-8.4325586226396e+01
157.930666874400	-9.2323894138954e+01
157.960646120200	-1.0042880006133e+02
157.990625366000	-1.0863514539203e+02
158.020604611800	-1.1693770206781e+02
158.050583857600	-1.2533117626629e+02
158.080563103400	-1.3381021216144e+02
158.110542349200	-1.4236939572907e+02
158.140521595000	-1.5100325859943e+02
158.170500840800	-1.5970628195423e+02
158.200480086600	-1.6847290046489e+02
158.230459332400	-1.7729750626930e+02
158.260438578200	-1.8617445298391e+02
158.290417824000	-1.9509805974831e+02
158.320397069800	-2.0406261529900e+02
158.350376315600	-2.1306238206951e+02
158.380355561400	-2.2209160031357e+02
158.410334807200	-2.3114449224826e+02
158.440314053000	-2.4021526621406e+02
158.470293298800	-2.4929812084845e+02
158.500272544600	-2.5838724927005e+02
158.530251790400	-2.6747684326995e+02
158.560231036200	-2.7656109750710e+02
158.590210282000	-2.8563421370448e+02
158.620189527800	-2.9469040484295e+02
158.650168773600	-3.0372389934929e+02
158.680148019400	-3.1272894527544e+02
158.710127265200	-3.2169981446566e+02
158.740106511000	-3.3063080670824e+02
158.770085756800	-3.3951625386871e+02
158.800065002600	-3.4835052400128e+02
158.830044248400	-3.5712802543524e+02
158.860023494200	-3.6584321083327e+02
158.890002740000	-3.7449058121841e+02
158.919981985800	-3.8306468996653e+02
158.949961231600	-3.9156014676131e+02
158.979940477400	-3.9997162150838e+02
159.009919723200	-4.0829384820588e+02
159.039898969000	-4.1652162876813e+02
159.069878214800	-4.2464983679952e+02
159.099857460600	-4.3267342131567e+02
159.129836706400	-4.4058741040888e+02
159.159815952200	-4.4838691485503e+02
159.189795198000	-4.5606713165895e+02
159.219774443800	-4.6362334753571e+02
159.249753689600	-4.7105094232481e+02
159.279732935400	-4.7834539233470e+02
159.309712181200	-4.8550227361497e+02
159.339691427000	-4.9251726515359e+02
159.369670672800	-4.9938615199665e+02
159.399649918600	-5.0610482828815e+02
159.429629164400	-5.1266930022733e+02
159.459608410200	-5.1907568894135e+02
159.489587656000	-5.2532023327079e+02
159.519566901800	-5.3139929246593e+02
159.549546147600	-5.3730934879163e+02
159.579525393400	-5.4304701003853e+02
159.609504639200	-5.4860901193887e+02
159.639483885000	-5.5399222048463e+02
159.669463130800	-5.5919363414645e+02
159.699442376600	-5.6421038599129e+02
159.729421622400	-5.6903974569726e+02
159.759400868200	-5.7367912146390e+02
159.789380114000	-5.7812606181643e+02
159.819359359800	-5.8237825730248e+02
159.849338605600	-5.8643354207983e+02
159.879317851400	-5.9028989539405e+02
159.909297097200	-5.9394544294462e+02
159.939276343000	-5.9739845813851e+02
159.969255588800	-6.0064736323026e+02
159.999234834600	-6.0369073034740e+02
160.029214080400	-6.0652728240058e+02
160.059193326200	-6.0915589387754e+02
160.089172572000	-6.1157559152021e+02
160.119151817800	-6.1378555488443e+02
160.149131063600	-6.1578511678184e+02
160.179110309400	-6.1757376360344e+02
160.209089555200	-6.1915113552457e+02
160.239068801000	-6.2051702659116e+02
160.269048046800	-6.2167138468708e+02
160.299027292600	-6.2261431138259e+02
160.329006538400	-6.2334606166401e+02
160.358985784200	-6.2386704354472e+02
160.388965030000	-6.2417781755786e+02
160.418944275800	-6.2427909613097e+02
160.448923521600	-6.2417174284322e+02
160.478902767400	-6.2385677156555e+02
160.508882013200	-6.2333534548459e+02
160.538861259000	-6.2260877601102e+02
160.568840504800	-6.2167852157317e+02
160.598819750600	-6.2054618629683e+02
160.628798996400	-6.1921351857235e+02
160.658778242200	-6.1768240951008e+02
160.688757488000	-6.1595489128532e+02
160.718736733800	-6.1403313537422e+02
160.748715979600	-6.1191945068186e+02
160.778695225400	-6.0961628156409e+02
160.808674471200	-6.0712620574463e+02
160.838653717000	-6.0445193212911e+02
160.868632962800	-6.0159629851776e+02
160.898612208600	-5.9856226921858e+02
160.928591454400	-5.9535293256286e+02
160.958570700200	-5.9197149832504e+02
160.988549946000	-5.8842129504897e+02
161.018529191800	-5.8470576728265e+02
161.048508437600	-5.8082847272374e+02
161.078487683400	-5.7679307927803e+02
161.108466929200	-5.7260336203328e+02
161.138446175000	-5.6826320015076e+02
161.168425420800	-5.6377657367712e+02
161.198404666600	-5.5914756027903e+02
161.228383912400	-5.5438033190316e+02
161.258363158200	-5.4947915136437e+02
161.288342404000	-5.4444836886463e+02
161.318321649800	-5.3929241844557e+02
161.348300895600	-5.3401581437753e+02
161.378280141400	-5.2862314748794e+02
161.408259387200	-5.2311908143201e+02
161.438238633000	-5.1750834890877e+02
161.468217878800	-5.1179574782537e+02
161.498197124600	-5.0598613741297e+02
161.528176370400	-5.0008443429703e+02
161.558155616200	-4.9409560852549e+02
161.588134862000	-4.8802467955772e+02
161.618114107800	-4.8187671221780e+02
161.648093353600	-4.7565681261510e+02
161.678072599400	-4.6937012403564e+02
161.708051845200	-4.6302182280748e+02
161.738031091000	-4.5661711414345e+02
161.768010336800	-4.5016122796466e+02
161.797989582600	-4.4365941470805e+02
161.827968828400	-4.3711694112145e+02
161.857948074200	-4.3053908604956e+02
161.887927320000	-4.2393113621417e+02
161.917906565800	-4.1729838199210e+02
161.947885811600	-4.1064611319426e+02
161.977865057400	-4.0397961484921e+02
162.007844303200	-3.9730416299473e+02
162.037823549000	-3.9062502048060e+02
162.067802794800	-3.8394743278631e+02
162.097782040600	-3.7727662385666e+02
162.127761286400	-3.7061779195908e+02
162.157740532200	-3.6397610556561e+02
162.187719778000	-3.5735669926316e+02
162.217699023800	-3.5076466969525e+02
162.247678269600	-3.4420507153845e+02
162.277657515400	-3.3768291351693e+02
162.307636761200	-3.3120315445821e+02
162.337616007000	-3.2477069939338e+02
162.367595252800	-3.1839039570488e+02
162.397574498600	-3.1206702932507e+02
162.427553744400	-3.0580532098847e+02
162.457532990200	-2.9960992254098e+02
162.487512236000	-2.9348541330872e+02
162.517491481800	-2.8743629652979e+02
162.547470727600	-2.8146699585153e+02
162.577449973400	-2.7558185189626e+02
162.607429219200	-2.6978511889833e+02
162.637408465000	-2.6408096141495e+02
162.667387710800	-2.5847345111379e+02
162.697366956600	-2.5296656363967e+02
162.727346202400	-2.4756417556295e+02
162.757325448200	-2.4227006141215e+02
162.787304694000	-2.3708789079309e+02
162.817283939800	-2.3202122559695e+02
162.847263185600	-2.2707351729936e+02
162.877242431400	-2.2224810435289e+02
162.907221677200	-2.1754820967482e+02
162.937200923000	-2.1297693823239e+02
162.967180168800	-2.0853727472732e+02
162.997159414600	-2.0423208138147e+02
163.027138660400	-2.0006409582554e+02
163.057117906200	-1.9603592909231e+02
163.087097152000	-1.9215006371609e+02
163.117076397800	-1.8840885193992e+02
163.147055643600	-1.8481451403189e+02
163.177034889400	-1.8136913671194e+02
163.207014135200	-1.7807467169028e+02
163.236993381000	-1.7493293431875e+02
163.266972626800	-1.7194560235594e+02
163.296951872600	-1.6911421484728e+02
163.326931118400	-1.6644017112068e+02
163.356910364200	-1.6392472989872e+02
163.386889610000	-1.6156900852792e+02
163.416868855800	-1.5937398232571e+02
163.446848101600	-1.5734048404549e+02
163.476827347400	-1.5546920346033e+02
163.506806593200	-1.5376068706534e+02
163.536785839000	-1.5221533789909e+02
163.566765084800	-1.5083341548408e+02
163.596744330600	-1.4961503588612e+02
163.626723576400	-1.4856017189278e+02
163.656702822200	-1.4766865331034e+02
163.686682068000	-1.4694016737924e+02
163.716661313800	-1.4637425930733e+02
163.746640559600	-1.4597033292064e+02
163.776619805400	-1.4572765143091e+02
163.806599051200	-1.4564533831921e+02
163.836578297000	-1.4572237833478e+02
163.866557542800	-1.4595761860839e+02
163.896536788600	-1.4634976987891e+02
163.926516034400	-1.4689740783227e+02
163.956495280200	-1.4759897455141e+02
163.986474526000	-1.4845278007620e+02
164.016453771800	-1.4945700407160e+02
164.046433017600	-1.5060969760293e+02
164.076412263400	-1.5190878501654e+02
164.106391509200	-1.5335206592424e+02
164.136370755000	-1.5493721728978e+02
164.166350000800	-1.5666179561567e+02
164.196329246600	-1.5852323922824e+02
164.226308492400	-1.6051887065915e+02
164.256287738200	-1.6264589912124e+02
164.286266984000	-1.6490142307656e+02
164.316246229800	-1.6728243289435e+02
164.346225475600	-1.6978581359680e+02
164.376204721400	-1.7240834769009e+02
164.406183967200	-1.7514671807839e+02
164.436163213000	-1.7799751105827e+02
164.466142458800	-1.8095721939096e+02
164.496121704600	-1.8402224544988e+02
164.526100950400	-1.8718890444069e+02
164.556080196200	-1.9045342769111e+02
164.586059442000	-1.9381196600781e+02
164.616038687800	-1.9726059309734e+02
164.646017933600	-2.0079530904838e+02
164.675997179400	-2.0441204387210e+02
164.705976425200	-2.0810666109790e+02
164.735955671000	-2.1187496142128e+02
164.765934916800	-2.1571268640075e+02
164.795914162600	-2.1961552220074e+02
164.825893408400	-2.2357910337727e+02
164.855872654200	-2.2759901670315e+02
164.885851900000	-2.3167080502951e+02
164.915831145800	-2.3578997118038e+02
164.945810391600	-2.3995198187699e+02
164.975789637400	-2.4415227168848e+02
165.005768883200	-2.4838624700574e+02
165.035748129000	-2.5264929003491e+02
165.065727374800	-2.5693676280723e+02
165.095706620600	-2.6124401120188e+02
165.125685866400	-2.6556636897830e+02
165.155665112200	-2.6989916181478e+02
165.185644358000	-2.7423771134966e+02
165.215623603800	-2.7857733922196e+02
165.245602849600	-2.8291337110788e+02
165.275582095400	-2.8724114074992e+02
165.305561341200	-2.9155599397504e+02
165.335540587000	-2.9585329269863e+02
165.365519832800	-3.0012841891086e+02
165.395499078600	-3.0437677864210e+02
165.425478324400	-3.0859380590400e+02
165.455457570200	-3.1277496660299e+02
165.485436816000	-3.1691576242295e+02
165.515416061800	-3.2101173467364e+02
165.545395307600	-3.2505846810187e+02
165.575374553400	-3.2905159466206e+02
165.605353799200	-3.3298679724309e+02
165.635333045000	-3.3685981334837e+02
165.665312290800	-3.4066643872597e+02
165.695291536600	-3.4440253094581e+02
165.725270782400	-3.4806401292102e+02
165.755250028200	-3.5164687637031e+02
165.785229274000	-3.5514718521874e+02
165.815208519800	-3.5856107893389e+02
165.845187765600	-3.6188477579463e+02
165.875167011400	-3.6511457608995e+02
165.905146257200	-3.6824686524502e+02
165.935125503000	-3.7127811687196e+02
165.965104748800	-3.7420489574286e+02
165.995083994600	-3.7702386068243e+02
166.025063240400	-3.7973176737812e+02
166.055042486200	-3.8232547110513e+02
166.085021732000	-3.8480192936438e+02
166.115000977800	-3.8715820443090e+02
166.144980223600	-3.8939146581097e+02
166.174959469400	-3.9149899260560e+02
166.204938715200	-3.9347817577875e+02
166.234917961000	-3.9532652032826e+02
166.264897206800	-3.9704164735773e+02
166.294876452600	-3.9862129604776e+02
166.324855698400	-4.0006332552496e+02
166.354834944200	-4.0136571662710e+02
166.384814190000	-4.0252657356317e+02
166.414793435800	-4.0354412546684e+02
166.444772681600	-4.0441672784229e+02
166.474751927400	-4.0514286390109e+02
166.504731173200	-4.0572114578924e+02
166.534710419000	-4.0615031570328e+02
166.564689664800	-4.0642924689474e+02
166.594668910600	-4.0655694456214e+02
166.624648156400	-4.0653254662977e+02
166.654627402200	-4.0635532441287e+02
166.684606648000	-4.0602468316862e+02
166.714585893800	-4.0554016253261e+02
166.744565139600	-4.0490143684050e+02
166.774544385400	-4.0410831533469e+02
166.804523631200	-4.0316074225603e+02
166.834502877000	-4.0205879682045e+02
166.864482122800	-4.0080269308069e+02
166.894461368600	-3.9939277967337e+02
166.924440614400	-3.9782953945177e+02
166.954419860200	-3.9611358900455e+02
166.984399106000	-3.9424567806118e+02
167.014378351800	-3.9222668878446e+02
167.044357597600	-3.9005763495100e+02
167.074336843400	-3.8773966102032e+02
167.104316089200	-3.8527404109366e+02
167.134295335000	-3.8266217776328e+02
167.164274580800	-3.7990560085345e+02
167.194253826600	-3.7700596605428e+02
167.224233072400	-3.7396505344971e+02
167.254212318200	-3.7078476594091e+02
167.284191564000	-3.6746712756657e+02
167.314170809800	-3.6401428172170e+02
167.344150055600	-3.6042848927647e+02
167.374129301400	-3.5671212659674e+02
167.404108547200	-3.5286768346823e+02
167.434087793000	-3.4889776092604e+02
167.464067038800	-3.4480506899157e+02
167.494046284600	-3.4059242431873e+02
167.524025530400	-3.3626274775176e+02
167.554004776200	-3.3181906179657e+02
167.583984022000	-3.2726448800807e+02
167.613963267800	-3.2260224429567e+02
167.643942513600	-3.1783564214936e+02
167.673921759400	-3.1296808378889e+02
167.703901005200	-3.0800305923845e+02
167.733880251000	-3.0294414332952e+02
167.763859496800	-2.9779499263452e+02
167.793838742600	-2.9255934233381e+02
167.823817988400	-2.8724100301904e+02
167.853797234200	-2.8184385743545e+02
167.883776480000	-2.7637185716597e+02
167.913755725800	-2.7082901926017e+02
167.943734971600	-2.6521942281089e+02
167.973714217400	-2.5954720548147e+02
168.003693463200	-2.5381655998679e+02
168.033672709000	-2.4803173053101e+02
168.063651954800	-2.4219700920519e+02
168.093631200600	-2.3631673234789e+02
168.123610446400	-2.3039527687193e+02
168.153589692200	-2.2443705656042e+02
168.183568938000	-2.1844651833541e+02
168.213548183800	-2.1242813850218e+02
168.243527429600	-2.0638641897263e+02
168.273506675400	-2.0032588347082e+02
168.303485921200	-1.9425107372414e+02
168.333465167000	-1.8816654564320e+02
168.363444412800	-1.8207686549387e+02
168.393423658600	-1.7598660606460e+02
168.423402904400	-1.6990034283255e+02
168.453382150200	-1.6382265013154e+02
168.483361396000	-1.5775809732529e+02
168.513340641800	-1.5171124498923e+02
168.543319887600	-1.4568664110396e+02
168.573299133400	-1.3968881726383e+02
168.603278379200	-1.3372228490375e+02
168.633257625000	-1.2779153154746e+02
168.663236870800	-1.2190101708052e+02
168.693216116600	-1.1605517005103e+02
168.723195362400	-1.1025838400142e+02
168.753174608200	-1.0451501383429e+02
168.783153854000	-9.8829372215432e+01
168.813133099800	-9.3205726016983e+01
168.843112345600	-8.7648292803885e+01
168.873091591400	-8.2161237366453e+01
168.903070837200	-7.6748668302052e+01
168.933050083000	-7.1414634648736e+01
168.963029328800	-6.6163122573680e+01
168.993008574600	-6.0998052119180e+01
169.022987820400	-5.5923274008934e+01
169.052967066200	-5.0942566517285e+01
169.082946312000	-4.6059632404029e+01
169.112925557800	-4.1278095917336e+01
169.142904803600	-3.6601499867270e+01
169.172884049400	-3.2033302772343e+01
169.202863295200	-2.7576876081445e+01
169.232842541000	-2.3235501473451e+01
169.262821786800	-1.9012368236717e+01
169.292801032600	-1.4910570730617e+01
169.322780278400	-1.0933105931192e+01
169.352759524200	-7.0828710629096e+00
169.382738770000	-3.3626613184583e+00
169.412718015800	2.2483233159134e-01
169.442697261600	3.6770252374829e+00
169.472676507400	6.9914410756580e+00
169.502655753200	1.0165713759227e+01
169.532634999000	1.3197589252015e+01
169.562614244800	1.6084927284753e+01
169.592593490600	1.8825702972080e+01
169.622572736400	2.1418008329101e+01
169.652551982200	2.3860053686336e+01
169.682531228000	2.6150169001987e+01
169.712510473800	2.8286805070547e+01
169.742489719600	3.0268534626849e+01
169.772468965400	3.2094053344766e+01
169.802448211200	3.3762180729847e+01
169.832427457000	3.5271860905288e+01
169.862406702800	3.6622163290702e+01
169.892385948600	3.7812283173279e+01
169.922365194400	3.8841542170995e+01
169.952344440200	3.9709388587639e+01
169.982323686000	4.0415397659514e+01
170.012302931800	4.0959271693762e+01
170.042282177600	4.1340840098369e+01
170.072261423400	4.1560059303985e+01
170.102240669200	4.1617012577791e+01
170.132219915000	4.1511909729760e+01
170.162199160800	4.1245086711716e+01
170.192178406600	4.0817005109717e+01
170.222157652400	4.0228251530376e+01
170.252136898200	3.9479536881806e+01
170.282116144000	3.8571695550000e+01
170.312095389800	3.7505684471506e+01
170.342074635600	3.6282582103394e+01
170.372053881400	3.4903587291551e+01
170.402033127200	3.3370018038469e+01
170.432012373000	3.1683310171749e+01
170.461991618800	2.9845015914645e+01
170.491970864600	2.7856802360052e+01
170.521950110400	2.5720449849420e+01
170.551929356200	2.3437850258156e+01
170.581908602000	2.1011005189175e+01
170.611887847800	1.8442024076306e+01
170.641867093600	1.5733122199366e+01
170.671846339400	1.2886618612773e+01
170.701825585200	9.9049339896434e+00
170.731804831000	6.7905883834016e+00
170.761784076800	3.5461989089819e+00
170.791763322600	1.7447734578349e-01
170.821742568400	-3.3217723353997e+00
170.851721814200	-6.9396565191903e+00
170.881701060000	-1.0676194563833e+01
170.911680305800	-1.4528321488387e+01
170.941659551600	-1.8492890726449e+01
170.971638797400	-2.2566676943878e+01
171.001618043200	-2.6746378917966e+01
171.031597289000	-3.1028622475425e+01
171.061576534800	-3.5409963486523e+01
171.091555780600	-3.9886890912667e+01
171.121535026400	-4.4455829904662e+01
171.151514272200	-4.9113144948865e+01
171.181493518000	-5.3855143058389e+01
171.211472763800	-5.8678077006493e+01
171.241452009600	-6.3578148599263e+01
171.271431255400	-6.8551511984640e+01
171.301410501200	-7.3594276994845e+01
171.331389747000	-7.8702512519216e+01
171.361368992800	-8.3872249904452e+01
171.391348238600	-8.9099486379236e+01
171.421327484400	-9.4380188500200e+01
171.451306730200	-9.9710295616175e+01
171.481285976000	-1.0508572334766e+02
171.511265221800	-1.1050236707843e+02
171.541244467600	-1.1595610545622e+02
171.571223713400	-1.2144280389937e+02
171.601202959200	-1.2695831810638e+02
171.631182205000	-1.3249849756527e+02
171.661161450800	-1.3805918905971e+02
171.691140696600	-1.4363624016878e+02
171.721119942400	-1.4922550275734e+02
171.751099188200	-1.5482283645404e+02
171.781078434000	-1.6042411211382e+02
171.811057679800	-1.6602521526190e+02
171.841036925600	-1.7162204951646e+02
171.871016171400	-1.7721053998673e+02
171.900995417200	-1.8278663664387e+02
171.930974663000	-1.8834631766155e+02
171.960953908800	-1.9388559272332e+02
171.990933154600	-1.9940050629413e+02
172.020912400400	-2.0488714085300e+02
172.050891646200	-2.1034162008414e+02
172.080870892000	-2.1576011202385e+02
172.110850137800	-2.2113883216046e+02
172.140829383600	-2.2647404648462e+02
172.170808629400	-2.3176207448759e+02
172.200787875200	-2.3699929210467e+02
172.230767121000	-2.4218213460153e+02
172.260746366800	-2.4730709940100e+02
172.290725612600	-2.5237074884775e+02
172.320704858400	-2.5736971290887e+02
172.350684104200	-2.6230069180777e+02
172.380663350000	-2.6716045858951e+02
172.410642595800	-2.7194586161522e+02
172.440621841600	-2.7665382698371e+02
172.470601087400	-2.8128136087817e+02
172.500580333200	-2.8582555183618e+02
172.530559579000	-2.9028357294104e+02
172.560538824800	-2.9465268393278e+02
172.590518070600	-2.9893023323708e+02
172.620497316400	-3.0311365991056e+02
172.650476562200	-3.0720049550077e+02
172.680455808000	-3.1118836581962e+02
172.710435053800	-3.1507499262863e+02
172.740414299600	-3.1885819523498e+02
172.770393545400	-3.2253589199687e+02
172.800372791200	-3.2610610173728e+02
172.830352037000	-3.2956694506492e+02
172.860331282800	-3.3291664560153e+02
172.890310528600	-3.3615353111461e+02
172.920289774400	-3.3927603455470e+02
172.950269020200	-3.4228269499673e+02
172.980248266000	-3.4517215848457e+02
173.010227511800	-3.4794317877839e+02
173.040206757600	-3.5059461800444e+02
173.070186003400	-3.5312544720676e+02
173.100165249200	-3.5553474680064e+02
173.130144495000	-3.5782170692766e+02
173.160123740800	-3.5998562771223e+02
173.190102986600	-3.6202591941956e+02
173.220082232400	-3.6394210251528e+02
173.250061478200	-3.6573380762676e+02
173.280040724000	-3.6740077540651e+02
173.310019969800	-3.6894285629791e+02
173.339999215600	-3.7036001020387e+02
173.369978461400	-3.7165230605875e+02
173.399957707200	-3.7281992130433e+02
173.429936953000	-3.7386314127042e+02
173.459916198800	-3.7478235846102e+02
173.489895444600	-3.7557807174672e+02
173.519874690400	-3.7625088546448e+02
173.549853936200	-3.7680150842575e+02
173.579833182000	-3.7723075283394e+02
173.609812427800	-3.7753953311266e+02
173.639791673600	-3.7772886464586e+02
173.669770919400	-3.7779986243115e+02
173.699750165200	-3.7775373964796e+02
173.729729411000	-3.7759180614183e+02
173.759708656800	-3.7731546682646e+02
173.789687902600	-3.7692622000530e+02
173.819667148400	-3.7642565561412e+02
173.849646394200	-3.7581545338671e+02
173.879625640000	-3.7509738094517e+02
173.909604885800	-3.7427329181702e+02
173.939584131600	-3.7334512338095e+02
173.969563377400	-3.7231489474329e+02
173.999542623200	-3.7118470454728e+02
174.029521869000	-3.6995672871733e+02
174.059501114800	-3.6863321814043e+02
174.089480360600	-3.6721649628704e+02
174.119459606400	-3.6570895677372e+02
174.149438852200	-3.6411306086985e+02
174.179418098000	-3.6243133495090e+02
174.209397343800	-3.6066636790069e+02
174.239376589600	-3.5882080846508e+02
174.269355835400	-3.5689736255972e+02
174.299335081200	-3.5489879053428e+02
174.329314327000	-3.5282790439597e+02
174.359293572800	-3.5068756499480e+02
174.389272818600	-3.4848067917329e+02
174.419252064400	-3.4621019688348e+02
174.449231310200	-3.4387910827367e+02
174.479210556000	-3.4149044074786e+02
174.509189801800	-3.3904725600065e+02
174.539169047600	-3.3655264703016e+02
174.569148293400	-3.3400973513199e+02
174.599127539200	-3.3142166687695e+02
174.629106785000	-3.2879161107530e+02
174.659086030800	-3.2612275573041e+02
174.689065276600	-3.2341830498466e+02
174.719044522400	-3.2068147606026e+02
174.749023768200	-3.1791549619810e+02
174.779003014000	-3.1512359959709e+02
174.808982259800	-3.1230902435713e+02
174.838961505600	-3.0947500942830e+02
174.868940751400	-3.0662479156918e+02
174.898919997200	-3.0376160231696e+02
174.928899243000	-3.0088866497224e+02
174.958878488800	-2.9800919160124e+02
174.988857734600	-2.9512638005796e+02
175.018836980400	-2.9224341102926e+02
175.048816226200	-2.8936344510538e+02
175.078795472000	-2.8648961987851e+02
175.108774717800	-2.8362504707211e+02
175.138753963600	-2.8077280970358e+02
175.168733209400	-2.7793595928262e+02
175.198712455200	-2.7511751304814e+02
175.228691701000	-2.7232045124579e+02
175.258670946800	-2.6954771444881e+02
175.288650192600	-2.6680220092450e+02
175.318629438400	-2.6408676404857e+02
175.348608684200	-2.6140420976974e+02
175.378587930000	-2.5875729412680e+02
175.408567175800	-2.5614872082027e+02
175.438546421600	-2.5358113884080e+02
175.468525667400	-2.5105714015643e+02
175.498504913200	-2.4857925746064e+02
175.528484159000	-2.4614996198318e+02
175.558463404800	-2.4377166136551e+02
175.588442650600	-2.4144669760283e+02
175.618421896400	-2.3917734505419e+02
175.648401142200	-2.3696580852267e+02
175.678380388000	-2.3481422140702e+02
175.708359633800	-2.3272464392640e+02
175.738338879600	-2.3069906141974e+02
175.768318125400	-2.2873938272107e+02
175.798297371200	-2.2684743861216e+02
175.828276617000	-2.2502498035376e+02
175.858255862800	-2.2327367829663e+02
175.888235108600	-2.2159512057343e+02
175.918214354400	-2.1999081187252e+02
175.948193600200	-2.1846217229467e+02
175.978172846000	-2.1701053629346e+02
176.008152091800	-2.1563715170026e+02
176.038131337600	-2.1434317883449e+02
176.068110583400	-2.1312968969967e+02
176.098089829200	-2.1199766726604e+02
176.128069075000	-2.1094800484005e+02
176.158048320800	-2.0998150552110e+02
176.188027566600	-2.0909888174597e+02
176.218006812400	-2.0830075492109e+02
176.247986058200	-2.0758765514272e+02
176.277965304000	-2.0696002100528e+02
176.307944549800	-2.0641819949759e+02
176.337923795600	-2.0596244598717e+02
176.367903041400	-2.0559292429209e+02
176.397882287200	-2.0530970684049e+02
176.427861533000	-2.0511277491706e+02
176.457840778800	-2.0500201899629e+02
176.487820024600	-2.0497723916187e+02
176.517799270400	-2.0503814561170e+02
176.547778516200	-2.0518435924783e+02
176.577757762000	-2.0541541235052e+02
176.607737007800	-2.0573074933571e+02
176.637716253600	-2.0612972759494e+02
176.667695499400	-2.0661161841671e+02
176.697674745200	-2.0717560798828e+02
176.727653991000	-2.0782079847681e+02
176.757633236800	-2.0854620918851e+02
176.787612482600	-2.0935077780475e+02
176.817591728400	-2.1023336169355e+02
176.847570974200	-2.1119273929527e+02
176.877550220000	-2.1222761158081e+02
176.907529465800	-2.1333660358103e+02
176.937508711600	-2.1451826598550e+02
176.967487957400	-2.1577107680918e+02
176.997467203200	-2.1709344312513e+02
177.027446449000	-2.1848370286155e+02
177.057425694800	-2.1994012666129e+02
177.087404940600	-2.2146091980188e+02
177.117384186400	-2.2304422417423e+02
177.147363432200	-2.2468812031792e+02
177.177342678000	-2.2639062951106e+02
177.207321923800	-2.2814971591255e+02
177.237301169600	-2.2996328875476e+02
177.267280415400	-2.3182920458425e+02
177.297259661200	-2.3374526954841e+02
177.327238907000	-2.3570924172572e+02
177.357218152800	-2.3771883349730e+02
177.387197398600	-2.3977171395753e+02
177.417176644400	-2.4186551136110e+02
177.447155890200	-2.4399781560439e+02
177.477135136000	-2.4616618073854e+02
177.507114381800	-2.4836812751187e+02
177.537093627600	-2.5060114593900e+02
177.567072873400	-2.5286269789440e+02
177.597052119200	-2.5515021972768e+02
177.627031365000	-2.5746112489809e+02
177.657010610800	-2.5979280662573e+02
177.686989856600	-2.6214264055695e+02
177.716969102400	-2.6450798744116e+02
177.746948348200	-2.6688619581678e+02
177.776927594000	-2.6927460470341e+02
177.806906839800	-2.7167054629794e+02
177.836886085600	-2.7407134867174e+02
177.866865331400	-2.7647433846662e+02
177.896844577200	-2.7887684358669e+02
177.926823823000	-2.8127619588385e+02
177.956803068800	-2.8366973383405e+02
177.986782314600	-2.8605480520204e+02
178.016761560400	-2.8842876969194e+02
178.046740806200	-2.9078900158105e+02
178.076720052000	-2.9313289233465e+02
178.106699297800	-2.9545785319901e+02
178.136678543600	-2.9776131777039e+02
178.166657789400	-3.0004074453753e+02
178.196637035200	-3.0229361939523e+02
178.226616281000	-3.0451745812665e+02
178.256595526800	-3.0670980885204e+02
178.286574772600	-3.0886825444160e+02
178.316554018400	-3.1099041489016e+02
178.346533264200	-3.1307394965158e+02
178.376512510000	-3.1511655993053e+02
178.406491755800	-3.1711599092970e+02
178.436471001600	-3.1907003405025e+02
178.466450247400	-3.2097652904342e+02
178.496429493200	-3.2283336611150e+02
178.526408739000	-3.2463848795598e+02
178.556387984800	-3.2638989177120e+02
178.586367230600	-3.2808563118156e+02
178.616346476400	-3.2972381812055e+02
178.646325722200	-3.3130262464988e+02
178.676304968000	-3.3282028471709e+02
178.706284213800	-3.3427509585000e+02
178.736263459600	-3.3566542078647e+02
178.766242705400	-3.3698968903803e+02
178.796221951200	-3.3824639838600e+02
178.826201197000	-3.3943411630869e+02
178.856180442800	-3.4055148133845e+02
178.886159688600	-3.4159720434744e+02
178.916138934400	-3.4257006976083e+02
178.946118180200	-3.4346893669654e+02
178.976097426000	-3.4429274003040e+02
179.006076671800	-3.4504049138594e+02
179.036055917600	-3.4571128004781e+02
179.066035163400	-3.4630427379822e+02
179.096014409200	-3.4681871967563e+02
179.125993655000	-3.4725394465502e+02
179.155972900800	-3.4760935624932e+02
179.185952146600	-3.4788444303145e+02
179.215931392400	-3.4807877507655e+02
179.245910638200	-3.4819200432421e+02
179.275889884000	-3.4822386486029e+02
179.305869129800	-3.4817417311836e+02
179.335848375600	-3.4804282800050e+02
179.365827621400	-3.4782981091758e+02
179.395806867200	-3.4753518574900e+02
179.425786113000	-3.4715909872213e+02
179.455765358800	-3.4670177821158e+02
179.485744604600	-3.4616353445866e+02
179.515723850400	-3.4554475921140e+02
179.545703096200	-3.4484592528551e+02
179.575682342000	-3.4406758604695e+02
179.605661587800	-3.4321037481655e+02
179.635640833600	-3.4227500419745e+02
179.665620079400	-3.4126226532613e+02
179.695599325200	-3.4017302704771e+02
179.725578571000	-3.3900823501657e+02
179.755557816800	-3.3776891072315e+02
179.785537062600	-3.3645615044802e+02
179.815516308400	-3.3507112414425e+02
179.845495554200	-3.3361507424930e+02
179.875474800000	-3.3208931442765e+02
179.905454045800	-3.3049522824545e+02
179.935433291600	-3.2883426777856e+02
179.965412537400	-3.2710795215536e+02
179.995391783200	-3.2531786603595e+02
180.025371029000	-3.2346565802903e+02
180.055350274800	-3.2155303904836e+02
180.085329520600	-3.1958178061017e+02
180.115308766400	-3.1755371307347e+02
180.145288012200	-3.1547072382481e+02
180.175267258000	-3.1333475540949e+02
180.205246503800	-3.1114780361094e+02
180.235225749600	-3.0891191548023e+02
180.265204995400	-3.0662918731770e+02
180.295184241200	-3.0430176260867e+02
180.325163487000	-3.0193182991522e+02
180.355142732800	-2.9952162072626e+02
180.385121978600	-2.9707340726785e+02
180.415101224400	-2.9458950027600e+02
180.445080470200	-2.9207224673415e+02
180.475059716000	-2.8952402757754e+02
180.505038961800	-2.8694725536662e+02
180.535018207600	-2.8434437193197e+02
180.564997453400	-2.8171784599280e+02
180.594976699200	-2.7907017075153e+02
180.624955945000	-2.7640386146671e+02
180.654935190800	-2.7372145300666e+02
180.684914436600	-2.7102549738616e+02
180.714893682400	-2.6831856128865e+02
180.744872928200	-2.6560322357635e+02
180.774852174000	-2.6288207279056e+02
180.804831419800	-2.6015770464476e+02
180.834810665600	-2.5743271951280e+02
180.864789911400	-2.5470971991461e+02
180.894769157200	-2.5199130800194e+02
180.924748403000	-2.4928008304645e+02
180.954727648800	-2.4657863893258e+02
180.984706894600	-2.4388956165768e+02
181.014686140400	-2.4121542684175e+02
181.044665386200	-2.3855879724912e+02
181.074644632000	-2.3592222032459e+02
181.104623877800	-2.3330822574622e+02
181.134603123600	-2.3071932299719e+02
181.164582369400	-2.2815799895916e+02
181.194561615200	-2.2562671552910e+02
181.224540861000	-2.2312790726228e+02
181.254520106800	-2.2066397904334e+02
181.284499352600	-2.1823730378775e+02
181.314478598400	-2.1585022017595e+02
181.344457844200	-2.1350503042211e+02
181.374437090000	-2.1120399807986e+02
181.404416335800	-2.0894934588688e+02
181.434395581600	-2.0674325365042e+02
181.464374827400	-2.0458785617588e+02
181.494354073200	-2.0248524124021e+02
181.524333319000	-2.0043744761218e+02
181.554312564800	-1.9844646312133e+02
181.584291810600	-1.9651422277738e+02
181.614271056400	-1.9464260694192e+02
181.644250302200	-1.9283343955408e+02
181.674229548000	-1.9108848641181e+02
181.704208793800	-1.8940945351036e+02
181.734188039600	-1.8779798543960e+02
181.764167285400	-1.8625566384153e+02
181.794146531200	-1.8478400592952e+02
181.824125777000	-1.8338446307063e+02
181.854105022800	-1.8205841943223e+02
181.884084268600	-1.8080719069430e+02
181.914063514400	-1.7963202282850e+02
181.944042760200	-1.7853409094512e+02
181.974022006000	-1.7751449820903e+02
182.004001251800	-1.7657427482551e+02
182.033980497600	-1.7571437709705e+02
182.063959743400	-1.7493568655166e+02
182.093938989200	-1.7423900914385e+02
182.123918235000	-1.7362507452868e+02
182.153897480800	-1.7309453540959e+02
182.183876726600	-1.7264796696076e+02
182.213855972400	-1.7228586632418e+02
182.243835218200	-1.7200865218207e+02
182.273814464000	-1.7181666440499e+02
182.303793709800	-1.7171016377577e+02
182.333772955600	-1.7168933178962e+02
182.363752201400	-1.7175427053045e+02
182.393731447200	-1.7190500262347e+02
182.423710693000	-1.7214147126412e+02
182.453689938800	-1.7246354032315e+02
182.483669184600	-1.7287099452769e+02
182.513648430400	-1.7336353971819e+02
182.543627676200	-1.7394080318073e+02
182.573606922000	-1.7460233405452e+02
182.603586167800	-1.7534760381398e+02
182.633565413600	-1.7617600682492e+02
182.663544659400	-1.7708686097432e+02
182.693523905200	-1.7807940837284e+02
182.723503151000	-1.7915281612961e+02
182.753482396800	-1.8030617719814e+02
182.783461642600	-1.8153851129285e+02
182.813440888400	-1.8284876587501e+02
182.843420134200	-1.8423581720721e+02
182.873399380000	-1.8569847147524e+02
182.903378625800	-1.8723546597631e+02
182.933357871600	-1.8884547037236e+02
182.963337117400	-1.9052708800717e+02
182.993316363200	-1.9227885728611e+02
183.023295609000	-1.9409925311692e+02
183.053274854800	-1.9598668841031e+02
183.083254100600	-1.9793951563874e+02
183.113233346400	-1.9995602845188e+02
183.143212592200	-2.0203446334723e+02
183.173191838000	-2.0417300139409e+02
183.203171083800	-2.0636977000931e+02
183.233150329600	-2.0862284478306e+02
183.263129575400	-2.1093025135276e+02
183.293108821200	-2.1328996732338e+02
183.323088067000	-2.1569992423222e+02
183.353067312800	-2.1815800955624e+02
183.383046558600	-2.2066206876000e+02
183.413025804400	-2.2320990738215e+02
183.443005050200	-2.2579929315850e+02
183.472984296000	-2.2842795817960e+02
183.502963541800	-2.3109360108065e+02
183.532942787600	-2.3379388926167e+02
183.562922033400	-2.3652646113581e+02
183.592901279200	-2.3928892840355e+02
183.622880525000	-2.4207887835056e+02
183.652859770800	-2.4489387616708e+02
183.682839016600	-2.4773146728655e+02
183.712818262400	-2.5058917974113e+02
183.742797508200	-2.5346452653197e+02
183.772776754000	-2.5635500801189e+02
183.802755999800	-2.5925811427804e+02
183.832735245600	-2.6217132757251e+02
183.862714491400	-2.6509212468826e+02
183.892693737200	-2.6801797937830e+02
183.922672983000	-2.7094636476565e+02
183.952652228800	-2.7387475575184e+02
183.982631474600	-2.7680063142156e+02
184.012610720400	-2.7972147744126e+02
184.042589966200	-2.8263478844929e+02
184.072569212000	-2.8553807043530e+02
184.102548457800	-2.8842884310672e+02
184.132527703600	-2.9130464223990e+02
184.162506949400	-2.9416302201377e+02
184.192486195200	-2.9700155732375e+02
184.222465441000	-2.9981784607372e+02
184.252444686800	-3.0260951144375e+02
184.282423932600	-3.0537420413165e+02
184.312403178400	-3.0810960456593e+02
184.342382424200	-3.1081342508825e+02
184.372361670000	-3.1348341210329e+02
184.402340915800	-3.1611734819375e+02
184.432320161600	-3.1871305419884e+02
184.462299407400	-3.2126839125395e+02
184.492278653200	-3.2378126278979e+02
184.522257899000	-3.2624961648894e+02
184.552237144800	-3.2867144619808e+02
184.582216390600	-3.3104479379402e+02
184.612195636400	-3.3336775100180e+02
184.642174882200	-3.3563846116309e+02
184.672154128000	-3.3785512095332e+02
184.702133373800	-3.4001598204576e+02
184.732112619600	-3.4211935272118e+02
184.762091865400	-3.4416359942143e+02
184.792071111200	-3.4614714824548e+02
184.822050357000	-3.4806848638668e+02
184.852029602800	-3.4992616350968e+02
184.882008848600	-3.5171879306586e+02
184.911988094400	-3.5344505354601e+02
184.941967340200	-3.5510368966907e+02
184.971946586000	-3.5669351350587e+02
185.001925831800	-3.5821340553682e+02
185.031905077600	-3.5966231564249e+02
185.061884323400	-3.6103926402637e+02
185.091863569200	-3.6234334206867e+02
185.121842815000	-3.6357371311070e+02
185.151822060800	-3.6472961316886e+02
185.181801306600	-3.6581035157779e+02
185.211780552400	-3.6681531156192e+02
185.241759798200	-3.6774395073511e+02
185.271739044000	-3.6859580152777e+02
185.301718289800	-3.6937047154124e+02
185.331697535600	-3.7006764382901e+02
185.361676781400	-3.7068707710465e+02
185.391656027200	-3.7122860587623e+02
185.421635273000	-3.7169214050717e+02
185.451614518800	-3.7207766720359e+02
185.481593764600	-3.7238524792799e+02
185.511573010400	-3.7261502023968e+02
185.541552256200	-3.7276719706193e+02
185.571531502000	-3.7284206637627e+02
185.601510747800	-3.7283999084410e+02
185.631489993600	-3.7276140735624e+02
185.661469239400	-3.7260682651071e+02
185.691448485200	-3.7237683201938e+02
185.721427731000	-3.7207208004412e+02
185.751406976800	-3.7169329846305e+02
185.781386222600	-3.7124128606773e+02
185.811365468400	-3.7071691169202e+02
185.841344714200	-3.7012111327364e+02
185.871323960000	-3.6945489684914e+02
185.901303205800	-3.6871933548352e+02
185.931282451600	-3.6791556813544e+02
185.961261697400	-3.6704479845924e+02
185.991240943200	-3.6610829354481e+02
186.021220189000	-3.6510738259677e+02
186.051199434800	-3.6404345555413e+02
186.081178680600	-3.6291796165185e+02
186.111157926400	-3.6173240792566e+02
186.141137172200	-3.6048835766175e+02
186.171116418000	-3.5918742879270e+02
186.201095663800	-3.5783129224135e+02
186.231074909600	-3.5642167021422e+02
186.261054155400	-3.5496033444603e+02
186.291033401200	-3.5344910439731e+02
186.321012647000	-3.5188984540656e+02
186.350991892800	-3.5028446679901e+02
186.380971138600	-3.4863491995373e+02
186.410950384400	-3.4694319633095e+02
186.440929630200	-3.4521132546163e+02
186.470908876000	-3.4344137290114e+02
186.500888121800	-3.4163543814911e+02
186.530867367600	-3.3979565253746e+02
186.560846613400	-3.3792417708865e+02
186.590825859200	-3.3602320034628e+02
186.620805105000	-3.3409493618016e+02
186.650784350800	-3.3214162156795e+02
186.680763596600	-3.3016551435550e+02
186.710742842400	-3.2816889099815e+02
186.740722088200	-3.2615404428523e+02
186.770701334000	-3.2412328104971e+02
186.800680579800	-3.2207891986564e+02
186.830659825600	-3.2002328873517e+02
186.860639071400	-3.1795872276782e+02
186.890618317200	-3.1588756185387e+02
186.920597563000	-3.1381214833443e+02
186.950576808800	-3.1173482467029e+02
186.980556054600	-3.0965793111185e+02
187.010535300400	-3.0758380337239e+02
187.040514546200	-3.0551477030693e+02
187.070493792000	-3.0345315159897e+02
187.100473037800	-3.0140125545726e+02
187.130452283600	-2.9936137632496e+02
187.160431529400	-2.9733579260325e+02
187.190410775200	-2.9532676439177e+02
187.220390021000	-2.9333653124794e+02
187.250369266800	-2.9136730996734e+02
187.280348512600	-2.8942129238746e+02
187.310327758400	-2.8750064321662e+02
187.340307004200	-2.8560749789059e+02
187.370286250000	-2.8374396045853e+02
187.400265495800	-2.8191210150068e+02
187.430244741600	-2.8011395607954e+02
187.460223987400	-2.7835152172668e+02
187.490203233200	-2.7662675646705e+02
187.520182479000	-2.7494157688271e+02
187.550161724800	-2.7329785621789e+02
187.580140970600	-2.7169742252715e+02
187.610120216400	-2.7014205686844e+02
187.640099462200	-2.6863349154288e+02
187.670078708000	-2.6717340838285e+02
187.700057953800	-2.6576343709006e+02
187.730037199600	-2.6440515362534e+02
187.760016445400	-2.6310007865150e+02
187.789995691200	-2.6184967603088e+02
187.819974937000	-2.6065535137908e+02
187.849954182800	-2.5951845067609e+02
187.879933428600	-2.5844025893639e+02
187.909912674400	-2.5742199893911e+02
187.939891920200	-2.5646483001956e+02
187.969871166000	-2.5556984692334e+02
187.999850411800	-2.5473807872396e+02
188.029829657600	-2.5397048780529e+02
188.059808903400	-2.5326796890949e+02
188.089788149200	-2.5263134825169e+02
188.119767395000	-2.5206138270191e+02
188.149746640800	-2.5155875903535e+02
188.179725886600	-2.5112409325150e+02
188.209705132400	-2.5075792996291e+02
188.239684378200	-2.5046074185412e+02
188.269663624000	-2.5023292921125e+02
188.299642869800	-2.5007481952282e+02
188.329622115600	-2.4998666715202e+02
188.359601361400	-2.4996865308092e+02
188.389580607200	-2.5002088472675e+02
188.419559853000	-2.5014339583040e+02
188.449539098800	-2.5033614641741e+02
188.479518344600	-2.5059902283130e+02
188.509497590400	-2.5093183783936e+02
188.539476836200	-2.5133433081066e+02
188.569456082000	-2.5180616796627e+02
188.599435327800	-2.5234694270129e+02
188.629414573600	-2.5295617597846e+02
188.659393819400	-2.5363331679305e+02
188.689373065200	-2.5437774270836e+02
188.719352311000	-2.5518876046158e+02
188.749331556800	-2.5606560663927e+02
188.779310802600	-2.5700744842177e+02
188.809290048400	-2.5801338439602e+02
188.839269294200	-2.5908244543582e+02
188.869248540000	-2.6021359564875e+02
188.899227785800	-2.6140573338888e+02
188.929207031600	-2.6265769233424e+02
188.959186277400	-2.6396824262805e+02
188.989165523200	-2.6533609208259e+02
189.019144769000	-2.6675988744456e+02
189.049124014800	-2.6823821572075e+02
189.079103260600	-2.6976960556272e+02
189.109082506400	-2.7135252870905e+02
189.139061752200	-2.7298540148408e+02
189.169040998000	-2.7466658635128e+02
189.199020243800	-2.7639439352015e+02
189.228999489600	-2.7816708260486e+02
189.258978735400	-2.7998286433310e+02
189.288957981200	-2.8183990230356e+02
189.318937227000	-2.8373631479025e+02
189.348916472800	-2.8567017659202e+02
189.378895718600	-2.8763952092542e+02
189.408874964400	-2.8964234135916e+02
189.438854210200	-2.9167659378825e+02
189.468833456000	-2.9374019844593e+02
189.498812701800	-2.9583104195153e+02
189.528791947600	-2.9794697939216e+02
189.558771193400	-3.0008583643634e+02
189.588750439200	-3.0224541147750e+02
189.618729685000	-3.0442347780529e+02
189.648708930800	-3.0661778580259e+02
189.678688176600	-3.0882606516615e+02
189.708667422400	-3.1104602714868e+02
189.738646668200	-3.1327536682030e+02
189.768625914000	-3.1551176534706e+02
189.798605159800	-3.1775289228449e+02
189.828584405600	-3.1999640788382e+02
189.858563651400	-3.2223996540875e+02
189.888542897200	-3.2448121346056e+02
189.918522143000	-3.2671779830915e+02
189.948501388800	-3.2894736622804e+02
189.978480634600	-3.3116756583080e+02
190.008459880400	-3.3337605040687e+02
190.038439126200	-3.3557048025444e+02
190.068418372000	-3.3774852500804e+02
190.098397617800	-3.3990786595887e+02
190.128376863600	-3.4204619836528e+02
190.158356109400	-3.4416123375149e+02
190.188335355200	-3.4625070219212e+02
190.218314601000	-3.4831235458041e+02
190.248293846800	-3.5034396487799e+02
190.278273092600	-3.5234333234384e+02
190.308252338400	-3.5430828374059e+02
190.338231584200	-3.5623667551569e+02
190.368210830000	-3.5812639595560e+02
190.398190075800	-3.5997536731082e+02
190.428169321600	-3.6178154788964e+02
190.458148567400	-3.6354293411873e+02
190.488127813200	-3.6525756256845e+02
190.518107059000	-3.6692351194093e+02
190.548086304800	-3.6853890501912e+02
190.578065550600	-3.7010191057472e+02
190.608044796400	-3.7161074523329e+02
190.638024042200	-3.7306367529469e+02
190.668003288000	-3.7445901850700e+02
190.697982533800	-3.7579514579235e+02
190.727961779600	-3.7707048292283e+02
190.757941025400	-3.7828351214490e+02
190.787920271200	-3.7943277375077e+02
190.817899517000	-3.8051686759511e+02
190.847878762800	-3.8153445455570e+02
190.877858008600	-3.8248425793650e+02
190.907837254400	-3.8336506481184e+02
190.937816500200	-3.8417572731041e+02
190.967795746000	-3.8491516383768e+02
190.997774991800	-3.8558236023567e+02
191.027754237600	-3.8617637087883e+02
191.057733483400	-3.8669631970505e+02
191.087712729200	-3.8714140118059e+02
191.117691975000	-3.8751088119820e+02
191.147671220800	-3.8780409790732e+02
191.177650466600	-3.8802046247567e+02
191.207629712400	-3.8815945978132e+02
191.237608958200	-3.8822064903475e+02
191.267588204000	-3.8820366432996e+02
191.297567449800	-3.8810821512433e+02
191.327546695600	-3.8793408664659e+02
191.357525941400	-3.8768114023244e+02
191.387505187200	-3.8734931358754e+02
191.417484433000	-3.8693862097753e+02
191.447463678800	-3.8644915334478e+02
191.477442924600	-3.8588107835181e+02
191.507422170400	-3.8523464035127e+02
191.537401416200	-3.8451016028235e+02
191.567380662000	-3.8370803549383e+02
191.597359907800	-3.8282873949370e+02
191.627339153600	-3.8187282162575e+02
191.657318399400	-3.8084090667313e+02
191.687297645200	-3.7973369438947e+02
191.717276891000	-3.7855195895769e+02
191.747256136800	-3.7729654837719e+02
191.777235382600	-3.7596838377978e+02
191.807214628400	-3.7456845867501e+02
191.837193874200	-3.7309783812556e+02
191.867173120000	-3.7155765785347e+02
191.897152365800	-3.6994912327783e+02
191.927131611600	-3.6827350848500e+02
191.957110857400	-3.6653215513214e+02
191.987090103200	-3.6472647128511e+02
192.017069349000	-3.6285793019169e+02
192.047048594800	-3.6092806899139e+02
192.077027840600	-3.5893848736280e+02
192.107007086400	-3.5689084610997e+02
192.136986332200	-3.5478686568881e+02
192.166965578000	-3.5262832467515e+02
192.196944823800	-3.5041705817559e+02
192.226924069600	-3.4815495618279e+02
192.256903315400	-3.4584396187662e+02
192.286882561200	-3.4348606987267e+02
192.316861807000	-3.4108332441992e+02
192.346841052800	-3.3863781754891e+02
192.376820298600	-3.3615168717251e+02
192.406799544400	-3.3362711514061e+02
192.436778790200	-3.3106632525093e+02
192.466758036000	-3.2847158121740e+02
192.496737281800	-3.2584518459832e+02
192.526716527600	-3.2318947268599e+02
192.556695773400	-3.2050681635981e+02
192.586675019200	-3.1779961790489e+02
192.616654265000	-3.1507030879815e+02
192.646633510800	-3.1232134746390e+02
192.676612756600	-3.0955521700111e+02
192.706592002400	-3.0677442288434e+02
192.736571248200	-3.0398149064051e+02
192.766550494000	-3.0117896350372e+02
192.796529739800	-2.9836940005018e+02
192.826508985600	-2.9555537181558e+02
192.856488231400	-2.9273946089694e+02
192.886467477200	-2.8992425754136e+02
192.916446723000	-2.8711235772378e+02
192.946425968800	-2.8430636071597e+02
192.976405214600	-2.8150886664920e+02
193.006384460400	-2.7872247407263e+02
193.036363706200	-2.7594977750980e+02
193.066342952000	-2.7319336501555e+02
193.096322197800	-2.7045581573554e+02
193.126301443600	-2.6773969747063e+02
193.156280689400	-2.6504756424857e+02
193.186259935200	-2.6238195390501e+02
193.216239181000	-2.5974538567625e+02
193.246218426800	-2.5714035780602e+02
193.276197672600	-2.5456934516829e+02
193.306176918400	-2.5203479690859e+02
193.336156164200	-2.4953913410591e+02
193.366135410000	-2.4708474745735e+02
193.396114655800	-2.4467399498775e+02
193.426093901600	-2.4230919978639e+02
193.456073147400	-2.3999264777292e+02
193.486052393200	-2.3772658549460e+02
193.516031639000	-2.3551321795683e+02
193.546010884800	-2.3335470648914e+02
193.575990130600	-2.3125316664856e+02
193.605969376400	-2.2921066616236e+02
193.635948622200	-2.2722922291198e+02
193.665927868000	-2.2531080296033e+02
193.695907113800	-2.2345731862392e+02
193.725886359600	-2.2167062659196e+02
193.755865605400	-2.1995252609406e+02
193.785844851200	-2.1830475711823e+02
193.815824097000	-2.1672899868095e+02
193.845803342800	-2.1522686715080e+02
193.875782588600	-2.1379991462744e+02
193.905761834400	-2.1244962737727e+02
193.935741080200	-2.1117742432735e+02
193.965720326000	-2.0998465561900e+02
193.995699571800	-2.0887260122241e+02
194.025678817600	-2.0784246961366e+02
194.055658063400	-2.0689539651529e+02
194.085637309200	-2.0603244370170e+02
194.115616555000	-2.0525459787052e+02
194.145595800800	-2.0456276958102e+02
194.175575046600	-2.0395779226049e+02
194.205554292400	-2.0344042127976e+02
194.235533538200	-2.0301133309848e+02
194.265512784000	-2.0267112448121e+02
194.295492029800	-2.0242031178498e+02
194.325471275600	-2.0225933031901e+02
194.355450521400	-2.0218853377729e+02
194.385429767200	-2.0220819374450e+02
194.415409013000	-2.0231849927583e+02
194.445388258800	-2.0251955655112e+02
194.475367504600	-2.0281138860362e+02
194.505346750400	-2.0319393512378e+02
194.535325996200	-2.0366705233815e+02
194.565305242000	-2.0423051296368e+02
194.595284487800	-2.0488400623741e+02
194.625263733600	-2.0562713802160e+02
194.655242979400	-2.0645943098427e+02
194.685222225200	-2.0738032485496e+02
194.715201471000	-2.0838917675563e+02
194.745180716800	-2.0948526160630e+02
194.775159962600	-2.1066777260522e+02
194.805139208400	-2.1193582178311e+02
194.835118454200	-2.1328844063102e+02
194.865097700000	-2.1472458080127e+02
194.895076945800	-2.1624311488092e+02
194.925056191600	-2.1784283723700e+02
194.955035437400	-2.1952246493286e+02
194.985014683200	-2.2128063871484e+02
195.014993929000	-2.2311592406830e+02
195.044973174800	-2.2502681234226e+02
195.074952420600	-2.2701172194145e+02
195.104931666400	-2.2906899958488e+02
195.134910912200	-2.3119692162981e+02
195.164890158000	-2.3339369545979e+02
195.194869403800	-2.3565746093581e+02
195.224848649600	-2.3798629190901e+02
195.254827895400	-2.4037819779374e+02
195.284807141200	-2.4283112519960e+02
195.314786387000	-2.4534295962092e+02
195.344765632800	-2.4791152718221e+02
195.374744878600	-2.5053459643807e+02
195.404724124400	-2.5320988022589e+02
195.434703370200	-2.5593503756968e+02
195.464682616000	-2.5870767563347e+02
195.494661861800	-2.6152535172231e+02
195.524641107600	-2.6438557532926e+02
195.554620353400	-2.6728581022651e+02
195.584599599200	-2.7022347659866e+02
195.614578845000	-2.7319595321638e+02
195.644558090800	-2.7620057964844e+02
195.674537336600	-2.7923465851012e+02
195.704516582400	-2.8229545774604e+02
195.734495828200	-2.8538021294532e+02
195.764475074000	-2.8848612968701e+02
195.794454319800	-2.9161038591368e+02
195.824433565600	-2.9475013433111e+02
195.854412811400	-2.9790250483183e+02
195.884392057200	-3.0106460694039e+02
195.914371303000	-3.0423353227822e+02
195.944350548800	-3.0740635704578e+02
195.974329794600	-3.1058014451983e+02
196.004309040400	-3.1375194756360e+02
196.034288286200	-3.1691881114755e+02
196.064267532000	-3.2007777487858e+02
196.094246777800	-3.2322587553527e+02
196.124226023600	-3.2636014960701e+02
196.154205269400	-3.2947763583469e+02
196.184184515200	-3.3257537775075e+02
196.214163761000	-3.3565042621615e+02
196.244143006800	-3.3869984195221e+02
196.274122252600	-3.4172069806494e+02
196.304101498400	-3.4471008255954e+02
196.334080744200	-3.4766510084302e+02
196.364059990000	-3.5058287821254e+02
196.394039235800	-3.5346056232725e+02
196.424018481600	-3.5629532566162e+02
196.453997727400	-3.5908436793777e+02
196.483976973200	-3.6182491853495e+02
196.513956219000	-3.6451423887374e+02
196.543935464800	-3.6714962477309e+02
196.573914710600	-3.6972840877795e+02
196.603893956400	-3.7224796245542e+02
196.633873202200	-3.7470569865755e+02
196.663852448000	-3.7709907374853e+02
196.693831693800	-3.7942558979452e+02
196.723810939600	-3.8168279671402e+02
196.753790185400	-3.8386829438701e+02
196.783769431200	-3.8597973472084e+02
196.813748677000	-3.8801482367123e+02
196.843727922800	-3.8997132321641e+02
196.873707168600	-3.9184705328278e+02
196.903686414400	-3.9363989362038e+02
196.933665660200	-3.9534778562645e+02
196.963644906000	-3.9696873411557e+02
196.993624151800	-3.9850080903476e+02
197.023603397600	-3.9994214712209e+02
197.053582643400	-4.0129095350725e+02
197.083561889200	-4.0254550325284e+02
197.113541135000	-4.0370414283490e+02
197.143520380800	-4.0476529156142e+02
197.173499626600	-4.0572744292769e+02
197.203478872400	-4.0658916590719e+02
197.233458118200	-4.0734910617697e+02
197.263437364000	-4.0800598727649e+02
197.293416609800	-4.0855861169885e+02
197.323395855600	-4.0900586191357e+02
197.353375101400	-4.0934670131997e+02
197.383354347200	-4.0958017513040e+02
197.413333593000	-4.0970541118251e+02
197.443312838800	-4.0972162068001e+02
197.473292084600	-4.0962809886115e+02
197.503271330400	-4.0942422559445e+02
197.533250576200	-4.0910946590125e+02
197.563229822000	-4.0868337040456e+02
197.593209067800	-4.0814557570394e+02
197.623188313600	-4.0749580467605e+02
197.653167559400	-4.0673386670079e+02
197.683146805200	-4.0585965781273e+02
197.713126051000	-4.0487316077784e+02
197.743105296800	-4.0377444509550e+02
197.773084542600	-4.0256366692582e+02
197.803063788400	-4.0124106894240e+02
197.833043034200	-3.9980698011077e+02
197.863022280000	-3.9826181539262e+02
197.893001525800	-3.9660607537641e+02
197.922980771600	-3.9484034583439e+02
197.952960017400	-3.9296529720683e+02
197.982939263200	-3.9098168401378e+02
198.012918509000	-3.8889034419497e+02
198.042897754800	-3.8669219837855e+02
198.072877000600	-3.8438824907936e+02
198.102856246400	-3.8197957982750e+02
198.132835492200	-3.7946735422804e+02
198.162814738000	-3.7685281495274e+02
198.192793983800	-3.7413728266483e+02
198.222773229600	-3.7132215487774e+02
198.252752475400	-3.6840890474900e+02
198.282731721200	-3.6539907981027e+02
198.312710967000	-3.6229430063489e+02
198.342690212800	-3.5909625944403e+02
198.372669458600	-3.5580671865282e+02
198.402648704400	-3.5242750935779e+02
198.432627950200	-3.4896052976708e+02
198.462607196000	-3.4540774357473e+02
198.492586441800	-3.4177117828074e+02
198.522565687600	-3.3805292345829e+02
198.552544933400	-3.3425512896982e+02
198.582524179200	-3.3038000313356e+02
198.612503425000	-3.2642981084218e+02
198.642482670800	-3.2240687163532e+02
198.672461916600	-3.1831355772778e+02
198.702441162400	-3.1415229199512e+02
198.732420408200	-3.0992554591845e+02
198.762399654000	-3.0563583749052e+02
198.792378899800	-3.0128572908468e+02
198.822358145600	-2.9687782528893e+02
198.852337391400	-2.9241477070688e+02
198.882316637200	-2.8789924772760e+02
198.912295883000	-2.8333397426648e+02
198.942275128800	-2.7872170147905e+02
198.972254374600	-2.7406521144982e+02
199.002233620400	-2.6936731485832e+02
199.032212866200	-2.6463084862428e+02
199.062192112000	-2.5985867353424e+02
199.092171357800	-2.5505367185160e+02
199.122150603600	-2.5021874491223e+02
199.152129849400	-2.4535681070798e+02
199.182109095200	-2.4047080145993e+02
199.212088341000	-2.3556366118391e+02
199.242067586800	-2.3063834325017e+02
199.272046832600	-2.2569780793948e+02
199.302026078400	-2.2074501999789e+02
199.332005324200	-2.1578294619218e+02
199.361984570000	-2.1081455286833e+02
199.391963815800	-2.0584280351497e+02
199.421943061600	-2.0087065633421e+02
199.451922307400	-1.9590106182172e+02
199.481901553200	-1.9093696035840e+02
199.511880799000	-1.8598127981566e+02
199.541860044800	-1.8103693317641e+02
199.571839290600	-1.7610681617392e+02
199.601818536400	-1.7119380495046e+02
199.631797782200	-1.6630075373791e+02
199.661777028000	-1.6143049256232e+02
199.691756273800	-1.5658582497438e+02
199.721735519600	-1.5176952580771e+02
199.751714765400	-1.4698433896713e+02
199.781694011200	-1.4223297524853e+02
199.811673257000	-1.3751811019242e+02
199.841652502800	-1.3284238197296e+02
199.871631748600	-1.2820838932418e+02
199.901610994400	-1.2361868950527e+02
199.931590240200	-1.1907579630670e+02
199.961569486000	-1.1458217809868e+02
199.991548731800	-1.1014025592382e+02
