#Parameters = {cpw=15; sigma_z=0.4; wakelength=200; xbeam=0; xtest=0; ybeam=0; ytest=0}
#"s / mm"	"Z [Real Part]"
#------------------------
-9.983088851400	1.3760998861410e-14
-9.953109605600	2.0849998274863e-14
-9.923130359800	1.6540998631392e-14
-9.893151114000	2.0849998274863e-14
-9.863171868200	2.2656998125352e-14
-9.833192622400	2.1544998217359e-14
-9.803213376600	6.9499994249545e-15
-9.773234130800	1.5289998734900e-14
-9.743254885000	7.0889994134536e-15
-9.713275639200	1.1953999010922e-14
-9.683296393400	5.6989995284627e-15
-9.653317147600	2.2934998102350e-14
-9.623337901800	5.4209995514645e-15
-9.593358656000	1.4872998769403e-14
-9.563379410200	-4.7259996089690e-15
-9.533400164400	5.9769995054608e-15
-9.503420918600	-1.0563999125931e-14
-9.473441672800	8.7569992754426e-15
-9.443462427000	-1.7235998573887e-14
-9.413483181200	7.0889994134536e-15
-9.383503935400	-1.1953999010922e-14
-9.353524689600	9.1739992409399e-15
-9.323545443800	-4.8649995974681e-15
-9.293566198000	-8.7569992754426e-15
-9.263586952200	-1.2509998964918e-14
-9.233607706400	-3.8919996779745e-15
-9.203628460600	-2.0015998343869e-14
-9.173649214800	-5.9769995054608e-15
-9.143669969000	-8.4789992984445e-15
-9.113690723200	2.9189997584809e-15
-9.083711477400	-1.6818998608390e-14
-9.053732231600	-6.2549994824590e-15
-9.023752985800	-2.0154998332368e-14
-8.993773740000	1.6679998619891e-15
-8.963794494200	-1.7235998573887e-14
-8.933815248400	3.4749997124772e-15
-8.903836002600	-1.6401998642893e-14
-8.873856756800	3.0579997469800e-15
-8.843877511000	-1.8903998435876e-14
-8.813898265200	-8.0619993329472e-15
-8.783919019400	-2.1266998240361e-14
-8.753939773600	-4.1699996549727e-16
-8.723960527800	-1.5567998711898e-14
-8.693981282000	4.1699996549727e-15
-8.664002036200	-1.6957998596889e-14
-8.634022790400	5.0039995859672e-15
-8.604043544600	-8.0619993329472e-15
-8.574064298800	-4.0309996664736e-15
-8.544085053000	-2.2656998125352e-14
-8.514105807200	1.8069998504882e-15
-8.484126561400	-1.3621998872911e-14
-8.454147315600	8.6179992869435e-15
-8.424168069800	-6.1159994939599e-15
-8.394188824000	7.0889994134536e-15
-8.364209578200	-9.5909992064372e-15
-8.334230332400	-1.0424999137432e-14
-8.304251086600	-1.9807498361120e-14
-8.274271840800	6.2549994824590e-16
-8.244292595000	-9.7994991891858e-15
-8.214313349200	5.0734995802168e-15
-8.184334103400	-1.5081498752151e-14
-8.154354857600	-2.1544998217359e-15
-8.124375611800	-2.0154998332368e-14
-8.094396366000	-1.4664498786654e-14
-8.064417120200	-2.9676497544556e-14
-8.034437874400	-6.1854994882095e-15
-8.004458628600	-1.4490748801030e-14
-7.974479382800	-5.9422495083361e-15
-7.944500137000	-2.1857748191482e-14
-7.914520891200	-7.9924993386976e-15
-7.884541645400	-1.6071873670207e-14
-7.854562399600	-1.5446373721961e-14
-7.824583153800	-2.4524810470808e-14
-7.794603908000	-1.1476186550456e-14
-7.764624662200	-2.1002572480989e-14
-7.734645416400	-1.9981248346744e-16
-7.704666170600	-9.8689991834353e-15
-7.674686924800	-1.3065998918914e-14
-7.644707679000	-2.6479497809077e-14
-7.614728433200	-2.0606748294990e-14
-7.584749187400	-3.0857997446798e-14
-7.554769941600	-2.0259248323742e-14
-7.524790695800	-2.3247748076473e-14
-7.494811450000	-8.0619993329472e-15
-7.464832204200	-1.4733998780903e-14
-7.434852958400	1.5220498740650e-14
-7.404873712600	1.6262998654393e-14
-7.374894466800	1.5011998757902e-14
-7.344915221000	1.1745499028173e-14
-7.314935975200	1.6193498660144e-14
-7.284956729400	2.1961998182856e-14
-7.254977483600	2.4811497947087e-14
-7.224998237800	2.6757497786075e-14
-7.195018992000	2.0988998263362e-14
-7.165039746200	2.2795998113851e-14
-7.135060500400	1.8069998504882e-14
-7.105081254600	1.9737998366871e-14
-7.075102008800	2.2239998159854e-14
-7.045122763000	2.7243997745822e-14
-7.015143517200	3.3359997239781e-14
-6.985164271400	3.8502996814248e-14
-6.955185025600	1.3899998849909e-14
-6.925205779800	2.4741997952838e-14
-6.895226534000	1.3760998861410e-14
-6.865247288200	2.2795998113851e-14
-6.835268042400	1.5150998746401e-14
-6.805288796600	1.8903998435876e-14
-6.775309550800	1.8069998504882e-14
-6.745330305000	3.0023997515803e-14
-6.715351059200	2.7382997734321e-14
-6.685371813400	4.1282996584230e-14
-6.655392567600	2.6826997780324e-14
-6.625413321800	4.2533996480721e-14
-6.595434076000	3.0857997446798e-14
-6.565454830200	4.7398996078189e-14
-6.535475584400	3.8363996825749e-14
-6.505496338600	4.9344995917177e-14
-6.475517092800	2.9467997561807e-14
-6.445537847000	5.0178995848171e-14
-6.415558601200	3.1135997423796e-14
-6.385579355400	4.7398996078189e-14
-6.355600109600	2.7382997734321e-14
-6.325620863800	4.7537996066689e-14
-6.295641618000	4.5452996239202e-14
-6.265662372200	6.4495994663577e-14
-6.235683126400	2.3073998090849e-14
-6.205703880600	5.2958995618153e-14
-6.175724634800	3.4749997124772e-14
-6.145745389000	5.3375995583650e-14
-6.115766143200	3.5861997032765e-14
-6.085786897400	6.0464994997104e-14
-6.055807651600	4.2116996515224e-14
-6.025828405800	6.7414994422058e-14
-5.995849160000	-2.0293998320867e-14
-5.965869914200	4.7259996089690e-15
-5.935890668400	-1.4872998769403e-14
-5.905911422600	1.0980999091428e-14
-5.875932176800	-9.8689991834353e-15
-5.845952931000	1.8625998458878e-14
-5.815973685200	-1.9459998389873e-15
-5.785994439400	2.1683998205858e-14
-5.756015193600	-1.4455998803905e-14
-5.726035947800	4.8649995974681e-15
-5.696056702000	-6.9499994249545e-15
-5.666077456200	7.7839993559490e-15
-5.636098210400	-6.8109994364554e-15
-5.606118964600	1.2092998999421e-14
-5.576139718800	2.3629998044845e-15
-5.546160473000	1.7096998585388e-14
-5.516181227200	-6.2549994824590e-15
-5.486201981400	2.3073998090849e-14
-5.456222735600	2.9189997584809e-15
-5.426243489800	2.0154998332368e-14
-5.396264244000	1.4872998769403e-14
-5.366284998200	2.6965997768823e-14
-5.336305752400	4.3089996434718e-15
-5.306326506600	3.1830997366291e-14
-5.276347260800	-4.1560996561228e-14
-5.246368015000	-1.5637498706148e-14
-5.216388769200	-3.6417996986761e-14
-5.186409523400	-1.9390498395623e-14
-5.156430277600	-2.9189997584809e-14
-5.126451031800	-7.7144993616995e-15
-5.096471786000	-3.2039497349040e-14
-5.066492540200	-1.4177998826907e-14
-5.036513294400	-4.8510995986182e-14
-5.006534048600	-3.0788497452548e-14
-4.976554802800	-4.6043746190323e-14
-4.946575557000	-3.6765496958009e-14
-4.916596311200	-4.3941371364275e-14
-4.886617065400	-2.6340497820577e-14
-4.856637819600	-4.9527433402082e-14
-4.826658573800	-3.5766434540672e-14
-4.796679328000	-4.8346476468545e-14
-4.766700082200	-3.0345434989207e-14
-4.736720836400	-4.8224308509903e-14
-4.706741590600	-3.6348496992512e-14
-4.676762344800	-3.5027997101771e-14
-4.646783099000	-2.1927248185731e-14
-4.616803853200	-4.9518745902801e-14
-4.586824607400	-3.6730746960884e-14
-4.556845361600	-2.6236247829203e-14
-4.526866115800	-1.7791998527883e-14
-4.496886870000	-3.6209497004013e-14
-4.466907624200	-2.3421498062097e-14
-4.436928378400	-2.2170498165605e-14
-4.406949132600	-1.1050499085678e-14
-4.376969886800	-3.1413997400794e-14
-4.346990641000	-2.4463997975840e-14
-4.317011395200	-3.7321496912006e-14
-4.287032149400	-2.9884997527304e-14
-4.257052903600	-4.4618996308208e-14
-4.227073657800	-3.4332997159275e-14
-4.197094412000	-2.5992997849330e-14
-4.167115166200	-1.5984998677395e-14
-4.137135920400	-4.1421996572729e-14
-4.107156674600	-3.5027997101771e-14
-4.077177428800	-3.1135997423796e-14
-4.047198183000	-2.7660997711319e-14
-4.017218937200	-3.5861997032765e-14
-3.987239691400	-2.1822998194357e-14
-3.957260445600	-1.5428998723399e-14
-3.927281199800	-1.2787998941916e-14
-3.897301954000	-3.3359997239781e-14
-3.867322708200	-2.7243997745822e-14
-3.837343462400	-4.1838996538226e-14
-3.807364216600	-3.6417996986761e-14
-3.777384970800	-4.3367996411716e-14
-3.747405725000	-3.6556996975261e-14
-3.717426479200	-2.6826997780324e-14
-3.687447233400	-1.9459998389873e-14
-3.657467987600	-4.1282996584230e-14
-3.627488741800	-3.6000997021264e-14
-3.597509496000	-3.4610997136273e-14
-3.567530250200	-3.5583997055767e-14
-3.537551004400	-4.8093996020685e-14
-3.507571758600	-3.8502996814248e-14
-3.477592512800	-2.6270997826328e-14
-3.447613267000	-3.1274997412295e-14
-3.417634021200	-5.8935995123614e-14
-3.387654775400	-6.0603994985603e-14
-3.357675529600	-6.7553994410557e-14
-3.327696283800	-9.9384991776849e-14
-3.297717038000	-1.5818198691196e-13
-3.267737792200	-2.5923497855080e-13
-3.237758546400	-4.4188096343861e-13
-3.207779300600	-7.9952793384676e-13
-3.177800054800	-1.4686738784814e-12
-3.147820809000	-2.6436407812642e-12
-3.117841563200	-4.7019526109587e-12
-3.087862317400	-8.4930382972829e-12
-3.057883071600	-1.5226058740190e-11
-3.027903825800	-2.7185200750686e-11
-2.997924580000	-4.8230077009426e-11
-2.967945334200	-8.5139160955554e-11
-2.937966088400	-1.4944820063460e-10
-2.907986842600	-2.6086252941614e-10
-2.878007596800	-4.5280650153462e-10
-2.848028351000	-7.8171828232034e-10
-2.818049105200	-1.3421120259532e-09
-2.788069859400	-2.2915898113930e-09
-2.758090613600	-3.8912714570348e-09
-2.728111367800	-6.5713573402835e-09
-2.698132122000	-1.1036380300846e-08
-2.668152876200	-1.8433476524807e-08
-2.638173630400	-3.0619493065532e-08
-2.608194384600	-5.0582578561779e-08
-2.578215138800	-8.3102890632036e-08
-2.548235893000	-1.3578290048527e-07
-2.518256647200	-2.2064227475798e-07
-2.488277401400	-3.5657276237304e-07
-2.458298155600	-5.7309219433414e-07
-2.428318909800	-9.1604938658373e-07
-2.398339664000	-1.4562385982653e-06
-2.368360418200	-2.3023252768738e-06
-2.338381172400	-3.6201167082202e-06
-2.308401926600	-5.6611092592352e-06
-2.278422680800	-8.8045043263575e-06
-2.248443435000	-1.3618651069099e-05
-2.218464189200	-2.0950313023316e-05
-2.188484943400	-3.2053515406557e-05
-2.158505697600	-4.8774303556741e-05
-2.128526451800	-7.3813930336732e-05
-2.098547206000	-1.1110128042636e-04
-2.068567960200	-1.6631635935829e-04
-2.038588714400	-2.4762118461638e-04
-2.008609468600	-3.6667335756627e-04
-1.978630222800	-5.4002208038637e-04
-1.948650977000	-7.9101773714073e-04
-1.918671731200	-1.1524059045496e-03
-1.888692485400	-1.6698265216697e-03
-1.858713239600	-2.4065008218841e-03
-1.828733993800	-3.4494645428534e-03
-1.798754748000	-4.9177979340198e-03
-1.768775502200	-6.9734131746015e-03
-1.738796256400	-9.8350897304753e-03
-1.708817010600	-1.3796599203845e-02
-1.678837764800	-1.9249933899122e-02
-1.648858519000	-2.6714847110145e-02
-1.618879273200	-3.6876126011015e-02
-1.588900027400	-5.0630246092922e-02
-1.558920781600	-6.9143293001841e-02
-1.528941535800	-9.3922274222950e-02
-1.498962290000	-1.2690216678805e-01
-1.468983044200	-1.7055124182052e-01
-1.439003798400	-2.2799735205279e-01
-1.409024552600	-3.0317794020293e-01
-1.379045306800	-4.0101649618055e-01
-1.349066061000	-5.2762802812498e-01
-1.319086815200	-6.9055578252015e-01
-1.289107569400	-8.9904091742700e-01
-1.259128323600	-1.1643260665579e+00
-1.229149077800	-1.4999927002714e+00
-1.199169832000	-1.9223308687354e+00
-1.169190586200	-2.4507382883340e+00
-1.139211340400	-3.1081438040272e+00
-1.109232094600	-3.9214480439259e+00
-1.079252848800	-4.9219716143965e+00
-1.049273603000	-6.1458985245957e+00
-1.019294357200	-7.6346997640891e+00
-0.989315111400	-9.4355191983090e+00
-0.959335865600	-1.1601501332102e+01
-0.929356619800	-1.4192038182889e+01
-0.899377374000	-1.7272910681988e+01
-0.869398128200	-2.0916298876991e+01
-0.839418882400	-2.5200634933595e+01
-0.809439636600	-3.0210273716841e+01
-0.779460390800	-3.6034957731964e+01
-0.749481145000	-4.2769056550770e+01
-0.719501899200	-5.0510565616862e+01
-0.689522653400	-5.9359855524626e+01
-0.659543407600	-6.9418170439679e+01
-0.629564161800	-8.0785883125669e+01
-0.599584916000	-9.3560523828568e+01
-0.569605670200	-1.0783461072218e+02
-0.539626424400	-1.2369332033365e+02
-0.509647178600	-1.4121204687324e+02
-0.479667932800	-1.6045390916690e+02
-0.449688687000	-1.8146727238765e+02
-0.419709441200	-2.0428335845922e+02
-0.389730195400	-2.2891402335934e+02
-0.359750949600	-2.5534978114254e+02
-0.329771703800	-2.8355815300226e+02
-0.299792458000	-3.1348241489516e+02
-0.269813212200	-3.4504080910967e+02
-0.239833966400	-3.7812627379750e+02
-0.209854720600	-4.1260673019723e+02
-0.179875474800	-4.4832595053165e+02
-0.149896229000	-4.8510501097619e+02
-0.119916983200	-5.2274431442658e+02
-0.089937737400	-5.6102614787992e+02
-0.059958491600	-5.9971771997835e+02
-0.029979245800	-6.3857460653681e+02
0.000000000000	-6.7734451652946e+02
0.029979245800	-7.1577127878422e+02
0.059958491600	-7.5359894113123e+02
0.089937737400	-7.9057586939130e+02
0.119916983200	-8.2645873359015e+02
0.149896229000	-8.6101627314498e+02
0.179875474800	-8.9403274127326e+02
0.209854720600	-9.2531094109913e+02
0.239833966400	-9.5467478128034e+02
0.269813212200	-9.8197129670597e+02
0.299792458000	-1.0070720990810e+03
0.329771703800	-1.0298742421276e+03
0.359750949600	-1.0503005058025e+03
0.389730195400	-1.0682991225155e+03
0.419709441200	-1.0838429850786e+03
0.449688687000	-1.0969283904102e+03
0.479667932800	-1.1075733843773e+03
0.509647178600	-1.1158157813027e+03
0.539626424400	-1.1217109364614e+03
0.569605670200	-1.1253293513877e+03
0.599584916000	-1.1267541902275e+03
0.629564161800	-1.1260787810101e+03
0.659543407600	-1.1234041690431e+03
0.689522653400	-1.1188367811312e+03
0.719501899200	-1.1124862495498e+03
0.749481145000	-1.1044634341962e+03
0.779460390800	-1.0948786706282e+03
0.809439636600	-1.0838402612457e+03
0.839418882400	-1.0714532170876e+03
0.869398128200	-1.0578182489159e+03
0.899377374000	-1.0430309986891e+03
0.929356619800	-1.0271814963237e+03
0.959335865600	-1.0103538218773e+03
0.989315111400	-9.9262594993856e+02
1.019294357200	-9.7406975101245e+02
1.049273603000	-9.5475112390473e+02
1.079252848800	-9.3473023338644e+02
1.109232094600	-9.1406182856396e+02
1.139211340400	-8.9279561920353e+02
1.169190586200	-8.7097668956810e+02
1.199169832000	-8.4864593193880e+02
1.229149077800	-8.2584048475253e+02
1.259128323600	-8.0259416305244e+02
1.289107569400	-7.7893787160763e+02
1.319086815200	-7.5489999352643e+02
1.349066061000	-7.3050674940408e+02
1.379045306800	-7.0578252397439e+02
1.409024552600	-6.8075015885874e+02
1.439003798400	-6.5543121132713e+02
1.468983044200	-6.2984618001747e+02
1.498962290000	-6.0401469932564e+02
1.528941535800	-5.7795570471039e+02
1.558920781600	-5.5168757148656e+02
1.588900027400	-5.2522822984345e+02
1.618879273200	-4.9859525885490e+02
1.648858519000	-4.7180596217606e+02
1.678837764800	-4.4487742797640e+02
1.708817010600	-4.1782657546400e+02
1.738796256400	-3.9067019013237e+02
1.768775502200	-3.6342494962445e+02
1.798754748000	-3.3610744187154e+02
1.828733993800	-3.0873417693682e+02
1.858713239600	-2.8132159378030e+02
1.888692485400	-2.5388606296805e+02
1.918671731200	-2.2644388617599e+02
1.948650977000	-1.9901129318746e+02
1.978630222800	-1.7160443695372e+02
2.008609468600	-1.4423938717649e+02
2.038588714400	-1.1693212277941e+02
2.068567960200	-8.9698523559567e+01
2.098547206000	-6.2554361247987e+01
2.128526451800	-3.5515290158274e+01
2.158505697600	-8.5968375626179e+00
2.188484943400	1.8185606097040e+01
2.218464189200	4.4816797079460e+01
2.248443435000	7.1281648232048e+01
2.278422680800	9.7565238846749e+01
2.308401926600	1.2365282444554e+02
2.338381172400	1.4952984646552e+02
2.368360418200	1.7518194182005e+02
2.398339664000	2.0059495231699e+02
2.428318909800	2.2575493391851e+02
2.458298155600	2.5064816582997e+02
2.488277401400	2.7526115940664e+02
2.518256647200	2.9958066686906e+02
2.548235893000	3.2359368981846e+02
2.578215138800	3.4728748754489e+02
2.608194384600	3.7064958512083e+02
2.638173630400	3.9366778127402e+02
2.668152876200	4.1633015603336e+02
2.698132122000	4.3862507814223e+02
2.728111367800	4.6054121223362e+02
2.758090613600	4.8206752576217e+02
2.788069859400	5.0319329568798e+02
2.818049105200	5.2390811490771e+02
2.848028351000	5.4420189842833e+02
2.878007596800	5.6406488927952e+02
2.907986842600	5.8348766416060e+02
2.937966088400	6.0246113881827e+02
2.967945334200	6.2097657315169e+02
2.997924580000	6.3902557604153e+02
3.027903825800	6.5660010989997e+02
3.057883071600	6.7369249493884e+02
3.087862317400	6.9029541315320e+02
3.117841563200	7.0640191201821e+02
3.147820809000	7.2200540789692e+02
3.177800054800	7.3709968915729e+02
3.207779300600	7.5167891899669e+02
3.237758546400	7.6573763797256e+02
3.267737792200	7.7927076623798e+02
3.297717038000	7.9227360548129e+02
3.327696283800	8.0474184056913e+02
3.357675529600	8.1667154089232e+02
3.387654775400	8.2805916141458e+02
3.417634021200	8.3890154342397e+02
3.447613267000	8.4919591498748e+02
3.477592512800	8.5893989110919e+02
3.507571758600	8.6813147359288e+02
3.537551004400	8.7676905061000e+02
3.567530250200	8.8485139597437e+02
3.597509496000	8.9237766812497e+02
3.627488741800	8.9934740881863e+02
3.657467987600	9.0576054153456e+02
3.687447233400	9.1161736959286e+02
3.717426479200	9.1691857398946e+02
3.747405725000	9.2166521095018e+02
3.777384970800	9.2585870920660e+02
3.807364216600	9.2950086699703e+02
3.837343462400	9.3259384879574e+02
3.867322708200	9.3514018177399e+02
3.897301954000	9.3714275199664e+02
3.927281199800	9.3860480035815e+02
3.957260445600	9.3952991826226e+02
3.987239691400	9.3992204304953e+02
4.017218937200	9.3978545317732e+02
4.047198183000	9.3912476315704e+02
4.077177428800	9.3794491825332e+02
4.107156674600	9.3625118895047e+02
4.137135920400	9.3404916519130e+02
4.167115166200	9.3134475039377e+02
4.197094412000	9.2814415525118e+02
4.227073657800	9.2445389132146e+02
4.257052903600	9.2028076441176e+02
4.287032149400	9.1563186776411e+02
4.317011395200	9.1051457504863e+02
4.346990641000	9.0493653317048e+02
4.376969886800	8.9890565489715e+02
4.406949132600	8.9243011131263e+02
4.436928378400	8.8551832410533e+02
4.466907624200	8.7817895769645e+02
4.496886870000	8.7042091121596e+02
4.526866115800	8.6225331033313e+02
4.556845361600	8.5368549894887e+02
4.586824607400	8.4472703075713e+02
4.616803853200	8.3538766068278e+02
4.646783099000	8.2567733620324e+02
4.676762344800	8.1560618856163e+02
4.706741590600	8.0518452387881e+02
4.736720836400	7.9442281417207e+02
4.766700082200	7.8333168828808e+02
4.796679328000	7.7192192275799e+02
4.826658573800	7.6020443258222e+02
4.856637819600	7.4819026195307e+02
4.886617065400	7.3589057492272e+02
4.916596311200	7.2331664602459e+02
4.946575557000	7.1047985085606e+02
4.976554802800	6.9739165663015e+02
5.006534048600	6.8406361270437e+02
5.036513294400	6.7050734109435e+02
5.066492540200	6.5673452698032e+02
5.096471786000	6.4275690921409e+02
5.126451031800	6.2858627083458e+02
5.156430277600	6.1423442959941e+02
5.186409523400	5.9971322854058e+02
5.216388769200	5.8503452655173e+02
5.246368015000	5.7021018901470e+02
5.276347260800	5.5525207847299e+02
5.306326506600	5.4017204535965e+02
5.336305752400	5.2498191878701e+02
5.366284998200	5.0969349740562e+02
5.396264244000	4.9431854033976e+02
5.426243489800	4.7886875820663e+02
5.456222735600	4.6335580422639e+02
5.486201981400	4.4779126543001e+02
5.516181227200	4.3218665397184e+02
5.546160473000	4.1655339855370e+02
5.576139718800	4.0090283596708e+02
5.606118964600	3.8524620276013e+02
5.636098210400	3.6959462703566e+02
5.666077456200	3.5395912038660e+02
5.696056702000	3.3835056997493e+02
5.726035947800	3.2277973076020e+02
5.756015193600	3.0725721788328e+02
5.785994439400	2.9179349921131e+02
5.815973685200	2.7639888804909e+02
5.845952931000	2.6108353602248e+02
5.875932176800	2.4585742613899e+02
5.905911422600	2.3073036603044e+02
5.935890668400	2.1571198138277e+02
5.965869914200	2.0081170955749e+02
5.995849160000	1.8603879340941e+02
6.025828405800	1.7140227530483e+02
6.055807651600	1.5691099134447e+02
6.085786897400	1.4257356579489e+02
6.115766143200	1.2839840573238e+02
6.145745389000	1.1439369590255e+02
6.175724634800	1.0056739379932e+02
6.205703880600	8.6927224966113e+01
6.235683126400	7.3480678522500e+01
6.265662372200	6.0235002918766e+01
6.295641618000	4.7197201921109e+01
6.325620863800	3.4374030829710e+01
6.355600109600	2.1771992931788e+01
6.385579355400	9.3973361915680e+00
6.415558601200	-2.7439498211927e+00
6.445537847000	-1.4646136762612e+01
6.475517092800	-2.6303760104790e+01
6.505496338600	-3.7711621483558e+01
6.535475584400	-4.8864790803047e+01
6.565454830200	-5.9758608096452e+01
6.595434076000	-7.0388685142605e+01
6.625413321800	-8.0750906838149e+01
6.655392567600	-9.0841432325365e+01
6.685371813400	-1.0065669587587e+02
6.715351059200	-1.1019340753063e+02
6.745330305000	-1.1944855349701e+02
6.775309550800	-1.2841939630365e+02
6.805288796600	-1.3710347471426e+02
6.835268042400	-1.4549860340176e+02
6.865247288200	-1.5360287238399e+02
6.895226534000	-1.6141464622294e+02
6.925205779800	-1.6893256298929e+02
6.955185025600	-1.7615553299429e+02
6.985164271400	-1.8308273729143e+02
7.015143517200	-1.8971362595020e+02
7.045122763000	-1.9604791610477e+02
7.075102008800	-2.0208558978033e+02
7.105081254600	-2.0782689150028e+02
7.135060500400	-2.1327232567729e+02
7.165039746200	-2.1842265379181e+02
7.195018992000	-2.2327889136162e+02
7.224998237800	-2.2784230470597e+02
7.254977483600	-2.3211440750841e+02
7.284956729400	-2.3609695718242e+02
7.314935975200	-2.3979195104383e+02
7.344915221000	-2.4320162229471e+02
7.374894466800	-2.4632843582312e+02
7.404873712600	-2.4917508382334e+02
7.434852958400	-2.5174448124165e+02
7.464832204200	-2.5403976105230e+02
7.494811450000	-2.5606426936908e+02
7.524790695800	-2.5782156039744e+02
7.554769941600	-2.5931539123271e+02
7.584749187400	-2.6054971650974e+02
7.614728433200	-2.6152868290957e+02
7.644707679000	-2.6225662352881e+02
7.674686924800	-2.6273805211756e+02
7.704666170600	-2.6297765719154e+02
7.734645416400	-2.6298029602469e+02
7.764624662200	-2.6275098852791e+02
7.794603908000	-2.6229491102045e+02
7.824583153800	-2.6161738989981e+02
7.854562399600	-2.6072389521657e+02
7.884541645400	-2.5962003416043e+02
7.914520891200	-2.5831154446384e+02
7.944500137000	-2.5680428772961e+02
7.974479382800	-2.5510424268897e+02
8.004458628600	-2.5321749839656e+02
8.034437874400	-2.5115024736897e+02
8.064417120200	-2.4890877867320e+02
8.094396366000	-2.4649947097179e+02
8.124375611800	-2.4392878553111e+02
8.154354857600	-2.4120325919942e+02
8.184334103400	-2.3832949736127e+02
8.214313349200	-2.3531416687487e+02
8.244292595000	-2.3216398899897e+02
8.274271840800	-2.2888573231578e+02
8.304251086600	-2.2548620565656e+02
8.334230332400	-2.2197225103631e+02
8.364209578200	-2.1835073660395e+02
8.394188824000	-2.1462854961470e+02
8.424168069800	-2.1081258943065e+02
8.454147315600	-2.0690976055626e+02
8.484126561400	-2.0292696571472e+02
8.514105807200	-1.9887109897163e+02
8.544085053000	-1.9474903891199e+02
8.574064298800	-1.9056764187668e+02
8.604043544600	-1.8633373526433e+02
8.634022790400	-1.8205411090460e+02
8.664002036200	-1.7773551850853e+02
8.693981282000	-1.7338465920192e+02
8.723960527800	-1.6900817914706e+02
8.753939773600	-1.6461266325867e+02
8.783919019400	-1.6020462901921e+02
8.813898265200	-1.5579052039896e+02
8.843877511000	-1.5137670188609e+02
8.873856756800	-1.4696945263171e+02
8.903836002600	-1.4257496071490e+02
8.933815248400	-1.3819931753244e+02
8.963794494200	-1.3384851231806e+02
8.993773740000	-1.2952842679562e+02
9.023752985800	-1.2524482997060e+02
9.053732231600	-1.2100337306430e+02
9.083711477400	-1.1680958459469e+02
9.113690723200	-1.1266886560792e+02
9.143669969000	-1.0858648506430e+02
9.173649214800	-1.0456757538239e+02
9.203628460600	-1.0061712814460e+02
9.233607706400	-9.6739989967715e+01
9.263586952200	-9.2940858541396e+01
9.293566198000	-8.9224278837715e+01
9.323545443800	-8.5594639494467e+01
9.353524689600	-8.2056169374923e+01
9.383503935400	-7.8612934306473e+01
9.413483181200	-7.5268834000449e+01
9.443462427000	-7.2027599155220e+01
9.473441672800	-6.8892788744503e+01
9.503420918600	-6.5867787492610e+01
9.533400164400	-6.2955803538222e+01
9.563379410200	-6.0159866288045e+01
9.593358656000	-5.7482824461570e+01
9.623337901800	-5.4927344327937e+01
9.653317147600	-5.2495908135732e+01
9.683296393400	-5.0190812736379e+01
9.713275639200	-4.8014168401574e+01
9.743254885000	-4.5967897835046e+01
9.773234130800	-4.4053735378743e+01
9.803213376600	-4.2273226413351e+01
9.833192622400	-4.0627726952870e+01
9.863171868200	-3.9118403432811e+01
9.893151114000	-3.7746232691362e+01
9.923130359800	-3.6512002142721e+01
9.953109605600	-3.5416310141605e+01
9.983088851400	-3.4459566537761e+01
10.013068097200	-3.3641993419142e+01
10.043047343000	-3.2963626042230e+01
10.073026588800	-3.2424313947813e+01
10.103005834600	-3.2023722260367e+01
10.132985080400	-3.1761333169012e+01
10.162964326200	-3.1636447587853e+01
10.192943572000	-3.1648186993361e+01
10.222922817800	-3.1795495436276e+01
10.252902063600	-3.2077141725361e+01
10.282881309400	-3.2491721780199e+01
10.312860555200	-3.3037661150043e+01
10.342839801000	-3.3713217695620e+01
10.372819046800	-3.4516484430600e+01
10.402798292600	-3.5445392519347e+01
10.432777538400	-3.6497714427401e+01
10.462756784200	-3.7671067221014e+01
10.492736030000	-3.8962916011941e+01
10.522715275800	-4.0370577543553e+01
10.552694521600	-4.1891223914219e+01
10.582673767400	-4.3521886433790e+01
10.612653013200	-4.5259459608903e+01
10.642632259000	-4.7100705252716e+01
10.672611504800	-4.9042256714569e+01
10.702590750600	-5.1080623224990e+01
10.732569996400	-5.3212194351346e+01
10.762549242200	-5.5433244559353e+01
10.792528488000	-5.7739937875600e+01
10.822507733800	-6.0128332646111e+01
10.852486979600	-6.2594386385936e+01
10.882466225400	-6.5133960714682e+01
10.912445471200	-6.7742826372804e+01
10.942424717000	-7.0416668313447e+01
10.972403962800	-7.3151090864558e+01
11.002383208600	-7.5941622955932e+01
11.032362454400	-7.8783723405822e+01
11.062341700200	-8.1672786261696e+01
11.092320946000	-8.4604146189688e+01
11.122300191800	-8.7573083907254e+01
11.152279437600	-9.0574831653542e+01
11.182258683400	-9.3604578691935e+01
11.212237929200	-9.6657476839229e+01
11.242217175000	-9.9728646015895e+01
11.272196420800	-1.0281317981188e+02
11.302175666600	-1.0590615106239e+02
11.332154912400	-1.0900261742806e+02
11.362134158200	-1.1209762697412e+02
11.392113404000	-1.1518622374281e+02
11.422092649800	-1.1826345331378e+02
11.452071895600	-1.2132436834689e+02
11.482051141400	-1.2436403410192e+02
11.512030387200	-1.2737753392995e+02
11.542009633000	-1.3035997473090e+02
11.571988878800	-1.3330649237204e+02
11.601968124600	-1.3621225706208e+02
11.631947370400	-1.3907247867582e+02
11.661926616200	-1.4188241202404e+02
11.691905862000	-1.4463736206367e+02
11.721885107800	-1.4733268904323e+02
11.751864353600	-1.4996381357855e+02
11.781843599400	-1.5252622165405e+02
11.811822845200	-1.5501546954463e+02
11.841802091000	-1.5742718865377e+02
11.871781336800	-1.5975709026292e+02
11.901760582600	-1.6200097018808e+02
11.931739828400	-1.6415471333884e+02
11.961719074200	-1.6621429817588e+02
11.991698320000	-1.6817580106256e+02
12.021677565800	-1.7003540050672e+02
12.051656811600	-1.7178938128864e+02
12.081636057400	-1.7343413847135e+02
12.111615303200	-1.7496618128967e+02
12.141594549000	-1.7638213691437e+02
12.171573794800	-1.7767875408796e+02
12.201553040600	-1.7885290662893e+02
12.231532286400	-1.7990159680112e+02
12.261511532200	-1.8082195854533e+02
12.291490778000	-1.8161126057018e+02
12.321470023800	-1.8226690929951e+02
12.351449269600	-1.8278645167369e+02
12.381428515400	-1.8316757780246e+02
12.411407761200	-1.8340812346685e+02
12.441387007000	-1.8350607246820e+02
12.471366252800	-1.8345955882207e+02
12.501345498600	-1.8326686879546e+02
12.531324744400	-1.8292644278530e+02
12.561303990200	-1.8243687703707e+02
12.591283236000	-1.8179692520176e+02
12.621262481800	-1.8100549973031e+02
12.651241727600	-1.8006167310423e+02
12.681220973400	-1.7896467890161e+02
12.711200219200	-1.7771391269777e+02
12.741179465000	-1.7630893279991e+02
12.771158710800	-1.7474946081547e+02
12.801137956600	-1.7303538205375e+02
12.831117202400	-1.7116674576097e+02
12.861096448200	-1.6914376518853e+02
12.891075694000	-1.6696681749497e+02
12.921054939800	-1.6463644348183e+02
12.951034185600	-1.6215334716407e+02
12.981013431400	-1.5951839517573e+02
13.010992677200	-1.5673261601162e+02
13.040971923000	-1.5379719910621e+02
13.070951168800	-1.5071349375078e+02
13.100930414600	-1.4748300785019e+02
13.130909660400	-1.4410740652074e+02
13.160888906200	-1.4058851053086e+02
13.190868152000	-1.3692829458623e+02
13.220847397800	-1.3312888546141e+02
13.250826643600	-1.2919255997998e+02
13.280805889400	-1.2512174284546e+02
13.310785135200	-1.2091900432528e+02
13.340764381000	-1.1658705779039e+02
13.370743626800	-1.1212875711308e+02
13.400722872600	-1.0754709392576e+02
13.430702118400	-1.0284519474371e+02
13.460681364200	-9.8026317954546e+01
13.490660610000	-9.3093850677900e+01
13.520639855800	-8.8051305498259e+01
13.550619101600	-8.2902317074510e+01
13.580598347400	-7.7650638629633e+01
13.610577593200	-7.2300138324123e+01
13.640556839000	-6.6854795516868e+01
13.670536084800	-6.1318696917274e+01
13.700515330600	-5.5696032632540e+01
13.730494576400	-4.9991092114087e+01
13.760473822200	-4.4208260007223e+01
13.790453068000	-3.8352011908218e+01
13.820432313800	-3.2426910033052e+01
13.850411559600	-2.6437598802155e+01
13.880390805400	-2.0388800345563e+01
13.910370051200	-1.4285309932963e+01
13.940349297000	-8.1319913331575e+00
13.970328542800	-1.9337721075704e+00
14.000307788600	4.3043611575644e+00
14.030287034400	1.0577367675608e+01
14.060266280200	1.6880157335766e+01
14.090245526000	2.3207595626378e+01
14.120224771800	2.9554508600413e+01
14.150204017600	3.5915687878296e+01
14.180183263400	4.2285895683171e+01
14.210162509200	4.8659869903672e+01
14.240141755000	5.5032329179267e+01
14.270121000800	6.1397978003216e+01
14.300100246600	6.7751511838172e+01
14.330079492400	7.4087622239468e+01
14.360058738200	8.0401001981103e+01
14.390037984000	8.6686350179474e+01
14.420017229800	9.2938377409896e+01
14.449996475600	9.9151810810963e+01
14.479975721400	1.0532139917182e+02
14.509954967200	1.1144191799750e+02
14.539934213000	1.1750817454730e+02
14.569913458800	1.2351501284163e+02
14.599892704600	1.2945731863222e+02
14.629871950400	1.3533002433114e+02
14.659851196200	1.4112811389387e+02
14.689830442000	1.4684662765169e+02
14.719809687800	1.5248066708884e+02
14.749788933600	1.5802539955996e+02
14.779768179400	1.6347606294312e+02
14.809747425200	1.6882797022426e+02
14.839726671000	1.7407651400857e+02
14.869705916800	1.7921717095452e+02
14.899685162600	1.8424550612639e+02
14.929664408400	1.8915717726123e+02
14.959643654200	1.9394793894611e+02
14.989622900000	1.9861364670185e+02
15.019602145800	2.0315026096933e+02
15.049581391600	2.0755385099468e+02
15.079560637400	2.1182059860962e+02
15.109539883200	2.1594680190357e+02
15.139519129000	2.1992887878399e+02
15.169498374800	2.2376337042163e+02
15.199477620600	2.2744694457760e+02
15.229456866400	2.3097639880901e+02
15.259436112200	2.3434866355045e+02
15.289415358000	2.3756080506815e+02
15.319394603800	2.4061002828447e+02
15.349373849600	2.4349367946976e+02
15.379353095400	2.4620924879948e+02
15.409332341200	2.4875437277395e+02
15.439311587000	2.5112683649873e+02
15.469290832800	2.5332457582349e+02
15.499270078600	2.5534567933748e+02
15.529249324400	2.5718839021974e+02
15.559228570200	2.5885110794252e+02
15.589207816000	2.6033238982630e+02
15.619187061800	2.6163095244514e+02
15.649166307600	2.6274567288106e+02
15.679145553400	2.6367558982643e+02
15.709124799200	2.6441990453341e+02
15.739104045000	2.6497798160974e+02
15.769083290800	2.6534934966007e+02
15.799062536600	2.6553370177259e+02
15.829041782400	2.6553089585035e+02
15.859021028200	2.6534095478737e+02
15.889000274000	2.6496406648914e+02
15.918979519800	2.6440058373804e+02
15.948958765600	2.6365102390348e+02
15.978938011400	2.6271606849755e+02
16.008917257200	2.6159656257645e+02
16.038896503000	2.6029351398852e+02
16.068875748800	2.5880809246964e+02
16.098854994600	2.5714162858706e+02
16.128834240400	2.5529561253263e+02
16.158813486200	2.5327169276687e+02
16.188792732000	2.5107167451510e+02
16.218771977800	2.4869751811731e+02
16.248751223600	2.4615133723334e+02
16.278730469400	2.4343539690525e+02
16.308709715200	2.4055211147875e+02
16.338688961000	2.3750404238584e+02
16.368668206800	2.3429389579075e+02
16.398647452600	2.3092452010168e+02
16.428626698400	2.2739890335056e+02
16.458605944200	2.2372017044357e+02
16.488585190000	2.1989158028512e+02
16.518564435800	2.1591652277792e+02
16.548543681600	2.1179851570227e+02
16.578522927400	2.0754120147748e+02
16.608502173200	2.0314834380854e+02
16.638481419000	1.9862382422140e+02
16.668460664800	1.9397163849008e+02
16.698439910600	1.8919589295909e+02
16.728419156400	1.8430080076476e+02
16.758398402200	1.7929067795899e+02
16.788377648000	1.7416993953925e+02
16.818356893800	1.6894309538854e+02
16.848336139600	1.6361474612922e+02
16.878315385400	1.5818957889472e+02
16.908294631200	1.5267236302306e+02
16.938273877000	1.4706794567631e+02
16.968253122800	1.4138124739022e+02
16.998232368600	1.3561725755819e+02
17.028211614400	1.2978102985377e+02
17.058190860200	1.2387767759621e+02
17.088170106000	1.1791236906333e+02
17.118149351800	1.1189032275604e+02
17.148128597600	1.0581680261926e+02
17.178107843400	9.9697113223408e+01
17.208087089200	9.3536594911207e+01
17.238066335000	8.7340618914335e+01
17.268045580800	8.1114582444432e+01
17.298024826600	7.4863903763128e+01
17.328004072400	6.8594017235694e+01
17.357983318200	6.2310368372937e+01
17.387962564000	5.6018408865973e+01
17.417941809800	4.9723591618521e+01
17.447921055600	4.3431365781326e+01
17.477900301400	3.7147171793372e+01
17.507879547200	3.0876436434452e+01
17.537858793000	2.4624567893733e+01
17.567838038800	1.8396950858858e+01
17.597817284600	1.2198941630157e+01
17.627796530400	6.0358632644854e+00
17.657775776200	-8.6999246831300e-02
17.687755022000	-6.1644037614795e+00
17.717734267800	-1.2191155726665e+01
17.747713513600	-1.8162112872276e+01
17.777692759400	-2.4072189852387e+01
17.807672005200	-2.9916362830840e+01
17.837651251000	-3.5689674006692e+01
17.867630496800	-4.1387236075398e+01
17.897609742600	-4.7004236621629e+01
17.927588988400	-5.2535942439731e+01
17.957568234200	-5.7977703777880e+01
17.987547480000	-6.3324958502061e+01
18.017526725800	-6.8573236176108e+01
18.047505971600	-7.3718162054075e+01
18.077485217400	-7.8755460981350e+01
18.107464463200	-8.3680961200970e+01
18.137443709000	-8.8490598061708e+01
18.167422954800	-9.3180417624596e+01
18.197402200600	-9.7746580164642e+01
18.227381446400	-1.0218536356461e+02
18.257360692200	-1.0649316659781e+02
18.287339938000	-1.1066651209701e+02
18.317319183800	-1.1470205000661e+02
18.347298429600	-1.1859656031543e+02
18.377277675400	-1.2234695586739e+02
18.407256921200	-1.2595028504784e+02
18.437236167000	-1.2940373434296e+02
18.467215412800	-1.3270463077008e+02
18.497194658600	-1.3585044417687e+02
18.527173904400	-1.3883878940731e+02
18.557153150200	-1.4166742833265e+02
18.587132396000	-1.4433427174563e+02
18.617111641800	-1.4683738111623e+02
18.647090887600	-1.4917497020774e+02
18.677070133400	-1.5134540655148e+02
18.707049379200	-1.5334721277929e+02
18.737028625000	-1.5517906781239e+02
18.767007870800	-1.5683980790599e+02
18.796987116600	-1.5832842754861e+02
18.826966362400	-1.5964408021551e+02
18.856945608200	-1.6078607897576e+02
18.886924854000	-1.6175389695248e+02
18.916904099800	-1.6254716763600e+02
18.946883345600	-1.6316568504987e+02
18.976862591400	-1.6360940376965e+02
19.006841837200	-1.6387843879473e+02
19.036821083000	-1.6397306527334e+02
19.066800328800	-1.6389371808132e+02
19.096779574600	-1.6364099125511e+02
19.126758820400	-1.6321563727964e+02
19.156738066200	-1.6261856623199e+02
19.186717312000	-1.6185084478184e+02
19.216696557800	-1.6091369504961e+02
19.246675803600	-1.5980849332369e+02
19.276655049400	-1.5853676863807e+02
19.306634295200	-1.5710020121176e+02
19.336613541000	-1.5550062075167e+02
19.366592786800	-1.5374000462071e+02
19.396572032600	-1.5182047587287e+02
19.426551278400	-1.4974430115731e+02
19.456530524200	-1.4751388849355e+02
19.486509770000	-1.4513178491987e+02
19.516489015800	-1.4260067401744e+02
19.546468261600	-1.3992337331234e+02
19.576447507400	-1.3710283155828e+02
19.606426753200	-1.3414212590243e+02
19.636405999000	-1.3104445893727e+02
19.666385244800	-1.2781315564128e+02
19.696364490600	-1.2445166021134e+02
19.726343736400	-1.2096353278999e+02
19.756322982200	-1.1735244609064e+02
19.786302228000	-1.1362218192395e+02
19.816281473800	-1.0977662762872e+02
19.846260719600	-1.0581977241068e+02
19.876239965400	-1.0175570359265e+02
19.906219211200	-9.7588602779653e+01
19.936198457000	-9.3322741942563e+01
19.966177702800	-8.8962479424055e+01
19.996156948600	-8.4512255870559e+01
20.026136194400	-7.9976590094080e+01
20.056115440200	-7.5360074867764e+01
20.086094686000	-7.0667372659158e+01
20.116073931800	-6.5903211305148e+01
20.146053177600	-6.1072379632629e+01
20.176032423400	-5.6179723028991e+01
20.206011669200	-5.1230138966537e+01
20.235990915000	-4.6228572485014e+01
20.265970160800	-4.1180011636441e+01
20.295949406600	-3.6089482896454e+01
20.325928652400	-3.0962046546433e+01
20.355907898200	-2.5802792030661e+01
20.385887144000	-2.0616833292813e+01
20.415866389800	-1.5409304096063e+01
20.445845635600	-1.0185353331124e+01
20.475824881400	-4.9501403165289e+00
20.505804127200	2.9116990454238e-01
20.535783373000	5.5334112665773e+00
20.565762618800	1.0771421378886e+01
20.595741864600	1.6000046213311e+01
20.625721110400	2.1214144778221e+01
20.655700356200	2.6408593774533e+01
20.685679602000	3.1578292229528e+01
20.715658847800	3.6718166104269e+01
20.745638093600	4.1823172870443e+01
20.775617339400	4.6888306052486e+01
20.805596585200	5.1908599730906e+01
20.835575831000	5.6879133002728e+01
20.865555076800	6.1795034395082e+01
20.895534322600	6.6651486227938e+01
20.925513568400	7.1443728922117e+01
20.955492814200	7.6167065248696e+01
20.985472060000	8.0816864516051e+01
21.015451305800	8.5388566690779e+01
21.045430551600	8.9877686448871e+01
21.075409797400	9.4279817153526e+01
21.105389043200	9.8590634756107e+01
21.135368289000	1.0280590161679e+02
21.165347534800	1.0692147024154e+02
21.195326780600	1.1093328693222e+02
21.225306026400	1.1483739534644e+02
21.255285272200	1.1862993996434e+02
21.285264518000	1.2230716945903e+02
21.315243763800	1.2586543996790e+02
21.345223009600	1.2930121826200e+02
21.375202255400	1.3261108481068e+02
21.405181501200	1.3579173673894e+02
21.435160747000	1.3883999067498e+02
21.465139992800	1.4175278548542e+02
21.495119238600	1.4452718489611e+02
21.525098484400	1.4716037999607e+02
21.555077730200	1.4964969162273e+02
21.585056976000	1.5199257262629e+02
21.615036221800	1.5418661001149e+02
21.645015467600	1.5622952695497e+02
21.674994713400	1.5811918469662e+02
21.704973959200	1.5985358430348e+02
21.734953205000	1.6143086830467e+02
21.764932450800	1.6284932219626e+02
21.794911696600	1.6410737581474e+02
21.824890942400	1.6520360457827e+02
21.854870188200	1.6613673059474e+02
21.884849434000	1.6690562363577e+02
21.914828679800	1.6750930197618e+02
21.944807925600	1.6794693309834e+02
21.974787171400	1.6821783426090e+02
22.004766417200	1.6832147293180e+02
22.034745663000	1.6825746708534e+02
22.064724908800	1.6802558536330e+02
22.094704154600	1.6762574710014e+02
22.124683400400	1.6705802221265e+02
22.154662646200	1.6632263095435e+02
22.184641892000	1.6541994353506e+02
22.214621137800	1.6435047960628e+02
22.244600383600	1.6311490761321e+02
22.274579629400	1.6171404401401e+02
22.304558875200	1.6014885236758e+02
22.334538121000	1.5842044229063e+02
22.364517366800	1.5653006828550e+02
22.394496612600	1.5447912843991e+02
22.424475858400	1.5226916300008e+02
22.454455104200	1.4990185281880e+02
22.484434350000	1.4737901768019e+02
22.514413595800	1.4470261450267e+02
22.544392841600	1.4187473542237e+02
22.574372087400	1.3889760575858e+02
22.604351333200	1.3577358186371e+02
22.634330579000	1.3250514885962e+02
22.664309824800	1.2909491826283e+02
22.694289070600	1.2554562550087e+02
22.724268316400	1.2186012732237e+02
22.754247562200	1.1804139910331e+02
22.784226808000	1.1409253205225e+02
22.814206053800	1.1001673031716e+02
22.844185299600	1.0581730799683e+02
22.874164545400	1.0149768605960e+02
22.904143791200	9.7061389172573e+01
22.934123037000	9.2512042444274e+01
22.964102282800	8.7853368083962e+01
22.994081528600	8.3089181980764e+01
23.024060774400	7.8223390205951e+01
23.054040020200	7.3259985441678e+01
23.084019266000	6.8203043339597e+01
23.113998511800	6.3056718812815e+01
23.143977757600	5.7825242264695e+01
23.173957003400	5.2512915758088e+01
23.203936249200	4.7124109128582e+01
23.233915495000	4.1663256045450e+01
23.263894740800	3.6134850023974e+01
23.293873986600	3.0543440392879e+01
23.323853232400	2.4893628220656e+01
23.353832478200	1.9190062204544e+01
23.383811724000	1.3437434526012e+01
23.413790969800	7.6404766765684e+00
23.443770215600	1.8039552577578e+00
23.473749461400	-4.0673322407712e+00
23.503728707200	-9.9685616812537e+00
23.533707953000	-1.5894886531953e+01
23.563687198800	-2.1841442131568e+01
23.593666444600	-2.7803349960006e+01
23.623645690400	-3.3775721911634e+01
23.653624936200	-3.9753664567107e+01
23.683604182000	-4.5732283459926e+01
23.713583427800	-5.1706687333834e+01
23.743562673600	-5.7671992387231e+01
23.773541919400	-6.3623326500781e+01
23.803521165200	-6.9555833444400e+01
23.833500411000	-7.5464677059884e+01
23.863479656800	-8.1345045415420e+01
23.893458902600	-8.7192154928283e+01
23.923438148400	-9.3001254452067e+01
23.953417394200	-9.8767629324818e+01
23.983396640000	-1.0448660537450e+02
24.013375885800	-1.1015355287828e+02
24.043355131600	-1.1576389047209e+02
24.073334377400	-1.2131308900721e+02
24.103313623200	-1.2679667535027e+02
24.133292869000	-1.3221023612358e+02
24.163272114800	-1.3754942138247e+02
24.193251360600	-1.4280994822642e+02
24.223230606400	-1.4798760434097e+02
24.253209852200	-1.5307825146734e+02
24.283189098000	-1.5807782879674e+02
24.313168343800	-1.6298235628664e+02
24.343147589600	-1.6778793789608e+02
24.373126835400	-1.7249076473732e+02
24.403106081200	-1.7708711814124e+02
24.433085327000	-1.8157337263397e+02
24.463064572800	-1.8594599882218e+02
24.493043818600	-1.9020156618475e+02
24.523023064400	-1.9433674576865e+02
24.553002310200	-1.9834831278656e+02
24.582981556000	-2.0223314911449e+02
24.612960801800	-2.0598824568718e+02
24.642940047600	-2.0961070478950e+02
24.672919293400	-2.1309774224210e+02
24.702898539200	-2.1644668947952e+02
24.732877785000	-2.1965499551926e+02
24.762857030800	-2.2272022882046e+02
24.792836276600	-2.2564007903052e+02
24.822815522400	-2.2841235861877e+02
24.852794768200	-2.3103500439577e+02
24.882774014000	-2.3350607891737e+02
24.912753259800	-2.3582377177252e+02
24.942732505600	-2.3798640075405e+02
24.972711751400	-2.3999241291172e+02
25.002690997200	-2.4184038548693e+02
25.032670243000	-2.4352902672863e+02
25.062649488800	-2.4505717659004e+02
25.092628734600	-2.4642380730596e+02
25.122607980400	-2.4762802385046e+02
25.152587226200	-2.4866906427503e+02
25.182566472000	-2.4954629992713e+02
25.212545717800	-2.5025923554944e+02
25.242524963600	-2.5080750926005e+02
25.272504209400	-2.5119089241401e+02
25.302483455200	-2.5140928934683e+02
25.332462701000	-2.5146273700042e+02
25.362441946800	-2.5135140443230e+02
25.392421192600	-2.5107559220898e+02
25.422400438400	-2.5063573168425e+02
25.452379684200	-2.5003238416369e+02
25.482358930000	-2.4926623995633e+02
25.512338175800	-2.4833811731492e+02
25.542317421600	-2.4724896126595e+02
25.572296667400	-2.4599984233107e+02
25.602275913200	-2.4459195514136e+02
25.632255159000	-2.4302661694607e+02
25.662234404800	-2.4130526601774e+02
25.692213650600	-2.3942945995525e+02
25.722192896400	-2.3740087388704e+02
25.752172142200	-2.3522129857625e+02
25.782151388000	-2.3289263843002e+02
25.812130633800	-2.3041690941512e+02
25.842109879600	-2.2779623688205e+02
25.872089125400	-2.2503285330013e+02
25.902068371200	-2.2212909590585e+02
25.932047617000	-2.1908740426703e+02
25.962026862800	-2.1591031776533e+02
25.992006108600	-2.1260047299974e+02
26.021985354400	-2.0916060111373e+02
26.051964600200	-2.0559352504891e+02
26.081943846000	-2.0190215672777e+02
26.111923091800	-1.9808949416874e+02
26.141902337600	-1.9415861853612e+02
26.171881583400	-1.9011269112811e+02
26.201860829200	-1.8595495030592e+02
26.231840075000	-1.8168870836690e+02
26.261819320800	-1.7731734836503e+02
26.291798566600	-1.7284432088167e+02
26.321777812400	-1.6827314075001e+02
26.351757058200	-1.6360738373623e+02
26.381736304000	-1.5885068318075e+02
26.411715549800	-1.5400672660284e+02
26.441694795600	-1.4907925227182e+02
26.471674041400	-1.4407204574827e+02
26.501653287200	-1.3898893639850e+02
26.531632533000	-1.3383379388569e+02
26.561611778800	-1.2861052464106e+02
26.591591024600	-1.2332306831846e+02
26.621570270400	-1.1797539423566e+02
26.651549516200	-1.1257149780584e+02
26.681528762000	-1.0711539696260e+02
26.711508007800	-1.0161112858184e+02
26.741487253600	-9.6062744903922e+01
26.771466499400	-9.0474309959380e+01
26.801445745200	-8.4849896001626e+01
26.831424991000	-7.9193579949862e+01
26.861404236800	-7.3509439845546e+01
26.891383482600	-6.7801551325675e+01
26.921362728400	-6.2073984116107e+01
26.951341974200	-5.6330798548155e+01
26.981321220000	-5.0576042101620e+01
27.011300465800	-4.4813745977394e+01
27.041279711600	-3.9047921702761e+01
27.071258957400	-3.3282557772420e+01
27.101238203200	-2.7521616328277e+01
27.131217449000	-2.1769029880940e+01
27.161196694800	-1.6028698075863e+01
27.191175940600	-1.0304484506976e+01
27.221155186400	-4.6002135806156e+00
27.251134432200	1.0803325674866e+00
27.281113678000	6.7334170994909e+00
27.311092923800	1.2355351444371e+01
27.341072169600	1.7942498205922e+01
27.371051415400	2.3491274007364e+01
27.401030661200	2.8998152270113e+01
27.431009907000	3.4459665924390e+01
27.460989152800	3.9872410049376e+01
27.490968398600	4.5233044440724e+01
27.520947644400	5.0538296103315e+01
27.550926890200	5.5784961667208e+01
27.580906136000	6.0969909724833e+01
27.610885381800	6.6090083087558e+01
27.640864627600	7.1142500959826e+01
27.670843873400	7.6124261029180e+01
27.700823119200	8.1032541470542e+01
27.730802365000	8.5864602863232e+01
27.760781610800	9.0617790019291e+01
27.790760856600	9.5289533721753e+01
27.820740102400	9.9877352371634e+01
27.850719348200	1.0437885354246e+02
27.880698594000	1.0879173544127e+02
27.910677839800	1.1311378827518e+02
27.940657085600	1.1734289552250e+02
27.970636331400	1.2147703510781e+02
28.000615577200	1.2551428048015e+02
28.030594823000	1.2945280159385e+02
28.060574068800	1.3329086579143e+02
28.090553314600	1.3702683858831e+02
28.120532560400	1.4065918435881e+02
28.150511806200	1.4418646692353e+02
28.180491052000	1.4760735003782e+02
28.210470297800	1.5092059778133e+02
28.240449543600	1.5412507484891e+02
28.270428789400	1.5721974674286e+02
28.300408035200	1.6020367986696e+02
28.330387281000	1.6307604152257e+02
28.360366526800	1.6583609980731e+02
28.390345772600	1.6848322341701e+02
28.420325018400	1.7101688135135e+02
28.450304264200	1.7343664252417e+02
28.480283510000	1.7574217527924e+02
28.510262755800	1.7793324681237e+02
28.540242001600	1.8000972250099e+02
28.570221247400	1.8197156514218e+02
28.600200493200	1.8381883410055e+02
28.630179739000	1.8555168436706e+02
28.660158984800	1.8717036553029e+02
28.690138230600	1.8867522066153e+02
28.720117476400	1.9006668511529e+02
28.750096722200	1.9134528524682e+02
28.780075968000	1.9251163704826e+02
28.810055213800	1.9356644470534e+02
28.840034459600	1.9451049907627e+02
28.870013705400	1.9534467609491e+02
28.899992951200	1.9606993510009e+02
28.929972197000	1.9668731709308e+02
28.959951442800	1.9719794292552e+02
28.989930688600	1.9760301141970e+02
29.019909934400	1.9790379742362e+02
29.049889180200	1.9810164980306e+02
29.079868426000	1.9819798937296e+02
29.109847671800	1.9819430677055e+02
29.139826917600	1.9809216027265e+02
29.169806163400	1.9789317355957e+02
29.199785409200	1.9759903342835e+02
29.229764655000	1.9721148745757e+02
29.259743900800	1.9673234162669e+02
29.289723146600	1.9616345789237e+02
29.319702392400	1.9550675172448e+02
29.349681638200	1.9476418960456e+02
29.379660884000	1.9393778648945e+02
29.409640129800	1.9302960324286e+02
29.439619375600	1.9204174403764e+02
29.469598621400	1.9097635373164e+02
29.499577867200	1.8983561521988e+02
29.529557113000	1.8862174676599e+02
29.559536358800	1.8733699931561e+02
29.589515604600	1.8598365379484e+02
29.619494850400	1.8456401839633e+02
29.649474096200	1.8308042585615e+02
29.679453342000	1.8153523072411e+02
29.709432587800	1.7993080663044e+02
29.739411833600	1.7826954355178e+02
29.769391079400	1.7655384507920e+02
29.799370325200	1.7478612569120e+02
29.829349571000	1.7296880803435e+02
29.859328816800	1.7110432021463e+02
29.889308062600	1.6919509310197e+02
29.919287308400	1.6724355765098e+02
29.949266554200	1.6525214224042e+02
29.979245800000	1.6322327003433e+02
30.009225045800	1.6115935636722e+02
30.039204291600	1.5906280615626e+02
30.069183537400	1.5693601134281e+02
30.099162783200	1.5478134836605e+02
30.129142029000	1.5260117567116e+02
30.159121274800	1.5039783125446e+02
30.189100520600	1.4817363024812e+02
30.219079766400	1.4593086254663e+02
30.249059012200	1.4367179047755e+02
30.279038258000	1.4139864651865e+02
30.309017503800	1.3911363106378e+02
30.338996749600	1.3681891023966e+02
30.368975995400	1.3451661377561e+02
30.398955241200	1.3220883292826e+02
30.428934487000	1.2989761846341e+02
30.458913732800	1.2758497869670e+02
30.488892978600	1.2527287759514e+02
30.518872224400	1.2296323294125e+02
30.548851470200	1.2065791456138e+02
30.578830716000	1.1835874262011e+02
30.608809961800	1.1606748598206e+02
30.638789207600	1.1378586064274e+02
30.668768453400	1.1151552822983e+02
30.698747699200	1.0925809457618e+02
30.728726945000	1.0701510836591e+02
30.758706190800	1.0478805985467e+02
30.788685436600	1.0257837966521e+02
30.818664682400	1.0038743765931e+02
30.848643928200	9.8216541886959e+01
30.878623174000	9.6066937613699e+01
30.908602419800	9.3939806426814e+01
30.938581665600	9.1836265421144e+01
30.968560911400	8.9757366465066e+01
30.998540157200	8.7704095547188e+01
31.028519403000	8.5677372204158e+01
31.058498648800	8.3678049029966e+01
31.088477894600	8.1706911266963e+01
31.118457140400	7.9764676478792e+01
31.148436386200	7.7851994305297e+01
31.178415632000	7.5969446299426e+01
31.208394877800	7.4117545846027e+01
31.238374123600	7.2296738162361e+01
31.268353369400	7.0507400380088e+01
31.298332615200	6.8749841708364e+01
31.328311861000	6.7024303677629e+01
31.358291106800	6.5330960463572e+01
31.388270352600	6.3669919290673e+01
31.418249598400	6.2041220914644e+01
31.448228844200	6.0444840183013e+01
31.478208090000	5.8880686673001e+01
31.508187335800	5.7348605405773e+01
31.538166581600	5.5848377636072e+01
31.568145827400	5.4379721716142e+01
31.598125073200	5.2942294032800e+01
31.628104319000	5.1535690016422e+01
31.658083564800	5.0159445220540e+01
31.688062810600	4.8813036470675e+01
31.718042056400	4.7495883080967e+01
31.748021302200	4.6207348137083e+01
31.778000548000	4.4946739843811e+01
31.807979793800	4.3713312935720e+01
31.837959039600	4.2506270149144e+01
31.867938285400	4.1324763753738e+01
31.897917531200	4.0167897141769e+01
31.927896777000	3.9034726473238e+01
31.957876022800	3.7924262374907e+01
31.987855268600	3.6835471691213e+01
32.017834514400	3.5767279285026e+01
32.047813760200	3.4718569886138e+01
32.077793006000	3.3688189985347e+01
32.107772251800	3.2674949771927e+01
32.137751497600	3.1677625112259e+01
32.167730743400	3.0694959567331e+01
32.197709989200	2.9725666446800e+01
32.227689235000	2.8768430897263e+01
32.257668480800	2.7821912022347e+01
32.287647726600	2.6884745032204e+01
32.317626972400	2.5955543419966e+01
32.347606218200	2.5032901162698e+01
32.377585464000	2.4115394944334e+01
32.407564709800	2.3201586398115e+01
32.437543955600	2.2290024365961e+01
32.467523201400	2.1379247172266e+01
32.497502447200	2.0467784909521e+01
32.527481693000	1.9554161733231e+01
32.557460938800	1.8636898163513e+01
32.587440184600	1.7714513390829e+01
32.617419430400	1.6785527583240e+01
32.647398676200	1.5848464192615e+01
32.677377922000	1.4901852257210e+01
32.707357167800	1.3944228698044e+01
32.737336413600	1.2974140606505e+01
32.767315659400	1.1990147520629e+01
32.797294905200	1.0990823687521e+01
32.827274151000	9.9747603093777e+00
32.857253396800	8.9405677706198e+00
32.887232642600	7.8868778436469e+00
32.917211888400	6.8123458707471e+00
32.947191134200	5.7156529197365e+00
32.977170380000	4.5955079109184e+00
33.007149625800	3.4506497129906e+00
33.037128871600	2.2798492055606e+00
33.067108117400	1.0819113059639e+00
33.097087363200	-1.4432304187845e-01
33.127066609000	-1.3999749187881e+00
33.157045854800	-2.6861255240261e+00
33.187025100600	-4.0038143134926e+00
33.217004346400	-5.3540371845202e+00
33.246983592200	-6.7377447093001e+00
33.276962838000	-8.1558404189283e+00
33.306942083800	-9.6091791400088e+00
33.336921329600	-1.1098565385690e+01
33.366900575400	-1.2624751802958e+01
33.396879821200	-1.4188437677951e+01
33.426859067000	-1.5790267500993e+01
33.456838312800	-1.7430829592990e+01
33.486817558600	-1.9110654794758e+01
33.516796804400	-2.0830215220801e+01
33.546776050200	-2.2589923078971e+01
33.576755296000	-2.4390129557391e+01
33.606734541800	-2.6231123779938e+01
33.636713787600	-2.8113131831522e+01
33.666693033400	-3.0036315854314e+01
33.696672279200	-3.2000773216019e+01
33.726651525000	-3.4006535751187e+01
33.756630770800	-3.6053569076517e+01
33.786610016600	-3.8141771980992e+01
33.816589262400	-4.0270975891638e+01
33.846568508200	-4.2440944415599e+01
33.876547754000	-4.4651372959162e+01
33.906526999800	-4.6901888424258e+01
33.936506245600	-4.9192048982920e+01
33.966485491400	-5.1521343930062e+01
33.996464737200	-5.3889193614887e+01
34.026443983000	-5.6294949451154e+01
34.056423228800	-5.8737894006415e+01
34.086402474600	-6.1217241170305e+01
34.116381720400	-6.3732136401841e+01
34.146360966200	-6.6281657055630e+01
34.176340212000	-6.8864812786799e+01
34.206319457800	-7.1480546034364e+01
34.236298703600	-7.4127732582698e+01
34.266277949400	-7.6805182200669e+01
34.296257195200	-7.9511639357915e+01
34.326236441000	-8.2245784017683e+01
34.356215686800	-8.5006232505555e+01
34.386194932600	-8.7791538453302e+01
34.416174178400	-9.0600193817051e+01
34.446153424200	-9.3430629968845e+01
34.476132670000	-9.6281218860634e+01
34.506111915800	-9.9150274259619e+01
34.536091161600	-1.0203605305383e+02
34.566070407400	-1.0493675662676e+02
34.596049653200	-1.0785053229970e+02
34.626028899000	-1.1077547484053e+02
34.656008144800	-1.1370962803752e+02
34.685987390600	-1.1665098633657e+02
34.715966636400	-1.1959749654052e+02
34.745945882200	-1.2254705956873e+02
34.775925128000	-1.2549753227537e+02
34.805904373800	-1.2844672932467e+02
34.835883619600	-1.3139242512127e+02
34.865862865400	-1.3433235579393e+02
34.895842111200	-1.3726422123057e+02
34.925821357000	-1.4018568716271e+02
34.955800602800	-1.4309438729736e+02
34.985779848600	-1.4598792549425e+02
35.015759094400	-1.4886387798621e+02
35.045738340200	-1.5171979564068e+02
35.075717586000	-1.5455320626006e+02
35.105696831800	-1.5736161691862e+02
35.135676077600	-1.6014251633379e+02
35.165655323400	-1.6289337726944e+02
35.195634569200	-1.6561165896880e+02
35.225613815000	-1.6829480961458e+02
35.255593060800	-1.7094026881402e+02
35.285572306600	-1.7354547010624e+02
35.315551552400	-1.7610784348955e+02
35.345530798200	-1.7862481796616e+02
35.375510044000	-1.8109382410177e+02
35.405489289800	-1.8351229659753e+02
35.435468535600	-1.8587767687186e+02
35.465447781400	-1.8818741564941e+02
35.495427027200	-1.9043897555484e+02
35.525406273000	-1.9262983370853e+02
35.555385518800	-1.9475748432197e+02
35.585364764600	-1.9681944128989e+02
35.615344010400	-1.9881324077685e+02
35.645323256200	-2.0073644379551e+02
35.675302502000	-2.0258663877406e+02
35.705281747800	-2.0436144411022e+02
35.735260993600	-2.0605851070929e+02
35.765240239400	-2.0767552450360e+02
35.795219485200	-2.0921020895093e+02
35.825198731000	-2.1066032750934e+02
35.855177976800	-2.1202368608580e+02
35.885157222600	-2.1329813545638e+02
35.915136468400	-2.1448157365533e+02
35.945115714200	-2.1557194833066e+02
35.975094960000	-2.1656725906395e+02
36.005074205800	-2.1746555965189e+02
36.035053451600	-2.1826496034726e+02
36.065032697400	-2.1896363005707e+02
36.095011943200	-2.1955979849560e+02
36.124991189000	-2.2005175829014e+02
36.154970434800	-2.2043786703719e+02
36.184949680600	-2.2071654930710e+02
36.214928926400	-2.2088629859495e+02
36.244908172200	-2.2094567921580e+02
36.274887418000	-2.2089332814214e+02
36.304866663800	-2.2072795678178e+02
36.334845909600	-2.2044835269424e+02
36.364825155400	-2.2005338124378e+02
36.394804401200	-2.1954198718744e+02
36.424783647000	-2.1891319619632e+02
36.454762892800	-2.1816611630840e+02
36.484742138600	-2.1729993931155e+02
36.514721384400	-2.1631394205494e+02
36.544700630200	-2.1520748768771e+02
36.574679876000	-2.1398002682329e+02
36.604659121800	-2.1263109862823e+02
36.634638367600	-2.1116033183425e+02
36.664617613400	-2.0956744567236e+02
36.694596859200	-2.0785225072803e+02
36.724576105000	-2.0601464971626e+02
36.754555350800	-2.0405463817583e+02
36.784534596600	-2.0197230508166e+02
36.814513842400	-1.9976783337471e+02
36.844493088200	-1.9744150040851e+02
36.874472334000	-1.9499367831191e+02
36.904451579800	-1.9242483426732e+02
36.934430825600	-1.8973553070414e+02
36.964410071400	-1.8692642540691e+02
36.994389317200	-1.8399827153783e+02
37.024368563000	-1.8095191757359e+02
37.054347808800	-1.7778830715625e+02
37.084327054600	-1.7450847885812e+02
37.114306300400	-1.7111356586070e+02
37.144285546200	-1.6760479554778e+02
37.174264792000	-1.6398348901289e+02
37.204244037800	-1.6025106048135e+02
37.234223283600	-1.5640901664728e+02
37.264202529400	-1.5245895592599e+02
37.294181775200	-1.4840256762230e+02
37.324161021000	-1.4424163101532e+02
37.354140266800	-1.3997801436042e+02
37.384119512600	-1.3561367380907e+02
37.414098758400	-1.3115065224746e+02
37.444078004200	-1.2659107805472e+02
37.474057250000	-1.2193716378176e+02
37.504036495800	-1.1719120475180e+02
37.534015741600	-1.1235557758371e+02
37.563994987400	-1.0743273863929e+02
37.593974233200	-1.0242522239590e+02
37.623953479000	-9.7335639745648e+01
37.653932724800	-9.2166676222690e+01
37.683911970600	-8.6921090159973e+01
37.713891216400	-8.1601710777090e+01
37.743870462200	-7.6211436200823e+01
37.773849708000	-7.0753231420036e+01
37.803828953800	-6.5230126176693e+01
37.833808199600	-5.9645212794781e+01
37.863787445400	-5.4001643949008e+01
37.893766691200	-4.8302630375205e+01
37.923745937000	-4.2551438524387e+01
37.953725182800	-3.6751388162520e+01
37.983704428600	-3.0905849918069e+01
38.013683674400	-2.5018242779454e+01
38.043662920200	-1.9092031544593e+01
38.073642166000	-1.3130724224766e+01
38.103621411800	-7.1378694050485e+00
38.133600657600	-1.1170535636466e+00
38.163579903400	4.9281016475406e+00
38.193559149200	1.0993942158727e+01
38.223538395000	1.7076784272003e+01
38.253517640800	2.3172917482606e+01
38.283496886600	2.9278607329201e+01
38.313476132400	3.5390098270678e+01
38.343455378200	4.1503616586917e+01
38.373434624000	4.7615373300961e+01
38.403413869800	5.3721567120023e+01
38.433393115600	5.9818387392722e+01
38.463372361400	6.5902017079931e+01
38.493351607200	7.1968635736621e+01
38.523330853000	7.8014422502039e+01
38.553310098800	8.4035559095596e+01
38.583289344600	9.0028232815790e+01
38.613268590400	9.5988639539521e+01
38.643247836200	1.0191298671913e+02
38.673227082000	1.0779749637452e+02
38.703206327800	1.1363840807765e+02
38.733185573600	1.1943198192686e+02
38.763164819400	1.2517450150829e+02
38.793144065200	1.3086227684179e+02
38.823123311000	1.3649164730874e+02
38.853102556800	1.4205898455916e+02
38.883081802600	1.4756069539551e+02
38.913061048400	1.5299322463070e+02
38.943040294200	1.5835305791764e+02
38.973019540000	1.6363672454797e+02
39.002998785800	1.6884080021737e+02
39.032978031600	1.7396190975512e+02
39.062957277400	1.7899672981532e+02
39.092936523200	1.8394199152762e+02
39.122915769000	1.8879448310483e+02
39.152895014800	1.9355105240541e+02
39.182874260600	1.9820860944832e+02
39.212853506400	2.0276412887818e+02
39.242832752200	2.0721465237841e+02
39.272811998000	2.1155729103040e+02
39.302791243800	2.1578922761650e+02
39.332770489600	2.1990771886481e+02
39.362749735400	2.2391009763387e+02
39.392728981200	2.2779377503526e+02
39.422708227000	2.3155624249229e+02
39.452687472800	2.3519507373297e+02
39.482666718600	2.3870792671545e+02
39.512645964400	2.4209254548436e+02
39.542625210200	2.4534676195637e+02
39.572604456000	2.4846849763337e+02
39.602583701800	2.5145576524191e+02
39.632562947600	2.5430667029730e+02
39.662542193400	2.5701941259125e+02
39.692521439200	2.5959228760146e+02
39.722500685000	2.6202368782235e+02
39.752479930800	2.6431210401532e+02
39.782459176600	2.6645612637792e+02
39.812438422400	2.6845444563066e+02
39.842417668200	2.7030585402057e+02
39.872396914000	2.7200924624081e+02
39.902376159800	2.7356362026543e+02
39.932355405600	2.7496807809867e+02
39.962334651400	2.7622182643809e+02
39.992313897200	2.7732417725112e+02
40.022293143000	2.7827454826454e+02
40.052272388800	2.7907246336645e+02
40.082251634600	2.7971755292052e+02
40.112230880400	2.8020955399222e+02
40.142210126200	2.8054831048702e+02
40.172189372000	2.8073377320033e+02
40.202168617800	2.8076599977940e+02
40.232147863600	2.8064515459709e+02
40.262127109400	2.8037150853783e+02
40.292106355200	2.7994543869599e+02
40.322085601000	2.7936742798696e+02
40.352064846800	2.7863806467142e+02
40.382044092600	2.7775804179327e+02
40.412023338400	2.7672815653173e+02
40.442002584200	2.7554930946842e+02
40.471981830000	2.7422250376997e+02
40.501961075800	2.7274884428706e+02
40.531940321600	2.7112953657072e+02
40.561919567400	2.6936588580696e+02
40.591898813200	2.6745929567049e+02
40.621878059000	2.6541126709893e+02
40.651857304800	2.6322339698847e+02
40.681836550600	2.6089737681228e+02
40.711815796400	2.5843499116297e+02
40.741795042200	2.5583811622047e+02
40.771774288000	2.5310871814673e+02
40.801753533800	2.5024885140882e+02
40.831732779600	2.4726065703189e+02
40.861712025400	2.4414636078365e+02
40.891691271200	2.4090827129211e+02
40.921670517000	2.3754877809821e+02
40.951649762800	2.3407034964523e+02
40.981629008600	2.3047553120678e+02
41.011608254400	2.2676694275526e+02
41.041587500200	2.2294727677280e+02
41.071566746000	2.1901929600663e+02
41.101545991800	2.1498583117094e+02
41.131525237600	2.1084977859733e+02
41.161504483400	2.0661409783602e+02
41.191483729200	2.0228180920990e+02
41.221462975000	1.9785599132379e+02
41.251442220800	1.9333977853094e+02
41.281421466600	1.8873635835935e+02
41.311400712400	1.8404896889997e+02
41.341379958200	1.7928089615927e+02
41.371359204000	1.7443547137848e+02
41.401338449800	1.6951606832204e+02
41.431317695600	1.6452610053751e+02
41.461296941400	1.5946901858954e+02
41.491276187200	1.5434830727023e+02
41.521255433000	1.4916748278855e+02
41.551234678800	1.4393008994111e+02
41.581213924600	1.3863969926696e+02
41.611193170400	1.3329990418885e+02
41.641172416200	1.2791431814351e+02
41.671151662000	1.2248657170350e+02
41.701130907800	1.1702030969308e+02
41.731110153600	1.1151918830081e+02
41.761089399400	1.0598687219121e+02
41.791068645200	1.0042703161816e+02
41.821047891000	9.4843339542476e+01
41.851027136800	8.9239468756281e+01
41.881006382600	8.3619089016518e+01
41.910985628400	7.7985864190243e+01
41.940964874200	7.2343449414080e+01
41.970944120000	6.6695488270338e+01
42.000923365800	6.1045609982199e+01
42.030902611600	5.5397426630405e+01
42.060881857400	4.9754530393823e+01
42.090861103200	4.4120490816242e+01
42.120840349000	3.8498852101752e+01
42.150819594800	3.2893130440983e+01
42.180798840600	2.7306811370475e+01
42.210778086400	2.1743347167418e+01
42.240757332200	1.6206154281946e+01
42.270736578000	1.0698610809142e+01
42.300715823800	5.2240540028549e+00
42.330695069600	-2.1422216657890e-01
42.360674315400	-5.6129694087163e+00
42.390653561200	-1.0968987461490e+01
42.420632807000	-1.6279126389877e+01
42.450612052800	-2.1540288832874e+01
42.480591298600	-2.6749432196952e+01
42.510570544400	-3.1903570794216e+01
42.540549790200	-3.6999777923565e+01
42.570529036000	-4.2035187893172e+01
42.600508281800	-4.7006997982702e+01
42.630487527600	-5.1912470343711e+01
42.660466773400	-5.6748933836752e+01
42.690446019200	-6.1513785803762e+01
42.720425265000	-6.6204493774381e+01
42.750404510800	-7.0818597104897e+01
42.780383756600	-7.5353708548604e+01
42.810363002400	-7.9807515756403e+01
42.840342248200	-8.4177782706554e+01
42.870321494000	-8.8462351062555e+01
42.900300739800	-9.2659141458189e+01
42.930279985600	-9.6766154708849e+01
42.960259231400	-1.0078147294834e+02
42.990238477200	-1.0470326069037e+02
43.020217723000	-1.0852976581415e+02
43.050196968800	-1.1225932047333e+02
43.080176214600	-1.1589034192798e+02
43.110155460400	-1.1942133329890e+02
43.140134706200	-1.2285088424407e+02
43.170113952000	-1.2617767155686e+02
43.200093197800	-1.2940045968574e+02
43.230072443600	-1.3251810117532e+02
43.260051689400	-1.3552953702872e+02
43.290030935200	-1.3843379699112e+02
43.320010181000	-1.4122999975467e+02
43.349989426800	-1.4391735308474e+02
43.379968672600	-1.4649515386790e+02
43.409947918400	-1.4896278808174e+02
43.439927164200	-1.5131973068688e+02
43.469906410000	-1.5356554544178e+02
43.499885655800	-1.5569988464053e+02
43.529864901600	-1.5772248877446e+02
43.559844147400	-1.5963318611797e+02
43.589823393200	-1.6143189223947e+02
43.619802639000	-1.6311860943799e+02
43.649781884800	-1.6469342610648e+02
43.679761130600	-1.6615651602253e+02
43.709740376400	-1.6750813756761e+02
43.739719622200	-1.6874863287569e+02
43.769698868000	-1.6987842691250e+02
43.799678113800	-1.7089802648645e+02
43.829657359600	-1.7180801919245e+02
43.859636605400	-1.7260907228990e+02
43.889615851200	-1.7330193151618e+02
43.919595097000	-1.7388741983700e+02
43.949574342800	-1.7436643613504e+02
43.979553588600	-1.7473995383842e+02
44.009532834400	-1.7500901949038e+02
44.039512080200	-1.7517475126202e+02
44.069491326000	-1.7523833740943e+02
44.099470571800	-1.7520103467715e+02
44.129449817600	-1.7506416664953e+02
44.159429063400	-1.7482912205183e+02
44.189408309200	-1.7449735300279e+02
44.219387555000	-1.7407037322069e+02
44.249366800800	-1.7354975618454e+02
44.279346046600	-1.7293713325257e+02
44.309325292400	-1.7223419173979e+02
44.339304538200	-1.7144267295675e+02
44.369283784000	-1.7056437021136e+02
44.399263029800	-1.6960112677601e+02
44.429242275600	-1.6855483382187e+02
44.459221521400	-1.6742742832263e+02
44.489200767200	-1.6622089092964e+02
44.519180013000	-1.6493724382075e+02
44.549159258800	-1.6357854852485e+02
44.579138504600	-1.6214690372438e+02
44.609117750400	-1.6064444303800e+02
44.639096996200	-1.5907333278546e+02
44.669076242000	-1.5743576973713e+02
44.699055487800	-1.5573397885013e+02
44.729034733600	-1.5397021099348e+02
44.759013979400	-1.5214674066437e+02
44.788993225200	-1.5026586369775e+02
44.818972471000	-1.4832989497162e+02
44.848951716800	-1.4634116611000e+02
44.878930962600	-1.4430202318591e+02
44.908910208400	-1.4221482442664e+02
44.938889454200	-1.4008193792323e+02
44.968868700000	-1.3790573934663e+02
44.998847945800	-1.3568860967254e+02
45.028827191600	-1.3343293291701e+02
45.058806437400	-1.3114109388515e+02
45.088785683200	-1.2881547593477e+02
45.118764929000	-1.2645845875727e+02
45.148744174800	-1.2407241617772e+02
45.178723420600	-1.2165971397610e+02
45.208702666400	-1.1922270773191e+02
45.238681912200	-1.1676374069382e+02
45.268661158000	-1.1428514167664e+02
45.298640403800	-1.1178922298717e+02
45.328619649600	-1.0927827838111e+02
45.358598895400	-1.0675458105263e+02
45.388578141200	-1.0422038165850e+02
45.418557387000	-1.0167790637850e+02
45.448536632800	-9.9129355013919e+01
45.478515878600	-9.6576899125581e+01
45.508495124400	-9.4022680213279e+01
45.538474370200	-9.1468807938013e+01
45.568453616000	-8.8917358388637e+01
45.598432861800	-8.6370372394370e+01
45.628412107600	-8.3829853884597e+01
45.658391353400	-8.1297768297341e+01
45.688370599200	-7.8776041037715e+01
45.718349845000	-7.6266555987637e+01
45.748329090800	-7.3771154068000e+01
45.778308336600	-7.1291631854470e+01
45.808287582400	-6.8829740247994e+01
45.838266828200	-6.6387183201068e+01
45.868246074000	-6.3965616500738e+01
45.898225319800	-6.1566646609256e+01
45.928204565600	-5.9191829563256e+01
45.958183811400	-5.6842669932231e+01
45.988163057200	-5.4520619837070e+01
46.018142303000	-5.2227078029314e+01
46.048121548800	-4.9963389031737e+01
46.078100794600	-4.7730842340817e+01
46.108080040400	-4.5530671691563e+01
46.138059286200	-4.3364054385125e+01
46.168038532000	-4.1232110679548e+01
46.198017777800	-3.9135903243942e+01
46.227997023600	-3.7076436676318e+01
46.257976269400	-3.5054657085234e+01
46.287955515200	-3.3071451735355e+01
46.317934761000	-3.1127648756962e+01
46.347914006800	-2.9224016919366e+01
46.377893252600	-2.7361265468156e+01
46.407872498400	-2.5540044026092e+01
46.437851744200	-2.3760942557441e+01
46.467830990000	-2.2024491395464e+01
46.497810235800	-2.0331161332707e+01
46.527789481600	-1.8681363773676e+01
46.557768727400	-1.7075450949440e+01
46.587747973200	-1.5513716193623e+01
46.617727219000	-1.3996394279180e+01
46.647706464800	-1.2523661815330e+01
46.677685710600	-1.1095637703910e+01
46.707664956400	-9.7123836543998e+00
46.737644202200	-8.3739047567840e+00
46.767623448000	-7.0801501113737e+00
46.797602693800	-5.8310135146523e+00
46.827581939600	-4.6263342001557e+00
46.857561185400	-3.4658976333483e+00
46.887540431200	-2.3494363593990e+00
46.917519677000	-1.2766309027187e+00
46.947498922800	-2.4711071706468e-01
46.977478168600	7.3954481502338e-01
47.007457414400	1.6838053347426e+00
47.037436660200	2.5861884128285e+00
47.067415906000	3.4472584100119e+00
47.097395151800	4.2676252935441e+00
47.127374397600	5.0479434112452e+00
47.157353643400	5.7889102245663e+00
47.187332889200	6.4912650021950e+00
47.217312135000	7.1557874757695e+00
47.247291380800	7.7832964592982e+00
47.277270626600	8.3746484339139e+00
47.307249872400	8.9307360996239e+00
47.337229118200	9.4524868957434e+00
47.367208364000	9.9408614917264e+00
47.397187609800	1.0396852250135e+01
47.427166855600	1.0821481663507e+01
47.457146101400	1.1215800766910e+01
47.487125347200	1.1580887527978e+01
47.517104593000	1.1917845216259e+01
47.547083838800	1.2227800753698e+01
47.577063084600	1.2511903048120e+01
47.607042330400	1.2771321311556e+01
47.637021576200	1.3007243365297e+01
47.667000822000	1.3220873933548e+01
47.696980067800	1.3413432927564e+01
47.726959313600	1.3586153722162e+01
47.756938559400	1.3740281426493e+01
47.786917805200	1.3877071150973e+01
47.816897051000	1.3997786272244e+01
47.846876296800	1.4103696698077e+01
47.876855542600	1.4196077134064e+01
47.906834788400	1.4276205353994e+01
47.936814034200	1.4345360475771e+01
47.966793280000	1.4404821244705e+01
47.996772525800	1.4455864326047e+01
48.026751771600	1.4499762608557e+01
48.056731017400	1.4537783520932e+01
48.086710263200	1.4571187362869e+01
48.116689509000	1.4601225652536e+01
48.146668754800	1.4629139492190e+01
48.176648000600	1.4656157953665e+01
48.206627246400	1.4683496485419e+01
48.236606492200	1.4712355342818e+01
48.266585738000	1.4743918043278e+01
48.296564983800	1.4779349847887e+01
48.326544229600	1.4819796271073e+01
48.356523475400	1.4866381619868e+01
48.386502721200	1.4920207564260e+01
48.416481967000	1.4982351740115e+01
48.446461212800	1.5053866386099e+01
48.476440458600	1.5135777015979e+01
48.506419704400	1.5229081127671e+01
48.536398950200	1.5334746950332e+01
48.566378196000	1.5453712230760e+01
48.596357441800	1.5586883060340e+01
48.626336687600	1.5735132743677e+01
48.656315933400	1.5899300710083e+01
48.686295179200	1.6080191468969e+01
48.716274425000	1.6278573610183e+01
48.746253670800	1.6495178850275e+01
48.776232916600	1.6730701125622e+01
48.806212162400	1.6985795733280e+01
48.836191408200	1.7261078520402e+01
48.866170654000	1.7557125122985e+01
48.896149899800	1.7874470254673e+01
48.926129145600	1.8213607046265e+01
48.956108391400	1.8574986436559e+01
48.986087637200	1.8959016615061e+01
49.016066883000	1.9366062517075e+01
49.046046128800	1.9796445371602e+01
49.076025374600	2.0250442302442e+01
49.106004620400	2.0728285982809e+01
49.135983866200	2.1230164343747e+01
49.165963112000	2.1756220336546e+01
49.195942357800	2.2306551749313e+01
49.225921603600	2.2881211077792e+01
49.255900849400	2.3480205450485e+01
49.285880095200	2.4103496608024e+01
49.315859341000	2.4751000936755e+01
49.345838586800	2.5422589556365e+01
49.375817832600	2.6118088461378e+01
49.405797078400	2.6837278716269e+01
49.435776324200	2.7579896703888e+01
49.465755570000	2.8345634426829e+01
49.495734815800	2.9134139861332e+01
49.525714061600	2.9945017363247e+01
49.555693307400	3.0777828125525e+01
49.585672553200	3.1632090686662e+01
49.615651799000	3.2507281489457e+01
49.645631044800	3.3402835489403e+01
49.675610290600	3.4318146811966e+01
49.705589536400	3.5252569457966e+01
49.735568782200	3.6205418056223e+01
49.765548028000	3.7175968662572e+01
49.795527273800	3.8163459604318e+01
49.825506519600	3.9167092369146e+01
49.855485765400	4.0186032537451e+01
49.885465011200	4.1219410757025e+01
49.915444257000	4.2266323758970e+01
49.945423502800	4.3325835413682e+01
49.975402748600	4.4396977825717e+01
50.005381994400	4.5478752466269e+01
50.035361240200	4.6570131342015e+01
50.065340486000	4.7670058198980e+01
50.095319731800	4.8777449760087e+01
50.125298977600	4.9891196995003e+01
50.155278223400	5.1010166420855e+01
50.185257469200	5.2133201432369e+01
50.215236715000	5.3259123659950e+01
50.245215960800	5.4386734354201e+01
50.275195206600	5.5514815795332e+01
50.305174452400	5.6642132725912e+01
50.335153698200	5.7767433805370e+01
50.365132944000	5.8889453084650e+01
50.395112189800	6.0006911499383e+01
50.425091435600	6.1118518379943e+01
50.455070681400	6.2222972976721e+01
50.485049927200	6.3318965998941e+01
50.515029173000	6.4405181165337e+01
50.545008418800	6.5480296764985e+01
50.574987664600	6.6542987226583e+01
50.604966910400	6.7591924694466e+01
50.634946156200	6.8625780609629e+01
50.664925402000	6.9643227294036e+01
50.694904647800	7.0642939536478e+01
50.724883893600	7.1623596178264e+01
50.754863139400	7.2583881697004e+01
50.784842385200	7.3522487786765e+01
50.814821631000	7.4438114932880e+01
50.844800876800	7.5329473979692e+01
50.874780122600	7.6195287689531e+01
50.904759368400	7.7034292291231e+01
50.934738614200	7.7845239016494e+01
50.964717860000	7.8626895622443e+01
50.994697105800	7.9378047898700e+01
51.024676351600	8.0097501157357e+01
51.054655597400	8.0784081704214e+01
51.084634843200	8.1436638289698e+01
51.114614089000	8.2054043537869e+01
51.144593334800	8.2635195351977e+01
51.174572580600	8.3179018295028e+01
51.204551826400	8.3684464943866e+01
51.234531072200	8.4150517215296e+01
51.264510318000	8.4576187662803e+01
51.294489563800	8.4960520742458e+01
51.324468809600	8.5302594046625e+01
51.354448055400	8.5601519504139e+01
51.384427301200	8.5856444545619e+01
51.414406547000	8.6066553232673e+01
51.444385792800	8.6231067349739e+01
51.474365038600	8.6349247457371e+01
51.504344284400	8.6420393905821e+01
51.534323530200	8.6443847807796e+01
51.564302776000	8.6418991969324e+01
51.594282021800	8.6345251777699e+01
51.624261267600	8.6222096045527e+01
51.654240513400	8.6049037809933e+01
51.684219759200	8.5825635086044e+01
51.714199005000	8.5551491573900e+01
51.744178250800	8.5226257318013e+01
51.774157496600	8.4849629318816e+01
51.804136742400	8.4421352095314e+01
51.834115988200	8.3941218198309e+01
51.864095234000	8.3409068673579e+01
51.894074479800	8.2824793474502e+01
51.924053725600	8.2188331823617e+01
51.954032971400	8.1499672522707e+01
51.984012217200	8.0758854211010e+01
52.013991463000	7.9965965571232e+01
52.043970708800	7.9121145483115e+01
52.073949954600	7.8224583124301e+01
52.103929200400	7.7276518018376e+01
52.133908446200	7.6277240029945e+01
52.163887692000	7.5227089306721e+01
52.193866937800	7.4126456168599e+01
52.223846183600	7.2975780943801e+01
52.253825429400	7.1775553752178e+01
52.283804675200	7.0526314235863e+01
52.313783921000	6.9228651237466e+01
52.343763166800	6.7883202426119e+01
52.373742412600	6.6490653871673e+01
52.403721658400	6.5051739567451e+01
52.433700904200	6.3567240901978e+01
52.463680150000	6.2037986080195e+01
52.493659395800	6.0464849494679e+01
52.523638641600	5.8848751047480e+01
52.553617887400	5.7190655423212e+01
52.583597133200	5.5491571314091e+01
52.613576379000	5.3752550597673e+01
52.643555624800	5.1974687468078e+01
52.673534870600	5.0159117521547e+01
52.703514116400	4.8307016797223e+01
52.733493362200	4.6419600774083e+01
52.763472608000	4.4498123325017e+01
52.793451853800	4.2543875629066e+01
52.823431099600	4.0558185042895e+01
52.853410345400	3.8542413932614e+01
52.883389591200	3.6497958467092e+01
52.913368837000	3.4426247373971e+01
52.943348082800	3.2328740659590e+01
52.973327328600	3.0206928294111e+01
53.003306574400	2.8062328863136e+01
53.033285820200	2.5896488187161e+01
53.063265066000	2.3710977910243e+01
53.093244311800	2.1507394059282e+01
53.123223557600	1.9287355575349e+01
53.153202803400	1.7052502818545e+01
53.183182049200	1.4804496047861e+01
53.213161295000	1.2545013877572e+01
53.243140540800	1.0275751711710e+01
53.273119786600	7.9984201581777e+00
53.303099032400	5.7147434240971e+00
53.333078278200	3.4264576939972e+00
53.363057524000	1.1353094924736e+00
53.393036769800	-1.1569459670396e+00
53.423016015600	-3.4485464457247e+00
53.452995261400	-5.7377243533909e+00
53.482974507200	-8.0227084313549e+00
53.512953753000	-1.0301725442498e+01
53.542932998800	-1.2573001866800e+01
53.572912244600	-1.4834765600632e+01
53.602891490400	-1.7085247658113e+01
53.632870736200	-1.9322683872788e+01
53.662849982000	-2.1545316597935e+01
53.692829227800	-2.3751396403764e+01
53.722808473600	-2.5939183769809e+01
53.752787719400	-2.8106950770779e+01
53.782766965200	-3.0252982754193e+01
53.812746211000	-3.2375580008073e+01
53.842725456800	-3.4473059417013e+01
53.872704702600	-3.6543756104961e+01
53.902683948400	-3.8586025063021e+01
53.932663194200	-4.0598242760646e+01
53.962642440000	-4.2578808738567e+01
53.992621685800	-4.4526147181858e+01
54.022600931600	-4.6438708471521e+01
54.052580177400	-4.8314970713013e+01
54.082559423200	-5.0153441240175e+01
54.112538669000	-5.1952658093001e+01
54.142517914800	-5.3711191467771e+01
54.172497160600	-5.5427645138038e+01
54.202476406400	-5.7100657845037e+01
54.232455652200	-5.8728904656084e+01
54.262434898000	-6.0311098289573e+01
54.292414143800	-6.1845990405216e+01
54.322393389600	-6.3332372858202e+01
54.352372635400	-6.4769078915975e+01
54.382351881200	-6.6154984436394e+01
54.412331127000	-6.7489009006050e+01
54.442310372800	-6.8770117037564e+01
54.472289618600	-6.9997318824740e+01
54.502268864400	-7.1169671554460e+01
54.532248110200	-7.2286280274298e+01
54.562227356000	-7.3346298814817e+01
54.592206601800	-7.4348930665604e+01
54.622185847600	-7.5293429804120e+01
54.652165093400	-7.6179101476495e+01
54.682144339200	-7.7005302929440e+01
54.712123585000	-7.7771444092513e+01
54.742102830800	-7.8476988209996e+01
54.772082076600	-7.9121452421723e+01
54.802061322400	-7.9704408292223e+01
54.832040568200	-8.0225482287607e+01
54.862019814000	-8.0684356199677e+01
54.891999059800	-8.1080767516781e+01
54.921978305600	-8.1414509741004e+01
54.951957551400	-8.1685432651327e+01
54.981936797200	-8.1893442512434e+01
55.011916043000	-8.2038502228925e+01
55.041895288800	-8.2120631444719e+01
55.071874534600	-8.2139906587505e+01
55.101853780400	-8.2096460858142e+01
55.131833026200	-8.1990484164968e+01
55.161812272000	-8.1822223003035e+01
55.191791517800	-8.1591980278342e+01
55.221770763600	-8.1300115077177e+01
55.251750009400	-8.0947042380760e+01
55.281729255200	-8.0533232725418e+01
55.311708501000	-8.0059211808563e+01
55.341687746800	-7.9525560040835e+01
55.371666992600	-7.8932912044786e+01
55.401646238400	-7.8281956100566e+01
55.431625484200	-7.7573433539095e+01
55.461604730000	-7.6808138083288e+01
55.491583975800	-7.5986915137925e+01
55.521563221600	-7.5110661028823e+01
55.551542467400	-7.4180322192020e+01
55.581521713200	-7.3196894313719e+01
55.611500959000	-7.2161421421792e+01
55.641480204800	-7.1074994929713e+01
55.671459450600	-6.9938752633793e+01
55.701438696400	-6.8753877664684e+01
55.731417942200	-6.7521597394132e+01
55.761397188000	-6.6243182298019e+01
55.791376433800	-6.4919944776768e+01
55.821355679600	-6.3553237934237e+01
55.851334925400	-6.2144454316263e+01
55.881314171200	-6.0695024610060e+01
55.911293417000	-5.9206416305712e+01
55.941272662800	-5.7680132321045e+01
55.971251908600	-5.6117709591182e+01
56.001231154400	-5.4520717624155e+01
56.031210400200	-5.2890757023938e+01
56.061189646000	-5.1229457982331e+01
56.091168891800	-4.9538478741147e+01
56.121148137600	-4.7819504026171e+01
56.151127383400	-4.6074243454408e+01
56.181106629200	-4.4304429916154e+01
56.211085875000	-4.2511817933442e+01
56.241065120800	-4.0698181996464e+01
56.271044366600	-3.8865314879552e+01
56.301023612400	-3.7015025938366e+01
56.331002858200	-3.5149139389923e+01
56.360982104000	-3.3269492577133e+01
56.390961349800	-3.1377934219528e+01
56.420940595600	-2.9476322651863e+01
56.450919841400	-2.7566524052314e+01
56.480899087200	-2.5650410661967e+01
56.510878333000	-2.3729858997355e+01
56.540857578800	-2.1806748057738e+01
56.570836824600	-1.9882957528903e+01
56.600816070400	-1.7960365985200e+01
56.630795316200	-1.6040849091575e+01
56.660774562000	-1.4126277807338e+01
56.690753807800	-1.2218516593419e+01
56.720733053600	-1.0319421624845e+01
56.750712299400	-8.4308390101851e+00
56.780691545200	-6.5546030196897e+00
56.810670791000	-4.6925343238511e+00
56.840650036800	-2.8464382440959e+00
56.870629282600	-1.0181030173161e+00
56.900608528400	7.9070192407287e-01
56.930587774200	2.5782276548722e+00
56.960567020000	4.3427474409778e+00
56.990546265800	6.0825584027552e+00
57.020525511600	7.7959831562901e+00
57.050504757400	9.4813714309135e+00
57.080484003200	1.1137101661424e+01
57.110463249000	1.2761582553449e+01
57.140442494800	1.4353254620430e+01
57.170421740600	1.5910591690708e+01
57.200400986400	1.7432102383264e+01
57.230380232200	1.8916331550647e+01
57.260359478000	2.0361861687701e+01
57.290338723800	2.1767314304697e+01
57.320317969600	2.3131351263536e+01
57.350297215400	2.4452676075711e+01
57.380276461200	2.5730035160756e+01
57.410255707000	2.6962219063959e+01
57.440234952800	2.8148063632131e+01
57.470214198600	2.9286451146289e+01
57.500193444400	3.0376311410138e+01
57.530172690200	3.1416622793280e+01
57.560151936000	3.2406413228136e+01
57.590131181800	3.3344761159585e+01
57.620110427600	3.4230796446401e+01
57.650089673400	3.5063701213588e+01
57.680068919200	3.5842710654785e+01
57.710048165000	3.6567113783936e+01
57.740027410800	3.7236254135489e+01
57.770006656600	3.7849530412437e+01
57.799985902400	3.8406397081539e+01
57.829965148200	3.8906364915161e+01
57.859944394000	3.9349001479156e+01
57.889923639800	3.9733931566339e+01
57.919902885600	4.0060837575087e+01
57.949882131400	4.0329459832702e+01
57.979861377200	4.0539596863206e+01
58.009840623000	4.0691105599281e+01
58.039819868800	4.0783901538156e+01
58.069799114600	4.0817958841252e+01
58.099778360400	4.0793310377489e+01
58.129757606200	4.0710047710190e+01
58.159736852000	4.0568321027583e+01
58.189716097800	4.0368339016955e+01
58.219695343600	4.0110368682552e+01
58.249674589400	3.9794735107411e+01
58.279653835200	3.9421821159309e+01
58.309633081000	3.8992067141126e+01
58.339612326800	3.8505970385923e+01
58.369591572600	3.7964084797128e+01
58.399570818400	3.7367020334253e+01
58.429550064200	3.6715442444623e+01
58.459529310000	3.6010071441653e+01
58.489508555800	3.5251681830267e+01
58.519487801600	3.4441101580081e+01
58.549467047400	3.3579211347056e+01
58.579446293200	3.2666943644341e+01
58.609425539000	3.1705281963111e+01
58.639404784800	3.0695259844224e+01
58.669384030600	2.9637959901577e+01
58.699363276400	2.8534512798103e+01
58.729342522200	2.7386096175379e+01
58.759321768000	2.6193933537853e+01
58.789301013800	2.4959293092777e+01
58.819280259600	2.3683486546936e+01
58.849259505400	2.2367867861320e+01
58.879238751200	2.1013831964943e+01
58.909217997000	1.9622813429021e+01
58.939197242800	1.8196285102791e+01
58.969176488600	1.6735756712255e+01
58.999155734400	1.5242773423210e+01
59.029134980200	1.3718914369922e+01
59.059114226000	1.2165791150859e+01
59.089093471800	1.0585046292916e+01
59.119072717600	8.9783516856036e+00
59.149051963400	7.3474069867023e+00
59.179031209200	5.6939380008963e+00
59.209010455000	4.0196950329488e+00
59.238989700800	2.3264512169887e+00
59.268968946600	6.1600082350796e-01
59.298948192400	-1.1098424543104e+00
59.328927438200	-2.8492472332941e+00
59.358906684000	-4.6003661903563e+00
59.388885929800	-6.3613378282682e+00
59.418865175600	-8.1302882554410e+00
59.448844421400	-9.9053329780145e+00
59.478823667200	-1.1684578702538e+01
59.508802913000	-1.3466125147522e+01
59.538782158800	-1.5248066862120e+01
59.568761404600	-1.7028495050218e+01
59.598740650400	-1.8805499398166e+01
59.628719896200	-2.0577169904421e+01
59.658699142000	-2.2341598709349e+01
59.688678387800	-2.4096881923430e+01
59.718657633600	-2.5841121452127e+01
59.748636879400	-2.7572426815677e+01
59.778616125200	-2.9288916962051e+01
59.808595371000	-3.0988722071374e+01
59.838574616800	-3.2669985350064e+01
59.868553862600	-3.4330864812984e+01
59.898533108400	-3.5969535051907e+01
59.928512354200	-3.7584188988606e+01
59.958491600000	-3.9173039610893e+01
59.988470845800	-4.0734321689961e+01
60.018450091600	-4.2266293477377e+01
60.048429337400	-4.3767238380125e+01
60.078408583200	-4.5235466612091e+01
60.108387829000	-4.6669316820421e+01
60.138367074800	-4.8067157685206e+01
60.168346320600	-4.9427389490970e+01
60.198325566400	-5.0748445668463e+01
60.228304812200	-5.2028794305296e+01
60.258284058000	-5.3266939623987e+01
60.288263303800	-5.4461423426001e+01
60.318242549600	-5.5610826500423e+01
60.348221795400	-5.6713769995931e+01
60.378201041200	-5.7768916754748e+01
60.408180287000	-5.8774972607339e+01
60.438159532800	-5.9730687626597e+01
60.468138778600	-6.0634857340345e+01
60.498118024400	-6.1486323901014e+01
60.528097270200	-6.2283977211378e+01
60.558076516000	-6.3026756005285e+01
60.588055761800	-6.3713648882375e+01
60.618035007600	-6.4343695295804e+01
60.648014253400	-6.4915986492038e+01
60.677993499200	-6.5429666401840e+01
60.707972745000	-6.5883932481627e+01
60.737951990800	-6.6278036504372e+01
60.767931236600	-6.6611285299358e+01
60.797910482400	-6.6883041440055e+01
60.827889728200	-6.7092723879502e+01
60.857868974000	-6.7239808532595e+01
60.887848219800	-6.7323828804743e+01
60.917827465600	-6.7344376066409e+01
60.947806711400	-6.7301100073099e+01
60.977785957200	-6.7193709330409e+01
61.007765203000	-6.7021971403814e+01
61.037744448800	-6.6785713172910e+01
61.067723694600	-6.6484821029894e+01
61.097702940400	-6.6119241022101e+01
61.127682186200	-6.5688978938495e+01
61.157661432000	-6.5194100340047e+01
61.187640677800	-6.4634730533976e+01
61.217619923600	-6.4011054491930e+01
61.247599169400	-6.3323316712166e+01
61.277578415200	-6.2571821025919e+01
61.307557661000	-6.1756930348133e+01
61.337536906800	-6.0879066372836e+01
61.367516152600	-5.9938709213457e+01
61.397495398400	-5.8936396988456e+01
61.427474644200	-5.7872725352677e+01
61.457453890000	-5.6748346974896e+01
61.487433135800	-5.5563970962079e+01
61.517412381600	-5.4320362230931e+01
61.547391627400	-5.3018340827334e+01
61.577370873200	-5.1658781194366e+01
61.607350119000	-5.0242611389606e+01
61.637329364800	-4.8770812252493e+01
61.667308610600	-4.7244416522556e+01
61.697287856400	-4.5664507909374e+01
61.727267102200	-4.4032220115165e+01
61.757246348000	-4.2348735810967e+01
61.787225593800	-4.0615285567393e+01
61.817204839600	-3.8833146741004e+01
61.847184085400	-3.7003642317377e+01
61.877163331200	-3.5128139711991e+01
61.907142577000	-3.3208049530078e+01
61.937121822800	-3.1244824286654e+01
61.967101068600	-2.9239957087955e+01
61.997080314400	-2.7194980275548e+01
62.027059560200	-2.5111464034424e+01
62.057038806000	-2.2991014966423e+01
62.087018051800	-2.0835274630340e+01
62.116997297600	-1.8645918050141e+01
62.146976543400	-1.6424652192697e+01
62.176955789200	-1.4173214416521e+01
62.206935035000	-1.1893370892965e+01
62.236914280800	-9.5869150014200e+00
62.266893526600	-7.2556657000307e+00
62.296872772400	-4.9014658734980e+00
62.326852018200	-2.5261806595397e+00
62.356831264000	-1.3169575561251e-01
62.386810509800	2.2800842924920e+00
62.416789755600	4.7072378185442e+00
62.446769001400	7.1478277786204e+00
62.476748247200	9.5999035070343e+00
62.506727493000	1.2061502483786e+01
62.536706738800	1.4530652111850e+01
62.566685984600	1.7005371502608e+01
62.596665230400	1.9483673267741e+01
62.626644476200	2.1963565315877e+01
62.656623722000	2.4443052652289e+01
62.686602967800	2.6920139179942e+01
62.716582213600	2.9392829500193e+01
62.746561459400	3.1859130711426e+01
62.776540705200	3.4317054203937e+01
62.806519951000	3.6764617449376e+01
62.836499196800	3.9199845783046e+01
62.866478442600	4.1620774177400e+01
62.896457688400	4.4025449005052e+01
62.926436934200	4.6411929789651e+01
62.956416180000	4.8778290942982e+01
62.986395425800	5.1122623486653e+01
63.016374671600	5.3443036756764e+01
63.046353917400	5.5737660089956e+01
63.076333163200	5.8004644489283e+01
63.106312409000	6.0242164268324e+01
63.136291654800	6.2448418672029e+01
63.166270900600	6.4621633472779e+01
63.196250146400	6.6760062540180e+01
63.226229392200	6.8861989383133e+01
63.256208638000	7.0925728662751e+01
63.286187883800	7.2949627674737e+01
63.316167129600	7.4932067799829e+01
63.346146375400	7.6871465921009e+01
63.376125621200	7.8766275806143e+01
63.406104867000	8.0614989454807e+01
63.436084112800	8.2416138408050e+01
63.466063358600	8.4168295019916e+01
63.496042604400	8.5870073689543e+01
63.526021850200	8.7520132052750e+01
63.556001096000	8.9117172132010e+01
63.585980341800	9.0659941443782e+01
63.615959587600	9.2147234062209e+01
63.645938833400	9.3577891638223e+01
63.675918079200	9.4950804373159e+01
63.705897325000	9.6264911945996e+01
63.735876570800	9.7519204393436e+01
63.765855816600	9.8712722942019e+01
63.795835062400	9.9844560791571e+01
63.825814308200	1.0091386384930e+02
63.855793554000	1.0191983141390e+02
63.885772799800	1.0286171680913e+02
63.915752045600	1.0373882796623e+02
63.945731291400	1.0455052795486e+02
63.975710537200	1.0529623546197e+02
64.005689783000	1.0597542521828e+02
64.035669028800	1.0658762837212e+02
64.065648274600	1.0713243281019e+02
64.095627520400	1.0760948342516e+02
64.125606766200	1.0801848232987e+02
64.155586012000	1.0835918901800e+02
64.185565257800	1.0863142047116e+02
64.215544503600	1.0883505121237e+02
64.245523749400	1.0897001330594e+02
64.275502995200	1.0903629630393e+02
64.305482241000	1.0903394713914e+02
64.335461486800	1.0896306996504e+02
64.365440732600	1.0882382594265e+02
64.395419978400	1.0861643297488e+02
64.425399224200	1.0834116538848e+02
64.455378470000	1.0799835356408e+02
64.485357715800	1.0758838351480e+02
64.515336961600	1.0711169641375e+02
64.545316207400	1.0656878807120e+02
64.575295453200	1.0596020836174e+02
64.605274699000	1.0528656060228e+02
64.635253944800	1.0454850088143e+02
64.665233190600	1.0374673734106e+02
64.695212436400	1.0288202941074e+02
64.725191682200	1.0195518699595e+02
64.755170928000	1.0096706962084e+02
64.785150173800	9.9918585526527e+01
64.815129419600	9.8810690725751e+01
64.845108665400	9.7644388015013e+01
64.875087911200	9.6420725945097e+01
64.905067157000	9.5140797751103e+01
64.935046402800	9.3805740243065e+01
64.965025648600	9.2416732658297e+01
64.995004894400	9.0974995476640e+01
65.024984140200	8.9481789199797e+01
65.054963386000	8.7938413096018e+01
65.084942631800	8.6346203911391e+01
65.114921877600	8.4706534549033e+01
65.144901123400	8.3020812717527e+01
65.174880369200	8.1290479549949e+01
65.204859615000	7.9517008194873e+01
65.234838860800	7.7701902380765e+01
65.264818106600	7.5846694955187e+01
65.294797352400	7.3952946400292e+01
65.324776598200	7.2022243326048e+01
65.354755844000	7.0056196942725e+01
65.384735089800	6.8056441514128e+01
65.414714335600	6.6024632793117e+01
65.444693581400	6.3962446440971e+01
65.474672827200	6.1871576432122e+01
65.504652073000	5.9753733445864e+01
65.534631318800	5.7610643246593e+01
65.564610564600	5.5444045054171e+01
65.594589810400	5.3255689906019e+01
65.624569056200	5.1047339012530e+01
65.654548302000	4.8820762107408e+01
65.684527547800	4.6577735794553e+01
65.714506793600	4.4320041893078e+01
65.744486039400	4.2049465782086e+01
65.774465285200	3.9767794746808e+01
65.804444531000	3.7476816327691e+01
65.834423776800	3.5178316674051e+01
65.864403022600	3.2874078903863e+01
65.894382268400	3.0565881471283e+01
65.924361514200	2.8255496543458e+01
65.954340760000	2.5944688388198e+01
65.984320005800	2.3635211774045e+01
66.014299251600	2.1328810384265e+01
66.044278497400	1.9027215246303e+01
66.074257743200	1.6732143178163e+01
66.104236989000	1.4445295253219e+01
66.134216234800	1.2168355284904e+01
66.164195480600	9.9029883327100e+00
66.194174726400	7.6508392309172e+00
66.224153972200	5.4135311414381e+00
66.254133218000	3.1926641321379e+00
66.284112463800	9.8981378196553e-01
66.314091709600	-1.1934701857972e+00
66.344070955400	-3.3556652408938e+00
66.374050201200	-5.4952773528119e+00
66.404029447000	-7.6108422656519e+00
66.434008692800	-9.7009267399633e+00
66.463987938600	-1.1764129760406e+01
66.493967184400	-1.3799083708127e+01
66.523946430200	-1.5804455496775e+01
66.553925676000	-1.7778947671129e+01
66.583904921800	-1.9721299467331e+01
66.613884167600	-2.1630287833774e+01
66.643863413400	-2.3504728411727e+01
66.673842659200	-2.5343476474824e+01
66.703821905000	-2.7145427826580e+01
66.733801150800	-2.8909519655145e+01
66.763780396600	-3.0634731344552e+01
66.793759642400	-3.2320085241757e+01
66.823738888200	-3.3964647378809e+01
66.853718134000	-3.5567528149544e+01
66.883697379800	-3.7127882940235e+01
66.913676625600	-3.8644912713680e+01
66.943655871400	-4.0117864546253e+01
66.973635117200	-4.1546032117499e+01
67.003614363000	-4.2928756151895e+01
67.033593608800	-4.4265424812444e+01
67.063572854600	-4.5555474045829e+01
67.093552100400	-4.6798387878892e+01
67.123531346200	-4.7993698666251e+01
67.153510592000	-4.9140987288937e+01
67.183489837800	-5.0239883303946e+01
67.213469083600	-5.1290065044687e+01
67.243448329400	-5.2291259672327e+01
67.273427575200	-5.3243243178111e+01
67.303406821000	-5.4145840336751e+01
67.333386066800	-5.4998924611051e+01
67.363365312600	-5.5802418007988e+01
67.393344558400	-5.6556290886481e+01
67.423323804200	-5.7260561717178e+01
67.453303050000	-5.7915296794592e+01
67.483282295800	-5.8520609901999e+01
67.513261541600	-5.9076661929541e+01
67.543240787400	-5.9583660446018e+01
67.573220033200	-6.0041859224911e+01
67.603199279000	-6.0451557725231e+01
67.633178524800	-6.0813100527792e+01
67.663157770600	-6.1126876727608e+01
67.693137016400	-6.1393319283109e+01
67.723116262200	-6.1612904322941e+01
67.753095508000	-6.1786150411138e+01
67.783074753800	-6.1913617771518e+01
67.813053999600	-6.1995907472160e+01
67.843033245400	-6.2033660570898e+01
67.873012491200	-6.2027557222777e+01
67.902991737000	-6.1978315750458e+01
67.932970982800	-6.1886691678603e+01
67.962950228600	-6.1753476733307e+01
67.992929474400	-6.1579497807658e+01
68.022908720200	-6.1365615894566e+01
68.052887966000	-6.1112724988011e+01
68.082867211800	-6.0821750953902e+01
68.112846457600	-6.0493650371767e+01
68.142825703400	-6.0129409348513e+01
68.172804949200	-5.9730042305535e+01
68.202784195000	-5.9296590740469e+01
68.232763440800	-5.8830121964901e+01
68.262742686600	-5.8331727819395e+01
68.292721932400	-5.7802523367181e+01
68.322701178200	-5.7243645567900e+01
68.352680424000	-5.6656251932815e+01
68.382659669800	-5.6041519162881e+01
68.412638915600	-5.5400641771142e+01
68.442618161400	-5.4734830690876e+01
68.472597407200	-5.4045311870961e+01
68.502576653000	-5.3333324859936e+01
68.532555898800	-5.2600121380231e+01
68.562535144600	-5.1846963894056e+01
68.592514390400	-5.1075124162455e+01
68.622493636200	-5.0285881799010e+01
68.652472882000	-4.9480522819711e+01
68.682452127800	-4.8660338190498e+01
68.712431373600	-4.7826622373971e+01
68.742410619400	-4.6980671876788e+01
68.772389865200	-4.6123783799244e+01
68.802369111000	-4.5257254388532e+01
68.832348356800	-4.4382377597184e+01
68.862327602600	-4.3500443648177e+01
68.892306848400	-4.2612737608171e+01
68.922286094200	-4.1720537970366e+01
68.952265340000	-4.0825115248417e+01
68.982244585800	-3.9927730582864e+01
69.012223831600	-3.9029634361494e+01
69.042203077400	-3.8132064855054e+01
69.072182323200	-3.7236246869713e+01
69.102161569000	-3.6343390417649e+01
69.132140814800	-3.5454689407110e+01
69.162120060600	-3.4571320353298e+01
69.192099306400	-3.3694441111383e+01
69.222078552200	-3.2825189632929e+01
69.252057798000	-3.1964682747015e+01
69.282037043800	-3.1114014967265e+01
69.312016289600	-3.0274257326015e+01
69.341995535400	-2.9446456236788e+01
69.371974781200	-2.8631632386234e+01
69.401954027000	-2.7830779656645e+01
69.431933272800	-2.7044864080144e+01
69.461912518600	-2.6274822825596e+01
69.491891764400	-2.5521563219248e+01
69.521871010200	-2.4785961800112e+01
69.551850256000	-2.4068863411005e+01
69.581829501800	-2.3371080326172e+01
69.611808747600	-2.2693391416373e+01
69.641787993400	-2.2036541352238e+01
69.671767239200	-2.1401239846716e+01
69.701746485000	-2.0788160937342e+01
69.731725730800	-2.0197942309053e+01
69.761704976600	-1.9631184658203e+01
69.791684222400	-1.9088451098421e+01
69.821663468200	-1.8570266608875e+01
69.851642714000	-1.8077117525500e+01
69.881621959800	-1.7609451075667e+01
69.911601205600	-1.7167674956746e+01
69.941580451400	-1.6752156958976e+01
69.971559697200	-1.6363224632988e+01
70.001538943000	-1.6001165002291e+01
70.031518188800	-1.5666224321004e+01
70.061497434600	-1.5358607877028e+01
70.091476680400	-1.5078479840849e+01
70.121455926200	-1.4825963160085e+01
70.151435172000	-1.4601139499865e+01
70.181414417800	-1.4404049229055e+01
70.211393663600	-1.4234691452334e+01
70.241372909400	-1.4093024088040e+01
70.271352155200	-1.3978963991682e+01
70.301331401000	-1.3892387124961e+01
70.331310646800	-1.3833128770093e+01
70.361289892600	-1.3800983789187e+01
70.391269138400	-1.3795706928375e+01
70.421248384200	-1.3817013166354e+01
70.451227630000	-1.3864578106961e+01
70.481206875800	-1.3938038415323e+01
70.511186121600	-1.4036992297132e+01
70.541165367400	-1.4161000020508e+01
70.571144613200	-1.4309584479878e+01
70.601123859000	-1.4482231801279e+01
70.631103104800	-1.4678391988418e+01
70.661082350600	-1.4897479608808e+01
70.691061596400	-1.5138874519231e+01
70.721040842200	-1.5401922629776e+01
70.751020088000	-1.5685936705609e+01
70.780999333800	-1.5990197205648e+01
70.810978579600	-1.6313953157243e+01
70.840957825400	-1.6656423065926e+01
70.870937071200	-1.7016795859283e+01
70.900916317000	-1.7394231863935e+01
70.930895562800	-1.7787863814612e+01
70.960874808600	-1.8196797894236e+01
70.990854054400	-1.8620114803934e+01
71.020833300200	-1.9056870861845e+01
71.050812546000	-1.9506099129562e+01
71.080791791800	-1.9966810565031e+01
71.110771037600	-2.0437995200689e+01
71.140750283400	-2.0918623345603e+01
71.170729529200	-2.1407646810352e+01
71.200708775000	-2.1904000153357e+01
71.230688020800	-2.2406601947363e+01
71.260667266600	-2.2914356064726e+01
71.290646512400	-2.3426152980173e+01
71.320625758200	-2.3940871089661e+01
71.350605004000	-2.4457378043951e+01
71.380584249800	-2.4974532095499e+01
71.410563495600	-2.5491183457248e+01
71.440542741400	-2.6006175671908e+01
71.470521987200	-2.6518346990270e+01
71.500501233000	-2.7026531757121e+01
71.530480478800	-2.7529561803301e+01
71.560459724600	-2.8026267842446e+01
71.590438970400	-2.8515480870943e+01
71.620418216200	-2.8996033569636e+01
71.650397462000	-2.9466761705806e+01
71.680376707800	-2.9926505533951e+01
71.710355953600	-3.0374111193908e+01
71.740335199400	-3.0808432104821e+01
71.770314445200	-3.1228330353521e+01
71.800293691000	-3.1632678075829e+01
71.830272936800	-3.2020358829349e+01
71.860252182600	-3.2390268956290e+01
71.890231428400	-3.2741318934892e+01
71.920210674200	-3.3072434718023e+01
71.950189920000	-3.3382559057537e+01
71.980169165800	-3.3670652812993e+01
72.010148411600	-3.3935696243357e+01
72.040127657400	-3.4176690280306e+01
72.070106903200	-3.4392657781802e+01
72.100086149000	-3.4582644764593e+01
72.130065394800	-3.4745721614341e+01
72.160044640600	-3.4880984272080e+01
72.190023886400	-3.4987555395753e+01
72.220003132200	-3.5064585495581e+01
72.249982378000	-3.5111254042048e+01
72.279961623800	-3.5126770545330e+01
72.309940869600	-3.5110375604988e+01
72.339920115400	-3.5061341928825e+01
72.369899361200	-3.4978975319781e+01
72.399878607000	-3.4862615629819e+01
72.429857852800	-3.4711637679766e+01
72.459837098600	-3.4525452144100e+01
72.489816344400	-3.4303506399730e+01
72.519795590200	-3.4045285337833e+01
72.549774836000	-3.3750312137864e+01
72.579754081800	-3.3418149002874e+01
72.609733327600	-3.3048397855324e+01
72.639712573400	-3.2640700992630e+01
72.669691819200	-3.2194741701685e+01
72.699671065000	-3.1710244831673e+01
72.729650310800	-3.1186977324520e+01
72.759629556600	-3.0624748702369e+01
72.789608802400	-3.0023411511512e+01
72.819588048200	-2.9382861722254e+01
72.849567294000	-2.8703039084221e+01
72.879546539800	-2.7983927436692e+01
72.909525785600	-2.7225554973545e+01
72.939505031400	-2.6427994462477e+01
72.969484277200	-2.5591363418210e+01
72.999463523000	-2.4715824229405e+01
73.029442768800	-2.3801584239097e+01
73.059422014600	-2.2848895778478e+01
73.089401260400	-2.1858056153920e+01
73.119380506200	-2.0829407587159e+01
73.149359752000	-1.9763337108636e+01
73.179338997800	-1.8660276404006e+01
73.209318243600	-1.7520701613892e+01
73.239297489400	-1.6345133087014e+01
73.269276735200	-1.5134135086841e+01
73.299255981000	-1.3888315452000e+01
73.329235226800	-1.2608325210682e+01
73.359214472600	-1.1294858149375e+01
73.389193718400	-9.9486503362484e+00
73.419172964200	-8.5704795996099e+00
73.449152210000	-7.1611649618700e+00
73.479131455800	-5.7215660294973e+00
73.509110701600	-4.2525823395056e+00
73.539089947400	-2.7551526630433e+00
73.569069193200	-1.2302542667089e+00
73.599048439000	3.2109786774801e-01
73.629027684800	1.8978518646327e+00
73.659006930600	3.4989198156739e+00
73.688986176400	5.1231786807674e+00
73.718965422200	6.7694712272672e+00
73.748944668000	8.4366070069590e+00
73.778923913800	1.0123363369811e+01
73.808903159600	1.1828486513561e+01
73.838882405400	1.3550692568157e+01
73.868861651200	1.5288668714047e+01
73.898840897000	1.7041074333255e+01
73.928820142800	1.8806542192175e+01
73.958799388600	2.0583679654958e+01
73.988778634400	2.2371069926352e+01
74.018757880200	2.4167273322811e+01
74.048737126000	2.5970828570675e+01
74.078716371800	2.7780254130181e+01
74.108695617600	2.9594049544051e+01
74.138674863400	3.1410696809355e+01
74.168654109200	3.3228661771359e+01
74.198633355000	3.5046395538009e+01
74.228612600800	3.6862335913701e+01
74.258591846600	3.8674908850955e+01
74.288571092400	4.0482529918604e+01
74.318550338200	4.2283605785088e+01
74.348529584000	4.4076535715407e+01
74.378508829800	4.5859713080307e+01
74.408488075600	4.7631526876226e+01
74.438467321400	4.9390363254546e+01
74.468446567200	5.1134607058645e+01
74.498425813000	5.2862643367287e+01
74.528405058800	5.4572859042834e+01
74.558384304600	5.6263644282770e+01
74.588363550400	5.7933394173052e+01
74.618342796200	5.9580510241745e+01
74.648322042000	6.1203402011452e+01
74.678301287800	6.2800488549003e+01
74.708280533600	6.4370200010904e+01
74.738259779400	6.5910979183021e+01
74.768239025200	6.7421283013005e+01
74.798218271000	6.8899584133943e+01
74.828197516800	7.0344372377744e+01
74.858176762600	7.1754156276778e+01
74.888156008400	7.3127464552278e+01
74.918135254200	7.4462847588056e+01
74.948114500000	7.5758878888063e+01
74.978093745800	7.7014156516365e+01
75.008072991600	7.8227304518104e+01
75.038052237400	7.9396974320047e+01
75.068031483200	8.0521846109321e+01
75.098010729000	8.1600630188978e+01
75.127989974800	8.2632068309040e+01
75.157969220600	8.3614934971683e+01
75.187948466400	8.4548038709290e+01
75.217927712200	8.5430223334064e+01
75.247906958000	8.6260369157968e+01
75.277886203800	8.7037394181771e+01
75.307865449600	8.7760255251993e+01
75.337844695400	8.8427949184595e+01
75.367823941200	8.9039513854278e+01
75.397803187000	8.9594029248291e+01
75.427782432800	9.0090618483666e+01
75.457761678600	9.0528448786874e+01
75.487740924400	9.0906732434876e+01
75.517720170200	9.1224727656614e+01
75.547699416000	9.1481739494032e+01
75.577678661800	9.1677120621711e+01
75.607657907600	9.1810272124300e+01
75.637637153400	9.1880644230911e+01
75.667616399200	9.1887737005718e+01
75.697595645000	9.1831100994042e+01
75.727574890800	9.1710337823221e+01
75.757554136600	9.1525100757637e+01
75.787533382400	9.1275095207294e+01
75.817512628200	9.0960079189397e+01
75.847491874000	9.0579863742414e+01
75.877471119800	9.0134313292175e+01
75.907450365600	8.9623345969559e+01
75.937429611400	8.9046933879430e+01
75.967408857200	8.8405103320467e+01
75.997388103000	8.7697934955621e+01
76.027367348800	8.6925563932968e+01
76.057346594600	8.6088179956763e+01
76.087325840400	8.5186027308565e+01
76.117305086200	8.4219404818333e+01
76.147284332000	8.3188665785464e+01
76.177263577800	8.2094217849757e+01
76.207242823600	8.0936522812378e+01
76.237222069400	7.9716096406905e+01
76.267201315200	7.8433508020616e+01
76.297180561000	7.7089380366212e+01
76.327159806800	7.5684389104202e+01
76.357139052600	7.4219262416270e+01
76.387118298400	7.2694780529929e+01
76.417097544200	7.1111775194866e+01
76.447076790000	6.9471129111397e+01
76.477056035800	6.7773775311514e+01
76.507035281600	6.6020696493034e+01
76.537014527400	6.4212924307431e+01
76.566993773200	6.2351538601948e+01
76.596973019000	6.0437666616641e+01
76.626952264800	5.8472482137068e+01
76.656931510600	5.6457204603339e+01
76.686910756400	5.4393098176336e+01
76.716890002200	5.2281470761891e+01
76.746869248000	5.0123672993822e+01
76.776848493800	4.7921097176693e+01
76.806827739600	4.5675176189269e+01
76.836806985400	4.3387382349623e+01
76.866786231200	4.1059226242923e+01
76.896765477000	3.8692255512942e+01
76.926744722800	3.6288053618382e+01
76.956723968600	3.3848238555134e+01
76.986703214400	3.1374461545609e+01
77.016682460200	2.8868405696360e+01
77.046661706000	2.6331784625165e+01
77.076640951800	2.3766341058854e+01
77.106620197600	2.1173845403128e+01
77.136599443400	1.8556094285680e+01
77.166578689200	1.5914909073943e+01
77.196557935000	1.3252134368806e+01
77.226537180800	1.0569636475688e+01
77.256516426600	7.8693018543383e+00
77.286495672400	5.1530355488133e+00
77.316474918200	2.4227595990283e+00
77.346454164000	-3.1958856463600e-01
77.376433409800	-3.0720577422179e+00
77.406412655600	-5.8326845990604e+00
77.436391901400	-8.5994953132023e+00
77.466371147200	-1.1370507233765e+01
77.496350393000	-1.4143730548812e+01
77.526329638800	-1.6917169961154e+01
77.556308884600	-1.9688826370565e+01
77.586288130400	-2.2456698560847e+01
77.616267376200	-2.5218784890225e+01
77.646246622000	-2.7973084983490e+01
77.676225867800	-3.0717601424349e+01
77.706205113600	-3.3450341446433e+01
77.736184359400	-3.6169318621387e+01
77.766163605200	-3.8872554542517e+01
77.796142851000	-4.1558080502425e+01
77.826122096800	-4.4223939163100e+01
77.856101342600	-4.6868186216925e+01
77.886080588400	-4.9488892037080e+01
77.916059834200	-5.2084143315806e+01
77.946039080000	-5.4652044689052e+01
77.976018325800	-5.7190720345976e+01
78.005997571600	-5.9698315621858e+01
78.035976817400	-6.2172998572927e+01
78.065956063200	-6.4612961531676e+01
78.095935309000	-6.7016422641236e+01
78.125914554800	-6.9381627367379e+01
78.155893800600	-7.1706849986793e+01
78.185873046400	-7.3990395050232e+01
78.215852292200	-7.6230598819223e+01
78.245831538000	-7.8425830674994e+01
78.275810783800	-8.0574494498346e+01
78.305790029600	-8.2675030019195e+01
78.335769275400	-8.4725914134548e+01
78.365748521200	-8.6725662193719e+01
78.395727767000	-8.8672829249591e+01
78.425707012800	-9.0566011274795e+01
78.455686258600	-9.2403846341696e+01
78.485665504400	-9.4185015765096e+01
78.515644750200	-9.5908245206628e+01
78.545623996000	-9.7572305739827e+01
78.575603241800	-9.9176014874914e+01
78.605582487600	-1.0071823754236e+02
78.635561733400	-1.0219788703435e+02
78.665540979200	-1.0361392590326e+02
78.695520225000	-1.0496536681639e+02
78.725499470800	-1.0625127336613e+02
78.755478716600	-1.0747076083489e+02
78.785457962400	-1.0862299691402e+02
78.815437208200	-1.0970720237617e+02
78.845416454000	-1.1072265170045e+02
78.875395699800	-1.1166867364982e+02
78.905374945600	-1.1254465180021e+02
78.935354191400	-1.1335002502099e+02
78.965333437200	-1.1408428790616e+02
78.995312683000	-1.1474699115617e+02
79.025291928800	-1.1533774190977e+02
79.055271174600	-1.1585620402586e+02
79.085250420400	-1.1630209831488e+02
79.115229666200	-1.1667520271975e+02
79.145208912000	-1.1697535244608e+02
79.175188157800	-1.1720244004162e+02
79.205167403600	-1.1735641542495e+02
79.235146649400	-1.1743728586334e+02
79.265125895200	-1.1744511589985e+02
79.295105141000	-1.1738002722981e+02
79.325084386800	-1.1724219852678e+02
79.355063632600	-1.1703186521823e+02
79.385042878400	-1.1674931921117e+02
79.415022124200	-1.1639490856796e+02
79.445001370000	-1.1596903713270e+02
79.474980615800	-1.1547216410863e+02
79.504959861600	-1.1490480358682e+02
79.534939107400	-1.1426752402673e+02
79.564918353200	-1.1356094768916e+02
79.594897599000	-1.1278575002210e+02
79.624876844800	-1.1194265900012e+02
79.654856090600	-1.1103245441792e+02
79.684835336400	-1.1005596713877e+02
79.714814582200	-1.0901407829857e+02
79.744793828000	-1.0790771846623e+02
79.774773073800	-1.0673786676128e+02
79.804752319600	-1.0550554992955e+02
79.834731565400	-1.0421184137772e+02
79.864710811200	-1.0285786016780e+02
79.894690057000	-1.0144476997239e+02
79.924669302800	-9.9973777991857e+01
79.954648548600	-9.8446133834279e+01
79.984627794400	-9.6863128359454e+01
80.014607040200	-9.5226092487876e+01
80.044586286000	-9.3536395975950e+01
80.074565531800	-9.1795446158543e+01
80.104544777600	-9.0004686660107e+01
80.134524023400	-8.8165596075576e+01
80.164503269200	-8.6279686622303e+01
80.194482515000	-8.4348502764315e+01
80.224461760800	-8.2373619810178e+01
80.254441006600	-8.0356642485825e+01
80.284420252400	-7.8299203483671e+01
80.314399498200	-7.6202961989400e+01
80.344378744000	-7.4069602187812e+01
80.374357989800	-7.1900831749144e+01
80.404337235600	-6.9698380297275e+01
80.434316481400	-6.7463997861280e+01
80.464295727200	-6.5199453311773e+01
80.494274973000	-6.2906532783504e+01
80.524254218800	-6.0587038085713e+01
80.554233464600	-5.8242785101702e+01
80.584212710400	-5.5875602179146e+01
80.614191956200	-5.3487328512636e+01
80.644171202000	-5.1079812519979e+01
80.674150447800	-4.8654910213745e+01
80.704129693600	-4.6214483569620e+01
80.734108939400	-4.3760398893037e+01
80.764088185200	-4.1294525185649e+01
80.794067431000	-3.8818732513132e+01
80.824046676800	-3.6334890375846e+01
80.854025922600	-3.3844866083861e+01
80.884005168400	-3.1350523137860e+01
80.913984414200	-2.8853719617402e+01
80.943963660000	-2.6356306578052e+01
80.973942905800	-2.3860126458835e+01
81.003922151600	-2.1367011501507e+01
81.033901397400	-1.8878782183070e+01
81.063880643200	-1.6397245662994e+01
81.093859889000	-1.3924194246549e+01
81.123839134800	-1.1461403865677e+01
81.153818380600	-9.0106325787675e+00
81.183797626400	-6.5736190907249e+00
81.213776872200	-4.1520812946670e+00
81.243756118000	-1.7477148365802e+00
81.273735363800	6.3780829576503e-01
81.303714609600	3.0028411583607e+00
81.333693855400	5.3457632097203e+00
81.363673101200	7.6649816416251e+00
81.393652347000	9.9589326806609e+00
81.423631592800	1.2226082859381e+01
81.453610838600	1.4464930255956e+01
81.483590084400	1.6674005701211e+01
81.513569330200	1.8851873951969e+01
81.543548576000	2.0997134829675e+01
81.573527821800	2.3108424323286e+01
81.603507067600	2.5184415655460e+01
81.633486313400	2.7223820311119e+01
81.663465559200	2.9225389027483e+01
81.693444805000	3.1187912744720e+01
81.723424050800	3.3110223516396e+01
81.753403296600	3.4991195378947e+01
81.783382542400	3.6829745179430e+01
81.813361788200	3.8624833360859e+01
81.843341034000	4.0375464704469e+01
81.873320279800	4.2080689028294e+01
81.903299525600	4.3739601841495e+01
81.933278771400	4.5351344953888e+01
81.963258017200	4.6915107040224e+01
81.993237263000	4.8430124158739e+01
82.023216508800	4.9895680223617e+01
82.053195754600	5.1311107430984e+01
82.083175000400	5.2675786638148e+01
82.113154246200	5.3989147695812e+01
82.143133492000	5.5250669733053e+01
82.173112737800	5.6459881394891e+01
82.203091983600	5.7616361032331e+01
82.233071229400	5.8719736844790e+01
82.263050475200	5.9769686974889e+01
82.293029721000	6.0765939555617e+01
82.323008966800	6.1708272709930e+01
82.352988212600	6.2596514502880e+01
82.382967458400	6.3430542846446e+01
82.412946704200	6.4210285357239e+01
82.442925950000	6.4935719167341e+01
82.472905195800	6.5606870688556e+01
82.502884441600	6.6223815330399e+01
82.532863687400	6.6786677172212e+01
82.562842933200	6.7295628589811e+01
82.592822179000	6.7750889837131e+01
82.622801424800	6.8152728583377e+01
82.652780670600	6.8501459406224e+01
82.682759916400	6.8797443241652e+01
82.712739162200	6.9041086791049e+01
82.742718408000	6.9232841886254e+01
82.772697653800	6.9373204813242e+01
82.802676899600	6.9462715595202e+01
82.832656145400	6.9501957235802e+01
82.862635391200	6.9491554923452e+01
82.892614637000	6.9432175197436e+01
82.922593882800	6.9324525076798e+01
82.952573128600	6.9169351152930e+01
82.982552374400	6.8967438646806e+01
83.012531620200	6.8719610431873e+01
83.042510866000	6.8426726023621e+01
83.072490111800	6.8089680536904e+01
83.102469357600	6.7709403612077e+01
83.132448603400	6.7286858311097e+01
83.162427849200	6.6823039984712e+01
83.192407095000	6.6318975111914e+01
83.222386340800	6.5775720112866e+01
83.252365586600	6.5194360136505e+01
83.282344832400	6.4576007824078e+01
83.312324078200	6.3921802049876e+01
83.342303324000	6.3232906640437e+01
83.372282569800	6.2510509073552e+01
83.402261815600	6.1755819158357e+01
83.432241061400	6.0970067697892e+01
83.462220307200	6.0154505135443e+01
83.492199553000	5.9310400186065e+01
83.522178798800	5.8439038454639e+01
83.552158044600	5.7541721041882e+01
83.582137290400	5.6619763139682e+01
83.612116536200	5.5674492617196e+01
83.642095782000	5.4707248599096e+01
83.672075027800	5.3719380037412e+01
83.702054273600	5.2712244278382e+01
83.732033519400	5.1687205625739e+01
83.762012765200	5.0645633901867e+01
83.791992011000	4.9588903008256e+01
83.821971256800	4.8518389486679e+01
83.851950502600	4.7435471082525e+01
83.881929748400	4.6341525311695e+01
83.911908994200	4.5237928032493e+01
83.941888240000	4.4126052023902e+01
83.971867485800	4.3007265571661e+01
84.001846731600	4.1882931063522e+01
84.031825977400	4.0754403595068e+01
84.061805223200	3.9623029587463e+01
84.091784469000	3.8490145418482e+01
84.121763714800	3.7357076068157e+01
84.151742960600	3.6225133780363e+01
84.181722206400	3.5095616741651e+01
84.211701452200	3.3969807778604e+01
84.241680698000	3.2848973074983e+01
84.271659943800	3.1734360909914e+01
84.301639189600	3.0627200418323e+01
84.331618435400	2.9528700374829e+01
84.361597681200	2.8440048002250e+01
84.391576927000	2.7362407805890e+01
84.421556172800	2.6296920434706e+01
84.451535418600	2.5244701570454e+01
84.481514664400	2.4206840845875e+01
84.511493910200	2.3184400792946e+01
84.541473156000	2.2178415822213e+01
84.571452401800	2.1189891234144e+01
84.601431647600	2.0219802263470e+01
84.631410893400	1.9269093157385e+01
84.661390139200	1.8338676288490e+01
84.691369385000	1.7429431303307e+01
84.721348630800	1.6542204307148e+01
84.751327876600	1.5677807086105e+01
84.781307122400	1.4837016366879e+01
84.811286368200	1.4020573115120e+01
84.841265614000	1.3229181872927e+01
84.871244859800	1.2463510136107e+01
84.901224105600	1.1724187771751e+01
84.931203351400	1.1011806476654e+01
84.961182597200	1.0326919277043e+01
84.991161843000	9.6700400700737e+00
85.021141088800	9.0416432074607e+00
85.051120334600	8.4421631216237e+00
85.081099580400	7.8719939946371e+00
85.111078826200	7.3314894702600e+00
85.141058072000	6.8209624092676e+00
85.171037317800	6.3406846882635e+00
85.201016563600	5.8908870421096e+00
85.230995809400	5.4717589500660e+00
85.260975055200	5.0834485656901e+00
85.290954301000	4.7260626904993e+00
85.320933546800	4.3996667913602e+00
85.350912792600	4.1042850615208e+00
85.380892038400	3.8399005251603e+00
85.410871284200	3.6064551852886e+00
85.440850530000	3.4038502147821e+00
85.470829775800	3.2319461903018e+00
85.500809021600	3.0905633687954e+00
85.530788267400	2.9794820062443e+00
85.560767513200	2.8984427182740e+00
85.590746759000	2.8471468822036e+00
85.620726004800	2.8252570800714e+00
85.650705250600	2.8323975821317e+00
85.680684496400	2.8681548702781e+00
85.710663742200	2.9320782008088e+00
85.740642988000	3.0236802059123e+00
85.770622233800	3.1424375332106e+00
85.800601479600	3.2877915226637e+00
85.830580725400	3.4591489200986e+00
85.860559971200	3.6558826265916e+00
85.890539217000	3.8773324828986e+00
85.920518462800	4.1228060880921e+00
85.950497708600	4.3915796515304e+00
85.980476954400	4.6828988772521e+00
86.010456200200	4.9959798798577e+00
86.040435446000	5.3300101309095e+00
86.070414691800	5.6841494348493e+00
86.100393937600	6.0575309334070e+00
86.130373183400	6.4492621374450e+00
86.160352429200	6.8584259851553e+00
86.190331675000	7.2840819255025e+00
86.220310920800	7.7252670257792e+00
86.250290166600	8.1809971021207e+00
86.280269412400	8.6502678717988e+00
86.310248658200	9.1320561260984e+00
86.340227904000	9.6253209225567e+00
86.370207149800	1.0129004795331e+01
86.400186395600	1.0642034982436e+01
86.430165641400	1.1163324668589e+01
86.460144887200	1.1691774242368e+01
86.490124133000	1.2226272566391e+01
86.520103378800	1.2765698259205e+01
86.550082624600	1.3308920987562e+01
86.580061870400	1.3854802767753e+01
86.610041116200	1.4402199274656e+01
86.640020362000	1.4949961157159e+01
86.669999607800	1.5496935358600e+01
86.699978853600	1.6041966440874e+01
86.729958099400	1.6583897910840e+01
86.759937345200	1.7121573547677e+01
86.789916591000	1.7653838729824e+01
86.819895836800	1.8179541760141e+01
86.849875082600	1.8697535187944e+01
86.879854328400	1.9206677126548e+01
86.909833574200	1.9705832564985e+01
86.939812820000	2.0193874672544e+01
86.969792065800	2.0669686094801e+01
86.999771311600	2.1132160239826e+01
87.029750557400	2.1580202553239e+01
87.059729803200	2.2012731780817e+01
87.089709049000	2.2428681217373e+01
87.119688294800	2.2826999940618e+01
87.149667540600	2.3206654028754e+01
87.179646786400	2.3566627760561e+01
87.209626032200	2.3905924796746e+01
87.239605278000	2.4223569341346e+01
87.269584523800	2.4518607282013e+01
87.299563769600	2.4790107308013e+01
87.329543015400	2.5037162004791e+01
87.359522261200	2.5258888923996e+01
87.389501507000	2.5454431627870e+01
87.419480752800	2.5622960706940e+01
87.449459998600	2.5763674769968e+01
87.479439244400	2.5875801405153e+01
87.509418490200	2.5958598111605e+01
87.539397736000	2.6011353200138e+01
87.569376981800	2.6033386662467e+01
87.599356227600	2.6024051007904e+01
87.629335473400	2.5982732066729e+01
87.659314719200	2.5908849759377e+01
87.689293965000	2.5801858830684e+01
87.719273210800	2.5661249548420e+01
87.749252456600	2.5486548365407e+01
87.779231702400	2.5277318544525e+01
87.809210948200	2.5033160745986e+01
87.839190194000	2.4753713576242e+01
87.869169439800	2.4438654097992e+01
87.899148685600	2.4087698300735e+01
87.929127931400	2.3700601531395e+01
87.959107177200	2.3277158884562e+01
87.989086423000	2.2817205551950e+01
88.019065668800	2.2320617130694e+01
88.049044914600	2.1787309890169e+01
88.079024160400	2.1217240997046e+01
88.109003406200	2.0610408698328e+01
88.138982652000	1.9966852462193e+01
88.168961897800	1.9286653076451e+01
88.198941143600	1.8569932704530e+01
88.228920389400	1.7816854898893e+01
88.258899635200	1.7027624571869e+01
88.288878881000	1.6202487923901e+01
88.318858126800	1.5341732329262e+01
88.348837372600	1.4445686179347e+01
88.378816618400	1.3514718683665e+01
88.408795864200	1.2549239628707e+01
88.438775110000	1.1549699094940e+01
88.468754355800	1.0516587132144e+01
88.498733601600	9.4504333934449e+00
88.528712847400	8.3518067283526e+00
88.558692093200	7.2213147352079e+00
88.588671339000	6.0596032734612e+00
88.618650584800	4.8673559362498e+00
88.648629830600	3.6452934837778e+00
88.678609076400	2.3941732380460e+00
88.708588322200	1.1147884395135e+00
88.738567568000	-1.9203243368746e-01
88.768546813800	-1.5254263833249e+00
88.798526059600	-2.8844966447348e+00
88.828505305400	-4.2683134758518e+00
88.858484551200	-5.6759149808376e+00
88.888463797000	-7.1063079675069e+00
88.918443042800	-8.5584688377175e+00
88.948422288600	-1.0031344509858e+01
88.978401534400	-1.1523853372536e+01
89.008380780200	-1.3034886268535e+01
89.038360026000	-1.4563307508087e+01
89.068339271800	-1.6107955910463e+01
89.098318517600	-1.7667645872875e+01
89.128297763400	-1.9241168465637e+01
89.158277009200	-2.0827292552529e+01
89.188256255000	-2.2424765935249e+01
89.218235500800	-2.4032316520855e+01
89.248214746600	-2.5648653511042e+01
89.278193992400	-2.7272468612100e+01
89.308173238200	-2.8902437264362e+01
89.338152484000	-3.0537219889941e+01
89.368131729800	-3.2175463157542e+01
89.398110975600	-3.3815801263102e+01
89.428090221400	-3.5456857225002e+01
89.458069467200	-3.7097244192599e+01
89.488048713000	-3.8735566766770e+01
89.518027958800	-4.0370422331205e+01
89.548007204600	-4.2000402393112e+01
89.577986450400	-4.3624093932052e+01
89.607965696200	-4.5240080755550e+01
89.637944942000	-4.6846944860182e+01
89.667924187800	-4.8443267796778e+01
89.697903433600	-5.0027632038426e+01
89.727882679400	-5.1598622349910e+01
89.757861925200	-5.3154827157258e+01
89.787841171000	-5.4694839916047e+01
89.817820416800	-5.6217260477123e+01
89.847799662600	-5.7720696448393e+01
89.877778908400	-5.9203764551362e+01
89.907758154200	-6.0665091971064e+01
89.937737400000	-6.2103317698084e+01
89.967716645800	-6.3517093861328e+01
89.997695891600	-6.4905087050255e+01
90.027675137400	-6.6265979625250e+01
90.057654383200	-6.7598471014868e+01
90.087633629000	-6.8901278998662e+01
90.117612874800	-7.0173140974332e+01
90.147592120600	-7.1412815207959e+01
90.177571366400	-7.2619082066081e+01
90.207550612200	-7.3790745228411e+01
90.237529858000	-7.4926632879989e+01
90.267509103800	-7.6025598881607e+01
90.297488349600	-7.7086523917340e+01
90.327467595400	-7.8108316618068e+01
90.357446841200	-7.9089914659863e+01
90.387426087000	-8.0030285836176e+01
90.417405332800	-8.0928429102749e+01
90.447384578600	-8.1783375594233e+01
90.477363824400	-8.2594189611498e+01
90.507343070200	-8.3359969578666e+01
90.537322316000	-8.4079848968914e+01
90.567301561800	-8.4752997198145e+01
90.597280807600	-8.5378620485611e+01
90.627260053400	-8.5955962680678e+01
90.657239299200	-8.6484306054869e+01
90.687218545000	-8.6962972058431e+01
90.717197790800	-8.7391322040657e+01
90.747177036600	-8.7768757933246e+01
90.777156282400	-8.8094722896031e+01
90.807135528200	-8.8368701924418e+01
90.837114774000	-8.8590222417926e+01
90.867094019800	-8.8758854709279e+01
90.897073265600	-8.8874212553488e+01
90.927052511400	-8.8935953576455e+01
90.957031757200	-8.8943779682631e+01
90.987011003000	-8.8897437421315e+01
91.016990248800	-8.8796718311232e+01
91.046969494600	-8.8641459123033e+01
91.076948740400	-8.8431542119452e+01
91.106927986200	-8.8166895252838e+01
91.136907232000	-8.7847492319883e+01
91.166886477800	-8.7473353073346e+01
91.196865723600	-8.7044543290669e+01
91.226844969400	-8.6561174799385e+01
91.256824215200	-8.6023405459277e+01
91.286803461000	-8.5431439101297e+01
91.316782706800	-8.4785525423259e+01
91.346761952600	-8.4085959842415e+01
91.376741198400	-8.3333083305021e+01
91.406720444200	-8.2527282053059e+01
91.436699690000	-8.1668987348330e+01
91.466678935800	-8.0758675154151e+01
91.496658181600	-7.9796865774957e+01
91.526637427400	-7.8784123454132e+01
91.556616673200	-7.7721055930435e+01
91.586595919000	-7.6608313953438e+01
91.616575164800	-7.5446590758413e+01
91.646554410600	-7.4236621501173e+01
91.676533656400	-7.2979182653378e+01
91.706512902200	-7.1675091358873e+01
91.736492148000	-7.0325204751675e+01
91.766471393800	-6.8930419236227e+01
91.796450639600	-6.7491669730612e+01
91.826429885400	-6.6009928873425e+01
91.856409131200	-6.4486206195067e+01
91.886388377000	-6.2921547254216e+01
91.916367622800	-6.1317032740321e+01
91.946346868600	-5.9673777542932e+01
91.976326114400	-5.7992929788780e+01
92.006305360200	-5.6275669847481e+01
92.036284606000	-5.4523209306837e+01
92.066263851800	-5.2736789918681e+01
92.096243097600	-5.0917682516270e+01
92.126222343400	-4.9067185904257e+01
92.156201589200	-4.7186625722288e+01
92.186180835000	-4.5277353283292e+01
92.216160080800	-4.3340744387586e+01
92.246139326600	-4.1378198113897e+01
92.276118572400	-3.9391135588463e+01
92.306097818200	-3.7380998733368e+01
92.336077064000	-3.5349248995305e+01
92.366056309800	-3.3297366055975e+01
92.396035555600	-3.1226846525334e+01
92.426014801400	-2.9139202618941e+01
92.455994047200	-2.7035960820649e+01
92.485973293000	-2.4918660531913e+01
92.515952538800	-2.2788852709002e+01
92.545931784600	-2.0648098489396e+01
92.575911030400	-1.8497967808675e+01
92.605890276200	-1.6340038009220e+01
92.635869522000	-1.4175892442025e+01
92.665848767800	-1.2007119062973e+01
92.695828013600	-9.8353090248788e+00
92.725807259400	-7.6620552666547e+00
92.755786505200	-5.4889511009229e+00
92.785765751000	-3.3175888014180e+00
92.815744996800	-1.1495581915178e+00
92.845724242600	1.0135547647642e+00
92.875703488400	3.1701693679861e+00
92.905682734200	5.3187115833593e+00
92.935661980000	7.4576154343758e+00
92.965641225800	9.5853243886658e+00
92.995620471600	1.1700292734773e+01
93.025599717400	1.3800986948550e+01
93.055578963200	1.5885887047873e+01
93.085558209000	1.7953487934411e+01
93.115537454800	2.0002300721172e+01
93.145516700600	2.2030854044573e+01
93.175495946400	2.4037695359801e+01
93.205475192200	2.6021392218249e+01
93.235454438000	2.7980533525802e+01
93.265433683800	2.9913730780818e+01
93.295412929600	3.1819619290615e+01
93.325392175400	3.3696859365329e+01
93.355371421200	3.5544137488022e+01
93.385350667000	3.7360167459943e+01
93.415329912800	3.9143691519857e+01
93.445309158600	4.0893481436403e+01
93.475288404400	4.2608339572459e+01
93.505267650200	4.4287099920507e+01
93.535246896000	4.5928629108035e+01
93.565226141800	4.7531827372051e+01
93.595205387600	4.9095629501772e+01
93.625184633400	5.0619005748640e+01
93.655163879200	5.2100962702795e+01
93.685143125000	5.3540544135208e+01
93.715122370800	5.4936831804682e+01
93.745101616600	5.6288946228985e+01
93.775080862400	5.7596047419386e+01
93.805060108200	5.8857335577945e+01
93.835039354000	6.0072051756884e+01
93.865018599800	6.1239478479464e+01
93.894997845600	6.2358940321781e+01
93.924977091400	6.3429804454964e+01
93.954956337200	6.4451481147278e+01
93.984935583000	6.5423424225682e+01
94.014914828800	6.6345131496428e+01
94.044894074600	6.7216145124334e+01
94.074873320400	6.8036051970379e+01
94.104852566200	6.8804483887353e+01
94.134831812000	6.9521117973286e+01
94.164811057800	7.0185676782447e+01
94.194790303600	7.0797928493760e+01
94.224769549400	7.1357687036476e+01
94.254748795200	7.1864812173037e+01
94.284728041000	7.2319209539066e+01
94.314707286800	7.2720830640482e+01
94.344686532600	7.3069672807780e+01
94.374665778400	7.3365779107531e+01
94.404645024200	7.3609238211240e+01
94.434624270000	7.3800184221704e+01
94.464603515800	7.3938796457064e+01
94.494582761600	7.4025299192805e+01
94.524562007400	7.4059961361964e+01
94.554541253200	7.4043096213872e+01
94.584520499000	7.3975060931786e+01
94.614499744800	7.3856256209803e+01
94.644478990600	7.3687125789498e+01
94.674458236400	7.3468155956755e+01
94.704437482200	7.3199874999300e+01
94.734416728000	7.2882852625491e+01
94.764395973800	7.2517699344943e+01
94.794375219600	7.2105065811618e+01
94.824354465400	7.1645642130029e+01
94.854333711200	7.1140157125259e+01
94.884312957000	7.0589377577508e+01
94.914292202800	6.9994107421948e+01
94.944271448600	6.9355186914662e+01
94.974250694400	6.8673491765498e+01
95.004229940200	6.7949932238697e+01
95.034209186000	6.7185452222176e+01
95.064188431800	6.6381028266387e+01
95.094167677600	6.5537668593697e+01
95.124146923400	6.4656412079257e+01
95.154126169200	6.3738327204361e+01
95.184105415000	6.2784510983319e+01
95.214084660800	6.1796087864906e+01
95.244063906600	6.0774208609431e+01
95.274043152400	5.9720049142561e+01
95.304022398200	5.8634809386978e+01
95.334001644000	5.7519712073046e+01
95.363980889800	5.6376001529604e+01
95.393960135600	5.5204942456104e+01
95.423939381400	5.4007818677252e+01
95.453918627200	5.2785931881378e+01
95.483897873000	5.1540600343754e+01
95.513877118800	5.0273157636103e+01
95.543856364600	4.8984951323541e+01
95.573835610400	4.7677341650209e+01
95.603814856200	4.6351700214886e+01
95.633794102000	4.5009408637837e+01
95.663773347800	4.3651857220199e+01
95.693752593600	4.2280443597198e+01
95.723731839400	4.0896571386481e+01
95.753711085200	3.9501648832887e+01
95.783690331000	3.8097087450939e+01
95.813669576800	3.6684300666377e+01
95.843648822600	3.5264702458035e+01
95.873628068400	3.3839706001357e+01
95.903607314200	3.2410722314871e+01
95.933586560000	3.0979158910902e+01
95.963565805800	2.9546418451820e+01
95.993545051600	2.8113897413119e+01
96.023524297400	2.6682984754598e+01
96.053503543200	2.5255060600908e+01
96.083482789000	2.3831494932743e+01
96.113462034800	2.2413646289901e+01
96.143441280600	2.1002860487472e+01
96.173420526400	1.9600469346358e+01
96.203399772200	1.8207789439351e+01
96.233379018000	1.6826120853939e+01
96.263358263800	1.5456745973039e+01
96.293337509600	1.4100928274790e+01
96.323316755400	1.2759911152565e+01
96.353296001200	1.1434916756300e+01
96.383275247000	1.0127144856248e+01
96.413254492800	8.8377717302276e+00
96.443233738600	7.5679490754139e+00
96.473212984400	6.3188029456944e+00
96.503192230200	5.0914327155969e+00
96.533171476000	3.8869100717548e+00
96.563150721800	2.7062780328590e+00
96.593129967600	1.5505499990128e+00
96.623109213400	4.2070883137801e-01
96.653088459200	-6.8229403703011e-01
96.683067705000	-1.7575394585708e+00
96.713046950800	-2.8041413954335e+00
96.743026196600	-3.8212477105577e+00
96.773005442400	-4.8080409242863e+00
96.802984688200	-5.7637389360558e+00
96.832963934000	-6.6875957104607e+00
96.862943179800	-7.5789019270656e+00
96.892922425600	-8.4369855933714e+00
96.922901671400	-9.2612126203817e+00
96.952880917200	-1.0050987360249e+01
96.982860163000	-1.0805753105518e+01
97.012839408800	-1.1524992549525e+01
97.042818654600	-1.2208228207542e+01
97.072797900400	-1.2855022798298e+01
97.102777146200	-1.3464979585555e+01
97.132756392000	-1.4037742679435e+01
97.162735637800	-1.4572997297259e+01
97.192714883600	-1.5070469983674e+01
97.222694129400	-1.5529928789914e+01
97.252673375200	-1.5951183412033e+01
97.282652621000	-1.6334085288046e+01
97.312631866800	-1.6678527653911e+01
97.342611112600	-1.6984445558332e+01
97.372590358400	-1.7251815836427e+01
97.402569604200	-1.7480657042312e+01
97.432548850000	-1.7671029340718e+01
97.462528095800	-1.7823034357770e+01
97.492507341600	-1.7936814991143e+01
97.522486587400	-1.8012555179779e+01
97.552465833200	-1.8050479633473e+01
97.582445079000	-1.8050853522583e+01
97.612424324800	-1.8013982128251e+01
97.642403570600	-1.7940210453472e+01
97.672382816400	-1.7829922795457e+01
97.702362062200	-1.7683542279728e+01
97.732341308000	-1.7501530356436e+01
97.762320553800	-1.7284386259432e+01
97.792299799600	-1.7032646428655e+01
97.822279045400	-1.6746883896425e+01
97.852258291200	-1.6427707638276e+01
97.882237537000	-1.6075761889001e+01
97.912216782800	-1.5691725424601e+01
97.942196028600	-1.5276310810862e+01
97.972175274400	-1.4830263619343e+01
98.002154520200	-1.4354361611546e+01
98.032133766000	-1.3849413892109e+01
98.062113011800	-1.3316260031859e+01
98.092092257600	-1.2755769161632e+01
98.122071503400	-1.2168839037737e+01
98.152050749200	-1.1556395080029e+01
98.182029995000	-1.0919389383534e+01
98.212009240800	-1.0258799704627e+01
98.241988486600	-9.5756284227606e+00
98.271967732400	-8.8709014787899e+00
98.301946978200	-8.1456672909424e+00
98.331926224000	-7.4009956495112e+00
98.361905469800	-6.6379765913695e+00
98.391884715600	-5.8577192554197e+00
98.421863961400	-5.0613507201110e+00
98.451843207200	-4.2500148241747e+00
98.481822453000	-3.4248709717412e+00
98.511801698800	-2.5870929230195e+00
98.541780944600	-1.7378675717289e+00
98.571760190400	-8.7839371048939e-01
98.601739436200	-9.8807853834281e-03
98.631718682000	8.6645235908446e-01
98.661697927800	1.7493787433992e+00
98.691677173600	2.6376645235767e+00
98.721656419400	3.5300702675896e+00
98.751635665200	4.4253522364272e+00
98.781614911000	5.3222636685338e+00
98.811594156800	6.2195560663709e+00
98.841573402600	7.1159804838430e+00
98.871552648400	8.0102888133316e+00
98.901531894200	8.9012350710795e+00
98.931511140000	9.7875766796726e+00
98.961490385800	1.0668075746369e+01
98.991469631600	1.1541500336027e+01
99.021448877400	1.2406625737405e+01
99.051428123200	1.3262235721577e+01
99.081407369000	1.4107123791275e+01
99.111386614800	1.4940094419912e+01
99.141365860600	1.5759964279105e+01
99.171345106400	1.6565563453496e+01
99.201324352200	1.7355736641705e+01
99.231303598000	1.8129344342236e+01
99.261282843800	1.8885264023204e+01
99.291262089600	1.9622391274743e+01
99.321241335400	2.0339640942989e+01
99.351220581200	2.1035948244530e+01
99.381199827000	2.1710269860270e+01
99.411179072800	2.2361585007627e+01
99.441158318600	2.2988896490053e+01
99.471137564400	2.3591231722862e+01
99.501116810200	2.4167643734367e+01
99.531096056000	2.4717212141386e+01
99.561075301800	2.5239044098162e+01
99.591054547600	2.5732275217804e+01
99.621033793400	2.6196070465350e+01
99.651013039200	2.6629625021619e+01
99.680992285000	2.7032165117001e+01
99.710971530800	2.7402948834420e+01
99.740950776600	2.7741266880681e+01
99.770930022400	2.8046443325474e+01
99.800909268200	2.8317836307346e+01
99.830888514000	2.8554838705951e+01
99.860867759800	2.8756878779961e+01
99.890847005600	2.8923420770025e+01
99.920826251400	2.9053965466205e+01
99.950805497200	2.9148050739375e+01
99.980784743000	2.9205252036060e+01
100.010763988800	2.9225182836270e+01
100.040743234600	2.9207495073900e+01
100.070722480400	2.9151879519303e+01
100.100701726200	2.9058066123684e+01
100.130680972000	2.8925824325009e+01
100.160660217800	2.8754963315136e+01
100.190639463600	2.8545332267943e+01
100.220618709400	2.8296820528239e+01
100.250597955200	2.8009357761307e+01
100.280577201000	2.7682914062940e+01
100.310556446800	2.7317500029894e+01
100.340535692600	2.6913166790703e+01
100.370514938400	2.6470005996846e+01
100.400494184200	2.5988149774296e+01
100.430473430000	2.5467770635523e+01
100.460452675800	2.4909081352035e+01
100.490431921600	2.4312334787630e+01
100.520411167400	2.3677823692516e+01
100.550390413200	2.3005880458522e+01
100.580369659000	2.2296876835666e+01
100.610348904800	2.1551223610363e+01
100.640328150600	2.0769370245605e+01
100.670307396400	1.9951804483481e+01
100.700286642200	1.9099051910441e+01
100.730265888000	1.8211675485741e+01
100.760245133800	1.7290275033538e+01
100.790224379600	1.6335486699153e+01
100.820203625400	1.5347982370039e+01
100.850182871200	1.4328469062027e+01
100.880162117000	1.3277688271470e+01
100.910141362800	1.2196415293918e+01
100.940120608600	1.1085458510001e+01
100.970099854400	9.9456586392306e+00
101.000079100200	8.7778879624409e+00
101.030058346000	7.5830495136561e+00
101.060037591800	6.3620762421603e+00
101.090016837600	5.1159301456023e+00
101.119996083400	3.8456013749823e+00
101.149975329200	2.5521073123980e+00
101.179954575000	1.2364916224519e+00
101.209933820800	-1.0017672175218e-01
101.239913066600	-1.4568044370740e+00
101.269892312400	-2.8322749522875e+00
101.299871558200	-4.2254494525232e+00
101.329850804000	-5.6351679451835e+00
101.359830049800	-7.0602503462962e+00
101.389809295600	-8.4994975862495e+00
101.419788541400	-9.9516927338345e+00
101.449767787200	-1.1415602137506e+01
101.479747033000	-1.2889976582756e+01
101.509726278800	-1.4373552464472e+01
101.539705524600	-1.5865052973160e+01
101.569684770400	-1.7363189293869e+01
101.599664016200	-1.8866661816671e+01
101.629643262000	-2.0374161357518e+01
101.659622507800	-2.1884370388309e+01
101.689601753600	-2.3395964274970e+01
101.719580999400	-2.4907612522363e+01
101.749560245200	-2.6417980024825e+01
101.779539491000	-2.7925728321126e+01
101.809518736800	-2.9429516852650e+01
101.839497982600	-3.0928004223590e+01
101.869477228400	-3.2419849461941e+01
101.899456474200	-3.3903713280085e+01
101.929435720000	-3.5378259333769e+01
101.959414965800	-3.6842155478257e+01
101.989394211600	-3.8294075020462e+01
102.019373457400	-3.9732697965871e+01
102.049352703200	-4.1156712259046e+01
102.079331949000	-4.2564815016552e+01
102.109311194800	-4.3955713751107e+01
102.139290440600	-4.5328127585810e+01
102.169269686400	-4.6680788457277e+01
102.199248932200	-4.8012442306554e+01
102.229228178000	-4.9321850256664e+01
102.259207423800	-5.0607789775681e+01
102.289186669600	-5.1869055824230e+01
102.319165915400	-5.3104461986315e+01
102.349145161200	-5.4312841582420e+01
102.379124407000	-5.5493048763822e+01
102.409103652800	-5.6643959587091e+01
102.439082898600	-5.7764473067764e+01
102.469062144400	-5.8853512212193e+01
102.499041390200	-5.9910025026612e+01
102.529020636000	-6.0932985502470e+01
102.558999881800	-6.1921394577098e+01
102.588979127600	-6.2874281068832e+01
102.618958373400	-6.3790702585701e+01
102.648937619200	-6.4669746406844e+01
102.678916865000	-6.5510530335833e+01
102.708896110800	-6.6312203525104e+01
102.738875356600	-6.7073947270753e+01
102.768854602400	-6.7794975776933e+01
102.798833848200	-6.8474536889177e+01
102.828813094000	-6.9111912795953e+01
102.858792339800	-6.9706420697821e+01
102.888771585600	-7.0257413443573e+01
102.918750831400	-7.0764280132782e+01
102.948730077200	-7.1226446684218e+01
102.978709323000	-7.1643376369611e+01
103.008688568800	-7.2014570312290e+01
103.038667814600	-7.2339567950243e+01
103.068647060400	-7.2617947463210e+01
103.098626306200	-7.2849326163407e+01
103.128605552000	-7.3033360849570e+01
103.158584797800	-7.3169748123985e+01
103.188564043600	-7.3258224672269e+01
103.218543289400	-7.3298567505646e+01
103.248522535200	-7.3290594165531e+01
103.278501781000	-7.3234162890270e+01
103.308481026800	-7.3129172743898e+01
103.338460272600	-7.2975563706846e+01
103.368439518400	-7.2773316728536e+01
103.398418764200	-7.2522453741864e+01
103.428398010000	-7.2223037639574e+01
103.458377255800	-7.1875172212614e+01
103.488356501600	-7.1479002050539e+01
103.518335747400	-7.1034712404126e+01
103.548314993200	-7.0542529010340e+01
103.578294239000	-7.0002717879889e+01
103.608273484800	-6.9415585047579e+01
103.638252730600	-6.8781476285768e+01
103.668231976400	-6.8100776781223e+01
103.698211222200	-6.7373910775722e+01
103.728190468000	-6.6601341170797e+01
103.758169713800	-6.5783569097017e+01
103.788148959600	-6.4921133448272e+01
103.818128205400	-6.4014610381530e+01
103.848107451200	-6.3064612782597e+01
103.878086697000	-6.2071789698411e+01
103.908065942800	-6.1036825736454e+01
103.938045188600	-5.9960440431897e+01
103.968024434400	-5.8843387583111e+01
103.998003680200	-5.7686454556211e+01
104.027982926000	-5.6490461559344e+01
104.057962171800	-5.5256260887430e+01
104.087941417600	-5.3984736138123e+01
104.117920663400	-5.2676801399768e+01
104.147899909200	-5.1333400412160e+01
104.177879155000	-4.9955505700937e+01
104.207858400800	-4.8544117686468e+01
104.237837646600	-4.7100263768100e+01
104.267816892400	-4.5624997384692e+01
104.297796138200	-4.4119397052334e+01
104.327775384000	-4.2584565380208e+01
104.357754629800	-4.1021628065556e+01
104.387733875600	-3.9431732868734e+01
104.417713121400	-3.7816048569355e+01
104.447692367200	-3.6175763904536e+01
104.477671613000	-3.4512086490283e+01
104.507650858800	-3.2826241727075e+01
104.537630104600	-3.1119471690682e+01
104.567609350400	-2.9393034009320e+01
104.597588596200	-2.7648200728214e+01
104.627567842000	-2.5886257162672e+01
104.657547087800	-2.4108500740772e+01
104.687526333600	-2.2316239836783e+01
104.717505579400	-2.0510792596439e+01
104.747484825200	-1.8693485755198e+01
104.777464071000	-1.6865653450613e+01
104.807443316800	-1.5028636029966e+01
104.837422562600	-1.3183778854287e+01
104.867401808400	-1.1332431099928e+01
104.897381054200	-9.4759445588002e+00
104.927360300000	-7.6156724384554e+00
104.957339545800	-5.7529681631220e+00
104.987318791600	-3.8891841768535e+00
105.017298037400	-2.0256707499180e+00
105.047277283200	-1.6377478955856e-01
105.077256529000	1.6951613437478e+00
105.107235774800	3.5498010134180e+00
105.137215020600	5.3988144761661e+00
105.167194266400	7.2408800425826e+00
105.197173512200	9.0746852277992e+00
105.227152758000	1.0898927891161e+01
105.257132003800	1.2712317363836e+01
105.287111249600	1.4513575563320e+01
105.317090495400	1.6301438093776e+01
105.347069741200	1.8074655331211e+01
105.377048987000	1.9831993492463e+01
105.407028232800	2.1572235687018e+01
105.437007478600	2.3294182950680e+01
105.466986724400	2.4996655260145e+01
105.496965970200	2.6678492527548e+01
105.526945216000	2.8338555574059e+01
105.556924461800	2.9975727081660e+01
105.586903707600	3.1588912522210e+01
105.616882953400	3.3177041062978e+01
105.646862199200	3.4739066447800e+01
105.676841445000	3.6273967853092e+01
105.706820690800	3.7780750717928e+01
105.736799936600	3.9258447547445e+01
105.766779182400	4.0706118688873e+01
105.796758428200	4.2122853079483e+01
105.826737674000	4.3507768965804e+01
105.856716919800	4.4860014593484e+01
105.886696165600	4.6178768867177e+01
105.916675411400	4.7463241979904e+01
105.946654657200	4.8712676011339e+01
105.976633903000	4.9926345494504e+01
106.006613148800	5.1103557950417e+01
106.036592394600	5.2243654390224e+01
106.066571640400	5.3346009784417e+01
106.096550886200	5.4410033498758e+01
106.126530132000	5.5435169696545e+01
106.156509377800	5.6420897706937e+01
106.186488623600	5.7366732359026e+01
106.216467869400	5.8272224281433e+01
106.246447115200	5.9136960167202e+01
106.276426361000	5.9960563003822e+01
106.306405606800	6.0742692268235e+01
106.336384852600	6.1483044086707e+01
106.366364098400	6.2181351359512e+01
106.396343344200	6.2837383850359e+01
106.426322590000	6.3450948240585e+01
106.456301835800	6.4021888148124e+01
106.486281081600	6.4550084111323e+01
106.516260327400	6.5035453537698e+01
106.546239573200	6.5477950617773e+01
106.576218819000	6.5877566204150e+01
106.606198064800	6.6234327656023e+01
106.636177310600	6.6548298649369e+01
106.666156556400	6.6819578953067e+01
106.696135802200	6.7048304171269e+01
106.726115048000	6.7234645452329e+01
106.756094293800	6.7378809164669e+01
106.786073539600	6.7481036539976e+01
106.816052785400	6.7541603284150e+01
106.846032031200	6.7560819156469e+01
106.876011277000	6.7539027517456e+01
106.905990522800	6.7476604845958e+01
106.935969768600	6.7373960226000e+01
106.965949014400	6.7231534803977e+01
106.995928260200	6.7049801216795e+01
107.025907506000	6.6829262991585e+01
107.055886751800	6.6570453917662e+01
107.085865997600	6.6273937391393e+01
107.115845243400	6.5940305734707e+01
107.145824489200	6.5570179487966e+01
107.175803735000	6.5164206677954e+01
107.205782980800	6.4723062061782e+01
107.235762226600	6.4247446347491e+01
107.265741472400	6.3738085392200e+01
107.295720718200	6.3195729378623e+01
107.325699964000	6.2621151970842e+01
107.355679209800	6.2015149450207e+01
107.385658455600	6.1378539832266e+01
107.415637701400	6.0712161965654e+01
107.445616947200	6.0016874613870e+01
107.475596193000	5.9293555520886e+01
107.505575438800	5.8543100461576e+01
107.535554684600	5.7766422277914e+01
107.565533930400	5.6964449901956e+01
107.595513176200	5.6138127366594e+01
107.625492422000	5.5288412805104e+01
107.655471667800	5.4416277440497e+01
107.685450913600	5.3522704565713e+01
107.715430159400	5.2608688515697e+01
107.745409405200	5.1675233632387e+01
107.775388651000	5.0723353223675e+01
107.805367896800	4.9754068517386e+01
107.835347142600	4.8768407611332e+01
107.865326388400	4.7767404420502e+01
107.895305634200	4.6752097622437e+01
107.925284880000	4.5723529601856e+01
107.955264125800	4.4682745395586e+01
107.985243371600	4.3630791638853e+01
108.015222617400	4.2568715513979e+01
108.045201863200	4.1497563702539e+01
108.075181109000	4.0418381342015e+01
108.105160354800	3.9332210987980e+01
108.135139600600	3.8240091582850e+01
108.165118846400	3.7143057432207e+01
108.195098092200	3.6042137189713e+01
108.225077338000	3.4938352851617e+01
108.255056583800	3.3832718761830e+01
108.285035829600	3.2726240628559e+01
108.315015075400	3.1619914553445e+01
108.344994321200	3.0514726074172e+01
108.374973567000	2.9411649221462e+01
108.404952812800	2.8311645591379e+01
108.434932058600	2.7215663433851e+01
108.464911304400	2.6124636758273e+01
108.494890550200	2.5039484457067e+01
108.524869796000	2.3961109448041e+01
108.554849041800	2.2890397836365e+01
108.584828287600	2.1828218096967e+01
108.614807533400	2.0775420278134e+01
108.644786779200	1.9732835227071e+01
108.674766025000	1.8701273838144e+01
108.704745270800	1.7681526324536e+01
108.734724516600	1.6674361513980e+01
108.764703762400	1.5680526169240e+01
108.794683008200	1.4700744333975e+01
108.824662254000	1.3735716704576e+01
108.854641499800	1.2786120028582e+01
108.884620745600	1.1852606530202e+01
108.914599991400	1.0935803363480e+01
108.944579237200	1.0036312093588e+01
108.974558483000	9.1547082067258e+00
109.004537728800	8.2915406490503e+00
109.034516974600	7.4473313950414e+00
109.064496220400	6.6225750456879e+00
109.094475466200	5.8177384568283e+00
109.124454712000	5.0332603979643e+00
109.154433957800	4.2695512418283e+00
109.184413203600	3.5269926849535e+00
109.214392449400	2.8059374994670e+00
109.244371695200	2.1067093162901e+00
109.274350941000	1.4296024399024e+00
109.304330186800	7.7488169478948e-01
109.334309432600	1.4278230366540e-01
109.364288678400	-4.6649020247355e-01
109.394267924200	-1.0527600424387e+00
109.424247170000	-1.6158812110902e+00
109.454226415800	-2.1557374737687e+00
109.484205661600	-2.6722423289910e+00
109.514184907400	-3.1653389395121e+00
109.544164153200	-3.6350000318917e+00
109.574143399000	-4.0812277647323e+00
109.604122644800	-4.5040535657884e+00
109.634101890600	-4.9035379381784e+00
109.664081136400	-5.2797702359620e+00
109.694060382200	-5.6328684093742e+00
109.724039628000	-5.9629787200421e+00
109.754018873800	-6.2702754265353e+00
109.783998119600	-6.5549604406357e+00
109.813977365400	-6.8172629547385e+00
109.843956611200	-7.0574390408250e+00
109.873935857000	-7.2757712214788e+00
109.903915102800	-7.4725680134425e+00
109.933894348600	-7.6481634442398e+00
109.963873594400	-7.8029165424155e+00
109.993852840200	-7.9372108019715e+00
110.023832086000	-8.0514536216023e+00
110.053811331800	-8.1460757193596e+00
110.083790577600	-8.2215305233978e+00
110.113769823400	-8.2782935394782e+00
110.143749069200	-8.3168616959312e+00
110.173728315000	-8.3377526667978e+00
110.203707560800	-8.3415041738948e+00
110.233686806600	-8.3286732685661e+00
110.263666052400	-8.2998355939047e+00
110.293645298200	-8.2555846282487e+00
110.323624544000	-8.1965309107711e+00
110.353603789800	-8.1233012500028e+00
110.383583035600	-8.0365379161438e+00
110.413562281400	-7.9368978180318e+00
110.443541527200	-7.8250516656562e+00
110.473520773000	-7.7016831191132e+00
110.503500018800	-7.5674879249181e+00
110.533479264600	-7.4231730405949e+00
110.563458510400	-7.2694557484813e+00
110.593437756200	-7.1070627596929e+00
110.623417002000	-6.9367293092019e+00
110.653396247800	-6.7591982429909e+00
110.683375493600	-6.5752190982542e+00
110.713354739400	-6.3855471776204e+00
110.743333985200	-6.1909426183776e+00
110.773313231000	-5.9921694576879e+00
110.803292476800	-5.7899946947776e+00
110.833271722600	-5.5851873510955e+00
110.863250968400	-5.3785175294299e+00
110.893230214200	-5.1707554729774e+00
110.923209460000	-4.9626706253537e+00
110.953188705800	-4.7550306925369e+00
110.983167951600	-4.5486007077292e+00
111.013147197400	-4.3441421001193e+00
111.043126443200	-4.1424117685259e+00
111.073105689000	-3.9441611608909e+00
111.103084934800	-3.7501353605913e+00
111.133064180600	-3.5610721805253e+00
111.163043426400	-3.3777012659225e+00
111.193022672200	-3.2007432068178e+00
111.223001918000	-3.0309086611173e+00
111.252981163800	-2.8688974891739e+00
111.282960409600	-2.7153979007774e+00
111.312939655400	-2.5710856154508e+00
111.342918901200	-2.4366230369297e+00
111.372898147000	-2.3126584426876e+00
111.402877392800	-2.1998251893525e+00
111.432856638600	-2.0987409348453e+00
111.462835884400	-2.0100068780508e+00
111.492815130200	-1.9342070168151e+00
111.522794376000	-1.8719074250435e+00
111.552773621800	-1.8236555496524e+00
111.582752867600	-1.7899795281093e+00
111.612732113400	-1.7713875272721e+00
111.642711359200	-1.7683671042178e+00
111.672690605000	-1.7813845897265e+00
111.702669850800	-1.8108844950647e+00
111.732649096600	-1.8572889426863e+00
111.762628342400	-1.9209971214463e+00
111.792607588200	-2.0023847668947e+00
111.822586834000	-2.1018036671946e+00
111.852566079800	-2.2195811951807e+00
111.882545325600	-2.3560198670470e+00
111.912524571400	-2.5113969281266e+00
111.942503817200	-2.6859639661964e+00
111.972483063000	-2.8799465527136e+00
112.002462308800	-3.0935439123607e+00
112.032441554600	-3.3269286212459e+00
112.062420800400	-3.5802463340783e+00
112.092400046200	-3.8536155406064e+00
112.122379292000	-4.1471273515786e+00
112.152358537800	-4.4608453144530e+00
112.182337783600	-4.7948052590560e+00
112.212317029400	-5.1490151733559e+00
112.242296275200	-5.5234551094879e+00
112.272275521000	-5.9180771201361e+00
112.302254766800	-6.3328052253465e+00
112.332234012600	-6.7675354098152e+00
112.362213258400	-7.2221356506622e+00
112.392192504200	-7.6964459756734e+00
112.422171750000	-8.1902785519591e+00
112.452150995800	-8.7034178049494e+00
112.482130241600	-9.2356205676129e+00
112.512109487400	-9.7866162597556e+00
112.542088733200	-1.0356107097228e+01
112.572067979000	-1.0943768330833e+01
112.602047224800	-1.1549248514706e+01
112.632026470600	-1.2172169803891e+01
112.662005716400	-1.2812128280836e+01
112.691984962200	-1.3468694310465e+01
112.721964208000	-1.4141412923487e+01
112.751943453800	-1.4829804227557e+01
112.781922699600	-1.5533363845873e+01
112.811901945400	-1.6251563382781e+01
112.841881191200	-1.6983850915915e+01
112.871860437000	-1.7729651514380e+01
112.901839682800	-1.8488367782466e+01
112.931818928600	-1.9259380428337e+01
112.961798174400	-2.0042048857133e+01
112.991777420200	-2.0835711787891e+01
113.021756666000	-2.1639687893649e+01
113.051735911800	-2.2453276464121e+01
113.081715157600	-2.3275758090238e+01
113.111694403400	-2.4106395369901e+01
113.141673649200	-2.4944433634216e+01
113.171652895000	-2.5789101693484e+01
113.201632140800	-2.6639612602200e+01
113.231611386600	-2.7495164442283e+01
113.261590632400	-2.8354941123753e+01
113.291569878200	-2.9218113202049e+01
113.321549124000	-3.0083838711159e+01
113.351528369800	-3.0951264011721e+01
113.381507615600	-3.1819524653253e+01
113.411486861400	-3.2687746249619e+01
113.441466107200	-3.3555045366872e+01
113.471445353000	-3.4420530422561e+01
113.501424598800	-3.5283302595594e+01
113.531403844600	-3.6142456745754e+01
113.561383090400	-3.6997082341917e+01
113.591362336200	-3.7846264398053e+01
113.621341582000	-3.8689084416050e+01
113.651320827800	-3.9524621334415e+01
113.681300073600	-4.0351952481898e+01
113.711279319400	-4.1170154535049e+01
113.741258565200	-4.1978304478781e+01
113.771237811000	-4.2775480568921e+01
113.801217056800	-4.3560763295809e+01
113.831196302600	-4.4333236347951e+01
113.861175548400	-4.5091987574758e+01
113.891154794200	-4.5836109947384e+01
113.921134040000	-4.6564702516703e+01
113.951113285800	-4.7276871367445e+01
113.981092531600	-4.7971730567523e+01
114.011071777400	-4.8648403111589e+01
114.041051023200	-4.9306021857857e+01
114.071030269000	-4.9943730457251e+01
114.101009514800	-5.0560684273915e+01
114.130988760600	-5.1156051296173e+01
114.160968006400	-5.1729013036989e+01
114.190947252200	-5.2278765423022e+01
114.220926498000	-5.2804519671370e+01
114.250905743800	-5.3305503153105e+01
114.280884989600	-5.3780960242717e+01
114.310864235400	-5.4230153152610e+01
114.340843481200	-5.4652362751777e+01
114.370822727000	-5.5046889367839e+01
114.400801972800	-5.5413053571612e+01
114.430781218600	-5.5750196943402e+01
114.460760464400	-5.6057682820245e+01
114.490739710200	-5.6334897023318e+01
114.520718956000	-5.6581248564776e+01
114.550698201800	-5.6796170333295e+01
114.580677447600	-5.6979119757594e+01
114.610656693400	-5.7129579447274e+01
114.640635939200	-5.7247057810294e+01
114.670615185000	-5.7331089646449e+01
114.700594430800	-5.7381236716236e+01
114.730573676600	-5.7397088284512e+01
114.760552922400	-5.7378261638377e+01
114.790532168200	-5.7324402578742e+01
114.820511414000	-5.7235185885056e+01
114.850490659800	-5.7110315752723e+01
114.880469905600	-5.6949526202714e+01
114.910449151400	-5.6752581462974e+01
114.940428397200	-5.6519276321181e+01
114.970407643000	-5.6249436448506e+01
115.000386888800	-5.5942918694004e+01
115.030366134600	-5.5599611349319e+01
115.060345380400	-5.5219434383413e+01
115.090324626200	-5.4802339647049e+01
115.120303872000	-5.4348311046800e+01
115.150283117800	-5.3857364688371e+01
115.180262363600	-5.3329548989073e+01
115.210241609400	-5.2764944759291e+01
115.240220855200	-5.2163665252847e+01
115.270200101000	-5.1525856186159e+01
115.300179346800	-5.0851695726162e+01
115.330158592600	-5.0141394446960e+01
115.360137838400	-4.9395195255215e+01
115.390117084200	-4.8613373284323e+01
115.420096330000	-4.7796235757445e+01
115.450075575800	-4.6944121819491e+01
115.480054821600	-4.6057402338193e+01
115.510034067400	-4.5136479674429e+01
115.540013313200	-4.4181787421990e+01
115.569992559000	-4.3193790117021e+01
115.599971804800	-4.2172982917369e+01
115.629951050600	-4.1119891252148e+01
115.659930296400	-4.0035070441810e+01
115.689909542200	-3.8919105289076e+01
115.719888788000	-3.7772609641089e+01
115.749868033800	-3.6596225923195e+01
115.779847279600	-3.5390624644767e+01
115.809826525400	-3.4156503877540e+01
115.839805771200	-3.2894588706922e+01
115.869785017000	-3.1605630656795e+01
115.899764262800	-3.0290407088347e+01
115.929743508600	-2.8949720573476e+01
115.959722754400	-2.7584398243366e+01
115.989702000200	-2.6195291112833e+01
116.019681246000	-2.4783273381081e+01
116.049660491800	-2.3349241709510e+01
116.079639737600	-2.1894114477274e+01
116.109618983400	-2.0418831015265e+01
116.139598229200	-1.8924350819266e+01
116.169577475000	-1.7411652742996e+01
116.199556720800	-1.5881734171822e+01
116.229535966600	-1.4335610177906e+01
116.259515212400	-1.2774312657602e+01
116.289494458200	-1.1198889451894e+01
116.319473704000	-9.6104034507361e+00
116.349452949800	-8.0099316821207e+00
116.379432195600	-6.3985643867481e+00
116.409411441400	-4.7774040791756e+00
116.439390687200	-3.1475645963333e+00
116.469369933000	-1.5101701343124e+00
116.499349178800	1.3364572566007e-01
116.529328424600	1.7827410011337e+00
116.559307670400	3.4359663012999e+00
116.589286916200	5.0921658278653e+00
116.619266162000	6.7501783829803e+00
116.649245407800	8.4088383832653e+00
116.679224653600	1.0066976878969e+01
116.709203899400	1.1723422577286e+01
116.739183145200	1.3377002868867e+01
116.769162391000	1.5026544856529e+01
116.799141636800	1.6670876385208e+01
116.829120882600	1.8308827072148e+01
116.859100128400	1.9939229336366e+01
116.889079374200	2.1560919426399e+01
116.919058620000	2.3172738445362e+01
116.949037865800	2.4773533372331e+01
116.979017111600	2.6362158079090e+01
117.008996357400	2.7937474341262e+01
117.038975603200	2.9498352842869e+01
117.068954849000	3.1043674173361e+01
117.098934094800	3.2572329816158e+01
117.128913340600	3.4083223127778e+01
117.158892586400	3.5575270306607e+01
117.188871832200	3.7047401350387e+01
117.218851078000	3.8498561001525e+01
117.248830323800	3.9927709679307e+01
117.278809569600	4.1333824398138e+01
117.308788815400	4.2715899670936e+01
117.338768061200	4.4072948396820e+01
117.368747307000	4.5404002732237e+01
117.398726552800	4.6708114944728e+01
117.428705798600	4.7984358248485e+01
117.458685044400	4.9231827620942e+01
117.488664290200	5.0449640599592e+01
117.518643536000	5.1636938058311e+01
117.548622781800	5.2792884962410e+01
117.578602027600	5.3916671101742e+01
117.608581273400	5.5007511801140e+01
117.638560519200	5.6064648607527e+01
117.668539765000	5.7087349953050e+01
117.698519010800	5.8074911793603e+01
117.728498256600	5.9026658222150e+01
117.758477502400	5.9941942056251e+01
117.788456748200	6.0820145399259e+01
117.818435994000	6.1660680174649e+01
117.848415239800	6.2462988632978e+01
117.878394485600	6.3226543830998e+01
117.908373731400	6.3950850082493e+01
117.938352977200	6.4635443380386e+01
117.968332223000	6.5279891789760e+01
117.998311468800	6.5883795811397e+01
118.028290714600	6.6446788715521e+01
118.058269960400	6.6968536845424e+01
118.088249206200	6.7448739890702e+01
118.118228452000	6.7887131129856e+01
118.148207697800	6.8283477642024e+01
118.178186943600	6.8637580487679e+01
118.208166189400	6.8949274858100e+01
118.238145435200	6.9218430193524e+01
118.268124681000	6.9444950269845e+01
118.298103926800	6.9628773253815e+01
118.328083172600	6.9769871726698e+01
118.358062418400	6.9868252676369e+01
118.388041664200	6.9923957457880e+01
118.418020910000	6.9937061722550e+01
118.448000155800	6.9907675315654e+01
118.477979401600	6.9835942142831e+01
118.507958647400	6.9722040005345e+01
118.537937893200	6.9566180404388e+01
118.567917139000	6.9368608314601e+01
118.597896384800	6.9129601927075e+01
118.627875630600	6.8849472362068e+01
118.657854876400	6.8528563351746e+01
118.687834122200	6.8167250893254e+01
118.717813368000	6.7765942872473e+01
118.747792613800	6.7325078658831e+01
118.777771859600	6.6845128671584e+01
118.807751105400	6.6326593917976e+01
118.837730351200	6.5770005503754e+01
118.867709597000	6.5175924116517e+01
118.897688842800	6.4544939482393e+01
118.927668088600	6.3877669796608e+01
118.957647334400	6.3174761128477e+01
118.987626580200	6.2436886801413e+01
119.017605826000	6.1664746748570e+01
119.047585071800	6.0859066844732e+01
119.077564317600	6.0020598215119e+01
119.107543563400	5.9150116521765e+01
119.137522809200	5.8248421228186e+01
119.167502055000	5.7316334843035e+01
119.197481300800	5.6354702143495e+01
119.227460546600	5.5364389379148e+01
119.257439792400	5.4346283457116e+01
119.287419038200	5.3301291109239e+01
119.317398284000	5.2230338042120e+01
119.347377529800	5.1134368070845e+01
119.377356775600	5.0014342237229e+01
119.407336021400	4.8871237913422e+01
119.437315267200	4.7706047891770e+01
119.467294513000	4.6519779461779e+01
119.497273758800	4.5313453475094e+01
119.527253004600	4.4088103399387e+01
119.557232250400	4.2844774362063e+01
119.587211496200	4.1584522184713e+01
119.617190742000	4.0308412409232e+01
119.647169987800	3.9017519316544e+01
119.677149233600	3.7712924938880e+01
119.707128479400	3.6395718066546e+01
119.737107725200	3.5066993250148e+01
119.767086971000	3.3727849799215e+01
119.797066216800	3.2379390778187e+01
119.827045462600	3.1022722000731e+01
119.857024708400	2.9658951023336e+01
119.887003954200	2.8289186139159e+01
119.916983200000	2.6914535373071e+01
119.946962445800	2.5536105478876e+01
119.976941691600	2.4155000939636e+01
120.006920937400	2.2772322972076e+01
120.036900183200	2.1389168535998e+01
120.066879429000	2.0006629349659e+01
120.096858674800	1.8625790912024e+01
120.126837920600	1.7247731532854e+01
120.156817166400	1.5873521371515e+01
120.186796412200	1.4504221485431e+01
120.216775658000	1.3140882889087e+01
120.246754903800	1.1784545624444e+01
120.276734149600	1.0436237843677e+01
120.306713395400	9.0969749050581e+00
120.336692641200	7.7677584828752e+00
120.366671887000	6.4495756921832e+00
120.396651132800	5.1433982292330e+00
120.426630378600	3.8501815283705e+00
120.456609624400	2.5708639361929e+00
120.486588870200	1.3063659037341e+00
120.516568116000	5.7589197426635e-02
120.546547361800	-1.1745838704254e+00
120.576526607600	-2.3892911909521e+00
120.606505853400	-3.5856915871101e+00
120.636485099200	-4.7629655204903e+00
120.666464345000	-5.9203157758935e+00
120.696443590800	-7.0569681230455e+00
120.726422836600	-8.1721719548487e+00
120.756402082400	-9.2652009015903e+00
120.786381328200	-1.0335353420550e+01
120.816360574000	-1.1381953360476e+01
120.846339819800	-1.2404350500420e+01
120.876319065600	-1.3401921062455e+01
120.906298311400	-1.4374068197815e+01
120.936277557200	-1.5320222446033e+01
120.966256803000	-1.6239842166665e+01
120.996236048800	-1.7132413943240e+01
121.026215294600	-1.7997452959075e+01
121.056194540400	-1.8834503344641e+01
121.086173786200	-1.9643138496188e+01
121.116153032000	-2.0422961365363e+01
121.146132277800	-2.1173604719590e+01
121.176111523600	-2.1894731373002e+01
121.206090769400	-2.2586034387748e+01
121.236070015200	-2.3247237245531e+01
121.266049261000	-2.3878093989257e+01
121.296028506800	-2.4478389334693e+01
121.326007752600	-2.5047938752099e+01
121.355986998400	-2.5586588517779e+01
121.385966244200	-2.6094215735562e+01
121.415945490000	-2.6570728328236e+01
121.445924735800	-2.7016064998999e+01
121.475903981600	-2.7430195163007e+01
121.505883227400	-2.7813118849130e+01
121.535862473200	-2.8164866572079e+01
121.565841719000	-2.8485499175058e+01
121.595820964800	-2.8775107643151e+01
121.625800210600	-2.9033812887678e+01
121.655779456400	-2.9261765501773e+01
121.685758702200	-2.9459145487473e+01
121.715737948000	-2.9626161954630e+01
121.745717193800	-2.9763052791992e+01
121.775696439600	-2.9870084310821e+01
121.805675685400	-2.9947550861430e+01
121.835654931200	-2.9995774423082e+01
121.865634177000	-3.0015104167678e+01
121.895613422800	-3.0005915997717e+01
121.925592668600	-2.9968612059017e+01
121.955571914400	-2.9903620228725e+01
121.985551160200	-2.9811393579154e+01
122.015530406000	-2.9692409818017e+01
122.045509651800	-2.9547170705648e+01
122.075488897600	-2.9376201449818e+01
122.105468143400	-2.9180050078791e+01
122.135447389200	-2.8959286793252e+01
122.165426635000	-2.8714503297806e+01
122.195405880800	-2.8446312112720e+01
122.225385126600	-2.8155345866629e+01
122.255364372400	-2.7842256570945e+01
122.285343618200	-2.7507714876687e+01
122.315322864000	-2.7152409314533e+01
122.345302109800	-2.6777045518837e+01
122.375281355600	-2.6382345436434e+01
122.405260601400	-2.5969046521015e+01
122.435239847200	-2.5537900913919e+01
122.465219093000	-2.5089674612150e+01
122.495198338800	-2.4625146624480e+01
122.525177584600	-2.4145108116497e+01
122.555156830400	-2.3650361545443e+01
122.585136076200	-2.3141719785739e+01
122.615115322000	-2.2620005246071e+01
122.645094567800	-2.2086048978926e+01
122.675073813600	-2.1540689783471e+01
122.705053059400	-2.0984773302692e+01
122.735032305200	-2.0419151115683e+01
122.765011551000	-1.9844679826005e+01
122.794990796800	-1.9262220147026e+01
122.824970042600	-1.8672635985160e+01
122.854949288400	-1.8076793521912e+01
122.884928534200	-1.7475560295664e+01
122.914907780000	-1.6869804284096e+01
122.944887025800	-1.6260392988172e+01
122.974866271600	-1.5648192518596e+01
123.004845517400	-1.5034066685649e+01
123.034824763200	-1.4418876093303e+01
123.064804009000	-1.3803477238527e+01
123.094783254800	-1.3188721616655e+01
123.124762500600	-1.2575454833724e+01
123.154741746400	-1.1964515726640e+01
123.184720992200	-1.1356735492053e+01
123.214700238000	-1.0752936824803e+01
123.244679483800	-1.0153933066763e+01
123.274658729600	-9.5605273669528e+00
123.304637975400	-8.9735118537113e+00
123.334617221200	-8.3936668197702e+00
123.364596467000	-7.8217599210086e+00
123.394575712800	-7.2585453896819e+00
123.424554958600	-6.7047632628916e+00
123.454534204400	-6.1611386270500e+00
123.484513450200	-5.6283808790761e+00
123.514492696000	-5.1071830050410e+00
123.544471941800	-4.5982208769668e+00
123.574451187600	-4.1021525684572e+00
123.604430433400	-3.6196176898267e+00
123.634409679200	-3.1512367433688e+00
123.664388925000	-2.6976104993861e+00
123.694368170800	-2.2593193935836e+00
123.724347416600	-1.8369229464040e+00
123.754326662400	-1.4309592048613e+00
123.784305908200	-1.0419442074070e+00
123.814285154000	-6.7037147233889e-01
123.844264399800	-3.1671151023927e-01
123.874243645600	1.8588639096510e-02
123.904222891400	3.3510584480281e-01
123.934202137200	6.3244129774659e-01
123.964181383000	9.1022089760386e-01
123.994160628800	1.1680956138496e+00
124.024139874600	1.4057418203266e+00
124.054119120400	1.6228616030871e+00
124.084098366200	1.8191830412249e+00
124.114077612000	1.9944604604464e+00
124.144056857800	2.1484746591535e+00
124.174036103600	2.2810331068409e+00
124.204015349400	2.3919701146367e+00
124.233994595200	2.4811469778430e+00
124.263973841000	2.5484520903642e+00
124.293953086800	2.5938010309334e+00
124.323932332600	2.6171366210807e+00
124.353911578400	2.6184289548131e+00
124.383890824200	2.5976754000032e+00
124.413870070000	2.5549005715135e+00
124.443849315800	2.4901562761109e+00
124.473828561600	2.4035214292539e+00
124.503807807400	2.2951019438625e+00
124.533787053200	2.1650305912098e+00
124.563766299000	2.0134668341011e+00
124.593745544800	1.8405966325334e+00
124.623724790600	1.6466322220569e+00
124.653704036400	1.4318118650859e+00
124.683683282200	1.1963995754336e+00
124.713662528000	9.4068481637222e-01
124.743641773800	6.6498217254475e-01
124.773621019600	3.6963099608256e-01
124.803600265400	5.4995027306289e-02
124.833579511200	-2.7853800958610e-01
124.863558757000	-6.3055683541593e-01
124.893538002800	-1.0006270690531e+00
124.923517248600	-1.3882917041016e+00
124.953496494400	-1.7930716087428e+00
124.983475740200	-2.2144660482140e+00
125.013454986000	-2.6519532293776e+00
125.043434231800	-3.1049908668171e+00
125.073413477600	-3.5730167698712e+00
125.103392723400	-4.0554494499997e+00
125.133371969200	-4.5516887478540e+00
125.163351215000	-5.0611164794066e+00
125.193330460800	-5.5830971004741e+00
125.223309706600	-6.1169783889510e+00
125.253288952400	-6.6620921440558e+00
125.283268198200	-7.2177549018717e+00
125.313247444000	-7.7832686664511e+00
125.343226689800	-8.3579216557364e+00
125.373205935600	-8.9409890615356e+00
125.403185181400	-9.5317338227794e+00
125.433164427200	-1.0129407411271e+01
125.463143673000	-1.0733250629128e+01
125.493122918800	-1.1342494417113e+01
125.523102164600	-1.1956360673021e+01
125.553081410400	-1.2574063079304e+01
125.583060656200	-1.3194807939086e+01
125.613039902000	-1.3817795019727e+01
125.643019147800	-1.4442218403085e+01
125.672998393600	-1.5067267341600e+01
125.702977639400	-1.5692127119363e+01
125.732956885200	-1.6315979917269e+01
125.762936131000	-1.6938005681411e+01
125.792915376800	-1.7557382993812e+01
125.822894622600	-1.8173289944646e+01
125.852873868400	-1.8784905005036e+01
125.882853114200	-1.9391407899590e+01
125.912832360000	-1.9991980477760e+01
125.942811605800	-2.0585807583176e+01
125.972790851600	-2.1172077920066e+01
126.002770097400	-2.1749984915898e+01
126.032749343200	-2.2318727579381e+01
126.062728589000	-2.2877511352956e+01
126.092707834800	-2.3425548958935e+01
126.122687080600	-2.3962061238426e+01
126.152666326400	-2.4486277982220e+01
126.182645572200	-2.4997438752792e+01
126.212624818000	-2.5494793696611e+01
126.242604063800	-2.5977604345933e+01
126.272583309600	-2.6445144409282e+01
126.302562555400	-2.6896700549831e+01
126.332541801200	-2.7331573150906e+01
126.362521047000	-2.7749077067845e+01
126.392500292800	-2.8148542365468e+01
126.422479538600	-2.8529315040418e+01
126.452458784400	-2.8890757727659e+01
126.482438030200	-2.9232250390425e+01
126.512417276000	-2.9553190992936e+01
126.542396521800	-2.9852996155201e+01
126.572375767600	-3.0131101789280e+01
126.602355013400	-3.0386963716350e+01
126.632334259200	-3.0620058263973e+01
126.662313505000	-3.0829882842976e+01
126.692292750800	-3.1015956503366e+01
126.722271996600	-3.1177820468731e+01
126.752251242400	-3.1315038648595e+01
126.782230488200	-3.1427198128229e+01
126.812209734000	-3.1513909635422e+01
126.842188979800	-3.1574807983758e+01
126.872168225600	-3.1609552491959e+01
126.902147471400	-3.1617827378887e+01
126.932126717200	-3.1599342133797e+01
126.962105963000	-3.1553831861505e+01
126.992085208800	-3.1481057602105e+01
127.022064454600	-3.1380806624935e+01
127.052043700400	-3.1252892696504e+01
127.082022946200	-3.1097156322107e+01
127.112002192000	-3.0913464960908e+01
127.141981437800	-3.0701713214269e+01
127.171960683600	-3.0461822987143e+01
127.201939929400	-3.0193743622381e+01
127.231919175200	-2.9897452007820e+01
127.261898421000	-2.9572952656049e+01
127.291877666800	-2.9220277756778e+01
127.321856912600	-2.8839487201766e+01
127.351836158400	-2.8430668582280e+01
127.381815404200	-2.7993937159099e+01
127.411794650000	-2.7529435805094e+01
127.441773895800	-2.7037334920437e+01
127.471753141600	-2.6517832320546e+01
127.501732387400	-2.5971153096858e+01
127.531711633200	-2.5397549450589e+01
127.561690879000	-2.4797300499640e+01
127.591670124800	-2.4170712058847e+01
127.621649370600	-2.3518116393798e+01
127.651628616400	-2.2839871948460e+01
127.681607862200	-2.2136363046890e+01
127.711587108000	-2.1407999569334e+01
127.741566353800	-2.0655216603027e+01
127.771545599600	-1.9878474068053e+01
127.801524845400	-1.9078256318630e+01
127.831504091200	-1.8255071720226e+01
127.861483337000	-1.7409452202914e+01
127.891462582800	-1.6541952791420e+01
127.921441828600	-1.5653151112335e+01
127.951421074400	-1.4743646878959e+01
127.981400320200	-1.3814061354316e+01
128.011379566000	-1.2865036792853e+01
128.041358811800	-1.1897235861376e+01
128.071338057600	-1.0911341039813e+01
128.101317303400	-9.9080540023783e+00
128.131296549200	-8.8880949797587e+00
128.161275795000	-7.8522021029526e+00
128.191255040800	-6.8011307294075e+00
128.221234286600	-5.7356527521220e+00
128.251213532400	-4.6565558923946e+00
128.281192778200	-3.5646429769164e+00
128.311172024000	-2.4607311999205e+00
128.341151269800	-1.3456513711148e+00
128.371130515600	-2.2024715013893e-01
128.401109761400	9.1462573170025e-01
128.431089007200	2.0581002616509e+00
128.461068253000	3.2092989469171e+00
128.491047498800	4.3673346264521e+00
128.521026744600	5.5313112923455e+00
128.551005990400	6.7003249199993e+00
128.580985236200	7.8734643062758e+00
128.610964482000	9.0498119147980e+00
128.640943727800	1.0228444727571e+01
128.670922973600	1.1408435102094e+01
128.700902219400	1.2588851633116e+01
128.730881465200	1.3768760018201e+01
128.760860711000	1.4947223926251e+01
128.790839956800	1.6123305868133e+01
128.820819202600	1.7296068068571e+01
128.850798448400	1.8464573338440e+01
128.880777694200	1.9627885946618e+01
128.910756940000	2.0785072490536e+01
128.940736185800	2.1935202764596e+01
128.970715431600	2.3077350625583e+01
129.000694677400	2.4210594854256e+01
129.030673923200	2.5334020012265e+01
129.060653169000	2.6446717293555e+01
129.090632414800	2.7547785369449e+01
129.120611660600	2.8636331226569e+01
129.150590906400	2.9711470996793e+01
129.180570152200	3.0772330778446e+01
129.210549398000	3.1818047447912e+01
129.240528643800	3.2847769460909e+01
129.270507889600	3.3860657642619e+01
129.300487135400	3.4855885965939e+01
129.330466381200	3.5832642317084e+01
129.360445627000	3.6790129247809e+01
129.390424872800	3.7727564713517e+01
129.420404118600	3.8644182796564e+01
129.450383364400	3.9539234414036e+01
129.480362610200	4.0411988009339e+01
129.510341856000	4.1261730226935e+01
129.540321101800	4.2087766569564e+01
129.570300347600	4.2889422037348e+01
129.600279593400	4.3666041748139e+01
129.630258839200	4.4416991538538e+01
129.660238085000	4.5141658545005e+01
129.690217330800	4.5839451764507e+01
129.720196576600	4.6509802594178e+01
129.750175822400	4.7152165349470e+01
129.780155068200	4.7766017760316e+01
129.810134314000	4.8350861444827e+01
129.840113559800	4.8906222360091e+01
129.870092805600	4.9431651229631e+01
129.900072051400	4.9926723947149e+01
129.930051297200	5.0391041956159e+01
129.960030543000	5.0824232605165e+01
129.990009788800	5.1225949478058e+01
130.019989034600	5.1595872699429e+01
130.049968280400	5.1933709214518e+01
130.079947526200	5.2239193043543e+01
130.109926772000	5.2512085510193e+01
130.139906017800	5.2752175444066e+01
130.169885263600	5.2959279356895e+01
130.199864509400	5.3133241592394e+01
130.229843755200	5.3273934449609e+01
130.259823001000	5.3381258279679e+01
130.289802246800	5.3455141555924e+01
130.319781492600	5.3495540917221e+01
130.349760738400	5.3502441184655e+01
130.379739984200	5.3475855351432e+01
130.409719230000	5.3415824546113e+01
130.439698475800	5.3322417969204e+01
130.469677721600	5.3195732803200e+01
130.499656967400	5.3035894096199e+01
130.529636213200	5.2843054619209e+01
130.559615459000	5.2617394697316e+01
130.589594704800	5.2359122014913e+01
130.619573950600	5.2068471395184e+01
130.649553196400	5.1745704554100e+01
130.679532442200	5.1391109829174e+01
130.709511688000	5.1005001883276e+01
130.739490933800	5.0587721383820e+01
130.769470179600	5.0139634657645e+01
130.799449425400	4.9661133321969e+01
130.829428671200	4.9152633891787e+01
130.859407917000	4.8614577364118e+01
130.889387162800	4.8047428779540e+01
130.919366408600	4.7451676761452e+01
130.949345654400	4.6827833033540e+01
130.979324900200	4.6176431915936e+01
131.009304146000	4.5498029800589e+01
131.039283391800	4.4793204606379e+01
131.069262637600	4.4062555214516e+01
131.099241883400	4.3306700884815e+01
131.129221129200	4.2526280653421e+01
131.159200375000	4.1721952712593e+01
131.189179620800	4.0894393773177e+01
131.219158866600	4.0044298410408e+01
131.249138112400	3.9172378393695e+01
131.279117358200	3.8279362001050e+01
131.309096604000	3.7365993318876e+01
131.339075849800	3.6433031527781e+01
131.369055095600	3.5481250175147e+01
131.399034341400	3.4511436435185e+01
131.429013587200	3.3524390357197e+01
131.458992833000	3.2520924102800e+01
131.488972078800	3.1501861172874e+01
131.518951324600	3.0468035624995e+01
131.548930570400	2.9420291282127e+01
131.578909816200	2.8359480933363e+01
131.608889062000	2.7286465527498e+01
131.638868307800	2.6202113360237e+01
131.668847553600	2.5107299255834e+01
131.698826799400	2.4002903743972e+01
131.728806045200	2.2889812232696e+01
131.758785291000	2.1768914178203e+01
131.788764536800	2.0641102252322e+01
131.818743782600	1.9507271508478e+01
131.848723028400	1.8368318546981e+01
131.878702274200	1.7225140680440e+01
131.908681520000	1.6078635100124e+01
131.938660765800	1.4929698044089e+01
131.968640011600	1.3779223967876e+01
131.998619257400	1.2628104718589e+01
132.028598503200	1.1477228713165e+01
132.058577749000	1.0327480121623e+01
132.088556994800	9.1797380560946e+00
132.118536240600	8.0348757664174e+00
132.148515486400	6.8937598430758e+00
132.178494732200	5.7572494282535e+00
132.208473978000	4.6261954357651e+00
132.238453223800	3.5014397806165e+00
132.268432469600	2.3838146189380e+00
132.298411715400	1.2741415990195e+00
132.328390961200	1.7323112416777e-01
132.358370207000	-9.1811837190764e-01
132.388349452800	-1.9991211364871e+00
132.418328698600	-3.0690047953320e+00
132.448307944400	-4.1270110356100e+00
132.478287190200	-5.1723962736045e+00
132.508266436000	-6.2044323065744e+00
132.538245681800	-7.2224069481475e+00
132.568224927600	-8.2256246466462e+00
132.598204173400	-9.2134070857638e+00
132.628183419200	-1.0185093767026e+01
132.658162665000	-1.1140042573496e+01
132.688141910800	-1.2077630314183e+01
132.718121156600	-1.2997253248675e+01
132.748100402400	-1.3898327591474e+01
132.778079648200	-1.4780289995600e+01
132.808058894000	-1.5642598014997e+01
132.838038139800	-1.6484730545332e+01
132.868017385600	-1.7306188242776e+01
132.897996631400	-1.8106493920399e+01
132.927975877200	-1.8885192921812e+01
132.957955123000	-1.9641853471732e+01
132.987934368800	-2.0376067003153e+01
133.017913614600	-2.1087448460851e+01
133.047892860400	-2.1775636580939e+01
133.077872106200	-2.2440294146255e+01
133.107851352000	-2.3081108217362e+01
133.137830597800	-2.3697790338965e+01
133.167809843600	-2.4290076721594e+01
133.197789089400	-2.4857728398402e+01
133.227768335200	-2.5400531356966e+01
133.257747581000	-2.5918296646014e+01
133.287726826800	-2.6410860456992e+01
133.317706072600	-2.6878084180454e+01
133.347685318400	-2.7319854437243e+01
133.377664564200	-2.7736083084492e+01
133.407643810000	-2.8126707196465e+01
133.437623055800	-2.8491689020311e+01
133.467602301600	-2.8831015906812e+01
133.497581547400	-2.9144700216240e+01
133.527560793200	-2.9432779199456e+01
133.557540039000	-2.9695314854414e+01
133.587519284800	-2.9932393758254e+01
133.617498530600	-3.0144126875195e+01
133.647477776400	-3.0330649340458e+01
133.677457022200	-3.0492120220483e+01
133.707436268000	-3.0628722249707e+01
133.737415513800	-3.0740661544228e+01
133.767394759600	-3.0828167292651e+01
133.797374005400	-3.0891491424505e+01
133.827353251200	-3.0930908256556e+01
133.857332497000	-3.0946714117446e+01
133.887311742800	-3.0939226951059e+01
133.917290988600	-3.0908785899032e+01
133.947270234400	-3.0855750862898e+01
133.977249480200	-3.0780502046311e+01
134.007228726000	-3.0683439477853e+01
134.037207971800	-3.0564982514944e+01
134.067187217600	-3.0425569329375e+01
134.097166463400	-3.0265656375025e+01
134.127145709200	-3.0085717838319e+01
134.157124955000	-2.9886245072012e+01
134.187104200800	-2.9667746012907e+01
134.217083446600	-2.9430744584107e+01
134.247062692400	-2.9175780082443e+01
134.277041938200	-2.8903406551718e+01
134.307021184000	-2.8614192142418e+01
134.337000429800	-2.8308718458570e+01
134.366979675600	-2.7987579892423e+01
134.396958921400	-2.7651382947647e+01
134.426938167200	-2.7300745551755e+01
134.456917413000	-2.6936296358460e+01
134.486896658800	-2.6558674040695e+01
134.516875904600	-2.6168526575022e+01
134.546855150400	-2.5766510518181e+01
134.576834396200	-2.5353290276513e+01
134.606813642000	-2.4929537369018e+01
134.636792887800	-2.4495929684805e+01
134.666772133600	-2.4053150735703e+01
134.696751379400	-2.3601888904794e+01
134.726730625200	-2.3142836691638e+01
134.756709871000	-2.2676689954973e+01
134.786689116800	-2.2204147153656e+01
134.816668362600	-2.1725908586628e+01
134.846647608400	-2.1242675632674e+01
134.876626854200	-2.0755149990753e+01
134.906606100000	-2.0264032921685e+01
134.936585345800	-1.9770024491944e+01
134.966564591600	-1.9273822820349e+01
134.996543837400	-1.8776123328409e+01
135.026523083200	-1.8277617995071e+01
135.056502329000	-1.7778994616656e+01
135.086481574800	-1.7280936072697e+01
135.116460820600	-1.6784119598449e+01
135.146440066400	-1.6289216064799e+01
135.176419312200	-1.5796889266288e+01
135.206398558000	-1.5307795217989e+01
135.236377803800	-1.4822581461927e+01
135.266357049600	-1.4341886383752e+01
135.296336295400	-1.3866338540345e+01
135.326315541200	-1.3396555999032e+01
135.356294787000	-1.2933145689077e+01
135.386274032800	-1.2476702766093e+01
135.416253278600	-1.2027809990010e+01
135.446232524400	-1.1587037117227e+01
135.476211770200	-1.1154940307544e+01
135.506191016000	-1.0732061546475e+01
135.536170261800	-1.0318928083508e+01
135.566149507600	-9.9160518868810e+00
135.596128753400	-9.5239291153962e+00
135.626107999200	-9.1430396078183e+00
135.656087245000	-8.7738463903415e+00
135.686066490800	-8.4167952026227e+00
135.716045736600	-8.0723140428416e+00
135.746024982400	-7.7408127322376e+00
135.776004228200	-7.4226824995473e+00
135.805983474000	-7.1182955857501e+00
135.835962719800	-6.8280048695066e+00
135.865941965600	-6.5521435136518e+00
135.895921211400	-6.2910246330873e+00
135.925900457200	-6.0449409843902e+00
135.955879703000	-5.8141646774367e+00
135.985858948800	-5.5989469093158e+00
136.015838194600	-5.3995177207844e+00
136.045817440400	-5.2160857754922e+00
136.075796686200	-5.0488381621830e+00
136.105775932000	-4.8979402200531e+00
136.135755177800	-4.7635353874256e+00
136.165734423600	-4.6457450738752e+00
136.195713669400	-4.5446685559136e+00
136.225692915200	-4.4603828963214e+00
136.255672161000	-4.3929428871905e+00
136.285651406800	-4.3423810167126e+00
136.315630652600	-4.3087074597304e+00
136.345609898400	-4.2919100920392e+00
136.375589144200	-4.2919545284054e+00
136.405568390000	-4.3087841842437e+00
136.435547635800	-4.3423203608698e+00
136.465526881600	-4.3924623542231e+00
136.495506127400	-4.4590875869274e+00
136.525485373200	-4.5420517635388e+00
136.555464619000	-4.6411890487995e+00
136.585443864800	-4.7563122687014e+00
136.615423110600	-4.8872131341311e+00
136.645402356400	-5.0336624868538e+00
136.675381602200	-5.1954105675647e+00
136.705360848000	-5.3721873057173e+00
136.735340093800	-5.5637026308156e+00
136.765319339600	-5.7696468048341e+00
136.795298585400	-5.9896907754115e+00
136.825277831200	-6.2234865494387e+00
136.855257077000	-6.4706675866451e+00
136.885236322800	-6.7308492127645e+00
136.915215568600	-7.0036290518440e+00
136.945194814400	-7.2885874772392e+00
136.975174060200	-7.5852880808192e+00
137.005153306000	-7.8932781598902e+00
137.035132551800	-8.2120892213239e+00
137.065111797600	-8.5412375023639e+00
137.095091043400	-8.8802245075642e+00
137.125070289200	-9.2285375612992e+00
137.155049535000	-9.5856503752673e+00
137.185028780800	-9.9510236303979e+00
137.215008026600	-1.0324105572554e+01
137.244987272400	-1.0704332621414e+01
137.274966518200	-1.1091129991893e+01
137.304945764000	-1.1483912327467e+01
137.334925009800	-1.1882084344740e+01
137.364904255600	-1.2285041488581e+01
137.394883501400	-1.2692170597155e+01
137.424862747200	-1.3102850576171e+01
137.454841993000	-1.3516453081627e+01
137.484821238800	-1.3932343210369e+01
137.514800484600	-1.4349880197734e+01
137.544779730400	-1.4768418121575e+01
137.574758976200	-1.5187306611917e+01
137.604738222000	-1.5605891565535e+01
137.634717467800	-1.6023515864713e+01
137.664696713600	-1.6439520099431e+01
137.694675959400	-1.6853243292249e+01
137.724655205200	-1.7264023625146e+01
137.754634451000	-1.7671199167551e+01
137.784613696800	-1.8074108604831e+01
137.814592942600	-1.8472091966484e+01
137.844572188400	-1.8864491353286e+01
137.874551434200	-1.9250651662650e+01
137.904530680000	-1.9629921311452e+01
137.934509925800	-2.0001652955577e+01
137.964489171600	-2.0365204205456e+01
137.994468417400	-2.0719938336856e+01
138.024447663200	-2.1065224996191e+01
138.054426909000	-2.1400440899637e+01
138.084406154800	-2.1724970525339e+01
138.114385400600	-2.2038206797982e+01
138.144364646400	-2.2339551765056e+01
138.174343892200	-2.2628417264093e+01
138.204323138000	-2.2904225580207e+01
138.234302383800	-2.3166410093275e+01
138.264281629600	-2.3414415914068e+01
138.294260875400	-2.3647700508718e+01
138.324240121200	-2.3865734310848e+01
138.354219367000	-2.4068001320764e+01
138.384198612800	-2.4253999691088e+01
138.414177858600	-2.4423242298229e+01
138.444157104400	-2.4575257299116e+01
138.474136350200	-2.4709588672618e+01
138.504115596000	-2.4825796745105e+01
138.534094841800	-2.4923458699603e+01
138.564074087600	-2.5002169068034e+01
138.594053333400	-2.5061540206030e+01
138.624032579200	-2.5101202749836e+01
138.654011825000	-2.5120806054844e+01
138.683991070800	-2.5120018615302e+01
138.713970316600	-2.5098528464763e+01
138.743949562400	-2.5056043556887e+01
138.773928808200	-2.4992292126178e+01
138.803908054000	-2.4907023028309e+01
138.833887299800	-2.4800006059679e+01
138.863866545600	-2.4671032255871e+01
138.893845791400	-2.4519914168713e+01
138.923825037200	-2.4346486121649e+01
138.953804283000	-2.4150604443168e+01
138.983783528800	-2.3932147678048e+01
139.013762774600	-2.3691016776182e+01
139.043742020400	-2.3427135258827e+01
139.073721266200	-2.3140449362060e+01
139.103700512000	-2.2830928157333e+01
139.133679757800	-2.2498563648967e+01
139.163659003600	-2.2143370848512e+01
139.193638249400	-2.1765387825871e+01
139.223617495200	-2.1364675737145e+01
139.253596741000	-2.0941318829166e+01
139.283575986800	-2.0495424420703e+01
139.313555232600	-2.0027122860364e+01
139.343534478400	-1.9536567461227e+01
139.373513724200	-1.9023934412263e+01
139.403492970000	-1.8489422666637e+01
139.433472215800	-1.7933253806998e+01
139.463451461600	-1.7355671887883e+01
139.493430707400	-1.6756943255396e+01
139.523409953200	-1.6137356344336e+01
139.553389199000	-1.5497221452980e+01
139.583368444800	-1.4836870495730e+01
139.613347690600	-1.4156656733884e+01
139.643326936400	-1.3456954484796e+01
139.673306182200	-1.2738158809696e+01
139.703285428000	-1.2000685180505e+01
139.733264673800	-1.1244969125961e+01
139.763243919600	-1.0471465857404e+01
139.793223165400	-9.6806498746085e+00
139.823202411200	-8.8730145520355e+00
139.853181657000	-8.0490717059332e+00
139.883160902800	-7.2093511427046e+00
139.913140148600	-6.3544001889976e+00
139.943119394400	-5.4847832039826e+00
139.973098640200	-4.6010810743047e+00
140.003077886000	-3.7038906922121e+00
140.033057131800	-2.7938244173798e+00
140.063036377600	-1.8715095229648e+00
140.093015623400	-9.3758762644482e-01
140.122994869200	7.2858941955242e-03
140.152974115000	9.6244249834695e-01
140.182953360800	1.9272010941337e+00
140.212932606600	2.9008686626385e+00
140.242911852400	3.8827408943726e+00
140.272891098200	4.8721028373595e+00
140.302870344000	5.8682295561865e+00
140.332849589800	6.8703868013683e+00
140.362828835600	7.8778316883593e+00
140.392808081400	8.8898133855365e+00
140.422787327200	9.9055738104726e+00
140.452766573000	1.0924348333805e+01
140.482745818800	1.1945366490001e+01
140.512725064600	1.2967852694316e+01
140.542704310400	1.3991026965234e+01
140.572683556200	1.5014105651660e+01
140.602662802000	1.6036302164169e+01
140.632642047800	1.7056827709553e+01
140.662621293600	1.8074892027968e+01
140.692600539400	1.9089704131928e+01
140.722579785200	2.0100473046427e+01
140.752559031000	2.1106408549445e+01
140.782538276800	2.2106721912117e+01
140.812517522600	2.3100626637817e+01
140.842496768400	2.4087339199437e+01
140.872476014200	2.5066079774130e+01
140.902455260000	2.6036072974785e+01
140.932434505800	2.6996548577508e+01
140.962413751600	2.7946742244411e+01
140.992392997400	2.8885896240959e+01
141.022372243200	2.9813260147206e+01
141.052351489000	3.0728091562190e+01
141.082330734800	3.1629656800798e+01
141.112309980600	3.2517231582429e+01
141.142289226400	3.3390101710755e+01
141.172268472200	3.4247563743925e+01
141.202247718000	3.5088925654549e+01
141.232226963800	3.5913507478808e+01
141.262206209600	3.6720641954062e+01
141.292185455400	3.7509675144321e+01
141.322164701200	3.8279967052967e+01
141.352143947000	3.9030892222134e+01
141.382123192800	3.9761840318143e+01
141.412102438600	4.0472216702443e+01
141.442081684400	4.1161442987469e+01
141.472060930200	4.1828957576906e+01
141.502040176000	4.2474216189809e+01
141.532019421800	4.3096692368076e+01
141.561998667600	4.3695877966788e+01
141.591977913400	4.4271283626922e+01
141.621957159200	4.4822439229999e+01
141.651936405000	4.5348894334211e+01
141.681915650800	4.5850218591610e+01
141.711894896600	4.6326002145964e+01
141.741874142400	4.6775856010886e+01
141.771853388200	4.7199412427881e+01
141.801832634000	4.7596325203960e+01
141.831811879800	4.7966270028514e+01
141.861791125600	4.8308944769128e+01
141.891770371400	4.8624069746070e+01
141.921749617200	4.8911387985187e+01
141.951728863000	4.9170665448979e+01
141.981708108800	4.9401691245630e+01
142.011687354600	4.9604277815801e+01
142.041666600400	4.9778261097031e+01
142.071645846200	4.9923500665572e+01
142.101625092000	5.0039879855558e+01
142.131604337800	5.0127305855388e+01
142.161583583600	5.0185709781253e+01
142.191562829400	5.0215046727747e+01
142.221542075200	5.0215295795523e+01
142.251521321000	5.0186460095997e+01
142.281500566800	5.0128566733097e+01
142.311479812600	5.0041666762098e+01
142.341459058400	4.9925835125607e+01
142.371438304200	4.9781170566766e+01
142.401417550000	4.9607795519786e+01
142.431396795800	4.9405855977940e+01
142.461376041600	4.9175521339150e+01
142.491355287400	4.8916984229354e+01
142.521334533200	4.8630460303839e+01
142.551313779000	4.8316188026751e+01
142.581293024800	4.7974428429031e+01
142.611272270600	4.7605464845018e+01
142.641251516400	4.7209602628009e+01
142.671230762200	4.6787168845081e+01
142.701210008000	4.6338511951478e+01
142.731189253800	4.5864001444919e+01
142.761168499600	4.5364027500184e+01
142.791147745400	4.4839000584352e+01
142.821126991200	4.4289351053098e+01
142.851106237000	4.3715528728463e+01
142.881085482800	4.3118002458528e+01
142.911064728600	4.2497259659463e+01
142.941043974400	4.1853805840394e+01
142.971023220200	4.1188164111609e+01
143.001002466000	4.0500874676575e+01
143.030981711800	3.9792494308313e+01
143.060960957600	3.9063595810647e+01
143.090940203400	3.8314767464890e+01
143.120919449200	3.7546612462523e+01
143.150898695000	3.6759748324448e+01
143.180877940800	3.5954806307405e+01
143.210857186600	3.5132430798161e+01
143.240836432400	3.4293278696075e+01
143.270815678200	3.3438018784673e+01
143.300794924000	3.2567331092874e+01
143.330774169800	3.1681906246501e+01
143.360753415600	3.0782444810738e+01
143.390732661400	2.9869656624206e+01
143.420711907200	2.8944260125314e+01
143.450691153000	2.8006981671574e+01
143.480670398800	2.7058554852566e+01
143.510649644600	2.6099719797241e+01
143.540628890400	2.5131222476254e+01
143.570608136200	2.4153814000041e+01
143.600587382000	2.3168249913326e+01
143.630566627800	2.2175289486788e+01
143.660545873600	2.1175695006571e+01
143.690525119400	2.0170231062371e+01
143.720504365200	1.9159663834797e+01
143.750483611000	1.8144760382727e+01
143.780462856800	1.7126287931361e+01
143.810442102600	1.6105013161688e+01
143.840421348400	1.5081701502075e+01
143.870400594200	1.4057116422672e+01
143.900379840000	1.3032018733345e+01
143.930359085800	1.2007165885837e+01
143.960338331600	1.0983311280829e+01
143.990317577400	9.9612035806121e+00
144.020296823200	8.9415860280312e+00
144.050276069000	7.9251957723849e+00
144.080255314800	6.9127632029400e+00
144.110234560600	5.9050112907199e+00
144.140213806400	4.9026549392149e+00
144.170193052200	3.9064003446500e+00
144.200172298000	2.9169443664402e+00
144.230151543800	1.9349739084479e+00
144.260130789600	9.6116531164843e-01
144.290110035400	-3.8162412040030e-03
144.320089281200	-9.5931730833043e-01
144.350068527000	-1.9046967585343e+00
144.380047772800	-2.8393263271092e+00
144.410027018600	-3.7625911575102e+00
144.440006264400	-4.6738903282637e+00
144.469985510200	-5.5726373646112e+00
144.499964756000	-6.4582607343933e+00
144.529944001800	-7.3302043277009e+00
144.559923247600	-8.1879279198347e+00
144.589902493400	-9.0309076171341e+00
144.619881739200	-9.8586362852520e+00
144.649860985000	-1.0670623959473e+01
144.679840230800	-1.1466398236690e+01
144.709819476600	-1.2245504648668e+01
144.739798722400	-1.3007507016262e+01
144.769777968200	-1.3751987784244e+01
144.799757214000	-1.4478548336450e+01
144.829736459800	-1.5186809290948e+01
144.859715705600	-1.5876410774970e+01
144.889694951400	-1.6547012679363e+01
144.919674197200	-1.7198294892328e+01
144.949653443000	-1.7829957512258e+01
144.979632688800	-1.8441721039487e+01
145.009611934600	-1.9033326546791e+01
145.039591180400	-1.9604535828511e+01
145.069570426200	-2.0155131528181e+01
145.099549672000	-2.0684917244568e+01
145.129528917800	-2.1193717616053e+01
145.159508163600	-2.1681378383317e+01
145.189487409400	-2.2147766430290e+01
145.219466655200	-2.2592769803372e+01
145.249445901000	-2.3016297708947e+01
145.279425146800	-2.3418280489229e+01
145.309404392600	-2.3798669576495e+01
145.339383638400	-2.4157437425816e+01
145.369362884200	-2.4494577426369e+01
145.399342130000	-2.4810103791478e+01
145.429321375800	-2.5104051427530e+01
145.459300621600	-2.5376475781940e+01
145.489279867400	-2.5627452670364e+01
145.519259113200	-2.5857078083379e+01
145.549238359000	-2.6065467972853e+01
145.579217604800	-2.6252758018294e+01
145.609196850600	-2.6419103373422e+01
145.639176096400	-2.6564678393291e+01
145.669155342200	-2.6689676342267e+01
145.699134588000	-2.6794309083207e+01
145.729113833800	-2.6878806748188e+01
145.759093079600	-2.6943417391179e+01
145.789072325400	-2.6988406623034e+01
145.819051571200	-2.7014057229233e+01
145.849030817000	-2.7020668770791e+01
145.879010062800	-2.7008557168794e+01
145.908989308600	-2.6978054273015e+01
145.938968554400	-2.6929507415104e+01
145.968947800200	-2.6863278946832e+01
145.998927046000	-2.6779745763918e+01
146.028906291800	-2.6679298815949e+01
146.058885537600	-2.6562342602949e+01
146.088864783400	-2.6429294659134e+01
146.118844029200	-2.6280585024432e+01
146.148823275000	-2.6116655704343e+01
146.178802520800	-2.5937960118726e+01
146.208781766600	-2.5744962540117e+01
146.238761012400	-2.5538137522193e+01
146.268740258200	-2.5317969318998e+01
146.298719504000	-2.5084951295564e+01
146.328698749800	-2.4839585330571e+01
146.358677995600	-2.4582381211684e+01
146.388657241400	-2.4313856024229e+01
146.418636487200	-2.4034533533865e+01
146.448615733000	-2.3744943563921e+01
146.478594978800	-2.3445621368067e+01
146.508574224600	-2.3137106998998e+01
146.538553470400	-2.2819944673807e+01
146.568532716200	-2.2494682136736e+01
146.598511962000	-2.2161870019980e+01
146.628491207800	-2.1822061203241e+01
146.658470453600	-2.1475810172717e+01
146.688449699400	-2.1123672380206e+01
146.718428945200	-2.0766203603023e+01
146.748408191000	-2.0403959305404e+01
146.778387436800	-2.0037494002097e+01
146.808366682600	-1.9667360624801e+01
146.838345928400	-1.9294109892146e+01
146.868325174200	-1.8918289683886e+01
146.898304420000	-1.8540444419956e+01
146.928283665800	-1.8161114445089e+01
146.958262911600	-1.7780835419614e+01
146.988242157400	-1.7400137717113e+01
147.018221403200	-1.7019545829560e+01
147.048200649000	-1.6639577780593e+01
147.078179894800	-1.6260744547525e+01
147.108159140600	-1.5883549492732e+01
147.138138386400	-1.5508487805002e+01
147.168117632200	-1.5136045951458e+01
147.198096878000	-1.4766701140621e+01
147.228076123800	-1.4400920797200e+01
147.258055369600	-1.4039162049157e+01
147.288034615400	-1.3681871227601e+01
147.318013861200	-1.3329483380029e+01
147.347993107000	-1.2982421797448e+01
147.377972352800	-1.2641097555868e+01
147.407951598600	-1.2305909072655e+01
147.437930844400	-1.1977241678222e+01
147.467910090200	-1.1655467203507e+01
147.497889336000	-1.1340943583667e+01
147.527868581800	-1.1034014478431e+01
147.557847827600	-1.0735008909492e+01
147.587827073400	-1.0444240915333e+01
147.617806319200	-1.0162009223850e+01
147.647785565000	-9.8885969431259e+00
147.677764810800	-9.6242712706649e+00
147.707744056600	-9.3692832214179e+00
147.737723302400	-9.1238673748677e+00
147.767702548200	-8.8882416414511e+00
147.797681794000	-8.6626070485619e+00
147.827661039800	-8.4471475463598e+00
147.857640285600	-8.2420298335917e+00
147.887619531400	-8.0474032036060e+00
147.917598777200	-7.8633994107246e+00
147.947578023000	-7.6901325571102e+00
147.977557268800	-7.5276990002484e+00
148.007536514600	-7.3761772811400e+00
148.037515760400	-7.2356280732782e+00
148.067495006200	-7.1060941524619e+00
148.097474252000	-6.9876003874749e+00
148.127453497800	-6.8801537516389e+00
148.157432743600	-6.7837433552243e+00
148.187411989400	-6.6983404986819e+00
148.217391235200	-6.6238987466367e+00
148.247370481000	-6.5603540225609e+00
148.277349726800	-6.5076247240224e+00
148.307328972600	-6.4656118583840e+00
148.337308218400	-6.4341991988035e+00
148.367287464200	-6.4132534603673e+00
148.397266710000	-6.4026244961642e+00
148.427245955800	-6.4021455130884e+00
148.457225201600	-6.4116333071366e+00
148.487204447400	-6.4308885179454e+00
148.517183693200	-6.4596959022933e+00
148.547162939000	-6.4978246262702e+00
148.577142184800	-6.5450285758008e+00
148.607121430600	-6.6010466851830e+00
148.637100676400	-6.6656032832887e+00
148.667079922200	-6.7384084570506e+00
148.697059168000	-6.8191584318426e+00
148.727038413800	-6.9075359683430e+00
148.757017659600	-7.0032107754488e+00
148.786996905400	-7.1058399387973e+00
148.816976151200	-7.2150683644285e+00
148.846955397000	-7.3305292371090e+00
148.876934642800	-7.4518444928205e+00
148.906913888600	-7.5786253049017e+00
148.936893134400	-7.7104725833150e+00
148.966872380200	-7.8469774864979e+00
148.996851626000	-7.9877219452424e+00
149.026830871800	-8.1322791980351e+00
149.056810117600	-8.2802143372746e+00
149.086789363400	-8.4310848657738e+00
149.116768609200	-8.5844412629409e+00
149.146747855000	-8.7398275600242e+00
149.176727100800	-8.8967819237918e+00
149.206706346600	-9.0548372480125e+00
149.236685592400	-9.2135217520916e+00
149.266664838200	-9.3723595862072e+00
149.296644084000	-9.5308714422875e+00
149.326623329800	-9.6885751701606e+00
149.356602575600	-9.8449863982006e+00
149.386581821400	-9.9996191577927e+00
149.416561067200	-1.0151986510931e+01
149.446540313000	-1.0301601180258e+01
149.476519558800	-1.0447976180862e+01
149.506498804600	-1.0590625453121e+01
149.536478050400	-1.0729064495912e+01
149.566457296200	-1.0862810999482e+01
149.596436542000	-1.0991385477278e+01
149.626415787800	-1.1114311896038e+01
149.656395033600	-1.1231118303449e+01
149.686374279400	-1.1341337452679e+01
149.716353525200	-1.1444507423072e+01
149.746332771000	-1.1540172236339e+01
149.776312016800	-1.1627882467538e+01
149.806291262600	-1.1707195850174e+01
149.836270508400	-1.1777677874732e+01
149.866249754200	-1.1838902379983e+01
149.896229000000	-1.1890452136383e+01
149.926208245800	-1.1931919420926e+01
149.956187491600	-1.1962906582785e+01
149.986166737400	-1.1983026599117e+01
150.016145983200	-1.1991903620384e+01
150.046125229000	-1.1989173504587e+01
150.076104474800	-1.1974484339785e+01
150.106083720600	-1.1947496954318e+01
150.136062966400	-1.1907885414134e+01
150.166042212200	-1.1855337506656e+01
150.196021458000	-1.1789555210616e+01
150.226000703800	-1.1710255151330e+01
150.255979949600	-1.1617169040855e+01
150.285959195400	-1.1510044102540e+01
150.315938441200	-1.1388643479440e+01
150.345917687000	-1.1252746626136e+01
150.375896932800	-1.1102149683470e+01
150.405876178600	-1.0936665835759e+01
150.435855424400	-1.0756125650042e+01
150.465834670200	-1.0560377396955e+01
150.495813916000	-1.0349287352831e+01
150.525793161800	-1.0122740082651e+01
150.555772407600	-9.8806387034790e+00
150.585751653400	-9.6229051280577e+00
150.615730899200	-9.3494802882310e+00
150.645710145000	-9.0603243379063e+00
150.675689390800	-8.7554168352751e+00
150.705668636600	-8.4347569040374e+00
150.735647882400	-8.0983633733976e+00
150.765627128200	-7.7462748966181e+00
150.795606374000	-7.3785500479417e+00
150.825585619800	-6.9952673977155e+00
150.855564865600	-6.5965255655711e+00
150.885544111400	-6.1824432515386e+00
150.915523357200	-5.7531592449959e+00
150.945502603000	-5.3088324113768e+00
150.975481848800	-4.8496416565841e+00
151.005461094600	-4.3757858690789e+00
151.035440340400	-3.8874838396392e+00
151.065419586200	-3.3849741588042e+00
151.095398832000	-2.8685150920457e+00
151.125378077800	-2.3383844327285e+00
151.155357323600	-1.7948793329488e+00
151.185336569400	-1.2383161123588e+00
151.215315815200	-6.6903004511343e-01
151.245295061000	-8.7375125093160e-02
151.275274306800	5.0627619041491e-01
151.305253552600	1.1115332583768e+00
151.335232798400	1.7279875487862e+00
151.365212044200	2.3552129643061e+00
151.395191290000	2.9927661805076e+00
151.425170535800	3.6401870064138e+00
151.455149781600	4.2969987650342e+00
151.485129027400	4.9627086935548e+00
151.515108273200	5.6368083628273e+00
151.545087519000	6.3187741157788e+00
151.575066764800	7.0080675243450e+00
151.605046010600	7.7041358645076e+00
151.635025256400	8.4064126089993e+00
151.665004502200	9.1143179372166e+00
151.694983748000	9.8272592618663e+00
151.724962993800	1.0544631771850e+01
151.754942239600	1.1265818990872e+01
151.784921485400	1.1990193351244e+01
151.814900731200	1.2717116782335e+01
151.844879977000	1.3445941313106e+01
151.874859222800	1.4176009688145e+01
151.904838468600	1.4906655996615e+01
151.934817714400	1.5637206313492e+01
151.964796960200	1.6366979352486e+01
151.994776206000	1.7095287129993e+01
152.024755451800	1.7821435639428e+01
152.054734697600	1.8544725535285e+01
152.084713943400	1.9264452826245e+01
152.114693189200	1.9979909576638e+01
152.144672435000	2.0690384615573e+01
152.174651680800	2.1395164253030e+01
152.204630926600	2.2093533002187e+01
152.234610172400	2.2784774307274e+01
152.264589418200	2.3468171276215e+01
152.294568664000	2.4143007417318e+01
152.324547909800	2.4808567379279e+01
152.354527155600	2.5464137693739e+01
152.384506401400	2.6109007519653e+01
152.414485647200	2.6742469388696e+01
152.444464893000	2.7363819950974e+01
152.474444138800	2.7972360720239e+01
152.504423384600	2.8567398817879e+01
152.534402630400	2.9148247714898e+01
152.564381876200	2.9714227971124e+01
152.594361122000	3.0264667970883e+01
152.624340367800	3.0798904654379e+01
152.654319613600	3.1316284244007e+01
152.684298859400	3.1816162964859e+01
152.714278105200	3.2297907758659e+01
152.744257351000	3.2760896990368e+01
152.774236596800	3.3204521146747e+01
152.804215842600	3.3628183526097e+01
152.834195088400	3.4031300918489e+01
152.864174334200	3.4413304275724e+01
152.894153580000	3.4773639370334e+01
152.924132825800	3.5111767442909e+01
152.954112071600	3.5427165837046e+01
152.984091317400	3.5719328621256e+01
153.014070563200	3.5987767197131e+01
153.044049809000	3.6232010893127e+01
153.074029054800	3.6451607543308e+01
153.104008300600	3.6646124050408e+01
153.133987546400	3.6815146932606e+01
153.163966792200	3.6958282853390e+01
153.193946038000	3.7075159133922e+01
153.223925283800	3.7165424247343e+01
153.253904529600	3.7228748294433e+01
153.283883775400	3.7264823460106e+01
153.313863021200	3.7273364450203e+01
153.343842267000	3.7254108908084e+01
153.373821512800	3.7206817810525e+01
153.403800758600	3.7131275842453e+01
153.433780004400	3.7027291750081e+01
153.463759250200	3.6894698671999e+01
153.493738496000	3.6733354447823e+01
153.523717741800	3.6543141904017e+01
153.553696987600	3.6323969116522e+01
153.583676233400	3.6075769649845e+01
153.613655479200	3.5798502772300e+01
153.643634725000	3.5492153647088e+01
153.673613970800	3.5156733498964e+01
153.703593216600	3.4792279756212e+01
153.733572462400	3.4398856167735e+01
153.763551708200	3.3976552895028e+01
153.793530954000	3.3525486578878e+01
153.823510199800	3.3045800380625e+01
153.853489445600	3.2537663997856e+01
153.883468691400	3.2001273654440e+01
153.913447937200	3.1436852064810e+01
153.943427183000	3.0844648372447e+01
153.973406428800	3.0224938062546e+01
154.003385674600	2.9578022848835e+01
154.033364920400	2.8904230534606e+01
154.063344166200	2.8203914847976e+01
154.093323412000	2.7477455251470e+01
154.123302657800	2.6725256726015e+01
154.153281903600	2.5947749529479e+01
154.183261149400	2.5145388929899e+01
154.213240395200	2.4318654913571e+01
154.243219641000	2.3468051868216e+01
154.273198886800	2.2594108241429e+01
154.303178132600	2.1697376174678e+01
154.333157378400	2.0778431113122e+01
154.363136624200	1.9837871391540e+01
154.393115870000	1.8876317796708e+01
154.423095115800	1.7894413106568e+01
154.453074361600	1.6892821606550e+01
154.483053607400	1.5872228583460e+01
154.513032853200	1.4833339797332e+01
154.543012099000	1.3776880931700e+01
154.572991344800	1.2703597022745e+01
154.602970590600	1.1614251867802e+01
154.632949836400	1.0509627413734e+01
154.662929082200	9.3905231256964e+00
154.692908328000	8.2577553368476e+00
154.722887573800	7.1121565795590e+00
154.752866819600	5.9545748987239e+00
154.782846065400	4.7858731477628e+00
154.812825311200	3.6069282679527e+00
154.842804557000	2.4186305517194e+00
154.872783802800	1.2218828905536e+00
154.902763048600	1.7600008224682e-02
154.932742294400	-1.1932923200156e+00
154.962721540200	-2.4098580615340e+00
154.992700786000	-3.6311517329982e+00
155.022680031800	-4.8562192189084e+00
155.052659277600	-6.0840986012257e+00
155.082638523400	-7.3138209993404e+00
155.112617769200	-8.5444114196037e+00
155.142597015000	-9.7748896136404e+00
155.172576260800	-1.1004270944648e+01
155.202555506600	-1.2231567260879e+01
155.232534752400	-1.3455787775489e+01
155.262513998200	-1.4675939951934e+01
155.292493244000	-1.5891030394090e+01
155.322472489800	-1.7100065740253e+01
155.352451735600	-1.8302053560182e+01
155.382430981400	-1.9496003254343e+01
155.412410227200	-2.0680926954500e+01
155.442389473000	-2.1855840424796e+01
155.472368718800	-2.3019763962482e+01
155.502347964600	-2.4171723297420e+01
155.532327210400	-2.5310750489513e+01
155.562306456200	-2.6435884823201e+01
155.592285702000	-2.7546173698162e+01
155.622264947800	-2.8640673515373e+01
155.652244193600	-2.9718450557661e+01
155.682223439400	-3.0778581863913e+01
155.712202685200	-3.1820156096082e+01
155.742181931000	-3.2842274398166e+01
155.772161176800	-3.3844051246304e+01
155.802140422600	-3.4824615289184e+01
155.832119668400	-3.5783110177924e+01
155.862098914200	-3.6718695384620e+01
155.892078160000	-3.7630547008766e+01
155.922057405800	-3.8517858570728e+01
155.952036651600	-3.9379841791525e+01
155.982015897400	-4.0215727358110e+01
156.011995143200	-4.1024765673412e+01
156.041974389000	-4.1806227590391e+01
156.071953634800	-4.2559405129363e+01
156.101932880600	-4.3283612177889e+01
156.131912126400	-4.3978185172516e+01
156.161891372200	-4.4642483761681e+01
156.191870618000	-4.5275891449122e+01
156.221849863800	-4.5877816217119e+01
156.251829109600	-4.6447691128946e+01
156.281808355400	-4.6984974909917e+01
156.311787601200	-4.7489152506409e+01
156.341766847000	-4.7959735622311e+01
156.371746092800	-4.8396263232315e+01
156.401725338600	-4.8798302071526e+01
156.431704584400	-4.9165447100875e+01
156.461683830200	-4.9497321947828e+01
156.491663076000	-4.9793579321937e+01
156.521642321800	-5.0053901404773e+01
156.551621567600	-5.0278000213813e+01
156.581600813400	-5.0465617939899e+01
156.611580059200	-5.0616527257860e+01
156.641559305000	-5.0730531609975e+01
156.671538550800	-5.0807465461937e+01
156.701517796600	-5.0847194531011e+01
156.731497042400	-5.0849615986119e+01
156.761476288200	-5.0814658619600e+01
156.791455534000	-5.0742282990419e+01
156.821434779800	-5.0632481538629e+01
156.851414025600	-5.0485278670917e+01
156.881393271400	-5.0300730817093e+01
156.911372517200	-5.0078926457400e+01
156.941351763000	-4.9819986120563e+01
156.971331008800	-4.9524062352512e+01
157.001310254600	-4.9191339655752e+01
157.031289500400	-4.8822034399366e+01
157.061268746200	-4.8416394699680e+01
157.091247992000	-4.7974700271637e+01
157.121227237800	-4.7497262250961e+01
157.151206483600	-4.6984422987214e+01
157.181185729400	-4.6436555807875e+01
157.211164975200	-4.5854064753620e+01
157.241144221000	-4.5237384284963e+01
157.271123466800	-4.4586978960503e+01
157.301102712600	-4.3903343086997e+01
157.331081958400	-4.3187000341546e+01
157.361061204200	-4.2438503366178e+01
157.391040450000	-4.1658433335164e+01
157.421019695800	-4.0847399495404e+01
157.450998941600	-4.0006038680265e+01
157.480978187400	-3.9135014797279e+01
157.510957433200	-3.8235018290112e+01
157.540936679000	-3.7306765575270e+01
157.570915924800	-3.6350998454014e+01
157.600895170600	-3.5368483499977e+01
157.630874416400	-3.4360011423022e+01
157.660853662200	-3.3326396409872e+01
157.690832908000	-3.2268475442096e+01
157.720812153800	-3.1187107592032e+01
157.750791399600	-3.0083173297274e+01
157.780770645400	-2.8957573614340e+01
157.810749891200	-2.7811229452201e+01
157.840729137000	-2.6645080786320e+01
157.870708382800	-2.5460085853920e+01
157.900687628600	-2.4257220331178e+01
157.930666874400	-2.3037476493088e+01
157.960646120200	-2.1801862356740e+01
157.990625366000	-2.0551400808769e+01
158.020604611800	-1.9287128717780e+01
158.050583857600	-1.8010096032528e+01
158.080563103400	-1.6721364866666e+01
158.110542349200	-1.5422008570902e+01
158.140521595000	-1.4113110793382e+01
158.170500840800	-1.2795764529173e+01
158.200480086600	-1.1471071159689e+01
158.230459332400	-1.0140139482949e+01
158.260438578200	-8.8040847355422e+00
158.290417824000	-7.4640276071903e+00
158.320397069800	-6.1210932488194e+00
158.350376315600	-4.7764102750361e+00
158.380355561400	-3.4311097619316e+00
158.410334807200	-2.0863242411299e+00
158.440314053000	-7.4318669100602e-01
158.470293298800	5.9717047399603e-01
158.500272544600	1.9336164150141e+00
158.530251790400	3.2650228804535e+00
158.560231036200	4.5902652167709e+00
158.590210282000	5.9082233774219e+00
158.620189527800	7.2177829290348e+00
158.650168773600	8.5178360538788e+00
158.680148019400	9.8072825476929e+00
158.710127265200	1.1085030811947e+01
158.740106511000	1.2349998839610e+01
158.770085756800	1.3601115193509e+01
158.800065002600	1.4837319976358e+01
158.830044248400	1.6057565791553e+01
158.860023494200	1.7260818693836e+01
158.890002740000	1.8446059128931e+01
158.919981985800	1.9612282861274e+01
158.949961231600	2.0758501888956e+01
158.979940477400	2.1883745345033e+01
159.009919723200	2.2987060384336e+01
159.039898969000	2.4067513054959e+01
159.069878214800	2.5124189153582e+01
159.099857460600	2.6156195063846e+01
159.129836706400	2.7162658576955e+01
159.159815952200	2.8142729693750e+01
159.189795198000	2.9095581407477e+01
159.219774443800	3.0020410466516e+01
159.249753689600	3.0916438116320e+01
159.279732935400	3.1782910819892e+01
159.309712181200	3.2619100956069e+01
159.339691427000	3.3424307494974e+01
159.369670672800	3.4197856649971e+01
159.399649918600	3.4939102505495e+01
159.429629164400	3.5647427620161e+01
159.459608410200	3.6322243604556e+01
159.489587656000	3.6962991673159e+01
159.519566901800	3.7569143169849e+01
159.549546147600	3.8140200066494e+01
159.579525393400	3.8675695434122e+01
159.609504639200	3.9175193886216e+01
159.639483885000	3.9638291993698e+01
159.669463130800	4.0064618671185e+01
159.699442376600	4.0453835534128e+01
159.729421622400	4.0805637226486e+01
159.759400868200	4.1119751718592e+01
159.789380114000	4.1395940574911e+01
159.819359359800	4.1633999191416e+01
159.849338605600	4.1833757002331e+01
159.879317851400	4.1995077656014e+01
159.909297097200	4.2117859159804e+01
159.939276343000	4.2202033993656e+01
159.969255588800	4.2247569192430e+01
159.999234834600	4.2254466396741e+01
160.029214080400	4.2222761872277e+01
160.059193326200	4.2152526497562e+01
160.089172572000	4.2043865720116e+01
160.119151817800	4.1896919481057e+01
160.149131063600	4.1711862108160e+01
160.179110309400	4.1488902177468e+01
160.209089555200	4.1228282343529e+01
160.239068801000	4.0930279138420e+01
160.269048046800	4.0595202739687e+01
160.299027292600	4.0223396707413e+01
160.329006538400	3.9815237690617e+01
160.358985784200	3.9371135103238e+01
160.388965030000	3.8891530769969e+01
160.418944275800	3.8376898542260e+01
160.448923521600	3.7827743884804e+01
160.478902767400	3.7244603432873e+01
160.508882013200	3.6628044520892e+01
160.538861259000	3.5978664682655e+01
160.568840504800	3.5297091123640e+01
160.598819750600	3.4583980165864e+01
160.628798996400	3.3840016665797e+01
160.658778242200	3.3065913405834e+01
160.688757488000	3.2262410459875e+01
160.718736733800	3.1430274533581e+01
160.748715979600	3.0570298279889e+01
160.778695225400	2.9683299590416e+01
160.808674471200	2.8770120863373e+01
160.838653717000	2.7831628248656e+01
160.868632962800	2.6868710870804e+01
160.898612208600	2.5882280030505e+01
160.928591454400	2.4873268385396e+01
160.958570700200	2.3842629110889e+01
160.988549946000	2.2791335041778e+01
161.018529191800	2.1720377795424e+01
161.048508437600	2.0630766877302e+01
161.078487683400	1.9523528769730e+01
161.108466929200	1.8399706004613e+01
161.138446175000	1.7260356221041e+01
161.168425420800	1.6106551208609e+01
161.198404666600	1.4939375937337e+01
161.228383912400	1.3759927575061e+01
161.258363158200	1.2569314493218e+01
161.288342404000	1.1368655261916e+01
161.318321649800	1.0159077635220e+01
161.348300895600	8.9417175275936e+00
161.378280141400	7.7177179824118e+00
161.408259387200	6.4882281335222e+00
161.438238633000	5.2544021607883e+00
161.468217878800	4.0173982405854e+00
161.498197124600	2.7783774922131e+00
161.528176370400	1.5385029211953e+00
161.558155616200	2.9893836044123e-01
161.588134862000	-9.3915258975545e-01
161.618114107800	-2.1746076219025e+00
161.648093353600	-3.4062667807001e+00
161.678072599400	-4.6329735206599e+00
161.708051845200	-5.8535757609739e+00
161.738031091000	-7.0669269366589e+00
161.768010336800	-8.2718870450044e+00
161.797989582600	-9.4673236863553e+00
161.827968828400	-1.0652113098267e+01
161.857948074200	-1.1825141182078e+01
161.887927320000	-1.2985304520937e+01
161.917906565800	-1.4131511388365e+01
161.947885811600	-1.5262682746392e+01
161.977865057400	-1.6377753232358e+01
162.007844303200	-1.7475672133461e+01
162.037823549000	-1.8555404348142e+01
162.067802794800	-1.9615931333422e+01
162.097782040600	-2.0656252037309e+01
162.127761286400	-2.1675383815404e+01
162.157740532200	-2.2672363330865e+01
162.187719778000	-2.3646247436878e+01
162.217699023800	-2.4596114040833e+01
162.247678269600	-2.5521062949382e+01
162.277657515400	-2.6420216693612e+01
162.307636761200	-2.7292721333544e+01
162.337616007000	-2.8137747241235e+01
162.367595252800	-2.8954489861725e+01
162.397574498600	-2.9742170451147e+01
162.427553744400	-3.0500036791298e+01
162.457532990200	-3.1227363879997e+01
162.487512236000	-3.1923454596616e+01
162.517491481800	-3.2587640342128e+01
162.547470727600	-3.3219281653100e+01
162.577449973400	-3.3817768789049e+01
162.607429219200	-3.4382522292609e+01
162.637408465000	-3.4912993521997e+01
162.667387710800	-3.5408665155268e+01
162.697366956600	-3.5869051665897e+01
162.727346202400	-3.6293699769242e+01
162.757325448200	-3.6682188839462e+01
162.787304694000	-3.7034131296516e+01
162.817283939800	-3.7349172962862e+01
162.847263185600	-3.7626993389537e+01
162.877242431400	-3.7867306151302e+01
162.907221677200	-3.8069859110585e+01
162.937200923000	-3.8234434649962e+01
162.967180168800	-3.8360849872966e+01
162.997159414600	-3.8448956773033e+01
163.027138660400	-3.8498642370427e+01
163.057117906200	-3.8509828817005e+01
163.087097152000	-3.8482473468736e+01
163.117076397800	-3.8416568925894e+01
163.147055643600	-3.8312143040892e+01
163.177034889400	-3.8169258893739e+01
163.207014135200	-3.7988014735149e+01
163.236993381000	-3.7768543897352e+01
163.266972626800	-3.7511014672681e+01
163.296951872600	-3.7215630160052e+01
163.326931118400	-3.6882628079482e+01
163.356910364200	-3.6512280554796e+01
163.386889610000	-3.6104893864757e+01
163.416868855800	-3.5660808162810e+01
163.446848101600	-3.5180397165731e+01
163.476827347400	-3.4664067811455e+01
163.506806593200	-3.4112259886390e+01
163.536785839000	-3.3525445622593e+01
163.566765084800	-3.2904129265142e+01
163.596744330600	-3.2248846610135e+01
163.626723576400	-3.1560164513738e+01
163.656702822200	-3.0838680372724e+01
163.686682068000	-3.0085021577004e+01
163.716661313800	-2.9299844934644e+01
163.746640559600	-2.8483836069910e+01
163.776619805400	-2.7637708794900e+01
163.806599051200	-2.6762204455338e+01
163.836578297000	-2.5858091251150e+01
163.866557542800	-2.4926163532447e+01
163.896536788600	-2.3967241071564e+01
163.926516034400	-2.2982168311847e+01
163.956495280200	-2.1971813593865e+01
163.986474526000	-2.0937068359790e+01
164.016453771800	-1.9878846336663e+01
164.046433017600	-1.8798082699316e+01
164.076412263400	-1.7695733213734e+01
164.106391509200	-1.6572773361637e+01
164.136370755000	-1.5430197447108e+01
164.166350000800	-1.4269017686099e+01
164.196329246600	-1.3090263279648e+01
164.226308492400	-1.1894979471686e+01
164.256287738200	-1.0684226592297e+01
164.286266984000	-9.4590790873227e+00
164.316246229800	-8.2206245352193e+00
164.346225475600	-6.9699626520754e+00
164.376204721400	-5.7082042857152e+00
164.406183967200	-4.4364703998247e+00
164.436163213000	-3.1558910490429e+00
164.466142458800	-1.8676043459703e+00
164.496121704600	-5.7275542105513e-01
164.526100950400	7.2750462367734e-01
164.556080196200	2.0320197660801e+00
164.586059442000	3.3396301195489e+00
164.616038687800	4.6491729919142e+00
164.646017933600	5.9594839465798e+00
164.675997179400	7.2693978649211e+00
164.705976425200	8.5777500089582e+00
164.735955671000	9.8833770833182e+00
164.765934916800	1.1185118295501e+01
164.795914162600	1.2481816413467e+01
164.825893408400	1.3772318819558e+01
164.855872654200	1.5055478559796e+01
164.885851900000	1.6330155387553e+01
164.915831145800	1.7595216800662e+01
164.945810391600	1.8849539070980e+01
164.975789637400	2.0092008265469e+01
165.005768883200	2.1321521257836e+01
165.035748129000	2.2536986729804e+01
165.065727374800	2.3737326161089e+01
165.095706620600	2.4921474807164e+01
165.125685866400	2.6088382663902e+01
165.155665112200	2.7237015418221e+01
165.185644358000	2.8366355383840e+01
165.215623603800	2.9475402421286e+01
165.245602849600	3.0563174841312e+01
165.275582095400	3.1628710290877e+01
165.305561341200	3.2671066620887e+01
165.335540587000	3.3689322734893e+01
165.365519832800	3.4682579417963e+01
165.395499078600	3.5649960144967e+01
165.425478324400	3.6590611867534e+01
165.455457570200	3.7503705778959e+01
165.485436816000	3.8388438056362e+01
165.515416061800	3.9244030579407e+01
165.545395307600	4.0069731624938e+01
165.575374553400	4.0864816536892e+01
165.605353799200	4.1628588370873e+01
165.635333045000	4.2360378512806e+01
165.665312290800	4.3059547271106e+01
165.695291536600	4.3725484441820e+01
165.725270782400	4.4357609846242e+01
165.755250028200	4.4955373840498e+01
165.785229274000	4.5518257796651e+01
165.815208519800	4.6045774554896e+01
165.845187765600	4.6537468846429e+01
165.875167011400	4.6992917686622e+01
165.905146257200	4.7411730738146e+01
165.935125503000	4.7793550643728e+01
165.965104748800	4.8138053328243e+01
165.995083994600	4.8444948269873e+01
166.025063240400	4.8713978740115e+01
166.055042486200	4.8944922012410e+01
166.085021732000	4.9137589539233e+01
166.115000977800	4.9291827097490e+01
166.144980223600	4.9407514902109e+01
166.174959469400	4.9484567687729e+01
166.204938715200	4.9522934758448e+01
166.234917961000	4.9522600005586e+01
166.264897206800	4.9483581893468e+01
166.294876452600	4.9405933413275e+01
166.324855698400	4.9289742005007e+01
166.354834944200	4.9135129447663e+01
166.384814190000	4.8942251717755e+01
166.414793435800	4.8711298816317e+01
166.444772681600	4.8442494564573e+01
166.474751927400	4.8136096368498e+01
166.504731173200	4.7792394952499e+01
166.534710419000	4.7411714062482e+01
166.564689664800	4.6994410138614e+01
166.594668910600	4.6540871958100e+01
166.624648156400	4.6051520248331e+01
166.654627402200	4.5526807270778e+01
166.684606648000	4.4967216376055e+01
166.714585893800	4.4373261530574e+01
166.744565139600	4.3745486815264e+01
166.774544385400	4.3084465896829e+01
166.804523631200	4.2390801472083e+01
166.834502877000	4.1665124685870e+01
166.864482122800	4.0908094523162e+01
166.894461368600	4.0120397175900e+01
166.924440614400	3.9302745385207e+01
166.954419860200	3.8455877759588e+01
166.984399106000	3.7580558069795e+01
167.014378351800	3.6677574521010e+01
167.044357597600	3.5747739003068e+01
167.074336843400	3.4791886319424e+01
167.104316089200	3.3810873395602e+01
167.134295335000	3.2805578467893e+01
167.164274580800	3.1776900253073e+01
167.194253826600	3.0725757099925e+01
167.224233072400	2.9653086123387e+01
167.254212318200	2.8559842322148e+01
167.284191564000	2.7446997680521e+01
167.314170809800	2.6315540255466e+01
167.344150055600	2.5166473249617e+01
167.374129301400	2.4000814071198e+01
167.404108547200	2.2819593381719e+01
167.434087793000	2.1623854132359e+01
167.464067038800	2.0414650589945e+01
167.494046284600	1.9193047353452e+01
167.524025530400	1.7960118361952e+01
167.554004776200	1.6716945894953e+01
167.583984022000	1.5464619566072e+01
167.613963267800	1.4204235310992e+01
167.643942513600	1.2936894370657e+01
167.673921759400	1.1663702270665e+01
167.703901005200	1.0385767797823e+01
167.733880251000	9.1042019748210e+00
167.763859496800	7.8201170340001e+00
167.793838742600	6.5346253911677e+00
167.823817988400	5.2488386204347e+00
167.853797234200	3.9638664310310e+00
167.883776480000	2.6808156470614e+00
167.913755725800	1.4007891911580e+00
167.943734971600	1.2488507298114e-01
167.973714217400	-1.1458046164834e+00
168.003693463200	-2.4101947038920e+00
168.033672709000	-3.6672079248409e+00
168.063651954800	-4.9157759065682e+00
168.093631200600	-6.1548401411446e+00
168.123610446400	-7.3833529482448e+00
168.153589692200	-8.6002784266037e+00
168.183568938000	-9.8045933932719e+00
168.213548183800	-1.0995288309798e+01
168.243527429600	-1.2171368194480e+01
168.273506675400	-1.3331853519831e+01
168.303485921200	-1.4475781094445e+01
168.333465167000	-1.5602204928429e+01
168.363444412800	-1.6710197081611e+01
168.393423658600	-1.7798848493744e+01
168.423402904400	-1.8867269795932e+01
168.453382150200	-1.9914592102539e+01
168.483361396000	-2.0939967782853e+01
168.513340641800	-2.1942571211790e+01
168.543319887600	-2.2921599498964e+01
168.573299133400	-2.3876273195442e+01
168.603278379200	-2.4805836977555e+01
168.633257625000	-2.5709560307125e+01
168.663236870800	-2.6586738067531e+01
168.693216116600	-2.7436691175012e+01
168.723195362400	-2.8258767164685e+01
168.753174608200	-2.9052340750723e+01
168.783153854000	-2.9816814360207e+01
168.813133099800	-3.0551618640172e+01
168.843112345600	-3.1256212937394e+01
168.873091591400	-3.1930085750495e+01
168.903070837200	-3.2572755153968e+01
168.933050083000	-3.3183769193743e+01
168.963029328800	-3.3762706253969e+01
168.993008574600	-3.4309175394680e+01
169.022987820400	-3.4822816660051e+01
169.052967066200	-3.5303301357016e+01
169.082946312000	-3.5750332303972e+01
169.112925557800	-3.6163644049407e+01
169.142904803600	-3.6543003060251e+01
169.172884049400	-3.6888207879817e+01
169.202863295200	-3.7199089255213e+01
169.232842541000	-3.7475510234140e+01
169.262821786800	-3.7717366231013e+01
169.292801032600	-3.7924585062386e+01
169.322780278400	-3.8097126951672e+01
169.352759524200	-3.8234984503197e+01
169.382738770000	-3.8338182645636e+01
169.412718015800	-3.8406778544935e+01
169.442697261600	-3.8440861486825e+01
169.472676507400	-3.8440552729072e+01
169.502655753200	-3.8406005323652e+01
169.532634999000	-3.8337403909041e+01
169.562614244800	-3.8234964472855e+01
169.592593490600	-3.8098934085110e+01
169.622572736400	-3.7929590602371e+01
169.652551982200	-3.7727242343124e+01
169.682531228000	-3.7492227734702e+01
169.712510473800	-3.7224914932137e+01
169.742489719600	-3.6925701409334e+01
169.772468965400	-3.6595013522993e+01
169.802448211200	-3.6233306049716e+01
169.832427457000	-3.5841061696782e+01
169.862406702800	-3.5418790587085e+01
169.892385948600	-3.4967029718748e+01
169.922365194400	-3.4486342399973e+01
169.952344440200	-3.3977317659678e+01
169.982323686000	-3.3440569634535e+01
170.012302931800	-3.2876736932994e+01
170.042282177600	-3.2286481976949e+01
170.072261423400	-3.1670490321696e+01
170.102240669200	-3.1029469954849e+01
170.132219915000	-3.0364150574926e+01
170.162199160800	-2.9675282850298e+01
170.192178406600	-2.8963637659256e+01
170.222157652400	-2.8230005311919e+01
170.252136898200	-2.7475194754776e+01
170.282116144000	-2.6700032758619e+01
170.312095389800	-2.5905363090686e+01
170.342074635600	-2.5092045671803e+01
170.372053881400	-2.4260955719371e+01
170.402033127200	-2.3412982877023e+01
170.432012373000	-2.2549030331799e+01
170.461991618800	-2.1670013919713e+01
170.491970864600	-2.0776861220564e+01
170.521950110400	-1.9870510642892e+01
170.551929356200	-1.8951910499950e+01
170.581908602000	-1.8022018077604e+01
170.611887847800	-1.7081798695050e+01
170.641867093600	-1.6132224759272e+01
170.671846339400	-1.5174274814144e+01
170.701825585200	-1.4208932585107e+01
170.731804831000	-1.3237186020330e+01
170.761784076800	-1.2260026329294e+01
170.791763322600	-1.1278447019711e+01
170.821742568400	-1.0293442933723e+01
170.851721814200	-9.3060092842866e+00
170.881701060000	-8.3171406926916e+00
170.911680305800	-7.3278302281202e+00
170.941659551600	-6.3390684501768e+00
170.971638797400	-5.3518424553037e+00
171.001618043200	-4.3671349279955e+00
171.031597289000	-3.3859231977195e+00
171.061576534800	-2.4091783024434e+00
171.091555780600	-1.4378640596633e+00
171.121535026400	-4.7293614581830e-01
171.151514272200	4.8465881503117e-01
171.181493518000	1.4339841523958e+00
171.211472763800	2.3741140395628e+00
171.241452009600	3.3041343719702e+00
171.271431255400	4.2231436329165e+00
171.301410501200	5.1302537457872e+00
171.331389747000	6.0245909119903e+00
171.361368992800	6.9052964338119e+00
171.391348238600	7.7715275214131e+00
171.421327484400	8.6224580832105e+00
171.451306730200	9.4572794988946e+00
171.481285976000	1.0275201374363e+01
171.511265221800	1.1075452277858e+01
171.541244467600	1.1857280456620e+01
171.571223713400	1.2619954533394e+01
171.601202959200	1.3362764182122e+01
171.631182205000	1.4085020782216e+01
171.661161450800	1.4786058050790e+01
171.691140696600	1.5465232652262e+01
171.721119942400	1.6121924784777e+01
171.751099188200	1.6755538742896e+01
171.781078434000	1.7365503456047e+01
171.811057679800	1.7951273002237e+01
171.841036925600	1.8512327096553e+01
171.871016171400	1.9048171554024e+01
171.900995417200	1.9558338726408e+01
171.930974663000	2.0042387912520e+01
171.960953908800	2.0499905741733e+01
171.990933154600	2.0930506530312e+01
172.020912400400	2.1333832610263e+01
172.050891646200	2.1709554630416e+01
172.080870892000	2.2057371829471e+01
172.110850137800	2.2377012280794e+01
172.140829383600	2.2668233108732e+01
172.170808629400	2.2930820676290e+01
172.200787875200	2.3164590744018e+01
172.230767121000	2.3369388599968e+01
172.260746366800	2.3545089160654e+01
172.290725612600	2.3691597042934e+01
172.320704858400	2.3808846606774e+01
172.350684104200	2.3896801968901e+01
172.380663350000	2.3955456987345e+01
172.410642595800	2.3984835216934e+01
172.440621841600	2.3984989835807e+01
172.470601087400	2.3956003543052e+01
172.500580333200	2.3897988427606e+01
172.530559579000	2.3811085808563e+01
172.560538824800	2.3695466047090e+01
172.590518070600	2.3551328330160e+01
172.620497316400	2.3378900426343e+01
172.650476562200	2.3178438413921e+01
172.680455808000	2.2950226381625e+01
172.710435053800	2.2694576102318e+01
172.740414299600	2.2411826679963e+01
172.770393545400	2.2102344170254e+01
172.800372791200	2.1766521175304e+01
172.830352037000	2.1404776412824e+01
172.860331282800	2.1017554260217e+01
172.890310528600	2.0605324274087e+01
172.920289774400	2.0168580685628e+01
172.950269020200	1.9707841872437e+01
172.980248266000	1.9223649807271e+01
173.010227511800	1.8716569484317e+01
173.040206757600	1.8187188323564e+01
173.070186003400	1.7636115553866e+01
173.100165249200	1.7063981575335e+01
173.130144495000	1.6471437301700e+01
173.160123740800	1.5859153483290e+01
173.190102986600	1.5227820011337e+01
173.220082232400	1.4578145204273e+01
173.250061478200	1.3910855076762e+01
173.280040724000	1.3226692592179e+01
173.310019969800	1.2526416899294e+01
173.339999215600	1.1810802553908e+01
173.369978461400	1.1080638726241e+01
173.399957707200	1.0336728394830e+01
173.429936953000	9.5798875277639e+00
173.459916198800	8.8109442520498e+00
173.489895444600	8.0307380119454e+00
173.519874690400	7.2401187170843e+00
173.549853936200	6.4399458812392e+00
173.579833182000	5.6310877525732e+00
173.609812427800	4.8144204362388e+00
173.639791673600	3.9908270101874e+00
173.669770919400	3.1611966350634e+00
173.699750165200	2.3264236590558e+00
173.729729411000	1.4874067185897e+00
173.759708656800	6.4504783574070e-01
173.789687902600	-1.9974848674284e-01
173.819667148400	-1.0460761719209e+00
173.849646394200	-1.8930284757590e+00
173.879625640000	-2.7396988939521e+00
173.909604885800	-3.5851820675906e+00
173.939584131600	-4.4285746867799e+00
173.969563377400	-5.2689763913340e+00
173.999542623200	-6.1054906676628e+00
174.029521869000	-6.9372257409784e+00
174.059501114800	-7.7632954619529e+00
174.089480360600	-8.5828201869620e+00
174.119459606400	-9.3949276510614e+00
174.149438852200	-1.0198753832845e+01
174.179418098000	-1.0993443810347e+01
174.209397343800	-1.1778152607156e+01
174.239376589600	-1.2552046027926e+01
174.269355835400	-1.3314301482462e+01
174.299335081200	-1.4064108797606e+01
174.329314327000	-1.4800671016112e+01
174.359293572800	-1.5523205181760e+01
174.389272818600	-1.6230943109936e+01
174.419252064400	-1.6923132142952e+01
174.449231310200	-1.7599035889364e+01
174.479210556000	-1.8257934946577e+01
174.509189801800	-1.8899127606061e+01
174.539169047600	-1.9521930540482e+01
174.569148293400	-2.0125679472093e+01
174.599127539200	-2.0709729821758e+01
174.629106785000	-2.1273457337974e+01
174.659086030800	-2.1816258705298e+01
174.689065276600	-2.2337552131599e+01
174.719044522400	-2.2836777913579e+01
174.749023768200	-2.3313398980014e+01
174.779003014000	-2.3766901412218e+01
174.808982259800	-2.4196794941229e+01
174.838961505600	-2.4602613421240e+01
174.868940751400	-2.4983915278852e+01
174.898919997200	-2.5340283937697e+01
174.928899243000	-2.5671328218066e+01
174.958878488800	-2.5976682711145e+01
174.988857734600	-2.6256008127524e+01
175.018836980400	-2.6508991619654e+01
175.048816226200	-2.6735347077954e+01
175.078795472000	-2.6934815400306e+01
175.108774717800	-2.7107164734676e+01
175.138753963600	-2.7252190694669e+01
175.168733209400	-2.7369716547802e+01
175.198712455200	-2.7459593376348e+01
175.228691701000	-2.7521700210604e+01
175.258670946800	-2.7555944134479e+01
175.288650192600	-2.7562260363314e+01
175.318629438400	-2.7540612293881e+01
175.348608684200	-2.7490991526535e+01
175.378587930000	-2.7413417859505e+01
175.408567175800	-2.7307939255369e+01
175.438546421600	-2.7174631779750e+01
175.468525667400	-2.7013599512319e+01
175.498504913200	-2.6824974430213e+01
175.528484159000	-2.6608916264001e+01
175.558463404800	-2.6365612326359e+01
175.588442650600	-2.6095277313636e+01
175.618421896400	-2.5798153080536e+01
175.648401142200	-2.5474508388142e+01
175.678380388000	-2.5124638625563e+01
175.708359633800	-2.4748865505476e+01
175.738338879600	-2.4347536733903e+01
175.768318125400	-2.3921025654538e+01
175.798297371200	-2.3469730868015e+01
175.828276617000	-2.2994075826492e+01
175.858255862800	-2.2494508403971e+01
175.888235108600	-2.1971500442788e+01
175.918214354400	-2.1425547276738e+01
175.948193600200	-2.0857167231317e+01
175.978172846000	-2.0266901101586e+01
176.008152091800	-1.9655311608182e+01
176.038131337600	-1.9022982832025e+01
176.068110583400	-1.8370519628294e+01
176.098089829200	-1.7698547020251e+01
176.128069075000	-1.7007709573530e+01
176.158048320800	-1.6298670751513e+01
176.188027566600	-1.5572112252430e+01
176.218006812400	-1.4828733328864e+01
176.247986058200	-1.4069250090321e+01
176.277965304000	-1.3294394789565e+01
176.307944549800	-1.2504915093433e+01
176.337923795600	-1.1701573338854e+01
176.367903041400	-1.0885145774802e+01
176.397882287200	-1.0056421790947e+01
176.427861533000	-9.2162031337622e+00
176.457840778800	-8.3653031108635e+00
176.487820024600	-7.5045457843724e+00
176.517799270400	-6.6347651540970e+00
176.547778516200	-5.7568043313398e+00
176.577757762000	-4.8715147041480e+00
176.607737007800	-3.9797550948290e+00
176.637716253600	-3.0823909105638e+00
176.667695499400	-2.1802932879535e+00
176.697674745200	-1.2743382323422e+00
176.727653991000	-3.6540575276313e-01
176.757633236800	5.4562100664046e-01
176.787612482600	1.4578566378676e+00
176.817591728400	2.3704143421275e+00
176.847570974200	3.2824068038671e+00
176.877550220000	4.1929470649001e+00
176.907529465800	5.1011493977814e+00
176.937508711600	6.0061301775694e+00
176.967487957400	6.9070087511246e+00
176.997467203200	7.8029083030917e+00
177.027446449000	8.6929567177199e+00
177.057425694800	9.5762874356770e+00
177.087404940600	1.0452040305023e+01
177.117384186400	1.1319362425507e+01
177.147363432200	1.2177408985374e+01
177.177342678000	1.3025344089850e+01
177.207321923800	1.3862341580514e+01
177.237301169600	1.4687585844749e+01
177.267280415400	1.5500272614485e+01
177.297259661200	1.6299609753462e+01
177.327238907000	1.7084818032240e+01
177.357218152800	1.7855131890217e+01
177.387197398600	1.8609800183894e+01
177.417176644400	1.9348086920683e+01
177.447155890200	2.0069271977531e+01
177.477135136000	2.0772651803676e+01
177.507114381800	2.1457540106842e+01
177.537093627600	2.2123268522223e+01
177.567072873400	2.2769187263601e+01
177.597052119200	2.3394665755968e+01
177.627031365000	2.3999093249056e+01
177.657010610800	2.4581879411161e+01
177.686989856600	2.5142454902716e+01
177.716969102400	2.5680271929037e+01
177.746948348200	2.6194804771731e+01
177.776927594000	2.6685550298246e+01
177.806906839800	2.7152028449073e+01
177.836886085600	2.7593782702153e+01
177.866865331400	2.8010380514013e+01
177.896844577200	2.8401413737248e+01
177.926823823000	2.8766499013925e+01
177.956803068800	2.9105278144549e+01
177.986782314600	2.9417418432236e+01
178.016761560400	2.9702613001777e+01
178.046740806200	2.9960581093282e+01
178.076720052000	3.0191068330142e+01
178.106699297800	3.0393846961046e+01
178.136678543600	3.0568716075845e+01
178.166657789400	3.0715501795047e+01
178.196637035200	3.0834057432787e+01
178.226616281000	3.0924263633115e+01
178.256595526800	3.0986028479491e+01
178.286574772600	3.1019287577382e+01
178.316554018400	3.1024004109900e+01
178.346533264200	3.1000168866450e+01
178.376512510000	3.0947800244347e+01
178.406491755800	3.0866944223444e+01
178.436471001600	3.0757674313790e+01
178.466450247400	3.0620091476383e+01
178.496429493200	3.0454324017125e+01
178.526408739000	3.0260527454076e+01
178.556387984800	3.0038884358160e+01
178.586367230600	2.9789604167495e+01
178.616346476400	2.9512922975533e+01
178.646325722200	2.9209103293237e+01
178.676304968000	2.8878433785539e+01
178.706284213800	2.8521228982345e+01
178.736263459600	2.8137828964389e+01
178.766242705400	2.7728599024254e+01
178.796221951200	2.7293929302891e+01
178.826201197000	2.6834234402033e+01
178.856180442800	2.6349952972860e+01
178.886159688600	2.5841547281351e+01
178.916138934400	2.5309502750759e+01
178.946118180200	2.4754327481651e+01
178.976097426000	2.4176551750018e+01
179.006076671800	2.3576727483931e+01
179.036055917600	2.2955427719284e+01
179.066035163400	2.2313246035159e+01
179.096014409200	2.1650795969374e+01
179.125993655000	2.0968710414796e+01
179.155972900800	2.0267640997024e+01
179.185952146600	1.9548257434048e+01
179.215931392400	1.8811246878528e+01
179.245910638200	1.8057313243347e+01
179.275889884000	1.7287176511091e+01
179.305869129800	1.6501572028157e+01
179.335848375600	1.5701249784170e+01
179.365827621400	1.4886973677434e+01
179.395806867200	1.4059520767133e+01
179.425786113000	1.3219680513022e+01
179.455765358800	1.2368254003358e+01
179.485744604600	1.1506053171830e+01
179.515723850400	1.0633900004262e+01
179.545703096200	9.7526257358595e+00
179.575682342000	8.8630700398048e+00
179.605661587800	7.9660802079817e+00
179.635640833600	7.0625103246446e+00
179.665620079400	6.1532204338387e+00
179.695599325200	5.2390757013888e+00
179.725578571000	4.3209455722784e+00
179.755557816800	3.3997029242442e+00
179.785537062600	2.4762232184146e+00
179.815516308400	1.5513836478245e+00
179.845495554200	6.2606228463848e-01
179.875474800000	-2.9886277308354e-01
179.905454045800	-1.2225142542449e+00
179.935433291600	-2.1440165663608e+00
179.965412537400	-3.0624966451671e+00
179.995391783200	-3.9770848013593e+00
180.025371029000	-4.8869155636357e+00
180.055350274800	-5.7911285172246e+00
180.085329520600	-6.6888691370769e+00
180.115308766400	-7.5792896149137e+00
180.145288012200	-8.4615496793240e+00
180.175267258000	-9.3348174081155e+00
180.205246503800	-1.0198270032127e+01
180.235225749600	-1.1051094729724e+01
180.265204995400	-1.1892489411204e+01
180.295184241200	-1.2721663492352e+01
180.325163487000	-1.3537838656393e+01
180.355142732800	-1.4340249603612e+01
180.385121978600	-1.5128144787898e+01
180.415101224400	-1.5900787139520e+01
180.445080470200	-1.6657454773422e+01
180.475059716000	-1.7397441682358e+01
180.505038961800	-1.8120058414190e+01
180.535018207600	-1.8824632732714e+01
180.564997453400	-1.9510510261353e+01
180.594976699200	-2.0177055109111e+01
180.624955945000	-2.0823650478193e+01
180.654935190800	-2.1449699252680e+01
180.684914436600	-2.2054624567728e+01
180.714893682400	-2.2637870358712e+01
180.744872928200	-2.3198901889821e+01
180.774852174000	-2.3737206261565e+01
180.804831419800	-2.4252292896739e+01
180.834810665600	-2.4743694004361e+01
180.864789911400	-2.5210965021147e+01
180.894769157200	-2.5653685030112e+01
180.924748403000	-2.6071457155884e+01
180.954727648800	-2.6463908936372e+01
180.984706894600	-2.6830692670425e+01
181.014686140400	-2.7171485741166e+01
181.044665386200	-2.7485990914686e+01
181.074644632000	-2.7773936613833e+01
181.104623877800	-2.8035077166826e+01
181.134603123600	-2.8269193030473e+01
181.164582369400	-2.8476090987791e+01
181.194561615200	-2.8655604319840e+01
181.224540861000	-2.8807592951623e+01
181.254520106800	-2.8931943571917e+01
181.284499352600	-2.9028569726937e+01
181.314478598400	-2.9097411887755e+01
181.344457844200	-2.9138437491419e+01
181.374437090000	-2.9151640955740e+01
181.404416335800	-2.9137043667763e+01
181.434395581600	-2.9094693945930e+01
181.464374827400	-2.9024666975990e+01
181.494354073200	-2.8927064720747e+01
181.524333319000	-2.8802015803716e+01
181.554312564800	-2.8649675366853e+01
181.584291810600	-2.8470224902482e+01
181.614271056400	-2.8263872059604e+01
181.644250302200	-2.8030850424806e+01
181.674229548000	-2.7771419277972e+01
181.704208793800	-2.7485863323069e+01
181.734188039600	-2.7174492394275e+01
181.764167285400	-2.6837641137745e+01
181.794146531200	-2.6475668669350e+01
181.824125777000	-2.6088958208728e+01
181.854105022800	-2.5677916690017e+01
181.884084268600	-2.5242974349668e+01
181.914063514400	-2.4784584291743e+01
181.944042760200	-2.4303222031150e+01
181.974022006000	-2.3799385015260e+01
182.004001251800	-2.3273592124382e+01
182.033980497600	-2.2726383151613e+01
182.063959743400	-2.2158318262565e+01
182.093938989200	-2.1569977435517e+01
182.123918235000	-2.0961959882539e+01
182.153897480800	-2.0334883452182e+01
182.183876726600	-1.9689384014310e+01
182.213855972400	-1.9026114827688e+01
182.243835218200	-1.8345745890965e+01
182.273814464000	-1.7648963277677e+01
182.303793709800	-1.6936468455945e+01
182.333772955600	-1.6208977593531e+01
182.363752201400	-1.5467220848937e+01
182.393731447200	-1.4711941649263e+01
182.423710693000	-1.3943895955513e+01
182.453689938800	-1.3163851516095e+01
182.483669184600	-1.2372587109238e+01
182.513648430400	-1.1570891775079e+01
182.543627676200	-1.0759564038173e+01
182.573606922000	-9.9394111211924e+00
182.603586167800	-9.1112481505857e+00
182.633565413600	-8.2758973549822e+00
182.663544659400	-7.4341872571251e+00
182.693523905200	-6.5869518601292e+00
182.723503151000	-5.7350298288597e+00
182.753482396800	-4.8792636672363e+00
182.783461642600	-4.0204988922680e+00
182.813440888400	-3.1595832056296e+00
182.843420134200	-2.2973656635883e+00
182.873399380000	-1.4346958460955e+00
182.903378625800	-5.7242302585470e-01
182.933357871600	2.8860466182111e-01
182.963337117400	1.1475410475517e+00
182.993316363200	2.0035427540226e+00
183.023295609000	2.8557700189014e+00
183.053274854800	3.7033875137360e+00
183.083254100600	4.5455651580346e+00
183.113233346400	5.3814789277357e+00
183.143212592200	6.2103116572788e+00
183.173191838000	7.0312538344966e+00
183.203171083800	7.8435043875542e+00
183.233150329600	8.6462714631703e+00
183.263129575400	9.4387731953643e+00
183.293108821200	1.0220238463982e+01
183.323088067000	1.0989907642266e+01
183.353067312800	1.1747033332739e+01
183.383046558600	1.2490881090697e+01
183.413025804400	1.3220730134599e+01
183.443005050200	1.3935874042682e+01
183.472984296000	1.4635621435105e+01
183.502963541800	1.5319296640983e+01
183.532942787600	1.5986240349660e+01
183.562922033400	1.6635810245585e+01
183.592901279200	1.7267381626187e+01
183.622880525000	1.7880348002155e+01
183.652859770800	1.8474121679540e+01
183.682839016600	1.9048134323116e+01
183.712818262400	1.9601837500475e+01
183.742797508200	2.0134703206311e+01
183.772776754000	2.0646224366413e+01
183.802755999800	2.1135915320869e+01
183.832735245600	2.1603312286025e+01
183.862714491400	2.2047973794763e+01
183.892693737200	2.2469481114671e+01
183.922672983000	2.2867438643707e+01
183.952652228800	2.3241474282997e+01
183.982631474600	2.3591239786393e+01
184.012610720400	2.3916411086476e+01
184.042589966200	2.4216688596695e+01
184.072569212000	2.4491797489352e+01
184.102548457800	2.4741487949188e+01
184.132527703600	2.4965535402314e+01
184.162506949400	2.5163740720306e+01
184.192486195200	2.5335930399239e+01
184.222465441000	2.5481956713537e+01
184.252444686800	2.5601697844471e+01
184.282423932600	2.5695057983218e+01
184.312403178400	2.5761967408368e+01
184.342382424200	2.5802382537839e+01
184.372361670000	2.5816285955153e+01
184.402340915800	2.5803686410060e+01
184.432320161600	2.5764618793523e+01
184.462299407400	2.5699144087108e+01
184.492278653200	2.5607349286836e+01
184.522257899000	2.5489347301588e+01
184.552237144800	2.5345276826171e+01
184.582216390600	2.5175302189197e+01
184.612195636400	2.4979613175911e+01
184.642174882200	2.4758424826190e+01
184.672154128000	2.4511977207885e+01
184.702133373800	2.4240535165778e+01
184.732112619600	2.3944388046382e+01
184.762091865400	2.3623849398888e+01
184.792071111200	2.3279256652551e+01
184.822050357000	2.2910970770848e+01
184.852029602800	2.2519375882763e+01
184.882008848600	2.2104878891564e+01
184.911988094400	2.1667909061473e+01
184.941967340200	2.1208917582640e+01
184.971946586000	2.0728377114867e+01
185.001925831800	2.0226781310530e+01
185.031905077600	1.9704644317180e+01
185.061884323400	1.9162500260331e+01
185.091863569200	1.8600902706931e+01
185.121842815000	1.8020424110075e+01
185.151822060800	1.7421655235494e+01
185.181801306600	1.6805204570404e+01
185.211780552400	1.6171697715296e+01
185.241759798200	1.5521776759275e+01
185.271739044000	1.4856099639570e+01
185.301718289800	1.4175339485843e+01
185.331697535600	1.3480183949956e+01
185.361676781400	1.2771334521855e+01
185.391656027200	1.2049505832246e+01
185.421635273000	1.1315424942764e+01
185.451614518800	1.0569830624322e+01
185.481593764600	9.8134726243608e+00
185.511573010400	9.0471109237248e+00
185.541552256200	8.2715149838942e+00
185.571531502000	7.4874629853137e+00
185.601510747800	6.6957410575734e+00
185.631489993600	5.8971425021967e+00
185.661469239400	5.0924670088013e+00
185.691448485200	4.2825198654057e+00
185.721427731000	3.4681111636556e+00
185.751406976800	2.6500549997531e+00
185.781386222600	1.8291686718742e+00
185.811365468400	1.0062718748598e+00
185.841344714200	1.8218589297463e-01
185.871323960000	-6.4226720847774e-01
185.901303205800	-1.4662653918887e+00
185.931282451600	-2.2889874556359e+00
185.961261697400	-3.1096138411402e+00
185.991240943200	-3.9273274378974e+00
186.021220189000	-4.7413143856983e+00
186.051199434800	-5.5507648732512e+00
186.081178680600	-6.3548739324269e+00
186.111157926400	-7.1528422273503e+00
186.141137172200	-7.9438768375670e+00
186.171116418000	-8.7271920345220e+00
186.201095663800	-9.5020100505913e+00
186.231074909600	-1.0267561839919e+01
186.261054155400	-1.1023087830313e+01
186.291033401200	-1.1767838665480e+01
186.321012647000	-1.2501075936854e+01
186.350991892800	-1.3222072904335e+01
186.380971138600	-1.3930115205212e+01
186.410950384400	-1.4624501550602e+01
186.440929630200	-1.5304544408707e+01
186.470908876000	-1.5969570674248e+01
186.500888121800	-1.6618922323416e+01
186.530867367600	-1.7251957053696e+01
186.560846613400	-1.7868048907968e+01
186.590825859200	-1.8466588882260e+01
186.620805105000	-1.9046985516575e+01
186.650784350800	-1.9608665468216e+01
186.680763596600	-2.0151074067068e+01
186.710742842400	-2.0673675852283e+01
186.740722088200	-2.1175955089867e+01
186.770701334000	-2.1657416270665e+01
186.800680579800	-2.2117584588262e+01
186.830659825600	-2.2556006396349e+01
186.860639071400	-2.2972249645110e+01
186.890618317200	-2.3365904296217e+01
186.920597563000	-2.3736582716030e+01
186.950576808800	-2.4083920046633e+01
186.980556054600	-2.4407574554356e+01
187.010535300400	-2.4707227955441e+01
187.040514546200	-2.4982585718557e+01
187.070493792000	-2.5233377343864e+01
187.100473037800	-2.5459356618387e+01
187.130452283600	-2.5660301847428e+01
187.160431529400	-2.5836016061835e+01
187.190410775200	-2.5986327200913e+01
187.220390021000	-2.6111088270814e+01
187.250369266800	-2.6210177478280e+01
187.280348512600	-2.6283498339585e+01
187.310327758400	-2.6330979764619e+01
187.340307004200	-2.6352576116018e+01
187.370286250000	-2.6348267243300e+01
187.400265495800	-2.6318058491996e+01
187.430244741600	-2.6261980687760e+01
187.460223987400	-2.6180090095503e+01
187.490203233200	-2.6072468353595e+01
187.520182479000	-2.5939222383209e+01
187.550161724800	-2.5780484272913e+01
187.580140970600	-2.5596411138633e+01
187.610120216400	-2.5387184959134e+01
187.640099462200	-2.5153012387195e+01
187.670078708000	-2.4894124536670e+01
187.700057953800	-2.4610776745663e+01
187.730037199600	-2.4303248316049e+01
187.760016445400	-2.3971842229619e+01
187.789995691200	-2.3616884841130e+01
187.819974937000	-2.3238725548575e+01
187.849954182800	-2.2837736441007e+01
187.879933428600	-2.2414311924272e+01
187.909912674400	-2.1968868325026e+01
187.939891920200	-2.1501843473441e+01
187.969871166000	-2.1013696265011e+01
187.999850411800	-2.0504906201898e+01
188.029829657600	-1.9975972914287e+01
188.059808903400	-1.9427415662213e+01
188.089788149200	-1.8859772818373e+01
188.119767395000	-1.8273601332423e+01
188.149746640800	-1.7669476177304e+01
188.179725886600	-1.7047989778153e+01
188.209705132400	-1.6409751424348e+01
188.239684378200	-1.5755386665286e+01
188.269663624000	-1.5085536690495e+01
188.299642869800	-1.4400857694684e+01
188.329622115600	-1.3702020228365e+01
188.359601361400	-1.2989708534694e+01
188.389580607200	-1.2264619873185e+01
188.419559853000	-1.1527463830959e+01
188.449539098800	-1.0778961622221e+01
188.479518344600	-1.0019845376645e+01
188.509497590400	-9.2508574173783e+00
188.539476836200	-8.4727495293705e+00
188.569456082000	-7.6862822187562e+00
188.599435327800	-6.8922239640123e+00
188.629414573600	-6.0913504596351e+00
188.659393819400	-5.2844438530774e+00
188.689373065200	-4.4722919756976e+00
188.719352311000	-3.6556875684776e+00
188.749331556800	-2.8354275032702e+00
188.779310802600	-2.0123120003403e+00
188.809290048400	-1.1871438429695e+00
188.839269294200	-3.6072758989469e-01
188.869248540000	4.6613121364787e-01
188.899227785800	1.2926268254973e+00
188.929207031600	2.1179540959898e+00
188.959186277400	2.9413092564523e+00
188.989165523200	3.7618907059973e+00
189.019144769000	4.5788997958477e+00
189.049124014800	5.3915416104248e+00
189.079103260600	6.1990257444358e+00
189.109082506400	7.0005670752011e+00
189.139061752200	7.7953865294668e+00
189.169040998000	8.5827118439540e+00
189.199020243800	9.3617783189020e+00
189.228999489600	1.0131829563871e+01
189.258978735400	1.0892118235079e+01
189.288957981200	1.1641906763545e+01
189.318937227000	1.2380468073349e+01
189.348916472800	1.3107086289287e+01
189.378895718600	1.3821057433244e+01
189.408874964400	1.4521690108613e+01
189.438854210200	1.5208306172085e+01
189.468833456000	1.5880241392158e+01
189.498812701800	1.6536846093737e+01
189.528791947600	1.7177485788187e+01
189.558771193400	1.7801541788232e+01
189.588750439200	1.8408411807116e+01
189.618729685000	1.8997510541423e+01
189.648708930800	1.9568270237018e+01
189.678688176600	2.0120141237543e+01
189.708667422400	2.0652592514950e+01
189.738646668200	2.1165112181554e+01
189.768625914000	2.1657207983112e+01
189.798605159800	2.2128407772463e+01
189.828584405600	2.2578259963261e+01
189.858563651400	2.3006333963372e+01
189.888542897200	2.3412220587522e+01
189.918522143000	2.3795532448799e+01
189.948501388800	2.4155904328633e+01
189.978480634600	2.4492993524902e+01
190.008459880400	2.4806480177838e+01
190.038439126200	2.5096067573419e+01
190.068418372000	2.5361482423962e+01
190.098397617800	2.5602475125650e+01
190.128376863600	2.5818819992754e+01
190.158356109400	2.6010315468333e+01
190.188335355200	2.6176784311212e+01
190.218314601000	2.6318073759071e+01
190.248293846800	2.6434055667485e+01
190.278273092600	2.6524626624808e+01
190.308252338400	2.6589708042784e+01
190.338231584200	2.6629246222812e+01
190.368210830000	2.6643212397820e+01
190.398190075800	2.6631602749694e+01
190.428169321600	2.6594438402295e+01
190.458148567400	2.6531765390040e+01
190.488127813200	2.6443654602120e+01
190.518107059000	2.6330201702406e+01
190.548086304800	2.6191527025134e+01
190.578065550600	2.6027775446492e+01
190.608044796400	2.5839116232231e+01
190.638024042200	2.5625742861469e+01
190.668003288000	2.5387872826877e+01
190.697982533800	2.5125747411438e+01
190.727961779600	2.4839631442022e+01
190.757941025400	2.4529813020030e+01
190.787920271200	2.4196603229362e+01
190.817899517000	2.3840335822037e+01
190.847878762800	2.3461366881753e+01
190.877858008600	2.3060074465744e+01
190.907837254400	2.2636858225294e+01
190.937816500200	2.2192139005278e+01
190.967795746000	2.1726358423153e+01
190.997774991800	2.1239978427791e+01
191.027754237600	2.0733480838632e+01
191.057733483400	2.0207366865581e+01
191.087712729200	1.9662156610155e+01
191.117691975000	1.9098388548368e+01
191.147671220800	1.8516618995862e+01
191.177650466600	1.7917421555831e+01
191.207629712400	1.7301386550274e+01
191.237608958200	1.6669120435145e+01
191.267588204000	1.6021245199990e+01
191.297567449800	1.5358397752648e+01
191.327546695600	1.4681229289644e+01
191.357525941400	1.3990404652883e+01
191.387505187200	1.3286601673297e+01
191.417484433000	1.2570510502074e+01
191.447463678800	1.1842832930146e+01
191.477442924600	1.1104281696609e+01
191.507422170400	1.0355579786737e+01
191.537401416200	9.5974597203112e+00
191.567380662000	8.8306628309456e+00
191.597359907800	8.0559385371240e+00
191.627339153600	7.2740436056710e+00
191.657318399400	6.4857414083772e+00
191.687297645200	5.6918011725125e+00
191.717276891000	4.8929972259626e+00
191.747256136800	4.0901082377324e+00
191.777235382600	3.2839164545617e+00
191.807214628400	2.4752069344024e+00
191.837193874200	1.6647667775110e+00
191.867173120000	8.5338435590861e-01
191.897152365800	4.1848541966213e-02
191.927131611600	-7.6905206313043e-01
191.957110857400	-1.5785299002794e+00
191.987090103200	-2.3857992219701e+00
192.017069349000	-3.1900768596467e+00
192.047048594800	-3.9905829881768e+00
192.077027840600	-4.7865418866772e+00
192.107007086400	-5.5771826949540e+00
192.136986332200	-6.3617401648177e+00
192.166965578000	-7.1394554055398e+00
192.196944823800	-7.9095766227230e+00
192.226924069600	-8.6713598498648e+00
192.256903315400	-9.4240696719015e+00
192.286882561200	-1.0166979940027e+01
192.316861807000	-1.0899374477089e+01
192.346841052800	-1.1620547772882e+01
192.376820298600	-1.2329805668648e+01
192.406799544400	-1.3026466030141e+01
192.436778790200	-1.3709859408570e+01
192.466758036000	-1.4379329688813e+01
192.496737281800	-1.5034234724252e+01
192.526716527600	-1.5673946957611e+01
192.556695773400	-1.6297854027213e+01
192.586675019200	-1.6905359358052e+01
192.616654265000	-1.7495882737119e+01
192.646633510800	-1.8068860872418e+01
192.676612756600	-1.8623747935140e+01
192.706592002400	-1.9160016084462e+01
192.736571248200	-1.9677155974479e+01
192.766550494000	-2.0174677242763e+01
192.796529739800	-2.0652108980099e+01
192.826508985600	-2.1109000180927e+01
192.856488231400	-2.1544920174077e+01
192.886467477200	-2.1959459033366e+01
192.916446723000	-2.2352227967683e+01
192.946425968800	-2.2722859690168e+01
192.976405214600	-2.3071008766160e+01
193.006384460400	-2.3396351939556e+01
193.036363706200	-2.3698588437293e+01
193.066342952000	-2.3977440251649e+01
193.096322197800	-2.4232652400115e+01
193.126301443600	-2.4463993162570e+01
193.156280689400	-2.4671254295567e+01
193.186259935200	-2.4854251223503e+01
193.216239181000	-2.5012823206513e+01
193.246218426800	-2.5146833484937e+01
193.276197672600	-2.5256169400215e+01
193.306176918400	-2.5340742492118e+01
193.336156164200	-2.5400488572223e+01
193.366135410000	-2.5435367773573e+01
193.396114655800	-2.5445364576485e+01
193.426093901600	-2.5430487810498e+01
193.456073147400	-2.5390770632459e+01
193.486052393200	-2.5326270480787e+01
193.516031639000	-2.5237069005978e+01
193.546010884800	-2.5123271977415e+01
193.575990130600	-2.4985009166602e+01
193.605969376400	-2.4822434206933e+01
193.635948622200	-2.4635724430160e+01
193.665927868000	-2.4425080679718e+01
193.695907113800	-2.4190727101112e+01
193.725886359600	-2.3932910909575e+01
193.755865605400	-2.3651902135240e+01
193.785844851200	-2.3347993346085e+01
193.815824097000	-2.3021499348935e+01
193.845803342800	-2.2672756868825e+01
193.875782588600	-2.2302124207043e+01
193.905761834400	-2.1909980878210e+01
193.935741080200	-2.1496727226752e+01
193.965720326000	-2.1062784023155e+01
193.995699571800	-2.0608592040411e+01
194.025678817600	-2.0134611611075e+01
194.055658063400	-1.9641322165377e+01
194.085637309200	-1.9129221750860e+01
194.115616555000	-1.8598826534009e+01
194.145595800800	-1.8050670284382e+01
194.175575046600	-1.7485303841747e+01
194.205554292400	-1.6903294566768e+01
194.235533538200	-1.6305225775775e+01
194.265512784000	-1.5691696160179e+01
194.295492029800	-1.5063319191126e+01
194.325471275600	-1.4420722509960e+01
194.355450521400	-1.3764547305111e+01
194.385429767200	-1.3095447676025e+01
194.415409013000	-1.2414089984767e+01
194.445388258800	-1.1721152195925e+01
194.475367504600	-1.1017323205497e+01
194.505346750400	-1.0303302159390e+01
194.535325996200	-9.5797977622347e+00
194.565305242000	-8.8475275771757e+00
194.595284487800	-8.1072173173432e+00
194.625263733600	-7.3596001296975e+00
194.655242979400	-6.6054158719560e+00
194.685222225200	-5.8454103833120e+00
194.715201471000	-5.0803347496674e+00
194.745180716800	-4.3109445640994e+00
194.775159962600	-3.5379991832902e+00
194.805139208400	-2.7622609806519e+00
194.835118454200	-1.9844945968781e+00
194.865097700000	-1.2054661886619e+00
194.895076945800	-4.2594267631520e-01
194.925056191600	3.5330900897055e-01
194.955035437400	1.1315226774840e+00
194.985014683200	1.9079336322364e+00
195.014993929000	2.6817794183504e+00
195.044973174800	3.4523005698612e+00
195.074952420600	4.2187413531978e+00
195.104931666400	4.9803505066186e+00
195.134910912200	5.7363819748758e+00
195.164890158000	6.4860956383915e+00
195.194869403800	7.2287580362331e+00
195.224848649600	7.9636430821806e+00
195.254827895400	8.6900327731879e+00
195.284807141200	9.4072178895459e+00
195.314786387000	1.0114498686066e+01
195.344765632800	1.0811185573606e+01
195.374744878600	1.1496599790285e+01
195.404724124400	1.2170074061717e+01
195.434703370200	1.2830953249638e+01
195.464682616000	1.3478594988285e+01
195.494661861800	1.4112370307912e+01
195.524641107600	1.4731664244838e+01
195.554620353400	1.5335876437436e+01
195.584599599200	1.5924421707477e+01
195.614578845000	1.6496730626284e+01
195.644558090800	1.7052250065122e+01
195.674537336600	1.7590443729319e+01
195.704516582400	1.8110792675577e+01
195.734495828200	1.8612795811997e+01
195.764475074000	1.9095970380313e+01
195.794454319800	1.9559852419889e+01
195.824433565600	2.0003997213023e+01
195.854412811400	2.0427979711134e+01
195.884392057200	2.0831394941413e+01
195.914371303000	2.1213858393574e+01
195.944350548800	2.1575006386297e+01
195.974329794600	2.1914496413055e+01
196.004309040400	2.2232007466959e+01
196.034288286200	2.2527240344336e+01
196.064267532000	2.2799917926749e+01
196.094246777800	2.3049785441178e+01
196.124226023600	2.3276610698136e+01
196.154205269400	2.3480184307490e+01
196.184184515200	2.3660319871780e+01
196.214163761000	2.3816854156864e+01
196.244143006800	2.3949647239738e+01
196.274122252600	2.4058582633376e+01
196.304101498400	2.4143567388511e+01
196.334080744200	2.4204532172233e+01
196.364059990000	2.4241431323367e+01
196.394039235800	2.4254242884571e+01
196.424018481600	2.4242968611141e+01
196.453997727400	2.4207633956524e+01
196.483976973200	2.4148288034566e+01
196.513956219000	2.4065003558537e+01
196.543935464800	2.3957876757013e+01
196.573914710600	2.3827027266707e+01
196.603893956400	2.3672598002358e+01
196.633873202200	2.3494755003828e+01
196.663852448000	2.3293687260558e+01
196.693831693800	2.3069606513574e+01
196.723810939600	2.2822747035244e+01
196.753790185400	2.2553365387015e+01
196.783769431200	2.2261740155378e+01
196.813748677000	2.1948171666329e+01
196.843727922800	2.1612981678624e+01
196.873707168600	2.1256513056127e+01
196.903686414400	2.0879129419593e+01
196.933665660200	2.0481214778241e+01
196.963644906000	2.0063173141471e+01
196.993624151800	1.9625428111137e+01
197.023603397600	1.9168422454771e+01
197.053582643400	1.8692617660198e+01
197.083561889200	1.8198493471970e+01
197.113541135000	1.7686547410112e+01
197.143520380800	1.7157294271629e+01
197.173499626600	1.6611265615294e+01
197.203478872400	1.6049009230226e+01
197.233458118200	1.5471088588785e+01
197.263437364000	1.4878082284323e+01
197.293416609800	1.4270583454370e+01
197.323395855600	1.3649199189805e+01
197.353375101400	1.3014549930617e+01
197.383354347200	1.2367268848845e+01
197.413333593000	1.1708001219316e+01
197.443312838800	1.1037403778802e+01
197.473292084600	1.0356144074229e+01
197.503271330400	9.6648998005906e+00
197.533250576200	8.9643581292099e+00
197.563229822000	8.2552150270283e+00
197.593209067800	7.5381745675824e+00
197.623188313600	6.8139482343558e+00
197.653167559400	6.0832542171928e+00
197.683146805200	5.3468167024671e+00
197.713126051000	4.6053651577079e+00
197.743105296800	3.8596336113870e+00
197.773084542600	3.1103599285781e+00
197.803063788400	2.3582850832010e+00
197.833043034200	1.6041524275675e+00
197.863022280000	8.4870695994856e-01
197.893001525800	9.2694590882460e-02
197.922980771600	-6.6313859105438e-01
197.952960017400	-1.4180470532921e+00
197.982939263200	-2.1712865524063e+00
198.012918509000	-2.9221148656324e+00
198.042897754800	-3.6697925200352e+00
198.072877000600	-4.4135835186213e+00
198.102856246400	-5.1527560626796e+00
198.132835492200	-5.8865832696435e+00
198.162814738000	-6.6143438857716e+00
198.192793983800	-7.3353229929477e+00
198.222773229600	-8.0488127089103e+00
198.252752475400	-8.7541128802245e+00
198.282731721200	-9.4505317673209e+00
198.312710967000	-1.0137386720931e+01
198.342690212800	-1.0814004849256e+01
198.372669458600	-1.1479723675227e+01
198.402648704400	-1.2133891783199e+01
198.432627950200	-1.2775869454465e+01
198.462607196000	-1.3405029290963e+01
198.492586441800	-1.4020756826564e+01
198.522565687600	-1.4622451125361e+01
198.552544933400	-1.5209525366353e+01
198.582524179200	-1.5781407413989e+01
198.612503425000	-1.6337540373978e+01
198.642482670800	-1.6877383133866e+01
198.672461916600	-1.7400410887824e+01
198.702441162400	-1.7906115645154e+01
198.732420408200	-1.8394006722026e+01
198.762399654000	-1.8863611215944e+01
198.792378899800	-1.9314474462526e+01
198.822358145600	-1.9746160474109e+01
198.852337391400	-2.0158252359796e+01
198.882316637200	-2.0550352726518e+01
198.912295883000	-2.0922084060731e+01
198.942275128800	-2.1273089090388e+01
198.972254374600	-2.1603031126832e+01
199.002233620400	-2.1911594386281e+01
199.032212866200	-2.2198484290613e+01
199.062192112000	-2.2463427747145e+01
199.092171357800	-2.2706173407161e+01
199.122150603600	-2.2926491902920e+01
199.152129849400	-2.3124176062955e+01
199.182109095200	-2.3299041105421e+01
199.212088341000	-2.3450924809349e+01
199.242067586800	-2.3579687663623e+01
199.272046832600	-2.3685212993555e+01
199.302026078400	-2.3767407064941e+01
199.332005324200	-2.3826199165507e+01
199.361984570000	-2.3861541663676e+01
199.391963815800	-2.3873410044598e+01
199.421943061600	-2.3861802923446e+01
199.451922307400	-2.3826742035936e+01
199.481901553200	-2.3768272206125e+01
199.511880799000	-2.3686461291509e+01
199.541860044800	-2.3581400105496e+01
199.571839290600	-2.3453202317334e+01
199.601818536400	-2.3302004329600e+01
199.631797782200	-2.3127965133399e+01
199.661777028000	-2.2931266141397e+01
199.691756273800	-2.2712110998884e+01
199.721735519600	-2.2470725373060e+01
199.751714765400	-2.2207356720750e+01
199.781694011200	-2.1922274034799e+01
199.811673257000	-2.1615767569391e+01
199.841652502800	-2.1288148544596e+01
199.871631748600	-2.0939748830414e+01
199.901610994400	-2.0570920610662e+01
199.931590240200	-2.0182036027029e+01
199.961569486000	-1.9773486803661e+01
199.991548731800	-1.9345683852662e+01
