# Freq(GHz) Re(Z) Im(Z)
0.000000e+00 -2.589576e-08 -6.504431e+04
1.000000e-02 -2.732390e+03 -6.390863e+04
2.000000e-02 -5.464780e+03 -6.277294e+04
3.000000e-02 -8.197170e+03 -6.163726e+04
4.000000e-02 -1.092956e+04 -6.050158e+04
5.000000e-02 -1.366195e+04 -5.936590e+04
6.000000e-02 -1.639434e+04 -5.823021e+04
7.000000e-02 -1.912673e+04 -5.709453e+04
8.000000e-02 -2.185912e+04 -5.595885e+04
9.000000e-02 -2.459151e+04 -5.482317e+04
1.000000e-01 -2.732390e+04 -5.368748e+04
1.100000e-01 -3.005629e+04 -5.255180e+04
1.200000e-01 -3.278868e+04 -5.141612e+04
1.300000e-01 -3.552107e+04 -5.028044e+04
1.400000e-01 -3.825346e+04 -4.914476e+04
1.500000e-01 -4.098585e+04 -4.800907e+04
1.600000e-01 -4.371824e+04 -4.687339e+04
1.700000e-01 -4.645063e+04 -4.573771e+04
1.800000e-01 -4.918302e+04 -4.460203e+04
1.900000e-01 -5.191541e+04 -4.346634e+04
2.000000e-01 -5.464780e+04 -4.233066e+04
2.100000e-01 -5.738019e+04 -4.119498e+04
2.200000e-01 -6.011258e+04 -4.005930e+04
2.300000e-01 -6.284497e+04 -3.892361e+04
2.400000e-01 -6.557736e+04 -3.778793e+04
2.500000e-01 -6.830975e+04 -3.665225e+04
2.600000e-01 -7.037210e+04 -3.491730e+04
2.700000e-01 -7.143831e+04 -3.229141e+04
2.800000e-01 -7.250451e+04 -2.966553e+04
2.900000e-01 -7.357072e+04 -2.703964e+04
3.000000e-01 -7.463693e+04 -2.441375e+04
3.100000e-01 -7.570313e+04 -2.178787e+04
3.200000e-01 -7.676934e+04 -1.916198e+04
3.300000e-01 -7.783554e+04 -1.653609e+04
3.400000e-01 -7.890175e+04 -1.391021e+04
3.500000e-01 -7.996796e+04 -1.128432e+04
3.600000e-01 -8.103416e+04 -8.658434e+03
3.700000e-01 -8.210037e+04 -6.032547e+03
3.800000e-01 -8.316657e+04 -3.406661e+03
3.900000e-01 -8.423278e+04 -7.807742e+02
4.000000e-01 -8.529899e+04 1.845112e+03
4.100000e-01 -8.636519e+04 4.470999e+03
4.200000e-01 -8.743140e+04 7.096885e+03
4.300000e-01 -8.849760e+04 9.722772e+03
4.400000e-01 -8.956381e+04 1.234866e+04
4.500000e-01 -9.063001e+04 1.497454e+04
4.600000e-01 -9.169622e+04 1.760043e+04
4.700000e-01 -9.276243e+04 2.022632e+04
4.800000e-01 -9.382863e+04 2.285220e+04
4.900000e-01 -9.489484e+04 2.547809e+04
5.000000e-01 -9.596104e+04 2.810398e+04
5.100000e-01 -9.702725e+04 3.072986e+04
5.200000e-01 -9.639097e+04 3.315563e+04
5.300000e-01 -9.534038e+04 3.553269e+04
5.400000e-01 -9.428980e+04 3.790976e+04
5.500000e-01 -9.323921e+04 4.028683e+04
5.600000e-01 -9.218862e+04 4.266389e+04
5.700000e-01 -9.113804e+04 4.504096e+04
5.800000e-01 -9.008745e+04 4.741802e+04
5.900000e-01 -8.903686e+04 4.979509e+04
6.000000e-01 -8.798628e+04 5.217216e+04
6.100000e-01 -8.693569e+04 5.454922e+04
6.200000e-01 -8.588511e+04 5.692629e+04
6.300000e-01 -8.483452e+04 5.930335e+04
6.400000e-01 -8.378393e+04 6.168042e+04
6.500000e-01 -8.273335e+04 6.405748e+04
6.600000e-01 -8.168276e+04 6.643455e+04
6.700000e-01 -8.063217e+04 6.881162e+04
6.800000e-01 -7.958159e+04 7.118868e+04
6.900000e-01 -7.853100e+04 7.356575e+04
7.000000e-01 -7.748042e+04 7.594281e+04
7.100000e-01 -7.642983e+04 7.831988e+04
7.200000e-01 -7.537924e+04 8.069695e+04
7.300000e-01 -7.432866e+04 8.307401e+04
7.400000e-01 -7.327807e+04 8.545108e+04
7.500000e-01 -7.222748e+04 8.782814e+04
7.600000e-01 -7.117690e+04 9.020521e+04
7.700000e-01 -6.989812e+04 9.224551e+04
7.800000e-01 -6.774201e+04 9.299110e+04
7.900000e-01 -6.558590e+04 9.373669e+04
8.000000e-01 -6.342979e+04 9.448228e+04
8.100000e-01 -6.127368e+04 9.522787e+04
8.200000e-01 -5.911757e+04 9.597346e+04
8.300000e-01 -5.696146e+04 9.671905e+04
8.400000e-01 -5.480536e+04 9.746464e+04
8.500000e-01 -5.264925e+04 9.821023e+04
8.600000e-01 -5.049314e+04 9.895582e+04
8.700000e-01 -4.833703e+04 9.970141e+04
8.800000e-01 -4.618092e+04 1.004470e+05
8.900000e-01 -4.402481e+04 1.011926e+05
9.000000e-01 -4.186871e+04 1.019382e+05
9.100000e-01 -3.971260e+04 1.026838e+05
9.200000e-01 -3.755649e+04 1.034294e+05
9.300000e-01 -3.540038e+04 1.041749e+05
9.400000e-01 -3.324427e+04 1.049205e+05
9.500000e-01 -3.108816e+04 1.056661e+05
9.600000e-01 -2.893205e+04 1.064117e+05
9.700000e-01 -2.677595e+04 1.071573e+05
9.800000e-01 -2.461984e+04 1.079029e+05
9.900000e-01 -2.246373e+04 1.086485e+05
1.000000e+00 -2.030762e+04 1.093941e+05
1.010000e+00 -1.815151e+04 1.101397e+05
1.020000e+00 -1.599540e+04 1.108853e+05
1.030000e+00 -1.413775e+04 1.105954e+05
1.040000e+00 -1.247208e+04 1.096394e+05
1.050000e+00 -1.080641e+04 1.086834e+05
1.060000e+00 -9.140743e+03 1.077274e+05
1.070000e+00 -7.475073e+03 1.067715e+05
1.080000e+00 -5.809403e+03 1.058155e+05
1.090000e+00 -4.143733e+03 1.048595e+05
1.100000e+00 -2.478063e+03 1.039035e+05
1.110000e+00 -8.123932e+02 1.029476e+05
1.120000e+00 8.532768e+02 1.019916e+05
1.130000e+00 2.518947e+03 1.010356e+05
1.140000e+00 4.184617e+03 1.000796e+05
1.150000e+00 5.850287e+03 9.912365e+04
1.160000e+00 7.515957e+03 9.816768e+04
1.170000e+00 9.181627e+03 9.721170e+04
1.180000e+00 1.084730e+04 9.625573e+04
1.190000e+00 1.251297e+04 9.529975e+04
1.200000e+00 1.417864e+04 9.434378e+04
1.210000e+00 1.584431e+04 9.338780e+04
1.220000e+00 1.750998e+04 9.243183e+04
1.230000e+00 1.917565e+04 9.147585e+04
1.240000e+00 2.084132e+04 9.051988e+04
1.250000e+00 2.250699e+04 8.956390e+04
1.260000e+00 2.417266e+04 8.860793e+04
1.270000e+00 2.583833e+04 8.765195e+04
1.280000e+00 2.748864e+04 8.668968e+04
1.290000e+00 2.771808e+04 8.514457e+04
1.300000e+00 2.794751e+04 8.359947e+04
1.310000e+00 2.817695e+04 8.205436e+04
1.320000e+00 2.840639e+04 8.050925e+04
1.330000e+00 2.863583e+04 7.896415e+04
1.340000e+00 2.886526e+04 7.741904e+04
1.350000e+00 2.909470e+04 7.587393e+04
1.360000e+00 2.932414e+04 7.432883e+04
1.370000e+00 2.955357e+04 7.278372e+04
1.380000e+00 2.978301e+04 7.123862e+04
1.390000e+00 3.001245e+04 6.969351e+04
1.400000e+00 3.024189e+04 6.814840e+04
1.410000e+00 3.047132e+04 6.660330e+04
1.420000e+00 3.070076e+04 6.505819e+04
1.430000e+00 3.093020e+04 6.351308e+04
1.440000e+00 3.115963e+04 6.196798e+04
1.450000e+00 3.138907e+04 6.042287e+04
1.460000e+00 3.161851e+04 5.887776e+04
1.470000e+00 3.184794e+04 5.733266e+04
1.480000e+00 3.207738e+04 5.578755e+04
1.490000e+00 3.230682e+04 5.424245e+04
1.500000e+00 3.253626e+04 5.269734e+04
1.510000e+00 3.276569e+04 5.115223e+04
1.520000e+00 3.299513e+04 4.960713e+04
1.530000e+00 3.322457e+04 4.806202e+04
1.540000e+00 3.298154e+04 4.680198e+04
1.550000e+00 3.206652e+04 4.594739e+04
1.560000e+00 3.115150e+04 4.509279e+04
1.570000e+00 3.023648e+04 4.423820e+04
1.580000e+00 2.932146e+04 4.338361e+04
1.590000e+00 2.840645e+04 4.252901e+04
1.600000e+00 2.749143e+04 4.167442e+04
1.610000e+00 2.657641e+04 4.081983e+04
1.620000e+00 2.566139e+04 3.996524e+04
1.630000e+00 2.474637e+04 3.911064e+04
1.640000e+00 2.383136e+04 3.825605e+04
1.650000e+00 2.291634e+04 3.740146e+04
1.660000e+00 2.200132e+04 3.654686e+04
1.670000e+00 2.108630e+04 3.569227e+04
1.680000e+00 2.017128e+04 3.483768e+04
1.690000e+00 1.925626e+04 3.398308e+04
1.700000e+00 1.834125e+04 3.312849e+04
1.710000e+00 1.742623e+04 3.227390e+04
1.720000e+00 1.651121e+04 3.141930e+04
1.730000e+00 1.559619e+04 3.056471e+04
1.740000e+00 1.468117e+04 2.971012e+04
1.750000e+00 1.376615e+04 2.885553e+04
1.760000e+00 1.285114e+04 2.800093e+04
1.770000e+00 1.193612e+04 2.714634e+04
1.780000e+00 1.102110e+04 2.629175e+04
1.790000e+00 1.010608e+04 2.543715e+04
1.800000e+00 9.135048e+03 2.551159e+04
1.810000e+00 8.151297e+03 2.579695e+04
1.820000e+00 7.167547e+03 2.608231e+04
1.830000e+00 6.183796e+03 2.636767e+04
1.840000e+00 5.200045e+03 2.665303e+04
1.850000e+00 4.216295e+03 2.693839e+04
1.860000e+00 3.232544e+03 2.722375e+04
1.870000e+00 2.248793e+03 2.750911e+04
1.880000e+00 1.265042e+03 2.779447e+04
1.890000e+00 2.812917e+02 2.807983e+04
1.900000e+00 -7.024590e+02 2.836519e+04
1.910000e+00 -1.686210e+03 2.865054e+04
1.920000e+00 -2.669960e+03 2.893590e+04
1.930000e+00 -3.653711e+03 2.922126e+04
1.940000e+00 -4.637462e+03 2.950662e+04
1.950000e+00 -5.621213e+03 2.979198e+04
1.960000e+00 -6.604963e+03 3.007734e+04
1.970000e+00 -7.588714e+03 3.036270e+04
1.980000e+00 -8.572465e+03 3.064806e+04
1.990000e+00 -9.556216e+03 3.093342e+04
2.000000e+00 -1.053997e+04 3.121878e+04
2.010000e+00 -1.152372e+04 3.150414e+04
2.020000e+00 -1.250747e+04 3.178950e+04
2.030000e+00 -1.349122e+04 3.207486e+04
2.040000e+00 -1.447497e+04 3.236022e+04
2.050000e+00 -1.528650e+04 3.277076e+04
2.060000e+00 -1.547700e+04 3.363269e+04
2.070000e+00 -1.566750e+04 3.449462e+04
2.080000e+00 -1.585800e+04 3.535656e+04
2.090000e+00 -1.604850e+04 3.621849e+04
2.100000e+00 -1.623900e+04 3.708042e+04
2.110000e+00 -1.642951e+04 3.794235e+04
2.120000e+00 -1.662001e+04 3.880428e+04
2.130000e+00 -1.681051e+04 3.966622e+04
2.140000e+00 -1.700101e+04 4.052815e+04
2.150000e+00 -1.719151e+04 4.139008e+04
2.160000e+00 -1.738201e+04 4.225201e+04
2.170000e+00 -1.757251e+04 4.311394e+04
2.180000e+00 -1.776301e+04 4.397587e+04
2.190000e+00 -1.795352e+04 4.483781e+04
2.200000e+00 -1.814402e+04 4.569974e+04
2.210000e+00 -1.833452e+04 4.656167e+04
2.220000e+00 -1.852502e+04 4.742360e+04
2.230000e+00 -1.871552e+04 4.828553e+04
2.240000e+00 -1.890602e+04 4.914747e+04
2.250000e+00 -1.909652e+04 5.000940e+04
2.260000e+00 -1.928702e+04 5.087133e+04
2.270000e+00 -1.947752e+04 5.173326e+04
2.280000e+00 -1.966803e+04 5.259519e+04
2.290000e+00 -1.985853e+04 5.345712e+04
2.300000e+00 -2.004903e+04 5.431906e+04
2.310000e+00 -1.975151e+04 5.497408e+04
2.320000e+00 -1.915394e+04 5.550187e+04
2.330000e+00 -1.855636e+04 5.602967e+04
2.340000e+00 -1.795879e+04 5.655747e+04
2.350000e+00 -1.736121e+04 5.708526e+04
2.360000e+00 -1.676363e+04 5.761306e+04
2.370000e+00 -1.616606e+04 5.814086e+04
2.380000e+00 -1.556848e+04 5.866865e+04
2.390000e+00 -1.497090e+04 5.919645e+04
2.400000e+00 -1.437333e+04 5.972425e+04
2.410000e+00 -1.377575e+04 6.025204e+04
2.420000e+00 -1.317817e+04 6.077984e+04
2.430000e+00 -1.258060e+04 6.130764e+04
2.440000e+00 -1.198302e+04 6.183543e+04
2.450000e+00 -1.138544e+04 6.236323e+04
2.460000e+00 -1.078787e+04 6.289103e+04
2.470000e+00 -1.019029e+04 6.341882e+04
2.480000e+00 -9.592714e+03 6.394662e+04
2.490000e+00 -8.995138e+03 6.447442e+04
2.500000e+00 -8.397561e+03 6.500221e+04
2.510000e+00 -7.799984e+03 6.553001e+04
2.520000e+00 -7.202408e+03 6.605781e+04
2.530000e+00 -6.604831e+03 6.658561e+04
2.540000e+00 -6.007255e+03 6.711340e+04
2.550000e+00 -5.409678e+03 6.764120e+04
2.560000e+00 -4.810053e+03 6.815280e+04
2.570000e+00 -4.116648e+03 6.792346e+04
2.580000e+00 -3.423244e+03 6.769412e+04
2.590000e+00 -2.729840e+03 6.746478e+04
2.600000e+00 -2.036436e+03 6.723544e+04
2.610000e+00 -1.343031e+03 6.700610e+04
2.620000e+00 -6.496270e+02 6.677676e+04
2.630000e+00 4.377731e+01 6.654742e+04
2.640000e+00 7.371816e+02 6.631808e+04
2.650000e+00 1.430586e+03 6.608874e+04
2.660000e+00 2.123990e+03 6.585940e+04
2.670000e+00 2.817394e+03 6.563006e+04
2.680000e+00 3.510799e+03 6.540072e+04
2.690000e+00 4.204203e+03 6.517138e+04
2.700000e+00 4.897607e+03 6.494204e+04
2.710000e+00 5.591011e+03 6.471270e+04
2.720000e+00 6.284416e+03 6.448336e+04
2.730000e+00 6.977820e+03 6.425402e+04
2.740000e+00 7.671224e+03 6.402468e+04
2.750000e+00 8.364629e+03 6.379533e+04
2.760000e+00 9.058033e+03 6.356599e+04
2.770000e+00 9.751437e+03 6.333665e+04
2.780000e+00 1.044484e+04 6.310731e+04
2.790000e+00 1.113825e+04 6.287797e+04
2.800000e+00 1.183165e+04 6.264863e+04
2.810000e+00 1.252505e+04 6.241929e+04
2.820000e+00 1.298490e+04 6.201238e+04
2.830000e+00 1.312685e+04 6.136376e+04
2.840000e+00 1.326880e+04 6.071514e+04
2.850000e+00 1.341075e+04 6.006651e+04
2.860000e+00 1.355269e+04 5.941789e+04
2.870000e+00 1.369464e+04 5.876927e+04
2.880000e+00 1.383659e+04 5.812065e+04
2.890000e+00 1.397854e+04 5.747203e+04
2.900000e+00 1.412048e+04 5.682341e+04
2.910000e+00 1.426243e+04 5.617479e+04
2.920000e+00 1.440438e+04 5.552617e+04
2.930000e+00 1.454633e+04 5.487755e+04
2.940000e+00 1.468827e+04 5.422893e+04
2.950000e+00 1.483022e+04 5.358031e+04
2.960000e+00 1.497217e+04 5.293169e+04
2.970000e+00 1.511411e+04 5.228307e+04
2.980000e+00 1.525606e+04 5.163445e+04
2.990000e+00 1.539801e+04 5.098583e+04
3.000000e+00 1.553996e+04 5.033721e+04
3.010000e+00 1.568190e+04 4.968859e+04
3.020000e+00 1.582385e+04 4.903997e+04
3.030000e+00 1.596580e+04 4.839134e+04
3.040000e+00 1.610775e+04 4.774272e+04
3.050000e+00 1.624969e+04 4.709410e+04
3.060000e+00 1.639164e+04 4.644548e+04
3.070000e+00 1.653359e+04 4.579686e+04
3.080000e+00 1.619102e+04 4.534920e+04
3.090000e+00 1.574615e+04 4.494397e+04
3.100000e+00 1.530128e+04 4.453874e+04
3.110000e+00 1.485641e+04 4.413351e+04
3.120000e+00 1.441154e+04 4.372828e+04
3.130000e+00 1.396667e+04 4.332305e+04
3.140000e+00 1.352179e+04 4.291782e+04
3.150000e+00 1.307692e+04 4.251259e+04
3.160000e+00 1.263205e+04 4.210737e+04
3.170000e+00 1.218718e+04 4.170214e+04
3.180000e+00 1.174231e+04 4.129691e+04
3.190000e+00 1.129744e+04 4.089168e+04
3.200000e+00 1.085256e+04 4.048645e+04
3.210000e+00 1.040769e+04 4.008122e+04
3.220000e+00 9.962822e+03 3.967599e+04
3.230000e+00 9.517950e+03 3.927076e+04
3.240000e+00 9.073079e+03 3.886553e+04
3.250000e+00 8.628207e+03 3.846030e+04
3.260000e+00 8.183336e+03 3.805507e+04
3.270000e+00 7.738464e+03 3.764984e+04
3.280000e+00 7.293593e+03 3.724461e+04
3.290000e+00 6.848722e+03 3.683938e+04
3.300000e+00 6.403850e+03 3.643415e+04
3.310000e+00 5.958979e+03 3.602892e+04
3.320000e+00 5.514107e+03 3.562369e+04
3.330000e+00 5.050855e+03 3.535025e+04
3.340000e+00 4.525298e+03 3.552351e+04
3.350000e+00 3.999742e+03 3.569677e+04
3.360000e+00 3.474185e+03 3.587003e+04
3.370000e+00 2.948628e+03 3.604330e+04
3.380000e+00 2.423071e+03 3.621656e+04
3.390000e+00 1.897514e+03 3.638982e+04
3.400000e+00 1.371957e+03 3.656309e+04
3.410000e+00 8.463996e+02 3.673635e+04
3.420000e+00 3.208427e+02 3.690961e+04
3.430000e+00 -2.047143e+02 3.708288e+04
3.440000e+00 -7.302713e+02 3.725614e+04
3.450000e+00 -1.255828e+03 3.742940e+04
3.460000e+00 -1.781385e+03 3.760267e+04
3.470000e+00 -2.306942e+03 3.777593e+04
3.480000e+00 -2.832499e+03 3.794919e+04
3.490000e+00 -3.358056e+03 3.812245e+04
3.500000e+00 -3.883613e+03 3.829572e+04
3.510000e+00 -4.409170e+03 3.846898e+04
3.520000e+00 -4.934727e+03 3.864224e+04
3.530000e+00 -5.460284e+03 3.881551e+04
3.540000e+00 -5.985841e+03 3.898877e+04
3.550000e+00 -6.511398e+03 3.916203e+04
3.560000e+00 -7.036955e+03 3.933530e+04
3.570000e+00 -7.562512e+03 3.950856e+04
3.580000e+00 -8.088069e+03 3.968182e+04
3.590000e+00 -8.349847e+03 4.006501e+04
3.600000e+00 -8.456666e+03 4.057153e+04
3.610000e+00 -8.563485e+03 4.107805e+04
3.620000e+00 -8.670304e+03 4.158456e+04
3.630000e+00 -8.777123e+03 4.209108e+04
3.640000e+00 -8.883942e+03 4.259759e+04
3.650000e+00 -8.990762e+03 4.310411e+04
3.660000e+00 -9.097581e+03 4.361062e+04
3.670000e+00 -9.204400e+03 4.411714e+04
3.680000e+00 -9.311219e+03 4.462365e+04
3.690000e+00 -9.418038e+03 4.513017e+04
3.700000e+00 -9.524857e+03 4.563669e+04
3.710000e+00 -9.631676e+03 4.614320e+04
3.720000e+00 -9.738495e+03 4.664972e+04
3.730000e+00 -9.845314e+03 4.715623e+04
3.740000e+00 -9.952133e+03 4.766275e+04
3.750000e+00 -1.005895e+04 4.816926e+04
3.760000e+00 -1.016577e+04 4.867578e+04
3.770000e+00 -1.027259e+04 4.918230e+04
3.780000e+00 -1.037941e+04 4.968881e+04
3.790000e+00 -1.048623e+04 5.019533e+04
3.800000e+00 -1.059305e+04 5.070184e+04
3.810000e+00 -1.069987e+04 5.120836e+04
3.820000e+00 -1.080669e+04 5.171487e+04
3.830000e+00 -1.091351e+04 5.222139e+04
3.840000e+00 -1.100577e+04 5.272230e+04
3.850000e+00 -1.065871e+04 5.305404e+04
3.860000e+00 -1.031165e+04 5.338578e+04
3.870000e+00 -9.964598e+03 5.371752e+04
3.880000e+00 -9.617543e+03 5.404926e+04
3.890000e+00 -9.270487e+03 5.438100e+04
3.900000e+00 -8.923431e+03 5.471274e+04
3.910000e+00 -8.576375e+03 5.504448e+04
3.920000e+00 -8.229320e+03 5.537622e+04
3.930000e+00 -7.882264e+03 5.570796e+04
3.940000e+00 -7.535208e+03 5.603969e+04
3.950000e+00 -7.188153e+03 5.637143e+04
3.960000e+00 -6.841097e+03 5.670317e+04
3.970000e+00 -6.494041e+03 5.703491e+04
3.980000e+00 -6.146985e+03 5.736665e+04
3.990000e+00 -5.799930e+03 5.769839e+04
4.000000e+00 -5.452874e+03 5.803013e+04
4.010000e+00 -5.105818e+03 5.836187e+04
4.020000e+00 -4.758762e+03 5.869361e+04
4.030000e+00 -4.411707e+03 5.902535e+04
4.040000e+00 -4.064651e+03 5.935709e+04
4.050000e+00 -3.717595e+03 5.968883e+04
4.060000e+00 -3.370539e+03 6.002057e+04
4.070000e+00 -3.023484e+03 6.035231e+04
4.080000e+00 -2.676428e+03 6.068405e+04
4.090000e+00 -2.329372e+03 6.101579e+04
4.100000e+00 -1.953309e+03 6.115995e+04
4.110000e+00 -1.539450e+03 6.105971e+04
4.120000e+00 -1.125591e+03 6.095947e+04
4.130000e+00 -7.117324e+02 6.085922e+04
4.140000e+00 -2.978734e+02 6.075898e+04
4.150000e+00 1.159857e+02 6.065873e+04
4.160000e+00 5.298447e+02 6.055849e+04
4.170000e+00 9.437037e+02 6.045824e+04
4.180000e+00 1.357563e+03 6.035800e+04
4.190000e+00 1.771422e+03 6.025776e+04
4.200000e+00 2.185281e+03 6.015751e+04
4.210000e+00 2.599140e+03 6.005727e+04
4.220000e+00 3.012999e+03 5.995702e+04
4.230000e+00 3.426858e+03 5.985678e+04
4.240000e+00 3.840717e+03 5.975654e+04
4.250000e+00 4.254576e+03 5.965629e+04
4.260000e+00 4.668435e+03 5.955605e+04
4.270000e+00 5.082294e+03 5.945580e+04
4.280000e+00 5.496153e+03 5.935556e+04
4.290000e+00 5.910012e+03 5.925532e+04
4.300000e+00 6.323871e+03 5.915507e+04
4.310000e+00 6.737730e+03 5.905483e+04
4.320000e+00 7.151589e+03 5.895458e+04
4.330000e+00 7.565448e+03 5.885434e+04
4.340000e+00 7.979307e+03 5.875409e+04
4.350000e+00 8.393166e+03 5.865385e+04
4.360000e+00 8.548685e+03 5.835587e+04
4.370000e+00 8.653655e+03 5.801919e+04
4.380000e+00 8.758625e+03 5.768252e+04
4.390000e+00 8.863596e+03 5.734584e+04
4.400000e+00 8.968566e+03 5.700917e+04
4.410000e+00 9.073536e+03 5.667250e+04
4.420000e+00 9.178507e+03 5.633582e+04
4.430000e+00 9.283477e+03 5.599915e+04
4.440000e+00 9.388447e+03 5.566247e+04
4.450000e+00 9.493417e+03 5.532580e+04
4.460000e+00 9.598388e+03 5.498912e+04
4.470000e+00 9.703358e+03 5.465245e+04
4.480000e+00 9.808328e+03 5.431578e+04
4.490000e+00 9.913298e+03 5.397910e+04
4.500000e+00 1.001827e+04 5.364243e+04
4.510000e+00 1.012324e+04 5.330575e+04
4.520000e+00 1.022821e+04 5.296908e+04
4.530000e+00 1.033318e+04 5.263240e+04
4.540000e+00 1.043815e+04 5.229573e+04
4.550000e+00 1.054312e+04 5.195906e+04
4.560000e+00 1.064809e+04 5.162238e+04
4.570000e+00 1.075306e+04 5.128571e+04
4.580000e+00 1.085803e+04 5.094903e+04
4.590000e+00 1.096300e+04 5.061236e+04
4.600000e+00 1.106797e+04 5.027568e+04
4.610000e+00 1.109861e+04 4.997504e+04
4.620000e+00 1.089193e+04 4.978943e+04
4.630000e+00 1.068524e+04 4.960381e+04
4.640000e+00 1.047856e+04 4.941820e+04
4.650000e+00 1.027187e+04 4.923259e+04
4.660000e+00 1.006518e+04 4.904698e+04
4.670000e+00 9.858498e+03 4.886137e+04
4.680000e+00 9.651811e+03 4.867576e+04
4.690000e+00 9.445125e+03 4.849014e+04
4.700000e+00 9.238439e+03 4.830453e+04
4.710000e+00 9.031753e+03 4.811892e+04
4.720000e+00 8.825067e+03 4.793331e+04
4.730000e+00 8.618381e+03 4.774770e+04
4.740000e+00 8.411695e+03 4.756209e+04
4.750000e+00 8.205009e+03 4.737648e+04
4.760000e+00 7.998323e+03 4.719086e+04
4.770000e+00 7.791637e+03 4.700525e+04
4.780000e+00 7.584951e+03 4.681964e+04
4.790000e+00 7.378265e+03 4.663403e+04
4.800000e+00 7.171579e+03 4.644842e+04
4.810000e+00 6.964893e+03 4.626281e+04
4.820000e+00 6.758207e+03 4.607720e+04
4.830000e+00 6.551521e+03 4.589158e+04
4.840000e+00 6.344835e+03 4.570597e+04
4.850000e+00 6.138149e+03 4.552036e+04
4.860000e+00 5.931463e+03 4.533475e+04
4.870000e+00 5.729546e+03 4.535134e+04
4.880000e+00 5.530304e+03 4.548137e+04
4.890000e+00 5.331062e+03 4.561139e+04
4.900000e+00 5.131820e+03 4.574142e+04
4.910000e+00 4.932578e+03 4.587144e+04
4.920000e+00 4.733336e+03 4.600147e+04
4.930000e+00 4.534095e+03 4.613149e+04
4.940000e+00 4.334853e+03 4.626152e+04
4.950000e+00 4.135611e+03 4.639154e+04
4.960000e+00 3.936369e+03 4.652157e+04
4.970000e+00 3.737127e+03 4.665159e+04
4.980000e+00 3.537886e+03 4.678162e+04
4.990000e+00 3.338644e+03 4.691164e+04
5.000000e+00 3.139402e+03 4.704167e+04
5.010000e+00 2.940160e+03 4.717169e+04
5.020000e+00 2.740918e+03 4.730172e+04
5.030000e+00 2.541677e+03 4.743174e+04
5.040000e+00 2.342435e+03 4.756177e+04
5.050000e+00 2.143193e+03 4.769179e+04
5.060000e+00 1.943951e+03 4.782182e+04
5.070000e+00 1.744709e+03 4.795184e+04
5.080000e+00 1.545468e+03 4.808187e+04
5.090000e+00 1.346226e+03 4.821189e+04
5.100000e+00 1.146984e+03 4.834192e+04
5.110000e+00 9.477421e+02 4.847194e+04
5.120000e+00 7.605014e+02 4.860680e+04
5.130000e+00 8.418597e+02 4.884989e+04
5.140000e+00 9.232180e+02 4.909299e+04
5.150000e+00 1.004576e+03 4.933608e+04
5.160000e+00 1.085935e+03 4.957917e+04
5.170000e+00 1.167293e+03 4.982226e+04
5.180000e+00 1.248651e+03 5.006536e+04
5.190000e+00 1.330010e+03 5.030845e+04
5.200000e+00 1.411368e+03 5.055154e+04
5.210000e+00 1.492726e+03 5.079463e+04
5.220000e+00 1.574084e+03 5.103773e+04
5.230000e+00 1.655443e+03 5.128082e+04
5.240000e+00 1.736801e+03 5.152391e+04
5.250000e+00 1.818159e+03 5.176700e+04
5.260000e+00 1.899518e+03 5.201009e+04
5.270000e+00 1.980876e+03 5.225319e+04
5.280000e+00 2.062234e+03 5.249628e+04
5.290000e+00 2.143593e+03 5.273937e+04
5.300000e+00 2.224951e+03 5.298246e+04
5.310000e+00 2.306309e+03 5.322556e+04
5.320000e+00 2.387668e+03 5.346865e+04
5.330000e+00 2.469026e+03 5.371174e+04
5.340000e+00 2.550384e+03 5.395483e+04
5.350000e+00 2.631742e+03 5.419793e+04
5.360000e+00 2.713101e+03 5.444102e+04
5.370000e+00 2.794459e+03 5.468411e+04
5.380000e+00 2.973969e+03 5.483277e+04
5.390000e+00 3.275938e+03 5.486360e+04
5.400000e+00 3.577908e+03 5.489443e+04
5.410000e+00 3.879877e+03 5.492527e+04
5.420000e+00 4.181847e+03 5.495610e+04
5.430000e+00 4.483816e+03 5.498693e+04
5.440000e+00 4.785786e+03 5.501776e+04
5.450000e+00 5.087755e+03 5.504860e+04
5.460000e+00 5.389724e+03 5.507943e+04
5.470000e+00 5.691694e+03 5.511026e+04
5.480000e+00 5.993663e+03 5.514109e+04
5.490000e+00 6.295633e+03 5.517193e+04
5.500000e+00 6.597602e+03 5.520276e+04
5.510000e+00 6.899572e+03 5.523359e+04
5.520000e+00 7.201541e+03 5.526443e+04
5.530000e+00 7.503510e+03 5.529526e+04
5.540000e+00 7.805480e+03 5.532609e+04
5.550000e+00 8.107449e+03 5.535692e+04
5.560000e+00 8.409419e+03 5.538776e+04
5.570000e+00 8.711388e+03 5.541859e+04
5.580000e+00 9.013357e+03 5.544942e+04
5.590000e+00 9.315327e+03 5.548025e+04
5.600000e+00 9.617296e+03 5.551109e+04
5.610000e+00 9.919266e+03 5.554192e+04
5.620000e+00 1.022124e+04 5.557275e+04
5.630000e+00 1.052320e+04 5.560359e+04
5.640000e+00 1.074442e+04 5.537616e+04
5.650000e+00 1.095106e+04 5.510210e+04
5.660000e+00 1.115769e+04 5.482803e+04
5.670000e+00 1.136433e+04 5.455397e+04
5.680000e+00 1.157096e+04 5.427991e+04
5.690000e+00 1.177760e+04 5.400585e+04
5.700000e+00 1.198423e+04 5.373178e+04
5.710000e+00 1.219087e+04 5.345772e+04
5.720000e+00 1.239750e+04 5.318366e+04
5.730000e+00 1.260414e+04 5.290960e+04
5.740000e+00 1.281077e+04 5.263553e+04
5.750000e+00 1.301741e+04 5.236147e+04
5.760000e+00 1.322404e+04 5.208741e+04
5.770000e+00 1.343068e+04 5.181335e+04
5.780000e+00 1.363731e+04 5.153928e+04
5.790000e+00 1.384395e+04 5.126522e+04
5.800000e+00 1.405058e+04 5.099116e+04
5.810000e+00 1.425722e+04 5.071710e+04
5.820000e+00 1.446385e+04 5.044303e+04
5.830000e+00 1.467049e+04 5.016897e+04
5.840000e+00 1.487712e+04 4.989491e+04
5.850000e+00 1.508376e+04 4.962085e+04
5.860000e+00 1.529039e+04 4.934678e+04
5.870000e+00 1.549703e+04 4.907272e+04
5.880000e+00 1.570366e+04 4.879866e+04
5.890000e+00 1.582887e+04 4.850789e+04
5.900000e+00 1.570875e+04 4.816677e+04
5.910000e+00 1.558862e+04 4.782566e+04
5.920000e+00 1.546849e+04 4.748454e+04
5.930000e+00 1.534836e+04 4.714343e+04
5.940000e+00 1.522823e+04 4.680232e+04
5.950000e+00 1.510811e+04 4.646120e+04
5.960000e+00 1.498798e+04 4.612009e+04
5.970000e+00 1.486785e+04 4.577897e+04
5.980000e+00 1.474772e+04 4.543786e+04
5.990000e+00 1.462760e+04 4.509674e+04
6.000000e+00 1.450747e+04 4.475563e+04
6.010000e+00 1.438734e+04 4.441452e+04
6.020000e+00 1.426721e+04 4.407340e+04
6.030000e+00 1.414708e+04 4.373229e+04
6.040000e+00 1.402696e+04 4.339117e+04
6.050000e+00 1.390683e+04 4.305006e+04
6.060000e+00 1.378670e+04 4.270894e+04
6.070000e+00 1.366657e+04 4.236783e+04
6.080000e+00 1.354645e+04 4.202671e+04
6.090000e+00 1.342632e+04 4.168560e+04
6.100000e+00 1.330619e+04 4.134449e+04
6.110000e+00 1.318606e+04 4.100337e+04
6.120000e+00 1.306593e+04 4.066226e+04
6.130000e+00 1.294581e+04 4.032114e+04
6.140000e+00 1.282568e+04 3.998003e+04
6.150000e+00 1.255593e+04 3.980412e+04
6.160000e+00 1.220609e+04 3.971666e+04
6.170000e+00 1.185625e+04 3.962920e+04
6.180000e+00 1.150640e+04 3.954174e+04
6.190000e+00 1.115656e+04 3.945428e+04
6.200000e+00 1.080672e+04 3.936682e+04
6.210000e+00 1.045688e+04 3.927936e+04
6.220000e+00 1.010703e+04 3.919190e+04
6.230000e+00 9.757191e+03 3.910444e+04
6.240000e+00 9.407349e+03 3.901697e+04
6.250000e+00 9.057506e+03 3.892951e+04
6.260000e+00 8.707663e+03 3.884205e+04
6.270000e+00 8.357821e+03 3.875459e+04
6.280000e+00 8.007978e+03 3.866713e+04
6.290000e+00 7.658135e+03 3.857967e+04
6.300000e+00 7.308293e+03 3.849221e+04
6.310000e+00 6.958450e+03 3.840475e+04
6.320000e+00 6.608607e+03 3.831729e+04
6.330000e+00 6.258765e+03 3.822982e+04
6.340000e+00 5.908922e+03 3.814236e+04
6.350000e+00 5.559079e+03 3.805490e+04
6.360000e+00 5.209236e+03 3.796744e+04
6.370000e+00 4.859394e+03 3.787998e+04
6.380000e+00 4.509551e+03 3.779252e+04
6.390000e+00 4.159708e+03 3.770506e+04
6.400000e+00 3.815117e+03 3.763517e+04
6.410000e+00 3.563508e+03 3.787632e+04
6.420000e+00 3.311899e+03 3.811748e+04
6.430000e+00 3.060290e+03 3.835864e+04
6.440000e+00 2.808681e+03 3.859980e+04
6.450000e+00 2.557072e+03 3.884096e+04
6.460000e+00 2.305463e+03 3.908212e+04
6.470000e+00 2.053854e+03 3.932327e+04
6.480000e+00 1.802245e+03 3.956443e+04
6.490000e+00 1.550636e+03 3.980559e+04
6.500000e+00 1.299027e+03 4.004675e+04
6.510000e+00 1.047417e+03 4.028791e+04
6.520000e+00 7.958083e+02 4.052907e+04
6.530000e+00 5.441992e+02 4.077023e+04
6.540000e+00 2.925901e+02 4.101138e+04
6.550000e+00 4.098104e+01 4.125254e+04
6.560000e+00 -2.106281e+02 4.149370e+04
6.570000e+00 -4.622371e+02 4.173486e+04
6.580000e+00 -7.138462e+02 4.197602e+04
6.590000e+00 -9.654553e+02 4.221718e+04
6.600000e+00 -1.217064e+03 4.245834e+04
6.610000e+00 -1.468674e+03 4.269949e+04
6.620000e+00 -1.720283e+03 4.294065e+04
6.630000e+00 -1.971892e+03 4.318181e+04
6.640000e+00 -2.223501e+03 4.342297e+04
6.650000e+00 -2.475110e+03 4.366413e+04
6.660000e+00 -2.577974e+03 4.394330e+04
6.670000e+00 -2.503101e+03 4.426790e+04
6.680000e+00 -2.428228e+03 4.459250e+04
6.690000e+00 -2.353355e+03 4.491709e+04
6.700000e+00 -2.278482e+03 4.524169e+04
6.710000e+00 -2.203609e+03 4.556629e+04
6.720000e+00 -2.128736e+03 4.589088e+04
6.730000e+00 -2.053863e+03 4.621548e+04
6.740000e+00 -1.978990e+03 4.654008e+04
6.750000e+00 -1.904117e+03 4.686467e+04
6.760000e+00 -1.829244e+03 4.718927e+04
6.770000e+00 -1.754371e+03 4.751387e+04
6.780000e+00 -1.679498e+03 4.783846e+04
6.790000e+00 -1.604625e+03 4.816306e+04
6.800000e+00 -1.529752e+03 4.848766e+04
6.810000e+00 -1.454879e+03 4.881226e+04
6.820000e+00 -1.380006e+03 4.913685e+04
6.830000e+00 -1.305133e+03 4.946145e+04
6.840000e+00 -1.230260e+03 4.978605e+04
6.850000e+00 -1.155387e+03 5.011064e+04
6.860000e+00 -1.080514e+03 5.043524e+04
6.870000e+00 -1.005642e+03 5.075984e+04
6.880000e+00 -9.307686e+02 5.108443e+04
6.890000e+00 -8.558956e+02 5.140903e+04
6.900000e+00 -7.810226e+02 5.173363e+04
6.910000e+00 -7.061497e+02 5.205823e+04
6.920000e+00 -4.341290e+02 5.218255e+04
6.930000e+00 -1.294102e+02 5.227365e+04
6.940000e+00 1.753086e+02 5.236476e+04
6.950000e+00 4.800274e+02 5.245587e+04
6.960000e+00 7.847462e+02 5.254697e+04
6.970000e+00 1.089465e+03 5.263808e+04
6.980000e+00 1.394184e+03 5.272918e+04
6.990000e+00 1.698903e+03 5.282029e+04
7.000000e+00 2.003621e+03 5.291140e+04
7.010000e+00 2.308340e+03 5.300250e+04
7.020000e+00 2.613059e+03 5.309361e+04
7.030000e+00 2.917778e+03 5.318471e+04
7.040000e+00 3.222497e+03 5.327582e+04
7.050000e+00 3.527215e+03 5.336693e+04
7.060000e+00 3.831934e+03 5.345803e+04
7.070000e+00 4.136653e+03 5.354914e+04
7.080000e+00 4.441372e+03 5.364024e+04
7.090000e+00 4.746091e+03 5.373135e+04
7.100000e+00 5.050809e+03 5.382246e+04
7.110000e+00 5.355528e+03 5.391356e+04
7.120000e+00 5.660247e+03 5.400467e+04
7.130000e+00 5.964966e+03 5.409577e+04
7.140000e+00 6.269685e+03 5.418688e+04
7.150000e+00 6.574403e+03 5.427799e+04
7.160000e+00 6.879122e+03 5.436909e+04
7.170000e+00 7.160767e+03 5.438046e+04
7.180000e+00 7.376697e+03 5.416476e+04
7.190000e+00 7.592628e+03 5.394905e+04
7.200000e+00 7.808558e+03 5.373334e+04
7.210000e+00 8.024489e+03 5.351763e+04
7.220000e+00 8.240419e+03 5.330192e+04
7.230000e+00 8.456350e+03 5.308621e+04
7.240000e+00 8.672280e+03 5.287050e+04
7.250000e+00 8.888211e+03 5.265479e+04
7.260000e+00 9.104142e+03 5.243909e+04
7.270000e+00 9.320072e+03 5.222338e+04
7.280000e+00 9.536003e+03 5.200767e+04
7.290000e+00 9.751933e+03 5.179196e+04
7.300000e+00 9.967864e+03 5.157625e+04
7.310000e+00 1.018379e+04 5.136054e+04
7.320000e+00 1.039972e+04 5.114483e+04
7.330000e+00 1.061566e+04 5.092912e+04
7.340000e+00 1.083159e+04 5.071342e+04
7.350000e+00 1.104752e+04 5.049771e+04
7.360000e+00 1.126345e+04 5.028200e+04
7.370000e+00 1.147938e+04 5.006629e+04
7.380000e+00 1.169531e+04 4.985058e+04
7.390000e+00 1.191124e+04 4.963487e+04
7.400000e+00 1.212717e+04 4.941916e+04
7.410000e+00 1.234310e+04 4.920345e+04
7.420000e+00 1.255903e+04 4.898774e+04
7.430000e+00 1.257087e+04 4.872627e+04
7.440000e+00 1.247851e+04 4.844142e+04
7.450000e+00 1.238615e+04 4.815657e+04
7.460000e+00 1.229379e+04 4.787173e+04
7.470000e+00 1.220143e+04 4.758688e+04
7.480000e+00 1.210907e+04 4.730203e+04
7.490000e+00 1.201671e+04 4.701719e+04
7.500000e+00 1.192435e+04 4.673234e+04
7.510000e+00 1.183199e+04 4.644750e+04
7.520000e+00 1.173963e+04 4.616265e+04
7.530000e+00 1.164727e+04 4.587780e+04
7.540000e+00 1.155491e+04 4.559296e+04
7.550000e+00 1.146255e+04 4.530811e+04
7.560000e+00 1.137018e+04 4.502326e+04
7.570000e+00 1.127782e+04 4.473842e+04
7.580000e+00 1.118546e+04 4.445357e+04
7.590000e+00 1.109310e+04 4.416873e+04
7.600000e+00 1.100074e+04 4.388388e+04
7.610000e+00 1.090838e+04 4.359903e+04
7.620000e+00 1.081602e+04 4.331419e+04
7.630000e+00 1.072366e+04 4.302934e+04
7.640000e+00 1.063130e+04 4.274449e+04
7.650000e+00 1.053894e+04 4.245965e+04
7.660000e+00 1.044658e+04 4.217480e+04
7.670000e+00 1.035422e+04 4.188995e+04
7.680000e+00 1.024828e+04 4.162039e+04
7.690000e+00 9.944204e+03 4.157370e+04
7.700000e+00 9.640127e+03 4.152701e+04
7.710000e+00 9.336050e+03 4.148032e+04
7.720000e+00 9.031973e+03 4.143363e+04
7.730000e+00 8.727896e+03 4.138694e+04
7.740000e+00 8.423819e+03 4.134025e+04
7.750000e+00 8.119742e+03 4.129356e+04
7.760000e+00 7.815666e+03 4.124687e+04
7.770000e+00 7.511589e+03 4.120018e+04
7.780000e+00 7.207512e+03 4.115349e+04
7.790000e+00 6.903435e+03 4.110680e+04
7.800000e+00 6.599358e+03 4.106011e+04
7.810000e+00 6.295281e+03 4.101342e+04
7.820000e+00 5.991204e+03 4.096673e+04
7.830000e+00 5.687128e+03 4.092004e+04
7.840000e+00 5.383051e+03 4.087335e+04
7.850000e+00 5.078974e+03 4.082666e+04
7.860000e+00 4.774897e+03 4.077997e+04
7.870000e+00 4.470820e+03 4.073328e+04
7.880000e+00 4.166743e+03 4.068659e+04
7.890000e+00 3.862667e+03 4.063990e+04
7.900000e+00 3.558590e+03 4.059321e+04
7.910000e+00 3.254513e+03 4.054653e+04
7.920000e+00 2.950436e+03 4.049984e+04
7.930000e+00 2.646359e+03 4.045315e+04
7.940000e+00 2.390307e+03 4.055073e+04
7.950000e+00 2.189223e+03 4.081345e+04
7.960000e+00 1.988138e+03 4.107618e+04
7.970000e+00 1.787054e+03 4.133890e+04
7.980000e+00 1.585970e+03 4.160162e+04
7.990000e+00 1.384886e+03 4.186434e+04
8.000000e+00 1.183801e+03 4.212706e+04
8.010000e+00 9.827170e+02 4.238978e+04
8.020000e+00 7.816327e+02 4.265251e+04
8.030000e+00 5.805484e+02 4.291523e+04
8.040000e+00 3.794642e+02 4.317795e+04
8.050000e+00 1.783799e+02 4.344067e+04
8.060000e+00 -2.270441e+01 4.370339e+04
8.070000e+00 -2.237887e+02 4.396612e+04
8.080000e+00 -4.248730e+02 4.422884e+04
8.090000e+00 -6.259572e+02 4.449156e+04
8.100000e+00 -8.270415e+02 4.475428e+04
8.110000e+00 -1.028126e+03 4.501700e+04
8.120000e+00 -1.229210e+03 4.527972e+04
8.130000e+00 -1.430294e+03 4.554245e+04
8.140000e+00 -1.631379e+03 4.580517e+04
8.150000e+00 -1.832463e+03 4.606789e+04
8.160000e+00 -2.033547e+03 4.633061e+04
8.170000e+00 -2.234631e+03 4.659333e+04
8.180000e+00 -2.435716e+03 4.685606e+04
8.190000e+00 -2.636800e+03 4.711878e+04
8.200000e+00 -2.554403e+03 4.744634e+04
8.210000e+00 -2.429059e+03 4.778374e+04
8.220000e+00 -2.303714e+03 4.812113e+04
8.230000e+00 -2.178370e+03 4.845852e+04
8.240000e+00 -2.053026e+03 4.879591e+04
8.250000e+00 -1.927681e+03 4.913331e+04
8.260000e+00 -1.802337e+03 4.947070e+04
8.270000e+00 -1.676992e+03 4.980809e+04
8.280000e+00 -1.551648e+03 5.014548e+04
8.290000e+00 -1.426303e+03 5.048287e+04
8.300000e+00 -1.300959e+03 5.082027e+04
8.310000e+00 -1.175614e+03 5.115766e+04
8.320000e+00 -1.050270e+03 5.149505e+04
8.330000e+00 -9.249252e+02 5.183244e+04
8.340000e+00 -7.995807e+02 5.216983e+04
8.350000e+00 -6.742363e+02 5.250723e+04
8.360000e+00 -5.488918e+02 5.284462e+04
8.370000e+00 -4.235473e+02 5.318201e+04
8.380000e+00 -2.982028e+02 5.351940e+04
8.390000e+00 -1.728584e+02 5.385679e+04
8.400000e+00 -4.751387e+01 5.419419e+04
8.410000e+00 7.783060e+01 5.453158e+04
8.420000e+00 2.031751e+02 5.486897e+04
8.430000e+00 3.285196e+02 5.520636e+04
8.440000e+00 4.538640e+02 5.554375e+04
8.450000e+00 6.450011e+02 5.581648e+04
8.460000e+00 1.013509e+03 5.591486e+04
8.470000e+00 1.382016e+03 5.601325e+04
8.480000e+00 1.750524e+03 5.611163e+04
8.490000e+00 2.119032e+03 5.621002e+04
8.500000e+00 2.487540e+03 5.630840e+04
8.510000e+00 2.856047e+03 5.640679e+04
8.520000e+00 3.224555e+03 5.650517e+04
8.530000e+00 3.593063e+03 5.660356e+04
8.540000e+00 3.961570e+03 5.670194e+04
8.550000e+00 4.330078e+03 5.680033e+04
8.560000e+00 4.698586e+03 5.689871e+04
8.570000e+00 5.067093e+03 5.699710e+04
8.580000e+00 5.435601e+03 5.709548e+04
8.590000e+00 5.804109e+03 5.719387e+04
8.600000e+00 6.172616e+03 5.729225e+04
8.610000e+00 6.541124e+03 5.739064e+04
8.620000e+00 6.909632e+03 5.748902e+04
8.630000e+00 7.278139e+03 5.758741e+04
8.640000e+00 7.646647e+03 5.768579e+04
8.650000e+00 8.015155e+03 5.778418e+04
8.660000e+00 8.383663e+03 5.788256e+04
8.670000e+00 8.752170e+03 5.798095e+04
8.680000e+00 9.120678e+03 5.807933e+04
8.690000e+00 9.489186e+03 5.817772e+04
8.700000e+00 9.857693e+03 5.827610e+04
8.710000e+00 1.018281e+04 5.814917e+04
8.720000e+00 1.048681e+04 5.791261e+04
8.730000e+00 1.079082e+04 5.767606e+04
8.740000e+00 1.109482e+04 5.743950e+04
8.750000e+00 1.139883e+04 5.720295e+04
8.760000e+00 1.170283e+04 5.696639e+04
8.770000e+00 1.200684e+04 5.672983e+04
8.780000e+00 1.231084e+04 5.649328e+04
8.790000e+00 1.261485e+04 5.625672e+04
8.800000e+00 1.291885e+04 5.602017e+04
8.810000e+00 1.322286e+04 5.578361e+04
8.820000e+00 1.352686e+04 5.554705e+04
8.830000e+00 1.383087e+04 5.531050e+04
8.840000e+00 1.413487e+04 5.507394e+04
8.850000e+00 1.443887e+04 5.483739e+04
8.860000e+00 1.474288e+04 5.460083e+04
8.870000e+00 1.504688e+04 5.436427e+04
8.880000e+00 1.535089e+04 5.412772e+04
8.890000e+00 1.565489e+04 5.389116e+04
8.900000e+00 1.595890e+04 5.365461e+04
8.910000e+00 1.626290e+04 5.341805e+04
8.920000e+00 1.656691e+04 5.318149e+04
8.930000e+00 1.687091e+04 5.294494e+04
8.940000e+00 1.717492e+04 5.270838e+04
8.950000e+00 1.747892e+04 5.247183e+04
8.960000e+00 1.776000e+04 5.222543e+04
8.970000e+00 1.775765e+04 5.185738e+04
8.980000e+00 1.775531e+04 5.148933e+04
8.990000e+00 1.775297e+04 5.112128e+04
9.000000e+00 1.775062e+04 5.075323e+04
9.010000e+00 1.774828e+04 5.038518e+04
9.020000e+00 1.774593e+04 5.001713e+04
9.030000e+00 1.774359e+04 4.964908e+04
9.040000e+00 1.774124e+04 4.928103e+04
9.050000e+00 1.773890e+04 4.891298e+04
9.060000e+00 1.773656e+04 4.854493e+04
9.070000e+00 1.773421e+04 4.817688e+04
9.080000e+00 1.773187e+04 4.780883e+04
9.090000e+00 1.772952e+04 4.744078e+04
9.100000e+00 1.772718e+04 4.707273e+04
9.110000e+00 1.772484e+04 4.670468e+04
9.120000e+00 1.772249e+04 4.633663e+04
9.130000e+00 1.772015e+04 4.596858e+04
9.140000e+00 1.771780e+04 4.560053e+04
9.150000e+00 1.771546e+04 4.523248e+04
9.160000e+00 1.771312e+04 4.486443e+04
9.170000e+00 1.771077e+04 4.449638e+04
9.180000e+00 1.770843e+04 4.412833e+04
9.190000e+00 1.770608e+04 4.376028e+04
9.200000e+00 1.770374e+04 4.339223e+04
9.210000e+00 1.770140e+04 4.302418e+04
9.220000e+00 1.757148e+04 4.273791e+04
9.230000e+00 1.730169e+04 4.254130e+04
9.240000e+00 1.703190e+04 4.234469e+04
9.250000e+00 1.676210e+04 4.214809e+04
9.260000e+00 1.649231e+04 4.195148e+04
9.270000e+00 1.622251e+04 4.175487e+04
9.280000e+00 1.595272e+04 4.155826e+04
9.290000e+00 1.568293e+04 4.136165e+04
9.300000e+00 1.541313e+04 4.116505e+04
9.310000e+00 1.514334e+04 4.096844e+04
9.320000e+00 1.487354e+04 4.077183e+04
9.330000e+00 1.460375e+04 4.057522e+04
9.340000e+00 1.433396e+04 4.037862e+04
9.350000e+00 1.406416e+04 4.018201e+04
9.360000e+00 1.379437e+04 3.998540e+04
9.370000e+00 1.352458e+04 3.978879e+04
9.380000e+00 1.325478e+04 3.959219e+04
9.390000e+00 1.298499e+04 3.939558e+04
9.400000e+00 1.271519e+04 3.919897e+04
9.410000e+00 1.244540e+04 3.900236e+04
9.420000e+00 1.217561e+04 3.880575e+04
9.430000e+00 1.190581e+04 3.860915e+04
9.440000e+00 1.163602e+04 3.841254e+04
9.450000e+00 1.136622e+04 3.821593e+04
9.460000e+00 1.109643e+04 3.801932e+04
9.470000e+00 1.082664e+04 3.782272e+04
9.480000e+00 1.055298e+04 3.788606e+04
9.490000e+00 1.027879e+04 3.798515e+04
9.500000e+00 1.000461e+04 3.808424e+04
9.510000e+00 9.730421e+03 3.818333e+04
9.520000e+00 9.456234e+03 3.828242e+04
9.530000e+00 9.182047e+03 3.838151e+04
9.540000e+00 8.907861e+03 3.848059e+04
9.550000e+00 8.633674e+03 3.857968e+04
9.560000e+00 8.359487e+03 3.867877e+04
9.570000e+00 8.085301e+03 3.877786e+04
9.580000e+00 7.811114e+03 3.887695e+04
9.590000e+00 7.536927e+03 3.897604e+04
9.600000e+00 7.262740e+03 3.907513e+04
9.610000e+00 6.988554e+03 3.917422e+04
9.620000e+00 6.714367e+03 3.927330e+04
9.630000e+00 6.440180e+03 3.937239e+04
9.640000e+00 6.165994e+03 3.947148e+04
9.650000e+00 5.891807e+03 3.957057e+04
9.660000e+00 5.617620e+03 3.966966e+04
9.670000e+00 5.343433e+03 3.976875e+04
9.680000e+00 5.069247e+03 3.986784e+04
9.690000e+00 4.795060e+03 3.996693e+04
9.700000e+00 4.520873e+03 4.006602e+04
9.710000e+00 4.246687e+03 4.016510e+04
9.720000e+00 3.972500e+03 4.026419e+04
9.730000e+00 3.762002e+03 4.040505e+04
9.740000e+00 3.714254e+03 4.065262e+04
9.750000e+00 3.666506e+03 4.090020e+04
9.760000e+00 3.618758e+03 4.114778e+04
9.770000e+00 3.571010e+03 4.139535e+04
9.780000e+00 3.523262e+03 4.164293e+04
9.790000e+00 3.475514e+03 4.189051e+04
9.800000e+00 3.427766e+03 4.213808e+04
9.810000e+00 3.380018e+03 4.238566e+04
9.820000e+00 3.332270e+03 4.263324e+04
9.830000e+00 3.284521e+03 4.288081e+04
9.840000e+00 3.236773e+03 4.312839e+04
9.850000e+00 3.189025e+03 4.337597e+04
9.860000e+00 3.141277e+03 4.362354e+04
9.870000e+00 3.093529e+03 4.387112e+04
9.880000e+00 3.045781e+03 4.411870e+04
9.890000e+00 2.998033e+03 4.436627e+04
9.900000e+00 2.950285e+03 4.461385e+04
9.910000e+00 2.902537e+03 4.486143e+04
9.920000e+00 2.854789e+03 4.510900e+04
9.930000e+00 2.807041e+03 4.535658e+04
9.940000e+00 2.759293e+03 4.560416e+04
9.950000e+00 2.711545e+03 4.585173e+04
9.960000e+00 2.663797e+03 4.609931e+04
9.970000e+00 2.616049e+03 4.634689e+04
9.980000e+00 2.568301e+03 4.659446e+04
9.990000e+00 2.672539e+03 4.676888e+04
1.000000e+01 2.847187e+03 4.690941e+04
1.001000e+01 3.021836e+03 4.704994e+04
1.002000e+01 3.196484e+03 4.719047e+04
1.003000e+01 3.371132e+03 4.733100e+04
1.004000e+01 3.545781e+03 4.747152e+04
1.005000e+01 3.720429e+03 4.761205e+04
1.006000e+01 3.895078e+03 4.775258e+04
1.007000e+01 4.069726e+03 4.789311e+04
1.008000e+01 4.244374e+03 4.803364e+04
1.009000e+01 4.419023e+03 4.817417e+04
1.010000e+01 4.593671e+03 4.831469e+04
1.011000e+01 4.768320e+03 4.845522e+04
1.012000e+01 4.942968e+03 4.859575e+04
1.013000e+01 5.117616e+03 4.873628e+04
1.014000e+01 5.292265e+03 4.887681e+04
1.015000e+01 5.466913e+03 4.901734e+04
1.016000e+01 5.641562e+03 4.915786e+04
1.017000e+01 5.816210e+03 4.929839e+04
1.018000e+01 5.990858e+03 4.943892e+04
1.019000e+01 6.165507e+03 4.957945e+04
1.020000e+01 6.340155e+03 4.971998e+04
1.021000e+01 6.514803e+03 4.986050e+04
1.022000e+01 6.689452e+03 5.000103e+04
1.023000e+01 6.864100e+03 5.014156e+04
1.024000e+01 7.040184e+03 5.026272e+04
1.025000e+01 7.231619e+03 5.017681e+04
1.026000e+01 7.423053e+03 5.009089e+04
1.027000e+01 7.614487e+03 5.000498e+04
1.028000e+01 7.805921e+03 4.991907e+04
1.029000e+01 7.997355e+03 4.983315e+04
1.030000e+01 8.188789e+03 4.974724e+04
1.031000e+01 8.380223e+03 4.966133e+04
1.032000e+01 8.571657e+03 4.957542e+04
1.033000e+01 8.763091e+03 4.948950e+04
1.034000e+01 8.954525e+03 4.940359e+04
1.035000e+01 9.145960e+03 4.931768e+04
1.036000e+01 9.337394e+03 4.923176e+04
1.037000e+01 9.528828e+03 4.914585e+04
1.038000e+01 9.720262e+03 4.905994e+04
1.039000e+01 9.911696e+03 4.897402e+04
1.040000e+01 1.010313e+04 4.888811e+04
1.041000e+01 1.029456e+04 4.880220e+04
1.042000e+01 1.048600e+04 4.871628e+04
1.043000e+01 1.067743e+04 4.863037e+04
1.044000e+01 1.086887e+04 4.854446e+04
1.045000e+01 1.106030e+04 4.845855e+04
1.046000e+01 1.125173e+04 4.837263e+04
1.047000e+01 1.144317e+04 4.828672e+04
1.048000e+01 1.163460e+04 4.820081e+04
1.049000e+01 1.182604e+04 4.811489e+04
1.050000e+01 1.193152e+04 4.797121e+04
1.051000e+01 1.194669e+04 4.776683e+04
1.052000e+01 1.196187e+04 4.756246e+04
1.053000e+01 1.197705e+04 4.735808e+04
1.054000e+01 1.199223e+04 4.715371e+04
1.055000e+01 1.200741e+04 4.694933e+04
1.056000e+01 1.202259e+04 4.674496e+04
1.057000e+01 1.203776e+04 4.654058e+04
1.058000e+01 1.205294e+04 4.633621e+04
1.059000e+01 1.206812e+04 4.613183e+04
1.060000e+01 1.208330e+04 4.592746e+04
1.061000e+01 1.209848e+04 4.572308e+04
1.062000e+01 1.211366e+04 4.551870e+04
1.063000e+01 1.212884e+04 4.531433e+04
1.064000e+01 1.214401e+04 4.510995e+04
1.065000e+01 1.215919e+04 4.490558e+04
1.066000e+01 1.217437e+04 4.470120e+04
1.067000e+01 1.218955e+04 4.449683e+04
1.068000e+01 1.220473e+04 4.429245e+04
1.069000e+01 1.221991e+04 4.408808e+04
1.070000e+01 1.223509e+04 4.388370e+04
1.071000e+01 1.225026e+04 4.367933e+04
1.072000e+01 1.226544e+04 4.347495e+04
1.073000e+01 1.228062e+04 4.327058e+04
1.074000e+01 1.229580e+04 4.306620e+04
1.075000e+01 1.231098e+04 4.286183e+04
1.076000e+01 1.216533e+04 4.273513e+04
1.077000e+01 1.199978e+04 4.261805e+04
1.078000e+01 1.183422e+04 4.250097e+04
1.079000e+01 1.166866e+04 4.238389e+04
1.080000e+01 1.150310e+04 4.226682e+04
1.081000e+01 1.133755e+04 4.214974e+04
1.082000e+01 1.117199e+04 4.203266e+04
1.083000e+01 1.100643e+04 4.191558e+04
1.084000e+01 1.084087e+04 4.179850e+04
1.085000e+01 1.067532e+04 4.168142e+04
1.086000e+01 1.050976e+04 4.156435e+04
1.087000e+01 1.034420e+04 4.144727e+04
1.088000e+01 1.017864e+04 4.133019e+04
1.089000e+01 1.001309e+04 4.121311e+04
1.090000e+01 9.847529e+03 4.109603e+04
1.091000e+01 9.681971e+03 4.097895e+04
1.092000e+01 9.516413e+03 4.086188e+04
1.093000e+01 9.350856e+03 4.074480e+04
1.094000e+01 9.185298e+03 4.062772e+04
1.095000e+01 9.019741e+03 4.051064e+04
1.096000e+01 8.854183e+03 4.039356e+04
1.097000e+01 8.688626e+03 4.027648e+04
1.098000e+01 8.523068e+03 4.015941e+04
1.099000e+01 8.357510e+03 4.004233e+04
1.100000e+01 8.191953e+03 3.992525e+04
1.101000e+01 8.021024e+03 3.986296e+04
1.102000e+01 7.837071e+03 3.993356e+04
1.103000e+01 7.653117e+03 4.000415e+04
1.104000e+01 7.469163e+03 4.007474e+04
1.105000e+01 7.285209e+03 4.014533e+04
1.106000e+01 7.101256e+03 4.021593e+04
1.107000e+01 6.917302e+03 4.028652e+04
1.108000e+01 6.733348e+03 4.035711e+04
1.109000e+01 6.549394e+03 4.042770e+04
1.110000e+01 6.365441e+03 4.049829e+04
1.111000e+01 6.181487e+03 4.056889e+04
1.112000e+01 5.997533e+03 4.063948e+04
1.113000e+01 5.813579e+03 4.071007e+04
1.114000e+01 5.629626e+03 4.078066e+04
1.115000e+01 5.445672e+03 4.085126e+04
1.116000e+01 5.261718e+03 4.092185e+04
1.117000e+01 5.077764e+03 4.099244e+04
1.118000e+01 4.893810e+03 4.106303e+04
1.119000e+01 4.709857e+03 4.113363e+04
1.120000e+01 4.525903e+03 4.120422e+04
1.121000e+01 4.341949e+03 4.127481e+04
1.122000e+01 4.157995e+03 4.134540e+04
1.123000e+01 3.974042e+03 4.141600e+04
1.124000e+01 3.790088e+03 4.148659e+04
1.125000e+01 3.606134e+03 4.155718e+04
1.126000e+01 3.422180e+03 4.162777e+04
1.127000e+01 3.333151e+03 4.177185e+04
1.128000e+01 3.285957e+03 4.194832e+04
1.129000e+01 3.238763e+03 4.212478e+04
1.130000e+01 3.191569e+03 4.230124e+04
1.131000e+01 3.144376e+03 4.247771e+04
1.132000e+01 3.097182e+03 4.265417e+04
1.133000e+01 3.049988e+03 4.283063e+04
1.134000e+01 3.002794e+03 4.300710e+04
1.135000e+01 2.955600e+03 4.318356e+04
1.136000e+01 2.908407e+03 4.336002e+04
1.137000e+01 2.861213e+03 4.353649e+04
1.138000e+01 2.814019e+03 4.371295e+04
1.139000e+01 2.766825e+03 4.388941e+04
1.140000e+01 2.719631e+03 4.406588e+04
1.141000e+01 2.672438e+03 4.424234e+04
1.142000e+01 2.625244e+03 4.441880e+04
1.143000e+01 2.578050e+03 4.459527e+04
1.144000e+01 2.530856e+03 4.477173e+04
1.145000e+01 2.483663e+03 4.494819e+04
1.146000e+01 2.436469e+03 4.512466e+04
1.147000e+01 2.389275e+03 4.530112e+04
1.148000e+01 2.342081e+03 4.547758e+04
1.149000e+01 2.294887e+03 4.565405e+04
1.150000e+01 2.247694e+03 4.583051e+04
1.151000e+01 2.200500e+03 4.600698e+04
1.152000e+01 2.167102e+03 4.617836e+04
1.153000e+01 2.263269e+03 4.630200e+04
1.154000e+01 2.359435e+03 4.642564e+04
1.155000e+01 2.455602e+03 4.654928e+04
1.156000e+01 2.551769e+03 4.667293e+04
1.157000e+01 2.647936e+03 4.679657e+04
1.158000e+01 2.744103e+03 4.692021e+04
1.159000e+01 2.840270e+03 4.704385e+04
1.160000e+01 2.936436e+03 4.716749e+04
1.161000e+01 3.032603e+03 4.729114e+04
1.162000e+01 3.128770e+03 4.741478e+04
1.163000e+01 3.224937e+03 4.753842e+04
1.164000e+01 3.321104e+03 4.766206e+04
1.165000e+01 3.417271e+03 4.778571e+04
1.166000e+01 3.513437e+03 4.790935e+04
1.167000e+01 3.609604e+03 4.803299e+04
1.168000e+01 3.705771e+03 4.815663e+04
1.169000e+01 3.801938e+03 4.828028e+04
1.170000e+01 3.898105e+03 4.840392e+04
1.171000e+01 3.994272e+03 4.852756e+04
1.172000e+01 4.090438e+03 4.865120e+04
1.173000e+01 4.186605e+03 4.877485e+04
1.174000e+01 4.282772e+03 4.889849e+04
1.175000e+01 4.378939e+03 4.902213e+04
1.176000e+01 4.475106e+03 4.914577e+04
1.177000e+01 4.571273e+03 4.926942e+04
1.178000e+01 4.678972e+03 4.932968e+04
1.179000e+01 4.798280e+03 4.932616e+04
1.180000e+01 4.917588e+03 4.932264e+04
1.181000e+01 5.036896e+03 4.931913e+04
1.182000e+01 5.156204e+03 4.931561e+04
1.183000e+01 5.275512e+03 4.931209e+04
1.184000e+01 5.394820e+03 4.930857e+04
1.185000e+01 5.514128e+03 4.930505e+04
1.186000e+01 5.633436e+03 4.930153e+04
1.187000e+01 5.752744e+03 4.929801e+04
1.188000e+01 5.872052e+03 4.929449e+04
1.189000e+01 5.991360e+03 4.929097e+04
1.190000e+01 6.110668e+03 4.928745e+04
1.191000e+01 6.229976e+03 4.928393e+04
1.192000e+01 6.349284e+03 4.928041e+04
1.193000e+01 6.468592e+03 4.927689e+04
1.194000e+01 6.587900e+03 4.927337e+04
1.195000e+01 6.707208e+03 4.926985e+04
1.196000e+01 6.826516e+03 4.926633e+04
1.197000e+01 6.945824e+03 4.926281e+04
1.198000e+01 7.065132e+03 4.925929e+04
1.199000e+01 7.184440e+03 4.925577e+04
1.200000e+01 7.303748e+03 4.925225e+04
1.201000e+01 7.423056e+03 4.924873e+04
1.202000e+01 7.542364e+03 4.924521e+04
1.203000e+01 7.661671e+03 4.924170e+04
1.204000e+01 7.705542e+03 4.918029e+04
1.205000e+01 7.741077e+03 4.911248e+04
1.206000e+01 7.776612e+03 4.904468e+04
1.207000e+01 7.812148e+03 4.897688e+04
1.208000e+01 7.847683e+03 4.890907e+04
1.209000e+01 7.883218e+03 4.884127e+04
1.210000e+01 7.918754e+03 4.877346e+04
1.211000e+01 7.954289e+03 4.870566e+04
1.212000e+01 7.989824e+03 4.863786e+04
1.213000e+01 8.025360e+03 4.857005e+04
1.214000e+01 8.060895e+03 4.850225e+04
1.215000e+01 8.096430e+03 4.843445e+04
1.216000e+01 8.131966e+03 4.836664e+04
1.217000e+01 8.167501e+03 4.829884e+04
1.218000e+01 8.203036e+03 4.823104e+04
1.219000e+01 8.238572e+03 4.816323e+04
1.220000e+01 8.274107e+03 4.809543e+04
1.221000e+01 8.309642e+03 4.802762e+04
1.222000e+01 8.345178e+03 4.795982e+04
1.223000e+01 8.380713e+03 4.789202e+04
1.224000e+01 8.416248e+03 4.782421e+04
1.225000e+01 8.451784e+03 4.775641e+04
1.226000e+01 8.487319e+03 4.768861e+04
1.227000e+01 8.522854e+03 4.762080e+04
1.228000e+01 8.558390e+03 4.755300e+04
1.229000e+01 8.571360e+03 4.749851e+04
1.230000e+01 8.532335e+03 4.747469e+04
1.231000e+01 8.493311e+03 4.745088e+04
1.232000e+01 8.454287e+03 4.742707e+04
1.233000e+01 8.415263e+03 4.740325e+04
1.234000e+01 8.376238e+03 4.737944e+04
1.235000e+01 8.337214e+03 4.735562e+04
1.236000e+01 8.298190e+03 4.733181e+04
1.237000e+01 8.259166e+03 4.730800e+04
1.238000e+01 8.220141e+03 4.728418e+04
1.239000e+01 8.181117e+03 4.726037e+04
1.240000e+01 8.142093e+03 4.723656e+04
1.241000e+01 8.103068e+03 4.721274e+04
1.242000e+01 8.064044e+03 4.718893e+04
1.243000e+01 8.025020e+03 4.716511e+04
1.244000e+01 7.985996e+03 4.714130e+04
1.245000e+01 7.946971e+03 4.711749e+04
1.246000e+01 7.907947e+03 4.709367e+04
1.247000e+01 7.868923e+03 4.706986e+04
1.248000e+01 7.829899e+03 4.704604e+04
1.249000e+01 7.790874e+03 4.702223e+04
1.250000e+01 7.751850e+03 4.699842e+04
1.251000e+01 7.712826e+03 4.697460e+04
1.252000e+01 7.673801e+03 4.695079e+04
1.253000e+01 7.634777e+03 4.692697e+04
1.254000e+01 7.595753e+03 4.690316e+04
1.255000e+01 7.569178e+03 4.693194e+04
1.256000e+01 7.547819e+03 4.698274e+04
1.257000e+01 7.526459e+03 4.703354e+04
1.258000e+01 7.505099e+03 4.708434e+04
1.259000e+01 7.483739e+03 4.713514e+04
1.260000e+01 7.462380e+03 4.718595e+04
1.261000e+01 7.441020e+03 4.723675e+04
1.262000e+01 7.419660e+03 4.728755e+04
1.263000e+01 7.398300e+03 4.733835e+04
1.264000e+01 7.376940e+03 4.738916e+04
1.265000e+01 7.355581e+03 4.743996e+04
1.266000e+01 7.334221e+03 4.749076e+04
1.267000e+01 7.312861e+03 4.754156e+04
1.268000e+01 7.291501e+03 4.759237e+04
1.269000e+01 7.270142e+03 4.764317e+04
1.270000e+01 7.248782e+03 4.769397e+04
1.271000e+01 7.227422e+03 4.774477e+04
1.272000e+01 7.206062e+03 4.779558e+04
1.273000e+01 7.184703e+03 4.784638e+04
1.274000e+01 7.163343e+03 4.789718e+04
1.275000e+01 7.141983e+03 4.794798e+04
1.276000e+01 7.120623e+03 4.799878e+04
1.277000e+01 7.099264e+03 4.804959e+04
1.278000e+01 7.077904e+03 4.810039e+04
1.279000e+01 7.056544e+03 4.815119e+04
1.280000e+01 7.043323e+03 4.820256e+04
1.281000e+01 7.098079e+03 4.825864e+04
1.282000e+01 7.152836e+03 4.831471e+04
1.283000e+01 7.207592e+03 4.837079e+04
1.284000e+01 7.262349e+03 4.842687e+04
1.285000e+01 7.317105e+03 4.848294e+04
1.286000e+01 7.371862e+03 4.853902e+04
1.287000e+01 7.426618e+03 4.859510e+04
1.288000e+01 7.481375e+03 4.865117e+04
1.289000e+01 7.536131e+03 4.870725e+04
1.290000e+01 7.590888e+03 4.876333e+04
1.291000e+01 7.645644e+03 4.881940e+04
1.292000e+01 7.700401e+03 4.887548e+04
1.293000e+01 7.755157e+03 4.893156e+04
1.294000e+01 7.809914e+03 4.898764e+04
1.295000e+01 7.864670e+03 4.904371e+04
1.296000e+01 7.919426e+03 4.909979e+04
1.297000e+01 7.974183e+03 4.915587e+04
1.298000e+01 8.028939e+03 4.921194e+04
1.299000e+01 8.083696e+03 4.926802e+04
1.300000e+01 8.138452e+03 4.932410e+04
1.301000e+01 8.193209e+03 4.938017e+04
1.302000e+01 8.247965e+03 4.943625e+04
1.303000e+01 8.302722e+03 4.949233e+04
1.304000e+01 8.357478e+03 4.954841e+04
1.305000e+01 8.412235e+03 4.960448e+04
1.306000e+01 8.484565e+03 4.962335e+04
1.307000e+01 8.573842e+03 4.960634e+04
1.308000e+01 8.663120e+03 4.958933e+04
1.309000e+01 8.752398e+03 4.957232e+04
1.310000e+01 8.841676e+03 4.955530e+04
1.311000e+01 8.930954e+03 4.953829e+04
1.312000e+01 9.020232e+03 4.952128e+04
1.313000e+01 9.109510e+03 4.950427e+04
1.314000e+01 9.198788e+03 4.948725e+04
1.315000e+01 9.288066e+03 4.947024e+04
1.316000e+01 9.377343e+03 4.945323e+04
1.317000e+01 9.466621e+03 4.943622e+04
1.318000e+01 9.555899e+03 4.941920e+04
1.319000e+01 9.645177e+03 4.940219e+04
1.320000e+01 9.734455e+03 4.938518e+04
1.321000e+01 9.823733e+03 4.936817e+04
1.322000e+01 9.913011e+03 4.935115e+04
1.323000e+01 1.000229e+04 4.933414e+04
1.324000e+01 1.009157e+04 4.931713e+04
1.325000e+01 1.018084e+04 4.930012e+04
1.326000e+01 1.027012e+04 4.928310e+04
1.327000e+01 1.035940e+04 4.926609e+04
1.328000e+01 1.044868e+04 4.924908e+04
1.329000e+01 1.053796e+04 4.923207e+04
1.330000e+01 1.062723e+04 4.921505e+04
1.331000e+01 1.071651e+04 4.919804e+04
1.332000e+01 1.075598e+04 4.912115e+04
1.333000e+01 1.079059e+04 4.903843e+04
1.334000e+01 1.082520e+04 4.895571e+04
1.335000e+01 1.085981e+04 4.887299e+04
1.336000e+01 1.089442e+04 4.879026e+04
1.337000e+01 1.092903e+04 4.870754e+04
1.338000e+01 1.096365e+04 4.862482e+04
1.339000e+01 1.099826e+04 4.854210e+04
1.340000e+01 1.103287e+04 4.845937e+04
1.341000e+01 1.106748e+04 4.837665e+04
1.342000e+01 1.110209e+04 4.829393e+04
1.343000e+01 1.113670e+04 4.821120e+04
1.344000e+01 1.117131e+04 4.812848e+04
1.345000e+01 1.120593e+04 4.804576e+04
1.346000e+01 1.124054e+04 4.796304e+04
1.347000e+01 1.127515e+04 4.788031e+04
1.348000e+01 1.130976e+04 4.779759e+04
1.349000e+01 1.134437e+04 4.771487e+04
1.350000e+01 1.137898e+04 4.763214e+04
1.351000e+01 1.141359e+04 4.754942e+04
1.352000e+01 1.144820e+04 4.746670e+04
1.353000e+01 1.148282e+04 4.738398e+04
1.354000e+01 1.151743e+04 4.730125e+04
1.355000e+01 1.155204e+04 4.721853e+04
1.356000e+01 1.158665e+04 4.713581e+04
1.357000e+01 1.159440e+04 4.705937e+04
1.358000e+01 1.154329e+04 4.699668e+04
1.359000e+01 1.149217e+04 4.693400e+04
1.360000e+01 1.144106e+04 4.687132e+04
1.361000e+01 1.138994e+04 4.680864e+04
1.362000e+01 1.133882e+04 4.674596e+04
1.363000e+01 1.128771e+04 4.668327e+04
1.364000e+01 1.123659e+04 4.662059e+04
1.365000e+01 1.118548e+04 4.655791e+04
1.366000e+01 1.113436e+04 4.649523e+04
1.367000e+01 1.108325e+04 4.643255e+04
1.368000e+01 1.103213e+04 4.636986e+04
1.369000e+01 1.098102e+04 4.630718e+04
1.370000e+01 1.092990e+04 4.624450e+04
1.371000e+01 1.087879e+04 4.618182e+04
1.372000e+01 1.082767e+04 4.611914e+04
1.373000e+01 1.077656e+04 4.605645e+04
1.374000e+01 1.072544e+04 4.599377e+04
1.375000e+01 1.067433e+04 4.593109e+04
1.376000e+01 1.062321e+04 4.586841e+04
1.377000e+01 1.057210e+04 4.580573e+04
1.378000e+01 1.052098e+04 4.574304e+04
1.379000e+01 1.046987e+04 4.568036e+04
1.380000e+01 1.041875e+04 4.561768e+04
1.381000e+01 1.036764e+04 4.555500e+04
1.382000e+01 1.031652e+04 4.549232e+04
1.383000e+01 1.025070e+04 4.549131e+04
1.384000e+01 1.017903e+04 4.551482e+04
1.385000e+01 1.010736e+04 4.553834e+04
1.386000e+01 1.003569e+04 4.556186e+04
1.387000e+01 9.964020e+03 4.558537e+04
1.388000e+01 9.892350e+03 4.560889e+04
1.389000e+01 9.820680e+03 4.563241e+04
1.390000e+01 9.749010e+03 4.565592e+04
1.391000e+01 9.677340e+03 4.567944e+04
1.392000e+01 9.605669e+03 4.570296e+04
1.393000e+01 9.533999e+03 4.572647e+04
1.394000e+01 9.462329e+03 4.574999e+04
1.395000e+01 9.390659e+03 4.577351e+04
1.396000e+01 9.318988e+03 4.579702e+04
1.397000e+01 9.247318e+03 4.582054e+04
1.398000e+01 9.175648e+03 4.584406e+04
1.399000e+01 9.103978e+03 4.586757e+04
1.400000e+01 9.032308e+03 4.589109e+04
1.401000e+01 8.960637e+03 4.591461e+04
1.402000e+01 8.888967e+03 4.593812e+04
1.403000e+01 8.817297e+03 4.596164e+04
1.404000e+01 8.745627e+03 4.598516e+04
1.405000e+01 8.673956e+03 4.600867e+04
1.406000e+01 8.602286e+03 4.603219e+04
1.407000e+01 8.530616e+03 4.605571e+04
1.408000e+01 8.467044e+03 4.608580e+04
1.409000e+01 8.464227e+03 4.616521e+04
1.410000e+01 8.461410e+03 4.624463e+04
1.411000e+01 8.458593e+03 4.632405e+04
1.412000e+01 8.455775e+03 4.640347e+04
1.413000e+01 8.452958e+03 4.648288e+04
1.414000e+01 8.450141e+03 4.656230e+04
1.415000e+01 8.447324e+03 4.664172e+04
1.416000e+01 8.444507e+03 4.672114e+04
1.417000e+01 8.441690e+03 4.680055e+04
1.418000e+01 8.438873e+03 4.687997e+04
1.419000e+01 8.436055e+03 4.695939e+04
1.420000e+01 8.433238e+03 4.703881e+04
1.421000e+01 8.430421e+03 4.711822e+04
1.422000e+01 8.427604e+03 4.719764e+04
1.423000e+01 8.424787e+03 4.727706e+04
1.424000e+01 8.421970e+03 4.735647e+04
1.425000e+01 8.419153e+03 4.743589e+04
1.426000e+01 8.416336e+03 4.751531e+04
1.427000e+01 8.413518e+03 4.759473e+04
1.428000e+01 8.410701e+03 4.767414e+04
1.429000e+01 8.407884e+03 4.775356e+04
1.430000e+01 8.405067e+03 4.783298e+04
1.431000e+01 8.402250e+03 4.791240e+04
1.432000e+01 8.399433e+03 4.799181e+04
1.433000e+01 8.396616e+03 4.807123e+04
1.434000e+01 8.435867e+03 4.813008e+04
1.435000e+01 8.513991e+03 4.816992e+04
1.436000e+01 8.592114e+03 4.820977e+04
1.437000e+01 8.670237e+03 4.824961e+04
1.438000e+01 8.748360e+03 4.828945e+04
1.439000e+01 8.826483e+03 4.832930e+04
1.440000e+01 8.904606e+03 4.836914e+04
1.441000e+01 8.982729e+03 4.840898e+04
1.442000e+01 9.060852e+03 4.844883e+04
1.443000e+01 9.138975e+03 4.848867e+04
1.444000e+01 9.217099e+03 4.852852e+04
1.445000e+01 9.295222e+03 4.856836e+04
1.446000e+01 9.373345e+03 4.860820e+04
1.447000e+01 9.451468e+03 4.864805e+04
1.448000e+01 9.529591e+03 4.868789e+04
1.449000e+01 9.607714e+03 4.872773e+04
1.450000e+01 9.685837e+03 4.876758e+04
1.451000e+01 9.763960e+03 4.880742e+04
1.452000e+01 9.842083e+03 4.884726e+04
1.453000e+01 9.920207e+03 4.888711e+04
1.454000e+01 9.998330e+03 4.892695e+04
1.455000e+01 1.007645e+04 4.896680e+04
1.456000e+01 1.015458e+04 4.900664e+04
1.457000e+01 1.023270e+04 4.904648e+04
1.458000e+01 1.031082e+04 4.908633e+04
1.459000e+01 1.038895e+04 4.912617e+04
1.460000e+01 1.046559e+04 4.907950e+04
1.461000e+01 1.054211e+04 4.902550e+04
1.462000e+01 1.061863e+04 4.897151e+04
1.463000e+01 1.069515e+04 4.891751e+04
1.464000e+01 1.077167e+04 4.886351e+04
1.465000e+01 1.084819e+04 4.880951e+04
1.466000e+01 1.092471e+04 4.875552e+04
1.467000e+01 1.100123e+04 4.870152e+04
1.468000e+01 1.107775e+04 4.864752e+04
1.469000e+01 1.115427e+04 4.859352e+04
1.470000e+01 1.123079e+04 4.853953e+04
1.471000e+01 1.130731e+04 4.848553e+04
1.472000e+01 1.138384e+04 4.843153e+04
1.473000e+01 1.146036e+04 4.837753e+04
1.474000e+01 1.153688e+04 4.832354e+04
1.475000e+01 1.161340e+04 4.826954e+04
1.476000e+01 1.168992e+04 4.821554e+04
1.477000e+01 1.176644e+04 4.816154e+04
1.478000e+01 1.184296e+04 4.810755e+04
1.479000e+01 1.191948e+04 4.805355e+04
1.480000e+01 1.199600e+04 4.799955e+04
1.481000e+01 1.207252e+04 4.794555e+04
1.482000e+01 1.214904e+04 4.789156e+04
1.483000e+01 1.222556e+04 4.783756e+04
1.484000e+01 1.230208e+04 4.778356e+04
1.485000e+01 1.234948e+04 4.771579e+04
1.486000e+01 1.233615e+04 4.761927e+04
1.487000e+01 1.232281e+04 4.752276e+04
1.488000e+01 1.230947e+04 4.742624e+04
1.489000e+01 1.229613e+04 4.732973e+04
1.490000e+01 1.228279e+04 4.723321e+04
1.491000e+01 1.226946e+04 4.713670e+04
1.492000e+01 1.225612e+04 4.704018e+04
1.493000e+01 1.224278e+04 4.694367e+04
1.494000e+01 1.222944e+04 4.684715e+04
1.495000e+01 1.221611e+04 4.675064e+04
1.496000e+01 1.220277e+04 4.665412e+04
1.497000e+01 1.218943e+04 4.655761e+04
1.498000e+01 1.217609e+04 4.646109e+04
1.499000e+01 1.216276e+04 4.636458e+04
1.500000e+01 1.214942e+04 4.626806e+04
1.501000e+01 1.213608e+04 4.617155e+04
1.502000e+01 1.212274e+04 4.607503e+04
1.503000e+01 1.210940e+04 4.597851e+04
1.504000e+01 1.209607e+04 4.588200e+04
1.505000e+01 1.208273e+04 4.578548e+04
1.506000e+01 1.206939e+04 4.568897e+04
1.507000e+01 1.205605e+04 4.559245e+04
1.508000e+01 1.204272e+04 4.549594e+04
1.509000e+01 1.202938e+04 4.539942e+04
1.510000e+01 1.201604e+04 4.530291e+04
1.511000e+01 1.194173e+04 4.525227e+04
1.512000e+01 1.184444e+04 4.521892e+04
1.513000e+01 1.174714e+04 4.518558e+04
1.514000e+01 1.164984e+04 4.515224e+04
1.515000e+01 1.155255e+04 4.511889e+04
1.516000e+01 1.145525e+04 4.508555e+04
1.517000e+01 1.135795e+04 4.505221e+04
1.518000e+01 1.126066e+04 4.501886e+04
1.519000e+01 1.116336e+04 4.498552e+04
1.520000e+01 1.106606e+04 4.495217e+04
1.521000e+01 1.096877e+04 4.491883e+04
1.522000e+01 1.087147e+04 4.488549e+04
1.523000e+01 1.077417e+04 4.485214e+04
1.524000e+01 1.067688e+04 4.481880e+04
1.525000e+01 1.057958e+04 4.478546e+04
1.526000e+01 1.048228e+04 4.475211e+04
1.527000e+01 1.038499e+04 4.471877e+04
1.528000e+01 1.028769e+04 4.468543e+04
1.529000e+01 1.019039e+04 4.465208e+04
1.530000e+01 1.009310e+04 4.461874e+04
1.531000e+01 9.995799e+03 4.458540e+04
1.532000e+01 9.898503e+03 4.455205e+04
1.533000e+01 9.801206e+03 4.451871e+04
1.534000e+01 9.703909e+03 4.448537e+04
1.535000e+01 9.606612e+03 4.445202e+04
1.536000e+01 9.511389e+03 4.443254e+04
1.537000e+01 9.430252e+03 4.450724e+04
1.538000e+01 9.349116e+03 4.458194e+04
1.539000e+01 9.267979e+03 4.465663e+04
1.540000e+01 9.186842e+03 4.473133e+04
1.541000e+01 9.105706e+03 4.480603e+04
1.542000e+01 9.024569e+03 4.488073e+04
1.543000e+01 8.943432e+03 4.495543e+04
1.544000e+01 8.862296e+03 4.503012e+04
1.545000e+01 8.781159e+03 4.510482e+04
1.546000e+01 8.700022e+03 4.517952e+04
1.547000e+01 8.618886e+03 4.525422e+04
1.548000e+01 8.537749e+03 4.532891e+04
1.549000e+01 8.456612e+03 4.540361e+04
1.550000e+01 8.375476e+03 4.547831e+04
1.551000e+01 8.294339e+03 4.555301e+04
1.552000e+01 8.213202e+03 4.562771e+04
1.553000e+01 8.132066e+03 4.570240e+04
1.554000e+01 8.050929e+03 4.577710e+04
1.555000e+01 7.969792e+03 4.585180e+04
1.556000e+01 7.888656e+03 4.592650e+04
1.557000e+01 7.807519e+03 4.600120e+04
1.558000e+01 7.726382e+03 4.607589e+04
1.559000e+01 7.645246e+03 4.615059e+04
1.560000e+01 7.564109e+03 4.622529e+04
1.561000e+01 7.482972e+03 4.629999e+04
1.562000e+01 7.457629e+03 4.639450e+04
1.563000e+01 7.481673e+03 4.650654e+04
1.564000e+01 7.505717e+03 4.661859e+04
1.565000e+01 7.529762e+03 4.673064e+04
1.566000e+01 7.553806e+03 4.684268e+04
1.567000e+01 7.577850e+03 4.695473e+04
1.568000e+01 7.601895e+03 4.706677e+04
1.569000e+01 7.625939e+03 4.717882e+04
1.570000e+01 7.649983e+03 4.729087e+04
1.571000e+01 7.674028e+03 4.740291e+04
1.572000e+01 7.698072e+03 4.751496e+04
1.573000e+01 7.722116e+03 4.762701e+04
1.574000e+01 7.746161e+03 4.773905e+04
1.575000e+01 7.770205e+03 4.785110e+04
1.576000e+01 7.794249e+03 4.796315e+04
1.577000e+01 7.818294e+03 4.807519e+04
1.578000e+01 7.842338e+03 4.818724e+04
1.579000e+01 7.866382e+03 4.829928e+04
1.580000e+01 7.890427e+03 4.841133e+04
1.581000e+01 7.914471e+03 4.852338e+04
1.582000e+01 7.938515e+03 4.863542e+04
1.583000e+01 7.962560e+03 4.874747e+04
1.584000e+01 7.986604e+03 4.885952e+04
1.585000e+01 8.010648e+03 4.897156e+04
1.586000e+01 8.034693e+03 4.908361e+04
1.587000e+01 8.058737e+03 4.919566e+04
1.588000e+01 8.159474e+03 4.923430e+04
1.589000e+01 8.265755e+03 4.926764e+04
1.590000e+01 8.372036e+03 4.930098e+04
1.591000e+01 8.478318e+03 4.933431e+04
1.592000e+01 8.584599e+03 4.936765e+04
1.593000e+01 8.690880e+03 4.940099e+04
1.594000e+01 8.797161e+03 4.943433e+04
1.595000e+01 8.903442e+03 4.946766e+04
1.596000e+01 9.009724e+03 4.950100e+04
1.597000e+01 9.116005e+03 4.953434e+04
1.598000e+01 9.222286e+03 4.956768e+04
1.599000e+01 9.328567e+03 4.960102e+04
1.600000e+01 9.434848e+03 4.963435e+04
1.601000e+01 9.541129e+03 4.966769e+04
1.602000e+01 9.647411e+03 4.970103e+04
1.603000e+01 9.753692e+03 4.973437e+04
1.604000e+01 9.859973e+03 4.976771e+04
1.605000e+01 9.966254e+03 4.980104e+04
1.606000e+01 1.007254e+04 4.983438e+04
1.607000e+01 1.017882e+04 4.986772e+04
1.608000e+01 1.028510e+04 4.990106e+04
1.609000e+01 1.039138e+04 4.993440e+04
1.610000e+01 1.049766e+04 4.996773e+04
1.611000e+01 1.060394e+04 5.000107e+04
1.612000e+01 1.071022e+04 5.003441e+04
1.613000e+01 1.080395e+04 5.002988e+04
1.614000e+01 1.087272e+04 4.995010e+04
1.615000e+01 1.094150e+04 4.987031e+04
1.616000e+01 1.101027e+04 4.979053e+04
1.617000e+01 1.107904e+04 4.971075e+04
1.618000e+01 1.114781e+04 4.963096e+04
1.619000e+01 1.121659e+04 4.955118e+04
1.620000e+01 1.128536e+04 4.947139e+04
1.621000e+01 1.135413e+04 4.939161e+04
1.622000e+01 1.142291e+04 4.931182e+04
1.623000e+01 1.149168e+04 4.923204e+04
1.624000e+01 1.156045e+04 4.915225e+04
1.625000e+01 1.162923e+04 4.907247e+04
1.626000e+01 1.169800e+04 4.899269e+04
1.627000e+01 1.176677e+04 4.891290e+04
1.628000e+01 1.183555e+04 4.883312e+04
1.629000e+01 1.190432e+04 4.875333e+04
1.630000e+01 1.197309e+04 4.867355e+04
1.631000e+01 1.204187e+04 4.859376e+04
1.632000e+01 1.211064e+04 4.851398e+04
1.633000e+01 1.217941e+04 4.843419e+04
1.634000e+01 1.224819e+04 4.835441e+04
1.635000e+01 1.231696e+04 4.827463e+04
1.636000e+01 1.238573e+04 4.819484e+04
1.637000e+01 1.245451e+04 4.811506e+04
1.638000e+01 1.252328e+04 4.803527e+04
1.639000e+01 1.249653e+04 4.794333e+04
1.640000e+01 1.243567e+04 4.784704e+04
1.641000e+01 1.237481e+04 4.775075e+04
1.642000e+01 1.231395e+04 4.765446e+04
1.643000e+01 1.225309e+04 4.755817e+04
1.644000e+01 1.219222e+04 4.746189e+04
1.645000e+01 1.213136e+04 4.736560e+04
1.646000e+01 1.207050e+04 4.726931e+04
1.647000e+01 1.200964e+04 4.717302e+04
1.648000e+01 1.194878e+04 4.707673e+04
1.649000e+01 1.188792e+04 4.698045e+04
1.650000e+01 1.182706e+04 4.688416e+04
1.651000e+01 1.176620e+04 4.678787e+04
1.652000e+01 1.170534e+04 4.669158e+04
1.653000e+01 1.164447e+04 4.659529e+04
1.654000e+01 1.158361e+04 4.649901e+04
1.655000e+01 1.152275e+04 4.640272e+04
1.656000e+01 1.146189e+04 4.630643e+04
1.657000e+01 1.140103e+04 4.621014e+04
1.658000e+01 1.134017e+04 4.611385e+04
1.659000e+01 1.127931e+04 4.601756e+04
1.660000e+01 1.121845e+04 4.592128e+04
1.661000e+01 1.115759e+04 4.582499e+04
1.662000e+01 1.109673e+04 4.572870e+04
1.663000e+01 1.103586e+04 4.563241e+04
1.664000e+01 1.096315e+04 4.555307e+04
1.665000e+01 1.081704e+04 4.557873e+04
1.666000e+01 1.067092e+04 4.560438e+04
1.667000e+01 1.052481e+04 4.563004e+04
1.668000e+01 1.037869e+04 4.565569e+04
1.669000e+01 1.023257e+04 4.568135e+04
1.670000e+01 1.008646e+04 4.570700e+04
1.671000e+01 9.940343e+03 4.573266e+04
1.672000e+01 9.794228e+03 4.575831e+04
1.673000e+01 9.648112e+03 4.578396e+04
1.674000e+01 9.501996e+03 4.580962e+04
1.675000e+01 9.355881e+03 4.583527e+04
1.676000e+01 9.209765e+03 4.586093e+04
1.677000e+01 9.063649e+03 4.588658e+04
1.678000e+01 8.917534e+03 4.591224e+04
1.679000e+01 8.771418e+03 4.593789e+04
1.680000e+01 8.625303e+03 4.596355e+04
1.681000e+01 8.479187e+03 4.598920e+04
1.682000e+01 8.333071e+03 4.601485e+04
1.683000e+01 8.186956e+03 4.604051e+04
1.684000e+01 8.040840e+03 4.606616e+04
1.685000e+01 7.894725e+03 4.609182e+04
1.686000e+01 7.748609e+03 4.611747e+04
1.687000e+01 7.602493e+03 4.614313e+04
1.688000e+01 7.456378e+03 4.616878e+04
1.689000e+01 7.310262e+03 4.619444e+04
1.690000e+01 7.202476e+03 4.630443e+04
1.691000e+01 7.127191e+03 4.648594e+04
1.692000e+01 7.051907e+03 4.666744e+04
1.693000e+01 6.976622e+03 4.684895e+04
1.694000e+01 6.901338e+03 4.703046e+04
1.695000e+01 6.826053e+03 4.721197e+04
1.696000e+01 6.750769e+03 4.739348e+04
1.697000e+01 6.675484e+03 4.757498e+04
1.698000e+01 6.600200e+03 4.775649e+04
1.699000e+01 6.524915e+03 4.793800e+04
1.700000e+01 6.449630e+03 4.811951e+04
1.701000e+01 6.374346e+03 4.830101e+04
1.702000e+01 6.299061e+03 4.848252e+04
1.703000e+01 6.223777e+03 4.866403e+04
1.704000e+01 6.148492e+03 4.884554e+04
1.705000e+01 6.073208e+03 4.902705e+04
1.706000e+01 5.997923e+03 4.920855e+04
1.707000e+01 5.922639e+03 4.939006e+04
1.708000e+01 5.847354e+03 4.957157e+04
1.709000e+01 5.772070e+03 4.975308e+04
1.710000e+01 5.696785e+03 4.993458e+04
1.711000e+01 5.621500e+03 5.011609e+04
1.712000e+01 5.546216e+03 5.029760e+04
1.713000e+01 5.470931e+03 5.047911e+04
1.714000e+01 5.395647e+03 5.066062e+04
1.715000e+01 5.320362e+03 5.084212e+04
1.716000e+01 5.426476e+03 5.105143e+04
1.717000e+01 5.543497e+03 5.126240e+04
1.718000e+01 5.660519e+03 5.147338e+04
1.719000e+01 5.777540e+03 5.168436e+04
1.720000e+01 5.894562e+03 5.189533e+04
1.721000e+01 6.011583e+03 5.210631e+04
1.722000e+01 6.128605e+03 5.231729e+04
1.723000e+01 6.245626e+03 5.252826e+04
1.724000e+01 6.362648e+03 5.273924e+04
1.725000e+01 6.479669e+03 5.295022e+04
1.726000e+01 6.596691e+03 5.316119e+04
1.727000e+01 6.713712e+03 5.337217e+04
1.728000e+01 6.830734e+03 5.358315e+04
1.729000e+01 6.947755e+03 5.379412e+04
1.730000e+01 7.064777e+03 5.400510e+04
1.731000e+01 7.181798e+03 5.421608e+04
1.732000e+01 7.298820e+03 5.442705e+04
1.733000e+01 7.415841e+03 5.463803e+04
1.734000e+01 7.532863e+03 5.484901e+04
1.735000e+01 7.649884e+03 5.505998e+04
1.736000e+01 7.766906e+03 5.527096e+04
1.737000e+01 7.883927e+03 5.548194e+04
1.738000e+01 8.000949e+03 5.569291e+04
1.739000e+01 8.117970e+03 5.590389e+04
1.740000e+01 8.234992e+03 5.611486e+04
1.741000e+01 8.403542e+03 5.627191e+04
1.742000e+01 8.669740e+03 5.632675e+04
1.743000e+01 8.935938e+03 5.638158e+04
1.744000e+01 9.202136e+03 5.643642e+04
1.745000e+01 9.468334e+03 5.649126e+04
1.746000e+01 9.734532e+03 5.654610e+04
1.747000e+01 1.000073e+04 5.660094e+04
1.748000e+01 1.026693e+04 5.665578e+04
1.749000e+01 1.053313e+04 5.671061e+04
1.750000e+01 1.079933e+04 5.676545e+04
1.751000e+01 1.106552e+04 5.682029e+04
1.752000e+01 1.133172e+04 5.687513e+04
1.753000e+01 1.159792e+04 5.692997e+04
1.754000e+01 1.186412e+04 5.698480e+04
1.755000e+01 1.213032e+04 5.703964e+04
1.756000e+01 1.239651e+04 5.709448e+04
1.757000e+01 1.266271e+04 5.714932e+04
1.758000e+01 1.292891e+04 5.720416e+04
1.759000e+01 1.319511e+04 5.725899e+04
1.760000e+01 1.346131e+04 5.731383e+04
1.761000e+01 1.372750e+04 5.736867e+04
1.762000e+01 1.399370e+04 5.742351e+04
1.763000e+01 1.425990e+04 5.747835e+04
1.764000e+01 1.452610e+04 5.753319e+04
1.765000e+01 1.479230e+04 5.758802e+04
1.766000e+01 1.505850e+04 5.764286e+04
1.767000e+01 1.529399e+04 5.752595e+04
1.768000e+01 1.551912e+04 5.735104e+04
1.769000e+01 1.574426e+04 5.717613e+04
1.770000e+01 1.596939e+04 5.700122e+04
1.771000e+01 1.619452e+04 5.682632e+04
1.772000e+01 1.641965e+04 5.665141e+04
1.773000e+01 1.664478e+04 5.647650e+04
1.774000e+01 1.686991e+04 5.630159e+04
1.775000e+01 1.709504e+04 5.612668e+04
1.776000e+01 1.732017e+04 5.595177e+04
1.777000e+01 1.754530e+04 5.577686e+04
1.778000e+01 1.777043e+04 5.560195e+04
1.779000e+01 1.799556e+04 5.542705e+04
1.780000e+01 1.822070e+04 5.525214e+04
1.781000e+01 1.844583e+04 5.507723e+04
1.782000e+01 1.867096e+04 5.490232e+04
1.783000e+01 1.889609e+04 5.472741e+04
1.784000e+01 1.912122e+04 5.455250e+04
1.785000e+01 1.934635e+04 5.437759e+04
1.786000e+01 1.957148e+04 5.420268e+04
1.787000e+01 1.979661e+04 5.402777e+04
1.788000e+01 2.002174e+04 5.385287e+04
1.789000e+01 2.024687e+04 5.367796e+04
1.790000e+01 2.047200e+04 5.350305e+04
1.791000e+01 2.069714e+04 5.332814e+04
1.792000e+01 2.088943e+04 5.313666e+04
1.793000e+01 2.089520e+04 5.285103e+04
1.794000e+01 2.090096e+04 5.256541e+04
1.795000e+01 2.090673e+04 5.227979e+04
1.796000e+01 2.091250e+04 5.199416e+04
1.797000e+01 2.091827e+04 5.170854e+04
1.798000e+01 2.092403e+04 5.142292e+04
1.799000e+01 2.092980e+04 5.113729e+04
1.800000e+01 2.093557e+04 5.085167e+04
1.801000e+01 2.094134e+04 5.056604e+04
1.802000e+01 2.094710e+04 5.028042e+04
1.803000e+01 2.095287e+04 4.999480e+04
1.804000e+01 2.095864e+04 4.970917e+04
1.805000e+01 2.096441e+04 4.942355e+04
1.806000e+01 2.097017e+04 4.913793e+04
1.807000e+01 2.097594e+04 4.885230e+04
1.808000e+01 2.098171e+04 4.856668e+04
1.809000e+01 2.098748e+04 4.828106e+04
1.810000e+01 2.099324e+04 4.799543e+04
1.811000e+01 2.099901e+04 4.770981e+04
1.812000e+01 2.100478e+04 4.742419e+04
1.813000e+01 2.101055e+04 4.713856e+04
1.814000e+01 2.101631e+04 4.685294e+04
1.815000e+01 2.102208e+04 4.656732e+04
1.816000e+01 2.102785e+04 4.628169e+04
1.817000e+01 2.103362e+04 4.599607e+04
1.818000e+01 2.091407e+04 4.577118e+04
1.819000e+01 2.069274e+04 4.559561e+04
1.820000e+01 2.047141e+04 4.542004e+04
1.821000e+01 2.025008e+04 4.524447e+04
1.822000e+01 2.002875e+04 4.506890e+04
1.823000e+01 1.980742e+04 4.489333e+04
1.824000e+01 1.958609e+04 4.471776e+04
1.825000e+01 1.936476e+04 4.454219e+04
1.826000e+01 1.914344e+04 4.436663e+04
1.827000e+01 1.892211e+04 4.419106e+04
1.828000e+01 1.870078e+04 4.401549e+04
1.829000e+01 1.847945e+04 4.383992e+04
1.830000e+01 1.825812e+04 4.366435e+04
1.831000e+01 1.803679e+04 4.348878e+04
1.832000e+01 1.781546e+04 4.331321e+04
1.833000e+01 1.759414e+04 4.313764e+04
1.834000e+01 1.737281e+04 4.296207e+04
1.835000e+01 1.715148e+04 4.278651e+04
1.836000e+01 1.693015e+04 4.261094e+04
1.837000e+01 1.670882e+04 4.243537e+04
1.838000e+01 1.648749e+04 4.225980e+04
1.839000e+01 1.626616e+04 4.208423e+04
1.840000e+01 1.604483e+04 4.190866e+04
1.841000e+01 1.582351e+04 4.173309e+04
1.842000e+01 1.560218e+04 4.155752e+04
1.843000e+01 1.538085e+04 4.138195e+04
1.844000e+01 1.511039e+04 4.144282e+04
1.845000e+01 1.483756e+04 4.151510e+04
1.846000e+01 1.456473e+04 4.158737e+04
1.847000e+01 1.429190e+04 4.165965e+04
1.848000e+01 1.401908e+04 4.173193e+04
1.849000e+01 1.374625e+04 4.180420e+04
1.850000e+01 1.347342e+04 4.187648e+04
1.851000e+01 1.320059e+04 4.194875e+04
1.852000e+01 1.292776e+04 4.202103e+04
1.853000e+01 1.265493e+04 4.209331e+04
1.854000e+01 1.238210e+04 4.216558e+04
1.855000e+01 1.210927e+04 4.223786e+04
1.856000e+01 1.183644e+04 4.231013e+04
1.857000e+01 1.156362e+04 4.238241e+04
1.858000e+01 1.129079e+04 4.245469e+04
1.859000e+01 1.101796e+04 4.252696e+04
1.860000e+01 1.074513e+04 4.259924e+04
1.861000e+01 1.047230e+04 4.267151e+04
1.862000e+01 1.019947e+04 4.274379e+04
1.863000e+01 9.926643e+03 4.281607e+04
1.864000e+01 9.653814e+03 4.288834e+04
1.865000e+01 9.380986e+03 4.296062e+04
1.866000e+01 9.108157e+03 4.303289e+04
1.867000e+01 8.835328e+03 4.310517e+04
1.868000e+01 8.562499e+03 4.317745e+04
1.869000e+01 8.347271e+03 4.331683e+04
1.870000e+01 8.236191e+03 4.357756e+04
1.871000e+01 8.125111e+03 4.383830e+04
1.872000e+01 8.014031e+03 4.409903e+04
1.873000e+01 7.902952e+03 4.435976e+04
1.874000e+01 7.791872e+03 4.462049e+04
1.875000e+01 7.680792e+03 4.488122e+04
1.876000e+01 7.569713e+03 4.514196e+04
1.877000e+01 7.458633e+03 4.540269e+04
1.878000e+01 7.347553e+03 4.566342e+04
1.879000e+01 7.236473e+03 4.592415e+04
1.880000e+01 7.125394e+03 4.618488e+04
1.881000e+01 7.014314e+03 4.644562e+04
1.882000e+01 6.903234e+03 4.670635e+04
1.883000e+01 6.792155e+03 4.696708e+04
1.884000e+01 6.681075e+03 4.722781e+04
1.885000e+01 6.569995e+03 4.748854e+04
1.886000e+01 6.458915e+03 4.774928e+04
1.887000e+01 6.347836e+03 4.801001e+04
1.888000e+01 6.236756e+03 4.827074e+04
1.889000e+01 6.125676e+03 4.853147e+04
1.890000e+01 6.014596e+03 4.879220e+04
1.891000e+01 5.903517e+03 4.905294e+04
1.892000e+01 5.792437e+03 4.931367e+04
1.893000e+01 5.681357e+03 4.957440e+04
1.894000e+01 5.570278e+03 4.983513e+04
1.895000e+01 5.640063e+03 5.008580e+04
1.896000e+01 5.767513e+03 5.033327e+04
1.897000e+01 5.894963e+03 5.058073e+04
1.898000e+01 6.022414e+03 5.082819e+04
1.899000e+01 6.149864e+03 5.107565e+04
1.900000e+01 6.277315e+03 5.132312e+04
1.901000e+01 6.404765e+03 5.157058e+04
1.902000e+01 6.532215e+03 5.181804e+04
1.903000e+01 6.659666e+03 5.206550e+04
1.904000e+01 6.787116e+03 5.231297e+04
1.905000e+01 6.914567e+03 5.256043e+04
1.906000e+01 7.042017e+03 5.280789e+04
1.907000e+01 7.169467e+03 5.305535e+04
1.908000e+01 7.296918e+03 5.330282e+04
1.909000e+01 7.424368e+03 5.355028e+04
1.910000e+01 7.551819e+03 5.379774e+04
1.911000e+01 7.679269e+03 5.404520e+04
1.912000e+01 7.806719e+03 5.429267e+04
1.913000e+01 7.934170e+03 5.454013e+04
1.914000e+01 8.061620e+03 5.478759e+04
1.915000e+01 8.189071e+03 5.503505e+04
1.916000e+01 8.316521e+03 5.528252e+04
1.917000e+01 8.443971e+03 5.552998e+04
1.918000e+01 8.571422e+03 5.577744e+04
1.919000e+01 8.698872e+03 5.602490e+04
1.920000e+01 8.846607e+03 5.624226e+04
1.921000e+01 9.100533e+03 5.630203e+04
1.922000e+01 9.354459e+03 5.636179e+04
1.923000e+01 9.608384e+03 5.642156e+04
1.924000e+01 9.862310e+03 5.648133e+04
1.925000e+01 1.011624e+04 5.654109e+04
1.926000e+01 1.037016e+04 5.660086e+04
1.927000e+01 1.062409e+04 5.666062e+04
1.928000e+01 1.087801e+04 5.672039e+04
1.929000e+01 1.113194e+04 5.678016e+04
1.930000e+01 1.138586e+04 5.683992e+04
1.931000e+01 1.163979e+04 5.689969e+04
1.932000e+01 1.189371e+04 5.695945e+04
1.933000e+01 1.214764e+04 5.701922e+04
1.934000e+01 1.240157e+04 5.707899e+04
1.935000e+01 1.265549e+04 5.713875e+04
1.936000e+01 1.290942e+04 5.719852e+04
1.937000e+01 1.316334e+04 5.725828e+04
1.938000e+01 1.341727e+04 5.731805e+04
1.939000e+01 1.367119e+04 5.737781e+04
1.940000e+01 1.392512e+04 5.743758e+04
1.941000e+01 1.417905e+04 5.749735e+04
1.942000e+01 1.443297e+04 5.755711e+04
1.943000e+01 1.468690e+04 5.761688e+04
1.944000e+01 1.494082e+04 5.767664e+04
1.945000e+01 1.519475e+04 5.773641e+04
1.946000e+01 1.540954e+04 5.768322e+04
1.947000e+01 1.559389e+04 5.754219e+04
1.948000e+01 1.577825e+04 5.740115e+04
1.949000e+01 1.596260e+04 5.726012e+04
1.950000e+01 1.614696e+04 5.711909e+04
1.951000e+01 1.633131e+04 5.697805e+04
1.952000e+01 1.651567e+04 5.683702e+04
1.953000e+01 1.670002e+04 5.669599e+04
1.954000e+01 1.688438e+04 5.655495e+04
1.955000e+01 1.706873e+04 5.641392e+04
1.956000e+01 1.725309e+04 5.627289e+04
1.957000e+01 1.743744e+04 5.613185e+04
1.958000e+01 1.762180e+04 5.599082e+04
1.959000e+01 1.780615e+04 5.584979e+04
1.960000e+01 1.799050e+04 5.570875e+04
1.961000e+01 1.817486e+04 5.556772e+04
1.962000e+01 1.835921e+04 5.542668e+04
1.963000e+01 1.854357e+04 5.528565e+04
1.964000e+01 1.872792e+04 5.514462e+04
1.965000e+01 1.891228e+04 5.500358e+04
1.966000e+01 1.909663e+04 5.486255e+04
1.967000e+01 1.928099e+04 5.472152e+04
1.968000e+01 1.946534e+04 5.458048e+04
1.969000e+01 1.964970e+04 5.443945e+04
1.970000e+01 1.983405e+04 5.429842e+04
1.971000e+01 2.001841e+04 5.415738e+04
1.972000e+01 2.002022e+04 5.395730e+04
1.973000e+01 2.001535e+04 5.375506e+04
1.974000e+01 2.001048e+04 5.355282e+04
1.975000e+01 2.000561e+04 5.335058e+04
1.976000e+01 2.000074e+04 5.314834e+04
1.977000e+01 1.999587e+04 5.294610e+04
1.978000e+01 1.999100e+04 5.274386e+04
1.979000e+01 1.998613e+04 5.254162e+04
1.980000e+01 1.998126e+04 5.233938e+04
1.981000e+01 1.997639e+04 5.213714e+04
1.982000e+01 1.997152e+04 5.193490e+04
1.983000e+01 1.996665e+04 5.173266e+04
1.984000e+01 1.996178e+04 5.153042e+04
1.985000e+01 1.995691e+04 5.132818e+04
1.986000e+01 1.995204e+04 5.112593e+04
1.987000e+01 1.994717e+04 5.092369e+04
1.988000e+01 1.994230e+04 5.072145e+04
1.989000e+01 1.993743e+04 5.051921e+04
1.990000e+01 1.993256e+04 5.031697e+04
1.991000e+01 1.992769e+04 5.011473e+04
1.992000e+01 1.992282e+04 4.991249e+04
1.993000e+01 1.991795e+04 4.971025e+04
1.994000e+01 1.991307e+04 4.950801e+04
1.995000e+01 1.990820e+04 4.930577e+04
1.996000e+01 1.990333e+04 4.910353e+04
1.997000e+01 1.984218e+04 4.893968e+04
1.998000e+01 1.968387e+04 4.884210e+04
1.999000e+01 1.952557e+04 4.874453e+04
2.000000e+01 1.936726e+04 4.864695e+04
2.001000e+01 1.920895e+04 4.854937e+04
2.002000e+01 1.905064e+04 4.845180e+04
2.003000e+01 1.889234e+04 4.835422e+04
2.004000e+01 1.873403e+04 4.825665e+04
2.005000e+01 1.857572e+04 4.815907e+04
2.006000e+01 1.841741e+04 4.806149e+04
2.007000e+01 1.825911e+04 4.796392e+04
2.008000e+01 1.810080e+04 4.786634e+04
2.009000e+01 1.794249e+04 4.776877e+04
2.010000e+01 1.778418e+04 4.767119e+04
2.011000e+01 1.762587e+04 4.757361e+04
2.012000e+01 1.746757e+04 4.747604e+04
2.013000e+01 1.730926e+04 4.737846e+04
2.014000e+01 1.715095e+04 4.728089e+04
2.015000e+01 1.699264e+04 4.718331e+04
2.016000e+01 1.683434e+04 4.708573e+04
2.017000e+01 1.667603e+04 4.698816e+04
2.018000e+01 1.651772e+04 4.689058e+04
2.019000e+01 1.635941e+04 4.679301e+04
2.020000e+01 1.620110e+04 4.669543e+04
2.021000e+01 1.604280e+04 4.659785e+04
2.022000e+01 1.588449e+04 4.650028e+04
2.023000e+01 1.571489e+04 4.653460e+04
2.024000e+01 1.554189e+04 4.660855e+04
2.025000e+01 1.536889e+04 4.668251e+04
2.026000e+01 1.519589e+04 4.675647e+04
2.027000e+01 1.502290e+04 4.683042e+04
2.028000e+01 1.484990e+04 4.690438e+04
2.029000e+01 1.467690e+04 4.697833e+04
2.030000e+01 1.450391e+04 4.705229e+04
2.031000e+01 1.433091e+04 4.712624e+04
2.032000e+01 1.415791e+04 4.720020e+04
2.033000e+01 1.398492e+04 4.727416e+04
2.034000e+01 1.381192e+04 4.734811e+04
2.035000e+01 1.363892e+04 4.742207e+04
2.036000e+01 1.346592e+04 4.749602e+04
2.037000e+01 1.329293e+04 4.756998e+04
2.038000e+01 1.311993e+04 4.764393e+04
2.039000e+01 1.294693e+04 4.771789e+04
2.040000e+01 1.277394e+04 4.779185e+04
2.041000e+01 1.260094e+04 4.786580e+04
2.042000e+01 1.242794e+04 4.793976e+04
2.043000e+01 1.225495e+04 4.801371e+04
2.044000e+01 1.208195e+04 4.808767e+04
2.045000e+01 1.190895e+04 4.816162e+04
2.046000e+01 1.173595e+04 4.823558e+04
2.047000e+01 1.156296e+04 4.830953e+04
2.048000e+01 1.140860e+04 4.840278e+04
2.049000e+01 1.134453e+04 4.858951e+04
2.050000e+01 1.128046e+04 4.877623e+04
2.051000e+01 1.121639e+04 4.896295e+04
2.052000e+01 1.115233e+04 4.914967e+04
2.053000e+01 1.108826e+04 4.933640e+04
2.054000e+01 1.102419e+04 4.952312e+04
2.055000e+01 1.096012e+04 4.970984e+04
2.056000e+01 1.089606e+04 4.989657e+04
2.057000e+01 1.083199e+04 5.008329e+04
2.058000e+01 1.076792e+04 5.027001e+04
2.059000e+01 1.070385e+04 5.045674e+04
2.060000e+01 1.063979e+04 5.064346e+04
2.061000e+01 1.057572e+04 5.083018e+04
2.062000e+01 1.051165e+04 5.101691e+04
2.063000e+01 1.044758e+04 5.120363e+04
2.064000e+01 1.038352e+04 5.139035e+04
2.065000e+01 1.031945e+04 5.157707e+04
2.066000e+01 1.025538e+04 5.176380e+04
2.067000e+01 1.019131e+04 5.195052e+04
2.068000e+01 1.012724e+04 5.213724e+04
2.069000e+01 1.006318e+04 5.232397e+04
2.070000e+01 9.999110e+03 5.251069e+04
2.071000e+01 9.935042e+03 5.269741e+04
2.072000e+01 9.870975e+03 5.288414e+04
2.073000e+01 9.806907e+03 5.307086e+04
2.074000e+01 9.822465e+03 5.325651e+04
2.075000e+01 9.897308e+03 5.344137e+04
2.076000e+01 9.972151e+03 5.362623e+04
2.077000e+01 1.004699e+04 5.381108e+04
2.078000e+01 1.012184e+04 5.399594e+04
2.079000e+01 1.019668e+04 5.418080e+04
2.080000e+01 1.027152e+04 5.436565e+04
2.081000e+01 1.034637e+04 5.455051e+04
2.082000e+01 1.042121e+04 5.473537e+04
2.083000e+01 1.049605e+04 5.492022e+04
2.084000e+01 1.057089e+04 5.510508e+04
2.085000e+01 1.064574e+04 5.528994e+04
2.086000e+01 1.072058e+04 5.547479e+04
2.087000e+01 1.079542e+04 5.565965e+04
2.088000e+01 1.087027e+04 5.584451e+04
2.089000e+01 1.094511e+04 5.602936e+04
2.090000e+01 1.101995e+04 5.621422e+04
2.091000e+01 1.109479e+04 5.639908e+04
2.092000e+01 1.116964e+04 5.658393e+04
2.093000e+01 1.124448e+04 5.676879e+04
2.094000e+01 1.131932e+04 5.695365e+04
2.095000e+01 1.139417e+04 5.713850e+04
2.096000e+01 1.146901e+04 5.732336e+04
2.097000e+01 1.154385e+04 5.750822e+04
2.098000e+01 1.161869e+04 5.769307e+04
2.099000e+01 1.169354e+04 5.787793e+04
2.100000e+01 1.185020e+04 5.798012e+04
2.101000e+01 1.200893e+04 5.808023e+04
2.102000e+01 1.216766e+04 5.818033e+04
2.103000e+01 1.232639e+04 5.828044e+04
2.104000e+01 1.248513e+04 5.838054e+04
2.105000e+01 1.264386e+04 5.848065e+04
2.106000e+01 1.280259e+04 5.858075e+04
2.107000e+01 1.296132e+04 5.868085e+04
2.108000e+01 1.312005e+04 5.878096e+04
2.109000e+01 1.327878e+04 5.888106e+04
2.110000e+01 1.343751e+04 5.898117e+04
2.111000e+01 1.359624e+04 5.908127e+04
2.112000e+01 1.375497e+04 5.918137e+04
2.113000e+01 1.391371e+04 5.928148e+04
2.114000e+01 1.407244e+04 5.938158e+04
2.115000e+01 1.423117e+04 5.948169e+04
2.116000e+01 1.438990e+04 5.958179e+04
2.117000e+01 1.454863e+04 5.968190e+04
2.118000e+01 1.470736e+04 5.978200e+04
2.119000e+01 1.486609e+04 5.988210e+04
2.120000e+01 1.502482e+04 5.998221e+04
2.121000e+01 1.518356e+04 6.008231e+04
2.122000e+01 1.534229e+04 6.018242e+04
2.123000e+01 1.550102e+04 6.028252e+04
2.124000e+01 1.565975e+04 6.038262e+04
2.125000e+01 1.582011e+04 6.044508e+04
2.126000e+01 1.598316e+04 6.044547e+04
2.127000e+01 1.614620e+04 6.044585e+04
2.128000e+01 1.630925e+04 6.044623e+04
2.129000e+01 1.647230e+04 6.044661e+04
2.130000e+01 1.663535e+04 6.044699e+04
2.131000e+01 1.679840e+04 6.044737e+04
2.132000e+01 1.696144e+04 6.044775e+04
2.133000e+01 1.712449e+04 6.044813e+04
2.134000e+01 1.728754e+04 6.044852e+04
2.135000e+01 1.745059e+04 6.044890e+04
2.136000e+01 1.761363e+04 6.044928e+04
2.137000e+01 1.777668e+04 6.044966e+04
2.138000e+01 1.793973e+04 6.045004e+04
2.139000e+01 1.810278e+04 6.045042e+04
2.140000e+01 1.826582e+04 6.045080e+04
2.141000e+01 1.842887e+04 6.045118e+04
2.142000e+01 1.859192e+04 6.045157e+04
2.143000e+01 1.875497e+04 6.045195e+04
2.144000e+01 1.891802e+04 6.045233e+04
2.145000e+01 1.908106e+04 6.045271e+04
2.146000e+01 1.924411e+04 6.045309e+04
2.147000e+01 1.940716e+04 6.045347e+04
2.148000e+01 1.957021e+04 6.045385e+04
2.149000e+01 1.973325e+04 6.045423e+04
2.150000e+01 1.989630e+04 6.045462e+04
2.151000e+01 2.001971e+04 6.040343e+04
2.152000e+01 2.013191e+04 6.033766e+04
2.153000e+01 2.024411e+04 6.027190e+04
2.154000e+01 2.035631e+04 6.020613e+04
2.155000e+01 2.046852e+04 6.014036e+04
2.156000e+01 2.058072e+04 6.007460e+04
2.157000e+01 2.069292e+04 6.000883e+04
2.158000e+01 2.080512e+04 5.994307e+04
2.159000e+01 2.091732e+04 5.987730e+04
2.160000e+01 2.102953e+04 5.981153e+04
2.161000e+01 2.114173e+04 5.974577e+04
2.162000e+01 2.125393e+04 5.968000e+04
2.163000e+01 2.136613e+04 5.961424e+04
2.164000e+01 2.147833e+04 5.954847e+04
2.165000e+01 2.159054e+04 5.948270e+04
2.166000e+01 2.170274e+04 5.941694e+04
2.167000e+01 2.181494e+04 5.935117e+04
2.168000e+01 2.192714e+04 5.928541e+04
2.169000e+01 2.203934e+04 5.921964e+04
2.170000e+01 2.215154e+04 5.915388e+04
2.171000e+01 2.226375e+04 5.908811e+04
2.172000e+01 2.237595e+04 5.902234e+04
2.173000e+01 2.248815e+04 5.895658e+04
2.174000e+01 2.260035e+04 5.889081e+04
2.175000e+01 2.271255e+04 5.882505e+04
2.176000e+01 2.281194e+04 5.875612e+04
2.177000e+01 2.285363e+04 5.867296e+04
2.178000e+01 2.289533e+04 5.858980e+04
2.179000e+01 2.293702e+04 5.850664e+04
2.180000e+01 2.297871e+04 5.842348e+04
2.181000e+01 2.302041e+04 5.834031e+04
2.182000e+01 2.306210e+04 5.825715e+04
2.183000e+01 2.310379e+04 5.817399e+04
2.184000e+01 2.314548e+04 5.809083e+04
2.185000e+01 2.318718e+04 5.800767e+04
2.186000e+01 2.322887e+04 5.792451e+04
2.187000e+01 2.327056e+04 5.784135e+04
2.188000e+01 2.331226e+04 5.775819e+04
2.189000e+01 2.335395e+04 5.767503e+04
2.190000e+01 2.339564e+04 5.759187e+04
2.191000e+01 2.343734e+04 5.750871e+04
2.192000e+01 2.347903e+04 5.742554e+04
2.193000e+01 2.352072e+04 5.734238e+04
2.194000e+01 2.356242e+04 5.725922e+04
2.195000e+01 2.360411e+04 5.717606e+04
2.196000e+01 2.364580e+04 5.709290e+04
2.197000e+01 2.368750e+04 5.700974e+04
2.198000e+01 2.372919e+04 5.692658e+04
2.199000e+01 2.377088e+04 5.684342e+04
2.200000e+01 2.381257e+04 5.676026e+04
2.201000e+01 2.385427e+04 5.667710e+04
2.202000e+01 2.385973e+04 5.661093e+04
2.203000e+01 2.383937e+04 5.655688e+04
2.204000e+01 2.381902e+04 5.650283e+04
2.205000e+01 2.379866e+04 5.644878e+04
2.206000e+01 2.377830e+04 5.639473e+04
2.207000e+01 2.375795e+04 5.634068e+04
2.208000e+01 2.373759e+04 5.628663e+04
2.209000e+01 2.371723e+04 5.623258e+04
2.210000e+01 2.369688e+04 5.617853e+04
2.211000e+01 2.367652e+04 5.612448e+04
2.212000e+01 2.365616e+04 5.607043e+04
2.213000e+01 2.363580e+04 5.601637e+04
2.214000e+01 2.361545e+04 5.596232e+04
2.215000e+01 2.359509e+04 5.590827e+04
2.216000e+01 2.357473e+04 5.585422e+04
2.217000e+01 2.355438e+04 5.580017e+04
2.218000e+01 2.353402e+04 5.574612e+04
2.219000e+01 2.351366e+04 5.569207e+04
2.220000e+01 2.349331e+04 5.563802e+04
2.221000e+01 2.347295e+04 5.558397e+04
2.222000e+01 2.345259e+04 5.552992e+04
2.223000e+01 2.343224e+04 5.547587e+04
2.224000e+01 2.341188e+04 5.542182e+04
2.225000e+01 2.339152e+04 5.536776e+04
2.226000e+01 2.337117e+04 5.531371e+04
2.227000e+01 2.335081e+04 5.525966e+04
2.228000e+01 2.330261e+04 5.526926e+04
2.229000e+01 2.325402e+04 5.527975e+04
2.230000e+01 2.320543e+04 5.529025e+04
2.231000e+01 2.315684e+04 5.530075e+04
2.232000e+01 2.310825e+04 5.531124e+04
2.233000e+01 2.305966e+04 5.532174e+04
2.234000e+01 2.301107e+04 5.533224e+04
2.235000e+01 2.296248e+04 5.534273e+04
2.236000e+01 2.291388e+04 5.535323e+04
2.237000e+01 2.286529e+04 5.536372e+04
2.238000e+01 2.281670e+04 5.537422e+04
2.239000e+01 2.276811e+04 5.538472e+04
2.240000e+01 2.271952e+04 5.539521e+04
2.241000e+01 2.267093e+04 5.540571e+04
2.242000e+01 2.262234e+04 5.541620e+04
2.243000e+01 2.257375e+04 5.542670e+04
2.244000e+01 2.252516e+04 5.543720e+04
2.245000e+01 2.247657e+04 5.544769e+04
2.246000e+01 2.242798e+04 5.545819e+04
2.247000e+01 2.237938e+04 5.546868e+04
2.248000e+01 2.233079e+04 5.547918e+04
2.249000e+01 2.228220e+04 5.548968e+04
2.250000e+01 2.223361e+04 5.550017e+04
2.251000e+01 2.218502e+04 5.551067e+04
2.252000e+01 2.213643e+04 5.552116e+04
2.253000e+01 2.209809e+04 5.555940e+04
2.254000e+01 2.207591e+04 5.564135e+04
2.255000e+01 2.205373e+04 5.572330e+04
2.256000e+01 2.203155e+04 5.580526e+04
2.257000e+01 2.200936e+04 5.588721e+04
2.258000e+01 2.198718e+04 5.596916e+04
2.259000e+01 2.196500e+04 5.605112e+04
2.260000e+01 2.194282e+04 5.613307e+04
2.261000e+01 2.192064e+04 5.621502e+04
2.262000e+01 2.189845e+04 5.629697e+04
2.263000e+01 2.187627e+04 5.637893e+04
2.264000e+01 2.185409e+04 5.646088e+04
2.265000e+01 2.183191e+04 5.654283e+04
2.266000e+01 2.180973e+04 5.662478e+04
2.267000e+01 2.178755e+04 5.670674e+04
2.268000e+01 2.176536e+04 5.678869e+04
2.269000e+01 2.174318e+04 5.687064e+04
2.270000e+01 2.172100e+04 5.695259e+04
2.271000e+01 2.169882e+04 5.703455e+04
2.272000e+01 2.167664e+04 5.711650e+04
2.273000e+01 2.165446e+04 5.719845e+04
2.274000e+01 2.163227e+04 5.728041e+04
2.275000e+01 2.161009e+04 5.736236e+04
2.276000e+01 2.158791e+04 5.744431e+04
2.277000e+01 2.156573e+04 5.752626e+04
2.278000e+01 2.154355e+04 5.760822e+04
2.279000e+01 2.158125e+04 5.771637e+04
2.280000e+01 2.163484e+04 5.783148e+04
2.281000e+01 2.168844e+04 5.794659e+04
2.282000e+01 2.174203e+04 5.806170e+04
2.283000e+01 2.179562e+04 5.817681e+04
2.284000e+01 2.184922e+04 5.829192e+04
2.285000e+01 2.190281e+04 5.840703e+04
2.286000e+01 2.195640e+04 5.852214e+04
2.287000e+01 2.201000e+04 5.863725e+04
2.288000e+01 2.206359e+04 5.875236e+04
2.289000e+01 2.211718e+04 5.886747e+04
2.290000e+01 2.217078e+04 5.898258e+04
2.291000e+01 2.222437e+04 5.909769e+04
2.292000e+01 2.227796e+04 5.921280e+04
2.293000e+01 2.233156e+04 5.932791e+04
2.294000e+01 2.238515e+04 5.944302e+04
2.295000e+01 2.243874e+04 5.955813e+04
2.296000e+01 2.249233e+04 5.967323e+04
2.297000e+01 2.254593e+04 5.978834e+04
2.298000e+01 2.259952e+04 5.990345e+04
2.299000e+01 2.265311e+04 6.001856e+04
2.300000e+01 2.270671e+04 6.013367e+04
2.301000e+01 2.276030e+04 6.024878e+04
2.302000e+01 2.281389e+04 6.036389e+04
2.303000e+01 2.286749e+04 6.047900e+04
2.304000e+01 2.293629e+04 6.058716e+04
2.305000e+01 2.306894e+04 6.066617e+04
2.306000e+01 2.320158e+04 6.074517e+04
2.307000e+01 2.333423e+04 6.082417e+04
2.308000e+01 2.346687e+04 6.090318e+04
2.309000e+01 2.359952e+04 6.098218e+04
2.310000e+01 2.373216e+04 6.106119e+04
2.311000e+01 2.386481e+04 6.114019e+04
2.312000e+01 2.399745e+04 6.121919e+04
2.313000e+01 2.413009e+04 6.129820e+04
2.314000e+01 2.426274e+04 6.137720e+04
2.315000e+01 2.439538e+04 6.145621e+04
2.316000e+01 2.452803e+04 6.153521e+04
2.317000e+01 2.466067e+04 6.161421e+04
2.318000e+01 2.479332e+04 6.169322e+04
2.319000e+01 2.492596e+04 6.177222e+04
2.320000e+01 2.505861e+04 6.185122e+04
2.321000e+01 2.519125e+04 6.193023e+04
2.322000e+01 2.532390e+04 6.200923e+04
2.323000e+01 2.545654e+04 6.208824e+04
2.324000e+01 2.558918e+04 6.216724e+04
2.325000e+01 2.572183e+04 6.224624e+04
2.326000e+01 2.585447e+04 6.232525e+04
2.327000e+01 2.598712e+04 6.240425e+04
2.328000e+01 2.611976e+04 6.248326e+04
2.329000e+01 2.625241e+04 6.256226e+04
2.330000e+01 2.639774e+04 6.259126e+04
2.331000e+01 2.655172e+04 6.258616e+04
2.332000e+01 2.670570e+04 6.258106e+04
2.333000e+01 2.685968e+04 6.257596e+04
2.334000e+01 2.701366e+04 6.257086e+04
2.335000e+01 2.716764e+04 6.256576e+04
2.336000e+01 2.732162e+04 6.256067e+04
2.337000e+01 2.747560e+04 6.255557e+04
2.338000e+01 2.762958e+04 6.255047e+04
2.339000e+01 2.778356e+04 6.254537e+04
2.340000e+01 2.793754e+04 6.254027e+04
2.341000e+01 2.809152e+04 6.253517e+04
2.342000e+01 2.824550e+04 6.253007e+04
2.343000e+01 2.839948e+04 6.252498e+04
2.344000e+01 2.855346e+04 6.251988e+04
2.345000e+01 2.870744e+04 6.251478e+04
2.346000e+01 2.886142e+04 6.250968e+04
2.347000e+01 2.901540e+04 6.250458e+04
2.348000e+01 2.916938e+04 6.249948e+04
2.349000e+01 2.932335e+04 6.249439e+04
2.350000e+01 2.947733e+04 6.248929e+04
2.351000e+01 2.963131e+04 6.248419e+04
2.352000e+01 2.978529e+04 6.247909e+04
2.353000e+01 2.993927e+04 6.247399e+04
2.354000e+01 3.009325e+04 6.246889e+04
2.355000e+01 3.024723e+04 6.246379e+04
2.356000e+01 3.034576e+04 6.239697e+04
2.357000e+01 3.044410e+04 6.232995e+04
2.358000e+01 3.054245e+04 6.226293e+04
2.359000e+01 3.064079e+04 6.219591e+04
2.360000e+01 3.073913e+04 6.212888e+04
2.361000e+01 3.083748e+04 6.206186e+04
2.362000e+01 3.093582e+04 6.199484e+04
2.363000e+01 3.103416e+04 6.192782e+04
2.364000e+01 3.113251e+04 6.186079e+04
2.365000e+01 3.123085e+04 6.179377e+04
2.366000e+01 3.132920e+04 6.172675e+04
2.367000e+01 3.142754e+04 6.165973e+04
2.368000e+01 3.152588e+04 6.159270e+04
2.369000e+01 3.162423e+04 6.152568e+04
2.370000e+01 3.172257e+04 6.145866e+04
2.371000e+01 3.182091e+04 6.139164e+04
2.372000e+01 3.191926e+04 6.132461e+04
2.373000e+01 3.201760e+04 6.125759e+04
2.374000e+01 3.211594e+04 6.119057e+04
2.375000e+01 3.221429e+04 6.112355e+04
2.376000e+01 3.231263e+04 6.105652e+04
2.377000e+01 3.241098e+04 6.098950e+04
2.378000e+01 3.250932e+04 6.092248e+04
2.379000e+01 3.260766e+04 6.085546e+04
2.380000e+01 3.270601e+04 6.078843e+04
2.381000e+01 3.277278e+04 6.072952e+04
2.382000e+01 3.279197e+04 6.068283e+04
2.383000e+01 3.281116e+04 6.063613e+04
2.384000e+01 3.283036e+04 6.058944e+04
2.385000e+01 3.284955e+04 6.054274e+04
2.386000e+01 3.286874e+04 6.049605e+04
2.387000e+01 3.288794e+04 6.044935e+04
2.388000e+01 3.290713e+04 6.040266e+04
2.389000e+01 3.292632e+04 6.035597e+04
2.390000e+01 3.294552e+04 6.030927e+04
2.391000e+01 3.296471e+04 6.026258e+04
2.392000e+01 3.298390e+04 6.021588e+04
2.393000e+01 3.300309e+04 6.016919e+04
2.394000e+01 3.302229e+04 6.012250e+04
2.395000e+01 3.304148e+04 6.007580e+04
2.396000e+01 3.306067e+04 6.002911e+04
2.397000e+01 3.307987e+04 5.998241e+04
2.398000e+01 3.309906e+04 5.993572e+04
2.399000e+01 3.311825e+04 5.988903e+04
2.400000e+01 3.313744e+04 5.984233e+04
2.401000e+01 3.315664e+04 5.979564e+04
2.402000e+01 3.317583e+04 5.974894e+04
2.403000e+01 3.319502e+04 5.970225e+04
2.404000e+01 3.321422e+04 5.965556e+04
2.405000e+01 3.323341e+04 5.960886e+04
2.406000e+01 3.325260e+04 5.956217e+04
2.407000e+01 3.325899e+04 5.958575e+04
2.408000e+01 3.326219e+04 5.962680e+04
2.409000e+01 3.326539e+04 5.966784e+04
2.410000e+01 3.326860e+04 5.970888e+04
2.411000e+01 3.327180e+04 5.974993e+04
2.412000e+01 3.327501e+04 5.979097e+04
2.413000e+01 3.327821e+04 5.983202e+04
2.414000e+01 3.328141e+04 5.987306e+04
2.415000e+01 3.328462e+04 5.991410e+04
2.416000e+01 3.328782e+04 5.995515e+04
2.417000e+01 3.329102e+04 5.999619e+04
2.418000e+01 3.329423e+04 6.003724e+04
2.419000e+01 3.329743e+04 6.007828e+04
2.420000e+01 3.330063e+04 6.011932e+04
2.421000e+01 3.330384e+04 6.016037e+04
2.422000e+01 3.330704e+04 6.020141e+04
2.423000e+01 3.331025e+04 6.024245e+04
2.424000e+01 3.331345e+04 6.028350e+04
2.425000e+01 3.331665e+04 6.032454e+04
2.426000e+01 3.331986e+04 6.036559e+04
2.427000e+01 3.332306e+04 6.040663e+04
2.428000e+01 3.332626e+04 6.044767e+04
2.429000e+01 3.332947e+04 6.048872e+04
2.430000e+01 3.333267e+04 6.052976e+04
2.431000e+01 3.333587e+04 6.057081e+04
2.432000e+01 3.335580e+04 6.062530e+04
2.433000e+01 3.344133e+04 6.073256e+04
2.434000e+01 3.352686e+04 6.083982e+04
2.435000e+01 3.361239e+04 6.094708e+04
2.436000e+01 3.369792e+04 6.105434e+04
2.437000e+01 3.378344e+04 6.116159e+04
2.438000e+01 3.386897e+04 6.126885e+04
2.439000e+01 3.395450e+04 6.137611e+04
2.440000e+01 3.404003e+04 6.148337e+04
2.441000e+01 3.412556e+04 6.159063e+04
2.442000e+01 3.421109e+04 6.169789e+04
2.443000e+01 3.429661e+04 6.180515e+04
2.444000e+01 3.438214e+04 6.191241e+04
2.445000e+01 3.446767e+04 6.201966e+04
2.446000e+01 3.455320e+04 6.212692e+04
2.447000e+01 3.463873e+04 6.223418e+04
2.448000e+01 3.472425e+04 6.234144e+04
2.449000e+01 3.480978e+04 6.244870e+04
2.450000e+01 3.489531e+04 6.255596e+04
2.451000e+01 3.498084e+04 6.266322e+04
2.452000e+01 3.506637e+04 6.277047e+04
2.453000e+01 3.515190e+04 6.287773e+04
2.454000e+01 3.523742e+04 6.298499e+04
2.455000e+01 3.532295e+04 6.309225e+04
2.456000e+01 3.540848e+04 6.319951e+04
2.457000e+01 3.549401e+04 6.330677e+04
2.458000e+01 3.565059e+04 6.339135e+04
2.459000e+01 3.585351e+04 6.346115e+04
2.460000e+01 3.605642e+04 6.353095e+04
2.461000e+01 3.625933e+04 6.360075e+04
2.462000e+01 3.646225e+04 6.367055e+04
2.463000e+01 3.666516e+04 6.374035e+04
2.464000e+01 3.686808e+04 6.381015e+04
2.465000e+01 3.707099e+04 6.387995e+04
2.466000e+01 3.727391e+04 6.394975e+04
2.467000e+01 3.747682e+04 6.401955e+04
2.468000e+01 3.767974e+04 6.408935e+04
2.469000e+01 3.788265e+04 6.415915e+04
2.470000e+01 3.808557e+04 6.422895e+04
2.471000e+01 3.828848e+04 6.429875e+04
2.472000e+01 3.849140e+04 6.436854e+04
2.473000e+01 3.869431e+04 6.443834e+04
2.474000e+01 3.889723e+04 6.450814e+04
2.475000e+01 3.910014e+04 6.457794e+04
2.476000e+01 3.930306e+04 6.464774e+04
2.477000e+01 3.950597e+04 6.471754e+04
2.478000e+01 3.970889e+04 6.478734e+04
2.479000e+01 3.991180e+04 6.485714e+04
2.480000e+01 4.011472e+04 6.492694e+04
2.481000e+01 4.031763e+04 6.499674e+04
2.482000e+01 4.052055e+04 6.506654e+04
2.483000e+01 4.072377e+04 6.513539e+04
2.484000e+01 4.096759e+04 6.507800e+04
2.485000e+01 4.121142e+04 6.502061e+04
2.486000e+01 4.145525e+04 6.496321e+04
2.487000e+01 4.169907e+04 6.490582e+04
2.488000e+01 4.194290e+04 6.484843e+04
2.489000e+01 4.218673e+04 6.479104e+04
2.490000e+01 4.243055e+04 6.473364e+04
2.491000e+01 4.267438e+04 6.467625e+04
2.492000e+01 4.291821e+04 6.461886e+04
2.493000e+01 4.316203e+04 6.456146e+04
2.494000e+01 4.340586e+04 6.450407e+04
2.495000e+01 4.364969e+04 6.444668e+04
2.496000e+01 4.389351e+04 6.438928e+04
2.497000e+01 4.413734e+04 6.433189e+04
2.498000e+01 4.438117e+04 6.427450e+04
2.499000e+01 4.462499e+04 6.421711e+04
2.500000e+01 4.486882e+04 6.415971e+04
2.501000e+01 4.511265e+04 6.410232e+04
2.502000e+01 4.535647e+04 6.404493e+04
2.503000e+01 4.560030e+04 6.398753e+04
2.504000e+01 4.584413e+04 6.393014e+04
2.505000e+01 4.608795e+04 6.387275e+04
2.506000e+01 4.633178e+04 6.381535e+04
2.507000e+01 4.657561e+04 6.375796e+04
2.508000e+01 4.681943e+04 6.370057e+04
2.509000e+01 4.702904e+04 6.360048e+04
2.510000e+01 4.718932e+04 6.343886e+04
2.511000e+01 4.734961e+04 6.327723e+04
2.512000e+01 4.750989e+04 6.311561e+04
2.513000e+01 4.767017e+04 6.295398e+04
2.514000e+01 4.783045e+04 6.279236e+04
2.515000e+01 4.799074e+04 6.263073e+04
2.516000e+01 4.815102e+04 6.246911e+04
2.517000e+01 4.831130e+04 6.230748e+04
2.518000e+01 4.847159e+04 6.214586e+04
2.519000e+01 4.863187e+04 6.198423e+04
2.520000e+01 4.879215e+04 6.182261e+04
2.521000e+01 4.895243e+04 6.166098e+04
2.522000e+01 4.911272e+04 6.149936e+04
2.523000e+01 4.927300e+04 6.133773e+04
2.524000e+01 4.943328e+04 6.117611e+04
2.525000e+01 4.959356e+04 6.101448e+04
2.526000e+01 4.975385e+04 6.085286e+04
2.527000e+01 4.991413e+04 6.069123e+04
2.528000e+01 5.007441e+04 6.052961e+04
2.529000e+01 5.023470e+04 6.036798e+04
2.530000e+01 5.039498e+04 6.020636e+04
2.531000e+01 5.055526e+04 6.004473e+04
2.532000e+01 5.071554e+04 5.988311e+04
2.533000e+01 5.087583e+04 5.972148e+04
2.534000e+01 5.103611e+04 5.955986e+04
2.535000e+01 5.109312e+04 5.942006e+04
2.536000e+01 5.112617e+04 5.928534e+04
2.537000e+01 5.115922e+04 5.915061e+04
2.538000e+01 5.119227e+04 5.901588e+04
2.539000e+01 5.122532e+04 5.888115e+04
2.540000e+01 5.125837e+04 5.874642e+04
2.541000e+01 5.129142e+04 5.861169e+04
2.542000e+01 5.132448e+04 5.847696e+04
2.543000e+01 5.135753e+04 5.834223e+04
2.544000e+01 5.139058e+04 5.820750e+04
2.545000e+01 5.142363e+04 5.807277e+04
2.546000e+01 5.145668e+04 5.793805e+04
2.547000e+01 5.148973e+04 5.780332e+04
2.548000e+01 5.152278e+04 5.766859e+04
2.549000e+01 5.155583e+04 5.753386e+04
2.550000e+01 5.158889e+04 5.739913e+04
2.551000e+01 5.162194e+04 5.726440e+04
2.552000e+01 5.165499e+04 5.712967e+04
2.553000e+01 5.168804e+04 5.699494e+04
2.554000e+01 5.172109e+04 5.686021e+04
2.555000e+01 5.175414e+04 5.672548e+04
2.556000e+01 5.178719e+04 5.659076e+04
2.557000e+01 5.182024e+04 5.645603e+04
2.558000e+01 5.185330e+04 5.632130e+04
2.559000e+01 5.188635e+04 5.618657e+04
2.560000e+01 5.191497e+04 5.608226e+04
2.561000e+01 5.192730e+04 5.608978e+04
2.562000e+01 5.193964e+04 5.609729e+04
2.563000e+01 5.195198e+04 5.610481e+04
2.564000e+01 5.196431e+04 5.611233e+04
2.565000e+01 5.197665e+04 5.611985e+04
2.566000e+01 5.198899e+04 5.612737e+04
2.567000e+01 5.200132e+04 5.613488e+04
2.568000e+01 5.201366e+04 5.614240e+04
2.569000e+01 5.202600e+04 5.614992e+04
2.570000e+01 5.203833e+04 5.615744e+04
2.571000e+01 5.205067e+04 5.616496e+04
2.572000e+01 5.206301e+04 5.617247e+04
2.573000e+01 5.207534e+04 5.617999e+04
2.574000e+01 5.208768e+04 5.618751e+04
2.575000e+01 5.210002e+04 5.619503e+04
2.576000e+01 5.211235e+04 5.620255e+04
2.577000e+01 5.212469e+04 5.621006e+04
2.578000e+01 5.213703e+04 5.621758e+04
2.579000e+01 5.214936e+04 5.622510e+04
2.580000e+01 5.216170e+04 5.623262e+04
2.581000e+01 5.217404e+04 5.624014e+04
2.582000e+01 5.218637e+04 5.624765e+04
2.583000e+01 5.219871e+04 5.625517e+04
2.584000e+01 5.221105e+04 5.626269e+04
2.585000e+01 5.222338e+04 5.627021e+04
2.586000e+01 5.233472e+04 5.634171e+04
2.587000e+01 5.250776e+04 5.645311e+04
2.588000e+01 5.268081e+04 5.656451e+04
2.589000e+01 5.285385e+04 5.667591e+04
2.590000e+01 5.302690e+04 5.678731e+04
2.591000e+01 5.319995e+04 5.689871e+04
2.592000e+01 5.337299e+04 5.701011e+04
2.593000e+01 5.354604e+04 5.712151e+04
2.594000e+01 5.371909e+04 5.723291e+04
2.595000e+01 5.389213e+04 5.734430e+04
2.596000e+01 5.406518e+04 5.745570e+04
2.597000e+01 5.423823e+04 5.756710e+04
2.598000e+01 5.441127e+04 5.767850e+04
2.599000e+01 5.458432e+04 5.778990e+04
2.600000e+01 5.475737e+04 5.790130e+04
2.601000e+01 5.493041e+04 5.801270e+04
2.602000e+01 5.510346e+04 5.812410e+04
2.603000e+01 5.527650e+04 5.823550e+04
2.604000e+01 5.544955e+04 5.834690e+04
2.605000e+01 5.562260e+04 5.845829e+04
2.606000e+01 5.579564e+04 5.856969e+04
2.607000e+01 5.596869e+04 5.868109e+04
2.608000e+01 5.614174e+04 5.879249e+04
2.609000e+01 5.631478e+04 5.890389e+04
2.610000e+01 5.648783e+04 5.901529e+04
2.611000e+01 5.666530e+04 5.912484e+04
2.612000e+01 5.708239e+04 5.913425e+04
2.613000e+01 5.749947e+04 5.914367e+04
2.614000e+01 5.791656e+04 5.915308e+04
2.615000e+01 5.833364e+04 5.916250e+04
2.616000e+01 5.875073e+04 5.917191e+04
2.617000e+01 5.916782e+04 5.918133e+04
2.618000e+01 5.958490e+04 5.919074e+04
2.619000e+01 6.000199e+04 5.920016e+04
2.620000e+01 6.041908e+04 5.920957e+04
2.621000e+01 6.083616e+04 5.921899e+04
2.622000e+01 6.125325e+04 5.922840e+04
2.623000e+01 6.167033e+04 5.923781e+04
2.624000e+01 6.208742e+04 5.924723e+04
2.625000e+01 6.250451e+04 5.925664e+04
2.626000e+01 6.292159e+04 5.926606e+04
2.627000e+01 6.333868e+04 5.927547e+04
2.628000e+01 6.375576e+04 5.928489e+04
2.629000e+01 6.417285e+04 5.929430e+04
2.630000e+01 6.458994e+04 5.930372e+04
2.631000e+01 6.500702e+04 5.931313e+04
2.632000e+01 6.542411e+04 5.932255e+04
2.633000e+01 6.584120e+04 5.933196e+04
2.634000e+01 6.625828e+04 5.934137e+04
2.635000e+01 6.667537e+04 5.935079e+04
2.636000e+01 6.709245e+04 5.936020e+04
2.637000e+01 6.755570e+04 5.923206e+04
2.638000e+01 6.808263e+04 5.891416e+04
2.639000e+01 6.860956e+04 5.859625e+04
2.640000e+01 6.913650e+04 5.827835e+04
2.641000e+01 6.966343e+04 5.796045e+04
2.642000e+01 7.019036e+04 5.764255e+04
2.643000e+01 7.071729e+04 5.732465e+04
2.644000e+01 7.124422e+04 5.700674e+04
2.645000e+01 7.177115e+04 5.668884e+04
2.646000e+01 7.229808e+04 5.637094e+04
2.647000e+01 7.282501e+04 5.605304e+04
2.648000e+01 7.335194e+04 5.573513e+04
2.649000e+01 7.387887e+04 5.541723e+04
2.650000e+01 7.440580e+04 5.509933e+04
2.651000e+01 7.493273e+04 5.478143e+04
2.652000e+01 7.545966e+04 5.446352e+04
2.653000e+01 7.598659e+04 5.414562e+04
2.654000e+01 7.651352e+04 5.382772e+04
2.655000e+01 7.704045e+04 5.350982e+04
2.656000e+01 7.756738e+04 5.319191e+04
2.657000e+01 7.809431e+04 5.287401e+04
2.658000e+01 7.862124e+04 5.255611e+04
2.659000e+01 7.914817e+04 5.223821e+04
2.660000e+01 7.967511e+04 5.192030e+04
2.661000e+01 8.020204e+04 5.160240e+04
2.662000e+01 8.072897e+04 5.128450e+04
2.663000e+01 8.110262e+04 5.065895e+04
2.664000e+01 8.144317e+04 4.996696e+04
2.665000e+01 8.178372e+04 4.927497e+04
2.666000e+01 8.212428e+04 4.858298e+04
2.667000e+01 8.246483e+04 4.789099e+04
2.668000e+01 8.280538e+04 4.719900e+04
2.669000e+01 8.314593e+04 4.650701e+04
2.670000e+01 8.348649e+04 4.581502e+04
2.671000e+01 8.382704e+04 4.512302e+04
2.672000e+01 8.416759e+04 4.443103e+04
2.673000e+01 8.450814e+04 4.373904e+04
2.674000e+01 8.484870e+04 4.304705e+04
2.675000e+01 8.518925e+04 4.235506e+04
2.676000e+01 8.552980e+04 4.166307e+04
2.677000e+01 8.587035e+04 4.097108e+04
2.678000e+01 8.621090e+04 4.027909e+04
2.679000e+01 8.655146e+04 3.958710e+04
2.680000e+01 8.689201e+04 3.889511e+04
2.681000e+01 8.723256e+04 3.820312e+04
2.682000e+01 8.757311e+04 3.751113e+04
2.683000e+01 8.791367e+04 3.681914e+04
2.684000e+01 8.825422e+04 3.612715e+04
2.685000e+01 8.859477e+04 3.543516e+04
2.686000e+01 8.893532e+04 3.474317e+04
2.687000e+01 8.927588e+04 3.405118e+04
2.688000e+01 8.951752e+04 3.332215e+04
2.689000e+01 8.941758e+04 3.246521e+04
2.690000e+01 8.931764e+04 3.160827e+04
2.691000e+01 8.921770e+04 3.075132e+04
2.692000e+01 8.911776e+04 2.989438e+04
2.693000e+01 8.901783e+04 2.903744e+04
2.694000e+01 8.891789e+04 2.818049e+04
2.695000e+01 8.881795e+04 2.732355e+04
2.696000e+01 8.871801e+04 2.646661e+04
2.697000e+01 8.861807e+04 2.560967e+04
2.698000e+01 8.851813e+04 2.475272e+04
2.699000e+01 8.841819e+04 2.389578e+04
2.700000e+01 8.831825e+04 2.303884e+04
2.701000e+01 8.821831e+04 2.218189e+04
2.702000e+01 8.811837e+04 2.132495e+04
2.703000e+01 8.801843e+04 2.046801e+04
2.704000e+01 8.791850e+04 1.961107e+04
2.705000e+01 8.781856e+04 1.875412e+04
2.706000e+01 8.771862e+04 1.789718e+04
2.707000e+01 8.761868e+04 1.704024e+04
2.708000e+01 8.751874e+04 1.618330e+04
2.709000e+01 8.741880e+04 1.532635e+04
2.710000e+01 8.731886e+04 1.446941e+04
2.711000e+01 8.721892e+04 1.361247e+04
2.712000e+01 8.711898e+04 1.275552e+04
2.713000e+01 8.701904e+04 1.189858e+04
2.714000e+01 8.663051e+04 1.115427e+04
2.715000e+01 8.607006e+04 1.047706e+04
2.716000e+01 8.550961e+04 9.799842e+03
2.717000e+01 8.494916e+04 9.122628e+03
2.718000e+01 8.438871e+04 8.445413e+03
2.719000e+01 8.382825e+04 7.768199e+03
2.720000e+01 8.326780e+04 7.090984e+03
2.721000e+01 8.270735e+04 6.413770e+03
2.722000e+01 8.214690e+04 5.736555e+03
2.723000e+01 8.158645e+04 5.059341e+03
2.724000e+01 8.102600e+04 4.382126e+03
2.725000e+01 8.046555e+04 3.704912e+03
2.726000e+01 7.990509e+04 3.027697e+03
2.727000e+01 7.934464e+04 2.350483e+03
2.728000e+01 7.878419e+04 1.673268e+03
2.729000e+01 7.822374e+04 9.960539e+02
2.730000e+01 7.766329e+04 3.188394e+02
2.731000e+01 7.710284e+04 -3.583751e+02
2.732000e+01 7.654239e+04 -1.035590e+03
2.733000e+01 7.598193e+04 -1.712804e+03
2.734000e+01 7.542148e+04 -2.390019e+03
2.735000e+01 7.486103e+04 -3.067233e+03
2.736000e+01 7.430058e+04 -3.744447e+03
2.737000e+01 7.374013e+04 -4.421662e+03
2.738000e+01 7.317968e+04 -5.098876e+03
2.739000e+01 7.261277e+04 -5.763651e+03
2.740000e+01 7.182829e+04 -6.009154e+03
2.741000e+01 7.104382e+04 -6.254657e+03
2.742000e+01 7.025934e+04 -6.500160e+03
2.743000e+01 6.947487e+04 -6.745663e+03
2.744000e+01 6.869039e+04 -6.991166e+03
2.745000e+01 6.790592e+04 -7.236669e+03
2.746000e+01 6.712144e+04 -7.482173e+03
2.747000e+01 6.633696e+04 -7.727676e+03
2.748000e+01 6.555249e+04 -7.973179e+03
2.749000e+01 6.476801e+04 -8.218682e+03
2.750000e+01 6.398354e+04 -8.464185e+03
2.751000e+01 6.319906e+04 -8.709688e+03
2.752000e+01 6.241459e+04 -8.955191e+03
2.753000e+01 6.163011e+04 -9.200695e+03
2.754000e+01 6.084563e+04 -9.446198e+03
2.755000e+01 6.006116e+04 -9.691701e+03
2.756000e+01 5.927668e+04 -9.937204e+03
2.757000e+01 5.849221e+04 -1.018271e+04
2.758000e+01 5.770773e+04 -1.042821e+04
2.759000e+01 5.692326e+04 -1.067371e+04
2.760000e+01 5.613878e+04 -1.091922e+04
2.761000e+01 5.535430e+04 -1.116472e+04
2.762000e+01 5.456983e+04 -1.141022e+04
2.763000e+01 5.378535e+04 -1.165573e+04
2.764000e+01 5.300088e+04 -1.190123e+04
2.765000e+01 5.226184e+04 -1.195915e+04
2.766000e+01 5.158279e+04 -1.176939e+04
2.767000e+01 5.090374e+04 -1.157963e+04
2.768000e+01 5.022469e+04 -1.138987e+04
2.769000e+01 4.954565e+04 -1.120011e+04
2.770000e+01 4.886660e+04 -1.101035e+04
2.771000e+01 4.818755e+04 -1.082059e+04
2.772000e+01 4.750851e+04 -1.063083e+04
2.773000e+01 4.682946e+04 -1.044107e+04
2.774000e+01 4.615041e+04 -1.025131e+04
2.775000e+01 4.547137e+04 -1.006155e+04
2.776000e+01 4.479232e+04 -9.871794e+03
2.777000e+01 4.411327e+04 -9.682035e+03
2.778000e+01 4.343422e+04 -9.492275e+03
2.779000e+01 4.275518e+04 -9.302515e+03
2.780000e+01 4.207613e+04 -9.112755e+03
2.781000e+01 4.139708e+04 -8.922995e+03
2.782000e+01 4.071804e+04 -8.733235e+03
2.783000e+01 4.003899e+04 -8.543475e+03
2.784000e+01 3.935994e+04 -8.353715e+03
2.785000e+01 3.868090e+04 -8.163955e+03
2.786000e+01 3.800185e+04 -7.974195e+03
2.787000e+01 3.732280e+04 -7.784435e+03
2.788000e+01 3.664376e+04 -7.594675e+03
2.789000e+01 3.596471e+04 -7.404916e+03
2.790000e+01 3.528566e+04 -7.215156e+03
2.791000e+01 3.486836e+04 -6.840637e+03
2.792000e+01 3.450351e+04 -6.429103e+03
2.793000e+01 3.413865e+04 -6.017569e+03
2.794000e+01 3.377380e+04 -5.606035e+03
2.795000e+01 3.340894e+04 -5.194501e+03
2.796000e+01 3.304409e+04 -4.782966e+03
2.797000e+01 3.267923e+04 -4.371432e+03
2.798000e+01 3.231438e+04 -3.959898e+03
2.799000e+01 3.194952e+04 -3.548364e+03
2.800000e+01 3.158467e+04 -3.136830e+03
2.801000e+01 3.121981e+04 -2.725296e+03
2.802000e+01 3.085495e+04 -2.313762e+03
2.803000e+01 3.049010e+04 -1.902227e+03
2.804000e+01 3.012524e+04 -1.490693e+03
2.805000e+01 2.976039e+04 -1.079159e+03
2.806000e+01 2.939553e+04 -6.676250e+02
2.807000e+01 2.903068e+04 -2.560909e+02
2.808000e+01 2.866582e+04 1.554433e+02
2.809000e+01 2.830097e+04 5.669774e+02
2.810000e+01 2.793611e+04 9.785116e+02
2.811000e+01 2.757125e+04 1.390046e+03
2.812000e+01 2.720640e+04 1.801580e+03
2.813000e+01 2.684154e+04 2.213114e+03
2.814000e+01 2.647669e+04 2.624648e+03
2.815000e+01 2.611183e+04 3.036182e+03
2.816000e+01 2.581842e+04 3.439602e+03
2.817000e+01 2.575730e+04 3.816642e+03
2.818000e+01 2.569618e+04 4.193681e+03
2.819000e+01 2.563506e+04 4.570721e+03
2.820000e+01 2.557394e+04 4.947761e+03
2.821000e+01 2.551282e+04 5.324800e+03
2.822000e+01 2.545170e+04 5.701840e+03
2.823000e+01 2.539057e+04 6.078879e+03
2.824000e+01 2.532945e+04 6.455919e+03
2.825000e+01 2.526833e+04 6.832958e+03
2.826000e+01 2.520721e+04 7.209998e+03
2.827000e+01 2.514609e+04 7.587038e+03
2.828000e+01 2.508497e+04 7.964077e+03
2.829000e+01 2.502385e+04 8.341117e+03
2.830000e+01 2.496273e+04 8.718156e+03
2.831000e+01 2.490160e+04 9.095196e+03
2.832000e+01 2.484048e+04 9.472236e+03
2.833000e+01 2.477936e+04 9.849275e+03
2.834000e+01 2.471824e+04 1.022631e+04
2.835000e+01 2.465712e+04 1.060335e+04
2.836000e+01 2.459600e+04 1.098039e+04
2.837000e+01 2.453488e+04 1.135743e+04
2.838000e+01 2.447375e+04 1.173447e+04
2.839000e+01 2.441263e+04 1.211151e+04
2.840000e+01 2.435151e+04 1.248855e+04
2.841000e+01 2.429039e+04 1.286559e+04
2.842000e+01 2.432147e+04 1.313528e+04
2.843000e+01 2.440501e+04 1.334388e+04
2.844000e+01 2.448855e+04 1.355249e+04
2.845000e+01 2.457209e+04 1.376110e+04
2.846000e+01 2.465563e+04 1.396970e+04
2.847000e+01 2.473917e+04 1.417831e+04
2.848000e+01 2.482271e+04 1.438692e+04
2.849000e+01 2.490624e+04 1.459552e+04
2.850000e+01 2.498978e+04 1.480413e+04
2.851000e+01 2.507332e+04 1.501274e+04
2.852000e+01 2.515686e+04 1.522134e+04
2.853000e+01 2.524040e+04 1.542995e+04
2.854000e+01 2.532394e+04 1.563856e+04
2.855000e+01 2.540748e+04 1.584717e+04
2.856000e+01 2.549102e+04 1.605577e+04
2.857000e+01 2.557456e+04 1.626438e+04
2.858000e+01 2.565810e+04 1.647299e+04
2.859000e+01 2.574164e+04 1.668159e+04
2.860000e+01 2.582517e+04 1.689020e+04
2.861000e+01 2.590871e+04 1.709881e+04
2.862000e+01 2.599225e+04 1.730741e+04
2.863000e+01 2.607579e+04 1.751602e+04
2.864000e+01 2.615933e+04 1.772463e+04
2.865000e+01 2.624287e+04 1.793323e+04
2.866000e+01 2.632641e+04 1.814184e+04
2.867000e+01 2.640948e+04 1.834476e+04
2.868000e+01 2.648128e+04 1.840938e+04
2.869000e+01 2.655308e+04 1.847400e+04
2.870000e+01 2.662488e+04 1.853862e+04
2.871000e+01 2.669668e+04 1.860323e+04
2.872000e+01 2.676847e+04 1.866785e+04
2.873000e+01 2.684027e+04 1.873247e+04
2.874000e+01 2.691207e+04 1.879709e+04
2.875000e+01 2.698387e+04 1.886171e+04
2.876000e+01 2.705567e+04 1.892633e+04
2.877000e+01 2.712746e+04 1.899095e+04
2.878000e+01 2.719926e+04 1.905557e+04
2.879000e+01 2.727106e+04 1.912019e+04
2.880000e+01 2.734286e+04 1.918481e+04
2.881000e+01 2.741466e+04 1.924943e+04
2.882000e+01 2.748645e+04 1.931405e+04
2.883000e+01 2.755825e+04 1.937867e+04
2.884000e+01 2.763005e+04 1.944329e+04
2.885000e+01 2.770185e+04 1.950791e+04
2.886000e+01 2.777365e+04 1.957253e+04
2.887000e+01 2.784544e+04 1.963714e+04
2.888000e+01 2.791724e+04 1.970176e+04
2.889000e+01 2.798904e+04 1.976638e+04
2.890000e+01 2.806084e+04 1.983100e+04
2.891000e+01 2.813264e+04 1.989562e+04
2.892000e+01 2.820443e+04 1.996024e+04
2.893000e+01 2.824620e+04 2.000424e+04
2.894000e+01 2.824999e+04 2.002218e+04
2.895000e+01 2.825379e+04 2.004012e+04
2.896000e+01 2.825758e+04 2.005805e+04
2.897000e+01 2.826138e+04 2.007599e+04
2.898000e+01 2.826518e+04 2.009392e+04
2.899000e+01 2.826897e+04 2.011186e+04
2.900000e+01 2.827277e+04 2.012979e+04
2.901000e+01 2.827656e+04 2.014773e+04
2.902000e+01 2.828036e+04 2.016567e+04
2.903000e+01 2.828415e+04 2.018360e+04
2.904000e+01 2.828795e+04 2.020154e+04
2.905000e+01 2.829174e+04 2.021947e+04
2.906000e+01 2.829554e+04 2.023741e+04
2.907000e+01 2.829933e+04 2.025535e+04
2.908000e+01 2.830313e+04 2.027328e+04
2.909000e+01 2.830693e+04 2.029122e+04
2.910000e+01 2.831072e+04 2.030915e+04
2.911000e+01 2.831452e+04 2.032709e+04
2.912000e+01 2.831831e+04 2.034502e+04
2.913000e+01 2.832211e+04 2.036296e+04
2.914000e+01 2.832590e+04 2.038090e+04
2.915000e+01 2.832970e+04 2.039883e+04
2.916000e+01 2.833349e+04 2.041677e+04
2.917000e+01 2.833729e+04 2.043470e+04
2.918000e+01 2.834108e+04 2.045264e+04
2.919000e+01 2.831271e+04 2.048811e+04
2.920000e+01 2.827838e+04 2.052683e+04
2.921000e+01 2.824405e+04 2.056555e+04
2.922000e+01 2.820972e+04 2.060426e+04
2.923000e+01 2.817538e+04 2.064298e+04
2.924000e+01 2.814105e+04 2.068170e+04
2.925000e+01 2.810672e+04 2.072042e+04
2.926000e+01 2.807239e+04 2.075914e+04
2.927000e+01 2.803806e+04 2.079785e+04
2.928000e+01 2.800373e+04 2.083657e+04
2.929000e+01 2.796940e+04 2.087529e+04
2.930000e+01 2.793507e+04 2.091401e+04
2.931000e+01 2.790074e+04 2.095272e+04
2.932000e+01 2.786641e+04 2.099144e+04
2.933000e+01 2.783207e+04 2.103016e+04
2.934000e+01 2.779774e+04 2.106888e+04
2.935000e+01 2.776341e+04 2.110760e+04
2.936000e+01 2.772908e+04 2.114631e+04
2.937000e+01 2.769475e+04 2.118503e+04
2.938000e+01 2.766042e+04 2.122375e+04
2.939000e+01 2.762609e+04 2.126247e+04
2.940000e+01 2.759176e+04 2.130118e+04
2.941000e+01 2.755743e+04 2.133990e+04
2.942000e+01 2.752309e+04 2.137862e+04
2.943000e+01 2.748876e+04 2.141734e+04
2.944000e+01 2.745570e+04 2.146286e+04
2.945000e+01 2.742651e+04 2.152925e+04
2.946000e+01 2.739732e+04 2.159565e+04
2.947000e+01 2.736814e+04 2.166204e+04
2.948000e+01 2.733895e+04 2.172843e+04
2.949000e+01 2.730976e+04 2.179482e+04
2.950000e+01 2.728058e+04 2.186121e+04
2.951000e+01 2.725139e+04 2.192760e+04
2.952000e+01 2.722220e+04 2.199400e+04
2.953000e+01 2.719302e+04 2.206039e+04
2.954000e+01 2.716383e+04 2.212678e+04
2.955000e+01 2.713464e+04 2.219317e+04
2.956000e+01 2.710546e+04 2.225956e+04
2.957000e+01 2.707627e+04 2.232595e+04
2.958000e+01 2.704708e+04 2.239235e+04
2.959000e+01 2.701789e+04 2.245874e+04
2.960000e+01 2.698871e+04 2.252513e+04
2.961000e+01 2.695952e+04 2.259152e+04
2.962000e+01 2.693033e+04 2.265791e+04
2.963000e+01 2.690115e+04 2.272430e+04
2.964000e+01 2.687196e+04 2.279070e+04
2.965000e+01 2.684277e+04 2.285709e+04
2.966000e+01 2.681359e+04 2.292348e+04
2.967000e+01 2.678440e+04 2.298987e+04
2.968000e+01 2.675521e+04 2.305626e+04
2.969000e+01 2.672603e+04 2.312265e+04
2.970000e+01 2.670907e+04 2.319658e+04
2.971000e+01 2.669877e+04 2.327459e+04
2.972000e+01 2.668846e+04 2.335260e+04
2.973000e+01 2.667815e+04 2.343062e+04
2.974000e+01 2.666784e+04 2.350863e+04
2.975000e+01 2.665753e+04 2.358664e+04
2.976000e+01 2.664723e+04 2.366465e+04
2.977000e+01 2.663692e+04 2.374267e+04
2.978000e+01 2.662661e+04 2.382068e+04
2.979000e+01 2.661630e+04 2.389869e+04
2.980000e+01 2.660599e+04 2.397670e+04
2.981000e+01 2.659569e+04 2.405472e+04
2.982000e+01 2.658538e+04 2.413273e+04
2.983000e+01 2.657507e+04 2.421074e+04
2.984000e+01 2.656476e+04 2.428876e+04
2.985000e+01 2.655445e+04 2.436677e+04
2.986000e+01 2.654415e+04 2.444478e+04
2.987000e+01 2.653384e+04 2.452279e+04
2.988000e+01 2.652353e+04 2.460081e+04
2.989000e+01 2.651322e+04 2.467882e+04
2.990000e+01 2.650291e+04 2.475683e+04
2.991000e+01 2.649261e+04 2.483484e+04
2.992000e+01 2.648230e+04 2.491286e+04
2.993000e+01 2.647199e+04 2.499087e+04
2.994000e+01 2.646168e+04 2.506888e+04
2.995000e+01 2.645236e+04 2.514735e+04
2.996000e+01 2.646160e+04 2.523439e+04
2.997000e+01 2.647085e+04 2.532142e+04
2.998000e+01 2.648010e+04 2.540846e+04
2.999000e+01 2.648935e+04 2.549550e+04
3.000000e+01 2.649860e+04 2.558254e+04
3.001000e+01 2.650785e+04 2.566957e+04
3.002000e+01 2.651710e+04 2.575661e+04
3.003000e+01 2.652634e+04 2.584365e+04
3.004000e+01 2.653559e+04 2.593069e+04
3.005000e+01 2.654484e+04 2.601773e+04
3.006000e+01 2.655409e+04 2.610476e+04
3.007000e+01 2.656334e+04 2.619180e+04
3.008000e+01 2.657259e+04 2.627884e+04
3.009000e+01 2.658184e+04 2.636588e+04
3.010000e+01 2.659108e+04 2.645291e+04
3.011000e+01 2.660033e+04 2.653995e+04
3.012000e+01 2.660958e+04 2.662699e+04
3.013000e+01 2.661883e+04 2.671403e+04
3.014000e+01 2.662808e+04 2.680106e+04
3.015000e+01 2.663733e+04 2.688810e+04
3.016000e+01 2.664658e+04 2.697514e+04
3.017000e+01 2.665582e+04 2.706218e+04
3.018000e+01 2.666507e+04 2.714921e+04
3.019000e+01 2.667432e+04 2.723625e+04
3.020000e+01 2.668357e+04 2.732329e+04
3.021000e+01 2.670931e+04 2.741417e+04
3.022000e+01 2.675502e+04 2.750970e+04
3.023000e+01 2.680073e+04 2.760523e+04
3.024000e+01 2.684644e+04 2.770076e+04
3.025000e+01 2.689215e+04 2.779629e+04
3.026000e+01 2.693785e+04 2.789182e+04
3.027000e+01 2.698356e+04 2.798735e+04
3.028000e+01 2.702927e+04 2.808288e+04
3.029000e+01 2.707498e+04 2.817840e+04
3.030000e+01 2.712069e+04 2.827393e+04
3.031000e+01 2.716640e+04 2.836946e+04
3.032000e+01 2.721211e+04 2.846499e+04
3.033000e+01 2.725782e+04 2.856052e+04
3.034000e+01 2.730353e+04 2.865605e+04
3.035000e+01 2.734923e+04 2.875158e+04
3.036000e+01 2.739494e+04 2.884711e+04
3.037000e+01 2.744065e+04 2.894264e+04
3.038000e+01 2.748636e+04 2.903817e+04
3.039000e+01 2.753207e+04 2.913370e+04
3.040000e+01 2.757778e+04 2.922923e+04
3.041000e+01 2.762349e+04 2.932476e+04
3.042000e+01 2.766920e+04 2.942029e+04
3.043000e+01 2.771491e+04 2.951582e+04
3.044000e+01 2.776061e+04 2.961135e+04
3.045000e+01 2.780632e+04 2.970688e+04
3.046000e+01 2.785203e+04 2.980241e+04
3.047000e+01 2.794658e+04 2.987868e+04
3.048000e+01 2.804944e+04 2.995167e+04
3.049000e+01 2.815231e+04 3.002466e+04
3.050000e+01 2.825517e+04 3.009765e+04
3.051000e+01 2.835804e+04 3.017064e+04
3.052000e+01 2.846090e+04 3.024363e+04
3.053000e+01 2.856377e+04 3.031662e+04
3.054000e+01 2.866663e+04 3.038961e+04
3.055000e+01 2.876950e+04 3.046260e+04
3.056000e+01 2.887236e+04 3.053559e+04
3.057000e+01 2.897523e+04 3.060858e+04
3.058000e+01 2.907809e+04 3.068157e+04
3.059000e+01 2.918096e+04 3.075456e+04
3.060000e+01 2.928382e+04 3.082755e+04
3.061000e+01 2.938669e+04 3.090054e+04
3.062000e+01 2.948955e+04 3.097353e+04
3.063000e+01 2.959242e+04 3.104652e+04
3.064000e+01 2.969528e+04 3.111951e+04
3.065000e+01 2.979815e+04 3.119250e+04
3.066000e+01 2.990101e+04 3.126549e+04
3.067000e+01 3.000387e+04 3.133848e+04
3.068000e+01 3.010674e+04 3.141147e+04
3.069000e+01 3.020960e+04 3.148446e+04
3.070000e+01 3.031247e+04 3.155745e+04
3.071000e+01 3.041533e+04 3.163044e+04
3.072000e+01 3.052738e+04 3.168347e+04
3.073000e+01 3.066602e+04 3.167867e+04
3.074000e+01 3.080467e+04 3.167386e+04
3.075000e+01 3.094331e+04 3.166906e+04
3.076000e+01 3.108195e+04 3.166426e+04
3.077000e+01 3.122059e+04 3.165945e+04
3.078000e+01 3.135924e+04 3.165465e+04
3.079000e+01 3.149788e+04 3.164985e+04
3.080000e+01 3.163652e+04 3.164505e+04
3.081000e+01 3.177517e+04 3.164024e+04
3.082000e+01 3.191381e+04 3.163544e+04
3.083000e+01 3.205245e+04 3.163064e+04
3.084000e+01 3.219110e+04 3.162584e+04
3.085000e+01 3.232974e+04 3.162103e+04
3.086000e+01 3.246838e+04 3.161623e+04
3.087000e+01 3.260702e+04 3.161143e+04
3.088000e+01 3.274567e+04 3.160663e+04
3.089000e+01 3.288431e+04 3.160182e+04
3.090000e+01 3.302295e+04 3.159702e+04
3.091000e+01 3.316160e+04 3.159222e+04
3.092000e+01 3.330024e+04 3.158742e+04
3.093000e+01 3.343888e+04 3.158261e+04
3.094000e+01 3.357753e+04 3.157781e+04
3.095000e+01 3.371617e+04 3.157301e+04
3.096000e+01 3.385481e+04 3.156821e+04
3.097000e+01 3.399345e+04 3.156340e+04
3.098000e+01 3.410345e+04 3.149368e+04
3.099000e+01 3.419861e+04 3.139032e+04
3.100000e+01 3.429378e+04 3.128696e+04
3.101000e+01 3.438894e+04 3.118361e+04
3.102000e+01 3.448410e+04 3.108025e+04
3.103000e+01 3.457926e+04 3.097689e+04
3.104000e+01 3.467442e+04 3.087354e+04
3.105000e+01 3.476958e+04 3.077018e+04
3.106000e+01 3.486474e+04 3.066682e+04
3.107000e+01 3.495990e+04 3.056347e+04
3.108000e+01 3.505507e+04 3.046011e+04
3.109000e+01 3.515023e+04 3.035675e+04
3.110000e+01 3.524539e+04 3.025340e+04
3.111000e+01 3.534055e+04 3.015004e+04
3.112000e+01 3.543571e+04 3.004668e+04
3.113000e+01 3.553087e+04 2.994333e+04
3.114000e+01 3.562603e+04 2.983997e+04
3.115000e+01 3.572119e+04 2.973661e+04
3.116000e+01 3.581635e+04 2.963326e+04
3.117000e+01 3.591152e+04 2.952990e+04
3.118000e+01 3.600668e+04 2.942654e+04
3.119000e+01 3.610184e+04 2.932319e+04
3.120000e+01 3.619700e+04 2.921983e+04
3.121000e+01 3.629216e+04 2.911647e+04
3.122000e+01 3.638732e+04 2.901311e+04
3.123000e+01 3.647488e+04 2.890776e+04
3.124000e+01 3.644522e+04 2.877157e+04
3.125000e+01 3.641555e+04 2.863538e+04
3.126000e+01 3.638589e+04 2.849920e+04
3.127000e+01 3.635623e+04 2.836301e+04
3.128000e+01 3.632657e+04 2.822682e+04
3.129000e+01 3.629690e+04 2.809063e+04
3.130000e+01 3.626724e+04 2.795444e+04
3.131000e+01 3.623758e+04 2.781826e+04
3.132000e+01 3.620791e+04 2.768207e+04
3.133000e+01 3.617825e+04 2.754588e+04
3.134000e+01 3.614859e+04 2.740969e+04
3.135000e+01 3.611893e+04 2.727351e+04
3.136000e+01 3.608926e+04 2.713732e+04
3.137000e+01 3.605960e+04 2.700113e+04
3.138000e+01 3.602994e+04 2.686494e+04
3.139000e+01 3.600027e+04 2.672876e+04
3.140000e+01 3.597061e+04 2.659257e+04
3.141000e+01 3.594095e+04 2.645638e+04
3.142000e+01 3.591129e+04 2.632019e+04
3.143000e+01 3.588162e+04 2.618400e+04
3.144000e+01 3.585196e+04 2.604782e+04
3.145000e+01 3.582230e+04 2.591163e+04
3.146000e+01 3.579263e+04 2.577544e+04
3.147000e+01 3.576297e+04 2.563925e+04
3.148000e+01 3.573331e+04 2.550307e+04
3.149000e+01 3.564796e+04 2.541022e+04
3.150000e+01 3.549803e+04 2.536765e+04
3.151000e+01 3.534811e+04 2.532507e+04
3.152000e+01 3.519818e+04 2.528250e+04
3.153000e+01 3.504826e+04 2.523992e+04
3.154000e+01 3.489833e+04 2.519734e+04
3.155000e+01 3.474840e+04 2.515477e+04
3.156000e+01 3.459848e+04 2.511219e+04
3.157000e+01 3.444855e+04 2.506961e+04
3.158000e+01 3.429863e+04 2.502704e+04
3.159000e+01 3.414870e+04 2.498446e+04
3.160000e+01 3.399877e+04 2.494189e+04
3.161000e+01 3.384885e+04 2.489931e+04
3.162000e+01 3.369892e+04 2.485673e+04
3.163000e+01 3.354900e+04 2.481416e+04
3.164000e+01 3.339907e+04 2.477158e+04
3.165000e+01 3.324914e+04 2.472901e+04
3.166000e+01 3.309922e+04 2.468643e+04
3.167000e+01 3.294929e+04 2.464385e+04
3.168000e+01 3.279937e+04 2.460128e+04
3.169000e+01 3.264944e+04 2.455870e+04
3.170000e+01 3.249952e+04 2.451613e+04
3.171000e+01 3.234959e+04 2.447355e+04
3.172000e+01 3.219966e+04 2.443097e+04
3.173000e+01 3.204974e+04 2.438840e+04
3.174000e+01 3.189981e+04 2.434582e+04
3.175000e+01 3.174961e+04 2.445781e+04
3.176000e+01 3.159937e+04 2.459389e+04
3.177000e+01 3.144912e+04 2.472997e+04
3.178000e+01 3.129888e+04 2.486604e+04
3.179000e+01 3.114863e+04 2.500212e+04
3.180000e+01 3.099839e+04 2.513820e+04
3.181000e+01 3.084814e+04 2.527427e+04
3.182000e+01 3.069790e+04 2.541035e+04
3.183000e+01 3.054765e+04 2.554643e+04
3.184000e+01 3.039741e+04 2.568251e+04
3.185000e+01 3.024716e+04 2.581858e+04
3.186000e+01 3.009692e+04 2.595466e+04
3.187000e+01 2.994667e+04 2.609074e+04
3.188000e+01 2.979643e+04 2.622681e+04
3.189000e+01 2.964618e+04 2.636289e+04
3.190000e+01 2.949594e+04 2.649897e+04
3.191000e+01 2.934569e+04 2.663505e+04
3.192000e+01 2.919545e+04 2.677112e+04
3.193000e+01 2.904520e+04 2.690720e+04
3.194000e+01 2.889496e+04 2.704328e+04
3.195000e+01 2.874472e+04 2.717936e+04
3.196000e+01 2.859447e+04 2.731543e+04
3.197000e+01 2.844423e+04 2.745151e+04
3.198000e+01 2.829398e+04 2.758759e+04
3.199000e+01 2.814374e+04 2.772366e+04
3.200000e+01 2.803565e+04 2.789483e+04
3.201000e+01 2.804311e+04 2.816220e+04
3.202000e+01 2.805058e+04 2.842956e+04
3.203000e+01 2.805805e+04 2.869692e+04
3.204000e+01 2.806551e+04 2.896428e+04
3.205000e+01 2.807298e+04 2.923164e+04
3.206000e+01 2.808044e+04 2.949900e+04
3.207000e+01 2.808791e+04 2.976636e+04
3.208000e+01 2.809537e+04 3.003372e+04
3.209000e+01 2.810284e+04 3.030108e+04
3.210000e+01 2.811031e+04 3.056844e+04
3.211000e+01 2.811777e+04 3.083580e+04
3.212000e+01 2.812524e+04 3.110316e+04
3.213000e+01 2.813270e+04 3.137052e+04
3.214000e+01 2.814017e+04 3.163788e+04
3.215000e+01 2.814763e+04 3.190524e+04
3.216000e+01 2.815510e+04 3.217260e+04
3.217000e+01 2.816257e+04 3.243996e+04
3.218000e+01 2.817003e+04 3.270732e+04
3.219000e+01 2.817750e+04 3.297468e+04
3.220000e+01 2.818496e+04 3.324204e+04
3.221000e+01 2.819243e+04 3.350940e+04
3.222000e+01 2.819989e+04 3.377676e+04
3.223000e+01 2.820736e+04 3.404412e+04
3.224000e+01 2.821482e+04 3.431148e+04
3.225000e+01 2.822229e+04 3.457884e+04
3.226000e+01 2.837981e+04 3.482292e+04
3.227000e+01 2.861141e+04 3.505551e+04
3.228000e+01 2.884302e+04 3.528809e+04
3.229000e+01 2.907463e+04 3.552068e+04
3.230000e+01 2.930624e+04 3.575327e+04
3.231000e+01 2.953784e+04 3.598586e+04
3.232000e+01 2.976945e+04 3.621844e+04
3.233000e+01 3.000106e+04 3.645103e+04
3.234000e+01 3.023266e+04 3.668362e+04
3.235000e+01 3.046427e+04 3.691621e+04
3.236000e+01 3.069588e+04 3.714880e+04
3.237000e+01 3.092749e+04 3.738138e+04
3.238000e+01 3.115909e+04 3.761397e+04
3.239000e+01 3.139070e+04 3.784656e+04
3.240000e+01 3.162231e+04 3.807915e+04
3.241000e+01 3.185391e+04 3.831173e+04
3.242000e+01 3.208552e+04 3.854432e+04
3.243000e+01 3.231713e+04 3.877691e+04
3.244000e+01 3.254874e+04 3.900950e+04
3.245000e+01 3.278034e+04 3.924208e+04
3.246000e+01 3.301195e+04 3.947467e+04
3.247000e+01 3.324356e+04 3.970726e+04
3.248000e+01 3.347516e+04 3.993985e+04
3.249000e+01 3.370677e+04 4.017243e+04
3.250000e+01 3.393838e+04 4.040502e+04
3.251000e+01 3.417946e+04 4.062345e+04
3.252000e+01 3.454335e+04 4.065825e+04
3.253000e+01 3.490725e+04 4.069305e+04
3.254000e+01 3.527115e+04 4.072785e+04
3.255000e+01 3.563505e+04 4.076265e+04
3.256000e+01 3.599895e+04 4.079745e+04
3.257000e+01 3.636285e+04 4.083225e+04
3.258000e+01 3.672675e+04 4.086705e+04
3.259000e+01 3.709065e+04 4.090185e+04
3.260000e+01 3.745455e+04 4.093665e+04
3.261000e+01 3.781845e+04 4.097145e+04
3.262000e+01 3.818234e+04 4.100625e+04
3.263000e+01 3.854624e+04 4.104105e+04
3.264000e+01 3.891014e+04 4.107585e+04
3.265000e+01 3.927404e+04 4.111065e+04
3.266000e+01 3.963794e+04 4.114545e+04
3.267000e+01 4.000184e+04 4.118024e+04
3.268000e+01 4.036574e+04 4.121504e+04
3.269000e+01 4.072964e+04 4.124984e+04
3.270000e+01 4.109354e+04 4.128464e+04
3.271000e+01 4.145744e+04 4.131944e+04
3.272000e+01 4.182134e+04 4.135424e+04
3.273000e+01 4.218523e+04 4.138904e+04
3.274000e+01 4.254913e+04 4.142384e+04
3.275000e+01 4.291303e+04 4.145864e+04
3.276000e+01 4.327693e+04 4.149344e+04
3.277000e+01 4.361529e+04 4.142002e+04
3.278000e+01 4.392526e+04 4.122638e+04
3.279000e+01 4.423524e+04 4.103274e+04
3.280000e+01 4.454522e+04 4.083909e+04
3.281000e+01 4.485519e+04 4.064545e+04
3.282000e+01 4.516517e+04 4.045181e+04
3.283000e+01 4.547515e+04 4.025817e+04
3.284000e+01 4.578513e+04 4.006453e+04
3.285000e+01 4.609510e+04 3.987088e+04
3.286000e+01 4.640508e+04 3.967724e+04
3.287000e+01 4.671506e+04 3.948360e+04
3.288000e+01 4.702504e+04 3.928996e+04
3.289000e+01 4.733501e+04 3.909631e+04
3.290000e+01 4.764499e+04 3.890267e+04
3.291000e+01 4.795497e+04 3.870903e+04
3.292000e+01 4.826494e+04 3.851539e+04
3.293000e+01 4.857492e+04 3.832174e+04
3.294000e+01 4.888490e+04 3.812810e+04
3.295000e+01 4.919488e+04 3.793446e+04
3.296000e+01 4.950485e+04 3.774082e+04
3.297000e+01 4.981483e+04 3.754717e+04
3.298000e+01 5.012481e+04 3.735353e+04
3.299000e+01 5.043478e+04 3.715989e+04
3.300000e+01 5.074476e+04 3.696625e+04
3.301000e+01 5.105474e+04 3.677260e+04
3.302000e+01 5.136472e+04 3.657896e+04
3.303000e+01 5.150874e+04 3.629381e+04
3.304000e+01 5.162924e+04 3.599568e+04
3.305000e+01 5.174974e+04 3.569756e+04
3.306000e+01 5.187023e+04 3.539943e+04
3.307000e+01 5.199073e+04 3.510130e+04
3.308000e+01 5.211123e+04 3.480318e+04
3.309000e+01 5.223173e+04 3.450505e+04
3.310000e+01 5.235223e+04 3.420693e+04
3.311000e+01 5.247273e+04 3.390880e+04
3.312000e+01 5.259323e+04 3.361068e+04
3.313000e+01 5.271373e+04 3.331255e+04
3.314000e+01 5.283423e+04 3.301443e+04
3.315000e+01 5.295473e+04 3.271630e+04
3.316000e+01 5.307523e+04 3.241818e+04
3.317000e+01 5.319573e+04 3.212005e+04
3.318000e+01 5.331623e+04 3.182192e+04
3.319000e+01 5.343673e+04 3.152380e+04
3.320000e+01 5.355723e+04 3.122567e+04
3.321000e+01 5.367772e+04 3.092755e+04
3.322000e+01 5.379822e+04 3.062942e+04
3.323000e+01 5.391872e+04 3.033130e+04
3.324000e+01 5.403922e+04 3.003317e+04
3.325000e+01 5.415972e+04 2.973505e+04
3.326000e+01 5.428022e+04 2.943692e+04
3.327000e+01 5.440072e+04 2.913880e+04
3.328000e+01 5.447302e+04 2.885962e+04
3.329000e+01 5.442014e+04 2.862967e+04
3.330000e+01 5.436725e+04 2.839972e+04
3.331000e+01 5.431437e+04 2.816978e+04
3.332000e+01 5.426148e+04 2.793983e+04
3.333000e+01 5.420860e+04 2.770988e+04
3.334000e+01 5.415572e+04 2.747993e+04
3.335000e+01 5.410283e+04 2.724998e+04
3.336000e+01 5.404995e+04 2.702003e+04
3.337000e+01 5.399707e+04 2.679008e+04
3.338000e+01 5.394418e+04 2.656013e+04
3.339000e+01 5.389130e+04 2.633018e+04
3.340000e+01 5.383841e+04 2.610024e+04
3.341000e+01 5.378553e+04 2.587029e+04
3.342000e+01 5.373265e+04 2.564034e+04
3.343000e+01 5.367976e+04 2.541039e+04
3.344000e+01 5.362688e+04 2.518044e+04
3.345000e+01 5.357400e+04 2.495049e+04
3.346000e+01 5.352111e+04 2.472054e+04
3.347000e+01 5.346823e+04 2.449059e+04
3.348000e+01 5.341534e+04 2.426064e+04
3.349000e+01 5.336246e+04 2.403069e+04
3.350000e+01 5.330958e+04 2.380075e+04
3.351000e+01 5.325669e+04 2.357080e+04
3.352000e+01 5.320381e+04 2.334085e+04
3.353000e+01 5.315093e+04 2.311090e+04
3.354000e+01 5.307450e+04 2.298230e+04
3.355000e+01 5.298700e+04 2.290136e+04
3.356000e+01 5.289950e+04 2.282042e+04
3.357000e+01 5.281200e+04 2.273948e+04
3.358000e+01 5.272450e+04 2.265853e+04
3.359000e+01 5.263700e+04 2.257759e+04
3.360000e+01 5.254949e+04 2.249665e+04
3.361000e+01 5.246199e+04 2.241571e+04
3.362000e+01 5.237449e+04 2.233477e+04
3.363000e+01 5.228699e+04 2.225383e+04
3.364000e+01 5.219949e+04 2.217289e+04
3.365000e+01 5.211199e+04 2.209195e+04
3.366000e+01 5.202449e+04 2.201101e+04
3.367000e+01 5.193699e+04 2.193007e+04
3.368000e+01 5.184949e+04 2.184913e+04
3.369000e+01 5.176199e+04 2.176819e+04
3.370000e+01 5.167449e+04 2.168725e+04
3.371000e+01 5.158699e+04 2.160631e+04
3.372000e+01 5.149949e+04 2.152537e+04
3.373000e+01 5.141199e+04 2.144443e+04
3.374000e+01 5.132449e+04 2.136349e+04
3.375000e+01 5.123699e+04 2.128255e+04
3.376000e+01 5.114949e+04 2.120161e+04
3.377000e+01 5.106199e+04 2.112067e+04
3.378000e+01 5.097448e+04 2.103973e+04
3.379000e+01 5.089514e+04 2.096572e+04
3.380000e+01 5.090673e+04 2.096904e+04
3.381000e+01 5.091832e+04 2.097237e+04
3.382000e+01 5.092992e+04 2.097569e+04
3.383000e+01 5.094151e+04 2.097901e+04
3.384000e+01 5.095310e+04 2.098234e+04
3.385000e+01 5.096470e+04 2.098566e+04
3.386000e+01 5.097629e+04 2.098898e+04
3.387000e+01 5.098788e+04 2.099231e+04
3.388000e+01 5.099948e+04 2.099563e+04
3.389000e+01 5.101107e+04 2.099895e+04
3.390000e+01 5.102267e+04 2.100227e+04
3.391000e+01 5.103426e+04 2.100560e+04
3.392000e+01 5.104585e+04 2.100892e+04
3.393000e+01 5.105745e+04 2.101224e+04
3.394000e+01 5.106904e+04 2.101557e+04
3.395000e+01 5.108063e+04 2.101889e+04
3.396000e+01 5.109223e+04 2.102221e+04
3.397000e+01 5.110382e+04 2.102554e+04
3.398000e+01 5.111541e+04 2.102886e+04
3.399000e+01 5.112701e+04 2.103218e+04
3.400000e+01 5.113860e+04 2.103551e+04
3.401000e+01 5.115019e+04 2.103883e+04
3.402000e+01 5.116179e+04 2.104215e+04
3.403000e+01 5.117338e+04 2.104548e+04
3.404000e+01 5.118497e+04 2.104880e+04
3.405000e+01 5.125320e+04 2.102579e+04
3.406000e+01 5.138169e+04 2.097475e+04
3.407000e+01 5.151019e+04 2.092372e+04
3.408000e+01 5.163869e+04 2.087268e+04
3.409000e+01 5.176718e+04 2.082164e+04
3.410000e+01 5.189568e+04 2.077061e+04
3.411000e+01 5.202417e+04 2.071957e+04
3.412000e+01 5.215267e+04 2.066854e+04
3.413000e+01 5.228117e+04 2.061750e+04
3.414000e+01 5.240966e+04 2.056646e+04
3.415000e+01 5.253816e+04 2.051543e+04
3.416000e+01 5.266666e+04 2.046439e+04
3.417000e+01 5.279515e+04 2.041336e+04
3.418000e+01 5.292365e+04 2.036232e+04
3.419000e+01 5.305215e+04 2.031128e+04
3.420000e+01 5.318064e+04 2.026025e+04
3.421000e+01 5.330914e+04 2.020921e+04
3.422000e+01 5.343763e+04 2.015818e+04
3.423000e+01 5.356613e+04 2.010714e+04
3.424000e+01 5.369463e+04 2.005610e+04
3.425000e+01 5.382312e+04 2.000507e+04
3.426000e+01 5.395162e+04 1.995403e+04
3.427000e+01 5.408012e+04 1.990300e+04
3.428000e+01 5.420861e+04 1.985196e+04
3.429000e+01 5.433711e+04 1.980092e+04
3.430000e+01 5.446560e+04 1.974989e+04
3.431000e+01 5.460829e+04 1.957220e+04
3.432000e+01 5.475278e+04 1.937830e+04
3.433000e+01 5.489728e+04 1.918441e+04
3.434000e+01 5.504178e+04 1.899052e+04
3.435000e+01 5.518627e+04 1.879662e+04
3.436000e+01 5.533077e+04 1.860273e+04
3.437000e+01 5.547527e+04 1.840883e+04
3.438000e+01 5.561976e+04 1.821494e+04
3.439000e+01 5.576426e+04 1.802104e+04
3.440000e+01 5.590876e+04 1.782715e+04
3.441000e+01 5.605325e+04 1.763325e+04
3.442000e+01 5.619775e+04 1.743936e+04
3.443000e+01 5.634225e+04 1.724546e+04
3.444000e+01 5.648674e+04 1.705157e+04
3.445000e+01 5.663124e+04 1.685767e+04
3.446000e+01 5.677574e+04 1.666378e+04
3.447000e+01 5.692023e+04 1.646989e+04
3.448000e+01 5.706473e+04 1.627599e+04
3.449000e+01 5.720923e+04 1.608210e+04
3.450000e+01 5.735372e+04 1.588820e+04
3.451000e+01 5.749822e+04 1.569431e+04
3.452000e+01 5.764272e+04 1.550041e+04
3.453000e+01 5.778721e+04 1.530652e+04
3.454000e+01 5.793171e+04 1.511262e+04
3.455000e+01 5.807621e+04 1.491873e+04
3.456000e+01 5.818885e+04 1.469175e+04
3.457000e+01 5.822301e+04 1.438326e+04
3.458000e+01 5.825718e+04 1.407476e+04
3.459000e+01 5.829134e+04 1.376627e+04
3.460000e+01 5.832551e+04 1.345777e+04
3.461000e+01 5.835967e+04 1.314928e+04
3.462000e+01 5.839384e+04 1.284078e+04
3.463000e+01 5.842800e+04 1.253229e+04
3.464000e+01 5.846217e+04 1.222379e+04
3.465000e+01 5.849633e+04 1.191530e+04
3.466000e+01 5.853050e+04 1.160681e+04
3.467000e+01 5.856466e+04 1.129831e+04
3.468000e+01 5.859883e+04 1.098982e+04
3.469000e+01 5.863299e+04 1.068132e+04
3.470000e+01 5.866716e+04 1.037283e+04
3.471000e+01 5.870132e+04 1.006433e+04
3.472000e+01 5.873549e+04 9.755839e+03
3.473000e+01 5.876965e+04 9.447344e+03
3.474000e+01 5.880382e+04 9.138850e+03
3.475000e+01 5.883798e+04 8.830355e+03
3.476000e+01 5.887215e+04 8.521861e+03
3.477000e+01 5.890631e+04 8.213366e+03
3.478000e+01 5.894048e+04 7.904872e+03
3.479000e+01 5.897464e+04 7.596378e+03
3.480000e+01 5.900881e+04 7.287883e+03
3.481000e+01 5.904297e+04 6.979389e+03
3.482000e+01 5.896333e+04 6.667349e+03
3.483000e+01 5.883277e+04 6.353724e+03
3.484000e+01 5.870220e+04 6.040098e+03
3.485000e+01 5.857163e+04 5.726472e+03
3.486000e+01 5.844106e+04 5.412846e+03
3.487000e+01 5.831049e+04 5.099220e+03
3.488000e+01 5.817992e+04 4.785595e+03
3.489000e+01 5.804936e+04 4.471969e+03
3.490000e+01 5.791879e+04 4.158343e+03
3.491000e+01 5.778822e+04 3.844717e+03
3.492000e+01 5.765765e+04 3.531092e+03
3.493000e+01 5.752708e+04 3.217466e+03
3.494000e+01 5.739651e+04 2.903840e+03
3.495000e+01 5.726595e+04 2.590214e+03
3.496000e+01 5.713538e+04 2.276588e+03
3.497000e+01 5.700481e+04 1.962963e+03
3.498000e+01 5.687424e+04 1.649337e+03
3.499000e+01 5.674367e+04 1.335711e+03
3.500000e+01 5.661310e+04 1.022085e+03
3.501000e+01 5.648254e+04 7.084596e+02
3.502000e+01 5.635197e+04 3.948338e+02
3.503000e+01 5.622140e+04 8.120803e+01
3.504000e+01 5.609083e+04 -2.324178e+02
3.505000e+01 5.596026e+04 -5.460435e+02
3.506000e+01 5.582969e+04 -8.596693e+02
3.507000e+01 5.568756e+04 -1.164217e+03
3.508000e+01 5.543259e+04 -1.380195e+03
3.509000e+01 5.517763e+04 -1.596173e+03
3.510000e+01 5.492266e+04 -1.812151e+03
3.511000e+01 5.466770e+04 -2.028129e+03
3.512000e+01 5.441273e+04 -2.244107e+03
3.513000e+01 5.415776e+04 -2.460085e+03
3.514000e+01 5.390280e+04 -2.676063e+03
3.515000e+01 5.364783e+04 -2.892042e+03
3.516000e+01 5.339287e+04 -3.108020e+03
3.517000e+01 5.313790e+04 -3.323998e+03
3.518000e+01 5.288293e+04 -3.539976e+03
3.519000e+01 5.262797e+04 -3.755954e+03
3.520000e+01 5.237300e+04 -3.971932e+03
3.521000e+01 5.211803e+04 -4.187910e+03
3.522000e+01 5.186307e+04 -4.403888e+03
3.523000e+01 5.160810e+04 -4.619866e+03
3.524000e+01 5.135314e+04 -4.835845e+03
3.525000e+01 5.109817e+04 -5.051823e+03
3.526000e+01 5.084320e+04 -5.267801e+03
3.527000e+01 5.058824e+04 -5.483779e+03
3.528000e+01 5.033327e+04 -5.699757e+03
3.529000e+01 5.007830e+04 -5.915735e+03
3.530000e+01 4.982334e+04 -6.131713e+03
3.531000e+01 4.956837e+04 -6.347691e+03
3.532000e+01 4.931341e+04 -6.563669e+03
3.533000e+01 4.903919e+04 -6.712225e+03
3.534000e+01 4.874534e+04 -6.792026e+03
3.535000e+01 4.845149e+04 -6.871827e+03
3.536000e+01 4.815764e+04 -6.951628e+03
3.537000e+01 4.786379e+04 -7.031429e+03
3.538000e+01 4.756994e+04 -7.111230e+03
3.539000e+01 4.727609e+04 -7.191031e+03
3.540000e+01 4.698224e+04 -7.270832e+03
3.541000e+01 4.668839e+04 -7.350633e+03
3.542000e+01 4.639454e+04 -7.430434e+03
3.543000e+01 4.610069e+04 -7.510235e+03
3.544000e+01 4.580684e+04 -7.590036e+03
3.545000e+01 4.551299e+04 -7.669837e+03
3.546000e+01 4.521914e+04 -7.749638e+03
3.547000e+01 4.492529e+04 -7.829439e+03
3.548000e+01 4.463144e+04 -7.909240e+03
3.549000e+01 4.433759e+04 -7.989041e+03
3.550000e+01 4.404374e+04 -8.068842e+03
3.551000e+01 4.374989e+04 -8.148643e+03
3.552000e+01 4.345605e+04 -8.228444e+03
3.553000e+01 4.316220e+04 -8.308245e+03
3.554000e+01 4.286835e+04 -8.388046e+03
3.555000e+01 4.257450e+04 -8.467847e+03
3.556000e+01 4.228065e+04 -8.547648e+03
3.557000e+01 4.198680e+04 -8.627449e+03
3.558000e+01 4.169295e+04 -8.707250e+03
3.559000e+01 4.142875e+04 -8.682267e+03
3.560000e+01 4.116794e+04 -8.645284e+03
3.561000e+01 4.090713e+04 -8.608301e+03
3.562000e+01 4.064633e+04 -8.571318e+03
3.563000e+01 4.038552e+04 -8.534336e+03
3.564000e+01 4.012472e+04 -8.497353e+03
3.565000e+01 3.986391e+04 -8.460370e+03
3.566000e+01 3.960310e+04 -8.423387e+03
3.567000e+01 3.934230e+04 -8.386404e+03
3.568000e+01 3.908149e+04 -8.349422e+03
3.569000e+01 3.882069e+04 -8.312439e+03
3.570000e+01 3.855988e+04 -8.275456e+03
3.571000e+01 3.829907e+04 -8.238473e+03
3.572000e+01 3.803827e+04 -8.201491e+03
3.573000e+01 3.777746e+04 -8.164508e+03
3.574000e+01 3.751666e+04 -8.127525e+03
3.575000e+01 3.725585e+04 -8.090542e+03
3.576000e+01 3.699505e+04 -8.053560e+03
3.577000e+01 3.673424e+04 -8.016577e+03
3.578000e+01 3.647343e+04 -7.979594e+03
3.579000e+01 3.621263e+04 -7.942611e+03
3.580000e+01 3.595182e+04 -7.905629e+03
3.581000e+01 3.569102e+04 -7.868646e+03
3.582000e+01 3.543021e+04 -7.831663e+03
3.583000e+01 3.516940e+04 -7.794680e+03
3.584000e+01 3.493034e+04 -7.735121e+03
3.585000e+01 3.474217e+04 -7.622730e+03
3.586000e+01 3.455400e+04 -7.510338e+03
3.587000e+01 3.436583e+04 -7.397946e+03
3.588000e+01 3.417766e+04 -7.285555e+03
3.589000e+01 3.398949e+04 -7.173163e+03
3.590000e+01 3.380132e+04 -7.060771e+03
3.591000e+01 3.361315e+04 -6.948380e+03
3.592000e+01 3.342498e+04 -6.835988e+03
3.593000e+01 3.323681e+04 -6.723596e+03
3.594000e+01 3.304864e+04 -6.611205e+03
3.595000e+01 3.286047e+04 -6.498813e+03
3.596000e+01 3.267230e+04 -6.386421e+03
3.597000e+01 3.248413e+04 -6.274030e+03
3.598000e+01 3.229596e+04 -6.161638e+03
3.599000e+01 3.210779e+04 -6.049247e+03
3.600000e+01 3.191962e+04 -5.936855e+03
3.601000e+01 3.173145e+04 -5.824463e+03
3.602000e+01 3.154328e+04 -5.712072e+03
3.603000e+01 3.135511e+04 -5.599680e+03
3.604000e+01 3.116694e+04 -5.487288e+03
3.605000e+01 3.097877e+04 -5.374897e+03
3.606000e+01 3.079059e+04 -5.262505e+03
3.607000e+01 3.060242e+04 -5.150113e+03
3.608000e+01 3.041425e+04 -5.037722e+03
3.609000e+01 3.022608e+04 -4.925330e+03
3.610000e+01 3.010190e+04 -4.792227e+03
3.611000e+01 3.000495e+04 -4.650313e+03
3.612000e+01 2.990800e+04 -4.508398e+03
3.613000e+01 2.981105e+04 -4.366483e+03
3.614000e+01 2.971409e+04 -4.224569e+03
3.615000e+01 2.961714e+04 -4.082654e+03
3.616000e+01 2.952019e+04 -3.940739e+03
3.617000e+01 2.942323e+04 -3.798824e+03
3.618000e+01 2.932628e+04 -3.656910e+03
3.619000e+01 2.922933e+04 -3.514995e+03
3.620000e+01 2.913238e+04 -3.373080e+03
3.621000e+01 2.903542e+04 -3.231166e+03
3.622000e+01 2.893847e+04 -3.089251e+03
3.623000e+01 2.884152e+04 -2.947336e+03
3.624000e+01 2.874457e+04 -2.805422e+03
3.625000e+01 2.864761e+04 -2.663507e+03
3.626000e+01 2.855066e+04 -2.521592e+03
3.627000e+01 2.845371e+04 -2.379678e+03
3.628000e+01 2.835675e+04 -2.237763e+03
3.629000e+01 2.825980e+04 -2.095848e+03
3.630000e+01 2.816285e+04 -1.953934e+03
3.631000e+01 2.806590e+04 -1.812019e+03
3.632000e+01 2.796894e+04 -1.670104e+03
3.633000e+01 2.787199e+04 -1.528189e+03
3.634000e+01 2.777504e+04 -1.386275e+03
3.635000e+01 2.768737e+04 -1.247002e+03
3.636000e+01 2.768002e+04 -1.130576e+03
3.637000e+01 2.767267e+04 -1.014151e+03
3.638000e+01 2.766532e+04 -8.977246e+02
3.639000e+01 2.765797e+04 -7.812988e+02
3.640000e+01 2.765062e+04 -6.648729e+02
3.641000e+01 2.764328e+04 -5.484470e+02
3.642000e+01 2.763593e+04 -4.320211e+02
3.643000e+01 2.762858e+04 -3.155952e+02
3.644000e+01 2.762123e+04 -1.991693e+02
3.645000e+01 2.761388e+04 -8.274339e+01
3.646000e+01 2.760653e+04 3.368251e+01
3.647000e+01 2.759918e+04 1.501084e+02
3.648000e+01 2.759183e+04 2.665343e+02
3.649000e+01 2.758448e+04 3.829602e+02
3.650000e+01 2.757713e+04 4.993861e+02
3.651000e+01 2.756978e+04 6.158120e+02
3.652000e+01 2.756243e+04 7.322379e+02
3.653000e+01 2.755508e+04 8.486638e+02
3.654000e+01 2.754773e+04 9.650897e+02
3.655000e+01 2.754038e+04 1.081516e+03
3.656000e+01 2.753303e+04 1.197941e+03
3.657000e+01 2.752568e+04 1.314367e+03
3.658000e+01 2.751833e+04 1.430793e+03
3.659000e+01 2.751098e+04 1.547219e+03
3.660000e+01 2.750363e+04 1.663645e+03
3.661000e+01 2.752060e+04 1.739685e+03
3.662000e+01 2.756133e+04 1.776264e+03
3.663000e+01 2.760207e+04 1.812844e+03
3.664000e+01 2.764280e+04 1.849424e+03
3.665000e+01 2.768353e+04 1.886003e+03
3.666000e+01 2.772426e+04 1.922583e+03
3.667000e+01 2.776500e+04 1.959163e+03
3.668000e+01 2.780573e+04 1.995743e+03
3.669000e+01 2.784646e+04 2.032322e+03
3.670000e+01 2.788719e+04 2.068902e+03
3.671000e+01 2.792792e+04 2.105482e+03
3.672000e+01 2.796866e+04 2.142062e+03
3.673000e+01 2.800939e+04 2.178641e+03
3.674000e+01 2.805012e+04 2.215221e+03
3.675000e+01 2.809085e+04 2.251801e+03
3.676000e+01 2.813159e+04 2.288380e+03
3.677000e+01 2.817232e+04 2.324960e+03
3.678000e+01 2.821305e+04 2.361540e+03
3.679000e+01 2.825378e+04 2.398120e+03
3.680000e+01 2.829451e+04 2.434699e+03
3.681000e+01 2.833525e+04 2.471279e+03
3.682000e+01 2.837598e+04 2.507859e+03
3.683000e+01 2.841671e+04 2.544438e+03
3.684000e+01 2.845744e+04 2.581018e+03
3.685000e+01 2.849818e+04 2.617598e+03
3.686000e+01 2.853891e+04 2.654178e+03
3.687000e+01 2.854730e+04 2.608193e+03
3.688000e+01 2.855242e+04 2.553836e+03
3.689000e+01 2.855753e+04 2.499479e+03
3.690000e+01 2.856265e+04 2.445123e+03
3.691000e+01 2.856776e+04 2.390766e+03
3.692000e+01 2.857288e+04 2.336409e+03
3.693000e+01 2.857799e+04 2.282052e+03
3.694000e+01 2.858311e+04 2.227696e+03
3.695000e+01 2.858823e+04 2.173339e+03
3.696000e+01 2.859334e+04 2.118982e+03
3.697000e+01 2.859846e+04 2.064626e+03
3.698000e+01 2.860357e+04 2.010269e+03
3.699000e+01 2.860869e+04 1.955912e+03
3.700000e+01 2.861380e+04 1.901556e+03
3.701000e+01 2.861892e+04 1.847199e+03
3.702000e+01 2.862403e+04 1.792842e+03
3.703000e+01 2.862915e+04 1.738486e+03
3.704000e+01 2.863426e+04 1.684129e+03
3.705000e+01 2.863938e+04 1.629772e+03
3.706000e+01 2.864450e+04 1.575416e+03
3.707000e+01 2.864961e+04 1.521059e+03
3.708000e+01 2.865473e+04 1.466702e+03
3.709000e+01 2.865984e+04 1.412346e+03
3.710000e+01 2.866496e+04 1.357989e+03
3.711000e+01 2.867007e+04 1.303632e+03
3.712000e+01 2.864092e+04 1.242624e+03
3.713000e+01 2.853552e+04 1.166817e+03
3.714000e+01 2.843012e+04 1.091010e+03
3.715000e+01 2.832472e+04 1.015203e+03
3.716000e+01 2.821932e+04 9.393960e+02
3.717000e+01 2.811391e+04 8.635890e+02
3.718000e+01 2.800851e+04 7.877819e+02
3.719000e+01 2.790311e+04 7.119748e+02
3.720000e+01 2.779771e+04 6.361677e+02
3.721000e+01 2.769231e+04 5.603606e+02
3.722000e+01 2.758691e+04 4.845535e+02
3.723000e+01 2.748151e+04 4.087464e+02
3.724000e+01 2.737611e+04 3.329393e+02
3.725000e+01 2.727071e+04 2.571322e+02
3.726000e+01 2.716531e+04 1.813251e+02
3.727000e+01 2.705991e+04 1.055180e+02
3.728000e+01 2.695451e+04 2.971096e+01
3.729000e+01 2.684911e+04 -4.609614e+01
3.730000e+01 2.674370e+04 -1.219032e+02
3.731000e+01 2.663830e+04 -1.977103e+02
3.732000e+01 2.653290e+04 -2.735174e+02
3.733000e+01 2.642750e+04 -3.493245e+02
3.734000e+01 2.632210e+04 -4.251316e+02
3.735000e+01 2.621670e+04 -5.009387e+02
3.736000e+01 2.611130e+04 -5.767458e+02
3.737000e+01 2.600590e+04 -6.525529e+02
3.738000e+01 2.583055e+04 -6.568570e+02
3.739000e+01 2.562693e+04 -6.322693e+02
3.740000e+01 2.542331e+04 -6.076815e+02
3.741000e+01 2.521970e+04 -5.830937e+02
3.742000e+01 2.501608e+04 -5.585060e+02
3.743000e+01 2.481247e+04 -5.339182e+02
3.744000e+01 2.460885e+04 -5.093304e+02
3.745000e+01 2.440523e+04 -4.847427e+02
3.746000e+01 2.420162e+04 -4.601549e+02
3.747000e+01 2.399800e+04 -4.355671e+02
3.748000e+01 2.379439e+04 -4.109793e+02
3.749000e+01 2.359077e+04 -3.863916e+02
3.750000e+01 2.338715e+04 -3.618038e+02
3.751000e+01 2.318354e+04 -3.372160e+02
3.752000e+01 2.297992e+04 -3.126283e+02
3.753000e+01 2.277630e+04 -2.880405e+02
3.754000e+01 2.257269e+04 -2.634527e+02
3.755000e+01 2.236907e+04 -2.388650e+02
3.756000e+01 2.216546e+04 -2.142772e+02
3.757000e+01 2.196184e+04 -1.896894e+02
3.758000e+01 2.175822e+04 -1.651016e+02
3.759000e+01 2.155461e+04 -1.405139e+02
3.760000e+01 2.135099e+04 -1.159261e+02
3.761000e+01 2.114738e+04 -9.133833e+01
3.762000e+01 2.094376e+04 -6.675056e+01
3.763000e+01 2.074325e+04 -2.217604e+01
3.764000e+01 2.056685e+04 1.771894e+02
3.765000e+01 2.039044e+04 3.765549e+02
3.766000e+01 2.021403e+04 5.759203e+02
3.767000e+01 2.003763e+04 7.752857e+02
3.768000e+01 1.986122e+04 9.746512e+02
3.769000e+01 1.968481e+04 1.174017e+03
3.770000e+01 1.950841e+04 1.373382e+03
3.771000e+01 1.933200e+04 1.572748e+03
3.772000e+01 1.915559e+04 1.772113e+03
3.773000e+01 1.897918e+04 1.971478e+03
3.774000e+01 1.880278e+04 2.170844e+03
3.775000e+01 1.862637e+04 2.370209e+03
3.776000e+01 1.844996e+04 2.569575e+03
3.777000e+01 1.827356e+04 2.768940e+03
3.778000e+01 1.809715e+04 2.968306e+03
3.779000e+01 1.792074e+04 3.167671e+03
3.780000e+01 1.774433e+04 3.367037e+03
3.781000e+01 1.756793e+04 3.566402e+03
3.782000e+01 1.739152e+04 3.765767e+03
3.783000e+01 1.721511e+04 3.965133e+03
3.784000e+01 1.703871e+04 4.164498e+03
3.785000e+01 1.686230e+04 4.363864e+03
3.786000e+01 1.668589e+04 4.563229e+03
3.787000e+01 1.650948e+04 4.762595e+03
3.788000e+01 1.633308e+04 4.961960e+03
3.789000e+01 1.625253e+04 5.217598e+03
3.790000e+01 1.626171e+04 5.525914e+03
3.791000e+01 1.627090e+04 5.834231e+03
3.792000e+01 1.628009e+04 6.142547e+03
3.793000e+01 1.628927e+04 6.450863e+03
3.794000e+01 1.629846e+04 6.759179e+03
3.795000e+01 1.630764e+04 7.067496e+03
3.796000e+01 1.631683e+04 7.375812e+03
3.797000e+01 1.632601e+04 7.684128e+03
3.798000e+01 1.633520e+04 7.992445e+03
3.799000e+01 1.634439e+04 8.300761e+03
3.800000e+01 1.635357e+04 8.609077e+03
3.801000e+01 1.636276e+04 8.917394e+03
3.802000e+01 1.637194e+04 9.225710e+03
3.803000e+01 1.638113e+04 9.534026e+03
3.804000e+01 1.639031e+04 9.842342e+03
3.805000e+01 1.639950e+04 1.015066e+04
3.806000e+01 1.640869e+04 1.045898e+04
3.807000e+01 1.641787e+04 1.076729e+04
3.808000e+01 1.642706e+04 1.107561e+04
3.809000e+01 1.643624e+04 1.138392e+04
3.810000e+01 1.644543e+04 1.169224e+04
3.811000e+01 1.645461e+04 1.200056e+04
3.812000e+01 1.646380e+04 1.230887e+04
3.813000e+01 1.647299e+04 1.261719e+04
3.814000e+01 1.648217e+04 1.292551e+04
3.815000e+01 1.670827e+04 1.315817e+04
3.816000e+01 1.695358e+04 1.338412e+04
3.817000e+01 1.719889e+04 1.361008e+04
3.818000e+01 1.744421e+04 1.383604e+04
3.819000e+01 1.768952e+04 1.406200e+04
3.820000e+01 1.793483e+04 1.428796e+04
3.821000e+01 1.818014e+04 1.451392e+04
3.822000e+01 1.842545e+04 1.473988e+04
3.823000e+01 1.867077e+04 1.496583e+04
3.824000e+01 1.891608e+04 1.519179e+04
3.825000e+01 1.916139e+04 1.541775e+04
3.826000e+01 1.940670e+04 1.564371e+04
3.827000e+01 1.965201e+04 1.586967e+04
3.828000e+01 1.989733e+04 1.609563e+04
3.829000e+01 2.014264e+04 1.632158e+04
3.830000e+01 2.038795e+04 1.654754e+04
3.831000e+01 2.063326e+04 1.677350e+04
3.832000e+01 2.087857e+04 1.699946e+04
3.833000e+01 2.112389e+04 1.722542e+04
3.834000e+01 2.136920e+04 1.745138e+04
3.835000e+01 2.161451e+04 1.767734e+04
3.836000e+01 2.185982e+04 1.790329e+04
3.837000e+01 2.210513e+04 1.812925e+04
3.838000e+01 2.235044e+04 1.835521e+04
3.839000e+01 2.259576e+04 1.858117e+04
3.840000e+01 2.287343e+04 1.872386e+04
3.841000e+01 2.321963e+04 1.869022e+04
3.842000e+01 2.356583e+04 1.865658e+04
3.843000e+01 2.391203e+04 1.862294e+04
3.844000e+01 2.425823e+04 1.858929e+04
3.845000e+01 2.460442e+04 1.855565e+04
3.846000e+01 2.495062e+04 1.852201e+04
3.847000e+01 2.529682e+04 1.848837e+04
3.848000e+01 2.564302e+04 1.845473e+04
3.849000e+01 2.598922e+04 1.842109e+04
3.850000e+01 2.633542e+04 1.838745e+04
3.851000e+01 2.668162e+04 1.835381e+04
3.852000e+01 2.702782e+04 1.832017e+04
3.853000e+01 2.737402e+04 1.828653e+04
3.854000e+01 2.772021e+04 1.825289e+04
3.855000e+01 2.806641e+04 1.821925e+04
3.856000e+01 2.841261e+04 1.818561e+04
3.857000e+01 2.875881e+04 1.815197e+04
3.858000e+01 2.910501e+04 1.811833e+04
3.859000e+01 2.945121e+04 1.808468e+04
3.860000e+01 2.979741e+04 1.805104e+04
3.861000e+01 3.014361e+04 1.801740e+04
3.862000e+01 3.048981e+04 1.798376e+04
3.863000e+01 3.083600e+04 1.795012e+04
3.864000e+01 3.118220e+04 1.791648e+04
3.865000e+01 3.152840e+04 1.788284e+04
3.866000e+01 3.177032e+04 1.765914e+04
3.867000e+01 3.197227e+04 1.736259e+04
3.868000e+01 3.217422e+04 1.706604e+04
3.869000e+01 3.237617e+04 1.676949e+04
3.870000e+01 3.257812e+04 1.647294e+04
3.871000e+01 3.278007e+04 1.617638e+04
3.872000e+01 3.298202e+04 1.587983e+04
3.873000e+01 3.318397e+04 1.558328e+04
3.874000e+01 3.338592e+04 1.528673e+04
3.875000e+01 3.358787e+04 1.499018e+04
3.876000e+01 3.378982e+04 1.469363e+04
3.877000e+01 3.399177e+04 1.439708e+04
3.878000e+01 3.419372e+04 1.410053e+04
3.879000e+01 3.439567e+04 1.380398e+04
3.880000e+01 3.459762e+04 1.350743e+04
3.881000e+01 3.479957e+04 1.321087e+04
3.882000e+01 3.500152e+04 1.291432e+04
3.883000e+01 3.520347e+04 1.261777e+04
3.884000e+01 3.540542e+04 1.232122e+04
3.885000e+01 3.560737e+04 1.202467e+04
3.886000e+01 3.580932e+04 1.172812e+04
3.887000e+01 3.601127e+04 1.143157e+04
3.888000e+01 3.621322e+04 1.113502e+04
3.889000e+01 3.641517e+04 1.083847e+04
3.890000e+01 3.661712e+04 1.054192e+04
3.891000e+01 3.678032e+04 1.023813e+04
3.892000e+01 3.667238e+04 9.883700e+03
3.893000e+01 3.656445e+04 9.529272e+03
3.894000e+01 3.645652e+04 9.174845e+03
3.895000e+01 3.634859e+04 8.820417e+03
3.896000e+01 3.624066e+04 8.465989e+03
3.897000e+01 3.613273e+04 8.111562e+03
3.898000e+01 3.602480e+04 7.757134e+03
3.899000e+01 3.591687e+04 7.402707e+03
3.900000e+01 3.580894e+04 7.048279e+03
3.901000e+01 3.570101e+04 6.693852e+03
3.902000e+01 3.559308e+04 6.339424e+03
3.903000e+01 3.548514e+04 5.984996e+03
3.904000e+01 3.537721e+04 5.630569e+03
3.905000e+01 3.526928e+04 5.276141e+03
3.906000e+01 3.516135e+04 4.921714e+03
3.907000e+01 3.505342e+04 4.567286e+03
3.908000e+01 3.494549e+04 4.212859e+03
3.909000e+01 3.483756e+04 3.858431e+03
3.910000e+01 3.472963e+04 3.504003e+03
3.911000e+01 3.462170e+04 3.149576e+03
3.912000e+01 3.451377e+04 2.795148e+03
3.913000e+01 3.440584e+04 2.440721e+03
3.914000e+01 3.429791e+04 2.086293e+03
3.915000e+01 3.418997e+04 1.731866e+03
3.916000e+01 3.408204e+04 1.377438e+03
3.917000e+01 3.384375e+04 1.135250e+03
3.918000e+01 3.348853e+04 9.937264e+02
3.919000e+01 3.313331e+04 8.522025e+02
3.920000e+01 3.277809e+04 7.106785e+02
3.921000e+01 3.242287e+04 5.691546e+02
3.922000e+01 3.206765e+04 4.276307e+02
3.923000e+01 3.171243e+04 2.861067e+02
3.924000e+01 3.135722e+04 1.445828e+02
3.925000e+01 3.100200e+04 3.058854e+00
3.926000e+01 3.064678e+04 -1.384651e+02
3.927000e+01 3.029156e+04 -2.799890e+02
3.928000e+01 2.993634e+04 -4.215129e+02
3.929000e+01 2.958112e+04 -5.630369e+02
3.930000e+01 2.922590e+04 -7.045608e+02
3.931000e+01 2.887069e+04 -8.460847e+02
3.932000e+01 2.851547e+04 -9.876087e+02
3.933000e+01 2.816025e+04 -1.129133e+03
3.934000e+01 2.780503e+04 -1.270657e+03
3.935000e+01 2.744981e+04 -1.412180e+03
3.936000e+01 2.709459e+04 -1.553704e+03
3.937000e+01 2.673937e+04 -1.695228e+03
3.938000e+01 2.638416e+04 -1.836752e+03
3.939000e+01 2.602894e+04 -1.978276e+03
3.940000e+01 2.567372e+04 -2.119800e+03
3.941000e+01 2.531850e+04 -2.261324e+03
3.942000e+01 2.496328e+04 -2.402848e+03
3.943000e+01 2.462141e+04 -2.233799e+03
3.944000e+01 2.428055e+04 -2.041131e+03
3.945000e+01 2.393969e+04 -1.848463e+03
3.946000e+01 2.359884e+04 -1.655796e+03
3.947000e+01 2.325798e+04 -1.463128e+03
3.948000e+01 2.291712e+04 -1.270460e+03
3.949000e+01 2.257627e+04 -1.077792e+03
3.950000e+01 2.223541e+04 -8.851240e+02
3.951000e+01 2.189455e+04 -6.924561e+02
3.952000e+01 2.155369e+04 -4.997882e+02
3.953000e+01 2.121284e+04 -3.071203e+02
3.954000e+01 2.087198e+04 -1.144524e+02
3.955000e+01 2.053112e+04 7.821551e+01
3.956000e+01 2.019026e+04 2.708834e+02
3.957000e+01 1.984941e+04 4.635513e+02
3.958000e+01 1.950855e+04 6.562192e+02
3.959000e+01 1.916769e+04 8.488871e+02
3.960000e+01 1.882684e+04 1.041555e+03
3.961000e+01 1.848598e+04 1.234223e+03
3.962000e+01 1.814512e+04 1.426891e+03
3.963000e+01 1.780426e+04 1.619559e+03
3.964000e+01 1.746341e+04 1.812227e+03
3.965000e+01 1.712255e+04 2.004894e+03
3.966000e+01 1.678169e+04 2.197562e+03
3.967000e+01 1.644083e+04 2.390230e+03
3.968000e+01 1.619168e+04 2.648616e+03
3.969000e+01 1.612748e+04 3.039551e+03
3.970000e+01 1.606329e+04 3.430485e+03
3.971000e+01 1.599909e+04 3.821419e+03
3.972000e+01 1.593490e+04 4.212354e+03
3.973000e+01 1.587070e+04 4.603288e+03
3.974000e+01 1.580651e+04 4.994223e+03
3.975000e+01 1.574231e+04 5.385157e+03
3.976000e+01 1.567812e+04 5.776091e+03
3.977000e+01 1.561392e+04 6.167026e+03
3.978000e+01 1.554973e+04 6.557960e+03
3.979000e+01 1.548553e+04 6.948895e+03
3.980000e+01 1.542134e+04 7.339829e+03
3.981000e+01 1.535714e+04 7.730763e+03
3.982000e+01 1.529294e+04 8.121698e+03
3.983000e+01 1.522875e+04 8.512632e+03
3.984000e+01 1.516455e+04 8.903567e+03
3.985000e+01 1.510036e+04 9.294501e+03
3.986000e+01 1.503616e+04 9.685435e+03
3.987000e+01 1.497197e+04 1.007637e+04
3.988000e+01 1.490777e+04 1.046730e+04
3.989000e+01 1.484358e+04 1.085824e+04
3.990000e+01 1.477938e+04 1.124917e+04
3.991000e+01 1.471519e+04 1.164011e+04
3.992000e+01 1.465099e+04 1.203104e+04
3.993000e+01 1.458679e+04 1.242198e+04
3.994000e+01 1.476470e+04 1.274219e+04
3.995000e+01 1.503053e+04 1.303673e+04
3.996000e+01 1.529636e+04 1.333127e+04
3.997000e+01 1.556219e+04 1.362581e+04
3.998000e+01 1.582802e+04 1.392035e+04
3.999000e+01 1.609384e+04 1.421488e+04
4.000000e+01 1.635967e+04 1.450942e+04
4.001000e+01 1.662550e+04 1.480396e+04
4.002000e+01 1.689133e+04 1.509850e+04
4.003000e+01 1.715715e+04 1.539303e+04
4.004000e+01 1.742298e+04 1.568757e+04
4.005000e+01 1.768881e+04 1.598211e+04
4.006000e+01 1.795464e+04 1.627665e+04
4.007000e+01 1.822046e+04 1.657119e+04
4.008000e+01 1.848629e+04 1.686572e+04
4.009000e+01 1.875212e+04 1.716026e+04
4.010000e+01 1.901795e+04 1.745480e+04
4.011000e+01 1.928377e+04 1.774934e+04
4.012000e+01 1.954960e+04 1.804388e+04
4.013000e+01 1.981543e+04 1.833841e+04
4.014000e+01 2.008126e+04 1.863295e+04
4.015000e+01 2.034708e+04 1.892749e+04
4.016000e+01 2.061291e+04 1.922203e+04
4.017000e+01 2.087874e+04 1.951656e+04
4.018000e+01 2.114457e+04 1.981110e+04
4.019000e+01 2.142784e+04 2.006224e+04
4.020000e+01 2.182221e+04 2.003704e+04
4.021000e+01 2.221657e+04 2.001185e+04
4.022000e+01 2.261094e+04 1.998665e+04
4.023000e+01 2.300530e+04 1.996145e+04
4.024000e+01 2.339967e+04 1.993625e+04
4.025000e+01 2.379404e+04 1.991106e+04
4.026000e+01 2.418840e+04 1.988586e+04
4.027000e+01 2.458277e+04 1.986066e+04
4.028000e+01 2.497713e+04 1.983546e+04
4.029000e+01 2.537150e+04 1.981027e+04
4.030000e+01 2.576586e+04 1.978507e+04
4.031000e+01 2.616023e+04 1.975987e+04
4.032000e+01 2.655460e+04 1.973468e+04
4.033000e+01 2.694896e+04 1.970948e+04
4.034000e+01 2.734333e+04 1.968428e+04
4.035000e+01 2.773769e+04 1.965908e+04
4.036000e+01 2.813206e+04 1.963389e+04
4.037000e+01 2.852642e+04 1.960869e+04
4.038000e+01 2.892079e+04 1.958349e+04
4.039000e+01 2.931515e+04 1.955830e+04
4.040000e+01 2.970952e+04 1.953310e+04
4.041000e+01 3.010389e+04 1.950790e+04
4.042000e+01 3.049825e+04 1.948270e+04
4.043000e+01 3.089262e+04 1.945751e+04
4.044000e+01 3.128698e+04 1.943231e+04
4.045000e+01 3.158977e+04 1.924705e+04
4.046000e+01 3.181389e+04 1.892428e+04
4.047000e+01 3.203800e+04 1.860151e+04
4.048000e+01 3.226212e+04 1.827874e+04
4.049000e+01 3.248623e+04 1.795597e+04
4.050000e+01 3.271035e+04 1.763319e+04
4.051000e+01 3.293446e+04 1.731042e+04
4.052000e+01 3.315857e+04 1.698765e+04
4.053000e+01 3.338269e+04 1.666488e+04
4.054000e+01 3.360680e+04 1.634211e+04
4.055000e+01 3.383092e+04 1.601933e+04
4.056000e+01 3.405503e+04 1.569656e+04
4.057000e+01 3.427915e+04 1.537379e+04
4.058000e+01 3.450326e+04 1.505102e+04
4.059000e+01 3.472737e+04 1.472824e+04
4.060000e+01 3.495149e+04 1.440547e+04
4.061000e+01 3.517560e+04 1.408270e+04
4.062000e+01 3.539972e+04 1.375993e+04
4.063000e+01 3.562383e+04 1.343716e+04
4.064000e+01 3.584795e+04 1.311438e+04
4.065000e+01 3.607206e+04 1.279161e+04
4.066000e+01 3.629617e+04 1.246884e+04
4.067000e+01 3.652029e+04 1.214607e+04
4.068000e+01 3.674440e+04 1.182330e+04
4.069000e+01 3.696852e+04 1.150052e+04
4.070000e+01 3.719263e+04 1.117775e+04
4.071000e+01 3.710186e+04 1.080641e+04
4.072000e+01 3.699099e+04 1.043197e+04
4.073000e+01 3.688013e+04 1.005753e+04
4.074000e+01 3.676926e+04 9.683086e+03
4.075000e+01 3.665840e+04 9.308645e+03
4.076000e+01 3.654753e+04 8.934204e+03
4.077000e+01 3.643666e+04 8.559762e+03
4.078000e+01 3.632580e+04 8.185321e+03
4.079000e+01 3.621493e+04 7.810880e+03
4.080000e+01 3.610407e+04 7.436439e+03
4.081000e+01 3.599320e+04 7.061997e+03
4.082000e+01 3.588233e+04 6.687556e+03
4.083000e+01 3.577147e+04 6.313115e+03
4.084000e+01 3.566060e+04 5.938673e+03
4.085000e+01 3.554974e+04 5.564232e+03
4.086000e+01 3.543887e+04 5.189791e+03
4.087000e+01 3.532800e+04 4.815349e+03
4.088000e+01 3.521714e+04 4.440908e+03
4.089000e+01 3.510627e+04 4.066467e+03
4.090000e+01 3.499541e+04 3.692026e+03
4.091000e+01 3.488454e+04 3.317584e+03
4.092000e+01 3.477367e+04 2.943143e+03
4.093000e+01 3.466281e+04 2.568702e+03
4.094000e+01 3.455194e+04 2.194260e+03
4.095000e+01 3.444108e+04 1.819819e+03
4.096000e+01 3.424586e+04 1.522175e+03
4.097000e+01 3.388847e+04 1.372186e+03
4.098000e+01 3.353108e+04 1.222198e+03
4.099000e+01 3.317369e+04 1.072209e+03
4.100000e+01 3.281630e+04 9.222198e+02
4.101000e+01 3.245891e+04 7.722309e+02
4.102000e+01 3.210152e+04 6.222420e+02
4.103000e+01 3.174413e+04 4.722532e+02
4.104000e+01 3.138675e+04 3.222643e+02
4.105000e+01 3.102936e+04 1.722754e+02
4.106000e+01 3.067197e+04 2.228654e+01
4.107000e+01 3.031458e+04 -1.277023e+02
4.108000e+01 2.995719e+04 -2.776912e+02
4.109000e+01 2.959980e+04 -4.276801e+02
4.110000e+01 2.924241e+04 -5.776690e+02
4.111000e+01 2.888502e+04 -7.276578e+02
4.112000e+01 2.852763e+04 -8.776467e+02
4.113000e+01 2.817024e+04 -1.027636e+03
4.114000e+01 2.781285e+04 -1.177624e+03
4.115000e+01 2.745546e+04 -1.327613e+03
4.116000e+01 2.709807e+04 -1.477602e+03
4.117000e+01 2.674068e+04 -1.627591e+03
4.118000e+01 2.638329e+04 -1.777580e+03
4.119000e+01 2.602590e+04 -1.927569e+03
4.120000e+01 2.566852e+04 -2.077558e+03
4.121000e+01 2.531113e+04 -2.227547e+03
4.122000e+01 2.496571e+04 -2.134911e+03
4.123000e+01 2.462440e+04 -1.958921e+03
4.124000e+01 2.428310e+04 -1.782931e+03
4.125000e+01 2.394179e+04 -1.606941e+03
4.126000e+01 2.360049e+04 -1.430951e+03
4.127000e+01 2.325918e+04 -1.254961e+03
4.128000e+01 2.291787e+04 -1.078971e+03
4.129000e+01 2.257657e+04 -9.029808e+02
4.130000e+01 2.223526e+04 -7.269907e+02
4.131000e+01 2.189396e+04 -5.510007e+02
4.132000e+01 2.155265e+04 -3.750106e+02
4.133000e+01 2.121135e+04 -1.990205e+02
4.134000e+01 2.087004e+04 -2.303046e+01
4.135000e+01 2.052874e+04 1.529596e+02
4.136000e+01 2.018743e+04 3.289497e+02
4.137000e+01 1.984612e+04 5.049397e+02
4.138000e+01 1.950482e+04 6.809298e+02
4.139000e+01 1.916351e+04 8.569199e+02
4.140000e+01 1.882221e+04 1.032910e+03
4.141000e+01 1.848090e+04 1.208900e+03
4.142000e+01 1.813960e+04 1.384890e+03
4.143000e+01 1.779829e+04 1.560880e+03
4.144000e+01 1.745699e+04 1.736870e+03
4.145000e+01 1.711568e+04 1.912860e+03
4.146000e+01 1.677437e+04 2.088850e+03
4.147000e+01 1.647000e+04 2.293131e+03
4.148000e+01 1.638092e+04 2.662316e+03
4.149000e+01 1.629184e+04 3.031502e+03
4.150000e+01 1.620276e+04 3.400688e+03
4.151000e+01 1.611367e+04 3.769873e+03
4.152000e+01 1.602459e+04 4.139059e+03
4.153000e+01 1.593551e+04 4.508245e+03
4.154000e+01 1.584643e+04 4.877430e+03
4.155000e+01 1.575735e+04 5.246616e+03
4.156000e+01 1.566826e+04 5.615802e+03
4.157000e+01 1.557918e+04 5.984987e+03
4.158000e+01 1.549010e+04 6.354173e+03
4.159000e+01 1.540102e+04 6.723359e+03
4.160000e+01 1.531194e+04 7.092545e+03
4.161000e+01 1.522285e+04 7.461730e+03
4.162000e+01 1.513377e+04 7.830916e+03
4.163000e+01 1.504469e+04 8.200102e+03
4.164000e+01 1.495561e+04 8.569287e+03
4.165000e+01 1.486652e+04 8.938473e+03
4.166000e+01 1.477744e+04 9.307659e+03
4.167000e+01 1.468836e+04 9.676844e+03
4.168000e+01 1.459928e+04 1.004603e+04
4.169000e+01 1.451020e+04 1.041522e+04
4.170000e+01 1.442111e+04 1.078440e+04
4.171000e+01 1.433203e+04 1.115359e+04
4.172000e+01 1.424295e+04 1.152277e+04
4.173000e+01 1.431909e+04 1.185883e+04
4.174000e+01 1.453118e+04 1.216762e+04
4.175000e+01 1.474328e+04 1.247642e+04
4.176000e+01 1.495537e+04 1.278521e+04
4.177000e+01 1.516747e+04 1.309400e+04
4.178000e+01 1.537956e+04 1.340280e+04
4.179000e+01 1.559166e+04 1.371159e+04
4.180000e+01 1.580376e+04 1.402039e+04
4.181000e+01 1.601585e+04 1.432918e+04
4.182000e+01 1.622795e+04 1.463797e+04
4.183000e+01 1.644004e+04 1.494677e+04
4.184000e+01 1.665214e+04 1.525556e+04
4.185000e+01 1.686424e+04 1.556435e+04
4.186000e+01 1.707633e+04 1.587315e+04
4.187000e+01 1.728843e+04 1.618194e+04
4.188000e+01 1.750052e+04 1.649073e+04
4.189000e+01 1.771262e+04 1.679953e+04
4.190000e+01 1.792471e+04 1.710832e+04
4.191000e+01 1.813681e+04 1.741712e+04
4.192000e+01 1.834891e+04 1.772591e+04
4.193000e+01 1.856100e+04 1.803470e+04
4.194000e+01 1.877310e+04 1.834350e+04
4.195000e+01 1.898519e+04 1.865229e+04
4.196000e+01 1.919729e+04 1.896108e+04
4.197000e+01 1.940939e+04 1.926988e+04
4.198000e+01 1.962148e+04 1.957867e+04
4.199000e+01 1.997748e+04 1.964688e+04
4.200000e+01 2.034094e+04 1.970261e+04
4.201000e+01 2.070440e+04 1.975835e+04
4.202000e+01 2.106786e+04 1.981408e+04
4.203000e+01 2.143132e+04 1.986982e+04
4.204000e+01 2.179478e+04 1.992555e+04
4.205000e+01 2.215824e+04 1.998128e+04
4.206000e+01 2.252170e+04 2.003702e+04
4.207000e+01 2.288516e+04 2.009275e+04
4.208000e+01 2.324862e+04 2.014849e+04
4.209000e+01 2.361208e+04 2.020422e+04
4.210000e+01 2.397554e+04 2.025996e+04
4.211000e+01 2.433900e+04 2.031569e+04
4.212000e+01 2.470246e+04 2.037142e+04
4.213000e+01 2.506592e+04 2.042716e+04
4.214000e+01 2.542938e+04 2.048289e+04
4.215000e+01 2.579285e+04 2.053863e+04
4.216000e+01 2.615631e+04 2.059436e+04
4.217000e+01 2.651977e+04 2.065009e+04
4.218000e+01 2.688323e+04 2.070583e+04
4.219000e+01 2.724669e+04 2.076156e+04
4.220000e+01 2.761015e+04 2.081730e+04
4.221000e+01 2.797361e+04 2.087303e+04
4.222000e+01 2.833707e+04 2.092877e+04
4.223000e+01 2.870053e+04 2.098450e+04
4.224000e+01 2.903684e+04 2.094467e+04
4.225000e+01 2.932336e+04 2.072956e+04
4.226000e+01 2.960989e+04 2.051445e+04
4.227000e+01 2.989641e+04 2.029934e+04
4.228000e+01 3.018293e+04 2.008423e+04
4.229000e+01 3.046945e+04 1.986912e+04
4.230000e+01 3.075597e+04 1.965401e+04
4.231000e+01 3.104250e+04 1.943890e+04
4.232000e+01 3.132902e+04 1.922379e+04
4.233000e+01 3.161554e+04 1.900868e+04
4.234000e+01 3.190206e+04 1.879357e+04
4.235000e+01 3.218859e+04 1.857846e+04
4.236000e+01 3.247511e+04 1.836335e+04
4.237000e+01 3.276163e+04 1.814824e+04
4.238000e+01 3.304815e+04 1.793313e+04
4.239000e+01 3.333468e+04 1.771802e+04
4.240000e+01 3.362120e+04 1.750291e+04
4.241000e+01 3.390772e+04 1.728780e+04
4.242000e+01 3.419424e+04 1.707269e+04
4.243000e+01 3.448076e+04 1.685758e+04
4.244000e+01 3.476729e+04 1.664247e+04
4.245000e+01 3.505381e+04 1.642737e+04
4.246000e+01 3.534033e+04 1.621226e+04
4.247000e+01 3.562685e+04 1.599715e+04
4.248000e+01 3.591338e+04 1.578204e+04
4.249000e+01 3.619990e+04 1.556693e+04
4.250000e+01 3.630805e+04 1.525534e+04
4.251000e+01 3.635831e+04 1.491244e+04
4.252000e+01 3.640856e+04 1.456954e+04
4.253000e+01 3.645882e+04 1.422664e+04
4.254000e+01 3.650908e+04 1.388374e+04
4.255000e+01 3.655934e+04 1.354084e+04
4.256000e+01 3.660960e+04 1.319794e+04
4.257000e+01 3.665986e+04 1.285504e+04
4.258000e+01 3.671012e+04 1.251214e+04
4.259000e+01 3.676038e+04 1.216924e+04
4.260000e+01 3.681064e+04 1.182634e+04
4.261000e+01 3.686090e+04 1.148344e+04
4.262000e+01 3.691116e+04 1.114054e+04
4.263000e+01 3.696142e+04 1.079764e+04
4.264000e+01 3.701168e+04 1.045474e+04
4.265000e+01 3.706194e+04 1.011184e+04
4.266000e+01 3.711220e+04 9.768936e+03
4.267000e+01 3.716246e+04 9.426036e+03
4.268000e+01 3.721272e+04 9.083136e+03
4.269000e+01 3.726298e+04 8.740236e+03
4.270000e+01 3.731324e+04 8.397336e+03
4.271000e+01 3.736350e+04 8.054436e+03
4.272000e+01 3.741376e+04 7.711536e+03
4.273000e+01 3.746402e+04 7.368636e+03
4.274000e+01 3.751428e+04 7.025736e+03
4.275000e+01 3.752568e+04 6.694264e+03
4.276000e+01 3.732865e+04 6.424099e+03
4.277000e+01 3.713162e+04 6.153933e+03
4.278000e+01 3.693460e+04 5.883767e+03
4.279000e+01 3.673757e+04 5.613601e+03
4.280000e+01 3.654054e+04 5.343436e+03
4.281000e+01 3.634351e+04 5.073270e+03
4.282000e+01 3.614648e+04 4.803104e+03
4.283000e+01 3.594946e+04 4.532938e+03
4.284000e+01 3.575243e+04 4.262773e+03
4.285000e+01 3.555540e+04 3.992607e+03
4.286000e+01 3.535837e+04 3.722441e+03
4.287000e+01 3.516134e+04 3.452275e+03
4.288000e+01 3.496431e+04 3.182110e+03
4.289000e+01 3.476729e+04 2.911944e+03
4.290000e+01 3.457026e+04 2.641778e+03
4.291000e+01 3.437323e+04 2.371612e+03
4.292000e+01 3.417620e+04 2.101447e+03
4.293000e+01 3.397917e+04 1.831281e+03
4.294000e+01 3.378215e+04 1.561115e+03
4.295000e+01 3.358512e+04 1.290949e+03
4.296000e+01 3.338809e+04 1.020783e+03
4.297000e+01 3.319106e+04 7.506177e+02
4.298000e+01 3.299403e+04 4.804520e+02
4.299000e+01 3.279701e+04 2.102862e+02
4.300000e+01 3.259998e+04 -5.987954e+01
4.301000e+01 3.233373e+04 -2.081067e+02
4.302000e+01 3.201294e+04 -2.602382e+02
4.303000e+01 3.169215e+04 -3.123696e+02
4.304000e+01 3.137135e+04 -3.645011e+02
4.305000e+01 3.105056e+04 -4.166325e+02
4.306000e+01 3.072977e+04 -4.687639e+02
4.307000e+01 3.040897e+04 -5.208954e+02
4.308000e+01 3.008818e+04 -5.730268e+02
4.309000e+01 2.976739e+04 -6.251583e+02
4.310000e+01 2.944659e+04 -6.772897e+02
4.311000e+01 2.912580e+04 -7.294211e+02
4.312000e+01 2.880501e+04 -7.815526e+02
4.313000e+01 2.848421e+04 -8.336840e+02
4.314000e+01 2.816342e+04 -8.858155e+02
4.315000e+01 2.784263e+04 -9.379469e+02
4.316000e+01 2.752183e+04 -9.900783e+02
4.317000e+01 2.720104e+04 -1.042210e+03
4.318000e+01 2.688025e+04 -1.094341e+03
4.319000e+01 2.655945e+04 -1.146473e+03
4.320000e+01 2.623866e+04 -1.198604e+03
4.321000e+01 2.591787e+04 -1.250736e+03
4.322000e+01 2.559707e+04 -1.302867e+03
4.323000e+01 2.527628e+04 -1.354998e+03
4.324000e+01 2.495549e+04 -1.407130e+03
4.325000e+01 2.463469e+04 -1.459261e+03
4.326000e+01 2.431390e+04 -1.511393e+03
4.327000e+01 2.405086e+04 -1.331544e+03
4.328000e+01 2.379013e+04 -1.142381e+03
4.329000e+01 2.352940e+04 -9.532186e+02
4.330000e+01 2.326867e+04 -7.640560e+02
4.331000e+01 2.300795e+04 -5.748934e+02
4.332000e+01 2.274722e+04 -3.857308e+02
4.333000e+01 2.248649e+04 -1.965682e+02
4.334000e+01 2.222577e+04 -7.405640e+00
4.335000e+01 2.196504e+04 1.817569e+02
4.336000e+01 2.170431e+04 3.709195e+02
4.337000e+01 2.144359e+04 5.600821e+02
4.338000e+01 2.118286e+04 7.492447e+02
4.339000e+01 2.092213e+04 9.384073e+02
4.340000e+01 2.066140e+04 1.127570e+03
4.341000e+01 2.040068e+04 1.316732e+03
4.342000e+01 2.013995e+04 1.505895e+03
4.343000e+01 1.987922e+04 1.695058e+03
4.344000e+01 1.961850e+04 1.884220e+03
4.345000e+01 1.935777e+04 2.073383e+03
4.346000e+01 1.909704e+04 2.262545e+03
4.347000e+01 1.883632e+04 2.451708e+03
4.348000e+01 1.857559e+04 2.640871e+03
4.349000e+01 1.831486e+04 2.830033e+03
4.350000e+01 1.805413e+04 3.019196e+03
4.351000e+01 1.779341e+04 3.208358e+03
4.352000e+01 1.760993e+04 3.446749e+03
4.353000e+01 1.756171e+04 3.771323e+03
4.354000e+01 1.751348e+04 4.095898e+03
4.355000e+01 1.746525e+04 4.420473e+03
4.356000e+01 1.741702e+04 4.745047e+03
4.357000e+01 1.736880e+04 5.069622e+03
4.358000e+01 1.732057e+04 5.394197e+03
4.359000e+01 1.727234e+04 5.718771e+03
4.360000e+01 1.722412e+04 6.043346e+03
4.361000e+01 1.717589e+04 6.367921e+03
4.362000e+01 1.712766e+04 6.692496e+03
4.363000e+01 1.707943e+04 7.017070e+03
4.364000e+01 1.703121e+04 7.341645e+03
4.365000e+01 1.698298e+04 7.666220e+03
4.366000e+01 1.693475e+04 7.990794e+03
4.367000e+01 1.688652e+04 8.315369e+03
4.368000e+01 1.683830e+04 8.639944e+03
4.369000e+01 1.679007e+04 8.964518e+03
4.370000e+01 1.674184e+04 9.289093e+03
4.371000e+01 1.669362e+04 9.613668e+03
4.372000e+01 1.664539e+04 9.938243e+03
4.373000e+01 1.659716e+04 1.026282e+04
4.374000e+01 1.654893e+04 1.058739e+04
4.375000e+01 1.650071e+04 1.091197e+04
4.376000e+01 1.645248e+04 1.123654e+04
4.377000e+01 1.640425e+04 1.156112e+04
4.378000e+01 1.655126e+04 1.184623e+04
4.379000e+01 1.675802e+04 1.211927e+04
4.380000e+01 1.696478e+04 1.239231e+04
4.381000e+01 1.717154e+04 1.266535e+04
4.382000e+01 1.737830e+04 1.293839e+04
4.383000e+01 1.758506e+04 1.321143e+04
4.384000e+01 1.779182e+04 1.348447e+04
4.385000e+01 1.799858e+04 1.375751e+04
4.386000e+01 1.820534e+04 1.403055e+04
4.387000e+01 1.841210e+04 1.430359e+04
4.388000e+01 1.861885e+04 1.457663e+04
4.389000e+01 1.882561e+04 1.484967e+04
4.390000e+01 1.903237e+04 1.512271e+04
4.391000e+01 1.923913e+04 1.539575e+04
4.392000e+01 1.944589e+04 1.566879e+04
4.393000e+01 1.965265e+04 1.594183e+04
4.394000e+01 1.985941e+04 1.621487e+04
4.395000e+01 2.006617e+04 1.648791e+04
4.396000e+01 2.027293e+04 1.676095e+04
4.397000e+01 2.047969e+04 1.703399e+04
4.398000e+01 2.068645e+04 1.730703e+04
4.399000e+01 2.089320e+04 1.758007e+04
4.400000e+01 2.109996e+04 1.785311e+04
4.401000e+01 2.130672e+04 1.812615e+04
4.402000e+01 2.151348e+04 1.839919e+04
4.403000e+01 2.174565e+04 1.863432e+04
4.404000e+01 2.210379e+04 1.868147e+04
4.405000e+01 2.246193e+04 1.872861e+04
4.406000e+01 2.282008e+04 1.877576e+04
4.407000e+01 2.317822e+04 1.882290e+04
4.408000e+01 2.353636e+04 1.887005e+04
4.409000e+01 2.389451e+04 1.891719e+04
4.410000e+01 2.425265e+04 1.896434e+04
4.411000e+01 2.461079e+04 1.901148e+04
4.412000e+01 2.496894e+04 1.905862e+04
4.413000e+01 2.532708e+04 1.910577e+04
4.414000e+01 2.568522e+04 1.915291e+04
4.415000e+01 2.604337e+04 1.920006e+04
4.416000e+01 2.640151e+04 1.924720e+04
4.417000e+01 2.675965e+04 1.929435e+04
4.418000e+01 2.711779e+04 1.934149e+04
4.419000e+01 2.747594e+04 1.938864e+04
4.420000e+01 2.783408e+04 1.943578e+04
4.421000e+01 2.819222e+04 1.948293e+04
4.422000e+01 2.855037e+04 1.953007e+04
4.423000e+01 2.890851e+04 1.957722e+04
4.424000e+01 2.926665e+04 1.962436e+04
4.425000e+01 2.962480e+04 1.967151e+04
4.426000e+01 2.998294e+04 1.971865e+04
4.427000e+01 3.034108e+04 1.976580e+04
4.428000e+01 3.069923e+04 1.981294e+04
4.429000e+01 3.102351e+04 1.970071e+04
4.430000e+01 3.132224e+04 1.946823e+04
4.431000e+01 3.162097e+04 1.923574e+04
4.432000e+01 3.191970e+04 1.900326e+04
4.433000e+01 3.221844e+04 1.877077e+04
4.434000e+01 3.251717e+04 1.853829e+04
4.435000e+01 3.281590e+04 1.830580e+04
4.436000e+01 3.311463e+04 1.807332e+04
4.437000e+01 3.341336e+04 1.784084e+04
4.438000e+01 3.371209e+04 1.760835e+04
4.439000e+01 3.401082e+04 1.737587e+04
4.440000e+01 3.430956e+04 1.714338e+04
4.441000e+01 3.460829e+04 1.691090e+04
4.442000e+01 3.490702e+04 1.667841e+04
4.443000e+01 3.520575e+04 1.644593e+04
4.444000e+01 3.550448e+04 1.621345e+04
4.445000e+01 3.580321e+04 1.598096e+04
4.446000e+01 3.610195e+04 1.574848e+04
4.447000e+01 3.640068e+04 1.551599e+04
4.448000e+01 3.669941e+04 1.528351e+04
4.449000e+01 3.699814e+04 1.505102e+04
4.450000e+01 3.729687e+04 1.481854e+04
4.451000e+01 3.759560e+04 1.458606e+04
4.452000e+01 3.789434e+04 1.435357e+04
4.453000e+01 3.819307e+04 1.412109e+04
4.454000e+01 3.849180e+04 1.388860e+04
4.455000e+01 3.853991e+04 1.350564e+04
4.456000e+01 3.858082e+04 1.311835e+04
4.457000e+01 3.862173e+04 1.273107e+04
4.458000e+01 3.866264e+04 1.234378e+04
4.459000e+01 3.870355e+04 1.195650e+04
4.460000e+01 3.874446e+04 1.156921e+04
4.461000e+01 3.878537e+04 1.118193e+04
4.462000e+01 3.882628e+04 1.079464e+04
4.463000e+01 3.886720e+04 1.040735e+04
4.464000e+01 3.890811e+04 1.002007e+04
4.465000e+01 3.894902e+04 9.632785e+03
4.466000e+01 3.898993e+04 9.245499e+03
4.467000e+01 3.903084e+04 8.858214e+03
4.468000e+01 3.907175e+04 8.470929e+03
4.469000e+01 3.911266e+04 8.083644e+03
4.470000e+01 3.915357e+04 7.696358e+03
4.471000e+01 3.919449e+04 7.309073e+03
4.472000e+01 3.923540e+04 6.921788e+03
4.473000e+01 3.927631e+04 6.534503e+03
4.474000e+01 3.931722e+04 6.147218e+03
4.475000e+01 3.935813e+04 5.759932e+03
4.476000e+01 3.939904e+04 5.372647e+03
4.477000e+01 3.943995e+04 4.985362e+03
4.478000e+01 3.948086e+04 4.598077e+03
4.479000e+01 3.952177e+04 4.210791e+03
4.480000e+01 3.944982e+04 3.858520e+03
4.481000e+01 3.918914e+04 3.564795e+03
4.482000e+01 3.892845e+04 3.271070e+03
4.483000e+01 3.866777e+04 2.977346e+03
4.484000e+01 3.840709e+04 2.683621e+03
4.485000e+01 3.814640e+04 2.389897e+03
4.486000e+01 3.788572e+04 2.096172e+03
4.487000e+01 3.762504e+04 1.802447e+03
4.488000e+01 3.736435e+04 1.508723e+03
4.489000e+01 3.710367e+04 1.214998e+03
4.490000e+01 3.684299e+04 9.212737e+02
4.491000e+01 3.658230e+04 6.275491e+02
4.492000e+01 3.632162e+04 3.338245e+02
4.493000e+01 3.606094e+04 4.009991e+01
4.494000e+01 3.580025e+04 -2.536247e+02
4.495000e+01 3.553957e+04 -5.473493e+02
4.496000e+01 3.527889e+04 -8.410739e+02
4.497000e+01 3.501820e+04 -1.134798e+03
4.498000e+01 3.475752e+04 -1.428523e+03
4.499000e+01 3.449684e+04 -1.722248e+03
4.500000e+01 3.423615e+04 -2.015972e+03
4.501000e+01 3.397547e+04 -2.309697e+03
4.502000e+01 3.371479e+04 -2.603421e+03
4.503000e+01 3.345410e+04 -2.897146e+03
4.504000e+01 3.319342e+04 -3.190871e+03
4.505000e+01 3.293274e+04 -3.484595e+03
4.506000e+01 3.256971e+04 -3.542753e+03
4.507000e+01 3.217721e+04 -3.533058e+03
4.508000e+01 3.178471e+04 -3.523362e+03
4.509000e+01 3.139221e+04 -3.513667e+03
4.510000e+01 3.099971e+04 -3.503971e+03
4.511000e+01 3.060721e+04 -3.494275e+03
4.512000e+01 3.021471e+04 -3.484580e+03
4.513000e+01 2.982221e+04 -3.474884e+03
4.514000e+01 2.942971e+04 -3.465189e+03
4.515000e+01 2.903721e+04 -3.455493e+03
4.516000e+01 2.864471e+04 -3.445797e+03
4.517000e+01 2.825221e+04 -3.436102e+03
4.518000e+01 2.785971e+04 -3.426406e+03
4.519000e+01 2.746721e+04 -3.416711e+03
4.520000e+01 2.707471e+04 -3.407015e+03
4.521000e+01 2.668221e+04 -3.397320e+03
4.522000e+01 2.628971e+04 -3.387624e+03
4.523000e+01 2.589721e+04 -3.377928e+03
4.524000e+01 2.550471e+04 -3.368233e+03
4.525000e+01 2.511221e+04 -3.358537e+03
4.526000e+01 2.471971e+04 -3.348842e+03
4.527000e+01 2.432721e+04 -3.339146e+03
4.528000e+01 2.393471e+04 -3.329451e+03
4.529000e+01 2.354221e+04 -3.319755e+03
4.530000e+01 2.314971e+04 -3.310059e+03
4.531000e+01 2.278490e+04 -3.245185e+03
4.532000e+01 2.254751e+04 -2.926383e+03
4.533000e+01 2.231013e+04 -2.607582e+03
4.534000e+01 2.207274e+04 -2.288780e+03
4.535000e+01 2.183535e+04 -1.969978e+03
4.536000e+01 2.159796e+04 -1.651176e+03
4.537000e+01 2.136058e+04 -1.332374e+03
4.538000e+01 2.112319e+04 -1.013572e+03
4.539000e+01 2.088580e+04 -6.947699e+02
4.540000e+01 2.064841e+04 -3.759679e+02
4.541000e+01 2.041102e+04 -5.716599e+01
4.542000e+01 2.017364e+04 2.616360e+02
4.543000e+01 1.993625e+04 5.804379e+02
4.544000e+01 1.969886e+04 8.992398e+02
4.545000e+01 1.946147e+04 1.218042e+03
4.546000e+01 1.922409e+04 1.536844e+03
4.547000e+01 1.898670e+04 1.855646e+03
4.548000e+01 1.874931e+04 2.174448e+03
4.549000e+01 1.851192e+04 2.493250e+03
4.550000e+01 1.827454e+04 2.812052e+03
4.551000e+01 1.803715e+04 3.130853e+03
4.552000e+01 1.779976e+04 3.449655e+03
4.553000e+01 1.756237e+04 3.768457e+03
4.554000e+01 1.732498e+04 4.087259e+03
4.555000e+01 1.708760e+04 4.406061e+03
4.556000e+01 1.685021e+04 4.724863e+03
4.557000e+01 1.681714e+04 5.089465e+03
4.558000e+01 1.693164e+04 5.487145e+03
4.559000e+01 1.704613e+04 5.884825e+03
4.560000e+01 1.716063e+04 6.282504e+03
4.561000e+01 1.727513e+04 6.680184e+03
4.562000e+01 1.738962e+04 7.077864e+03
4.563000e+01 1.750412e+04 7.475543e+03
4.564000e+01 1.761861e+04 7.873223e+03
4.565000e+01 1.773311e+04 8.270903e+03
4.566000e+01 1.784761e+04 8.668583e+03
4.567000e+01 1.796210e+04 9.066262e+03
4.568000e+01 1.807660e+04 9.463942e+03
4.569000e+01 1.819109e+04 9.861622e+03
4.570000e+01 1.830559e+04 1.025930e+04
4.571000e+01 1.842008e+04 1.065698e+04
4.572000e+01 1.853458e+04 1.105466e+04
4.573000e+01 1.864908e+04 1.145234e+04
4.574000e+01 1.876357e+04 1.185002e+04
4.575000e+01 1.887807e+04 1.224770e+04
4.576000e+01 1.899256e+04 1.264538e+04
4.577000e+01 1.910706e+04 1.304306e+04
4.578000e+01 1.922156e+04 1.344074e+04
4.579000e+01 1.933605e+04 1.383842e+04
4.580000e+01 1.945055e+04 1.423610e+04
4.581000e+01 1.956504e+04 1.463378e+04
4.582000e+01 1.967954e+04 1.503146e+04
4.583000e+01 2.008225e+04 1.520030e+04
4.584000e+01 2.049000e+04 1.536514e+04
4.585000e+01 2.089775e+04 1.552997e+04
4.586000e+01 2.130551e+04 1.569481e+04
4.587000e+01 2.171326e+04 1.585965e+04
4.588000e+01 2.212102e+04 1.602448e+04
4.589000e+01 2.252877e+04 1.618932e+04
4.590000e+01 2.293652e+04 1.635415e+04
4.591000e+01 2.334428e+04 1.651899e+04
4.592000e+01 2.375203e+04 1.668383e+04
4.593000e+01 2.415978e+04 1.684866e+04
4.594000e+01 2.456754e+04 1.701350e+04
4.595000e+01 2.497529e+04 1.717833e+04
4.596000e+01 2.538305e+04 1.734317e+04
4.597000e+01 2.579080e+04 1.750801e+04
4.598000e+01 2.619855e+04 1.767284e+04
4.599000e+01 2.660631e+04 1.783768e+04
4.600000e+01 2.701406e+04 1.800251e+04
4.601000e+01 2.742182e+04 1.816735e+04
4.602000e+01 2.782957e+04 1.833219e+04
4.603000e+01 2.823732e+04 1.849702e+04
4.604000e+01 2.864508e+04 1.866186e+04
4.605000e+01 2.905283e+04 1.882669e+04
4.606000e+01 2.946058e+04 1.899153e+04
4.607000e+01 2.986834e+04 1.915637e+04
4.608000e+01 3.027668e+04 1.917248e+04
4.609000e+01 3.068597e+04 1.895094e+04
4.610000e+01 3.109526e+04 1.872941e+04
4.611000e+01 3.150455e+04 1.850787e+04
4.612000e+01 3.191384e+04 1.828634e+04
4.613000e+01 3.232314e+04 1.806481e+04
4.614000e+01 3.273243e+04 1.784327e+04
4.615000e+01 3.314172e+04 1.762174e+04
4.616000e+01 3.355101e+04 1.740020e+04
4.617000e+01 3.396030e+04 1.717867e+04
4.618000e+01 3.436959e+04 1.695713e+04
4.619000e+01 3.477888e+04 1.673560e+04
4.620000e+01 3.518817e+04 1.651406e+04
4.621000e+01 3.559746e+04 1.629253e+04
4.622000e+01 3.600675e+04 1.607099e+04
4.623000e+01 3.641604e+04 1.584946e+04
4.624000e+01 3.682533e+04 1.562792e+04
4.625000e+01 3.723462e+04 1.540639e+04
4.626000e+01 3.764391e+04 1.518485e+04
4.627000e+01 3.805320e+04 1.496332e+04
4.628000e+01 3.846249e+04 1.474178e+04
4.629000e+01 3.887178e+04 1.452025e+04
4.630000e+01 3.928107e+04 1.429871e+04
4.631000e+01 3.969036e+04 1.407718e+04
4.632000e+01 4.009965e+04 1.385565e+04
4.633000e+01 4.050894e+04 1.363411e+04
4.634000e+01 4.067525e+04 1.321798e+04
4.635000e+01 4.077582e+04 1.274920e+04
4.636000e+01 4.087640e+04 1.228043e+04
4.637000e+01 4.097697e+04 1.181165e+04
4.638000e+01 4.107754e+04 1.134287e+04
4.639000e+01 4.117812e+04 1.087410e+04
4.640000e+01 4.127869e+04 1.040532e+04
4.641000e+01 4.137926e+04 9.936545e+03
4.642000e+01 4.147984e+04 9.467768e+03
4.643000e+01 4.158041e+04 8.998991e+03
4.644000e+01 4.168098e+04 8.530215e+03
4.645000e+01 4.178156e+04 8.061438e+03
4.646000e+01 4.188213e+04 7.592661e+03
4.647000e+01 4.198270e+04 7.123885e+03
4.648000e+01 4.208328e+04 6.655108e+03
4.649000e+01 4.218385e+04 6.186332e+03
4.650000e+01 4.228442e+04 5.717555e+03
4.651000e+01 4.238500e+04 5.248778e+03
4.652000e+01 4.248557e+04 4.780002e+03
4.653000e+01 4.258614e+04 4.311225e+03
4.654000e+01 4.268672e+04 3.842448e+03
4.655000e+01 4.278729e+04 3.373672e+03
4.656000e+01 4.288786e+04 2.904895e+03
4.657000e+01 4.298844e+04 2.436119e+03
4.658000e+01 4.308901e+04 1.967342e+03
4.659000e+01 4.311558e+04 1.515782e+03
4.660000e+01 4.282500e+04 1.138001e+03
4.661000e+01 4.253442e+04 7.602196e+02
4.662000e+01 4.224384e+04 3.824385e+02
4.663000e+01 4.195327e+04 4.657438e+00
4.664000e+01 4.166269e+04 -3.731237e+02
4.665000e+01 4.137211e+04 -7.509047e+02
4.666000e+01 4.108153e+04 -1.128686e+03
4.667000e+01 4.079096e+04 -1.506467e+03
4.668000e+01 4.050038e+04 -1.884248e+03
4.669000e+01 4.020980e+04 -2.262029e+03
4.670000e+01 3.991922e+04 -2.639810e+03
4.671000e+01 3.962865e+04 -3.017591e+03
4.672000e+01 3.933807e+04 -3.395372e+03
4.673000e+01 3.904749e+04 -3.773153e+03
4.674000e+01 3.875691e+04 -4.150935e+03
4.675000e+01 3.846634e+04 -4.528716e+03
4.676000e+01 3.817576e+04 -4.906497e+03
4.677000e+01 3.788518e+04 -5.284278e+03
4.678000e+01 3.759460e+04 -5.662059e+03
4.679000e+01 3.730403e+04 -6.039840e+03
4.680000e+01 3.701345e+04 -6.417621e+03
4.681000e+01 3.672287e+04 -6.795402e+03
4.682000e+01 3.643230e+04 -7.173183e+03
4.683000e+01 3.614172e+04 -7.550964e+03
4.684000e+01 3.585114e+04 -7.928745e+03
4.685000e+01 3.545993e+04 -8.089191e+03
4.686000e+01 3.499916e+04 -8.099442e+03
4.687000e+01 3.453840e+04 -8.109694e+03
4.688000e+01 3.407764e+04 -8.119945e+03
4.689000e+01 3.361688e+04 -8.130196e+03
4.690000e+01 3.315612e+04 -8.140447e+03
4.691000e+01 3.269536e+04 -8.150698e+03
4.692000e+01 3.223460e+04 -8.160949e+03
4.693000e+01 3.177384e+04 -8.171201e+03
4.694000e+01 3.131307e+04 -8.181452e+03
4.695000e+01 3.085231e+04 -8.191703e+03
4.696000e+01 3.039155e+04 -8.201954e+03
4.697000e+01 2.993079e+04 -8.212205e+03
4.698000e+01 2.947003e+04 -8.222456e+03
4.699000e+01 2.900927e+04 -8.232707e+03
4.700000e+01 2.854851e+04 -8.242959e+03
4.701000e+01 2.808775e+04 -8.253210e+03
4.702000e+01 2.762698e+04 -8.263461e+03
4.703000e+01 2.716622e+04 -8.273712e+03
4.704000e+01 2.670546e+04 -8.283963e+03
4.705000e+01 2.624470e+04 -8.294214e+03
4.706000e+01 2.578394e+04 -8.304465e+03
4.707000e+01 2.532318e+04 -8.314717e+03
4.708000e+01 2.486242e+04 -8.324968e+03
4.709000e+01 2.440166e+04 -8.335219e+03
4.710000e+01 2.394089e+04 -8.345470e+03
4.711000e+01 2.366627e+04 -7.997149e+03
4.712000e+01 2.339286e+04 -7.646474e+03
4.713000e+01 2.311946e+04 -7.295799e+03
4.714000e+01 2.284605e+04 -6.945124e+03
4.715000e+01 2.257264e+04 -6.594449e+03
4.716000e+01 2.229924e+04 -6.243774e+03
4.717000e+01 2.202583e+04 -5.893099e+03
4.718000e+01 2.175243e+04 -5.542424e+03
4.719000e+01 2.147902e+04 -5.191750e+03
4.720000e+01 2.120562e+04 -4.841075e+03
4.721000e+01 2.093221e+04 -4.490400e+03
4.722000e+01 2.065881e+04 -4.139725e+03
4.723000e+01 2.038540e+04 -3.789050e+03
4.724000e+01 2.011199e+04 -3.438375e+03
4.725000e+01 1.983859e+04 -3.087700e+03
4.726000e+01 1.956518e+04 -2.737025e+03
4.727000e+01 1.929178e+04 -2.386350e+03
4.728000e+01 1.901837e+04 -2.035675e+03
4.729000e+01 1.874497e+04 -1.685000e+03
4.730000e+01 1.847156e+04 -1.334326e+03
4.731000e+01 1.819816e+04 -9.836507e+02
4.732000e+01 1.792475e+04 -6.329758e+02
4.733000e+01 1.765134e+04 -2.823008e+02
4.734000e+01 1.737794e+04 6.837406e+01
4.735000e+01 1.710453e+04 4.190490e+02
4.736000e+01 1.698972e+04 7.982659e+02
4.737000e+01 1.711718e+04 1.221086e+03
4.738000e+01 1.724465e+04 1.643907e+03
4.739000e+01 1.737212e+04 2.066727e+03
4.740000e+01 1.749958e+04 2.489548e+03
4.741000e+01 1.762705e+04 2.912368e+03
4.742000e+01 1.775452e+04 3.335189e+03
4.743000e+01 1.788198e+04 3.758009e+03
4.744000e+01 1.800945e+04 4.180830e+03
4.745000e+01 1.813691e+04 4.603651e+03
4.746000e+01 1.826438e+04 5.026471e+03
4.747000e+01 1.839185e+04 5.449292e+03
4.748000e+01 1.851931e+04 5.872112e+03
4.749000e+01 1.864678e+04 6.294933e+03
4.750000e+01 1.877424e+04 6.717753e+03
4.751000e+01 1.890171e+04 7.140574e+03
4.752000e+01 1.902918e+04 7.563394e+03
4.753000e+01 1.915664e+04 7.986215e+03
4.754000e+01 1.928411e+04 8.409035e+03
4.755000e+01 1.941157e+04 8.831856e+03
4.756000e+01 1.953904e+04 9.254676e+03
4.757000e+01 1.966651e+04 9.677497e+03
4.758000e+01 1.979397e+04 1.010032e+04
4.759000e+01 1.992144e+04 1.052314e+04
4.760000e+01 2.004890e+04 1.094596e+04
4.761000e+01 2.017637e+04 1.136878e+04
4.762000e+01 2.054509e+04 1.157397e+04
4.763000e+01 2.097497e+04 1.172400e+04
4.764000e+01 2.140486e+04 1.187402e+04
4.765000e+01 2.183474e+04 1.202404e+04
4.766000e+01 2.226462e+04 1.217407e+04
4.767000e+01 2.269450e+04 1.232409e+04
4.768000e+01 2.312438e+04 1.247411e+04
4.769000e+01 2.355427e+04 1.262414e+04
4.770000e+01 2.398415e+04 1.277416e+04
4.771000e+01 2.441403e+04 1.292418e+04
4.772000e+01 2.484391e+04 1.307421e+04
4.773000e+01 2.527380e+04 1.322423e+04
4.774000e+01 2.570368e+04 1.337425e+04
4.775000e+01 2.613356e+04 1.352428e+04
4.776000e+01 2.656344e+04 1.367430e+04
4.777000e+01 2.699333e+04 1.382432e+04
4.778000e+01 2.742321e+04 1.397435e+04
4.779000e+01 2.785309e+04 1.412437e+04
4.780000e+01 2.828297e+04 1.427440e+04
4.781000e+01 2.871286e+04 1.442442e+04
4.782000e+01 2.914274e+04 1.457444e+04
4.783000e+01 2.957262e+04 1.472447e+04
4.784000e+01 3.000250e+04 1.487449e+04
4.785000e+01 3.043239e+04 1.502451e+04
4.786000e+01 3.086227e+04 1.517454e+04
4.787000e+01 3.128646e+04 1.524355e+04
4.788000e+01 3.168789e+04 1.498833e+04
4.789000e+01 3.208932e+04 1.473311e+04
4.790000e+01 3.249076e+04 1.447789e+04
4.791000e+01 3.289219e+04 1.422266e+04
4.792000e+01 3.329362e+04 1.396744e+04
4.793000e+01 3.369505e+04 1.371222e+04
4.794000e+01 3.409648e+04 1.345700e+04
4.795000e+01 3.449791e+04 1.320177e+04
4.796000e+01 3.489934e+04 1.294655e+04
4.797000e+01 3.530077e+04 1.269133e+04
4.798000e+01 3.570220e+04 1.243611e+04
4.799000e+01 3.610363e+04 1.218088e+04
4.800000e+01 3.650506e+04 1.192566e+04
4.801000e+01 3.690649e+04 1.167044e+04
4.802000e+01 3.730792e+04 1.141522e+04
4.803000e+01 3.770935e+04 1.116000e+04
4.804000e+01 3.811078e+04 1.090477e+04
4.805000e+01 3.851221e+04 1.064955e+04
4.806000e+01 3.891364e+04 1.039433e+04
4.807000e+01 3.931507e+04 1.013911e+04
4.808000e+01 3.971651e+04 9.883884e+03
4.809000e+01 4.011794e+04 9.628662e+03
4.810000e+01 4.051937e+04 9.373439e+03
4.811000e+01 4.092080e+04 9.118217e+03
4.812000e+01 4.132223e+04 8.862995e+03
4.813000e+01 4.152324e+04 8.470365e+03
4.814000e+01 4.159178e+04 7.986904e+03
4.815000e+01 4.166031e+04 7.503442e+03
4.816000e+01 4.172885e+04 7.019981e+03
4.817000e+01 4.179738e+04 6.536520e+03
4.818000e+01 4.186592e+04 6.053059e+03
4.819000e+01 4.193445e+04 5.569597e+03
4.820000e+01 4.200299e+04 5.086136e+03
4.821000e+01 4.207152e+04 4.602675e+03
4.822000e+01 4.214006e+04 4.119213e+03
4.823000e+01 4.220859e+04 3.635752e+03
4.824000e+01 4.227713e+04 3.152291e+03
4.825000e+01 4.234566e+04 2.668829e+03
4.826000e+01 4.241420e+04 2.185368e+03
4.827000e+01 4.248273e+04 1.701907e+03
4.828000e+01 4.255127e+04 1.218446e+03
4.829000e+01 4.261980e+04 7.349843e+02
4.830000e+01 4.268834e+04 2.515230e+02
4.831000e+01 4.275687e+04 -2.319383e+02
4.832000e+01 4.282541e+04 -7.153996e+02
4.833000e+01 4.289394e+04 -1.198861e+03
4.834000e+01 4.296247e+04 -1.682322e+03
4.835000e+01 4.303101e+04 -2.165784e+03
4.836000e+01 4.309954e+04 -2.649245e+03
4.837000e+01 4.316808e+04 -3.132706e+03
4.838000e+01 4.323502e+04 -3.615691e+03
4.839000e+01 4.292125e+04 -3.984984e+03
4.840000e+01 4.260747e+04 -4.354277e+03
4.841000e+01 4.229370e+04 -4.723569e+03
4.842000e+01 4.197992e+04 -5.092862e+03
4.843000e+01 4.166615e+04 -5.462155e+03
4.844000e+01 4.135237e+04 -5.831447e+03
4.845000e+01 4.103860e+04 -6.200740e+03
4.846000e+01 4.072483e+04 -6.570033e+03
4.847000e+01 4.041105e+04 -6.939325e+03
4.848000e+01 4.009728e+04 -7.308618e+03
4.849000e+01 3.978350e+04 -7.677911e+03
4.850000e+01 3.946973e+04 -8.047203e+03
4.851000e+01 3.915595e+04 -8.416496e+03
4.852000e+01 3.884218e+04 -8.785789e+03
4.853000e+01 3.852841e+04 -9.155081e+03
4.854000e+01 3.821463e+04 -9.524374e+03
4.855000e+01 3.790086e+04 -9.893667e+03
4.856000e+01 3.758708e+04 -1.026296e+04
4.857000e+01 3.727331e+04 -1.063225e+04
4.858000e+01 3.695953e+04 -1.100154e+04
4.859000e+01 3.664576e+04 -1.137084e+04
4.860000e+01 3.633199e+04 -1.174013e+04
4.861000e+01 3.601821e+04 -1.210942e+04
4.862000e+01 3.570444e+04 -1.247872e+04
4.863000e+01 3.539066e+04 -1.284801e+04
4.864000e+01 3.501496e+04 -1.307042e+04
4.865000e+01 3.454877e+04 -1.307821e+04
4.866000e+01 3.408258e+04 -1.308600e+04
4.867000e+01 3.361640e+04 -1.309379e+04
4.868000e+01 3.315021e+04 -1.310158e+04
4.869000e+01 3.268402e+04 -1.310937e+04
4.870000e+01 3.221783e+04 -1.311716e+04
4.871000e+01 3.175164e+04 -1.312495e+04
4.872000e+01 3.128546e+04 -1.313274e+04
4.873000e+01 3.081927e+04 -1.314053e+04
4.874000e+01 3.035308e+04 -1.314832e+04
4.875000e+01 2.988689e+04 -1.315611e+04
4.876000e+01 2.942070e+04 -1.316390e+04
4.877000e+01 2.895452e+04 -1.317169e+04
4.878000e+01 2.848833e+04 -1.317948e+04
4.879000e+01 2.802214e+04 -1.318727e+04
4.880000e+01 2.755595e+04 -1.319506e+04
4.881000e+01 2.708976e+04 -1.320285e+04
4.882000e+01 2.662357e+04 -1.321064e+04
4.883000e+01 2.615739e+04 -1.321843e+04
4.884000e+01 2.569120e+04 -1.322622e+04
4.885000e+01 2.522501e+04 -1.323401e+04
4.886000e+01 2.475882e+04 -1.324180e+04
4.887000e+01 2.429263e+04 -1.324959e+04
4.888000e+01 2.382645e+04 -1.325738e+04
4.889000e+01 2.336026e+04 -1.326517e+04
4.890000e+01 2.303494e+04 -1.299643e+04
4.891000e+01 2.274301e+04 -1.266218e+04
4.892000e+01 2.245107e+04 -1.232793e+04
4.893000e+01 2.215913e+04 -1.199367e+04
4.894000e+01 2.186720e+04 -1.165942e+04
4.895000e+01 2.157526e+04 -1.132516e+04
4.896000e+01 2.128333e+04 -1.099091e+04
4.897000e+01 2.099139e+04 -1.065666e+04
4.898000e+01 2.069945e+04 -1.032240e+04
4.899000e+01 2.040752e+04 -9.988148e+03
4.900000e+01 2.011558e+04 -9.653894e+03
4.901000e+01 1.982364e+04 -9.319640e+03
4.902000e+01 1.953171e+04 -8.985386e+03
4.903000e+01 1.923977e+04 -8.651132e+03
4.904000e+01 1.894783e+04 -8.316878e+03
4.905000e+01 1.865590e+04 -7.982624e+03
4.906000e+01 1.836396e+04 -7.648370e+03
4.907000e+01 1.807203e+04 -7.314116e+03
4.908000e+01 1.778009e+04 -6.979862e+03
4.909000e+01 1.748815e+04 -6.645608e+03
4.910000e+01 1.719622e+04 -6.311354e+03
4.911000e+01 1.690428e+04 -5.977100e+03
4.912000e+01 1.661234e+04 -5.642846e+03
4.913000e+01 1.632041e+04 -5.308592e+03
4.914000e+01 1.602847e+04 -4.974338e+03
4.915000e+01 1.581295e+04 -4.621091e+03
4.916000e+01 1.588387e+04 -4.196645e+03
4.917000e+01 1.595480e+04 -3.772199e+03
4.918000e+01 1.602573e+04 -3.347753e+03
4.919000e+01 1.609665e+04 -2.923307e+03
4.920000e+01 1.616758e+04 -2.498861e+03
4.921000e+01 1.623850e+04 -2.074415e+03
4.922000e+01 1.630943e+04 -1.649969e+03
4.923000e+01 1.638035e+04 -1.225523e+03
4.924000e+01 1.645128e+04 -8.010766e+02
4.925000e+01 1.652221e+04 -3.766305e+02
4.926000e+01 1.659313e+04 4.781552e+01
4.927000e+01 1.666406e+04 4.722616e+02
4.928000e+01 1.673498e+04 8.967076e+02
4.929000e+01 1.680591e+04 1.321154e+03
4.930000e+01 1.687683e+04 1.745600e+03
4.931000e+01 1.694776e+04 2.170046e+03
4.932000e+01 1.701869e+04 2.594492e+03
4.933000e+01 1.708961e+04 3.018938e+03
4.934000e+01 1.716054e+04 3.443384e+03
4.935000e+01 1.723146e+04 3.867830e+03
4.936000e+01 1.730239e+04 4.292276e+03
4.937000e+01 1.737331e+04 4.716722e+03
4.938000e+01 1.744424e+04 5.141168e+03
4.939000e+01 1.751517e+04 5.565614e+03
4.940000e+01 1.758609e+04 5.990060e+03
4.941000e+01 1.784089e+04 6.289996e+03
4.942000e+01 1.821191e+04 6.511234e+03
4.943000e+01 1.858293e+04 6.732472e+03
4.944000e+01 1.895395e+04 6.953710e+03
4.945000e+01 1.932497e+04 7.174948e+03
4.946000e+01 1.969599e+04 7.396186e+03
4.947000e+01 2.006701e+04 7.617424e+03
4.948000e+01 2.043803e+04 7.838662e+03
4.949000e+01 2.080905e+04 8.059900e+03
4.950000e+01 2.118007e+04 8.281138e+03
4.951000e+01 2.155109e+04 8.502376e+03
4.952000e+01 2.192211e+04 8.723614e+03
4.953000e+01 2.229313e+04 8.944852e+03
4.954000e+01 2.266415e+04 9.166090e+03
4.955000e+01 2.303517e+04 9.387328e+03
4.956000e+01 2.340619e+04 9.608566e+03
4.957000e+01 2.377721e+04 9.829804e+03
4.958000e+01 2.414823e+04 1.005104e+04
4.959000e+01 2.451925e+04 1.027228e+04
4.960000e+01 2.489027e+04 1.049352e+04
4.961000e+01 2.526129e+04 1.071476e+04
4.962000e+01 2.563231e+04 1.093599e+04
4.963000e+01 2.600333e+04 1.115723e+04
4.964000e+01 2.637435e+04 1.137847e+04
4.965000e+01 2.674537e+04 1.159971e+04
4.966000e+01 2.711719e+04 1.181582e+04
4.967000e+01 2.754244e+04 1.169202e+04
4.968000e+01 2.796769e+04 1.156822e+04
4.969000e+01 2.839294e+04 1.144442e+04
4.970000e+01 2.881819e+04 1.132062e+04
4.971000e+01 2.924344e+04 1.119682e+04
4.972000e+01 2.966870e+04 1.107302e+04
4.973000e+01 3.009395e+04 1.094922e+04
4.974000e+01 3.051920e+04 1.082542e+04
4.975000e+01 3.094445e+04 1.070162e+04
4.976000e+01 3.136970e+04 1.057782e+04
4.977000e+01 3.179495e+04 1.045402e+04
4.978000e+01 3.222020e+04 1.033022e+04
4.979000e+01 3.264545e+04 1.020642e+04
4.980000e+01 3.307070e+04 1.008262e+04
4.981000e+01 3.349595e+04 9.958818e+03
4.982000e+01 3.392120e+04 9.835018e+03
4.983000e+01 3.434645e+04 9.711219e+03
4.984000e+01 3.477170e+04 9.587419e+03
4.985000e+01 3.519695e+04 9.463619e+03
4.986000e+01 3.562220e+04 9.339819e+03
4.987000e+01 3.604745e+04 9.216019e+03
4.988000e+01 3.647270e+04 9.092219e+03
4.989000e+01 3.689795e+04 8.968419e+03
4.990000e+01 3.732320e+04 8.844619e+03
4.991000e+01 3.774846e+04 8.720819e+03
4.992000e+01 3.808988e+04 8.485549e+03
4.993000e+01 3.831410e+04 8.094437e+03
4.994000e+01 3.853833e+04 7.703324e+03
4.995000e+01 3.876256e+04 7.312212e+03
4.996000e+01 3.898678e+04 6.921099e+03
4.997000e+01 3.921101e+04 6.529987e+03
4.998000e+01 3.943524e+04 6.138874e+03
4.999000e+01 3.965946e+04 5.747762e+03
5.000000e+01 3.988369e+04 5.356649e+03
