# Freq(GHz) Re(Z) Im(Z)
0.000000e+00 1.330903e+01 -9.414203e-10
1.000000e-02 1.321535e+01 5.591610e+00
2.000000e-02 1.312166e+01 1.118322e+01
3.000000e-02 1.302798e+01 1.677483e+01
4.000000e-02 1.293430e+01 2.236644e+01
5.000000e-02 1.284061e+01 2.795805e+01
6.000000e-02 1.274693e+01 3.354966e+01
7.000000e-02 1.265325e+01 3.914127e+01
8.000000e-02 1.255956e+01 4.473288e+01
9.000000e-02 1.246588e+01 5.032449e+01
1.000000e-01 1.237220e+01 5.591610e+01
1.100000e-01 1.227851e+01 6.150771e+01
1.200000e-01 1.218483e+01 6.709932e+01
1.300000e-01 1.209115e+01 7.269093e+01
1.400000e-01 1.199747e+01 7.828254e+01
1.500000e-01 1.190378e+01 8.387415e+01
1.600000e-01 1.181010e+01 8.946576e+01
1.700000e-01 1.171642e+01 9.505737e+01
1.800000e-01 1.162273e+01 1.006490e+02
1.900000e-01 1.152905e+01 1.062406e+02
2.000000e-01 1.143537e+01 1.118322e+02
2.100000e-01 1.134168e+01 1.174238e+02
2.200000e-01 1.124800e+01 1.230154e+02
2.300000e-01 1.115432e+01 1.286070e+02
2.400000e-01 1.106063e+01 1.341986e+02
2.500000e-01 1.096695e+01 1.397902e+02
2.600000e-01 1.082870e+01 1.454290e+02
2.700000e-01 1.061666e+01 1.511458e+02
2.800000e-01 1.040461e+01 1.568626e+02
2.900000e-01 1.019257e+01 1.625794e+02
3.000000e-01 9.980532e+00 1.682962e+02
3.100000e-01 9.768491e+00 1.740130e+02
3.200000e-01 9.556450e+00 1.797298e+02
3.300000e-01 9.344409e+00 1.854466e+02
3.400000e-01 9.132368e+00 1.911634e+02
3.500000e-01 8.920327e+00 1.968802e+02
3.600000e-01 8.708286e+00 2.025970e+02
3.700000e-01 8.496245e+00 2.083138e+02
3.800000e-01 8.284204e+00 2.140306e+02
3.900000e-01 8.072163e+00 2.197473e+02
4.000000e-01 7.860122e+00 2.254641e+02
4.100000e-01 7.648080e+00 2.311809e+02
4.200000e-01 7.436039e+00 2.368977e+02
4.300000e-01 7.223998e+00 2.426145e+02
4.400000e-01 7.011957e+00 2.483313e+02
4.500000e-01 6.799916e+00 2.540481e+02
4.600000e-01 6.587875e+00 2.597649e+02
4.700000e-01 6.375834e+00 2.654817e+02
4.800000e-01 6.163793e+00 2.711985e+02
4.900000e-01 5.951752e+00 2.769153e+02
5.000000e-01 5.739711e+00 2.826321e+02
5.100000e-01 5.527670e+00 2.883489e+02
5.200000e-01 5.310181e+00 2.941541e+02
5.300000e-01 5.090908e+00 2.999883e+02
5.400000e-01 4.871634e+00 3.058224e+02
5.500000e-01 4.652360e+00 3.116566e+02
5.600000e-01 4.433087e+00 3.174908e+02
5.700000e-01 4.213813e+00 3.233250e+02
5.800000e-01 3.994540e+00 3.291591e+02
5.900000e-01 3.775266e+00 3.349933e+02
6.000000e-01 3.555992e+00 3.408275e+02
6.100000e-01 3.336719e+00 3.466616e+02
6.200000e-01 3.117445e+00 3.524958e+02
6.300000e-01 2.898171e+00 3.583300e+02
6.400000e-01 2.678898e+00 3.641642e+02
6.500000e-01 2.459624e+00 3.699983e+02
6.600000e-01 2.240351e+00 3.758325e+02
6.700000e-01 2.021077e+00 3.816667e+02
6.800000e-01 1.801803e+00 3.875008e+02
6.900000e-01 1.582530e+00 3.933350e+02
7.000000e-01 1.363256e+00 3.991692e+02
7.100000e-01 1.143983e+00 4.050034e+02
7.200000e-01 9.247089e-01 4.108375e+02
7.300000e-01 7.054353e-01 4.166717e+02
7.400000e-01 4.861616e-01 4.225059e+02
7.500000e-01 2.668880e-01 4.283400e+02
7.600000e-01 4.761441e-02 4.341742e+02
7.700000e-01 -1.749566e-01 4.400119e+02
7.800000e-01 -4.196480e-01 4.458731e+02
7.900000e-01 -6.643394e-01 4.517343e+02
8.000000e-01 -9.090307e-01 4.575955e+02
8.100000e-01 -1.153722e+00 4.634567e+02
8.200000e-01 -1.398413e+00 4.693180e+02
8.300000e-01 -1.643105e+00 4.751792e+02
8.400000e-01 -1.887796e+00 4.810404e+02
8.500000e-01 -2.132488e+00 4.869016e+02
8.600000e-01 -2.377179e+00 4.927628e+02
8.700000e-01 -2.621870e+00 4.986240e+02
8.800000e-01 -2.866562e+00 5.044852e+02
8.900000e-01 -3.111253e+00 5.103464e+02
9.000000e-01 -3.355944e+00 5.162077e+02
9.100000e-01 -3.600636e+00 5.220689e+02
9.200000e-01 -3.845327e+00 5.279301e+02
9.300000e-01 -4.090018e+00 5.337913e+02
9.400000e-01 -4.334710e+00 5.396525e+02
9.500000e-01 -4.579401e+00 5.455137e+02
9.600000e-01 -4.824093e+00 5.513749e+02
9.700000e-01 -5.068784e+00 5.572361e+02
9.800000e-01 -5.313475e+00 5.630974e+02
9.900000e-01 -5.558167e+00 5.689586e+02
1.000000e+00 -5.802858e+00 5.748198e+02
1.010000e+00 -6.047549e+00 5.806810e+02
1.020000e+00 -6.292241e+00 5.865422e+02
1.030000e+00 -6.635476e+00 5.924350e+02
1.040000e+00 -7.074799e+00 5.983587e+02
1.050000e+00 -7.514123e+00 6.042824e+02
1.060000e+00 -7.953447e+00 6.102060e+02
1.070000e+00 -8.392770e+00 6.161297e+02
1.080000e+00 -8.832094e+00 6.220533e+02
1.090000e+00 -9.271418e+00 6.279770e+02
1.100000e+00 -9.710741e+00 6.339007e+02
1.110000e+00 -1.015006e+01 6.398243e+02
1.120000e+00 -1.058939e+01 6.457480e+02
1.130000e+00 -1.102871e+01 6.516716e+02
1.140000e+00 -1.146804e+01 6.575953e+02
1.150000e+00 -1.190736e+01 6.635190e+02
1.160000e+00 -1.234668e+01 6.694426e+02
1.170000e+00 -1.278601e+01 6.753663e+02
1.180000e+00 -1.322533e+01 6.812900e+02
1.190000e+00 -1.366465e+01 6.872136e+02
1.200000e+00 -1.410398e+01 6.931373e+02
1.210000e+00 -1.454330e+01 6.990609e+02
1.220000e+00 -1.498263e+01 7.049846e+02
1.230000e+00 -1.542195e+01 7.109083e+02
1.240000e+00 -1.586127e+01 7.168319e+02
1.250000e+00 -1.630060e+01 7.227556e+02
1.260000e+00 -1.673992e+01 7.286792e+02
1.270000e+00 -1.717924e+01 7.346029e+02
1.280000e+00 -1.761857e+01 7.405266e+02
1.290000e+00 -1.832259e+01 7.467693e+02
1.300000e+00 -1.906172e+01 7.530543e+02
1.310000e+00 -1.980085e+01 7.593393e+02
1.320000e+00 -2.053998e+01 7.656243e+02
1.330000e+00 -2.127911e+01 7.719094e+02
1.340000e+00 -2.201825e+01 7.781944e+02
1.350000e+00 -2.275738e+01 7.844794e+02
1.360000e+00 -2.349651e+01 7.907644e+02
1.370000e+00 -2.423564e+01 7.970495e+02
1.380000e+00 -2.497477e+01 8.033345e+02
1.390000e+00 -2.571391e+01 8.096195e+02
1.400000e+00 -2.645304e+01 8.159045e+02
1.410000e+00 -2.719217e+01 8.221896e+02
1.420000e+00 -2.793130e+01 8.284746e+02
1.430000e+00 -2.867043e+01 8.347596e+02
1.440000e+00 -2.940956e+01 8.410447e+02
1.450000e+00 -3.014870e+01 8.473297e+02
1.460000e+00 -3.088783e+01 8.536147e+02
1.470000e+00 -3.162696e+01 8.598997e+02
1.480000e+00 -3.236609e+01 8.661848e+02
1.490000e+00 -3.310522e+01 8.724698e+02
1.500000e+00 -3.384436e+01 8.787548e+02
1.510000e+00 -3.458349e+01 8.850398e+02
1.520000e+00 -3.532262e+01 8.913249e+02
1.530000e+00 -3.606175e+01 8.976099e+02
1.540000e+00 -3.681657e+01 9.040986e+02
1.550000e+00 -3.761615e+01 9.111689e+02
1.560000e+00 -3.841574e+01 9.182392e+02
1.570000e+00 -3.921532e+01 9.253094e+02
1.580000e+00 -4.001490e+01 9.323797e+02
1.590000e+00 -4.081449e+01 9.394499e+02
1.600000e+00 -4.161407e+01 9.465202e+02
1.610000e+00 -4.241366e+01 9.535904e+02
1.620000e+00 -4.321324e+01 9.606607e+02
1.630000e+00 -4.401282e+01 9.677309e+02
1.640000e+00 -4.481241e+01 9.748012e+02
1.650000e+00 -4.561199e+01 9.818714e+02
1.660000e+00 -4.641158e+01 9.889417e+02
1.670000e+00 -4.721116e+01 9.960120e+02
1.680000e+00 -4.801074e+01 1.003082e+03
1.690000e+00 -4.881033e+01 1.010152e+03
1.700000e+00 -4.960991e+01 1.017223e+03
1.710000e+00 -5.040950e+01 1.024293e+03
1.720000e+00 -5.120908e+01 1.031363e+03
1.730000e+00 -5.200866e+01 1.038433e+03
1.740000e+00 -5.280825e+01 1.045504e+03
1.750000e+00 -5.360783e+01 1.052574e+03
1.760000e+00 -5.440742e+01 1.059644e+03
1.770000e+00 -5.520700e+01 1.066715e+03
1.780000e+00 -5.600658e+01 1.073785e+03
1.790000e+00 -5.680617e+01 1.080855e+03
1.800000e+00 -5.723805e+01 1.088537e+03
1.810000e+00 -5.745951e+01 1.096570e+03
1.820000e+00 -5.768097e+01 1.104603e+03
1.830000e+00 -5.790244e+01 1.112636e+03
1.840000e+00 -5.812390e+01 1.120669e+03
1.850000e+00 -5.834536e+01 1.128701e+03
1.860000e+00 -5.856683e+01 1.136734e+03
1.870000e+00 -5.878829e+01 1.144767e+03
1.880000e+00 -5.900976e+01 1.152800e+03
1.890000e+00 -5.923122e+01 1.160833e+03
1.900000e+00 -5.945268e+01 1.168865e+03
1.910000e+00 -5.967415e+01 1.176898e+03
1.920000e+00 -5.989561e+01 1.184931e+03
1.930000e+00 -6.011707e+01 1.192964e+03
1.940000e+00 -6.033854e+01 1.200997e+03
1.950000e+00 -6.056000e+01 1.209029e+03
1.960000e+00 -6.078146e+01 1.217062e+03
1.970000e+00 -6.100293e+01 1.225095e+03
1.980000e+00 -6.122439e+01 1.233128e+03
1.990000e+00 -6.144586e+01 1.241161e+03
2.000000e+00 -6.166732e+01 1.249193e+03
2.010000e+00 -6.188878e+01 1.257226e+03
2.020000e+00 -6.211025e+01 1.265259e+03
2.030000e+00 -6.233171e+01 1.273292e+03
2.040000e+00 -6.255317e+01 1.281325e+03
2.050000e+00 -6.275810e+01 1.289365e+03
2.060000e+00 -6.166824e+01 1.297979e+03
2.070000e+00 -6.057839e+01 1.306593e+03
2.080000e+00 -5.948853e+01 1.315207e+03
2.090000e+00 -5.839867e+01 1.323820e+03
2.100000e+00 -5.730881e+01 1.332434e+03
2.110000e+00 -5.621896e+01 1.341048e+03
2.120000e+00 -5.512910e+01 1.349662e+03
2.130000e+00 -5.403924e+01 1.358276e+03
2.140000e+00 -5.294939e+01 1.366890e+03
2.150000e+00 -5.185953e+01 1.375504e+03
2.160000e+00 -5.076967e+01 1.384118e+03
2.170000e+00 -4.967982e+01 1.392732e+03
2.180000e+00 -4.858996e+01 1.401346e+03
2.190000e+00 -4.750010e+01 1.409960e+03
2.200000e+00 -4.641024e+01 1.418574e+03
2.210000e+00 -4.532039e+01 1.427188e+03
2.220000e+00 -4.423053e+01 1.435801e+03
2.230000e+00 -4.314067e+01 1.444415e+03
2.240000e+00 -4.205082e+01 1.453029e+03
2.250000e+00 -4.096096e+01 1.461643e+03
2.260000e+00 -3.987110e+01 1.470257e+03
2.270000e+00 -3.878125e+01 1.478871e+03
2.280000e+00 -3.769139e+01 1.487485e+03
2.290000e+00 -3.660153e+01 1.496099e+03
2.300000e+00 -3.551168e+01 1.504713e+03
2.310000e+00 -3.377831e+01 1.513204e+03
2.320000e+00 -3.103498e+01 1.521502e+03
2.330000e+00 -2.829166e+01 1.529800e+03
2.340000e+00 -2.554834e+01 1.538098e+03
2.350000e+00 -2.280502e+01 1.546396e+03
2.360000e+00 -2.006169e+01 1.554693e+03
2.370000e+00 -1.731837e+01 1.562991e+03
2.380000e+00 -1.457505e+01 1.571289e+03
2.390000e+00 -1.183173e+01 1.579587e+03
2.400000e+00 -9.088403e+00 1.587885e+03
2.410000e+00 -6.345081e+00 1.596183e+03
2.420000e+00 -3.601758e+00 1.604481e+03
2.430000e+00 -8.584354e-01 1.612779e+03
2.440000e+00 1.884887e+00 1.621077e+03
2.450000e+00 4.628210e+00 1.629375e+03
2.460000e+00 7.371533e+00 1.637673e+03
2.470000e+00 1.011486e+01 1.645971e+03
2.480000e+00 1.285818e+01 1.654269e+03
2.490000e+00 1.560150e+01 1.662567e+03
2.500000e+00 1.834482e+01 1.670865e+03
2.510000e+00 2.108815e+01 1.679163e+03
2.520000e+00 2.383147e+01 1.687460e+03
2.530000e+00 2.657479e+01 1.695758e+03
2.540000e+00 2.931811e+01 1.704056e+03
2.550000e+00 3.206144e+01 1.712354e+03
2.560000e+00 3.480476e+01 1.720652e+03
2.570000e+00 3.854436e+01 1.727953e+03
2.580000e+00 4.258870e+01 1.734948e+03
2.590000e+00 4.663304e+01 1.741943e+03
2.600000e+00 5.067738e+01 1.748938e+03
2.610000e+00 5.472172e+01 1.755934e+03
2.620000e+00 5.876605e+01 1.762929e+03
2.630000e+00 6.281039e+01 1.769924e+03
2.640000e+00 6.685473e+01 1.776919e+03
2.650000e+00 7.089907e+01 1.783915e+03
2.660000e+00 7.494341e+01 1.790910e+03
2.670000e+00 7.898775e+01 1.797905e+03
2.680000e+00 8.303209e+01 1.804900e+03
2.690000e+00 8.707643e+01 1.811896e+03
2.700000e+00 9.112077e+01 1.818891e+03
2.710000e+00 9.516511e+01 1.825886e+03
2.720000e+00 9.920945e+01 1.832881e+03
2.730000e+00 1.032538e+02 1.839877e+03
2.740000e+00 1.072981e+02 1.846872e+03
2.750000e+00 1.113425e+02 1.853867e+03
2.760000e+00 1.153868e+02 1.860862e+03
2.770000e+00 1.194312e+02 1.867857e+03
2.780000e+00 1.234755e+02 1.874853e+03
2.790000e+00 1.275198e+02 1.881848e+03
2.800000e+00 1.315642e+02 1.888843e+03
2.810000e+00 1.356085e+02 1.895838e+03
2.820000e+00 1.397064e+02 1.902570e+03
2.830000e+00 1.441272e+02 1.907709e+03
2.840000e+00 1.485480e+02 1.912849e+03
2.850000e+00 1.529688e+02 1.917988e+03
2.860000e+00 1.573895e+02 1.923128e+03
2.870000e+00 1.618103e+02 1.928268e+03
2.880000e+00 1.662311e+02 1.933407e+03
2.890000e+00 1.706518e+02 1.938547e+03
2.900000e+00 1.750726e+02 1.943686e+03
2.910000e+00 1.794934e+02 1.948826e+03
2.920000e+00 1.839142e+02 1.953965e+03
2.930000e+00 1.883349e+02 1.959105e+03
2.940000e+00 1.927557e+02 1.964245e+03
2.950000e+00 1.971765e+02 1.969384e+03
2.960000e+00 2.015973e+02 1.974524e+03
2.970000e+00 2.060180e+02 1.979663e+03
2.980000e+00 2.104388e+02 1.984803e+03
2.990000e+00 2.148596e+02 1.989943e+03
3.000000e+00 2.192803e+02 1.995082e+03
3.010000e+00 2.237011e+02 2.000222e+03
3.020000e+00 2.281219e+02 2.005361e+03
3.030000e+00 2.325427e+02 2.010501e+03
3.040000e+00 2.369634e+02 2.015640e+03
3.050000e+00 2.413842e+02 2.020780e+03
3.060000e+00 2.458050e+02 2.025920e+03
3.070000e+00 2.502258e+02 2.031059e+03
3.080000e+00 2.543052e+02 2.035305e+03
3.090000e+00 2.580682e+02 2.038722e+03
3.100000e+00 2.618311e+02 2.042139e+03
3.110000e+00 2.655941e+02 2.045556e+03
3.120000e+00 2.693571e+02 2.048973e+03
3.130000e+00 2.731201e+02 2.052390e+03
3.140000e+00 2.768831e+02 2.055807e+03
3.150000e+00 2.806460e+02 2.059224e+03
3.160000e+00 2.844090e+02 2.062641e+03
3.170000e+00 2.881720e+02 2.066058e+03
3.180000e+00 2.919350e+02 2.069475e+03
3.190000e+00 2.956979e+02 2.072892e+03
3.200000e+00 2.994609e+02 2.076309e+03
3.210000e+00 3.032239e+02 2.079726e+03
3.220000e+00 3.069869e+02 2.083143e+03
3.230000e+00 3.107499e+02 2.086560e+03
3.240000e+00 3.145128e+02 2.089977e+03
3.250000e+00 3.182758e+02 2.093393e+03
3.260000e+00 3.220388e+02 2.096810e+03
3.270000e+00 3.258018e+02 2.100227e+03
3.280000e+00 3.295647e+02 2.103644e+03
3.290000e+00 3.333277e+02 2.107061e+03
3.300000e+00 3.370907e+02 2.110478e+03
3.310000e+00 3.408537e+02 2.113895e+03
3.320000e+00 3.446167e+02 2.117312e+03
3.330000e+00 3.483796e+02 2.120729e+03
3.340000e+00 3.509423e+02 2.123190e+03
3.350000e+00 3.533649e+02 2.125538e+03
3.360000e+00 3.557874e+02 2.127887e+03
3.370000e+00 3.582100e+02 2.130236e+03
3.380000e+00 3.606326e+02 2.132585e+03
3.390000e+00 3.630552e+02 2.134934e+03
3.400000e+00 3.654777e+02 2.137282e+03
3.410000e+00 3.679003e+02 2.139631e+03
3.420000e+00 3.703229e+02 2.141980e+03
3.430000e+00 3.727454e+02 2.144329e+03
3.440000e+00 3.751680e+02 2.146678e+03
3.450000e+00 3.775906e+02 2.149026e+03
3.460000e+00 3.800132e+02 2.151375e+03
3.470000e+00 3.824357e+02 2.153724e+03
3.480000e+00 3.848583e+02 2.156073e+03
3.490000e+00 3.872809e+02 2.158422e+03
3.500000e+00 3.897035e+02 2.160770e+03
3.510000e+00 3.921260e+02 2.163119e+03
3.520000e+00 3.945486e+02 2.165468e+03
3.530000e+00 3.969712e+02 2.167817e+03
3.540000e+00 3.993938e+02 2.170166e+03
3.550000e+00 4.018163e+02 2.172514e+03
3.560000e+00 4.042389e+02 2.174863e+03
3.570000e+00 4.066615e+02 2.177212e+03
3.580000e+00 4.090841e+02 2.179561e+03
3.590000e+00 4.110943e+02 2.181831e+03
3.600000e+00 4.120015e+02 2.183889e+03
3.610000e+00 4.129087e+02 2.185948e+03
3.620000e+00 4.138158e+02 2.188007e+03
3.630000e+00 4.147230e+02 2.190065e+03
3.640000e+00 4.156302e+02 2.192124e+03
3.650000e+00 4.165373e+02 2.194182e+03
3.660000e+00 4.174445e+02 2.196241e+03
3.670000e+00 4.183517e+02 2.198300e+03
3.680000e+00 4.192588e+02 2.200358e+03
3.690000e+00 4.201660e+02 2.202417e+03
3.700000e+00 4.210732e+02 2.204475e+03
3.710000e+00 4.219803e+02 2.206534e+03
3.720000e+00 4.228875e+02 2.208593e+03
3.730000e+00 4.237947e+02 2.210651e+03
3.740000e+00 4.247018e+02 2.212710e+03
3.750000e+00 4.256090e+02 2.214769e+03
3.760000e+00 4.265162e+02 2.216827e+03
3.770000e+00 4.274233e+02 2.218886e+03
3.780000e+00 4.283305e+02 2.220944e+03
3.790000e+00 4.292377e+02 2.223003e+03
3.800000e+00 4.301448e+02 2.225062e+03
3.810000e+00 4.310520e+02 2.227120e+03
3.820000e+00 4.319592e+02 2.229179e+03
3.830000e+00 4.328664e+02 2.231238e+03
3.840000e+00 4.337735e+02 2.233296e+03
3.850000e+00 4.338037e+02 2.235557e+03
3.860000e+00 4.333590e+02 2.237928e+03
3.870000e+00 4.329142e+02 2.240299e+03
3.880000e+00 4.324694e+02 2.242670e+03
3.890000e+00 4.320246e+02 2.245041e+03
3.900000e+00 4.315798e+02 2.247412e+03
3.910000e+00 4.311350e+02 2.249783e+03
3.920000e+00 4.306902e+02 2.252154e+03
3.930000e+00 4.302455e+02 2.254525e+03
3.940000e+00 4.298007e+02 2.256896e+03
3.950000e+00 4.293559e+02 2.259267e+03
3.960000e+00 4.289111e+02 2.261638e+03
3.970000e+00 4.284663e+02 2.264009e+03
3.980000e+00 4.280215e+02 2.266380e+03
3.990000e+00 4.275768e+02 2.268751e+03
4.000000e+00 4.271320e+02 2.271122e+03
4.010000e+00 4.266872e+02 2.273493e+03
4.020000e+00 4.262424e+02 2.275864e+03
4.030000e+00 4.257976e+02 2.278235e+03
4.040000e+00 4.253528e+02 2.280606e+03
4.050000e+00 4.249080e+02 2.282977e+03
4.060000e+00 4.244633e+02 2.285348e+03
4.070000e+00 4.240185e+02 2.287719e+03
4.080000e+00 4.235737e+02 2.290090e+03
4.090000e+00 4.231289e+02 2.292461e+03
4.100000e+00 4.226565e+02 2.294850e+03
4.110000e+00 4.211149e+02 2.297941e+03
4.120000e+00 4.195734e+02 2.301033e+03
4.130000e+00 4.180319e+02 2.304124e+03
4.140000e+00 4.164903e+02 2.307215e+03
4.150000e+00 4.149488e+02 2.310306e+03
4.160000e+00 4.134073e+02 2.313398e+03
4.170000e+00 4.118657e+02 2.316489e+03
4.180000e+00 4.103242e+02 2.319580e+03
4.190000e+00 4.087827e+02 2.322671e+03
4.200000e+00 4.072412e+02 2.325763e+03
4.210000e+00 4.056996e+02 2.328854e+03
4.220000e+00 4.041581e+02 2.331945e+03
4.230000e+00 4.026166e+02 2.335036e+03
4.240000e+00 4.010750e+02 2.338128e+03
4.250000e+00 3.995335e+02 2.341219e+03
4.260000e+00 3.979920e+02 2.344310e+03
4.270000e+00 3.964505e+02 2.347401e+03
4.280000e+00 3.949089e+02 2.350493e+03
4.290000e+00 3.933674e+02 2.353584e+03
4.300000e+00 3.918259e+02 2.356675e+03
4.310000e+00 3.902843e+02 2.359766e+03
4.320000e+00 3.887428e+02 2.362858e+03
4.330000e+00 3.872013e+02 2.365949e+03
4.340000e+00 3.856597e+02 2.369040e+03
4.350000e+00 3.841182e+02 2.372131e+03
4.360000e+00 3.822496e+02 2.375657e+03
4.370000e+00 3.798941e+02 2.379830e+03
4.380000e+00 3.775386e+02 2.384003e+03
4.390000e+00 3.751830e+02 2.388176e+03
4.400000e+00 3.728275e+02 2.392349e+03
4.410000e+00 3.704720e+02 2.396522e+03
4.420000e+00 3.681164e+02 2.400695e+03
4.430000e+00 3.657609e+02 2.404868e+03
4.440000e+00 3.634054e+02 2.409041e+03
4.450000e+00 3.610498e+02 2.413214e+03
4.460000e+00 3.586943e+02 2.417387e+03
4.470000e+00 3.563388e+02 2.421560e+03
4.480000e+00 3.539832e+02 2.425733e+03
4.490000e+00 3.516277e+02 2.429906e+03
4.500000e+00 3.492722e+02 2.434079e+03
4.510000e+00 3.469166e+02 2.438252e+03
4.520000e+00 3.445611e+02 2.442425e+03
4.530000e+00 3.422056e+02 2.446598e+03
4.540000e+00 3.398500e+02 2.450771e+03
4.550000e+00 3.374945e+02 2.454944e+03
4.560000e+00 3.351390e+02 2.459117e+03
4.570000e+00 3.327835e+02 2.463290e+03
4.580000e+00 3.304279e+02 2.467463e+03
4.590000e+00 3.280724e+02 2.471636e+03
4.600000e+00 3.257169e+02 2.475808e+03
4.610000e+00 3.233613e+02 2.479981e+03
4.620000e+00 3.207224e+02 2.485278e+03
4.630000e+00 3.180028e+02 2.490895e+03
4.640000e+00 3.152832e+02 2.496512e+03
4.650000e+00 3.125637e+02 2.502129e+03
4.660000e+00 3.098441e+02 2.507746e+03
4.670000e+00 3.071245e+02 2.513363e+03
4.680000e+00 3.044049e+02 2.518980e+03
4.690000e+00 3.016853e+02 2.524597e+03
4.700000e+00 2.989657e+02 2.530213e+03
4.710000e+00 2.962461e+02 2.535830e+03
4.720000e+00 2.935265e+02 2.541447e+03
4.730000e+00 2.908069e+02 2.547064e+03
4.740000e+00 2.880873e+02 2.552681e+03
4.750000e+00 2.853678e+02 2.558298e+03
4.760000e+00 2.826482e+02 2.563915e+03
4.770000e+00 2.799286e+02 2.569532e+03
4.780000e+00 2.772090e+02 2.575149e+03
4.790000e+00 2.744894e+02 2.580765e+03
4.800000e+00 2.717698e+02 2.586382e+03
4.810000e+00 2.690502e+02 2.591999e+03
4.820000e+00 2.663306e+02 2.597616e+03
4.830000e+00 2.636110e+02 2.603233e+03
4.840000e+00 2.608915e+02 2.608850e+03
4.850000e+00 2.581719e+02 2.614467e+03
4.860000e+00 2.554523e+02 2.620084e+03
4.870000e+00 2.527895e+02 2.625950e+03
4.880000e+00 2.504366e+02 2.633181e+03
4.890000e+00 2.480837e+02 2.640411e+03
4.900000e+00 2.457308e+02 2.647641e+03
4.910000e+00 2.433779e+02 2.654871e+03
4.920000e+00 2.410250e+02 2.662102e+03
4.930000e+00 2.386721e+02 2.669332e+03
4.940000e+00 2.363192e+02 2.676562e+03
4.950000e+00 2.339663e+02 2.683792e+03
4.960000e+00 2.316134e+02 2.691022e+03
4.970000e+00 2.292605e+02 2.698253e+03
4.980000e+00 2.269076e+02 2.705483e+03
4.990000e+00 2.245547e+02 2.712713e+03
5.000000e+00 2.222018e+02 2.719943e+03
5.010000e+00 2.198489e+02 2.727174e+03
5.020000e+00 2.174960e+02 2.734404e+03
5.030000e+00 2.151431e+02 2.741634e+03
5.040000e+00 2.127902e+02 2.748864e+03
5.050000e+00 2.104373e+02 2.756094e+03
5.060000e+00 2.080844e+02 2.763325e+03
5.070000e+00 2.057315e+02 2.770555e+03
5.080000e+00 2.033786e+02 2.777785e+03
5.090000e+00 2.010257e+02 2.785015e+03
5.100000e+00 1.986728e+02 2.792245e+03
5.110000e+00 1.963199e+02 2.799476e+03
5.120000e+00 1.939670e+02 2.806706e+03
5.130000e+00 1.922636e+02 2.814629e+03
5.140000e+00 1.911325e+02 2.823162e+03
5.150000e+00 1.900015e+02 2.831696e+03
5.160000e+00 1.888704e+02 2.840229e+03
5.170000e+00 1.877393e+02 2.848763e+03
5.180000e+00 1.866083e+02 2.857296e+03
5.190000e+00 1.854772e+02 2.865830e+03
5.200000e+00 1.843462e+02 2.874363e+03
5.210000e+00 1.832151e+02 2.882897e+03
5.220000e+00 1.820841e+02 2.891430e+03
5.230000e+00 1.809530e+02 2.899964e+03
5.240000e+00 1.798220e+02 2.908497e+03
5.250000e+00 1.786909e+02 2.917031e+03
5.260000e+00 1.775599e+02 2.925564e+03
5.270000e+00 1.764288e+02 2.934098e+03
5.280000e+00 1.752978e+02 2.942631e+03
5.290000e+00 1.741667e+02 2.951165e+03
5.300000e+00 1.730356e+02 2.959698e+03
5.310000e+00 1.719046e+02 2.968232e+03
5.320000e+00 1.707735e+02 2.976765e+03
5.330000e+00 1.696425e+02 2.985299e+03
5.340000e+00 1.685114e+02 2.993832e+03
5.350000e+00 1.673804e+02 3.002366e+03
5.360000e+00 1.662493e+02 3.010899e+03
5.370000e+00 1.651183e+02 3.019433e+03
5.380000e+00 1.639872e+02 3.027966e+03
5.390000e+00 1.644751e+02 3.036906e+03
5.400000e+00 1.651268e+02 3.045887e+03
5.410000e+00 1.657785e+02 3.054867e+03
5.420000e+00 1.664302e+02 3.063848e+03
5.430000e+00 1.670819e+02 3.072829e+03
5.440000e+00 1.677336e+02 3.081810e+03
5.450000e+00 1.683853e+02 3.090791e+03
5.460000e+00 1.690370e+02 3.099771e+03
5.470000e+00 1.696887e+02 3.108752e+03
5.480000e+00 1.703404e+02 3.117733e+03
5.490000e+00 1.709921e+02 3.126714e+03
5.500000e+00 1.716438e+02 3.135694e+03
5.510000e+00 1.722955e+02 3.144675e+03
5.520000e+00 1.729472e+02 3.153656e+03
5.530000e+00 1.735989e+02 3.162637e+03
5.540000e+00 1.742506e+02 3.171618e+03
5.550000e+00 1.749023e+02 3.180598e+03
5.560000e+00 1.755540e+02 3.189579e+03
5.570000e+00 1.762057e+02 3.198560e+03
5.580000e+00 1.768574e+02 3.207541e+03
5.590000e+00 1.775091e+02 3.216522e+03
5.600000e+00 1.781608e+02 3.225502e+03
5.610000e+00 1.788125e+02 3.234483e+03
5.620000e+00 1.794642e+02 3.243464e+03
5.630000e+00 1.801159e+02 3.252445e+03
5.640000e+00 1.812425e+02 3.261248e+03
5.650000e+00 1.835622e+02 3.269607e+03
5.660000e+00 1.858818e+02 3.277966e+03
5.670000e+00 1.882015e+02 3.286325e+03
5.680000e+00 1.905212e+02 3.294684e+03
5.690000e+00 1.928408e+02 3.303043e+03
5.700000e+00 1.951605e+02 3.311401e+03
5.710000e+00 1.974802e+02 3.319760e+03
5.720000e+00 1.997998e+02 3.328119e+03
5.730000e+00 2.021195e+02 3.336478e+03
5.740000e+00 2.044392e+02 3.344837e+03
5.750000e+00 2.067588e+02 3.353196e+03
5.760000e+00 2.090785e+02 3.361555e+03
5.770000e+00 2.113982e+02 3.369913e+03
5.780000e+00 2.137179e+02 3.378272e+03
5.790000e+00 2.160375e+02 3.386631e+03
5.800000e+00 2.183572e+02 3.394990e+03
5.810000e+00 2.206769e+02 3.403349e+03
5.820000e+00 2.229965e+02 3.411708e+03
5.830000e+00 2.253162e+02 3.420066e+03
5.840000e+00 2.276359e+02 3.428425e+03
5.850000e+00 2.299555e+02 3.436784e+03
5.860000e+00 2.322752e+02 3.445143e+03
5.870000e+00 2.345949e+02 3.453502e+03
5.880000e+00 2.369146e+02 3.461861e+03
5.890000e+00 2.392342e+02 3.470219e+03
5.900000e+00 2.421383e+02 3.477695e+03
5.910000e+00 2.453417e+02 3.484719e+03
5.920000e+00 2.485451e+02 3.491743e+03
5.930000e+00 2.517485e+02 3.498767e+03
5.940000e+00 2.549520e+02 3.505791e+03
5.950000e+00 2.581554e+02 3.512814e+03
5.960000e+00 2.613588e+02 3.519838e+03
5.970000e+00 2.645622e+02 3.526862e+03
5.980000e+00 2.677656e+02 3.533886e+03
5.990000e+00 2.709691e+02 3.540910e+03
6.000000e+00 2.741725e+02 3.547933e+03
6.010000e+00 2.773759e+02 3.554957e+03
6.020000e+00 2.805793e+02 3.561981e+03
6.030000e+00 2.837827e+02 3.569005e+03
6.040000e+00 2.869862e+02 3.576029e+03
6.050000e+00 2.901896e+02 3.583052e+03
6.060000e+00 2.933930e+02 3.590076e+03
6.070000e+00 2.965964e+02 3.597100e+03
6.080000e+00 2.997998e+02 3.604124e+03
6.090000e+00 3.030032e+02 3.611148e+03
6.100000e+00 3.062067e+02 3.618171e+03
6.110000e+00 3.094101e+02 3.625195e+03
6.120000e+00 3.126135e+02 3.632219e+03
6.130000e+00 3.158169e+02 3.639243e+03
6.140000e+00 3.190203e+02 3.646267e+03
6.150000e+00 3.222201e+02 3.653241e+03
6.160000e+00 3.253271e+02 3.658964e+03
6.170000e+00 3.284340e+02 3.664687e+03
6.180000e+00 3.315410e+02 3.670409e+03
6.190000e+00 3.346480e+02 3.676132e+03
6.200000e+00 3.377549e+02 3.681855e+03
6.210000e+00 3.408619e+02 3.687577e+03
6.220000e+00 3.439689e+02 3.693300e+03
6.230000e+00 3.470758e+02 3.699023e+03
6.240000e+00 3.501828e+02 3.704745e+03
6.250000e+00 3.532898e+02 3.710468e+03
6.260000e+00 3.563967e+02 3.716191e+03
6.270000e+00 3.595037e+02 3.721914e+03
6.280000e+00 3.626107e+02 3.727636e+03
6.290000e+00 3.657176e+02 3.733359e+03
6.300000e+00 3.688246e+02 3.739082e+03
6.310000e+00 3.719315e+02 3.744804e+03
6.320000e+00 3.750385e+02 3.750527e+03
6.330000e+00 3.781455e+02 3.756250e+03
6.340000e+00 3.812524e+02 3.761972e+03
6.350000e+00 3.843594e+02 3.767695e+03
6.360000e+00 3.874664e+02 3.773418e+03
6.370000e+00 3.905733e+02 3.779141e+03
6.380000e+00 3.936803e+02 3.784863e+03
6.390000e+00 3.967873e+02 3.790586e+03
6.400000e+00 3.998942e+02 3.796309e+03
6.410000e+00 4.027354e+02 3.801764e+03
6.420000e+00 4.052009e+02 3.806843e+03
6.430000e+00 4.076664e+02 3.811921e+03
6.440000e+00 4.101319e+02 3.817000e+03
6.450000e+00 4.125974e+02 3.822078e+03
6.460000e+00 4.150629e+02 3.827157e+03
6.470000e+00 4.175284e+02 3.832235e+03
6.480000e+00 4.199940e+02 3.837314e+03
6.490000e+00 4.224595e+02 3.842392e+03
6.500000e+00 4.249250e+02 3.847471e+03
6.510000e+00 4.273905e+02 3.852549e+03
6.520000e+00 4.298560e+02 3.857628e+03
6.530000e+00 4.323215e+02 3.862706e+03
6.540000e+00 4.347870e+02 3.867785e+03
6.550000e+00 4.372525e+02 3.872863e+03
6.560000e+00 4.397181e+02 3.877942e+03
6.570000e+00 4.421836e+02 3.883020e+03
6.580000e+00 4.446491e+02 3.888099e+03
6.590000e+00 4.471146e+02 3.893177e+03
6.600000e+00 4.495801e+02 3.898256e+03
6.610000e+00 4.520456e+02 3.903334e+03
6.620000e+00 4.545111e+02 3.908413e+03
6.630000e+00 4.569766e+02 3.913491e+03
6.640000e+00 4.594421e+02 3.918570e+03
6.650000e+00 4.619077e+02 3.923649e+03
6.660000e+00 4.643732e+02 3.928727e+03
6.670000e+00 4.664835e+02 3.933840e+03
6.680000e+00 4.685000e+02 3.938963e+03
6.690000e+00 4.705166e+02 3.944086e+03
6.700000e+00 4.725331e+02 3.949209e+03
6.710000e+00 4.745496e+02 3.954331e+03
6.720000e+00 4.765661e+02 3.959454e+03
6.730000e+00 4.785826e+02 3.964577e+03
6.740000e+00 4.805991e+02 3.969699e+03
6.750000e+00 4.826156e+02 3.974822e+03
6.760000e+00 4.846321e+02 3.979945e+03
6.770000e+00 4.866486e+02 3.985067e+03
6.780000e+00 4.886652e+02 3.990190e+03
6.790000e+00 4.906817e+02 3.995313e+03
6.800000e+00 4.926982e+02 4.000436e+03
6.810000e+00 4.947147e+02 4.005558e+03
6.820000e+00 4.967312e+02 4.010681e+03
6.830000e+00 4.987477e+02 4.015804e+03
6.840000e+00 5.007642e+02 4.020926e+03
6.850000e+00 5.027807e+02 4.026049e+03
6.860000e+00 5.047972e+02 4.031172e+03
6.870000e+00 5.068138e+02 4.036294e+03
6.880000e+00 5.088303e+02 4.041417e+03
6.890000e+00 5.108468e+02 4.046540e+03
6.900000e+00 5.128633e+02 4.051662e+03
6.910000e+00 5.148798e+02 4.056785e+03
6.920000e+00 5.169266e+02 4.061932e+03
6.930000e+00 5.191238e+02 4.067202e+03
6.940000e+00 5.213211e+02 4.072472e+03
6.950000e+00 5.235183e+02 4.077741e+03
6.960000e+00 5.257156e+02 4.083011e+03
6.970000e+00 5.279128e+02 4.088281e+03
6.980000e+00 5.301100e+02 4.093550e+03
6.990000e+00 5.323073e+02 4.098820e+03
7.000000e+00 5.345045e+02 4.104090e+03
7.010000e+00 5.367018e+02 4.109359e+03
7.020000e+00 5.388990e+02 4.114629e+03
7.030000e+00 5.410962e+02 4.119898e+03
7.040000e+00 5.432935e+02 4.125168e+03
7.050000e+00 5.454907e+02 4.130438e+03
7.060000e+00 5.476880e+02 4.135707e+03
7.070000e+00 5.498852e+02 4.140977e+03
7.080000e+00 5.520824e+02 4.146247e+03
7.090000e+00 5.542797e+02 4.151516e+03
7.100000e+00 5.564769e+02 4.156786e+03
7.110000e+00 5.586742e+02 4.162055e+03
7.120000e+00 5.608714e+02 4.167325e+03
7.130000e+00 5.630686e+02 4.172595e+03
7.140000e+00 5.652659e+02 4.177864e+03
7.150000e+00 5.674631e+02 4.183134e+03
7.160000e+00 5.696604e+02 4.188404e+03
7.170000e+00 5.718576e+02 4.193673e+03
7.180000e+00 5.743489e+02 4.198691e+03
7.190000e+00 5.770867e+02 4.203497e+03
7.200000e+00 5.798244e+02 4.208303e+03
7.210000e+00 5.825621e+02 4.213109e+03
7.220000e+00 5.852999e+02 4.217915e+03
7.230000e+00 5.880376e+02 4.222720e+03
7.240000e+00 5.907753e+02 4.227526e+03
7.250000e+00 5.935130e+02 4.232332e+03
7.260000e+00 5.962508e+02 4.237138e+03
7.270000e+00 5.989885e+02 4.241944e+03
7.280000e+00 6.017262e+02 4.246750e+03
7.290000e+00 6.044639e+02 4.251556e+03
7.300000e+00 6.072017e+02 4.256362e+03
7.310000e+00 6.099394e+02 4.261168e+03
7.320000e+00 6.126771e+02 4.265974e+03
7.330000e+00 6.154148e+02 4.270780e+03
7.340000e+00 6.181526e+02 4.275586e+03
7.350000e+00 6.208903e+02 4.280392e+03
7.360000e+00 6.236280e+02 4.285198e+03
7.370000e+00 6.263658e+02 4.290004e+03
7.380000e+00 6.291035e+02 4.294810e+03
7.390000e+00 6.318412e+02 4.299616e+03
7.400000e+00 6.345789e+02 4.304422e+03
7.410000e+00 6.373167e+02 4.309228e+03
7.420000e+00 6.400544e+02 4.314034e+03
7.430000e+00 6.427921e+02 4.318840e+03
7.440000e+00 6.455986e+02 4.322489e+03
7.450000e+00 6.484109e+02 4.326039e+03
7.460000e+00 6.512233e+02 4.329588e+03
7.470000e+00 6.540356e+02 4.333138e+03
7.480000e+00 6.568480e+02 4.336687e+03
7.490000e+00 6.596603e+02 4.340237e+03
7.500000e+00 6.624727e+02 4.343786e+03
7.510000e+00 6.652851e+02 4.347336e+03
7.520000e+00 6.680974e+02 4.350885e+03
7.530000e+00 6.709098e+02 4.354435e+03
7.540000e+00 6.737221e+02 4.357984e+03
7.550000e+00 6.765345e+02 4.361534e+03
7.560000e+00 6.793468e+02 4.365083e+03
7.570000e+00 6.821592e+02 4.368633e+03
7.580000e+00 6.849715e+02 4.372182e+03
7.590000e+00 6.877839e+02 4.375732e+03
7.600000e+00 6.905963e+02 4.379281e+03
7.610000e+00 6.934086e+02 4.382830e+03
7.620000e+00 6.962210e+02 4.386380e+03
7.630000e+00 6.990333e+02 4.389929e+03
7.640000e+00 7.018457e+02 4.393479e+03
7.650000e+00 7.046580e+02 4.397028e+03
7.660000e+00 7.074704e+02 4.400578e+03
7.670000e+00 7.102828e+02 4.404127e+03
7.680000e+00 7.130951e+02 4.407677e+03
7.690000e+00 7.155761e+02 4.410810e+03
7.700000e+00 7.172740e+02 4.412960e+03
7.710000e+00 7.189719e+02 4.415109e+03
7.720000e+00 7.206698e+02 4.417259e+03
7.730000e+00 7.223676e+02 4.419408e+03
7.740000e+00 7.240655e+02 4.421558e+03
7.750000e+00 7.257634e+02 4.423707e+03
7.760000e+00 7.274613e+02 4.425857e+03
7.770000e+00 7.291591e+02 4.428006e+03
7.780000e+00 7.308570e+02 4.430156e+03
7.790000e+00 7.325549e+02 4.432305e+03
7.800000e+00 7.342528e+02 4.434455e+03
7.810000e+00 7.359506e+02 4.436604e+03
7.820000e+00 7.376485e+02 4.438754e+03
7.830000e+00 7.393464e+02 4.440903e+03
7.840000e+00 7.410443e+02 4.443053e+03
7.850000e+00 7.427421e+02 4.445202e+03
7.860000e+00 7.444400e+02 4.447352e+03
7.870000e+00 7.461379e+02 4.449501e+03
7.880000e+00 7.478358e+02 4.451651e+03
7.890000e+00 7.495336e+02 4.453800e+03
7.900000e+00 7.512315e+02 4.455950e+03
7.910000e+00 7.529294e+02 4.458099e+03
7.920000e+00 7.546273e+02 4.460249e+03
7.930000e+00 7.563251e+02 4.462398e+03
7.940000e+00 7.580230e+02 4.464548e+03
7.950000e+00 7.582159e+02 4.466413e+03
7.960000e+00 7.576804e+02 4.468140e+03
7.970000e+00 7.571449e+02 4.469868e+03
7.980000e+00 7.566094e+02 4.471595e+03
7.990000e+00 7.560739e+02 4.473323e+03
8.000000e+00 7.555385e+02 4.475050e+03
8.010000e+00 7.550030e+02 4.476778e+03
8.020000e+00 7.544675e+02 4.478505e+03
8.030000e+00 7.539320e+02 4.480232e+03
8.040000e+00 7.533965e+02 4.481960e+03
8.050000e+00 7.528610e+02 4.483687e+03
8.060000e+00 7.523256e+02 4.485415e+03
8.070000e+00 7.517901e+02 4.487142e+03
8.080000e+00 7.512546e+02 4.488870e+03
8.090000e+00 7.507191e+02 4.490597e+03
8.100000e+00 7.501836e+02 4.492325e+03
8.110000e+00 7.496481e+02 4.494052e+03
8.120000e+00 7.491127e+02 4.495780e+03
8.130000e+00 7.485772e+02 4.497507e+03
8.140000e+00 7.480417e+02 4.499234e+03
8.150000e+00 7.475062e+02 4.500962e+03
8.160000e+00 7.469707e+02 4.502689e+03
8.170000e+00 7.464352e+02 4.504417e+03
8.180000e+00 7.458997e+02 4.506144e+03
8.190000e+00 7.453643e+02 4.507872e+03
8.200000e+00 7.447114e+02 4.509666e+03
8.210000e+00 7.418486e+02 4.512717e+03
8.220000e+00 7.389859e+02 4.515767e+03
8.230000e+00 7.361231e+02 4.518818e+03
8.240000e+00 7.332604e+02 4.521869e+03
8.250000e+00 7.303976e+02 4.524919e+03
8.260000e+00 7.275348e+02 4.527970e+03
8.270000e+00 7.246721e+02 4.531021e+03
8.280000e+00 7.218093e+02 4.534072e+03
8.290000e+00 7.189466e+02 4.537122e+03
8.300000e+00 7.160838e+02 4.540173e+03
8.310000e+00 7.132211e+02 4.543224e+03
8.320000e+00 7.103583e+02 4.546274e+03
8.330000e+00 7.074956e+02 4.549325e+03
8.340000e+00 7.046328e+02 4.552376e+03
8.350000e+00 7.017701e+02 4.555426e+03
8.360000e+00 6.989073e+02 4.558477e+03
8.370000e+00 6.960446e+02 4.561528e+03
8.380000e+00 6.931818e+02 4.564579e+03
8.390000e+00 6.903191e+02 4.567629e+03
8.400000e+00 6.874563e+02 4.570680e+03
8.410000e+00 6.845935e+02 4.573731e+03
8.420000e+00 6.817308e+02 4.576781e+03
8.430000e+00 6.788680e+02 4.579832e+03
8.440000e+00 6.760053e+02 4.582883e+03
8.450000e+00 6.731425e+02 4.585933e+03
8.460000e+00 6.698425e+02 4.590173e+03
8.470000e+00 6.659556e+02 4.596008e+03
8.480000e+00 6.620688e+02 4.601843e+03
8.490000e+00 6.581819e+02 4.607679e+03
8.500000e+00 6.542951e+02 4.613514e+03
8.510000e+00 6.504083e+02 4.619349e+03
8.520000e+00 6.465214e+02 4.625184e+03
8.530000e+00 6.426346e+02 4.631019e+03
8.540000e+00 6.387477e+02 4.636854e+03
8.550000e+00 6.348609e+02 4.642690e+03
8.560000e+00 6.309741e+02 4.648525e+03
8.570000e+00 6.270872e+02 4.654360e+03
8.580000e+00 6.232004e+02 4.660195e+03
8.590000e+00 6.193135e+02 4.666030e+03
8.600000e+00 6.154267e+02 4.671865e+03
8.610000e+00 6.115399e+02 4.677700e+03
8.620000e+00 6.076530e+02 4.683536e+03
8.630000e+00 6.037662e+02 4.689371e+03
8.640000e+00 5.998793e+02 4.695206e+03
8.650000e+00 5.959925e+02 4.701041e+03
8.660000e+00 5.921057e+02 4.706876e+03
8.670000e+00 5.882188e+02 4.712711e+03
8.680000e+00 5.843320e+02 4.718546e+03
8.690000e+00 5.804451e+02 4.724382e+03
8.700000e+00 5.765583e+02 4.730217e+03
8.710000e+00 5.726715e+02 4.736052e+03
8.720000e+00 5.696450e+02 4.744231e+03
8.730000e+00 5.668288e+02 4.752982e+03
8.740000e+00 5.640127e+02 4.761733e+03
8.750000e+00 5.611965e+02 4.770484e+03
8.760000e+00 5.583803e+02 4.779236e+03
8.770000e+00 5.555641e+02 4.787987e+03
8.780000e+00 5.527480e+02 4.796738e+03
8.790000e+00 5.499318e+02 4.805490e+03
8.800000e+00 5.471156e+02 4.814241e+03
8.810000e+00 5.442994e+02 4.822992e+03
8.820000e+00 5.414833e+02 4.831744e+03
8.830000e+00 5.386671e+02 4.840495e+03
8.840000e+00 5.358509e+02 4.849246e+03
8.850000e+00 5.330347e+02 4.857998e+03
8.860000e+00 5.302186e+02 4.866749e+03
8.870000e+00 5.274024e+02 4.875500e+03
8.880000e+00 5.245862e+02 4.884252e+03
8.890000e+00 5.217700e+02 4.893003e+03
8.900000e+00 5.189539e+02 4.901754e+03
8.910000e+00 5.161377e+02 4.910505e+03
8.920000e+00 5.133215e+02 4.919257e+03
8.930000e+00 5.105053e+02 4.928008e+03
8.940000e+00 5.076892e+02 4.936759e+03
8.950000e+00 5.048730e+02 4.945511e+03
8.960000e+00 5.020568e+02 4.954262e+03
8.970000e+00 4.997249e+02 4.963280e+03
8.980000e+00 4.995960e+02 4.973513e+03
8.990000e+00 4.994672e+02 4.983745e+03
9.000000e+00 4.993384e+02 4.993978e+03
9.010000e+00 4.992095e+02 5.004210e+03
9.020000e+00 4.990807e+02 5.014443e+03
9.030000e+00 4.989519e+02 5.024675e+03
9.040000e+00 4.988230e+02 5.034907e+03
9.050000e+00 4.986942e+02 5.045140e+03
9.060000e+00 4.985654e+02 5.055372e+03
9.070000e+00 4.984365e+02 5.065605e+03
9.080000e+00 4.983077e+02 5.075837e+03
9.090000e+00 4.981789e+02 5.086070e+03
9.100000e+00 4.980500e+02 5.096302e+03
9.110000e+00 4.979212e+02 5.106535e+03
9.120000e+00 4.977924e+02 5.116767e+03
9.130000e+00 4.976635e+02 5.127000e+03
9.140000e+00 4.975347e+02 5.137232e+03
9.150000e+00 4.974059e+02 5.147465e+03
9.160000e+00 4.972770e+02 5.157697e+03
9.170000e+00 4.971482e+02 5.167929e+03
9.180000e+00 4.970194e+02 5.178162e+03
9.190000e+00 4.968906e+02 5.188394e+03
9.200000e+00 4.967617e+02 5.198627e+03
9.210000e+00 4.966329e+02 5.208859e+03
9.220000e+00 4.965041e+02 5.219092e+03
9.230000e+00 4.979139e+02 5.228954e+03
9.240000e+00 5.005488e+02 5.238521e+03
9.250000e+00 5.031837e+02 5.248089e+03
9.260000e+00 5.058185e+02 5.257656e+03
9.270000e+00 5.084534e+02 5.267223e+03
9.280000e+00 5.110882e+02 5.276791e+03
9.290000e+00 5.137231e+02 5.286358e+03
9.300000e+00 5.163580e+02 5.295926e+03
9.310000e+00 5.189928e+02 5.305493e+03
9.320000e+00 5.216277e+02 5.315060e+03
9.330000e+00 5.242626e+02 5.324628e+03
9.340000e+00 5.268974e+02 5.334195e+03
9.350000e+00 5.295323e+02 5.343762e+03
9.360000e+00 5.321671e+02 5.353330e+03
9.370000e+00 5.348020e+02 5.362897e+03
9.380000e+00 5.374369e+02 5.372465e+03
9.390000e+00 5.400717e+02 5.382032e+03
9.400000e+00 5.427066e+02 5.391599e+03
9.410000e+00 5.453415e+02 5.401167e+03
9.420000e+00 5.479763e+02 5.410734e+03
9.430000e+00 5.506112e+02 5.420301e+03
9.440000e+00 5.532460e+02 5.429869e+03
9.450000e+00 5.558809e+02 5.439436e+03
9.460000e+00 5.585158e+02 5.449004e+03
9.470000e+00 5.611506e+02 5.458571e+03
9.480000e+00 5.637855e+02 5.468138e+03
9.490000e+00 5.676023e+02 5.475749e+03
9.500000e+00 5.715035e+02 5.483219e+03
9.510000e+00 5.754048e+02 5.490689e+03
9.520000e+00 5.793060e+02 5.498160e+03
9.530000e+00 5.832073e+02 5.505630e+03
9.540000e+00 5.871085e+02 5.513100e+03
9.550000e+00 5.910098e+02 5.520571e+03
9.560000e+00 5.949110e+02 5.528041e+03
9.570000e+00 5.988122e+02 5.535512e+03
9.580000e+00 6.027135e+02 5.542982e+03
9.590000e+00 6.066147e+02 5.550452e+03
9.600000e+00 6.105160e+02 5.557923e+03
9.610000e+00 6.144172e+02 5.565393e+03
9.620000e+00 6.183185e+02 5.572863e+03
9.630000e+00 6.222197e+02 5.580334e+03
9.640000e+00 6.261210e+02 5.587804e+03
9.650000e+00 6.300222e+02 5.595275e+03
9.660000e+00 6.339234e+02 5.602745e+03
9.670000e+00 6.378247e+02 5.610215e+03
9.680000e+00 6.417259e+02 5.617686e+03
9.690000e+00 6.456272e+02 5.625156e+03
9.700000e+00 6.495284e+02 5.632626e+03
9.710000e+00 6.534297e+02 5.640097e+03
9.720000e+00 6.573309e+02 5.647567e+03
9.730000e+00 6.612321e+02 5.655038e+03
9.740000e+00 6.649210e+02 5.661937e+03
9.750000e+00 6.681368e+02 5.667563e+03
9.760000e+00 6.713527e+02 5.673190e+03
9.770000e+00 6.745685e+02 5.678817e+03
9.780000e+00 6.777844e+02 5.684444e+03
9.790000e+00 6.810002e+02 5.690070e+03
9.800000e+00 6.842161e+02 5.695697e+03
9.810000e+00 6.874319e+02 5.701324e+03
9.820000e+00 6.906478e+02 5.706951e+03
9.830000e+00 6.938636e+02 5.712578e+03
9.840000e+00 6.970795e+02 5.718204e+03
9.850000e+00 7.002953e+02 5.723831e+03
9.860000e+00 7.035112e+02 5.729458e+03
9.870000e+00 7.067270e+02 5.735085e+03
9.880000e+00 7.099429e+02 5.740711e+03
9.890000e+00 7.131587e+02 5.746338e+03
9.900000e+00 7.163746e+02 5.751965e+03
9.910000e+00 7.195904e+02 5.757592e+03
9.920000e+00 7.228063e+02 5.763218e+03
9.930000e+00 7.260221e+02 5.768845e+03
9.940000e+00 7.292380e+02 5.774472e+03
9.950000e+00 7.324538e+02 5.780099e+03
9.960000e+00 7.356697e+02 5.785726e+03
9.970000e+00 7.388855e+02 5.791352e+03
9.980000e+00 7.421014e+02 5.796979e+03
9.990000e+00 7.453172e+02 5.802606e+03
1.000000e+01 7.474502e+02 5.808112e+03
1.001000e+01 7.490885e+02 5.813564e+03
1.002000e+01 7.507269e+02 5.819015e+03
1.003000e+01 7.523652e+02 5.824467e+03
1.004000e+01 7.540036e+02 5.829918e+03
1.005000e+01 7.556420e+02 5.835370e+03
1.006000e+01 7.572803e+02 5.840821e+03
1.007000e+01 7.589187e+02 5.846273e+03
1.008000e+01 7.605570e+02 5.851724e+03
1.009000e+01 7.621954e+02 5.857176e+03
1.010000e+01 7.638338e+02 5.862627e+03
1.011000e+01 7.654721e+02 5.868079e+03
1.012000e+01 7.671105e+02 5.873530e+03
1.013000e+01 7.687488e+02 5.878982e+03
1.014000e+01 7.703872e+02 5.884433e+03
1.015000e+01 7.720256e+02 5.889885e+03
1.016000e+01 7.736639e+02 5.895336e+03
1.017000e+01 7.753023e+02 5.900788e+03
1.018000e+01 7.769406e+02 5.906239e+03
1.019000e+01 7.785790e+02 5.911691e+03
1.020000e+01 7.802174e+02 5.917142e+03
1.021000e+01 7.818557e+02 5.922594e+03
1.022000e+01 7.834941e+02 5.928045e+03
1.023000e+01 7.851324e+02 5.933497e+03
1.024000e+01 7.867708e+02 5.938948e+03
1.025000e+01 7.883680e+02 5.944494e+03
1.026000e+01 7.893541e+02 5.951440e+03
1.027000e+01 7.903402e+02 5.958387e+03
1.028000e+01 7.913263e+02 5.965333e+03
1.029000e+01 7.923125e+02 5.972279e+03
1.030000e+01 7.932986e+02 5.979226e+03
1.031000e+01 7.942847e+02 5.986172e+03
1.032000e+01 7.952708e+02 5.993119e+03
1.033000e+01 7.962569e+02 6.000065e+03
1.034000e+01 7.972430e+02 6.007011e+03
1.035000e+01 7.982291e+02 6.013958e+03
1.036000e+01 7.992152e+02 6.020904e+03
1.037000e+01 8.002013e+02 6.027850e+03
1.038000e+01 8.011874e+02 6.034797e+03
1.039000e+01 8.021735e+02 6.041743e+03
1.040000e+01 8.031597e+02 6.048690e+03
1.041000e+01 8.041458e+02 6.055636e+03
1.042000e+01 8.051319e+02 6.062582e+03
1.043000e+01 8.061180e+02 6.069529e+03
1.044000e+01 8.071041e+02 6.076475e+03
1.045000e+01 8.080902e+02 6.083422e+03
1.046000e+01 8.090763e+02 6.090368e+03
1.047000e+01 8.100624e+02 6.097314e+03
1.048000e+01 8.110485e+02 6.104261e+03
1.049000e+01 8.120346e+02 6.111207e+03
1.050000e+01 8.130207e+02 6.118153e+03
1.051000e+01 8.146258e+02 6.125814e+03
1.052000e+01 8.170198e+02 6.134386e+03
1.053000e+01 8.194138e+02 6.142958e+03
1.054000e+01 8.218078e+02 6.151530e+03
1.055000e+01 8.242018e+02 6.160102e+03
1.056000e+01 8.265958e+02 6.168674e+03
1.057000e+01 8.289898e+02 6.177246e+03
1.058000e+01 8.313838e+02 6.185818e+03
1.059000e+01 8.337778e+02 6.194389e+03
1.060000e+01 8.361718e+02 6.202961e+03
1.061000e+01 8.385658e+02 6.211533e+03
1.062000e+01 8.409598e+02 6.220105e+03
1.063000e+01 8.433538e+02 6.228677e+03
1.064000e+01 8.457478e+02 6.237249e+03
1.065000e+01 8.481418e+02 6.245821e+03
1.066000e+01 8.505358e+02 6.254393e+03
1.067000e+01 8.529298e+02 6.262964e+03
1.068000e+01 8.553238e+02 6.271536e+03
1.069000e+01 8.577178e+02 6.280108e+03
1.070000e+01 8.601118e+02 6.288680e+03
1.071000e+01 8.625058e+02 6.297252e+03
1.072000e+01 8.648998e+02 6.305824e+03
1.073000e+01 8.672938e+02 6.314396e+03
1.074000e+01 8.696878e+02 6.322968e+03
1.075000e+01 8.720818e+02 6.331539e+03
1.076000e+01 8.744758e+02 6.340111e+03
1.077000e+01 8.792088e+02 6.348508e+03
1.078000e+01 8.844683e+02 6.356865e+03
1.079000e+01 8.897279e+02 6.365222e+03
1.080000e+01 8.949874e+02 6.373579e+03
1.081000e+01 9.002470e+02 6.381936e+03
1.082000e+01 9.055065e+02 6.390294e+03
1.083000e+01 9.107661e+02 6.398651e+03
1.084000e+01 9.160257e+02 6.407008e+03
1.085000e+01 9.212852e+02 6.415365e+03
1.086000e+01 9.265448e+02 6.423722e+03
1.087000e+01 9.318043e+02 6.432079e+03
1.088000e+01 9.370639e+02 6.440436e+03
1.089000e+01 9.423234e+02 6.448793e+03
1.090000e+01 9.475830e+02 6.457150e+03
1.091000e+01 9.528426e+02 6.465508e+03
1.092000e+01 9.581021e+02 6.473865e+03
1.093000e+01 9.633617e+02 6.482222e+03
1.094000e+01 9.686212e+02 6.490579e+03
1.095000e+01 9.738808e+02 6.498936e+03
1.096000e+01 9.791403e+02 6.507293e+03
1.097000e+01 9.843999e+02 6.515650e+03
1.098000e+01 9.896594e+02 6.524007e+03
1.099000e+01 9.949190e+02 6.532365e+03
1.100000e+01 1.000179e+03 6.540722e+03
1.101000e+01 1.005438e+03 6.549079e+03
1.102000e+01 1.011124e+03 6.556888e+03
1.103000e+01 1.018593e+03 6.562400e+03
1.104000e+01 1.026063e+03 6.567913e+03
1.105000e+01 1.033533e+03 6.573426e+03
1.106000e+01 1.041002e+03 6.578939e+03
1.107000e+01 1.048472e+03 6.584452e+03
1.108000e+01 1.055941e+03 6.589965e+03
1.109000e+01 1.063411e+03 6.595478e+03
1.110000e+01 1.070881e+03 6.600991e+03
1.111000e+01 1.078350e+03 6.606504e+03
1.112000e+01 1.085820e+03 6.612017e+03
1.113000e+01 1.093289e+03 6.617530e+03
1.114000e+01 1.100759e+03 6.623043e+03
1.115000e+01 1.108229e+03 6.628555e+03
1.116000e+01 1.115698e+03 6.634068e+03
1.117000e+01 1.123168e+03 6.639581e+03
1.118000e+01 1.130637e+03 6.645094e+03
1.119000e+01 1.138107e+03 6.650607e+03
1.120000e+01 1.145577e+03 6.656120e+03
1.121000e+01 1.153046e+03 6.661633e+03
1.122000e+01 1.160516e+03 6.667146e+03
1.123000e+01 1.167986e+03 6.672659e+03
1.124000e+01 1.175455e+03 6.678172e+03
1.125000e+01 1.182925e+03 6.683685e+03
1.126000e+01 1.190394e+03 6.689198e+03
1.127000e+01 1.197864e+03 6.694710e+03
1.128000e+01 1.205007e+03 6.697834e+03
1.129000e+01 1.211904e+03 6.699150e+03
1.130000e+01 1.218800e+03 6.700467e+03
1.131000e+01 1.225697e+03 6.701783e+03
1.132000e+01 1.232594e+03 6.703099e+03
1.133000e+01 1.239490e+03 6.704416e+03
1.134000e+01 1.246387e+03 6.705732e+03
1.135000e+01 1.253283e+03 6.707048e+03
1.136000e+01 1.260180e+03 6.708365e+03
1.137000e+01 1.267076e+03 6.709681e+03
1.138000e+01 1.273973e+03 6.710997e+03
1.139000e+01 1.280869e+03 6.712314e+03
1.140000e+01 1.287766e+03 6.713630e+03
1.141000e+01 1.294663e+03 6.714946e+03
1.142000e+01 1.301559e+03 6.716262e+03
1.143000e+01 1.308456e+03 6.717579e+03
1.144000e+01 1.315352e+03 6.718895e+03
1.145000e+01 1.322249e+03 6.720211e+03
1.146000e+01 1.329145e+03 6.721528e+03
1.147000e+01 1.336042e+03 6.722844e+03
1.148000e+01 1.342939e+03 6.724160e+03
1.149000e+01 1.349835e+03 6.725477e+03
1.150000e+01 1.356732e+03 6.726793e+03
1.151000e+01 1.363628e+03 6.728109e+03
1.152000e+01 1.370525e+03 6.729426e+03
1.153000e+01 1.377421e+03 6.730742e+03
1.154000e+01 1.380762e+03 6.729354e+03
1.155000e+01 1.383900e+03 6.727811e+03
1.156000e+01 1.387038e+03 6.726268e+03
1.157000e+01 1.390176e+03 6.724725e+03
1.158000e+01 1.393314e+03 6.723182e+03
1.159000e+01 1.396451e+03 6.721639e+03
1.160000e+01 1.399589e+03 6.720096e+03
1.161000e+01 1.402727e+03 6.718553e+03
1.162000e+01 1.405865e+03 6.717011e+03
1.163000e+01 1.409003e+03 6.715468e+03
1.164000e+01 1.412140e+03 6.713925e+03
1.165000e+01 1.415278e+03 6.712382e+03
1.166000e+01 1.418416e+03 6.710839e+03
1.167000e+01 1.421554e+03 6.709296e+03
1.168000e+01 1.424692e+03 6.707753e+03
1.169000e+01 1.427829e+03 6.706210e+03
1.170000e+01 1.430967e+03 6.704667e+03
1.171000e+01 1.434105e+03 6.703125e+03
1.172000e+01 1.437243e+03 6.701582e+03
1.173000e+01 1.440381e+03 6.700039e+03
1.174000e+01 1.443519e+03 6.698496e+03
1.175000e+01 1.446656e+03 6.696953e+03
1.176000e+01 1.449794e+03 6.695410e+03
1.177000e+01 1.452932e+03 6.693867e+03
1.178000e+01 1.456070e+03 6.692324e+03
1.179000e+01 1.457598e+03 6.691006e+03
1.180000e+01 1.455743e+03 6.690160e+03
1.181000e+01 1.453889e+03 6.689314e+03
1.182000e+01 1.452035e+03 6.688468e+03
1.183000e+01 1.450181e+03 6.687622e+03
1.184000e+01 1.448326e+03 6.686776e+03
1.185000e+01 1.446472e+03 6.685930e+03
1.186000e+01 1.444618e+03 6.685084e+03
1.187000e+01 1.442764e+03 6.684238e+03
1.188000e+01 1.440909e+03 6.683392e+03
1.189000e+01 1.439055e+03 6.682546e+03
1.190000e+01 1.437201e+03 6.681700e+03
1.191000e+01 1.435347e+03 6.680854e+03
1.192000e+01 1.433493e+03 6.680008e+03
1.193000e+01 1.431638e+03 6.679162e+03
1.194000e+01 1.429784e+03 6.678316e+03
1.195000e+01 1.427930e+03 6.677470e+03
1.196000e+01 1.426076e+03 6.676624e+03
1.197000e+01 1.424221e+03 6.675777e+03
1.198000e+01 1.422367e+03 6.674931e+03
1.199000e+01 1.420513e+03 6.674085e+03
1.200000e+01 1.418659e+03 6.673239e+03
1.201000e+01 1.416804e+03 6.672393e+03
1.202000e+01 1.414950e+03 6.671547e+03
1.203000e+01 1.413096e+03 6.670701e+03
1.204000e+01 1.411242e+03 6.669855e+03
1.205000e+01 1.407258e+03 6.671949e+03
1.206000e+01 1.402358e+03 6.675308e+03
1.207000e+01 1.397458e+03 6.678668e+03
1.208000e+01 1.392557e+03 6.682027e+03
1.209000e+01 1.387657e+03 6.685386e+03
1.210000e+01 1.382757e+03 6.688745e+03
1.211000e+01 1.377856e+03 6.692104e+03
1.212000e+01 1.372956e+03 6.695464e+03
1.213000e+01 1.368056e+03 6.698823e+03
1.214000e+01 1.363156e+03 6.702182e+03
1.215000e+01 1.358255e+03 6.705541e+03
1.216000e+01 1.353355e+03 6.708901e+03
1.217000e+01 1.348455e+03 6.712260e+03
1.218000e+01 1.343555e+03 6.715619e+03
1.219000e+01 1.338654e+03 6.718978e+03
1.220000e+01 1.333754e+03 6.722337e+03
1.221000e+01 1.328854e+03 6.725697e+03
1.222000e+01 1.323954e+03 6.729056e+03
1.223000e+01 1.319053e+03 6.732415e+03
1.224000e+01 1.314153e+03 6.735774e+03
1.225000e+01 1.309253e+03 6.739134e+03
1.226000e+01 1.304352e+03 6.742493e+03
1.227000e+01 1.299452e+03 6.745852e+03
1.228000e+01 1.294552e+03 6.749211e+03
1.229000e+01 1.289652e+03 6.752571e+03
1.230000e+01 1.284832e+03 6.756316e+03
1.231000e+01 1.281000e+03 6.764781e+03
1.232000e+01 1.277167e+03 6.773246e+03
1.233000e+01 1.273335e+03 6.781712e+03
1.234000e+01 1.269502e+03 6.790177e+03
1.235000e+01 1.265670e+03 6.798642e+03
1.236000e+01 1.261837e+03 6.807107e+03
1.237000e+01 1.258005e+03 6.815572e+03
1.238000e+01 1.254172e+03 6.824037e+03
1.239000e+01 1.250340e+03 6.832502e+03
1.240000e+01 1.246507e+03 6.840967e+03
1.241000e+01 1.242675e+03 6.849433e+03
1.242000e+01 1.238842e+03 6.857898e+03
1.243000e+01 1.235010e+03 6.866363e+03
1.244000e+01 1.231177e+03 6.874828e+03
1.245000e+01 1.227345e+03 6.883293e+03
1.246000e+01 1.223512e+03 6.891758e+03
1.247000e+01 1.219680e+03 6.900223e+03
1.248000e+01 1.215847e+03 6.908688e+03
1.249000e+01 1.212015e+03 6.917154e+03
1.250000e+01 1.208182e+03 6.925619e+03
1.251000e+01 1.204350e+03 6.934084e+03
1.252000e+01 1.200517e+03 6.942549e+03
1.253000e+01 1.196685e+03 6.951014e+03
1.254000e+01 1.192852e+03 6.959479e+03
1.255000e+01 1.189020e+03 6.967944e+03
1.256000e+01 1.187257e+03 6.977523e+03
1.257000e+01 1.188000e+03 6.988450e+03
1.258000e+01 1.188743e+03 6.999378e+03
1.259000e+01 1.189486e+03 7.010305e+03
1.260000e+01 1.190229e+03 7.021233e+03
1.261000e+01 1.190972e+03 7.032160e+03
1.262000e+01 1.191715e+03 7.043088e+03
1.263000e+01 1.192458e+03 7.054015e+03
1.264000e+01 1.193202e+03 7.064942e+03
1.265000e+01 1.193945e+03 7.075870e+03
1.266000e+01 1.194688e+03 7.086797e+03
1.267000e+01 1.195431e+03 7.097725e+03
1.268000e+01 1.196174e+03 7.108652e+03
1.269000e+01 1.196917e+03 7.119580e+03
1.270000e+01 1.197660e+03 7.130507e+03
1.271000e+01 1.198403e+03 7.141435e+03
1.272000e+01 1.199146e+03 7.152362e+03
1.273000e+01 1.199890e+03 7.163289e+03
1.274000e+01 1.200633e+03 7.174217e+03
1.275000e+01 1.201376e+03 7.185144e+03
1.276000e+01 1.202119e+03 7.196072e+03
1.277000e+01 1.202862e+03 7.206999e+03
1.278000e+01 1.203605e+03 7.217927e+03
1.279000e+01 1.204348e+03 7.228854e+03
1.280000e+01 1.205091e+03 7.239782e+03
1.281000e+01 1.205835e+03 7.250709e+03
1.282000e+01 1.210570e+03 7.259872e+03
1.283000e+01 1.216130e+03 7.268670e+03
1.284000e+01 1.221690e+03 7.277468e+03
1.285000e+01 1.227250e+03 7.286266e+03
1.286000e+01 1.232811e+03 7.295064e+03
1.287000e+01 1.238371e+03 7.303863e+03
1.288000e+01 1.243931e+03 7.312661e+03
1.289000e+01 1.249491e+03 7.321459e+03
1.290000e+01 1.255051e+03 7.330257e+03
1.291000e+01 1.260611e+03 7.339055e+03
1.292000e+01 1.266171e+03 7.347853e+03
1.293000e+01 1.271731e+03 7.356652e+03
1.294000e+01 1.277292e+03 7.365450e+03
1.295000e+01 1.282852e+03 7.374248e+03
1.296000e+01 1.288412e+03 7.383046e+03
1.297000e+01 1.293972e+03 7.391844e+03
1.298000e+01 1.299532e+03 7.400642e+03
1.299000e+01 1.305092e+03 7.409441e+03
1.300000e+01 1.310652e+03 7.418239e+03
1.301000e+01 1.316212e+03 7.427037e+03
1.302000e+01 1.321773e+03 7.435835e+03
1.303000e+01 1.327333e+03 7.444633e+03
1.304000e+01 1.332893e+03 7.453432e+03
1.305000e+01 1.338453e+03 7.462230e+03
1.306000e+01 1.344013e+03 7.471028e+03
1.307000e+01 1.349829e+03 7.478710e+03
1.308000e+01 1.356634e+03 7.482072e+03
1.309000e+01 1.363438e+03 7.485435e+03
1.310000e+01 1.370243e+03 7.488798e+03
1.311000e+01 1.377048e+03 7.492161e+03
1.312000e+01 1.383852e+03 7.495523e+03
1.313000e+01 1.390657e+03 7.498886e+03
1.314000e+01 1.397462e+03 7.502249e+03
1.315000e+01 1.404267e+03 7.505612e+03
1.316000e+01 1.411071e+03 7.508974e+03
1.317000e+01 1.417876e+03 7.512337e+03
1.318000e+01 1.424681e+03 7.515700e+03
1.319000e+01 1.431485e+03 7.519063e+03
1.320000e+01 1.438290e+03 7.522425e+03
1.321000e+01 1.445095e+03 7.525788e+03
1.322000e+01 1.451900e+03 7.529151e+03
1.323000e+01 1.458704e+03 7.532514e+03
1.324000e+01 1.465509e+03 7.535876e+03
1.325000e+01 1.472314e+03 7.539239e+03
1.326000e+01 1.479118e+03 7.542602e+03
1.327000e+01 1.485923e+03 7.545965e+03
1.328000e+01 1.492728e+03 7.549327e+03
1.329000e+01 1.499533e+03 7.552690e+03
1.330000e+01 1.506337e+03 7.556053e+03
1.331000e+01 1.513142e+03 7.559416e+03
1.332000e+01 1.519947e+03 7.562778e+03
1.333000e+01 1.524460e+03 7.563353e+03
1.334000e+01 1.527327e+03 7.561925e+03
1.335000e+01 1.530194e+03 7.560497e+03
1.336000e+01 1.533062e+03 7.559070e+03
1.337000e+01 1.535929e+03 7.557642e+03
1.338000e+01 1.538796e+03 7.556214e+03
1.339000e+01 1.541663e+03 7.554786e+03
1.340000e+01 1.544530e+03 7.553359e+03
1.341000e+01 1.547398e+03 7.551931e+03
1.342000e+01 1.550265e+03 7.550503e+03
1.343000e+01 1.553132e+03 7.549075e+03
1.344000e+01 1.555999e+03 7.547648e+03
1.345000e+01 1.558866e+03 7.546220e+03
1.346000e+01 1.561734e+03 7.544792e+03
1.347000e+01 1.564601e+03 7.543364e+03
1.348000e+01 1.567468e+03 7.541936e+03
1.349000e+01 1.570335e+03 7.540509e+03
1.350000e+01 1.573202e+03 7.539081e+03
1.351000e+01 1.576070e+03 7.537653e+03
1.352000e+01 1.578937e+03 7.536225e+03
1.353000e+01 1.581804e+03 7.534798e+03
1.354000e+01 1.584671e+03 7.533370e+03
1.355000e+01 1.587538e+03 7.531942e+03
1.356000e+01 1.590406e+03 7.530514e+03
1.357000e+01 1.593273e+03 7.529087e+03
1.358000e+01 1.596140e+03 7.527659e+03
1.359000e+01 1.592211e+03 7.526137e+03
1.360000e+01 1.587987e+03 7.524612e+03
1.361000e+01 1.583764e+03 7.523087e+03
1.362000e+01 1.579540e+03 7.521561e+03
1.363000e+01 1.575317e+03 7.520036e+03
1.364000e+01 1.571094e+03 7.518511e+03
1.365000e+01 1.566870e+03 7.516985e+03
1.366000e+01 1.562647e+03 7.515460e+03
1.367000e+01 1.558423e+03 7.513935e+03
1.368000e+01 1.554200e+03 7.512409e+03
1.369000e+01 1.549977e+03 7.510884e+03
1.370000e+01 1.545753e+03 7.509358e+03
1.371000e+01 1.541530e+03 7.507833e+03
1.372000e+01 1.537307e+03 7.506308e+03
1.373000e+01 1.533083e+03 7.504782e+03
1.374000e+01 1.528860e+03 7.503257e+03
1.375000e+01 1.524636e+03 7.501732e+03
1.376000e+01 1.520413e+03 7.500206e+03
1.377000e+01 1.516190e+03 7.498681e+03
1.378000e+01 1.511966e+03 7.497156e+03
1.379000e+01 1.507743e+03 7.495630e+03
1.380000e+01 1.503520e+03 7.494105e+03
1.381000e+01 1.499296e+03 7.492579e+03
1.382000e+01 1.495073e+03 7.491054e+03
1.383000e+01 1.490849e+03 7.489529e+03
1.384000e+01 1.484746e+03 7.489964e+03
1.385000e+01 1.474912e+03 7.494289e+03
1.386000e+01 1.465079e+03 7.498613e+03
1.387000e+01 1.455246e+03 7.502938e+03
1.388000e+01 1.445412e+03 7.507263e+03
1.389000e+01 1.435579e+03 7.511588e+03
1.390000e+01 1.425745e+03 7.515912e+03
1.391000e+01 1.415912e+03 7.520237e+03
1.392000e+01 1.406078e+03 7.524562e+03
1.393000e+01 1.396245e+03 7.528887e+03
1.394000e+01 1.386412e+03 7.533211e+03
1.395000e+01 1.376578e+03 7.537536e+03
1.396000e+01 1.366745e+03 7.541861e+03
1.397000e+01 1.356911e+03 7.546185e+03
1.398000e+01 1.347078e+03 7.550510e+03
1.399000e+01 1.337245e+03 7.554835e+03
1.400000e+01 1.327411e+03 7.559160e+03
1.401000e+01 1.317578e+03 7.563484e+03
1.402000e+01 1.307744e+03 7.567809e+03
1.403000e+01 1.297911e+03 7.572134e+03
1.404000e+01 1.288077e+03 7.576459e+03
1.405000e+01 1.278244e+03 7.580783e+03
1.406000e+01 1.268411e+03 7.585108e+03
1.407000e+01 1.258577e+03 7.589433e+03
1.408000e+01 1.248744e+03 7.593758e+03
1.409000e+01 1.238910e+03 7.598082e+03
1.410000e+01 1.229181e+03 7.608868e+03
1.411000e+01 1.219495e+03 7.622271e+03
1.412000e+01 1.209809e+03 7.635674e+03
1.413000e+01 1.200122e+03 7.649077e+03
1.414000e+01 1.190436e+03 7.662480e+03
1.415000e+01 1.180749e+03 7.675883e+03
1.416000e+01 1.171063e+03 7.689286e+03
1.417000e+01 1.161376e+03 7.702690e+03
1.418000e+01 1.151690e+03 7.716093e+03
1.419000e+01 1.142004e+03 7.729496e+03
1.420000e+01 1.132317e+03 7.742899e+03
1.421000e+01 1.122631e+03 7.756302e+03
1.422000e+01 1.112944e+03 7.769705e+03
1.423000e+01 1.103258e+03 7.783108e+03
1.424000e+01 1.093571e+03 7.796511e+03
1.425000e+01 1.083885e+03 7.809914e+03
1.426000e+01 1.074198e+03 7.823317e+03
1.427000e+01 1.064512e+03 7.836720e+03
1.428000e+01 1.054826e+03 7.850123e+03
1.429000e+01 1.045139e+03 7.863526e+03
1.430000e+01 1.035453e+03 7.876929e+03
1.431000e+01 1.025766e+03 7.890332e+03
1.432000e+01 1.016080e+03 7.903735e+03
1.433000e+01 1.006393e+03 7.917138e+03
1.434000e+01 9.967070e+02 7.930541e+03
1.435000e+01 9.876275e+02 7.944570e+03
1.436000e+01 9.848161e+02 7.965058e+03
1.437000e+01 9.820046e+02 7.985547e+03
1.438000e+01 9.791931e+02 8.006035e+03
1.439000e+01 9.763816e+02 8.026524e+03
1.440000e+01 9.735701e+02 8.047012e+03
1.441000e+01 9.707587e+02 8.067501e+03
1.442000e+01 9.679472e+02 8.087989e+03
1.443000e+01 9.651357e+02 8.108478e+03
1.444000e+01 9.623242e+02 8.128966e+03
1.445000e+01 9.595128e+02 8.149455e+03
1.446000e+01 9.567013e+02 8.169943e+03
1.447000e+01 9.538898e+02 8.190432e+03
1.448000e+01 9.510783e+02 8.210920e+03
1.449000e+01 9.482668e+02 8.231409e+03
1.450000e+01 9.454554e+02 8.251897e+03
1.451000e+01 9.426439e+02 8.272386e+03
1.452000e+01 9.398324e+02 8.292874e+03
1.453000e+01 9.370209e+02 8.313363e+03
1.454000e+01 9.342095e+02 8.333851e+03
1.455000e+01 9.313980e+02 8.354340e+03
1.456000e+01 9.285865e+02 8.374828e+03
1.457000e+01 9.257750e+02 8.395317e+03
1.458000e+01 9.229636e+02 8.415805e+03
1.459000e+01 9.201521e+02 8.436293e+03
1.460000e+01 9.173406e+02 8.456782e+03
1.461000e+01 9.193479e+02 8.477566e+03
1.462000e+01 9.269025e+02 8.498689e+03
1.463000e+01 9.344571e+02 8.519813e+03
1.464000e+01 9.420116e+02 8.540936e+03
1.465000e+01 9.495662e+02 8.562060e+03
1.466000e+01 9.571208e+02 8.583184e+03
1.467000e+01 9.646754e+02 8.604307e+03
1.468000e+01 9.722299e+02 8.625431e+03
1.469000e+01 9.797845e+02 8.646554e+03
1.470000e+01 9.873391e+02 8.667678e+03
1.471000e+01 9.948937e+02 8.688801e+03
1.472000e+01 1.002448e+03 8.709925e+03
1.473000e+01 1.010003e+03 8.731049e+03
1.474000e+01 1.017557e+03 8.752172e+03
1.475000e+01 1.025112e+03 8.773296e+03
1.476000e+01 1.032667e+03 8.794419e+03
1.477000e+01 1.040221e+03 8.815543e+03
1.478000e+01 1.047776e+03 8.836666e+03
1.479000e+01 1.055330e+03 8.857790e+03
1.480000e+01 1.062885e+03 8.878914e+03
1.481000e+01 1.070439e+03 8.900037e+03
1.482000e+01 1.077994e+03 8.921161e+03
1.483000e+01 1.085549e+03 8.942284e+03
1.484000e+01 1.093103e+03 8.963408e+03
1.485000e+01 1.100658e+03 8.984531e+03
1.486000e+01 1.108212e+03 9.005655e+03
1.487000e+01 1.122721e+03 9.021238e+03
1.488000e+01 1.138540e+03 9.035777e+03
1.489000e+01 1.154359e+03 9.050316e+03
1.490000e+01 1.170178e+03 9.064855e+03
1.491000e+01 1.185997e+03 9.079394e+03
1.492000e+01 1.201816e+03 9.093933e+03
1.493000e+01 1.217635e+03 9.108472e+03
1.494000e+01 1.233454e+03 9.123011e+03
1.495000e+01 1.249273e+03 9.137550e+03
1.496000e+01 1.265092e+03 9.152089e+03
1.497000e+01 1.280912e+03 9.166628e+03
1.498000e+01 1.296731e+03 9.181167e+03
1.499000e+01 1.312550e+03 9.195706e+03
1.500000e+01 1.328369e+03 9.210244e+03
1.501000e+01 1.344188e+03 9.224783e+03
1.502000e+01 1.360007e+03 9.239322e+03
1.503000e+01 1.375826e+03 9.253861e+03
1.504000e+01 1.391645e+03 9.268400e+03
1.505000e+01 1.407464e+03 9.282939e+03
1.506000e+01 1.423283e+03 9.297478e+03
1.507000e+01 1.439102e+03 9.312017e+03
1.508000e+01 1.454921e+03 9.326556e+03
1.509000e+01 1.470740e+03 9.341095e+03
1.510000e+01 1.486559e+03 9.355634e+03
1.511000e+01 1.502378e+03 9.370173e+03
1.512000e+01 1.518563e+03 9.382472e+03
1.513000e+01 1.536058e+03 9.386737e+03
1.514000e+01 1.553554e+03 9.391002e+03
1.515000e+01 1.571049e+03 9.395267e+03
1.516000e+01 1.588544e+03 9.399531e+03
1.517000e+01 1.606040e+03 9.403796e+03
1.518000e+01 1.623535e+03 9.408061e+03
1.519000e+01 1.641030e+03 9.412326e+03
1.520000e+01 1.658526e+03 9.416591e+03
1.521000e+01 1.676021e+03 9.420855e+03
1.522000e+01 1.693516e+03 9.425120e+03
1.523000e+01 1.711012e+03 9.429385e+03
1.524000e+01 1.728507e+03 9.433650e+03
1.525000e+01 1.746002e+03 9.437915e+03
1.526000e+01 1.763498e+03 9.442179e+03
1.527000e+01 1.780993e+03 9.446444e+03
1.528000e+01 1.798488e+03 9.450709e+03
1.529000e+01 1.815983e+03 9.454974e+03
1.530000e+01 1.833479e+03 9.459239e+03
1.531000e+01 1.850974e+03 9.463503e+03
1.532000e+01 1.868469e+03 9.467768e+03
1.533000e+01 1.885965e+03 9.472033e+03
1.534000e+01 1.903460e+03 9.476298e+03
1.535000e+01 1.920955e+03 9.480563e+03
1.536000e+01 1.938451e+03 9.484827e+03
1.537000e+01 1.955946e+03 9.489092e+03
1.538000e+01 1.970184e+03 9.488424e+03
1.539000e+01 1.982200e+03 9.484393e+03
1.540000e+01 1.994216e+03 9.480361e+03
1.541000e+01 2.006233e+03 9.476330e+03
1.542000e+01 2.018249e+03 9.472298e+03
1.543000e+01 2.030266e+03 9.468267e+03
1.544000e+01 2.042282e+03 9.464235e+03
1.545000e+01 2.054299e+03 9.460204e+03
1.546000e+01 2.066315e+03 9.456172e+03
1.547000e+01 2.078331e+03 9.452141e+03
1.548000e+01 2.090348e+03 9.448110e+03
1.549000e+01 2.102364e+03 9.444078e+03
1.550000e+01 2.114381e+03 9.440047e+03
1.551000e+01 2.126397e+03 9.436015e+03
1.552000e+01 2.138413e+03 9.431984e+03
1.553000e+01 2.150430e+03 9.427952e+03
1.554000e+01 2.162446e+03 9.423921e+03
1.555000e+01 2.174463e+03 9.419889e+03
1.556000e+01 2.186479e+03 9.415858e+03
1.557000e+01 2.198496e+03 9.411826e+03
1.558000e+01 2.210512e+03 9.407795e+03
1.559000e+01 2.222528e+03 9.403763e+03
1.560000e+01 2.234545e+03 9.399732e+03
1.561000e+01 2.246561e+03 9.395700e+03
1.562000e+01 2.258578e+03 9.391669e+03
1.563000e+01 2.270594e+03 9.387638e+03
1.564000e+01 2.273892e+03 9.381602e+03
1.565000e+01 2.276931e+03 9.375507e+03
1.566000e+01 2.279970e+03 9.369412e+03
1.567000e+01 2.283009e+03 9.363317e+03
1.568000e+01 2.286048e+03 9.357222e+03
1.569000e+01 2.289087e+03 9.351128e+03
1.570000e+01 2.292126e+03 9.345033e+03
1.571000e+01 2.295165e+03 9.338938e+03
1.572000e+01 2.298204e+03 9.332843e+03
1.573000e+01 2.301244e+03 9.326748e+03
1.574000e+01 2.304283e+03 9.320653e+03
1.575000e+01 2.307322e+03 9.314558e+03
1.576000e+01 2.310361e+03 9.308463e+03
1.577000e+01 2.313400e+03 9.302368e+03
1.578000e+01 2.316439e+03 9.296273e+03
1.579000e+01 2.319478e+03 9.290178e+03
1.580000e+01 2.322517e+03 9.284084e+03
1.581000e+01 2.325556e+03 9.277989e+03
1.582000e+01 2.328595e+03 9.271894e+03
1.583000e+01 2.331634e+03 9.265799e+03
1.584000e+01 2.334673e+03 9.259704e+03
1.585000e+01 2.337712e+03 9.253609e+03
1.586000e+01 2.340751e+03 9.247514e+03
1.587000e+01 2.343791e+03 9.241419e+03
1.588000e+01 2.346830e+03 9.235324e+03
1.589000e+01 2.347430e+03 9.230759e+03
1.590000e+01 2.343456e+03 9.229062e+03
1.591000e+01 2.339482e+03 9.227365e+03
1.592000e+01 2.335508e+03 9.225668e+03
1.593000e+01 2.331534e+03 9.223971e+03
1.594000e+01 2.327560e+03 9.222274e+03
1.595000e+01 2.323586e+03 9.220578e+03
1.596000e+01 2.319612e+03 9.218881e+03
1.597000e+01 2.315638e+03 9.217184e+03
1.598000e+01 2.311664e+03 9.215487e+03
1.599000e+01 2.307690e+03 9.213790e+03
1.600000e+01 2.303715e+03 9.212093e+03
1.601000e+01 2.299741e+03 9.210396e+03
1.602000e+01 2.295767e+03 9.208699e+03
1.603000e+01 2.291793e+03 9.207003e+03
1.604000e+01 2.287819e+03 9.205306e+03
1.605000e+01 2.283845e+03 9.203609e+03
1.606000e+01 2.279871e+03 9.201912e+03
1.607000e+01 2.275897e+03 9.200215e+03
1.608000e+01 2.271923e+03 9.198518e+03
1.609000e+01 2.267949e+03 9.196821e+03
1.610000e+01 2.263975e+03 9.195125e+03
1.611000e+01 2.260001e+03 9.193428e+03
1.612000e+01 2.256027e+03 9.191731e+03
1.613000e+01 2.252053e+03 9.190034e+03
1.614000e+01 2.248079e+03 9.188337e+03
1.615000e+01 2.243144e+03 9.191782e+03
1.616000e+01 2.237843e+03 9.197185e+03
1.617000e+01 2.232542e+03 9.202587e+03
1.618000e+01 2.227242e+03 9.207990e+03
1.619000e+01 2.221941e+03 9.213392e+03
1.620000e+01 2.216640e+03 9.218794e+03
1.621000e+01 2.211339e+03 9.224197e+03
1.622000e+01 2.206039e+03 9.229599e+03
1.623000e+01 2.200738e+03 9.235002e+03
1.624000e+01 2.195437e+03 9.240404e+03
1.625000e+01 2.190136e+03 9.245806e+03
1.626000e+01 2.184836e+03 9.251209e+03
1.627000e+01 2.179535e+03 9.256611e+03
1.628000e+01 2.174234e+03 9.262013e+03
1.629000e+01 2.168933e+03 9.267416e+03
1.630000e+01 2.163633e+03 9.272818e+03
1.631000e+01 2.158332e+03 9.278221e+03
1.632000e+01 2.153031e+03 9.283623e+03
1.633000e+01 2.147730e+03 9.289025e+03
1.634000e+01 2.142430e+03 9.294428e+03
1.635000e+01 2.137129e+03 9.299830e+03
1.636000e+01 2.131828e+03 9.305233e+03
1.637000e+01 2.126527e+03 9.310635e+03
1.638000e+01 2.121227e+03 9.316037e+03
1.639000e+01 2.115926e+03 9.321440e+03
1.640000e+01 2.111030e+03 9.327316e+03
1.641000e+01 2.109742e+03 9.337418e+03
1.642000e+01 2.108454e+03 9.347521e+03
1.643000e+01 2.107166e+03 9.357623e+03
1.644000e+01 2.105878e+03 9.367725e+03
1.645000e+01 2.104590e+03 9.377827e+03
1.646000e+01 2.103302e+03 9.387929e+03
1.647000e+01 2.102014e+03 9.398031e+03
1.648000e+01 2.100726e+03 9.408133e+03
1.649000e+01 2.099438e+03 9.418235e+03
1.650000e+01 2.098151e+03 9.428337e+03
1.651000e+01 2.096863e+03 9.438439e+03
1.652000e+01 2.095575e+03 9.448541e+03
1.653000e+01 2.094287e+03 9.458643e+03
1.654000e+01 2.092999e+03 9.468745e+03
1.655000e+01 2.091711e+03 9.478847e+03
1.656000e+01 2.090423e+03 9.488949e+03
1.657000e+01 2.089135e+03 9.499052e+03
1.658000e+01 2.087847e+03 9.509154e+03
1.659000e+01 2.086559e+03 9.519256e+03
1.660000e+01 2.085271e+03 9.529358e+03
1.661000e+01 2.083983e+03 9.539460e+03
1.662000e+01 2.082695e+03 9.549562e+03
1.663000e+01 2.081407e+03 9.559664e+03
1.664000e+01 2.080119e+03 9.569766e+03
1.665000e+01 2.078832e+03 9.579868e+03
1.666000e+01 2.080105e+03 9.589654e+03
1.667000e+01 2.084182e+03 9.599094e+03
1.668000e+01 2.088259e+03 9.608535e+03
1.669000e+01 2.092336e+03 9.617975e+03
1.670000e+01 2.096413e+03 9.627415e+03
1.671000e+01 2.100490e+03 9.636856e+03
1.672000e+01 2.104567e+03 9.646296e+03
1.673000e+01 2.108644e+03 9.655736e+03
1.674000e+01 2.112721e+03 9.665177e+03
1.675000e+01 2.116799e+03 9.674617e+03
1.676000e+01 2.120876e+03 9.684057e+03
1.677000e+01 2.124953e+03 9.693497e+03
1.678000e+01 2.129030e+03 9.702938e+03
1.679000e+01 2.133107e+03 9.712378e+03
1.680000e+01 2.137184e+03 9.721818e+03
1.681000e+01 2.141261e+03 9.731259e+03
1.682000e+01 2.145338e+03 9.740699e+03
1.683000e+01 2.149415e+03 9.750139e+03
1.684000e+01 2.153492e+03 9.759580e+03
1.685000e+01 2.157569e+03 9.769020e+03
1.686000e+01 2.161646e+03 9.778460e+03
1.687000e+01 2.165723e+03 9.787900e+03
1.688000e+01 2.169800e+03 9.797341e+03
1.689000e+01 2.173877e+03 9.806781e+03
1.690000e+01 2.177954e+03 9.816221e+03
1.691000e+01 2.182031e+03 9.825662e+03
1.692000e+01 2.187790e+03 9.830937e+03
1.693000e+01 2.193837e+03 9.835501e+03
1.694000e+01 2.199884e+03 9.840065e+03
1.695000e+01 2.205931e+03 9.844628e+03
1.696000e+01 2.211978e+03 9.849192e+03
1.697000e+01 2.218025e+03 9.853756e+03
1.698000e+01 2.224072e+03 9.858319e+03
1.699000e+01 2.230119e+03 9.862883e+03
1.700000e+01 2.236166e+03 9.867447e+03
1.701000e+01 2.242213e+03 9.872011e+03
1.702000e+01 2.248260e+03 9.876574e+03
1.703000e+01 2.254307e+03 9.881138e+03
1.704000e+01 2.260354e+03 9.885702e+03
1.705000e+01 2.266401e+03 9.890266e+03
1.706000e+01 2.272448e+03 9.894829e+03
1.707000e+01 2.278495e+03 9.899393e+03
1.708000e+01 2.284542e+03 9.903957e+03
1.709000e+01 2.290589e+03 9.908520e+03
1.710000e+01 2.296636e+03 9.913084e+03
1.711000e+01 2.302683e+03 9.917648e+03
1.712000e+01 2.308730e+03 9.922212e+03
1.713000e+01 2.314777e+03 9.926775e+03
1.714000e+01 2.320824e+03 9.931339e+03
1.715000e+01 2.326871e+03 9.935903e+03
1.716000e+01 2.332918e+03 9.940467e+03
1.717000e+01 2.338143e+03 9.943944e+03
1.718000e+01 2.340628e+03 9.943800e+03
1.719000e+01 2.343114e+03 9.943656e+03
1.720000e+01 2.345599e+03 9.943512e+03
1.721000e+01 2.348084e+03 9.943367e+03
1.722000e+01 2.350569e+03 9.943223e+03
1.723000e+01 2.353054e+03 9.943079e+03
1.724000e+01 2.355540e+03 9.942934e+03
1.725000e+01 2.358025e+03 9.942790e+03
1.726000e+01 2.360510e+03 9.942646e+03
1.727000e+01 2.362995e+03 9.942501e+03
1.728000e+01 2.365480e+03 9.942357e+03
1.729000e+01 2.367965e+03 9.942213e+03
1.730000e+01 2.370451e+03 9.942068e+03
1.731000e+01 2.372936e+03 9.941924e+03
1.732000e+01 2.375421e+03 9.941780e+03
1.733000e+01 2.377906e+03 9.941635e+03
1.734000e+01 2.380391e+03 9.941491e+03
1.735000e+01 2.382877e+03 9.941347e+03
1.736000e+01 2.385362e+03 9.941203e+03
1.737000e+01 2.387847e+03 9.941058e+03
1.738000e+01 2.390332e+03 9.940914e+03
1.739000e+01 2.392817e+03 9.940770e+03
1.740000e+01 2.395303e+03 9.940625e+03
1.741000e+01 2.397788e+03 9.940481e+03
1.742000e+01 2.400273e+03 9.940337e+03
1.743000e+01 2.398465e+03 9.940170e+03
1.744000e+01 2.393881e+03 9.939989e+03
1.745000e+01 2.389296e+03 9.939808e+03
1.746000e+01 2.384712e+03 9.939627e+03
1.747000e+01 2.380127e+03 9.939445e+03
1.748000e+01 2.375543e+03 9.939264e+03
1.749000e+01 2.370958e+03 9.939083e+03
1.750000e+01 2.366374e+03 9.938902e+03
1.751000e+01 2.361789e+03 9.938721e+03
1.752000e+01 2.357204e+03 9.938540e+03
1.753000e+01 2.352620e+03 9.938359e+03
1.754000e+01 2.348035e+03 9.938178e+03
1.755000e+01 2.343451e+03 9.937996e+03
1.756000e+01 2.338866e+03 9.937815e+03
1.757000e+01 2.334282e+03 9.937634e+03
1.758000e+01 2.329697e+03 9.937453e+03
1.759000e+01 2.325113e+03 9.937272e+03
1.760000e+01 2.320528e+03 9.937091e+03
1.761000e+01 2.315943e+03 9.936910e+03
1.762000e+01 2.311359e+03 9.936728e+03
1.763000e+01 2.306774e+03 9.936547e+03
1.764000e+01 2.302190e+03 9.936366e+03
1.765000e+01 2.297605e+03 9.936185e+03
1.766000e+01 2.293021e+03 9.936004e+03
1.767000e+01 2.288436e+03 9.935823e+03
1.768000e+01 2.283852e+03 9.935642e+03
1.769000e+01 2.273617e+03 9.941403e+03
1.770000e+01 2.263289e+03 9.947263e+03
1.771000e+01 2.252961e+03 9.953123e+03
1.772000e+01 2.242633e+03 9.958982e+03
1.773000e+01 2.232305e+03 9.964842e+03
1.774000e+01 2.221977e+03 9.970702e+03
1.775000e+01 2.211649e+03 9.976561e+03
1.776000e+01 2.201321e+03 9.982421e+03
1.777000e+01 2.190993e+03 9.988281e+03
1.778000e+01 2.180665e+03 9.994140e+03
1.779000e+01 2.170337e+03 1.000000e+04
1.780000e+01 2.160009e+03 1.000586e+04
1.781000e+01 2.149681e+03 1.001172e+04
1.782000e+01 2.139353e+03 1.001758e+04
1.783000e+01 2.129025e+03 1.002344e+04
1.784000e+01 2.118697e+03 1.002930e+04
1.785000e+01 2.108369e+03 1.003516e+04
1.786000e+01 2.098041e+03 1.004102e+04
1.787000e+01 2.087713e+03 1.004688e+04
1.788000e+01 2.077385e+03 1.005274e+04
1.789000e+01 2.067057e+03 1.005860e+04
1.790000e+01 2.056729e+03 1.006446e+04
1.791000e+01 2.046401e+03 1.007032e+04
1.792000e+01 2.036073e+03 1.007618e+04
1.793000e+01 2.025745e+03 1.008204e+04
1.794000e+01 2.015382e+03 1.009127e+04
1.795000e+01 2.004956e+03 1.010648e+04
1.796000e+01 1.994530e+03 1.012169e+04
1.797000e+01 1.984104e+03 1.013691e+04
1.798000e+01 1.973678e+03 1.015212e+04
1.799000e+01 1.963253e+03 1.016734e+04
1.800000e+01 1.952827e+03 1.018255e+04
1.801000e+01 1.942401e+03 1.019776e+04
1.802000e+01 1.931975e+03 1.021298e+04
1.803000e+01 1.921550e+03 1.022819e+04
1.804000e+01 1.911124e+03 1.024340e+04
1.805000e+01 1.900698e+03 1.025862e+04
1.806000e+01 1.890272e+03 1.027383e+04
1.807000e+01 1.879846e+03 1.028905e+04
1.808000e+01 1.869421e+03 1.030426e+04
1.809000e+01 1.858995e+03 1.031947e+04
1.810000e+01 1.848569e+03 1.033469e+04
1.811000e+01 1.838143e+03 1.034990e+04
1.812000e+01 1.827717e+03 1.036512e+04
1.813000e+01 1.817292e+03 1.038033e+04
1.814000e+01 1.806866e+03 1.039554e+04
1.815000e+01 1.796440e+03 1.041076e+04
1.816000e+01 1.786014e+03 1.042597e+04
1.817000e+01 1.775588e+03 1.044119e+04
1.818000e+01 1.765163e+03 1.045640e+04
1.819000e+01 1.754737e+03 1.047161e+04
1.820000e+01 1.749008e+03 1.049240e+04
1.821000e+01 1.744955e+03 1.051518e+04
1.822000e+01 1.740903e+03 1.053795e+04
1.823000e+01 1.736850e+03 1.056073e+04
1.824000e+01 1.732798e+03 1.058350e+04
1.825000e+01 1.728745e+03 1.060628e+04
1.826000e+01 1.724693e+03 1.062906e+04
1.827000e+01 1.720640e+03 1.065183e+04
1.828000e+01 1.716588e+03 1.067461e+04
1.829000e+01 1.712535e+03 1.069738e+04
1.830000e+01 1.708483e+03 1.072016e+04
1.831000e+01 1.704430e+03 1.074294e+04
1.832000e+01 1.700378e+03 1.076571e+04
1.833000e+01 1.696325e+03 1.078849e+04
1.834000e+01 1.692273e+03 1.081126e+04
1.835000e+01 1.688220e+03 1.083404e+04
1.836000e+01 1.684168e+03 1.085681e+04
1.837000e+01 1.680115e+03 1.087959e+04
1.838000e+01 1.676063e+03 1.090237e+04
1.839000e+01 1.672010e+03 1.092514e+04
1.840000e+01 1.667958e+03 1.094792e+04
1.841000e+01 1.663905e+03 1.097069e+04
1.842000e+01 1.659853e+03 1.099347e+04
1.843000e+01 1.655800e+03 1.101625e+04
1.844000e+01 1.651748e+03 1.103902e+04
1.845000e+01 1.648790e+03 1.106200e+04
1.846000e+01 1.654380e+03 1.108654e+04
1.847000e+01 1.659971e+03 1.111108e+04
1.848000e+01 1.665562e+03 1.113562e+04
1.849000e+01 1.671152e+03 1.116016e+04
1.850000e+01 1.676743e+03 1.118470e+04
1.851000e+01 1.682333e+03 1.120924e+04
1.852000e+01 1.687924e+03 1.123378e+04
1.853000e+01 1.693514e+03 1.125833e+04
1.854000e+01 1.699105e+03 1.128287e+04
1.855000e+01 1.704696e+03 1.130741e+04
1.856000e+01 1.710286e+03 1.133195e+04
1.857000e+01 1.715877e+03 1.135649e+04
1.858000e+01 1.721467e+03 1.138103e+04
1.859000e+01 1.727058e+03 1.140557e+04
1.860000e+01 1.732648e+03 1.143011e+04
1.861000e+01 1.738239e+03 1.145465e+04
1.862000e+01 1.743830e+03 1.147919e+04
1.863000e+01 1.749420e+03 1.150373e+04
1.864000e+01 1.755011e+03 1.152828e+04
1.865000e+01 1.760601e+03 1.155282e+04
1.866000e+01 1.766192e+03 1.157736e+04
1.867000e+01 1.771783e+03 1.160190e+04
1.868000e+01 1.777373e+03 1.162644e+04
1.869000e+01 1.782964e+03 1.165098e+04
1.870000e+01 1.788554e+03 1.167552e+04
1.871000e+01 1.798044e+03 1.169793e+04
1.872000e+01 1.811589e+03 1.171814e+04
1.873000e+01 1.825135e+03 1.173834e+04
1.874000e+01 1.838681e+03 1.175854e+04
1.875000e+01 1.852227e+03 1.177874e+04
1.876000e+01 1.865773e+03 1.179894e+04
1.877000e+01 1.879318e+03 1.181914e+04
1.878000e+01 1.892864e+03 1.183935e+04
1.879000e+01 1.906410e+03 1.185955e+04
1.880000e+01 1.919956e+03 1.187975e+04
1.881000e+01 1.933502e+03 1.189995e+04
1.882000e+01 1.947047e+03 1.192015e+04
1.883000e+01 1.960593e+03 1.194035e+04
1.884000e+01 1.974139e+03 1.196056e+04
1.885000e+01 1.987685e+03 1.198076e+04
1.886000e+01 2.001231e+03 1.200096e+04
1.887000e+01 2.014776e+03 1.202116e+04
1.888000e+01 2.028322e+03 1.204136e+04
1.889000e+01 2.041868e+03 1.206156e+04
1.890000e+01 2.055414e+03 1.208177e+04
1.891000e+01 2.068960e+03 1.210197e+04
1.892000e+01 2.082505e+03 1.212217e+04
1.893000e+01 2.096051e+03 1.214237e+04
1.894000e+01 2.109597e+03 1.216257e+04
1.895000e+01 2.123143e+03 1.218277e+04
1.896000e+01 2.136689e+03 1.220297e+04
1.897000e+01 2.152786e+03 1.221698e+04
1.898000e+01 2.169276e+03 1.223004e+04
1.899000e+01 2.185766e+03 1.224309e+04
1.900000e+01 2.202256e+03 1.225615e+04
1.901000e+01 2.218746e+03 1.226920e+04
1.902000e+01 2.235236e+03 1.228225e+04
1.903000e+01 2.251726e+03 1.229531e+04
1.904000e+01 2.268216e+03 1.230836e+04
1.905000e+01 2.284706e+03 1.232142e+04
1.906000e+01 2.301196e+03 1.233447e+04
1.907000e+01 2.317686e+03 1.234753e+04
1.908000e+01 2.334176e+03 1.236058e+04
1.909000e+01 2.350666e+03 1.237364e+04
1.910000e+01 2.367156e+03 1.238669e+04
1.911000e+01 2.383646e+03 1.239974e+04
1.912000e+01 2.400136e+03 1.241280e+04
1.913000e+01 2.416626e+03 1.242585e+04
1.914000e+01 2.433116e+03 1.243891e+04
1.915000e+01 2.449606e+03 1.245196e+04
1.916000e+01 2.466096e+03 1.246502e+04
1.917000e+01 2.482586e+03 1.247807e+04
1.918000e+01 2.499076e+03 1.249113e+04
1.919000e+01 2.515566e+03 1.250418e+04
1.920000e+01 2.532056e+03 1.251723e+04
1.921000e+01 2.548546e+03 1.253029e+04
1.922000e+01 2.564610e+03 1.254196e+04
1.923000e+01 2.579350e+03 1.254932e+04
1.924000e+01 2.594089e+03 1.255669e+04
1.925000e+01 2.608829e+03 1.256405e+04
1.926000e+01 2.623569e+03 1.257142e+04
1.927000e+01 2.638309e+03 1.257878e+04
1.928000e+01 2.653048e+03 1.258614e+04
1.929000e+01 2.667788e+03 1.259351e+04
1.930000e+01 2.682528e+03 1.260087e+04
1.931000e+01 2.697268e+03 1.260824e+04
1.932000e+01 2.712008e+03 1.261560e+04
1.933000e+01 2.726747e+03 1.262296e+04
1.934000e+01 2.741487e+03 1.263033e+04
1.935000e+01 2.756227e+03 1.263769e+04
1.936000e+01 2.770967e+03 1.264506e+04
1.937000e+01 2.785706e+03 1.265242e+04
1.938000e+01 2.800446e+03 1.265978e+04
1.939000e+01 2.815186e+03 1.266715e+04
1.940000e+01 2.829926e+03 1.267451e+04
1.941000e+01 2.844666e+03 1.268188e+04
1.942000e+01 2.859405e+03 1.268924e+04
1.943000e+01 2.874145e+03 1.269660e+04
1.944000e+01 2.888885e+03 1.270397e+04
1.945000e+01 2.903625e+03 1.271133e+04
1.946000e+01 2.918364e+03 1.271870e+04
1.947000e+01 2.933104e+03 1.272606e+04
1.948000e+01 2.945794e+03 1.273212e+04
1.949000e+01 2.957225e+03 1.273737e+04
1.950000e+01 2.968657e+03 1.274263e+04
1.951000e+01 2.980089e+03 1.274789e+04
1.952000e+01 2.991521e+03 1.275314e+04
1.953000e+01 3.002953e+03 1.275840e+04
1.954000e+01 3.014385e+03 1.276365e+04
1.955000e+01 3.025816e+03 1.276891e+04
1.956000e+01 3.037248e+03 1.277417e+04
1.957000e+01 3.048680e+03 1.277942e+04
1.958000e+01 3.060112e+03 1.278468e+04
1.959000e+01 3.071544e+03 1.278994e+04
1.960000e+01 3.082975e+03 1.279519e+04
1.961000e+01 3.094407e+03 1.280045e+04
1.962000e+01 3.105839e+03 1.280570e+04
1.963000e+01 3.117271e+03 1.281096e+04
1.964000e+01 3.128703e+03 1.281622e+04
1.965000e+01 3.140134e+03 1.282147e+04
1.966000e+01 3.151566e+03 1.282673e+04
1.967000e+01 3.162998e+03 1.283198e+04
1.968000e+01 3.174430e+03 1.283724e+04
1.969000e+01 3.185862e+03 1.284250e+04
1.970000e+01 3.197293e+03 1.284775e+04
1.971000e+01 3.208725e+03 1.285301e+04
1.972000e+01 3.220157e+03 1.285826e+04
1.973000e+01 3.231589e+03 1.286352e+04
1.974000e+01 3.241231e+03 1.286907e+04
1.975000e+01 3.250867e+03 1.287462e+04
1.976000e+01 3.260503e+03 1.288016e+04
1.977000e+01 3.270139e+03 1.288571e+04
1.978000e+01 3.279775e+03 1.289126e+04
1.979000e+01 3.289411e+03 1.289681e+04
1.980000e+01 3.299047e+03 1.290236e+04
1.981000e+01 3.308683e+03 1.290791e+04
1.982000e+01 3.318319e+03 1.291345e+04
1.983000e+01 3.327955e+03 1.291900e+04
1.984000e+01 3.337591e+03 1.292455e+04
1.985000e+01 3.347227e+03 1.293010e+04
1.986000e+01 3.356863e+03 1.293565e+04
1.987000e+01 3.366499e+03 1.294120e+04
1.988000e+01 3.376135e+03 1.294675e+04
1.989000e+01 3.385771e+03 1.295229e+04
1.990000e+01 3.395407e+03 1.295784e+04
1.991000e+01 3.405043e+03 1.296339e+04
1.992000e+01 3.414679e+03 1.296894e+04
1.993000e+01 3.424314e+03 1.297449e+04
1.994000e+01 3.433950e+03 1.298004e+04
1.995000e+01 3.443586e+03 1.298558e+04
1.996000e+01 3.453222e+03 1.299113e+04
1.997000e+01 3.462858e+03 1.299668e+04
1.998000e+01 3.472494e+03 1.300223e+04
1.999000e+01 3.482190e+03 1.300771e+04
2.000000e+01 3.491987e+03 1.301309e+04
2.001000e+01 3.501784e+03 1.301847e+04
2.002000e+01 3.511581e+03 1.302384e+04
2.003000e+01 3.521378e+03 1.302922e+04
2.004000e+01 3.531175e+03 1.303459e+04
2.005000e+01 3.540972e+03 1.303997e+04
2.006000e+01 3.550769e+03 1.304535e+04
2.007000e+01 3.560566e+03 1.305072e+04
2.008000e+01 3.570363e+03 1.305610e+04
2.009000e+01 3.580159e+03 1.306147e+04
2.010000e+01 3.589956e+03 1.306685e+04
2.011000e+01 3.599753e+03 1.307222e+04
2.012000e+01 3.609550e+03 1.307760e+04
2.013000e+01 3.619347e+03 1.308298e+04
2.014000e+01 3.629144e+03 1.308835e+04
2.015000e+01 3.638941e+03 1.309373e+04
2.016000e+01 3.648738e+03 1.309910e+04
2.017000e+01 3.658535e+03 1.310448e+04
2.018000e+01 3.668332e+03 1.310986e+04
2.019000e+01 3.678129e+03 1.311523e+04
2.020000e+01 3.687926e+03 1.312061e+04
2.021000e+01 3.697722e+03 1.312598e+04
2.022000e+01 3.707519e+03 1.313136e+04
2.023000e+01 3.717316e+03 1.313673e+04
2.024000e+01 3.727113e+03 1.314211e+04
2.025000e+01 3.736784e+03 1.314583e+04
2.026000e+01 3.746412e+03 1.314901e+04
2.027000e+01 3.756040e+03 1.315218e+04
2.028000e+01 3.765669e+03 1.315535e+04
2.029000e+01 3.775297e+03 1.315852e+04
2.030000e+01 3.784925e+03 1.316169e+04
2.031000e+01 3.794553e+03 1.316486e+04
2.032000e+01 3.804182e+03 1.316803e+04
2.033000e+01 3.813810e+03 1.317120e+04
2.034000e+01 3.823438e+03 1.317437e+04
2.035000e+01 3.833066e+03 1.317755e+04
2.036000e+01 3.842695e+03 1.318072e+04
2.037000e+01 3.852323e+03 1.318389e+04
2.038000e+01 3.861951e+03 1.318706e+04
2.039000e+01 3.871580e+03 1.319023e+04
2.040000e+01 3.881208e+03 1.319340e+04
2.041000e+01 3.890836e+03 1.319657e+04
2.042000e+01 3.900464e+03 1.319974e+04
2.043000e+01 3.910093e+03 1.320292e+04
2.044000e+01 3.919721e+03 1.320609e+04
2.045000e+01 3.929349e+03 1.320926e+04
2.046000e+01 3.938978e+03 1.321243e+04
2.047000e+01 3.948606e+03 1.321560e+04
2.048000e+01 3.958234e+03 1.321877e+04
2.049000e+01 3.967862e+03 1.322194e+04
2.050000e+01 3.977102e+03 1.322477e+04
2.051000e+01 3.983645e+03 1.322518e+04
2.052000e+01 3.990189e+03 1.322559e+04
2.053000e+01 3.996733e+03 1.322600e+04
2.054000e+01 4.003277e+03 1.322641e+04
2.055000e+01 4.009821e+03 1.322682e+04
2.056000e+01 4.016365e+03 1.322723e+04
2.057000e+01 4.022909e+03 1.322765e+04
2.058000e+01 4.029453e+03 1.322806e+04
2.059000e+01 4.035997e+03 1.322847e+04
2.060000e+01 4.042540e+03 1.322888e+04
2.061000e+01 4.049084e+03 1.322929e+04
2.062000e+01 4.055628e+03 1.322970e+04
2.063000e+01 4.062172e+03 1.323012e+04
2.064000e+01 4.068716e+03 1.323053e+04
2.065000e+01 4.075260e+03 1.323094e+04
2.066000e+01 4.081804e+03 1.323135e+04
2.067000e+01 4.088348e+03 1.323176e+04
2.068000e+01 4.094892e+03 1.323217e+04
2.069000e+01 4.101435e+03 1.323258e+04
2.070000e+01 4.107979e+03 1.323300e+04
2.071000e+01 4.114523e+03 1.323341e+04
2.072000e+01 4.121067e+03 1.323382e+04
2.073000e+01 4.127611e+03 1.323423e+04
2.074000e+01 4.134155e+03 1.323464e+04
2.075000e+01 4.140699e+03 1.323505e+04
2.076000e+01 4.144214e+03 1.323552e+04
2.077000e+01 4.144732e+03 1.323604e+04
2.078000e+01 4.145251e+03 1.323656e+04
2.079000e+01 4.145770e+03 1.323709e+04
2.080000e+01 4.146288e+03 1.323761e+04
2.081000e+01 4.146807e+03 1.323813e+04
2.082000e+01 4.147325e+03 1.323865e+04
2.083000e+01 4.147844e+03 1.323918e+04
2.084000e+01 4.148363e+03 1.323970e+04
2.085000e+01 4.148881e+03 1.324022e+04
2.086000e+01 4.149400e+03 1.324074e+04
2.087000e+01 4.149918e+03 1.324126e+04
2.088000e+01 4.150437e+03 1.324179e+04
2.089000e+01 4.150955e+03 1.324231e+04
2.090000e+01 4.151474e+03 1.324283e+04
2.091000e+01 4.151993e+03 1.324335e+04
2.092000e+01 4.152511e+03 1.324388e+04
2.093000e+01 4.153030e+03 1.324440e+04
2.094000e+01 4.153548e+03 1.324492e+04
2.095000e+01 4.154067e+03 1.324544e+04
2.096000e+01 4.154586e+03 1.324596e+04
2.097000e+01 4.155104e+03 1.324649e+04
2.098000e+01 4.155623e+03 1.324701e+04
2.099000e+01 4.156141e+03 1.324753e+04
2.100000e+01 4.156660e+03 1.324805e+04
2.101000e+01 4.157179e+03 1.324857e+04
2.102000e+01 4.152656e+03 1.325371e+04
2.103000e+01 4.147442e+03 1.325948e+04
2.104000e+01 4.142228e+03 1.326524e+04
2.105000e+01 4.137013e+03 1.327101e+04
2.106000e+01 4.131799e+03 1.327678e+04
2.107000e+01 4.126585e+03 1.328254e+04
2.108000e+01 4.121370e+03 1.328831e+04
2.109000e+01 4.116156e+03 1.329408e+04
2.110000e+01 4.110942e+03 1.329984e+04
2.111000e+01 4.105727e+03 1.330561e+04
2.112000e+01 4.100513e+03 1.331138e+04
2.113000e+01 4.095299e+03 1.331714e+04
2.114000e+01 4.090085e+03 1.332291e+04
2.115000e+01 4.084870e+03 1.332868e+04
2.116000e+01 4.079656e+03 1.333444e+04
2.117000e+01 4.074442e+03 1.334021e+04
2.118000e+01 4.069227e+03 1.334598e+04
2.119000e+01 4.064013e+03 1.335174e+04
2.120000e+01 4.058799e+03 1.335751e+04
2.121000e+01 4.053584e+03 1.336328e+04
2.122000e+01 4.048370e+03 1.336904e+04
2.123000e+01 4.043156e+03 1.337481e+04
2.124000e+01 4.037941e+03 1.338058e+04
2.125000e+01 4.032727e+03 1.338634e+04
2.126000e+01 4.027513e+03 1.339211e+04
2.127000e+01 4.021979e+03 1.340019e+04
2.128000e+01 4.015517e+03 1.341500e+04
2.129000e+01 4.009055e+03 1.342981e+04
2.130000e+01 4.002593e+03 1.344462e+04
2.131000e+01 3.996131e+03 1.345943e+04
2.132000e+01 3.989669e+03 1.347423e+04
2.133000e+01 3.983206e+03 1.348904e+04
2.134000e+01 3.976744e+03 1.350385e+04
2.135000e+01 3.970282e+03 1.351866e+04
2.136000e+01 3.963820e+03 1.353347e+04
2.137000e+01 3.957358e+03 1.354828e+04
2.138000e+01 3.950896e+03 1.356309e+04
2.139000e+01 3.944434e+03 1.357789e+04
2.140000e+01 3.937972e+03 1.359270e+04
2.141000e+01 3.931509e+03 1.360751e+04
2.142000e+01 3.925047e+03 1.362232e+04
2.143000e+01 3.918585e+03 1.363713e+04
2.144000e+01 3.912123e+03 1.365194e+04
2.145000e+01 3.905661e+03 1.366675e+04
2.146000e+01 3.899199e+03 1.368156e+04
2.147000e+01 3.892737e+03 1.369636e+04
2.148000e+01 3.886275e+03 1.371117e+04
2.149000e+01 3.879812e+03 1.372598e+04
2.150000e+01 3.873350e+03 1.374079e+04
2.151000e+01 3.866888e+03 1.375560e+04
2.152000e+01 3.860426e+03 1.377041e+04
2.153000e+01 3.857062e+03 1.379056e+04
2.154000e+01 3.855498e+03 1.381381e+04
2.155000e+01 3.853935e+03 1.383707e+04
2.156000e+01 3.852371e+03 1.386032e+04
2.157000e+01 3.850808e+03 1.388358e+04
2.158000e+01 3.849244e+03 1.390684e+04
2.159000e+01 3.847681e+03 1.393009e+04
2.160000e+01 3.846117e+03 1.395335e+04
2.161000e+01 3.844554e+03 1.397660e+04
2.162000e+01 3.842990e+03 1.399986e+04
2.163000e+01 3.841427e+03 1.402311e+04
2.164000e+01 3.839863e+03 1.404637e+04
2.165000e+01 3.838299e+03 1.406963e+04
2.166000e+01 3.836736e+03 1.409288e+04
2.167000e+01 3.835172e+03 1.411614e+04
2.168000e+01 3.833609e+03 1.413939e+04
2.169000e+01 3.832045e+03 1.416265e+04
2.170000e+01 3.830482e+03 1.418590e+04
2.171000e+01 3.828918e+03 1.420916e+04
2.172000e+01 3.827355e+03 1.423242e+04
2.173000e+01 3.825791e+03 1.425567e+04
2.174000e+01 3.824228e+03 1.427893e+04
2.175000e+01 3.822664e+03 1.430218e+04
2.176000e+01 3.821101e+03 1.432544e+04
2.177000e+01 3.819537e+03 1.434869e+04
2.178000e+01 3.818051e+03 1.437198e+04
2.179000e+01 3.825044e+03 1.439900e+04
2.180000e+01 3.832037e+03 1.442601e+04
2.181000e+01 3.839030e+03 1.445302e+04
2.182000e+01 3.846024e+03 1.448004e+04
2.183000e+01 3.853017e+03 1.450705e+04
2.184000e+01 3.860010e+03 1.453406e+04
2.185000e+01 3.867003e+03 1.456108e+04
2.186000e+01 3.873997e+03 1.458809e+04
2.187000e+01 3.880990e+03 1.461510e+04
2.188000e+01 3.887983e+03 1.464211e+04
2.189000e+01 3.894976e+03 1.466913e+04
2.190000e+01 3.901970e+03 1.469614e+04
2.191000e+01 3.908963e+03 1.472315e+04
2.192000e+01 3.915956e+03 1.475017e+04
2.193000e+01 3.922949e+03 1.477718e+04
2.194000e+01 3.929943e+03 1.480419e+04
2.195000e+01 3.936936e+03 1.483121e+04
2.196000e+01 3.943929e+03 1.485822e+04
2.197000e+01 3.950923e+03 1.488523e+04
2.198000e+01 3.957916e+03 1.491224e+04
2.199000e+01 3.964909e+03 1.493926e+04
2.200000e+01 3.971902e+03 1.496627e+04
2.201000e+01 3.978896e+03 1.499328e+04
2.202000e+01 3.985889e+03 1.502030e+04
2.203000e+01 3.992882e+03 1.504731e+04
2.204000e+01 4.002775e+03 1.507381e+04
2.205000e+01 4.017287e+03 1.509949e+04
2.206000e+01 4.031799e+03 1.512518e+04
2.207000e+01 4.046311e+03 1.515086e+04
2.208000e+01 4.060824e+03 1.517655e+04
2.209000e+01 4.075336e+03 1.520223e+04
2.210000e+01 4.089848e+03 1.522792e+04
2.211000e+01 4.104361e+03 1.525360e+04
2.212000e+01 4.118873e+03 1.527929e+04
2.213000e+01 4.133385e+03 1.530497e+04
2.214000e+01 4.147897e+03 1.533065e+04
2.215000e+01 4.162410e+03 1.535634e+04
2.216000e+01 4.176922e+03 1.538202e+04
2.217000e+01 4.191434e+03 1.540771e+04
2.218000e+01 4.205947e+03 1.543339e+04
2.219000e+01 4.220459e+03 1.545908e+04
2.220000e+01 4.234971e+03 1.548476e+04
2.221000e+01 4.249483e+03 1.551045e+04
2.222000e+01 4.263996e+03 1.553613e+04
2.223000e+01 4.278508e+03 1.556182e+04
2.224000e+01 4.293020e+03 1.558750e+04
2.225000e+01 4.307533e+03 1.561318e+04
2.226000e+01 4.322045e+03 1.563887e+04
2.227000e+01 4.336557e+03 1.566455e+04
2.228000e+01 4.351069e+03 1.569024e+04
2.229000e+01 4.365582e+03 1.571592e+04
2.230000e+01 4.382913e+03 1.573948e+04
2.231000e+01 4.401123e+03 1.576238e+04
2.232000e+01 4.419334e+03 1.578527e+04
2.233000e+01 4.437544e+03 1.580817e+04
2.234000e+01 4.455754e+03 1.583107e+04
2.235000e+01 4.473965e+03 1.585396e+04
2.236000e+01 4.492175e+03 1.587686e+04
2.237000e+01 4.510386e+03 1.589975e+04
2.238000e+01 4.528596e+03 1.592265e+04
2.239000e+01 4.546807e+03 1.594555e+04
2.240000e+01 4.565017e+03 1.596844e+04
2.241000e+01 4.583228e+03 1.599134e+04
2.242000e+01 4.601438e+03 1.601423e+04
2.243000e+01 4.619649e+03 1.603713e+04
2.244000e+01 4.637859e+03 1.606003e+04
2.245000e+01 4.656070e+03 1.608292e+04
2.246000e+01 4.674280e+03 1.610582e+04
2.247000e+01 4.692490e+03 1.612871e+04
2.248000e+01 4.710701e+03 1.615161e+04
2.249000e+01 4.728911e+03 1.617451e+04
2.250000e+01 4.747122e+03 1.619740e+04
2.251000e+01 4.765332e+03 1.622030e+04
2.252000e+01 4.783543e+03 1.624319e+04
2.253000e+01 4.801753e+03 1.626609e+04
2.254000e+01 4.819964e+03 1.628899e+04
2.255000e+01 4.838415e+03 1.631187e+04
2.256000e+01 4.858357e+03 1.633472e+04
2.257000e+01 4.878300e+03 1.635756e+04
2.258000e+01 4.898243e+03 1.638040e+04
2.259000e+01 4.918186e+03 1.640324e+04
2.260000e+01 4.938129e+03 1.642608e+04
2.261000e+01 4.958072e+03 1.644892e+04
2.262000e+01 4.978015e+03 1.647176e+04
2.263000e+01 4.997957e+03 1.649461e+04
2.264000e+01 5.017900e+03 1.651745e+04
2.265000e+01 5.037843e+03 1.654029e+04
2.266000e+01 5.057786e+03 1.656313e+04
2.267000e+01 5.077729e+03 1.658597e+04
2.268000e+01 5.097672e+03 1.660881e+04
2.269000e+01 5.117615e+03 1.663165e+04
2.270000e+01 5.137557e+03 1.665450e+04
2.271000e+01 5.157500e+03 1.667734e+04
2.272000e+01 5.177443e+03 1.670018e+04
2.273000e+01 5.197386e+03 1.672302e+04
2.274000e+01 5.217329e+03 1.674586e+04
2.275000e+01 5.237272e+03 1.676870e+04
2.276000e+01 5.257215e+03 1.679155e+04
2.277000e+01 5.277158e+03 1.681439e+04
2.278000e+01 5.297100e+03 1.683723e+04
2.279000e+01 5.317043e+03 1.686007e+04
2.280000e+01 5.336986e+03 1.688291e+04
2.281000e+01 5.359394e+03 1.690726e+04
2.282000e+01 5.384120e+03 1.693303e+04
2.283000e+01 5.408846e+03 1.695879e+04
2.284000e+01 5.433572e+03 1.698456e+04
2.285000e+01 5.458299e+03 1.701033e+04
2.286000e+01 5.483025e+03 1.703609e+04
2.287000e+01 5.507751e+03 1.706186e+04
2.288000e+01 5.532477e+03 1.708762e+04
2.289000e+01 5.557203e+03 1.711339e+04
2.290000e+01 5.581929e+03 1.713916e+04
2.291000e+01 5.606655e+03 1.716492e+04
2.292000e+01 5.631382e+03 1.719069e+04
2.293000e+01 5.656108e+03 1.721646e+04
2.294000e+01 5.680834e+03 1.724222e+04
2.295000e+01 5.705560e+03 1.726799e+04
2.296000e+01 5.730286e+03 1.729376e+04
2.297000e+01 5.755012e+03 1.731952e+04
2.298000e+01 5.779739e+03 1.734529e+04
2.299000e+01 5.804465e+03 1.737105e+04
2.300000e+01 5.829191e+03 1.739682e+04
2.301000e+01 5.853917e+03 1.742259e+04
2.302000e+01 5.878643e+03 1.744835e+04
2.303000e+01 5.903369e+03 1.747412e+04
2.304000e+01 5.928095e+03 1.749989e+04
2.305000e+01 5.952822e+03 1.752565e+04
2.306000e+01 5.977548e+03 1.755142e+04
2.307000e+01 6.012067e+03 1.757788e+04
2.308000e+01 6.047773e+03 1.760443e+04
2.309000e+01 6.083478e+03 1.763098e+04
2.310000e+01 6.119184e+03 1.765752e+04
2.311000e+01 6.154890e+03 1.768407e+04
2.312000e+01 6.190596e+03 1.771062e+04
2.313000e+01 6.226302e+03 1.773716e+04
2.314000e+01 6.262008e+03 1.776371e+04
2.315000e+01 6.297714e+03 1.779026e+04
2.316000e+01 6.333420e+03 1.781680e+04
2.317000e+01 6.369126e+03 1.784335e+04
2.318000e+01 6.404832e+03 1.786990e+04
2.319000e+01 6.440537e+03 1.789644e+04
2.320000e+01 6.476243e+03 1.792299e+04
2.321000e+01 6.511949e+03 1.794954e+04
2.322000e+01 6.547655e+03 1.797608e+04
2.323000e+01 6.583361e+03 1.800263e+04
2.324000e+01 6.619067e+03 1.802918e+04
2.325000e+01 6.654773e+03 1.805572e+04
2.326000e+01 6.690479e+03 1.808227e+04
2.327000e+01 6.726185e+03 1.810882e+04
2.328000e+01 6.761891e+03 1.813536e+04
2.329000e+01 6.797596e+03 1.816191e+04
2.330000e+01 6.833302e+03 1.818846e+04
2.331000e+01 6.869008e+03 1.821500e+04
2.332000e+01 6.908457e+03 1.823937e+04
2.333000e+01 6.958106e+03 1.825780e+04
2.334000e+01 7.007754e+03 1.827622e+04
2.335000e+01 7.057403e+03 1.829465e+04
2.336000e+01 7.107051e+03 1.831308e+04
2.337000e+01 7.156700e+03 1.833150e+04
2.338000e+01 7.206348e+03 1.834993e+04
2.339000e+01 7.255997e+03 1.836836e+04
2.340000e+01 7.305645e+03 1.838678e+04
2.341000e+01 7.355294e+03 1.840521e+04
2.342000e+01 7.404942e+03 1.842364e+04
2.343000e+01 7.454590e+03 1.844206e+04
2.344000e+01 7.504239e+03 1.846049e+04
2.345000e+01 7.553887e+03 1.847892e+04
2.346000e+01 7.603536e+03 1.849734e+04
2.347000e+01 7.653184e+03 1.851577e+04
2.348000e+01 7.702833e+03 1.853420e+04
2.349000e+01 7.752481e+03 1.855262e+04
2.350000e+01 7.802130e+03 1.857105e+04
2.351000e+01 7.851778e+03 1.858948e+04
2.352000e+01 7.901427e+03 1.860790e+04
2.353000e+01 7.951075e+03 1.862633e+04
2.354000e+01 8.000724e+03 1.864476e+04
2.355000e+01 8.050372e+03 1.866318e+04
2.356000e+01 8.100021e+03 1.868161e+04
2.357000e+01 8.149669e+03 1.870003e+04
2.358000e+01 8.204318e+03 1.870634e+04
2.359000e+01 8.261718e+03 1.870598e+04
2.360000e+01 8.319118e+03 1.870562e+04
2.361000e+01 8.376518e+03 1.870526e+04
2.362000e+01 8.433919e+03 1.870490e+04
2.363000e+01 8.491319e+03 1.870454e+04
2.364000e+01 8.548719e+03 1.870418e+04
2.365000e+01 8.606119e+03 1.870382e+04
2.366000e+01 8.663520e+03 1.870345e+04
2.367000e+01 8.720920e+03 1.870309e+04
2.368000e+01 8.778320e+03 1.870273e+04
2.369000e+01 8.835720e+03 1.870237e+04
2.370000e+01 8.893121e+03 1.870201e+04
2.371000e+01 8.950521e+03 1.870165e+04
2.372000e+01 9.007921e+03 1.870129e+04
2.373000e+01 9.065321e+03 1.870093e+04
2.374000e+01 9.122721e+03 1.870057e+04
2.375000e+01 9.180122e+03 1.870020e+04
2.376000e+01 9.237522e+03 1.869984e+04
2.377000e+01 9.294922e+03 1.869948e+04
2.378000e+01 9.352322e+03 1.869912e+04
2.379000e+01 9.409723e+03 1.869876e+04
2.380000e+01 9.467123e+03 1.869840e+04
2.381000e+01 9.524523e+03 1.869804e+04
2.382000e+01 9.581923e+03 1.869768e+04
2.383000e+01 9.639169e+03 1.869684e+04
2.384000e+01 9.689403e+03 1.867437e+04
2.385000e+01 9.739638e+03 1.865190e+04
2.386000e+01 9.789873e+03 1.862943e+04
2.387000e+01 9.840108e+03 1.860696e+04
2.388000e+01 9.890343e+03 1.858449e+04
2.389000e+01 9.940578e+03 1.856202e+04
2.390000e+01 9.990813e+03 1.853955e+04
2.391000e+01 1.004105e+04 1.851708e+04
2.392000e+01 1.009128e+04 1.849461e+04
2.393000e+01 1.014152e+04 1.847214e+04
2.394000e+01 1.019175e+04 1.844967e+04
2.395000e+01 1.024199e+04 1.842720e+04
2.396000e+01 1.029222e+04 1.840472e+04
2.397000e+01 1.034246e+04 1.838225e+04
2.398000e+01 1.039269e+04 1.835978e+04
2.399000e+01 1.044293e+04 1.833731e+04
2.400000e+01 1.049316e+04 1.831484e+04
2.401000e+01 1.054340e+04 1.829237e+04
2.402000e+01 1.059363e+04 1.826990e+04
2.403000e+01 1.064387e+04 1.824743e+04
2.404000e+01 1.069410e+04 1.822496e+04
2.405000e+01 1.074434e+04 1.820249e+04
2.406000e+01 1.079457e+04 1.818002e+04
2.407000e+01 1.084481e+04 1.815755e+04
2.408000e+01 1.089504e+04 1.813508e+04
2.409000e+01 1.093643e+04 1.810794e+04
2.410000e+01 1.096445e+04 1.807372e+04
2.411000e+01 1.099248e+04 1.803951e+04
2.412000e+01 1.102050e+04 1.800530e+04
2.413000e+01 1.104852e+04 1.797108e+04
2.414000e+01 1.107654e+04 1.793687e+04
2.415000e+01 1.110457e+04 1.790266e+04
2.416000e+01 1.113259e+04 1.786844e+04
2.417000e+01 1.116061e+04 1.783423e+04
2.418000e+01 1.118864e+04 1.780002e+04
2.419000e+01 1.121666e+04 1.776580e+04
2.420000e+01 1.124468e+04 1.773159e+04
2.421000e+01 1.127270e+04 1.769738e+04
2.422000e+01 1.130073e+04 1.766316e+04
2.423000e+01 1.132875e+04 1.762895e+04
2.424000e+01 1.135677e+04 1.759474e+04
2.425000e+01 1.138479e+04 1.756052e+04
2.426000e+01 1.141282e+04 1.752631e+04
2.427000e+01 1.144084e+04 1.749210e+04
2.428000e+01 1.146886e+04 1.745789e+04
2.429000e+01 1.149688e+04 1.742367e+04
2.430000e+01 1.152491e+04 1.738946e+04
2.431000e+01 1.155293e+04 1.735525e+04
2.432000e+01 1.158095e+04 1.732103e+04
2.433000e+01 1.160898e+04 1.728682e+04
2.434000e+01 1.163700e+04 1.725261e+04
2.435000e+01 1.164540e+04 1.722576e+04
2.436000e+01 1.164809e+04 1.720105e+04
2.437000e+01 1.165078e+04 1.717635e+04
2.438000e+01 1.165347e+04 1.715164e+04
2.439000e+01 1.165617e+04 1.712694e+04
2.440000e+01 1.165886e+04 1.710223e+04
2.441000e+01 1.166155e+04 1.707753e+04
2.442000e+01 1.166425e+04 1.705282e+04
2.443000e+01 1.166694e+04 1.702811e+04
2.444000e+01 1.166963e+04 1.700341e+04
2.445000e+01 1.167233e+04 1.697870e+04
2.446000e+01 1.167502e+04 1.695400e+04
2.447000e+01 1.167771e+04 1.692929e+04
2.448000e+01 1.168041e+04 1.690459e+04
2.449000e+01 1.168310e+04 1.687988e+04
2.450000e+01 1.168579e+04 1.685517e+04
2.451000e+01 1.168849e+04 1.683047e+04
2.452000e+01 1.169118e+04 1.680576e+04
2.453000e+01 1.169387e+04 1.678106e+04
2.454000e+01 1.169656e+04 1.675635e+04
2.455000e+01 1.169926e+04 1.673165e+04
2.456000e+01 1.170195e+04 1.670694e+04
2.457000e+01 1.170464e+04 1.668223e+04
2.458000e+01 1.170734e+04 1.665753e+04
2.459000e+01 1.171003e+04 1.663282e+04
2.460000e+01 1.171125e+04 1.661254e+04
2.461000e+01 1.170421e+04 1.661703e+04
2.462000e+01 1.169716e+04 1.662152e+04
2.463000e+01 1.169012e+04 1.662601e+04
2.464000e+01 1.168308e+04 1.663050e+04
2.465000e+01 1.167603e+04 1.663499e+04
2.466000e+01 1.166899e+04 1.663948e+04
2.467000e+01 1.166195e+04 1.664397e+04
2.468000e+01 1.165491e+04 1.664846e+04
2.469000e+01 1.164786e+04 1.665295e+04
2.470000e+01 1.164082e+04 1.665744e+04
2.471000e+01 1.163378e+04 1.666194e+04
2.472000e+01 1.162673e+04 1.666643e+04
2.473000e+01 1.161969e+04 1.667092e+04
2.474000e+01 1.161265e+04 1.667541e+04
2.475000e+01 1.160560e+04 1.667990e+04
2.476000e+01 1.159856e+04 1.668439e+04
2.477000e+01 1.159152e+04 1.668888e+04
2.478000e+01 1.158448e+04 1.669337e+04
2.479000e+01 1.157743e+04 1.669786e+04
2.480000e+01 1.157039e+04 1.670235e+04
2.481000e+01 1.156335e+04 1.670684e+04
2.482000e+01 1.155630e+04 1.671133e+04
2.483000e+01 1.154926e+04 1.671583e+04
2.484000e+01 1.154222e+04 1.672032e+04
2.485000e+01 1.153517e+04 1.672481e+04
2.486000e+01 1.153839e+04 1.674628e+04
2.487000e+01 1.155078e+04 1.678293e+04
2.488000e+01 1.156317e+04 1.681959e+04
2.489000e+01 1.157555e+04 1.685624e+04
2.490000e+01 1.158794e+04 1.689290e+04
2.491000e+01 1.160033e+04 1.692955e+04
2.492000e+01 1.161272e+04 1.696620e+04
2.493000e+01 1.162511e+04 1.700286e+04
2.494000e+01 1.163750e+04 1.703951e+04
2.495000e+01 1.164988e+04 1.707617e+04
2.496000e+01 1.166227e+04 1.711282e+04
2.497000e+01 1.167466e+04 1.714948e+04
2.498000e+01 1.168705e+04 1.718613e+04
2.499000e+01 1.169944e+04 1.722279e+04
2.500000e+01 1.171183e+04 1.725944e+04
2.501000e+01 1.172422e+04 1.729609e+04
2.502000e+01 1.173660e+04 1.733275e+04
2.503000e+01 1.174899e+04 1.736940e+04
2.504000e+01 1.176138e+04 1.740606e+04
2.505000e+01 1.177377e+04 1.744271e+04
2.506000e+01 1.178616e+04 1.747937e+04
2.507000e+01 1.179855e+04 1.751602e+04
2.508000e+01 1.181093e+04 1.755268e+04
2.509000e+01 1.182332e+04 1.758933e+04
2.510000e+01 1.183571e+04 1.762598e+04
2.511000e+01 1.184810e+04 1.766264e+04
2.512000e+01 1.190210e+04 1.770916e+04
2.513000e+01 1.196050e+04 1.775671e+04
2.514000e+01 1.201890e+04 1.780427e+04
2.515000e+01 1.207730e+04 1.785183e+04
2.516000e+01 1.213570e+04 1.789939e+04
2.517000e+01 1.219410e+04 1.794695e+04
2.518000e+01 1.225250e+04 1.799451e+04
2.519000e+01 1.231090e+04 1.804207e+04
2.520000e+01 1.236930e+04 1.808962e+04
2.521000e+01 1.242770e+04 1.813718e+04
2.522000e+01 1.248610e+04 1.818474e+04
2.523000e+01 1.254450e+04 1.823230e+04
2.524000e+01 1.260290e+04 1.827986e+04
2.525000e+01 1.266130e+04 1.832742e+04
2.526000e+01 1.271970e+04 1.837498e+04
2.527000e+01 1.277810e+04 1.842253e+04
2.528000e+01 1.283649e+04 1.847009e+04
2.529000e+01 1.289489e+04 1.851765e+04
2.530000e+01 1.295329e+04 1.856521e+04
2.531000e+01 1.301169e+04 1.861277e+04
2.532000e+01 1.307009e+04 1.866033e+04
2.533000e+01 1.312849e+04 1.870789e+04
2.534000e+01 1.318689e+04 1.875544e+04
2.535000e+01 1.324529e+04 1.880300e+04
2.536000e+01 1.330369e+04 1.885056e+04
2.537000e+01 1.337663e+04 1.889033e+04
2.538000e+01 1.348674e+04 1.891019e+04
2.539000e+01 1.359686e+04 1.893005e+04
2.540000e+01 1.370698e+04 1.894991e+04
2.541000e+01 1.381710e+04 1.896976e+04
2.542000e+01 1.392722e+04 1.898962e+04
2.543000e+01 1.403733e+04 1.900948e+04
2.544000e+01 1.414745e+04 1.902933e+04
2.545000e+01 1.425757e+04 1.904919e+04
2.546000e+01 1.436769e+04 1.906905e+04
2.547000e+01 1.447781e+04 1.908891e+04
2.548000e+01 1.458793e+04 1.910876e+04
2.549000e+01 1.469804e+04 1.912862e+04
2.550000e+01 1.480816e+04 1.914848e+04
2.551000e+01 1.491828e+04 1.916834e+04
2.552000e+01 1.502840e+04 1.918819e+04
2.553000e+01 1.513852e+04 1.920805e+04
2.554000e+01 1.524863e+04 1.922791e+04
2.555000e+01 1.535875e+04 1.924777e+04
2.556000e+01 1.546887e+04 1.926762e+04
2.557000e+01 1.557899e+04 1.928748e+04
2.558000e+01 1.568911e+04 1.930734e+04
2.559000e+01 1.579922e+04 1.932720e+04
2.560000e+01 1.590934e+04 1.934705e+04
2.561000e+01 1.601946e+04 1.936691e+04
2.562000e+01 1.612958e+04 1.938677e+04
2.563000e+01 1.625796e+04 1.936421e+04
2.564000e+01 1.639586e+04 1.931957e+04
2.565000e+01 1.653375e+04 1.927493e+04
2.566000e+01 1.667165e+04 1.923029e+04
2.567000e+01 1.680955e+04 1.918565e+04
2.568000e+01 1.694744e+04 1.914101e+04
2.569000e+01 1.708534e+04 1.909637e+04
2.570000e+01 1.722323e+04 1.905173e+04
2.571000e+01 1.736113e+04 1.900709e+04
2.572000e+01 1.749902e+04 1.896245e+04
2.573000e+01 1.763692e+04 1.891781e+04
2.574000e+01 1.777481e+04 1.887317e+04
2.575000e+01 1.791271e+04 1.882853e+04
2.576000e+01 1.805060e+04 1.878389e+04
2.577000e+01 1.818850e+04 1.873925e+04
2.578000e+01 1.832639e+04 1.869461e+04
2.579000e+01 1.846429e+04 1.864997e+04
2.580000e+01 1.860218e+04 1.860533e+04
2.581000e+01 1.874008e+04 1.856069e+04
2.582000e+01 1.887797e+04 1.851606e+04
2.583000e+01 1.901587e+04 1.847142e+04
2.584000e+01 1.915376e+04 1.842678e+04
2.585000e+01 1.929166e+04 1.838214e+04
2.586000e+01 1.942955e+04 1.833750e+04
2.587000e+01 1.956745e+04 1.829286e+04
2.588000e+01 1.970471e+04 1.824553e+04
2.589000e+01 1.982422e+04 1.812247e+04
2.590000e+01 1.994373e+04 1.799941e+04
2.591000e+01 2.006324e+04 1.787635e+04
2.592000e+01 2.018275e+04 1.775330e+04
2.593000e+01 2.030226e+04 1.763024e+04
2.594000e+01 2.042177e+04 1.750718e+04
2.595000e+01 2.054129e+04 1.738412e+04
2.596000e+01 2.066080e+04 1.726106e+04
2.597000e+01 2.078031e+04 1.713800e+04
2.598000e+01 2.089982e+04 1.701494e+04
2.599000e+01 2.101933e+04 1.689188e+04
2.600000e+01 2.113884e+04 1.676882e+04
2.601000e+01 2.125835e+04 1.664576e+04
2.602000e+01 2.137786e+04 1.652270e+04
2.603000e+01 2.149737e+04 1.639964e+04
2.604000e+01 2.161688e+04 1.627658e+04
2.605000e+01 2.173639e+04 1.615352e+04
2.606000e+01 2.185590e+04 1.603046e+04
2.607000e+01 2.197541e+04 1.590740e+04
2.608000e+01 2.209492e+04 1.578435e+04
2.609000e+01 2.221443e+04 1.566129e+04
2.610000e+01 2.233394e+04 1.553823e+04
2.611000e+01 2.245345e+04 1.541517e+04
2.612000e+01 2.257296e+04 1.529211e+04
2.613000e+01 2.269247e+04 1.516905e+04
2.614000e+01 2.278484e+04 1.502181e+04
2.615000e+01 2.283827e+04 1.483990e+04
2.616000e+01 2.289170e+04 1.465798e+04
2.617000e+01 2.294513e+04 1.447607e+04
2.618000e+01 2.299857e+04 1.429415e+04
2.619000e+01 2.305200e+04 1.411224e+04
2.620000e+01 2.310543e+04 1.393032e+04
2.621000e+01 2.315886e+04 1.374841e+04
2.622000e+01 2.321229e+04 1.356650e+04
2.623000e+01 2.326572e+04 1.338458e+04
2.624000e+01 2.331915e+04 1.320267e+04
2.625000e+01 2.337259e+04 1.302075e+04
2.626000e+01 2.342602e+04 1.283884e+04
2.627000e+01 2.347945e+04 1.265692e+04
2.628000e+01 2.353288e+04 1.247501e+04
2.629000e+01 2.358631e+04 1.229310e+04
2.630000e+01 2.363974e+04 1.211118e+04
2.631000e+01 2.369318e+04 1.192927e+04
2.632000e+01 2.374661e+04 1.174735e+04
2.633000e+01 2.380004e+04 1.156544e+04
2.634000e+01 2.385347e+04 1.138352e+04
2.635000e+01 2.390690e+04 1.120161e+04
2.636000e+01 2.396033e+04 1.101969e+04
2.637000e+01 2.401377e+04 1.083778e+04
2.638000e+01 2.406720e+04 1.065587e+04
2.639000e+01 2.412063e+04 1.047395e+04
2.640000e+01 2.410127e+04 1.028242e+04
2.641000e+01 2.406227e+04 1.008828e+04
2.642000e+01 2.402326e+04 9.894148e+03
2.643000e+01 2.398425e+04 9.700015e+03
2.644000e+01 2.394524e+04 9.505881e+03
2.645000e+01 2.390623e+04 9.311748e+03
2.646000e+01 2.386722e+04 9.117614e+03
2.647000e+01 2.382821e+04 8.923480e+03
2.648000e+01 2.378920e+04 8.729347e+03
2.649000e+01 2.375020e+04 8.535213e+03
2.650000e+01 2.371119e+04 8.341080e+03
2.651000e+01 2.367218e+04 8.146946e+03
2.652000e+01 2.363317e+04 7.952812e+03
2.653000e+01 2.359416e+04 7.758679e+03
2.654000e+01 2.355515e+04 7.564545e+03
2.655000e+01 2.351614e+04 7.370412e+03
2.656000e+01 2.347713e+04 7.176278e+03
2.657000e+01 2.343813e+04 6.982145e+03
2.658000e+01 2.339912e+04 6.788011e+03
2.659000e+01 2.336011e+04 6.593877e+03
2.660000e+01 2.332110e+04 6.399744e+03
2.661000e+01 2.328209e+04 6.205610e+03
2.662000e+01 2.324308e+04 6.011477e+03
2.663000e+01 2.320407e+04 5.817343e+03
2.664000e+01 2.316506e+04 5.623209e+03
2.665000e+01 2.311214e+04 5.435850e+03
2.666000e+01 2.298827e+04 5.283032e+03
2.667000e+01 2.286440e+04 5.130213e+03
2.668000e+01 2.274053e+04 4.977395e+03
2.669000e+01 2.261666e+04 4.824577e+03
2.670000e+01 2.249278e+04 4.671759e+03
2.671000e+01 2.236891e+04 4.518940e+03
2.672000e+01 2.224504e+04 4.366122e+03
2.673000e+01 2.212117e+04 4.213304e+03
2.674000e+01 2.199730e+04 4.060486e+03
2.675000e+01 2.187343e+04 3.907667e+03
2.676000e+01 2.174955e+04 3.754849e+03
2.677000e+01 2.162568e+04 3.602031e+03
2.678000e+01 2.150181e+04 3.449212e+03
2.679000e+01 2.137794e+04 3.296394e+03
2.680000e+01 2.125407e+04 3.143576e+03
2.681000e+01 2.113020e+04 2.990758e+03
2.682000e+01 2.100633e+04 2.837939e+03
2.683000e+01 2.088245e+04 2.685121e+03
2.684000e+01 2.075858e+04 2.532303e+03
2.685000e+01 2.063471e+04 2.379485e+03
2.686000e+01 2.051084e+04 2.226666e+03
2.687000e+01 2.038697e+04 2.073848e+03
2.688000e+01 2.026310e+04 1.921030e+03
2.689000e+01 2.013923e+04 1.768211e+03
2.690000e+01 2.001535e+04 1.615393e+03
2.691000e+01 1.986589e+04 1.505137e+03
2.692000e+01 1.969467e+04 1.431058e+03
2.693000e+01 1.952345e+04 1.356979e+03
2.694000e+01 1.935223e+04 1.282900e+03
2.695000e+01 1.918101e+04 1.208821e+03
2.696000e+01 1.900979e+04 1.134742e+03
2.697000e+01 1.883857e+04 1.060663e+03
2.698000e+01 1.866735e+04 9.865838e+02
2.699000e+01 1.849613e+04 9.125048e+02
2.700000e+01 1.832491e+04 8.384258e+02
2.701000e+01 1.815369e+04 7.643468e+02
2.702000e+01 1.798247e+04 6.902678e+02
2.703000e+01 1.781125e+04 6.161888e+02
2.704000e+01 1.764003e+04 5.421099e+02
2.705000e+01 1.746881e+04 4.680309e+02
2.706000e+01 1.729759e+04 3.939519e+02
2.707000e+01 1.712637e+04 3.198729e+02
2.708000e+01 1.695515e+04 2.457939e+02
2.709000e+01 1.678393e+04 1.717149e+02
2.710000e+01 1.661271e+04 9.763591e+01
2.711000e+01 1.644149e+04 2.355692e+01
2.712000e+01 1.627027e+04 -5.052207e+01
2.713000e+01 1.609905e+04 -1.246011e+02
2.714000e+01 1.592783e+04 -1.986800e+02
2.715000e+01 1.575661e+04 -2.727590e+02
2.716000e+01 1.558539e+04 -3.468380e+02
2.717000e+01 1.541652e+04 -3.420339e+02
2.718000e+01 1.524785e+04 -3.301009e+02
2.719000e+01 1.507919e+04 -3.181679e+02
2.720000e+01 1.491053e+04 -3.062350e+02
2.721000e+01 1.474187e+04 -2.943020e+02
2.722000e+01 1.457320e+04 -2.823690e+02
2.723000e+01 1.440454e+04 -2.704360e+02
2.724000e+01 1.423588e+04 -2.585030e+02
2.725000e+01 1.406722e+04 -2.465700e+02
2.726000e+01 1.389855e+04 -2.346370e+02
2.727000e+01 1.372989e+04 -2.227040e+02
2.728000e+01 1.356123e+04 -2.107710e+02
2.729000e+01 1.339257e+04 -1.988380e+02
2.730000e+01 1.322390e+04 -1.869050e+02
2.731000e+01 1.305524e+04 -1.749720e+02
2.732000e+01 1.288658e+04 -1.630390e+02
2.733000e+01 1.271792e+04 -1.511060e+02
2.734000e+01 1.254925e+04 -1.391730e+02
2.735000e+01 1.238059e+04 -1.272400e+02
2.736000e+01 1.221193e+04 -1.153070e+02
2.737000e+01 1.204327e+04 -1.033740e+02
2.738000e+01 1.187460e+04 -9.144098e+01
2.739000e+01 1.170594e+04 -7.950798e+01
2.740000e+01 1.153728e+04 -6.757498e+01
2.741000e+01 1.136862e+04 -5.564198e+01
2.742000e+01 1.121278e+04 -2.490342e+01
2.743000e+01 1.108781e+04 5.106080e+01
2.744000e+01 1.096283e+04 1.270250e+02
2.745000e+01 1.083785e+04 2.029892e+02
2.746000e+01 1.071287e+04 2.789534e+02
2.747000e+01 1.058789e+04 3.549177e+02
2.748000e+01 1.046291e+04 4.308819e+02
2.749000e+01 1.033794e+04 5.068461e+02
2.750000e+01 1.021296e+04 5.828103e+02
2.751000e+01 1.008798e+04 6.587745e+02
2.752000e+01 9.963002e+03 7.347387e+02
2.753000e+01 9.838023e+03 8.107030e+02
2.754000e+01 9.713045e+03 8.866672e+02
2.755000e+01 9.588067e+03 9.626314e+02
2.756000e+01 9.463088e+03 1.038596e+03
2.757000e+01 9.338110e+03 1.114560e+03
2.758000e+01 9.213132e+03 1.190524e+03
2.759000e+01 9.088153e+03 1.266488e+03
2.760000e+01 8.963175e+03 1.342452e+03
2.761000e+01 8.838197e+03 1.418417e+03
2.762000e+01 8.713218e+03 1.494381e+03
2.763000e+01 8.588240e+03 1.570345e+03
2.764000e+01 8.463262e+03 1.646309e+03
2.765000e+01 8.338283e+03 1.722274e+03
2.766000e+01 8.213305e+03 1.798238e+03
2.767000e+01 8.088327e+03 1.874202e+03
2.768000e+01 8.004736e+03 1.967731e+03
2.769000e+01 7.941505e+03 2.069900e+03
2.770000e+01 7.878273e+03 2.172069e+03
2.771000e+01 7.815042e+03 2.274238e+03
2.772000e+01 7.751811e+03 2.376407e+03
2.773000e+01 7.688580e+03 2.478576e+03
2.774000e+01 7.625349e+03 2.580745e+03
2.775000e+01 7.562118e+03 2.682915e+03
2.776000e+01 7.498887e+03 2.785084e+03
2.777000e+01 7.435655e+03 2.887253e+03
2.778000e+01 7.372424e+03 2.989422e+03
2.779000e+01 7.309193e+03 3.091591e+03
2.780000e+01 7.245962e+03 3.193760e+03
2.781000e+01 7.182731e+03 3.295930e+03
2.782000e+01 7.119500e+03 3.398099e+03
2.783000e+01 7.056268e+03 3.500268e+03
2.784000e+01 6.993037e+03 3.602437e+03
2.785000e+01 6.929806e+03 3.704606e+03
2.786000e+01 6.866575e+03 3.806775e+03
2.787000e+01 6.803344e+03 3.908944e+03
2.788000e+01 6.740113e+03 4.011114e+03
2.789000e+01 6.676881e+03 4.113283e+03
2.790000e+01 6.613650e+03 4.215452e+03
2.791000e+01 6.550419e+03 4.317621e+03
2.792000e+01 6.487188e+03 4.419790e+03
2.793000e+01 6.426523e+03 4.521500e+03
2.794000e+01 6.418066e+03 4.613866e+03
2.795000e+01 6.409610e+03 4.706231e+03
2.796000e+01 6.401153e+03 4.798597e+03
2.797000e+01 6.392696e+03 4.890962e+03
2.798000e+01 6.384240e+03 4.983328e+03
2.799000e+01 6.375783e+03 5.075693e+03
2.800000e+01 6.367326e+03 5.168059e+03
2.801000e+01 6.358870e+03 5.260424e+03
2.802000e+01 6.350413e+03 5.352790e+03
2.803000e+01 6.341956e+03 5.445155e+03
2.804000e+01 6.333500e+03 5.537520e+03
2.805000e+01 6.325043e+03 5.629886e+03
2.806000e+01 6.316586e+03 5.722251e+03
2.807000e+01 6.308130e+03 5.814617e+03
2.808000e+01 6.299673e+03 5.906982e+03
2.809000e+01 6.291216e+03 5.999348e+03
2.810000e+01 6.282760e+03 6.091713e+03
2.811000e+01 6.274303e+03 6.184079e+03
2.812000e+01 6.265846e+03 6.276444e+03
2.813000e+01 6.257390e+03 6.368810e+03
2.814000e+01 6.248933e+03 6.461175e+03
2.815000e+01 6.240476e+03 6.553541e+03
2.816000e+01 6.232020e+03 6.645906e+03
2.817000e+01 6.223563e+03 6.738272e+03
2.818000e+01 6.215106e+03 6.830637e+03
2.819000e+01 6.220018e+03 6.909953e+03
2.820000e+01 6.243132e+03 6.971498e+03
2.821000e+01 6.266247e+03 7.033043e+03
2.822000e+01 6.289362e+03 7.094588e+03
2.823000e+01 6.312477e+03 7.156133e+03
2.824000e+01 6.335591e+03 7.217678e+03
2.825000e+01 6.358706e+03 7.279223e+03
2.826000e+01 6.381821e+03 7.340768e+03
2.827000e+01 6.404936e+03 7.402313e+03
2.828000e+01 6.428050e+03 7.463858e+03
2.829000e+01 6.451165e+03 7.525403e+03
2.830000e+01 6.474280e+03 7.586948e+03
2.831000e+01 6.497395e+03 7.648493e+03
2.832000e+01 6.520509e+03 7.710038e+03
2.833000e+01 6.543624e+03 7.771583e+03
2.834000e+01 6.566739e+03 7.833128e+03
2.835000e+01 6.589854e+03 7.894674e+03
2.836000e+01 6.612968e+03 7.956219e+03
2.837000e+01 6.636083e+03 8.017764e+03
2.838000e+01 6.659198e+03 8.079309e+03
2.839000e+01 6.682313e+03 8.140854e+03
2.840000e+01 6.705427e+03 8.202399e+03
2.841000e+01 6.728542e+03 8.263944e+03
2.842000e+01 6.751657e+03 8.325489e+03
2.843000e+01 6.774772e+03 8.387034e+03
2.844000e+01 6.797887e+03 8.448579e+03
2.845000e+01 6.825393e+03 8.483795e+03
2.846000e+01 6.853997e+03 8.512429e+03
2.847000e+01 6.882601e+03 8.541063e+03
2.848000e+01 6.911205e+03 8.569696e+03
2.849000e+01 6.939809e+03 8.598330e+03
2.850000e+01 6.968413e+03 8.626964e+03
2.851000e+01 6.997017e+03 8.655598e+03
2.852000e+01 7.025621e+03 8.684232e+03
2.853000e+01 7.054225e+03 8.712866e+03
2.854000e+01 7.082829e+03 8.741499e+03
2.855000e+01 7.111433e+03 8.770133e+03
2.856000e+01 7.140037e+03 8.798767e+03
2.857000e+01 7.168641e+03 8.827401e+03
2.858000e+01 7.197245e+03 8.856035e+03
2.859000e+01 7.225849e+03 8.884669e+03
2.860000e+01 7.254453e+03 8.913302e+03
2.861000e+01 7.283057e+03 8.941936e+03
2.862000e+01 7.311661e+03 8.970570e+03
2.863000e+01 7.340265e+03 8.999204e+03
2.864000e+01 7.368869e+03 9.027838e+03
2.865000e+01 7.397473e+03 9.056472e+03
2.866000e+01 7.426077e+03 9.085105e+03
2.867000e+01 7.454681e+03 9.113739e+03
2.868000e+01 7.483285e+03 9.142373e+03
2.869000e+01 7.511889e+03 9.171007e+03
2.870000e+01 7.538312e+03 9.195964e+03
2.871000e+01 7.554565e+03 9.203776e+03
2.872000e+01 7.570818e+03 9.211587e+03
2.873000e+01 7.587071e+03 9.219399e+03
2.874000e+01 7.603324e+03 9.227210e+03
2.875000e+01 7.619577e+03 9.235022e+03
2.876000e+01 7.635830e+03 9.242833e+03
2.877000e+01 7.652083e+03 9.250645e+03
2.878000e+01 7.668336e+03 9.258456e+03
2.879000e+01 7.684589e+03 9.266268e+03
2.880000e+01 7.700842e+03 9.274079e+03
2.881000e+01 7.717095e+03 9.281891e+03
2.882000e+01 7.733348e+03 9.289702e+03
2.883000e+01 7.749601e+03 9.297514e+03
2.884000e+01 7.765854e+03 9.305325e+03
2.885000e+01 7.782107e+03 9.313137e+03
2.886000e+01 7.798360e+03 9.320948e+03
2.887000e+01 7.814613e+03 9.328760e+03
2.888000e+01 7.830867e+03 9.336571e+03
2.889000e+01 7.847120e+03 9.344383e+03
2.890000e+01 7.863373e+03 9.352194e+03
2.891000e+01 7.879626e+03 9.360006e+03
2.892000e+01 7.895879e+03 9.367817e+03
2.893000e+01 7.912132e+03 9.375629e+03
2.894000e+01 7.928385e+03 9.383440e+03
2.895000e+01 7.944638e+03 9.391252e+03
2.896000e+01 7.951426e+03 9.396956e+03
2.897000e+01 7.950568e+03 9.400957e+03
2.898000e+01 7.949711e+03 9.404958e+03
2.899000e+01 7.948853e+03 9.408960e+03
2.900000e+01 7.947996e+03 9.412961e+03
2.901000e+01 7.947138e+03 9.416962e+03
2.902000e+01 7.946281e+03 9.420964e+03
2.903000e+01 7.945423e+03 9.424965e+03
2.904000e+01 7.944566e+03 9.428966e+03
2.905000e+01 7.943708e+03 9.432967e+03
2.906000e+01 7.942851e+03 9.436969e+03
2.907000e+01 7.941993e+03 9.440970e+03
2.908000e+01 7.941136e+03 9.444971e+03
2.909000e+01 7.940278e+03 9.448973e+03
2.910000e+01 7.939421e+03 9.452974e+03
2.911000e+01 7.938563e+03 9.456975e+03
2.912000e+01 7.937706e+03 9.460976e+03
2.913000e+01 7.936849e+03 9.464978e+03
2.914000e+01 7.935991e+03 9.468979e+03
2.915000e+01 7.935134e+03 9.472980e+03
2.916000e+01 7.934276e+03 9.476982e+03
2.917000e+01 7.933419e+03 9.480983e+03
2.918000e+01 7.932561e+03 9.484984e+03
2.919000e+01 7.931704e+03 9.488985e+03
2.920000e+01 7.930846e+03 9.492987e+03
2.921000e+01 7.929989e+03 9.496988e+03
2.922000e+01 7.919274e+03 9.509610e+03
2.923000e+01 7.907815e+03 9.522884e+03
2.924000e+01 7.896355e+03 9.536157e+03
2.925000e+01 7.884896e+03 9.549431e+03
2.926000e+01 7.873436e+03 9.562704e+03
2.927000e+01 7.861977e+03 9.575978e+03
2.928000e+01 7.850518e+03 9.589252e+03
2.929000e+01 7.839058e+03 9.602525e+03
2.930000e+01 7.827599e+03 9.615799e+03
2.931000e+01 7.816139e+03 9.629072e+03
2.932000e+01 7.804680e+03 9.642346e+03
2.933000e+01 7.793221e+03 9.655620e+03
2.934000e+01 7.781761e+03 9.668893e+03
2.935000e+01 7.770302e+03 9.682167e+03
2.936000e+01 7.758842e+03 9.695440e+03
2.937000e+01 7.747383e+03 9.708714e+03
2.938000e+01 7.735924e+03 9.721987e+03
2.939000e+01 7.724464e+03 9.735261e+03
2.940000e+01 7.713005e+03 9.748535e+03
2.941000e+01 7.701545e+03 9.761808e+03
2.942000e+01 7.690086e+03 9.775082e+03
2.943000e+01 7.678626e+03 9.788355e+03
2.944000e+01 7.667167e+03 9.801629e+03
2.945000e+01 7.655708e+03 9.814903e+03
2.946000e+01 7.644248e+03 9.828176e+03
2.947000e+01 7.633111e+03 9.845567e+03
2.948000e+01 7.622702e+03 9.872282e+03
2.949000e+01 7.612293e+03 9.898996e+03
2.950000e+01 7.601884e+03 9.925711e+03
2.951000e+01 7.591475e+03 9.952426e+03
2.952000e+01 7.581067e+03 9.979140e+03
2.953000e+01 7.570658e+03 1.000585e+04
2.954000e+01 7.560249e+03 1.003257e+04
2.955000e+01 7.549840e+03 1.005928e+04
2.956000e+01 7.539431e+03 1.008600e+04
2.957000e+01 7.529022e+03 1.011271e+04
2.958000e+01 7.518614e+03 1.013943e+04
2.959000e+01 7.508205e+03 1.016614e+04
2.960000e+01 7.497796e+03 1.019286e+04
2.961000e+01 7.487387e+03 1.021957e+04
2.962000e+01 7.476978e+03 1.024629e+04
2.963000e+01 7.466570e+03 1.027300e+04
2.964000e+01 7.456161e+03 1.029972e+04
2.965000e+01 7.445752e+03 1.032643e+04
2.966000e+01 7.435343e+03 1.035315e+04
2.967000e+01 7.424934e+03 1.037986e+04
2.968000e+01 7.414525e+03 1.040657e+04
2.969000e+01 7.404117e+03 1.043329e+04
2.970000e+01 7.393708e+03 1.046000e+04
2.971000e+01 7.383299e+03 1.048672e+04
2.972000e+01 7.372890e+03 1.051343e+04
2.973000e+01 7.369870e+03 1.054614e+04
2.974000e+01 7.370280e+03 1.058163e+04
2.975000e+01 7.370691e+03 1.061711e+04
2.976000e+01 7.371101e+03 1.065260e+04
2.977000e+01 7.371512e+03 1.068809e+04
2.978000e+01 7.371923e+03 1.072357e+04
2.979000e+01 7.372333e+03 1.075906e+04
2.980000e+01 7.372744e+03 1.079455e+04
2.981000e+01 7.373154e+03 1.083004e+04
2.982000e+01 7.373565e+03 1.086552e+04
2.983000e+01 7.373975e+03 1.090101e+04
2.984000e+01 7.374386e+03 1.093650e+04
2.985000e+01 7.374797e+03 1.097198e+04
2.986000e+01 7.375207e+03 1.100747e+04
2.987000e+01 7.375618e+03 1.104296e+04
2.988000e+01 7.376028e+03 1.107845e+04
2.989000e+01 7.376439e+03 1.111393e+04
2.990000e+01 7.376850e+03 1.114942e+04
2.991000e+01 7.377260e+03 1.118491e+04
2.992000e+01 7.377671e+03 1.122039e+04
2.993000e+01 7.378081e+03 1.125588e+04
2.994000e+01 7.378492e+03 1.129137e+04
2.995000e+01 7.378902e+03 1.132686e+04
2.996000e+01 7.379313e+03 1.136234e+04
2.997000e+01 7.379724e+03 1.139783e+04
2.998000e+01 7.380960e+03 1.143329e+04
2.999000e+01 7.395253e+03 1.146827e+04
3.000000e+01 7.409547e+03 1.150326e+04
3.001000e+01 7.423841e+03 1.153825e+04
3.002000e+01 7.438135e+03 1.157323e+04
3.003000e+01 7.452428e+03 1.160822e+04
3.004000e+01 7.466722e+03 1.164321e+04
3.005000e+01 7.481016e+03 1.167820e+04
3.006000e+01 7.495309e+03 1.171318e+04
3.007000e+01 7.509603e+03 1.174817e+04
3.008000e+01 7.523897e+03 1.178316e+04
3.009000e+01 7.538191e+03 1.181814e+04
3.010000e+01 7.552484e+03 1.185313e+04
3.011000e+01 7.566778e+03 1.188812e+04
3.012000e+01 7.581072e+03 1.192310e+04
3.013000e+01 7.595366e+03 1.195809e+04
3.014000e+01 7.609659e+03 1.199308e+04
3.015000e+01 7.623953e+03 1.202806e+04
3.016000e+01 7.638247e+03 1.206305e+04
3.017000e+01 7.652540e+03 1.209804e+04
3.018000e+01 7.666834e+03 1.213302e+04
3.019000e+01 7.681128e+03 1.216801e+04
3.020000e+01 7.695422e+03 1.220300e+04
3.021000e+01 7.709715e+03 1.223798e+04
3.022000e+01 7.724009e+03 1.227297e+04
3.023000e+01 7.738303e+03 1.230796e+04
3.024000e+01 7.756750e+03 1.233929e+04
3.025000e+01 7.780570e+03 1.236588e+04
3.026000e+01 7.804391e+03 1.239248e+04
3.027000e+01 7.828211e+03 1.241908e+04
3.028000e+01 7.852031e+03 1.244568e+04
3.029000e+01 7.875851e+03 1.247228e+04
3.030000e+01 7.899671e+03 1.249887e+04
3.031000e+01 7.923491e+03 1.252547e+04
3.032000e+01 7.947311e+03 1.255207e+04
3.033000e+01 7.971131e+03 1.257867e+04
3.034000e+01 7.994951e+03 1.260527e+04
3.035000e+01 8.018771e+03 1.263186e+04
3.036000e+01 8.042591e+03 1.265846e+04
3.037000e+01 8.066411e+03 1.268506e+04
3.038000e+01 8.090231e+03 1.271166e+04
3.039000e+01 8.114051e+03 1.273826e+04
3.040000e+01 8.137871e+03 1.276485e+04
3.041000e+01 8.161691e+03 1.279145e+04
3.042000e+01 8.185511e+03 1.281805e+04
3.043000e+01 8.209331e+03 1.284465e+04
3.044000e+01 8.233151e+03 1.287125e+04
3.045000e+01 8.256971e+03 1.289784e+04
3.046000e+01 8.280791e+03 1.292444e+04
3.047000e+01 8.304612e+03 1.295104e+04
3.048000e+01 8.328432e+03 1.297764e+04
3.049000e+01 8.352252e+03 1.300423e+04
3.050000e+01 8.377065e+03 1.302255e+04
3.051000e+01 8.402108e+03 1.303895e+04
3.052000e+01 8.427151e+03 1.305536e+04
3.053000e+01 8.452194e+03 1.307176e+04
3.054000e+01 8.477237e+03 1.308817e+04
3.055000e+01 8.502280e+03 1.310457e+04
3.056000e+01 8.527323e+03 1.312097e+04
3.057000e+01 8.552366e+03 1.313738e+04
3.058000e+01 8.577409e+03 1.315378e+04
3.059000e+01 8.602451e+03 1.317019e+04
3.060000e+01 8.627494e+03 1.318659e+04
3.061000e+01 8.652537e+03 1.320300e+04
3.062000e+01 8.677580e+03 1.321940e+04
3.063000e+01 8.702623e+03 1.323580e+04
3.064000e+01 8.727666e+03 1.325221e+04
3.065000e+01 8.752709e+03 1.326861e+04
3.066000e+01 8.777752e+03 1.328502e+04
3.067000e+01 8.802795e+03 1.330142e+04
3.068000e+01 8.827837e+03 1.331782e+04
3.069000e+01 8.852880e+03 1.333423e+04
3.070000e+01 8.877923e+03 1.335063e+04
3.071000e+01 8.902966e+03 1.336704e+04
3.072000e+01 8.928009e+03 1.338344e+04
3.073000e+01 8.953052e+03 1.339985e+04
3.074000e+01 8.978095e+03 1.341625e+04
3.075000e+01 9.002140e+03 1.343171e+04
3.076000e+01 9.021907e+03 1.344310e+04
3.077000e+01 9.041675e+03 1.345450e+04
3.078000e+01 9.061442e+03 1.346590e+04
3.079000e+01 9.081210e+03 1.347730e+04
3.080000e+01 9.100978e+03 1.348869e+04
3.081000e+01 9.120745e+03 1.350009e+04
3.082000e+01 9.140513e+03 1.351149e+04
3.083000e+01 9.160280e+03 1.352289e+04
3.084000e+01 9.180048e+03 1.353428e+04
3.085000e+01 9.199816e+03 1.354568e+04
3.086000e+01 9.219583e+03 1.355708e+04
3.087000e+01 9.239351e+03 1.356848e+04
3.088000e+01 9.259118e+03 1.357988e+04
3.089000e+01 9.278886e+03 1.359127e+04
3.090000e+01 9.298654e+03 1.360267e+04
3.091000e+01 9.318421e+03 1.361407e+04
3.092000e+01 9.338189e+03 1.362547e+04
3.093000e+01 9.357956e+03 1.363686e+04
3.094000e+01 9.377724e+03 1.364826e+04
3.095000e+01 9.397492e+03 1.365966e+04
3.096000e+01 9.417259e+03 1.367106e+04
3.097000e+01 9.437027e+03 1.368245e+04
3.098000e+01 9.456794e+03 1.369385e+04
3.099000e+01 9.476562e+03 1.370525e+04
3.100000e+01 9.496329e+03 1.371665e+04
3.101000e+01 9.513160e+03 1.373010e+04
3.102000e+01 9.527736e+03 1.374514e+04
3.103000e+01 9.542312e+03 1.376018e+04
3.104000e+01 9.556888e+03 1.377521e+04
3.105000e+01 9.571464e+03 1.379025e+04
3.106000e+01 9.586040e+03 1.380529e+04
3.107000e+01 9.600616e+03 1.382032e+04
3.108000e+01 9.615192e+03 1.383536e+04
3.109000e+01 9.629768e+03 1.385039e+04
3.110000e+01 9.644344e+03 1.386543e+04
3.111000e+01 9.658920e+03 1.388047e+04
3.112000e+01 9.673496e+03 1.389550e+04
3.113000e+01 9.688072e+03 1.391054e+04
3.114000e+01 9.702648e+03 1.392558e+04
3.115000e+01 9.717224e+03 1.394061e+04
3.116000e+01 9.731800e+03 1.395565e+04
3.117000e+01 9.746376e+03 1.397069e+04
3.118000e+01 9.760952e+03 1.398572e+04
3.119000e+01 9.775528e+03 1.400076e+04
3.120000e+01 9.790104e+03 1.401580e+04
3.121000e+01 9.804680e+03 1.403083e+04
3.122000e+01 9.819256e+03 1.404587e+04
3.123000e+01 9.833832e+03 1.406091e+04
3.124000e+01 9.848408e+03 1.407594e+04
3.125000e+01 9.862984e+03 1.409098e+04
3.126000e+01 9.877559e+03 1.410602e+04
3.127000e+01 9.894284e+03 1.413013e+04
3.128000e+01 9.911140e+03 1.415479e+04
3.129000e+01 9.927996e+03 1.417946e+04
3.130000e+01 9.944852e+03 1.420413e+04
3.131000e+01 9.961708e+03 1.422879e+04
3.132000e+01 9.978564e+03 1.425346e+04
3.133000e+01 9.995420e+03 1.427812e+04
3.134000e+01 1.001228e+04 1.430279e+04
3.135000e+01 1.002913e+04 1.432746e+04
3.136000e+01 1.004599e+04 1.435212e+04
3.137000e+01 1.006284e+04 1.437679e+04
3.138000e+01 1.007970e+04 1.440145e+04
3.139000e+01 1.009656e+04 1.442612e+04
3.140000e+01 1.011341e+04 1.445079e+04
3.141000e+01 1.013027e+04 1.447545e+04
3.142000e+01 1.014712e+04 1.450012e+04
3.143000e+01 1.016398e+04 1.452479e+04
3.144000e+01 1.018084e+04 1.454945e+04
3.145000e+01 1.019769e+04 1.457412e+04
3.146000e+01 1.021455e+04 1.459878e+04
3.147000e+01 1.023140e+04 1.462345e+04
3.148000e+01 1.024826e+04 1.464812e+04
3.149000e+01 1.026512e+04 1.467278e+04
3.150000e+01 1.028197e+04 1.469745e+04
3.151000e+01 1.029883e+04 1.472211e+04
3.152000e+01 1.031986e+04 1.474931e+04
3.153000e+01 1.034982e+04 1.478190e+04
3.154000e+01 1.037978e+04 1.481448e+04
3.155000e+01 1.040974e+04 1.484707e+04
3.156000e+01 1.043970e+04 1.487966e+04
3.157000e+01 1.046966e+04 1.491225e+04
3.158000e+01 1.049962e+04 1.494484e+04
3.159000e+01 1.052958e+04 1.497743e+04
3.160000e+01 1.055954e+04 1.501001e+04
3.161000e+01 1.058950e+04 1.504260e+04
3.162000e+01 1.061946e+04 1.507519e+04
3.163000e+01 1.064942e+04 1.510778e+04
3.164000e+01 1.067938e+04 1.514037e+04
3.165000e+01 1.070934e+04 1.517295e+04
3.166000e+01 1.073930e+04 1.520554e+04
3.167000e+01 1.076926e+04 1.523813e+04
3.168000e+01 1.079921e+04 1.527072e+04
3.169000e+01 1.082917e+04 1.530331e+04
3.170000e+01 1.085913e+04 1.533590e+04
3.171000e+01 1.088909e+04 1.536848e+04
3.172000e+01 1.091905e+04 1.540107e+04
3.173000e+01 1.094901e+04 1.543366e+04
3.174000e+01 1.097897e+04 1.546625e+04
3.175000e+01 1.100893e+04 1.549884e+04
3.176000e+01 1.103889e+04 1.553143e+04
3.177000e+01 1.106885e+04 1.556401e+04
3.178000e+01 1.111309e+04 1.559515e+04
3.179000e+01 1.116358e+04 1.562564e+04
3.180000e+01 1.121407e+04 1.565614e+04
3.181000e+01 1.126455e+04 1.568664e+04
3.182000e+01 1.131504e+04 1.571713e+04
3.183000e+01 1.136553e+04 1.574763e+04
3.184000e+01 1.141602e+04 1.577813e+04
3.185000e+01 1.146651e+04 1.580862e+04
3.186000e+01 1.151700e+04 1.583912e+04
3.187000e+01 1.156749e+04 1.586962e+04
3.188000e+01 1.161798e+04 1.590011e+04
3.189000e+01 1.166846e+04 1.593061e+04
3.190000e+01 1.171895e+04 1.596111e+04
3.191000e+01 1.176944e+04 1.599160e+04
3.192000e+01 1.181993e+04 1.602210e+04
3.193000e+01 1.187042e+04 1.605260e+04
3.194000e+01 1.192091e+04 1.608309e+04
3.195000e+01 1.197140e+04 1.611359e+04
3.196000e+01 1.202189e+04 1.614409e+04
3.197000e+01 1.207237e+04 1.617458e+04
3.198000e+01 1.212286e+04 1.620508e+04
3.199000e+01 1.217335e+04 1.623558e+04
3.200000e+01 1.222384e+04 1.626607e+04
3.201000e+01 1.227433e+04 1.629657e+04
3.202000e+01 1.232482e+04 1.632706e+04
3.203000e+01 1.237669e+04 1.635642e+04
3.204000e+01 1.244640e+04 1.637115e+04
3.205000e+01 1.251610e+04 1.638588e+04
3.206000e+01 1.258581e+04 1.640060e+04
3.207000e+01 1.265552e+04 1.641533e+04
3.208000e+01 1.272522e+04 1.643005e+04
3.209000e+01 1.279493e+04 1.644478e+04
3.210000e+01 1.286463e+04 1.645951e+04
3.211000e+01 1.293434e+04 1.647423e+04
3.212000e+01 1.300405e+04 1.648896e+04
3.213000e+01 1.307375e+04 1.650368e+04
3.214000e+01 1.314346e+04 1.651841e+04
3.215000e+01 1.321316e+04 1.653314e+04
3.216000e+01 1.328287e+04 1.654786e+04
3.217000e+01 1.335258e+04 1.656259e+04
3.218000e+01 1.342228e+04 1.657731e+04
3.219000e+01 1.349199e+04 1.659204e+04
3.220000e+01 1.356169e+04 1.660677e+04
3.221000e+01 1.363140e+04 1.662149e+04
3.222000e+01 1.370111e+04 1.663622e+04
3.223000e+01 1.377081e+04 1.665094e+04
3.224000e+01 1.384052e+04 1.666567e+04
3.225000e+01 1.391022e+04 1.668039e+04
3.226000e+01 1.397993e+04 1.669512e+04
3.227000e+01 1.404964e+04 1.670985e+04
3.228000e+01 1.411934e+04 1.672457e+04
3.229000e+01 1.419300e+04 1.672772e+04
3.230000e+01 1.427152e+04 1.671664e+04
3.231000e+01 1.435004e+04 1.670556e+04
3.232000e+01 1.442856e+04 1.669448e+04
3.233000e+01 1.450708e+04 1.668339e+04
3.234000e+01 1.458560e+04 1.667231e+04
3.235000e+01 1.466411e+04 1.666123e+04
3.236000e+01 1.474263e+04 1.665015e+04
3.237000e+01 1.482115e+04 1.663907e+04
3.238000e+01 1.489967e+04 1.662799e+04
3.239000e+01 1.497819e+04 1.661691e+04
3.240000e+01 1.505671e+04 1.660583e+04
3.241000e+01 1.513523e+04 1.659474e+04
3.242000e+01 1.521375e+04 1.658366e+04
3.243000e+01 1.529226e+04 1.657258e+04
3.244000e+01 1.537078e+04 1.656150e+04
3.245000e+01 1.544930e+04 1.655042e+04
3.246000e+01 1.552782e+04 1.653934e+04
3.247000e+01 1.560634e+04 1.652826e+04
3.248000e+01 1.568486e+04 1.651718e+04
3.249000e+01 1.576338e+04 1.650609e+04
3.250000e+01 1.584190e+04 1.649501e+04
3.251000e+01 1.592041e+04 1.648393e+04
3.252000e+01 1.599893e+04 1.647285e+04
3.253000e+01 1.607745e+04 1.646177e+04
3.254000e+01 1.615597e+04 1.645069e+04
3.255000e+01 1.622994e+04 1.641749e+04
3.256000e+01 1.630294e+04 1.637960e+04
3.257000e+01 1.637594e+04 1.634172e+04
3.258000e+01 1.644894e+04 1.630384e+04
3.259000e+01 1.652194e+04 1.626595e+04
3.260000e+01 1.659495e+04 1.622807e+04
3.261000e+01 1.666795e+04 1.619018e+04
3.262000e+01 1.674095e+04 1.615230e+04
3.263000e+01 1.681395e+04 1.611441e+04
3.264000e+01 1.688695e+04 1.607653e+04
3.265000e+01 1.695995e+04 1.603865e+04
3.266000e+01 1.703296e+04 1.600076e+04
3.267000e+01 1.710596e+04 1.596288e+04
3.268000e+01 1.717896e+04 1.592499e+04
3.269000e+01 1.725196e+04 1.588711e+04
3.270000e+01 1.732496e+04 1.584923e+04
3.271000e+01 1.739797e+04 1.581134e+04
3.272000e+01 1.747097e+04 1.577346e+04
3.273000e+01 1.754397e+04 1.573557e+04
3.274000e+01 1.761697e+04 1.569769e+04
3.275000e+01 1.768997e+04 1.565980e+04
3.276000e+01 1.776297e+04 1.562192e+04
3.277000e+01 1.783598e+04 1.558404e+04
3.278000e+01 1.790898e+04 1.554615e+04
3.279000e+01 1.798198e+04 1.550827e+04
3.280000e+01 1.805171e+04 1.546658e+04
3.281000e+01 1.810848e+04 1.540982e+04
3.282000e+01 1.816525e+04 1.535307e+04
3.283000e+01 1.822203e+04 1.529631e+04
3.284000e+01 1.827880e+04 1.523956e+04
3.285000e+01 1.833557e+04 1.518280e+04
3.286000e+01 1.839235e+04 1.512605e+04
3.287000e+01 1.844912e+04 1.506929e+04
3.288000e+01 1.850589e+04 1.501254e+04
3.289000e+01 1.856267e+04 1.495578e+04
3.290000e+01 1.861944e+04 1.489903e+04
3.291000e+01 1.867621e+04 1.484228e+04
3.292000e+01 1.873298e+04 1.478552e+04
3.293000e+01 1.878976e+04 1.472877e+04
3.294000e+01 1.884653e+04 1.467201e+04
3.295000e+01 1.890330e+04 1.461526e+04
3.296000e+01 1.896008e+04 1.455850e+04
3.297000e+01 1.901685e+04 1.450175e+04
3.298000e+01 1.907362e+04 1.444499e+04
3.299000e+01 1.913040e+04 1.438824e+04
3.300000e+01 1.918717e+04 1.433148e+04
3.301000e+01 1.924394e+04 1.427473e+04
3.302000e+01 1.930072e+04 1.421798e+04
3.303000e+01 1.935749e+04 1.416122e+04
3.304000e+01 1.941426e+04 1.410447e+04
3.305000e+01 1.947104e+04 1.404771e+04
3.306000e+01 1.951719e+04 1.398651e+04
3.307000e+01 1.955561e+04 1.392205e+04
3.308000e+01 1.959403e+04 1.385760e+04
3.309000e+01 1.963245e+04 1.379315e+04
3.310000e+01 1.967087e+04 1.372869e+04
3.311000e+01 1.970928e+04 1.366424e+04
3.312000e+01 1.974770e+04 1.359979e+04
3.313000e+01 1.978612e+04 1.353534e+04
3.314000e+01 1.982454e+04 1.347088e+04
3.315000e+01 1.986295e+04 1.340643e+04
3.316000e+01 1.990137e+04 1.334198e+04
3.317000e+01 1.993979e+04 1.327753e+04
3.318000e+01 1.997821e+04 1.321307e+04
3.319000e+01 2.001663e+04 1.314862e+04
3.320000e+01 2.005504e+04 1.308417e+04
3.321000e+01 2.009346e+04 1.301972e+04
3.322000e+01 2.013188e+04 1.295526e+04
3.323000e+01 2.017030e+04 1.289081e+04
3.324000e+01 2.020872e+04 1.282636e+04
3.325000e+01 2.024713e+04 1.276191e+04
3.326000e+01 2.028555e+04 1.269745e+04
3.327000e+01 2.032397e+04 1.263300e+04
3.328000e+01 2.036239e+04 1.256855e+04
3.329000e+01 2.040081e+04 1.250409e+04
3.330000e+01 2.043922e+04 1.243964e+04
3.331000e+01 2.047764e+04 1.237519e+04
3.332000e+01 2.050369e+04 1.231001e+04
3.333000e+01 2.052916e+04 1.224479e+04
3.334000e+01 2.055463e+04 1.217957e+04
3.335000e+01 2.058009e+04 1.211435e+04
3.336000e+01 2.060556e+04 1.204913e+04
3.337000e+01 2.063103e+04 1.198392e+04
3.338000e+01 2.065650e+04 1.191870e+04
3.339000e+01 2.068196e+04 1.185348e+04
3.340000e+01 2.070743e+04 1.178826e+04
3.341000e+01 2.073290e+04 1.172304e+04
3.342000e+01 2.075836e+04 1.165783e+04
3.343000e+01 2.078383e+04 1.159261e+04
3.344000e+01 2.080930e+04 1.152739e+04
3.345000e+01 2.083477e+04 1.146217e+04
3.346000e+01 2.086023e+04 1.139695e+04
3.347000e+01 2.088570e+04 1.133174e+04
3.348000e+01 2.091117e+04 1.126652e+04
3.349000e+01 2.093664e+04 1.120130e+04
3.350000e+01 2.096210e+04 1.113608e+04
3.351000e+01 2.098757e+04 1.107087e+04
3.352000e+01 2.101304e+04 1.100565e+04
3.353000e+01 2.103850e+04 1.094043e+04
3.354000e+01 2.106397e+04 1.087521e+04
3.355000e+01 2.108944e+04 1.080999e+04
3.356000e+01 2.111491e+04 1.074478e+04
3.357000e+01 2.113822e+04 1.067887e+04
3.358000e+01 2.115718e+04 1.061157e+04
3.359000e+01 2.117614e+04 1.054427e+04
3.360000e+01 2.119510e+04 1.047697e+04
3.361000e+01 2.121406e+04 1.040967e+04
3.362000e+01 2.123302e+04 1.034237e+04
3.363000e+01 2.125198e+04 1.027507e+04
3.364000e+01 2.127095e+04 1.020777e+04
3.365000e+01 2.128991e+04 1.014047e+04
3.366000e+01 2.130887e+04 1.007317e+04
3.367000e+01 2.132783e+04 1.000587e+04
3.368000e+01 2.134679e+04 9.938574e+03
3.369000e+01 2.136575e+04 9.871275e+03
3.370000e+01 2.138471e+04 9.803976e+03
3.371000e+01 2.140367e+04 9.736676e+03
3.372000e+01 2.142264e+04 9.669377e+03
3.373000e+01 2.144160e+04 9.602078e+03
3.374000e+01 2.146056e+04 9.534778e+03
3.375000e+01 2.147952e+04 9.467479e+03
3.376000e+01 2.149848e+04 9.400180e+03
3.377000e+01 2.151744e+04 9.332880e+03
3.378000e+01 2.153640e+04 9.265581e+03
3.379000e+01 2.155536e+04 9.198282e+03
3.380000e+01 2.157433e+04 9.130982e+03
3.381000e+01 2.159329e+04 9.063683e+03
3.382000e+01 2.161225e+04 8.996383e+03
3.383000e+01 2.162664e+04 8.922680e+03
3.384000e+01 2.163916e+04 8.846336e+03
3.385000e+01 2.165167e+04 8.769993e+03
3.386000e+01 2.166419e+04 8.693649e+03
3.387000e+01 2.167670e+04 8.617306e+03
3.388000e+01 2.168922e+04 8.540962e+03
3.389000e+01 2.170173e+04 8.464619e+03
3.390000e+01 2.171425e+04 8.388275e+03
3.391000e+01 2.172676e+04 8.311932e+03
3.392000e+01 2.173927e+04 8.235588e+03
3.393000e+01 2.175179e+04 8.159245e+03
3.394000e+01 2.176430e+04 8.082901e+03
3.395000e+01 2.177682e+04 8.006558e+03
3.396000e+01 2.178933e+04 7.930214e+03
3.397000e+01 2.180185e+04 7.853871e+03
3.398000e+01 2.181436e+04 7.777527e+03
3.399000e+01 2.182688e+04 7.701184e+03
3.400000e+01 2.183939e+04 7.624840e+03
3.401000e+01 2.185191e+04 7.548497e+03
3.402000e+01 2.186442e+04 7.472153e+03
3.403000e+01 2.187693e+04 7.395810e+03
3.404000e+01 2.188945e+04 7.319466e+03
3.405000e+01 2.190196e+04 7.243123e+03
3.406000e+01 2.191448e+04 7.166779e+03
3.407000e+01 2.192699e+04 7.090436e+03
3.408000e+01 2.193819e+04 7.012923e+03
3.409000e+01 2.193512e+04 6.922766e+03
3.410000e+01 2.193206e+04 6.832610e+03
3.411000e+01 2.192900e+04 6.742453e+03
3.412000e+01 2.192593e+04 6.652297e+03
3.413000e+01 2.192287e+04 6.562140e+03
3.414000e+01 2.191980e+04 6.471984e+03
3.415000e+01 2.191674e+04 6.381827e+03
3.416000e+01 2.191368e+04 6.291671e+03
3.417000e+01 2.191061e+04 6.201514e+03
3.418000e+01 2.190755e+04 6.111358e+03
3.419000e+01 2.190448e+04 6.021201e+03
3.420000e+01 2.190142e+04 5.931045e+03
3.421000e+01 2.189836e+04 5.840888e+03
3.422000e+01 2.189529e+04 5.750732e+03
3.423000e+01 2.189223e+04 5.660575e+03
3.424000e+01 2.188917e+04 5.570419e+03
3.425000e+01 2.188610e+04 5.480262e+03
3.426000e+01 2.188304e+04 5.390106e+03
3.427000e+01 2.187997e+04 5.299949e+03
3.428000e+01 2.187691e+04 5.209792e+03
3.429000e+01 2.187385e+04 5.119636e+03
3.430000e+01 2.187078e+04 5.029479e+03
3.431000e+01 2.186772e+04 4.939323e+03
3.432000e+01 2.186465e+04 4.849166e+03
3.433000e+01 2.186159e+04 4.759010e+03
3.434000e+01 2.184500e+04 4.664876e+03
3.435000e+01 2.181261e+04 4.566097e+03
3.436000e+01 2.178022e+04 4.467317e+03
3.437000e+01 2.174783e+04 4.368538e+03
3.438000e+01 2.171544e+04 4.269758e+03
3.439000e+01 2.168305e+04 4.170979e+03
3.440000e+01 2.165065e+04 4.072199e+03
3.441000e+01 2.161826e+04 3.973420e+03
3.442000e+01 2.158587e+04 3.874640e+03
3.443000e+01 2.155348e+04 3.775861e+03
3.444000e+01 2.152109e+04 3.677081e+03
3.445000e+01 2.148870e+04 3.578302e+03
3.446000e+01 2.145631e+04 3.479523e+03
3.447000e+01 2.142392e+04 3.380743e+03
3.448000e+01 2.139153e+04 3.281964e+03
3.449000e+01 2.135914e+04 3.183184e+03
3.450000e+01 2.132675e+04 3.084405e+03
3.451000e+01 2.129436e+04 2.985625e+03
3.452000e+01 2.126197e+04 2.886846e+03
3.453000e+01 2.122958e+04 2.788066e+03
3.454000e+01 2.119718e+04 2.689287e+03
3.455000e+01 2.116479e+04 2.590507e+03
3.456000e+01 2.113240e+04 2.491728e+03
3.457000e+01 2.110001e+04 2.392949e+03
3.458000e+01 2.106762e+04 2.294169e+03
3.459000e+01 2.103523e+04 2.195390e+03
3.460000e+01 2.097101e+04 2.103597e+03
3.461000e+01 2.090063e+04 2.013156e+03
3.462000e+01 2.083026e+04 1.922715e+03
3.463000e+01 2.075988e+04 1.832274e+03
3.464000e+01 2.068950e+04 1.741834e+03
3.465000e+01 2.061912e+04 1.651393e+03
3.466000e+01 2.054874e+04 1.560952e+03
3.467000e+01 2.047836e+04 1.470511e+03
3.468000e+01 2.040798e+04 1.380070e+03
3.469000e+01 2.033760e+04 1.289630e+03
3.470000e+01 2.026722e+04 1.199189e+03
3.471000e+01 2.019685e+04 1.108748e+03
3.472000e+01 2.012647e+04 1.018307e+03
3.473000e+01 2.005609e+04 9.278666e+02
3.474000e+01 1.998571e+04 8.374258e+02
3.475000e+01 1.991533e+04 7.469851e+02
3.476000e+01 1.984495e+04 6.565443e+02
3.477000e+01 1.977457e+04 5.661035e+02
3.478000e+01 1.970419e+04 4.756627e+02
3.479000e+01 1.963382e+04 3.852220e+02
3.480000e+01 1.956344e+04 2.947812e+02
3.481000e+01 1.949306e+04 2.043404e+02
3.482000e+01 1.942268e+04 1.138996e+02
3.483000e+01 1.935230e+04 2.345887e+01
3.484000e+01 1.928192e+04 -6.698190e+01
3.485000e+01 1.920448e+04 -1.508700e+02
3.486000e+01 1.910118e+04 -2.107498e+02
3.487000e+01 1.899789e+04 -2.706297e+02
3.488000e+01 1.889459e+04 -3.305096e+02
3.489000e+01 1.879129e+04 -3.903894e+02
3.490000e+01 1.868799e+04 -4.502693e+02
3.491000e+01 1.858469e+04 -5.101492e+02
3.492000e+01 1.848139e+04 -5.700290e+02
3.493000e+01 1.837809e+04 -6.299089e+02
3.494000e+01 1.827479e+04 -6.897888e+02
3.495000e+01 1.817149e+04 -7.496686e+02
3.496000e+01 1.806819e+04 -8.095485e+02
3.497000e+01 1.796489e+04 -8.694284e+02
3.498000e+01 1.786159e+04 -9.293082e+02
3.499000e+01 1.775829e+04 -9.891881e+02
3.500000e+01 1.765499e+04 -1.049068e+03
3.501000e+01 1.755169e+04 -1.108948e+03
3.502000e+01 1.744839e+04 -1.168828e+03
3.503000e+01 1.734509e+04 -1.228708e+03
3.504000e+01 1.724179e+04 -1.288587e+03
3.505000e+01 1.713849e+04 -1.348467e+03
3.506000e+01 1.703519e+04 -1.408347e+03
3.507000e+01 1.693189e+04 -1.468227e+03
3.508000e+01 1.682859e+04 -1.528107e+03
3.509000e+01 1.672529e+04 -1.587987e+03
3.510000e+01 1.662199e+04 -1.647867e+03
3.511000e+01 1.651113e+04 -1.680350e+03
3.512000e+01 1.639505e+04 -1.693873e+03
3.513000e+01 1.627897e+04 -1.707395e+03
3.514000e+01 1.616288e+04 -1.720918e+03
3.515000e+01 1.604680e+04 -1.734441e+03
3.516000e+01 1.593071e+04 -1.747964e+03
3.517000e+01 1.581463e+04 -1.761487e+03
3.518000e+01 1.569854e+04 -1.775009e+03
3.519000e+01 1.558246e+04 -1.788532e+03
3.520000e+01 1.546638e+04 -1.802055e+03
3.521000e+01 1.535029e+04 -1.815578e+03
3.522000e+01 1.523421e+04 -1.829101e+03
3.523000e+01 1.511812e+04 -1.842623e+03
3.524000e+01 1.500204e+04 -1.856146e+03
3.525000e+01 1.488595e+04 -1.869669e+03
3.526000e+01 1.476987e+04 -1.883192e+03
3.527000e+01 1.465379e+04 -1.896715e+03
3.528000e+01 1.453770e+04 -1.910237e+03
3.529000e+01 1.442162e+04 -1.923760e+03
3.530000e+01 1.430553e+04 -1.937283e+03
3.531000e+01 1.418945e+04 -1.950806e+03
3.532000e+01 1.407337e+04 -1.964329e+03
3.533000e+01 1.395728e+04 -1.977851e+03
3.534000e+01 1.384120e+04 -1.991374e+03
3.535000e+01 1.372511e+04 -2.004897e+03
3.536000e+01 1.360903e+04 -2.018420e+03
3.537000e+01 1.350694e+04 -1.987496e+03
3.538000e+01 1.340531e+04 -1.955082e+03
3.539000e+01 1.330369e+04 -1.922668e+03
3.540000e+01 1.320207e+04 -1.890254e+03
3.541000e+01 1.310044e+04 -1.857840e+03
3.542000e+01 1.299882e+04 -1.825426e+03
3.543000e+01 1.289720e+04 -1.793012e+03
3.544000e+01 1.279557e+04 -1.760598e+03
3.545000e+01 1.269395e+04 -1.728184e+03
3.546000e+01 1.259232e+04 -1.695771e+03
3.547000e+01 1.249070e+04 -1.663357e+03
3.548000e+01 1.238908e+04 -1.630943e+03
3.549000e+01 1.228745e+04 -1.598529e+03
3.550000e+01 1.218583e+04 -1.566115e+03
3.551000e+01 1.208421e+04 -1.533701e+03
3.552000e+01 1.198258e+04 -1.501287e+03
3.553000e+01 1.188096e+04 -1.468873e+03
3.554000e+01 1.177934e+04 -1.436459e+03
3.555000e+01 1.167771e+04 -1.404045e+03
3.556000e+01 1.157609e+04 -1.371631e+03
3.557000e+01 1.147447e+04 -1.339217e+03
3.558000e+01 1.137284e+04 -1.306804e+03
3.559000e+01 1.127122e+04 -1.274390e+03
3.560000e+01 1.116960e+04 -1.241976e+03
3.561000e+01 1.106797e+04 -1.209562e+03
3.562000e+01 1.097859e+04 -1.167517e+03
3.563000e+01 1.091252e+04 -1.107119e+03
3.564000e+01 1.084646e+04 -1.046721e+03
3.565000e+01 1.078039e+04 -9.863228e+02
3.566000e+01 1.071433e+04 -9.259247e+02
3.567000e+01 1.064826e+04 -8.655265e+02
3.568000e+01 1.058220e+04 -8.051284e+02
3.569000e+01 1.051613e+04 -7.447302e+02
3.570000e+01 1.045007e+04 -6.843321e+02
3.571000e+01 1.038400e+04 -6.239339e+02
3.572000e+01 1.031794e+04 -5.635358e+02
3.573000e+01 1.025187e+04 -5.031376e+02
3.574000e+01 1.018581e+04 -4.427395e+02
3.575000e+01 1.011974e+04 -3.823413e+02
3.576000e+01 1.005368e+04 -3.219432e+02
3.577000e+01 9.987610e+03 -2.615450e+02
3.578000e+01 9.921545e+03 -2.011469e+02
3.579000e+01 9.855480e+03 -1.407487e+02
3.580000e+01 9.789415e+03 -8.035057e+01
3.581000e+01 9.723350e+03 -1.995242e+01
3.582000e+01 9.657285e+03 4.044573e+01
3.583000e+01 9.591220e+03 1.008439e+02
3.584000e+01 9.525155e+03 1.612420e+02
3.585000e+01 9.459090e+03 2.216402e+02
3.586000e+01 9.393025e+03 2.820383e+02
3.587000e+01 9.326960e+03 3.424365e+02
3.588000e+01 9.289597e+03 4.037577e+02
3.589000e+01 9.263356e+03 4.654367e+02
3.590000e+01 9.237116e+03 5.271156e+02
3.591000e+01 9.210875e+03 5.887945e+02
3.592000e+01 9.184634e+03 6.504734e+02
3.593000e+01 9.158394e+03 7.121524e+02
3.594000e+01 9.132153e+03 7.738313e+02
3.595000e+01 9.105912e+03 8.355102e+02
3.596000e+01 9.079672e+03 8.971892e+02
3.597000e+01 9.053431e+03 9.588681e+02
3.598000e+01 9.027190e+03 1.020547e+03
3.599000e+01 9.000950e+03 1.082226e+03
3.600000e+01 8.974709e+03 1.143905e+03
3.601000e+01 8.948468e+03 1.205584e+03
3.602000e+01 8.922228e+03 1.267263e+03
3.603000e+01 8.895987e+03 1.328942e+03
3.604000e+01 8.869746e+03 1.390621e+03
3.605000e+01 8.843506e+03 1.452300e+03
3.606000e+01 8.817265e+03 1.513978e+03
3.607000e+01 8.791024e+03 1.575657e+03
3.608000e+01 8.764784e+03 1.637336e+03
3.609000e+01 8.738543e+03 1.699015e+03
3.610000e+01 8.712302e+03 1.760694e+03
3.611000e+01 8.686062e+03 1.822373e+03
3.612000e+01 8.659821e+03 1.884052e+03
3.613000e+01 8.636104e+03 1.943775e+03
3.614000e+01 8.635803e+03 1.985348e+03
3.615000e+01 8.635502e+03 2.026922e+03
3.616000e+01 8.635200e+03 2.068495e+03
3.617000e+01 8.634899e+03 2.110068e+03
3.618000e+01 8.634598e+03 2.151642e+03
3.619000e+01 8.634297e+03 2.193215e+03
3.620000e+01 8.633995e+03 2.234789e+03
3.621000e+01 8.633694e+03 2.276362e+03
3.622000e+01 8.633393e+03 2.317936e+03
3.623000e+01 8.633092e+03 2.359509e+03
3.624000e+01 8.632790e+03 2.401082e+03
3.625000e+01 8.632489e+03 2.442656e+03
3.626000e+01 8.632188e+03 2.484229e+03
3.627000e+01 8.631886e+03 2.525803e+03
3.628000e+01 8.631585e+03 2.567376e+03
3.629000e+01 8.631284e+03 2.608949e+03
3.630000e+01 8.630983e+03 2.650523e+03
3.631000e+01 8.630681e+03 2.692096e+03
3.632000e+01 8.630380e+03 2.733670e+03
3.633000e+01 8.630079e+03 2.775243e+03
3.634000e+01 8.629778e+03 2.816817e+03
3.635000e+01 8.629476e+03 2.858390e+03
3.636000e+01 8.629175e+03 2.899963e+03
3.637000e+01 8.628874e+03 2.941537e+03
3.638000e+01 8.628572e+03 2.983110e+03
3.639000e+01 8.629739e+03 3.012689e+03
3.640000e+01 8.632535e+03 3.028949e+03
3.641000e+01 8.635331e+03 3.045210e+03
3.642000e+01 8.638127e+03 3.061471e+03
3.643000e+01 8.640923e+03 3.077732e+03
3.644000e+01 8.643719e+03 3.093992e+03
3.645000e+01 8.646515e+03 3.110253e+03
3.646000e+01 8.649311e+03 3.126514e+03
3.647000e+01 8.652107e+03 3.142775e+03
3.648000e+01 8.654903e+03 3.159036e+03
3.649000e+01 8.657699e+03 3.175296e+03
3.650000e+01 8.660495e+03 3.191557e+03
3.651000e+01 8.663291e+03 3.207818e+03
3.652000e+01 8.666086e+03 3.224079e+03
3.653000e+01 8.668882e+03 3.240339e+03
3.654000e+01 8.671678e+03 3.256600e+03
3.655000e+01 8.674474e+03 3.272861e+03
3.656000e+01 8.677270e+03 3.289122e+03
3.657000e+01 8.680066e+03 3.305382e+03
3.658000e+01 8.682862e+03 3.321643e+03
3.659000e+01 8.685658e+03 3.337904e+03
3.660000e+01 8.688454e+03 3.354165e+03
3.661000e+01 8.691250e+03 3.370425e+03
3.662000e+01 8.694046e+03 3.386686e+03
3.663000e+01 8.696842e+03 3.402947e+03
3.664000e+01 8.699638e+03 3.419208e+03
3.665000e+01 8.690046e+03 3.424027e+03
3.666000e+01 8.678274e+03 3.426835e+03
3.667000e+01 8.666503e+03 3.429643e+03
3.668000e+01 8.654732e+03 3.432450e+03
3.669000e+01 8.642961e+03 3.435258e+03
3.670000e+01 8.631190e+03 3.438066e+03
3.671000e+01 8.619419e+03 3.440873e+03
3.672000e+01 8.607648e+03 3.443681e+03
3.673000e+01 8.595877e+03 3.446489e+03
3.674000e+01 8.584106e+03 3.449296e+03
3.675000e+01 8.572335e+03 3.452104e+03
3.676000e+01 8.560563e+03 3.454912e+03
3.677000e+01 8.548792e+03 3.457719e+03
3.678000e+01 8.537021e+03 3.460527e+03
3.679000e+01 8.525250e+03 3.463335e+03
3.680000e+01 8.513479e+03 3.466143e+03
3.681000e+01 8.501708e+03 3.468950e+03
3.682000e+01 8.489937e+03 3.471758e+03
3.683000e+01 8.478166e+03 3.474566e+03
3.684000e+01 8.466395e+03 3.477373e+03
3.685000e+01 8.454623e+03 3.480181e+03
3.686000e+01 8.442852e+03 3.482989e+03
3.687000e+01 8.431081e+03 3.485796e+03
3.688000e+01 8.419310e+03 3.488604e+03
3.689000e+01 8.407539e+03 3.491412e+03
3.690000e+01 8.391936e+03 3.495558e+03
3.691000e+01 8.363288e+03 3.504264e+03
3.692000e+01 8.334639e+03 3.512970e+03
3.693000e+01 8.305990e+03 3.521676e+03
3.694000e+01 8.277342e+03 3.530382e+03
3.695000e+01 8.248693e+03 3.539088e+03
3.696000e+01 8.220044e+03 3.547794e+03
3.697000e+01 8.191396e+03 3.556500e+03
3.698000e+01 8.162747e+03 3.565206e+03
3.699000e+01 8.134099e+03 3.573912e+03
3.700000e+01 8.105450e+03 3.582618e+03
3.701000e+01 8.076801e+03 3.591324e+03
3.702000e+01 8.048153e+03 3.600030e+03
3.703000e+01 8.019504e+03 3.608736e+03
3.704000e+01 7.990855e+03 3.617442e+03
3.705000e+01 7.962207e+03 3.626148e+03
3.706000e+01 7.933558e+03 3.634854e+03
3.707000e+01 7.904909e+03 3.643560e+03
3.708000e+01 7.876261e+03 3.652266e+03
3.709000e+01 7.847612e+03 3.660972e+03
3.710000e+01 7.818964e+03 3.669678e+03
3.711000e+01 7.790315e+03 3.678384e+03
3.712000e+01 7.761666e+03 3.687089e+03
3.713000e+01 7.733018e+03 3.695795e+03
3.714000e+01 7.704369e+03 3.704501e+03
3.715000e+01 7.675720e+03 3.713207e+03
3.716000e+01 7.644634e+03 3.733400e+03
3.717000e+01 7.611947e+03 3.761135e+03
3.718000e+01 7.579260e+03 3.788871e+03
3.719000e+01 7.546572e+03 3.816606e+03
3.720000e+01 7.513885e+03 3.844342e+03
3.721000e+01 7.481198e+03 3.872077e+03
3.722000e+01 7.448511e+03 3.899813e+03
3.723000e+01 7.415823e+03 3.927549e+03
3.724000e+01 7.383136e+03 3.955284e+03
3.725000e+01 7.350449e+03 3.983020e+03
3.726000e+01 7.317762e+03 4.010755e+03
3.727000e+01 7.285074e+03 4.038491e+03
3.728000e+01 7.252387e+03 4.066226e+03
3.729000e+01 7.219700e+03 4.093962e+03
3.730000e+01 7.187013e+03 4.121698e+03
3.731000e+01 7.154325e+03 4.149433e+03
3.732000e+01 7.121638e+03 4.177169e+03
3.733000e+01 7.088951e+03 4.204904e+03
3.734000e+01 7.056264e+03 4.232640e+03
3.735000e+01 7.023576e+03 4.260375e+03
3.736000e+01 6.990889e+03 4.288111e+03
3.737000e+01 6.958202e+03 4.315847e+03
3.738000e+01 6.925515e+03 4.343582e+03
3.739000e+01 6.892827e+03 4.371318e+03
3.740000e+01 6.860140e+03 4.399053e+03
3.741000e+01 6.827453e+03 4.426789e+03
3.742000e+01 6.808272e+03 4.471343e+03
3.743000e+01 6.789365e+03 4.516237e+03
3.744000e+01 6.770457e+03 4.561131e+03
3.745000e+01 6.751550e+03 4.606024e+03
3.746000e+01 6.732643e+03 4.650918e+03
3.747000e+01 6.713735e+03 4.695812e+03
3.748000e+01 6.694828e+03 4.740706e+03
3.749000e+01 6.675921e+03 4.785600e+03
3.750000e+01 6.657013e+03 4.830494e+03
3.751000e+01 6.638106e+03 4.875388e+03
3.752000e+01 6.619198e+03 4.920282e+03
3.753000e+01 6.600291e+03 4.965176e+03
3.754000e+01 6.581384e+03 5.010070e+03
3.755000e+01 6.562476e+03 5.054964e+03
3.756000e+01 6.543569e+03 5.099858e+03
3.757000e+01 6.524661e+03 5.144752e+03
3.758000e+01 6.505754e+03 5.189646e+03
3.759000e+01 6.486847e+03 5.234539e+03
3.760000e+01 6.467939e+03 5.279433e+03
3.761000e+01 6.449032e+03 5.324327e+03
3.762000e+01 6.430124e+03 5.369221e+03
3.763000e+01 6.411217e+03 5.414115e+03
3.764000e+01 6.392310e+03 5.459009e+03
3.765000e+01 6.373402e+03 5.503903e+03
3.766000e+01 6.354495e+03 5.548797e+03
3.767000e+01 6.343981e+03 5.594461e+03
3.768000e+01 6.348600e+03 5.641513e+03
3.769000e+01 6.353218e+03 5.688565e+03
3.770000e+01 6.357837e+03 5.735617e+03
3.771000e+01 6.362456e+03 5.782669e+03
3.772000e+01 6.367075e+03 5.829721e+03
3.773000e+01 6.371694e+03 5.876773e+03
3.774000e+01 6.376313e+03 5.923825e+03
3.775000e+01 6.380931e+03 5.970877e+03
3.776000e+01 6.385550e+03 6.017929e+03
3.777000e+01 6.390169e+03 6.064981e+03
3.778000e+01 6.394788e+03 6.112033e+03
3.779000e+01 6.399407e+03 6.159085e+03
3.780000e+01 6.404026e+03 6.206137e+03
3.781000e+01 6.408644e+03 6.253189e+03
3.782000e+01 6.413263e+03 6.300241e+03
3.783000e+01 6.417882e+03 6.347293e+03
3.784000e+01 6.422501e+03 6.394345e+03
3.785000e+01 6.427120e+03 6.441397e+03
3.786000e+01 6.431739e+03 6.488449e+03
3.787000e+01 6.436357e+03 6.535501e+03
3.788000e+01 6.440976e+03 6.582553e+03
3.789000e+01 6.445595e+03 6.629605e+03
3.790000e+01 6.450214e+03 6.676656e+03
3.791000e+01 6.454833e+03 6.723708e+03
3.792000e+01 6.459452e+03 6.770760e+03
3.793000e+01 6.477458e+03 6.806812e+03
3.794000e+01 6.500333e+03 6.838865e+03
3.795000e+01 6.523208e+03 6.870917e+03
3.796000e+01 6.546083e+03 6.902969e+03
3.797000e+01 6.568958e+03 6.935021e+03
3.798000e+01 6.591833e+03 6.967073e+03
3.799000e+01 6.614708e+03 6.999125e+03
3.800000e+01 6.637583e+03 7.031177e+03
3.801000e+01 6.660458e+03 7.063229e+03
3.802000e+01 6.683332e+03 7.095281e+03
3.803000e+01 6.706207e+03 7.127333e+03
3.804000e+01 6.729082e+03 7.159385e+03
3.805000e+01 6.751957e+03 7.191437e+03
3.806000e+01 6.774832e+03 7.223489e+03
3.807000e+01 6.797707e+03 7.255541e+03
3.808000e+01 6.820582e+03 7.287593e+03
3.809000e+01 6.843457e+03 7.319645e+03
3.810000e+01 6.866332e+03 7.351697e+03
3.811000e+01 6.889207e+03 7.383749e+03
3.812000e+01 6.912082e+03 7.415801e+03
3.813000e+01 6.934957e+03 7.447853e+03
3.814000e+01 6.957831e+03 7.479905e+03
3.815000e+01 6.980706e+03 7.511957e+03
3.816000e+01 7.003581e+03 7.544010e+03
3.817000e+01 7.026456e+03 7.576062e+03
3.818000e+01 7.049533e+03 7.605688e+03
3.819000e+01 7.074248e+03 7.615673e+03
3.820000e+01 7.098963e+03 7.625657e+03
3.821000e+01 7.123678e+03 7.635641e+03
3.822000e+01 7.148393e+03 7.645626e+03
3.823000e+01 7.173108e+03 7.655610e+03
3.824000e+01 7.197823e+03 7.665595e+03
3.825000e+01 7.222538e+03 7.675579e+03
3.826000e+01 7.247253e+03 7.685563e+03
3.827000e+01 7.271968e+03 7.695548e+03
3.828000e+01 7.296683e+03 7.705532e+03
3.829000e+01 7.321398e+03 7.715516e+03
3.830000e+01 7.346113e+03 7.725501e+03
3.831000e+01 7.370828e+03 7.735485e+03
3.832000e+01 7.395543e+03 7.745470e+03
3.833000e+01 7.420258e+03 7.755454e+03
3.834000e+01 7.444973e+03 7.765438e+03
3.835000e+01 7.469688e+03 7.775423e+03
3.836000e+01 7.494403e+03 7.785407e+03
3.837000e+01 7.519118e+03 7.795392e+03
3.838000e+01 7.543833e+03 7.805376e+03
3.839000e+01 7.568548e+03 7.815360e+03
3.840000e+01 7.593263e+03 7.825345e+03
3.841000e+01 7.617978e+03 7.835329e+03
3.842000e+01 7.642693e+03 7.845314e+03
3.843000e+01 7.667408e+03 7.855298e+03
3.844000e+01 7.685354e+03 7.858379e+03
3.845000e+01 7.696155e+03 7.854174e+03
3.846000e+01 7.706956e+03 7.849969e+03
3.847000e+01 7.717757e+03 7.845763e+03
3.848000e+01 7.728558e+03 7.841558e+03
3.849000e+01 7.739359e+03 7.837353e+03
3.850000e+01 7.750160e+03 7.833148e+03
3.851000e+01 7.760961e+03 7.828942e+03
3.852000e+01 7.771762e+03 7.824737e+03
3.853000e+01 7.782563e+03 7.820532e+03
3.854000e+01 7.793364e+03 7.816327e+03
3.855000e+01 7.804165e+03 7.812121e+03
3.856000e+01 7.814965e+03 7.807916e+03
3.857000e+01 7.825766e+03 7.803711e+03
3.858000e+01 7.836567e+03 7.799506e+03
3.859000e+01 7.847368e+03 7.795300e+03
3.860000e+01 7.858169e+03 7.791095e+03
3.861000e+01 7.868970e+03 7.786890e+03
3.862000e+01 7.879771e+03 7.782685e+03
3.863000e+01 7.890572e+03 7.778479e+03
3.864000e+01 7.901373e+03 7.774274e+03
3.865000e+01 7.912174e+03 7.770069e+03
3.866000e+01 7.922975e+03 7.765864e+03
3.867000e+01 7.933776e+03 7.761658e+03
3.868000e+01 7.944577e+03 7.757453e+03
3.869000e+01 7.955378e+03 7.753248e+03
3.870000e+01 7.950866e+03 7.751348e+03
3.871000e+01 7.943926e+03 7.749813e+03
3.872000e+01 7.936985e+03 7.748279e+03
3.873000e+01 7.930044e+03 7.746744e+03
3.874000e+01 7.923104e+03 7.745210e+03
3.875000e+01 7.916163e+03 7.743675e+03
3.876000e+01 7.909222e+03 7.742141e+03
3.877000e+01 7.902281e+03 7.740606e+03
3.878000e+01 7.895341e+03 7.739072e+03
3.879000e+01 7.888400e+03 7.737537e+03
3.880000e+01 7.881459e+03 7.736003e+03
3.881000e+01 7.874519e+03 7.734468e+03
3.882000e+01 7.867578e+03 7.732934e+03
3.883000e+01 7.860637e+03 7.731399e+03
3.884000e+01 7.853696e+03 7.729865e+03
3.885000e+01 7.846756e+03 7.728330e+03
3.886000e+01 7.839815e+03 7.726796e+03
3.887000e+01 7.832874e+03 7.725261e+03
3.888000e+01 7.825934e+03 7.723727e+03
3.889000e+01 7.818993e+03 7.722192e+03
3.890000e+01 7.812052e+03 7.720658e+03
3.891000e+01 7.805112e+03 7.719123e+03
3.892000e+01 7.798171e+03 7.717589e+03
3.893000e+01 7.791230e+03 7.716054e+03
3.894000e+01 7.784289e+03 7.714520e+03
3.895000e+01 7.775664e+03 7.716821e+03
3.896000e+01 7.761692e+03 7.731293e+03
3.897000e+01 7.747720e+03 7.745765e+03
3.898000e+01 7.733748e+03 7.760236e+03
3.899000e+01 7.719776e+03 7.774708e+03
3.900000e+01 7.705804e+03 7.789180e+03
3.901000e+01 7.691832e+03 7.803652e+03
3.902000e+01 7.677860e+03 7.818124e+03
3.903000e+01 7.663888e+03 7.832595e+03
3.904000e+01 7.649916e+03 7.847067e+03
3.905000e+01 7.635944e+03 7.861539e+03
3.906000e+01 7.621972e+03 7.876011e+03
3.907000e+01 7.608000e+03 7.890483e+03
3.908000e+01 7.594029e+03 7.904954e+03
3.909000e+01 7.580057e+03 7.919426e+03
3.910000e+01 7.566085e+03 7.933898e+03
3.911000e+01 7.552113e+03 7.948370e+03
3.912000e+01 7.538141e+03 7.962842e+03
3.913000e+01 7.524169e+03 7.977313e+03
3.914000e+01 7.510197e+03 7.991785e+03
3.915000e+01 7.496225e+03 8.006257e+03
3.916000e+01 7.482253e+03 8.020729e+03
3.917000e+01 7.468281e+03 8.035201e+03
3.918000e+01 7.454309e+03 8.049672e+03
3.919000e+01 7.440337e+03 8.064144e+03
3.920000e+01 7.426365e+03 8.078616e+03
3.921000e+01 7.418685e+03 8.102796e+03
3.922000e+01 7.414924e+03 8.133023e+03
3.923000e+01 7.411162e+03 8.163250e+03
3.924000e+01 7.407401e+03 8.193476e+03
3.925000e+01 7.403639e+03 8.223703e+03
3.926000e+01 7.399878e+03 8.253929e+03
3.927000e+01 7.396117e+03 8.284156e+03
3.928000e+01 7.392355e+03 8.314383e+03
3.929000e+01 7.388594e+03 8.344609e+03
3.930000e+01 7.384832e+03 8.374836e+03
3.931000e+01 7.381071e+03 8.405063e+03
3.932000e+01 7.377309e+03 8.435289e+03
3.933000e+01 7.373548e+03 8.465516e+03
3.934000e+01 7.369786e+03 8.495743e+03
3.935000e+01 7.366025e+03 8.525969e+03
3.936000e+01 7.362264e+03 8.556196e+03
3.937000e+01 7.358502e+03 8.586423e+03
3.938000e+01 7.354741e+03 8.616649e+03
3.939000e+01 7.350979e+03 8.646876e+03
3.940000e+01 7.347218e+03 8.677103e+03
3.941000e+01 7.343456e+03 8.707329e+03
3.942000e+01 7.339695e+03 8.737556e+03
3.943000e+01 7.335934e+03 8.767783e+03
3.944000e+01 7.332172e+03 8.798009e+03
3.945000e+01 7.328411e+03 8.828236e+03
3.946000e+01 7.324649e+03 8.858463e+03
3.947000e+01 7.341733e+03 8.890306e+03
3.948000e+01 7.358968e+03 8.922161e+03
3.949000e+01 7.376203e+03 8.954017e+03
3.950000e+01 7.393439e+03 8.985872e+03
3.951000e+01 7.410674e+03 9.017727e+03
3.952000e+01 7.427909e+03 9.049582e+03
3.953000e+01 7.445144e+03 9.081438e+03
3.954000e+01 7.462379e+03 9.113293e+03
3.955000e+01 7.479614e+03 9.145148e+03
3.956000e+01 7.496850e+03 9.177003e+03
3.957000e+01 7.514085e+03 9.208858e+03
3.958000e+01 7.531320e+03 9.240714e+03
3.959000e+01 7.548555e+03 9.272569e+03
3.960000e+01 7.565790e+03 9.304424e+03
3.961000e+01 7.583026e+03 9.336279e+03
3.962000e+01 7.600261e+03 9.368135e+03
3.963000e+01 7.617496e+03 9.399990e+03
3.964000e+01 7.634731e+03 9.431845e+03
3.965000e+01 7.651966e+03 9.463700e+03
3.966000e+01 7.669201e+03 9.495556e+03
3.967000e+01 7.686437e+03 9.527411e+03
3.968000e+01 7.703672e+03 9.559266e+03
3.969000e+01 7.720907e+03 9.591121e+03
3.970000e+01 7.738142e+03 9.622976e+03
3.971000e+01 7.755377e+03 9.654832e+03
3.972000e+01 7.778763e+03 9.680604e+03
3.973000e+01 7.812649e+03 9.695991e+03
3.974000e+01 7.846535e+03 9.711378e+03
3.975000e+01 7.880421e+03 9.726765e+03
3.976000e+01 7.914307e+03 9.742152e+03
3.977000e+01 7.948194e+03 9.757539e+03
3.978000e+01 7.982080e+03 9.772926e+03
3.979000e+01 8.015966e+03 9.788313e+03
3.980000e+01 8.049852e+03 9.803700e+03
3.981000e+01 8.083738e+03 9.819087e+03
3.982000e+01 8.117625e+03 9.834474e+03
3.983000e+01 8.151511e+03 9.849861e+03
3.984000e+01 8.185397e+03 9.865248e+03
3.985000e+01 8.219283e+03 9.880636e+03
3.986000e+01 8.253169e+03 9.896023e+03
3.987000e+01 8.287055e+03 9.911410e+03
3.988000e+01 8.320942e+03 9.926797e+03
3.989000e+01 8.354828e+03 9.942184e+03
3.990000e+01 8.388714e+03 9.957571e+03
3.991000e+01 8.422600e+03 9.972958e+03
3.992000e+01 8.456486e+03 9.988345e+03
3.993000e+01 8.490372e+03 1.000373e+04
3.994000e+01 8.524259e+03 1.001912e+04
3.995000e+01 8.558145e+03 1.003451e+04
3.996000e+01 8.592031e+03 1.004989e+04
3.997000e+01 8.625917e+03 1.006528e+04
3.998000e+01 8.659185e+03 1.006179e+04
3.999000e+01 8.692242e+03 1.005187e+04
4.000000e+01 8.725300e+03 1.004196e+04
4.001000e+01 8.758357e+03 1.003204e+04
4.002000e+01 8.791415e+03 1.002212e+04
4.003000e+01 8.824472e+03 1.001220e+04
4.004000e+01 8.857530e+03 1.000229e+04
4.005000e+01 8.890587e+03 9.992368e+03
4.006000e+01 8.923645e+03 9.982450e+03
4.007000e+01 8.956702e+03 9.972532e+03
4.008000e+01 8.989760e+03 9.962615e+03
4.009000e+01 9.022817e+03 9.952697e+03
4.010000e+01 9.055875e+03 9.942780e+03
4.011000e+01 9.088932e+03 9.932862e+03
4.012000e+01 9.121990e+03 9.922944e+03
4.013000e+01 9.155047e+03 9.913027e+03
4.014000e+01 9.188105e+03 9.903109e+03
4.015000e+01 9.221162e+03 9.893191e+03
4.016000e+01 9.254219e+03 9.883274e+03
4.017000e+01 9.287277e+03 9.873356e+03
4.018000e+01 9.320334e+03 9.863439e+03
4.019000e+01 9.353392e+03 9.853521e+03
4.020000e+01 9.386449e+03 9.843603e+03
4.021000e+01 9.419507e+03 9.833686e+03
4.022000e+01 9.452564e+03 9.823768e+03
4.023000e+01 9.483185e+03 9.811684e+03
4.024000e+01 9.496358e+03 9.784085e+03
4.025000e+01 9.509530e+03 9.756486e+03
4.026000e+01 9.522703e+03 9.728887e+03
4.027000e+01 9.535875e+03 9.701288e+03
4.028000e+01 9.549047e+03 9.673689e+03
4.029000e+01 9.562220e+03 9.646090e+03
4.030000e+01 9.575392e+03 9.618491e+03
4.031000e+01 9.588565e+03 9.590893e+03
4.032000e+01 9.601737e+03 9.563294e+03
4.033000e+01 9.614909e+03 9.535695e+03
4.034000e+01 9.628082e+03 9.508096e+03
4.035000e+01 9.641254e+03 9.480497e+03
4.036000e+01 9.654427e+03 9.452898e+03
4.037000e+01 9.667599e+03 9.425299e+03
4.038000e+01 9.680771e+03 9.397700e+03
4.039000e+01 9.693944e+03 9.370101e+03
4.040000e+01 9.707116e+03 9.342502e+03
4.041000e+01 9.720288e+03 9.314903e+03
4.042000e+01 9.733461e+03 9.287304e+03
4.043000e+01 9.746633e+03 9.259705e+03
4.044000e+01 9.759806e+03 9.232106e+03
4.045000e+01 9.772978e+03 9.204507e+03
4.046000e+01 9.786150e+03 9.176908e+03
4.047000e+01 9.799323e+03 9.149309e+03
4.048000e+01 9.812495e+03 9.121710e+03
4.049000e+01 9.812050e+03 9.095258e+03
4.050000e+01 9.797939e+03 9.069956e+03
4.051000e+01 9.783827e+03 9.044655e+03
4.052000e+01 9.769715e+03 9.019353e+03
4.053000e+01 9.755604e+03 8.994052e+03
4.054000e+01 9.741492e+03 8.968750e+03
4.055000e+01 9.727381e+03 8.943448e+03
4.056000e+01 9.713269e+03 8.918147e+03
4.057000e+01 9.699157e+03 8.892845e+03
4.058000e+01 9.685046e+03 8.867543e+03
4.059000e+01 9.670934e+03 8.842242e+03
4.060000e+01 9.656823e+03 8.816940e+03
4.061000e+01 9.642711e+03 8.791639e+03
4.062000e+01 9.628599e+03 8.766337e+03
4.063000e+01 9.614488e+03 8.741035e+03
4.064000e+01 9.600376e+03 8.715734e+03
4.065000e+01 9.586264e+03 8.690432e+03
4.066000e+01 9.572153e+03 8.665130e+03
4.067000e+01 9.558041e+03 8.639829e+03
4.068000e+01 9.543930e+03 8.614527e+03
4.069000e+01 9.529818e+03 8.589226e+03
4.070000e+01 9.515706e+03 8.563924e+03
4.071000e+01 9.501595e+03 8.538622e+03
4.072000e+01 9.487483e+03 8.513321e+03
4.073000e+01 9.473372e+03 8.488019e+03
4.074000e+01 9.459260e+03 8.462717e+03
4.075000e+01 9.429993e+03 8.456473e+03
4.076000e+01 9.398574e+03 8.452935e+03
4.077000e+01 9.367155e+03 8.449397e+03
4.078000e+01 9.335736e+03 8.445859e+03
4.079000e+01 9.304317e+03 8.442320e+03
4.080000e+01 9.272898e+03 8.438782e+03
4.081000e+01 9.241479e+03 8.435244e+03
4.082000e+01 9.210060e+03 8.431705e+03
4.083000e+01 9.178641e+03 8.428167e+03
4.084000e+01 9.147222e+03 8.424629e+03
4.085000e+01 9.115803e+03 8.421090e+03
4.086000e+01 9.084384e+03 8.417552e+03
4.087000e+01 9.052965e+03 8.414014e+03
4.088000e+01 9.021546e+03 8.410475e+03
4.089000e+01 8.990127e+03 8.406937e+03
4.090000e+01 8.958708e+03 8.403399e+03
4.091000e+01 8.927289e+03 8.399861e+03
4.092000e+01 8.895870e+03 8.396322e+03
4.093000e+01 8.864451e+03 8.392784e+03
4.094000e+01 8.833032e+03 8.389246e+03
4.095000e+01 8.801613e+03 8.385707e+03
4.096000e+01 8.770194e+03 8.382169e+03
4.097000e+01 8.738775e+03 8.378631e+03
4.098000e+01 8.707356e+03 8.375092e+03
4.099000e+01 8.675937e+03 8.371554e+03
4.100000e+01 8.645556e+03 8.375010e+03
4.101000e+01 8.618253e+03 8.399201e+03
4.102000e+01 8.590950e+03 8.423392e+03
4.103000e+01 8.563647e+03 8.447583e+03
4.104000e+01 8.536344e+03 8.471774e+03
4.105000e+01 8.509041e+03 8.495965e+03
4.106000e+01 8.481738e+03 8.520155e+03
4.107000e+01 8.454434e+03 8.544346e+03
4.108000e+01 8.427131e+03 8.568537e+03
4.109000e+01 8.399828e+03 8.592728e+03
4.110000e+01 8.372525e+03 8.616919e+03
4.111000e+01 8.345222e+03 8.641109e+03
4.112000e+01 8.317919e+03 8.665300e+03
4.113000e+01 8.290616e+03 8.689491e+03
4.114000e+01 8.263313e+03 8.713682e+03
4.115000e+01 8.236009e+03 8.737873e+03
4.116000e+01 8.208706e+03 8.762063e+03
4.117000e+01 8.181403e+03 8.786254e+03
4.118000e+01 8.154100e+03 8.810445e+03
4.119000e+01 8.126797e+03 8.834636e+03
4.120000e+01 8.099494e+03 8.858827e+03
4.121000e+01 8.072191e+03 8.883017e+03
4.122000e+01 8.044888e+03 8.907208e+03
4.123000e+01 8.017584e+03 8.931399e+03
4.124000e+01 7.990281e+03 8.955590e+03
4.125000e+01 7.962978e+03 8.979781e+03
4.126000e+01 7.950265e+03 9.013981e+03
4.127000e+01 7.946163e+03 9.054089e+03
4.128000e+01 7.942060e+03 9.094198e+03
4.129000e+01 7.937958e+03 9.134306e+03
4.130000e+01 7.933856e+03 9.174415e+03
4.131000e+01 7.929754e+03 9.214523e+03
4.132000e+01 7.925652e+03 9.254632e+03
4.133000e+01 7.921550e+03 9.294740e+03
4.134000e+01 7.917448e+03 9.334849e+03
4.135000e+01 7.913346e+03 9.374957e+03
4.136000e+01 7.909244e+03 9.415066e+03
4.137000e+01 7.905142e+03 9.455174e+03
4.138000e+01 7.901040e+03 9.495282e+03
4.139000e+01 7.896938e+03 9.535391e+03
4.140000e+01 7.892836e+03 9.575499e+03
4.141000e+01 7.888734e+03 9.615608e+03
4.142000e+01 7.884632e+03 9.655716e+03
4.143000e+01 7.880530e+03 9.695825e+03
4.144000e+01 7.876428e+03 9.735933e+03
4.145000e+01 7.872325e+03 9.776042e+03
4.146000e+01 7.868223e+03 9.816150e+03
4.147000e+01 7.864121e+03 9.856258e+03
4.148000e+01 7.860019e+03 9.896367e+03
4.149000e+01 7.855917e+03 9.936475e+03
4.150000e+01 7.851815e+03 9.976584e+03
4.151000e+01 7.847861e+03 1.001666e+04
4.152000e+01 7.871209e+03 1.005054e+04
4.153000e+01 7.894556e+03 1.008441e+04
4.154000e+01 7.917904e+03 1.011829e+04
4.155000e+01 7.941251e+03 1.015217e+04
4.156000e+01 7.964598e+03 1.018604e+04
4.157000e+01 7.987946e+03 1.021992e+04
4.158000e+01 8.011293e+03 1.025380e+04
4.159000e+01 8.034641e+03 1.028768e+04
4.160000e+01 8.057988e+03 1.032155e+04
4.161000e+01 8.081335e+03 1.035543e+04
4.162000e+01 8.104683e+03 1.038931e+04
4.163000e+01 8.128030e+03 1.042319e+04
4.164000e+01 8.151378e+03 1.045706e+04
4.165000e+01 8.174725e+03 1.049094e+04
4.166000e+01 8.198072e+03 1.052482e+04
4.167000e+01 8.221420e+03 1.055869e+04
4.168000e+01 8.244767e+03 1.059257e+04
4.169000e+01 8.268115e+03 1.062645e+04
4.170000e+01 8.291462e+03 1.066033e+04
4.171000e+01 8.314809e+03 1.069420e+04
4.172000e+01 8.338157e+03 1.072808e+04
4.173000e+01 8.361504e+03 1.076196e+04
4.174000e+01 8.384852e+03 1.079584e+04
4.175000e+01 8.408199e+03 1.082971e+04
4.176000e+01 8.431546e+03 1.086359e+04
4.177000e+01 8.460230e+03 1.088815e+04
4.178000e+01 8.497546e+03 1.089764e+04
4.179000e+01 8.534862e+03 1.090712e+04
4.180000e+01 8.572179e+03 1.091661e+04
4.181000e+01 8.609495e+03 1.092610e+04
4.182000e+01 8.646811e+03 1.093558e+04
4.183000e+01 8.684128e+03 1.094507e+04
4.184000e+01 8.721444e+03 1.095456e+04
4.185000e+01 8.758760e+03 1.096404e+04
4.186000e+01 8.796076e+03 1.097353e+04
4.187000e+01 8.833393e+03 1.098301e+04
4.188000e+01 8.870709e+03 1.099250e+04
4.189000e+01 8.908025e+03 1.100199e+04
4.190000e+01 8.945342e+03 1.101147e+04
4.191000e+01 8.982658e+03 1.102096e+04
4.192000e+01 9.019974e+03 1.103045e+04
4.193000e+01 9.057290e+03 1.103993e+04
4.194000e+01 9.094607e+03 1.104942e+04
4.195000e+01 9.131923e+03 1.105891e+04
4.196000e+01 9.169239e+03 1.106839e+04
4.197000e+01 9.206556e+03 1.107788e+04
4.198000e+01 9.243872e+03 1.108736e+04
4.199000e+01 9.281188e+03 1.109685e+04
4.200000e+01 9.318505e+03 1.110634e+04
4.201000e+01 9.355821e+03 1.111582e+04
4.202000e+01 9.393137e+03 1.112531e+04
4.203000e+01 9.423949e+03 1.111450e+04
4.204000e+01 9.452690e+03 1.109724e+04
4.205000e+01 9.481431e+03 1.107997e+04
4.206000e+01 9.510172e+03 1.106270e+04
4.207000e+01 9.538913e+03 1.104544e+04
4.208000e+01 9.567655e+03 1.102817e+04
4.209000e+01 9.596396e+03 1.101090e+04
4.210000e+01 9.625137e+03 1.099364e+04
4.211000e+01 9.653878e+03 1.097637e+04
4.212000e+01 9.682619e+03 1.095910e+04
4.213000e+01 9.711361e+03 1.094184e+04
4.214000e+01 9.740102e+03 1.092457e+04
4.215000e+01 9.768843e+03 1.090730e+04
4.216000e+01 9.797584e+03 1.089004e+04
4.217000e+01 9.826325e+03 1.087277e+04
4.218000e+01 9.855067e+03 1.085551e+04
4.219000e+01 9.883808e+03 1.083824e+04
4.220000e+01 9.912549e+03 1.082097e+04
4.221000e+01 9.941290e+03 1.080371e+04
4.222000e+01 9.970031e+03 1.078644e+04
4.223000e+01 9.998773e+03 1.076917e+04
4.224000e+01 1.002751e+04 1.075191e+04
4.225000e+01 1.005625e+04 1.073464e+04
4.226000e+01 1.008500e+04 1.071737e+04
4.227000e+01 1.011374e+04 1.070011e+04
4.228000e+01 1.013902e+04 1.068125e+04
4.229000e+01 1.014214e+04 1.065224e+04
4.230000e+01 1.014526e+04 1.062322e+04
4.231000e+01 1.014838e+04 1.059421e+04
4.232000e+01 1.015150e+04 1.056519e+04
4.233000e+01 1.015462e+04 1.053618e+04
4.234000e+01 1.015774e+04 1.050716e+04
4.235000e+01 1.016086e+04 1.047815e+04
4.236000e+01 1.016398e+04 1.044913e+04
4.237000e+01 1.016710e+04 1.042012e+04
4.238000e+01 1.017022e+04 1.039110e+04
4.239000e+01 1.017334e+04 1.036209e+04
4.240000e+01 1.017647e+04 1.033307e+04
4.241000e+01 1.017959e+04 1.030406e+04
4.242000e+01 1.018271e+04 1.027504e+04
4.243000e+01 1.018583e+04 1.024602e+04
4.244000e+01 1.018895e+04 1.021701e+04
4.245000e+01 1.019207e+04 1.018799e+04
4.246000e+01 1.019519e+04 1.015898e+04
4.247000e+01 1.019831e+04 1.012996e+04
4.248000e+01 1.020143e+04 1.010095e+04
4.249000e+01 1.020455e+04 1.007193e+04
4.250000e+01 1.020767e+04 1.004292e+04
4.251000e+01 1.021079e+04 1.001390e+04
4.252000e+01 1.021391e+04 9.984888e+03
4.253000e+01 1.021704e+04 9.955873e+03
4.254000e+01 1.020675e+04 9.932466e+03
4.255000e+01 1.018368e+04 9.914410e+03
4.256000e+01 1.016060e+04 9.896355e+03
4.257000e+01 1.013753e+04 9.878300e+03
4.258000e+01 1.011445e+04 9.860244e+03
4.259000e+01 1.009138e+04 9.842189e+03
4.260000e+01 1.006831e+04 9.824134e+03
4.261000e+01 1.004523e+04 9.806078e+03
4.262000e+01 1.002216e+04 9.788023e+03
4.263000e+01 9.999083e+03 9.769968e+03
4.264000e+01 9.976009e+03 9.751912e+03
4.265000e+01 9.952935e+03 9.733857e+03
4.266000e+01 9.929861e+03 9.715802e+03
4.267000e+01 9.906786e+03 9.697746e+03
4.268000e+01 9.883712e+03 9.679691e+03
4.269000e+01 9.860638e+03 9.661636e+03
4.270000e+01 9.837563e+03 9.643580e+03
4.271000e+01 9.814489e+03 9.625525e+03
4.272000e+01 9.791415e+03 9.607470e+03
4.273000e+01 9.768341e+03 9.589415e+03
4.274000e+01 9.745266e+03 9.571359e+03
4.275000e+01 9.722192e+03 9.553304e+03
4.276000e+01 9.699118e+03 9.535249e+03
4.277000e+01 9.676044e+03 9.517193e+03
4.278000e+01 9.652969e+03 9.499138e+03
4.279000e+01 9.629895e+03 9.481083e+03
4.280000e+01 9.597934e+03 9.486837e+03
4.281000e+01 9.564855e+03 9.495585e+03
4.282000e+01 9.531776e+03 9.504333e+03
4.283000e+01 9.498697e+03 9.513082e+03
4.284000e+01 9.465618e+03 9.521830e+03
4.285000e+01 9.432539e+03 9.530578e+03
4.286000e+01 9.399461e+03 9.539327e+03
4.287000e+01 9.366382e+03 9.548075e+03
4.288000e+01 9.333303e+03 9.556823e+03
4.289000e+01 9.300224e+03 9.565572e+03
4.290000e+01 9.267145e+03 9.574320e+03
4.291000e+01 9.234066e+03 9.583068e+03
4.292000e+01 9.200987e+03 9.591817e+03
4.293000e+01 9.167909e+03 9.600565e+03
4.294000e+01 9.134830e+03 9.609313e+03
4.295000e+01 9.101751e+03 9.618062e+03
4.296000e+01 9.068672e+03 9.626810e+03
4.297000e+01 9.035593e+03 9.635558e+03
4.298000e+01 9.002514e+03 9.644307e+03
4.299000e+01 8.969435e+03 9.653055e+03
4.300000e+01 8.936356e+03 9.661803e+03
4.301000e+01 8.903278e+03 9.670552e+03
4.302000e+01 8.870199e+03 9.679300e+03
4.303000e+01 8.837120e+03 9.688048e+03
4.304000e+01 8.804041e+03 9.696797e+03
4.305000e+01 8.774261e+03 9.712368e+03
4.306000e+01 8.753636e+03 9.746878e+03
4.307000e+01 8.733012e+03 9.781387e+03
4.308000e+01 8.712388e+03 9.815897e+03
4.309000e+01 8.691763e+03 9.850406e+03
4.310000e+01 8.671139e+03 9.884915e+03
4.311000e+01 8.650514e+03 9.919425e+03
4.312000e+01 8.629890e+03 9.953934e+03
4.313000e+01 8.609265e+03 9.988444e+03
4.314000e+01 8.588641e+03 1.002295e+04
4.315000e+01 8.568016e+03 1.005746e+04
4.316000e+01 8.547392e+03 1.009197e+04
4.317000e+01 8.526768e+03 1.012648e+04
4.318000e+01 8.506143e+03 1.016099e+04
4.319000e+01 8.485519e+03 1.019550e+04
4.320000e+01 8.464894e+03 1.023001e+04
4.321000e+01 8.444270e+03 1.026452e+04
4.322000e+01 8.423645e+03 1.029903e+04
4.323000e+01 8.403021e+03 1.033354e+04
4.324000e+01 8.382396e+03 1.036805e+04
4.325000e+01 8.361772e+03 1.040256e+04
4.326000e+01 8.341148e+03 1.043707e+04
4.327000e+01 8.320523e+03 1.047158e+04
4.328000e+01 8.299899e+03 1.050609e+04
4.329000e+01 8.279274e+03 1.054060e+04
4.330000e+01 8.258650e+03 1.057510e+04
4.331000e+01 8.255196e+03 1.061526e+04
4.332000e+01 8.261340e+03 1.065858e+04
4.333000e+01 8.267484e+03 1.070189e+04
4.334000e+01 8.273628e+03 1.074521e+04
4.335000e+01 8.279772e+03 1.078853e+04
4.336000e+01 8.285916e+03 1.083184e+04
4.337000e+01 8.292059e+03 1.087516e+04
4.338000e+01 8.298203e+03 1.091847e+04
4.339000e+01 8.304347e+03 1.096179e+04
4.340000e+01 8.310491e+03 1.100511e+04
4.341000e+01 8.316635e+03 1.104842e+04
4.342000e+01 8.322779e+03 1.109174e+04
4.343000e+01 8.328923e+03 1.113505e+04
4.344000e+01 8.335067e+03 1.117837e+04
4.345000e+01 8.341211e+03 1.122168e+04
4.346000e+01 8.347355e+03 1.126500e+04
4.347000e+01 8.353499e+03 1.130832e+04
4.348000e+01 8.359643e+03 1.135163e+04
4.349000e+01 8.365787e+03 1.139495e+04
4.350000e+01 8.371931e+03 1.143826e+04
4.351000e+01 8.378075e+03 1.148158e+04
4.352000e+01 8.384219e+03 1.152489e+04
4.353000e+01 8.390363e+03 1.156821e+04
4.354000e+01 8.396507e+03 1.161153e+04
4.355000e+01 8.402651e+03 1.165484e+04
4.356000e+01 8.409227e+03 1.169793e+04
4.357000e+01 8.439355e+03 1.172844e+04
4.358000e+01 8.469484e+03 1.175896e+04
4.359000e+01 8.499612e+03 1.178947e+04
4.360000e+01 8.529740e+03 1.181999e+04
4.361000e+01 8.559869e+03 1.185050e+04
4.362000e+01 8.589997e+03 1.188101e+04
4.363000e+01 8.620125e+03 1.191153e+04
4.364000e+01 8.650254e+03 1.194204e+04
4.365000e+01 8.680382e+03 1.197256e+04
4.366000e+01 8.710510e+03 1.200307e+04
4.367000e+01 8.740639e+03 1.203359e+04
4.368000e+01 8.770767e+03 1.206410e+04
4.369000e+01 8.800895e+03 1.209462e+04
4.370000e+01 8.831024e+03 1.212513e+04
4.371000e+01 8.861152e+03 1.215565e+04
4.372000e+01 8.891280e+03 1.218616e+04
4.373000e+01 8.921409e+03 1.221667e+04
4.374000e+01 8.951537e+03 1.224719e+04
4.375000e+01 8.981665e+03 1.227770e+04
4.376000e+01 9.011794e+03 1.230822e+04
4.377000e+01 9.041922e+03 1.233873e+04
4.378000e+01 9.072050e+03 1.236925e+04
4.379000e+01 9.102179e+03 1.239976e+04
4.380000e+01 9.132307e+03 1.243028e+04
4.381000e+01 9.162435e+03 1.246079e+04
4.382000e+01 9.195097e+03 1.248148e+04
4.383000e+01 9.231647e+03 1.248708e+04
4.384000e+01 9.268196e+03 1.249269e+04
4.385000e+01 9.304745e+03 1.249829e+04
4.386000e+01 9.341294e+03 1.250390e+04
4.387000e+01 9.377843e+03 1.250950e+04
4.388000e+01 9.414393e+03 1.251511e+04
4.389000e+01 9.450942e+03 1.252072e+04
4.390000e+01 9.487491e+03 1.252632e+04
4.391000e+01 9.524040e+03 1.253193e+04
4.392000e+01 9.560590e+03 1.253753e+04
4.393000e+01 9.597139e+03 1.254314e+04
4.394000e+01 9.633688e+03 1.254874e+04
4.395000e+01 9.670237e+03 1.255435e+04
4.396000e+01 9.706787e+03 1.255996e+04
4.397000e+01 9.743336e+03 1.256556e+04
4.398000e+01 9.779885e+03 1.257117e+04
4.399000e+01 9.816434e+03 1.257677e+04
4.400000e+01 9.852984e+03 1.258238e+04
4.401000e+01 9.889533e+03 1.258798e+04
4.402000e+01 9.926082e+03 1.259359e+04
4.403000e+01 9.962631e+03 1.259919e+04
4.404000e+01 9.999181e+03 1.260480e+04
4.405000e+01 1.003573e+04 1.261041e+04
4.406000e+01 1.007228e+04 1.261601e+04
4.407000e+01 1.010883e+04 1.262162e+04
4.408000e+01 1.013469e+04 1.261198e+04
4.409000e+01 1.015737e+04 1.259781e+04
4.410000e+01 1.018005e+04 1.258365e+04
4.411000e+01 1.020274e+04 1.256948e+04
4.412000e+01 1.022542e+04 1.255532e+04
4.413000e+01 1.024811e+04 1.254116e+04
4.414000e+01 1.027079e+04 1.252699e+04
4.415000e+01 1.029347e+04 1.251283e+04
4.416000e+01 1.031616e+04 1.249866e+04
4.417000e+01 1.033884e+04 1.248450e+04
4.418000e+01 1.036153e+04 1.247033e+04
4.419000e+01 1.038421e+04 1.245617e+04
4.420000e+01 1.040689e+04 1.244201e+04
4.421000e+01 1.042958e+04 1.242784e+04
4.422000e+01 1.045226e+04 1.241368e+04
4.423000e+01 1.047495e+04 1.239951e+04
4.424000e+01 1.049763e+04 1.238535e+04
4.425000e+01 1.052031e+04 1.237118e+04
4.426000e+01 1.054300e+04 1.235702e+04
4.427000e+01 1.056568e+04 1.234286e+04
4.428000e+01 1.058837e+04 1.232869e+04
4.429000e+01 1.061105e+04 1.231453e+04
4.430000e+01 1.063374e+04 1.230036e+04
4.431000e+01 1.065642e+04 1.228620e+04
4.432000e+01 1.067910e+04 1.227204e+04
4.433000e+01 1.069839e+04 1.225769e+04
4.434000e+01 1.069805e+04 1.224232e+04
4.435000e+01 1.069771e+04 1.222694e+04
4.436000e+01 1.069738e+04 1.221157e+04
4.437000e+01 1.069704e+04 1.219620e+04
4.438000e+01 1.069670e+04 1.218082e+04
4.439000e+01 1.069637e+04 1.216545e+04
4.440000e+01 1.069603e+04 1.215007e+04
4.441000e+01 1.069569e+04 1.213470e+04
4.442000e+01 1.069536e+04 1.211933e+04
4.443000e+01 1.069502e+04 1.210395e+04
4.444000e+01 1.069468e+04 1.208858e+04
4.445000e+01 1.069435e+04 1.207320e+04
4.446000e+01 1.069401e+04 1.205783e+04
4.447000e+01 1.069367e+04 1.204245e+04
4.448000e+01 1.069334e+04 1.202708e+04
4.449000e+01 1.069300e+04 1.201171e+04
4.450000e+01 1.069266e+04 1.199633e+04
4.451000e+01 1.069232e+04 1.198096e+04
4.452000e+01 1.069199e+04 1.196558e+04
4.453000e+01 1.069165e+04 1.195021e+04
4.454000e+01 1.069131e+04 1.193484e+04
4.455000e+01 1.069098e+04 1.191946e+04
4.456000e+01 1.069064e+04 1.190409e+04
4.457000e+01 1.069030e+04 1.188871e+04
4.458000e+01 1.068997e+04 1.187334e+04
4.459000e+01 1.068195e+04 1.186729e+04
4.460000e+01 1.066697e+04 1.186970e+04
4.461000e+01 1.065199e+04 1.187211e+04
4.462000e+01 1.063701e+04 1.187452e+04
4.463000e+01 1.062203e+04 1.187693e+04
4.464000e+01 1.060705e+04 1.187934e+04
4.465000e+01 1.059207e+04 1.188175e+04
4.466000e+01 1.057709e+04 1.188416e+04
4.467000e+01 1.056211e+04 1.188657e+04
4.468000e+01 1.054713e+04 1.188898e+04
4.469000e+01 1.053214e+04 1.189139e+04
4.470000e+01 1.051716e+04 1.189380e+04
4.471000e+01 1.050218e+04 1.189621e+04
4.472000e+01 1.048720e+04 1.189862e+04
4.473000e+01 1.047222e+04 1.190103e+04
4.474000e+01 1.045724e+04 1.190343e+04
4.475000e+01 1.044226e+04 1.190584e+04
4.476000e+01 1.042728e+04 1.190825e+04
4.477000e+01 1.041230e+04 1.191066e+04
4.478000e+01 1.039732e+04 1.191307e+04
4.479000e+01 1.038234e+04 1.191548e+04
4.480000e+01 1.036736e+04 1.191789e+04
4.481000e+01 1.035237e+04 1.192030e+04
4.482000e+01 1.033739e+04 1.192271e+04
4.483000e+01 1.032241e+04 1.192512e+04
4.484000e+01 1.030743e+04 1.192753e+04
4.485000e+01 1.029761e+04 1.195123e+04
4.486000e+01 1.028836e+04 1.197727e+04
4.487000e+01 1.027910e+04 1.200331e+04
4.488000e+01 1.026985e+04 1.202935e+04
4.489000e+01 1.026060e+04 1.205539e+04
4.490000e+01 1.025135e+04 1.208143e+04
4.491000e+01 1.024209e+04 1.210747e+04
4.492000e+01 1.023284e+04 1.213350e+04
4.493000e+01 1.022359e+04 1.215954e+04
4.494000e+01 1.021433e+04 1.218558e+04
4.495000e+01 1.020508e+04 1.221162e+04
4.496000e+01 1.019583e+04 1.223766e+04
4.497000e+01 1.018657e+04 1.226370e+04
4.498000e+01 1.017732e+04 1.228974e+04
4.499000e+01 1.016807e+04 1.231578e+04
4.500000e+01 1.015881e+04 1.234182e+04
4.501000e+01 1.014956e+04 1.236786e+04
4.502000e+01 1.014031e+04 1.239390e+04
4.503000e+01 1.013105e+04 1.241994e+04
4.504000e+01 1.012180e+04 1.244598e+04
4.505000e+01 1.011255e+04 1.247202e+04
4.506000e+01 1.010329e+04 1.249805e+04
4.507000e+01 1.009404e+04 1.252409e+04
4.508000e+01 1.008479e+04 1.255013e+04
4.509000e+01 1.007554e+04 1.257617e+04
4.510000e+01 1.007294e+04 1.260537e+04
4.511000e+01 1.008769e+04 1.264278e+04
4.512000e+01 1.010244e+04 1.268019e+04
4.513000e+01 1.011718e+04 1.271760e+04
4.514000e+01 1.013193e+04 1.275501e+04
4.515000e+01 1.014668e+04 1.279242e+04
4.516000e+01 1.016143e+04 1.282983e+04
4.517000e+01 1.017618e+04 1.286724e+04
4.518000e+01 1.019092e+04 1.290465e+04
4.519000e+01 1.020567e+04 1.294206e+04
4.520000e+01 1.022042e+04 1.297947e+04
4.521000e+01 1.023517e+04 1.301688e+04
4.522000e+01 1.024992e+04 1.305429e+04
4.523000e+01 1.026466e+04 1.309171e+04
4.524000e+01 1.027941e+04 1.312912e+04
4.525000e+01 1.029416e+04 1.316653e+04
4.526000e+01 1.030891e+04 1.320394e+04
4.527000e+01 1.032365e+04 1.324135e+04
4.528000e+01 1.033840e+04 1.327876e+04
4.529000e+01 1.035315e+04 1.331617e+04
4.530000e+01 1.036790e+04 1.335358e+04
4.531000e+01 1.038265e+04 1.339099e+04
4.532000e+01 1.039739e+04 1.342840e+04
4.533000e+01 1.041214e+04 1.346581e+04
4.534000e+01 1.042689e+04 1.350322e+04
4.535000e+01 1.044164e+04 1.354063e+04
4.536000e+01 1.047391e+04 1.357047e+04
4.537000e+01 1.051546e+04 1.359630e+04
4.538000e+01 1.055701e+04 1.362214e+04
4.539000e+01 1.059856e+04 1.364797e+04
4.540000e+01 1.064011e+04 1.367380e+04
4.541000e+01 1.068166e+04 1.369964e+04
4.542000e+01 1.072321e+04 1.372547e+04
4.543000e+01 1.076475e+04 1.375131e+04
4.544000e+01 1.080630e+04 1.377714e+04
4.545000e+01 1.084785e+04 1.380297e+04
4.546000e+01 1.088940e+04 1.382881e+04
4.547000e+01 1.093095e+04 1.385464e+04
4.548000e+01 1.097250e+04 1.388047e+04
4.549000e+01 1.101405e+04 1.390631e+04
4.550000e+01 1.105560e+04 1.393214e+04
4.551000e+01 1.109714e+04 1.395797e+04
4.552000e+01 1.113869e+04 1.398381e+04
4.553000e+01 1.118024e+04 1.400964e+04
4.554000e+01 1.122179e+04 1.403547e+04
4.555000e+01 1.126334e+04 1.406131e+04
4.556000e+01 1.130489e+04 1.408714e+04
4.557000e+01 1.134644e+04 1.411297e+04
4.558000e+01 1.138799e+04 1.413881e+04
4.559000e+01 1.142953e+04 1.416464e+04
4.560000e+01 1.147108e+04 1.419048e+04
4.561000e+01 1.151296e+04 1.421539e+04
4.562000e+01 1.156516e+04 1.421133e+04
4.563000e+01 1.161737e+04 1.420728e+04
4.564000e+01 1.166958e+04 1.420322e+04
4.565000e+01 1.172178e+04 1.419916e+04
4.566000e+01 1.177399e+04 1.419510e+04
4.567000e+01 1.182619e+04 1.419104e+04
4.568000e+01 1.187840e+04 1.418698e+04
4.569000e+01 1.193061e+04 1.418292e+04
4.570000e+01 1.198281e+04 1.417886e+04
4.571000e+01 1.203502e+04 1.417480e+04
4.572000e+01 1.208722e+04 1.417074e+04
4.573000e+01 1.213943e+04 1.416669e+04
4.574000e+01 1.219164e+04 1.416263e+04
4.575000e+01 1.224384e+04 1.415857e+04
4.576000e+01 1.229605e+04 1.415451e+04
4.577000e+01 1.234825e+04 1.415045e+04
4.578000e+01 1.240046e+04 1.414639e+04
4.579000e+01 1.245266e+04 1.414233e+04
4.580000e+01 1.250487e+04 1.413827e+04
4.581000e+01 1.255708e+04 1.413421e+04
4.582000e+01 1.260928e+04 1.413015e+04
4.583000e+01 1.266149e+04 1.412610e+04
4.584000e+01 1.271369e+04 1.412204e+04
4.585000e+01 1.276590e+04 1.411798e+04
4.586000e+01 1.281811e+04 1.411392e+04
4.587000e+01 1.286417e+04 1.409749e+04
4.588000e+01 1.290129e+04 1.406305e+04
4.589000e+01 1.293841e+04 1.402862e+04
4.590000e+01 1.297552e+04 1.399418e+04
4.591000e+01 1.301264e+04 1.395975e+04
4.592000e+01 1.304976e+04 1.392531e+04
4.593000e+01 1.308688e+04 1.389088e+04
4.594000e+01 1.312400e+04 1.385644e+04
4.595000e+01 1.316112e+04 1.382201e+04
4.596000e+01 1.319824e+04 1.378757e+04
4.597000e+01 1.323535e+04 1.375313e+04
4.598000e+01 1.327247e+04 1.371870e+04
4.599000e+01 1.330959e+04 1.368426e+04
4.600000e+01 1.334671e+04 1.364983e+04
4.601000e+01 1.338383e+04 1.361539e+04
4.602000e+01 1.342095e+04 1.358096e+04
4.603000e+01 1.345807e+04 1.354652e+04
4.604000e+01 1.349519e+04 1.351208e+04
4.605000e+01 1.353230e+04 1.347765e+04
4.606000e+01 1.356942e+04 1.344321e+04
4.607000e+01 1.360654e+04 1.340878e+04
4.608000e+01 1.364366e+04 1.337434e+04
4.609000e+01 1.368078e+04 1.333991e+04
4.610000e+01 1.371790e+04 1.330547e+04
4.611000e+01 1.375502e+04 1.327104e+04
4.612000e+01 1.379214e+04 1.323660e+04
4.613000e+01 1.380268e+04 1.319351e+04
4.614000e+01 1.380589e+04 1.314802e+04
4.615000e+01 1.380910e+04 1.310254e+04
4.616000e+01 1.381231e+04 1.305705e+04
4.617000e+01 1.381552e+04 1.301157e+04
4.618000e+01 1.381873e+04 1.296608e+04
4.619000e+01 1.382195e+04 1.292060e+04
4.620000e+01 1.382516e+04 1.287512e+04
4.621000e+01 1.382837e+04 1.282963e+04
4.622000e+01 1.383158e+04 1.278415e+04
4.623000e+01 1.383479e+04 1.273866e+04
4.624000e+01 1.383800e+04 1.269318e+04
4.625000e+01 1.384121e+04 1.264770e+04
4.626000e+01 1.384442e+04 1.260221e+04
4.627000e+01 1.384763e+04 1.255673e+04
4.628000e+01 1.385085e+04 1.251124e+04
4.629000e+01 1.385406e+04 1.246576e+04
4.630000e+01 1.385727e+04 1.242028e+04
4.631000e+01 1.386048e+04 1.237479e+04
4.632000e+01 1.386369e+04 1.232931e+04
4.633000e+01 1.386690e+04 1.228382e+04
4.634000e+01 1.387011e+04 1.223834e+04
4.635000e+01 1.387332e+04 1.219286e+04
4.636000e+01 1.387654e+04 1.214737e+04
4.637000e+01 1.387975e+04 1.210189e+04
4.638000e+01 1.387769e+04 1.205912e+04
4.639000e+01 1.384802e+04 1.203053e+04
4.640000e+01 1.381835e+04 1.200195e+04
4.641000e+01 1.378869e+04 1.197337e+04
4.642000e+01 1.375902e+04 1.194479e+04
4.643000e+01 1.372935e+04 1.191620e+04
4.644000e+01 1.369969e+04 1.188762e+04
4.645000e+01 1.367002e+04 1.185904e+04
4.646000e+01 1.364035e+04 1.183046e+04
4.647000e+01 1.361069e+04 1.180187e+04
4.648000e+01 1.358102e+04 1.177329e+04
4.649000e+01 1.355135e+04 1.174471e+04
4.650000e+01 1.352169e+04 1.171613e+04
4.651000e+01 1.349202e+04 1.168755e+04
4.652000e+01 1.346236e+04 1.165896e+04
4.653000e+01 1.343269e+04 1.163038e+04
4.654000e+01 1.340302e+04 1.160180e+04
4.655000e+01 1.337336e+04 1.157322e+04
4.656000e+01 1.334369e+04 1.154463e+04
4.657000e+01 1.331402e+04 1.151605e+04
4.658000e+01 1.328436e+04 1.148747e+04
4.659000e+01 1.325469e+04 1.145889e+04
4.660000e+01 1.322502e+04 1.143031e+04
4.661000e+01 1.319536e+04 1.140172e+04
4.662000e+01 1.316569e+04 1.137314e+04
4.663000e+01 1.313602e+04 1.134456e+04
4.664000e+01 1.310016e+04 1.133529e+04
4.665000e+01 1.305895e+04 1.134268e+04
4.666000e+01 1.301774e+04 1.135007e+04
4.667000e+01 1.297652e+04 1.135746e+04
4.668000e+01 1.293531e+04 1.136485e+04
4.669000e+01 1.289410e+04 1.137225e+04
4.670000e+01 1.285289e+04 1.137964e+04
4.671000e+01 1.281168e+04 1.138703e+04
4.672000e+01 1.277046e+04 1.139442e+04
4.673000e+01 1.272925e+04 1.140181e+04
4.674000e+01 1.268804e+04 1.140920e+04
4.675000e+01 1.264683e+04 1.141659e+04
4.676000e+01 1.260562e+04 1.142398e+04
4.677000e+01 1.256441e+04 1.143137e+04
4.678000e+01 1.252319e+04 1.143876e+04
4.679000e+01 1.248198e+04 1.144615e+04
4.680000e+01 1.244077e+04 1.145354e+04
4.681000e+01 1.239956e+04 1.146093e+04
4.682000e+01 1.235835e+04 1.146832e+04
4.683000e+01 1.231714e+04 1.147571e+04
4.684000e+01 1.227592e+04 1.148311e+04
4.685000e+01 1.223471e+04 1.149050e+04
4.686000e+01 1.219350e+04 1.149789e+04
4.687000e+01 1.215229e+04 1.150528e+04
4.688000e+01 1.211108e+04 1.151267e+04
4.689000e+01 1.206987e+04 1.152006e+04
4.690000e+01 1.204438e+04 1.155832e+04
4.691000e+01 1.202037e+04 1.159951e+04
4.692000e+01 1.199637e+04 1.164069e+04
4.693000e+01 1.197237e+04 1.168188e+04
4.694000e+01 1.194837e+04 1.172307e+04
4.695000e+01 1.192437e+04 1.176425e+04
4.696000e+01 1.190037e+04 1.180544e+04
4.697000e+01 1.187637e+04 1.184663e+04
4.698000e+01 1.185236e+04 1.188781e+04
4.699000e+01 1.182836e+04 1.192900e+04
4.700000e+01 1.180436e+04 1.197018e+04
4.701000e+01 1.178036e+04 1.201137e+04
4.702000e+01 1.175636e+04 1.205256e+04
4.703000e+01 1.173236e+04 1.209374e+04
4.704000e+01 1.170835e+04 1.213493e+04
4.705000e+01 1.168435e+04 1.217612e+04
4.706000e+01 1.166035e+04 1.221730e+04
4.707000e+01 1.163635e+04 1.225849e+04
4.708000e+01 1.161235e+04 1.229967e+04
4.709000e+01 1.158835e+04 1.234086e+04
4.710000e+01 1.156435e+04 1.238205e+04
4.711000e+01 1.154034e+04 1.242323e+04
4.712000e+01 1.151634e+04 1.246442e+04
4.713000e+01 1.149234e+04 1.250561e+04
4.714000e+01 1.146834e+04 1.254679e+04
4.715000e+01 1.145457e+04 1.259134e+04
4.716000e+01 1.146586e+04 1.264413e+04
4.717000e+01 1.147714e+04 1.269692e+04
4.718000e+01 1.148842e+04 1.274971e+04
4.719000e+01 1.149971e+04 1.280250e+04
4.720000e+01 1.151099e+04 1.285529e+04
4.721000e+01 1.152227e+04 1.290808e+04
4.722000e+01 1.153356e+04 1.296087e+04
4.723000e+01 1.154484e+04 1.301366e+04
4.724000e+01 1.155612e+04 1.306645e+04
4.725000e+01 1.156741e+04 1.311924e+04
4.726000e+01 1.157869e+04 1.317203e+04
4.727000e+01 1.158997e+04 1.322482e+04
4.728000e+01 1.160126e+04 1.327761e+04
4.729000e+01 1.161254e+04 1.333040e+04
4.730000e+01 1.162382e+04 1.338319e+04
4.731000e+01 1.163510e+04 1.343598e+04
4.732000e+01 1.164639e+04 1.348877e+04
4.733000e+01 1.165767e+04 1.354156e+04
4.734000e+01 1.166895e+04 1.359435e+04
4.735000e+01 1.168024e+04 1.364714e+04
4.736000e+01 1.169152e+04 1.369993e+04
4.737000e+01 1.170280e+04 1.375272e+04
4.738000e+01 1.171409e+04 1.380551e+04
4.739000e+01 1.172537e+04 1.385830e+04
4.740000e+01 1.173665e+04 1.391109e+04
4.741000e+01 1.176881e+04 1.395311e+04
4.742000e+01 1.181141e+04 1.398975e+04
4.743000e+01 1.185400e+04 1.402639e+04
4.744000e+01 1.189660e+04 1.406303e+04
4.745000e+01 1.193920e+04 1.409967e+04
4.746000e+01 1.198179e+04 1.413631e+04
4.747000e+01 1.202439e+04 1.417295e+04
4.748000e+01 1.206699e+04 1.420959e+04
4.749000e+01 1.210958e+04 1.424623e+04
4.750000e+01 1.215218e+04 1.428287e+04
4.751000e+01 1.219478e+04 1.431951e+04
4.752000e+01 1.223737e+04 1.435615e+04
4.753000e+01 1.227997e+04 1.439279e+04
4.754000e+01 1.232256e+04 1.442943e+04
4.755000e+01 1.236516e+04 1.446607e+04
4.756000e+01 1.240776e+04 1.450271e+04
4.757000e+01 1.245035e+04 1.453935e+04
4.758000e+01 1.249295e+04 1.457599e+04
4.759000e+01 1.253555e+04 1.461263e+04
4.760000e+01 1.257814e+04 1.464927e+04
4.761000e+01 1.262074e+04 1.468591e+04
4.762000e+01 1.266334e+04 1.472255e+04
4.763000e+01 1.270593e+04 1.475919e+04
4.764000e+01 1.274853e+04 1.479583e+04
4.765000e+01 1.279112e+04 1.483247e+04
4.766000e+01 1.283409e+04 1.486776e+04
4.767000e+01 1.288521e+04 1.487326e+04
4.768000e+01 1.293632e+04 1.487877e+04
4.769000e+01 1.298744e+04 1.488427e+04
4.770000e+01 1.303855e+04 1.488977e+04
4.771000e+01 1.308967e+04 1.489527e+04
4.772000e+01 1.314079e+04 1.490078e+04
4.773000e+01 1.319190e+04 1.490628e+04
4.774000e+01 1.324302e+04 1.491178e+04
4.775000e+01 1.329414e+04 1.491728e+04
4.776000e+01 1.334525e+04 1.492278e+04
4.777000e+01 1.339637e+04 1.492829e+04
4.778000e+01 1.344748e+04 1.493379e+04
4.779000e+01 1.349860e+04 1.493929e+04
4.780000e+01 1.354972e+04 1.494479e+04
4.781000e+01 1.360083e+04 1.495030e+04
4.782000e+01 1.365195e+04 1.495580e+04
4.783000e+01 1.370307e+04 1.496130e+04
4.784000e+01 1.375418e+04 1.496680e+04
4.785000e+01 1.380530e+04 1.497230e+04
4.786000e+01 1.385641e+04 1.497781e+04
4.787000e+01 1.390753e+04 1.498331e+04
4.788000e+01 1.395865e+04 1.498881e+04
4.789000e+01 1.400976e+04 1.499431e+04
4.790000e+01 1.406088e+04 1.499982e+04
4.791000e+01 1.411200e+04 1.500532e+04
4.792000e+01 1.415596e+04 1.500097e+04
4.793000e+01 1.419003e+04 1.498300e+04
4.794000e+01 1.422410e+04 1.496503e+04
4.795000e+01 1.425818e+04 1.494706e+04
4.796000e+01 1.429225e+04 1.492910e+04
4.797000e+01 1.432632e+04 1.491113e+04
4.798000e+01 1.436040e+04 1.489316e+04
4.799000e+01 1.439447e+04 1.487519e+04
4.800000e+01 1.442854e+04 1.485722e+04
4.801000e+01 1.446262e+04 1.483926e+04
4.802000e+01 1.449669e+04 1.482129e+04
4.803000e+01 1.453076e+04 1.480332e+04
4.804000e+01 1.456484e+04 1.478535e+04
4.805000e+01 1.459891e+04 1.476738e+04
4.806000e+01 1.463298e+04 1.474941e+04
4.807000e+01 1.466706e+04 1.473145e+04
4.808000e+01 1.470113e+04 1.471348e+04
4.809000e+01 1.473520e+04 1.469551e+04
4.810000e+01 1.476928e+04 1.467754e+04
4.811000e+01 1.480335e+04 1.465957e+04
4.812000e+01 1.483742e+04 1.464161e+04
4.813000e+01 1.487150e+04 1.462364e+04
4.814000e+01 1.490557e+04 1.460567e+04
4.815000e+01 1.493964e+04 1.458770e+04
4.816000e+01 1.497372e+04 1.456973e+04
4.817000e+01 1.500779e+04 1.455177e+04
4.818000e+01 1.502033e+04 1.453482e+04
4.819000e+01 1.502736e+04 1.451812e+04
4.820000e+01 1.503439e+04 1.450143e+04
4.821000e+01 1.504143e+04 1.448474e+04
4.822000e+01 1.504846e+04 1.446805e+04
4.823000e+01 1.505549e+04 1.445136e+04
4.824000e+01 1.506253e+04 1.443467e+04
4.825000e+01 1.506956e+04 1.441798e+04
4.826000e+01 1.507659e+04 1.440128e+04
4.827000e+01 1.508363e+04 1.438459e+04
4.828000e+01 1.509066e+04 1.436790e+04
4.829000e+01 1.509769e+04 1.435121e+04
4.830000e+01 1.510473e+04 1.433452e+04
4.831000e+01 1.511176e+04 1.431783e+04
4.832000e+01 1.511879e+04 1.430114e+04
4.833000e+01 1.512582e+04 1.428444e+04
4.834000e+01 1.513286e+04 1.426775e+04
4.835000e+01 1.513989e+04 1.425106e+04
4.836000e+01 1.514692e+04 1.423437e+04
4.837000e+01 1.515396e+04 1.421768e+04
4.838000e+01 1.516099e+04 1.420099e+04
4.839000e+01 1.516802e+04 1.418430e+04
4.840000e+01 1.517506e+04 1.416761e+04
4.841000e+01 1.518209e+04 1.415091e+04
4.842000e+01 1.518912e+04 1.413422e+04
4.843000e+01 1.519385e+04 1.412191e+04
4.844000e+01 1.518753e+04 1.413051e+04
4.845000e+01 1.518121e+04 1.413911e+04
4.846000e+01 1.517489e+04 1.414772e+04
4.847000e+01 1.516857e+04 1.415632e+04
4.848000e+01 1.516226e+04 1.416492e+04
4.849000e+01 1.515594e+04 1.417352e+04
4.850000e+01 1.514962e+04 1.418213e+04
4.851000e+01 1.514330e+04 1.419073e+04
4.852000e+01 1.513698e+04 1.419933e+04
4.853000e+01 1.513066e+04 1.420794e+04
4.854000e+01 1.512434e+04 1.421654e+04
4.855000e+01 1.511803e+04 1.422514e+04
4.856000e+01 1.511171e+04 1.423374e+04
4.857000e+01 1.510539e+04 1.424235e+04
4.858000e+01 1.509907e+04 1.425095e+04
4.859000e+01 1.509275e+04 1.425955e+04
4.860000e+01 1.508643e+04 1.426816e+04
4.861000e+01 1.508012e+04 1.427676e+04
4.862000e+01 1.507380e+04 1.428536e+04
4.863000e+01 1.506748e+04 1.429396e+04
4.864000e+01 1.506116e+04 1.430257e+04
4.865000e+01 1.505484e+04 1.431117e+04
4.866000e+01 1.504852e+04 1.431977e+04
4.867000e+01 1.504221e+04 1.432838e+04
4.868000e+01 1.503589e+04 1.433698e+04
4.869000e+01 1.503829e+04 1.436219e+04
4.870000e+01 1.504785e+04 1.440101e+04
4.871000e+01 1.505741e+04 1.443983e+04
4.872000e+01 1.506696e+04 1.447865e+04
4.873000e+01 1.507652e+04 1.451747e+04
4.874000e+01 1.508608e+04 1.455629e+04
4.875000e+01 1.509564e+04 1.459511e+04
4.876000e+01 1.510519e+04 1.463393e+04
4.877000e+01 1.511475e+04 1.467275e+04
4.878000e+01 1.512431e+04 1.471157e+04
4.879000e+01 1.513386e+04 1.475039e+04
4.880000e+01 1.514342e+04 1.478921e+04
4.881000e+01 1.515298e+04 1.482803e+04
4.882000e+01 1.516254e+04 1.486685e+04
4.883000e+01 1.517209e+04 1.490567e+04
4.884000e+01 1.518165e+04 1.494449e+04
4.885000e+01 1.519121e+04 1.498331e+04
4.886000e+01 1.520076e+04 1.502213e+04
4.887000e+01 1.521032e+04 1.506095e+04
4.888000e+01 1.521988e+04 1.509977e+04
4.889000e+01 1.522944e+04 1.513859e+04
4.890000e+01 1.523899e+04 1.517742e+04
4.891000e+01 1.524855e+04 1.521624e+04
4.892000e+01 1.525811e+04 1.525506e+04
4.893000e+01 1.526766e+04 1.529388e+04
4.894000e+01 1.527722e+04 1.533270e+04
4.895000e+01 1.532470e+04 1.538047e+04
4.896000e+01 1.537520e+04 1.542895e+04
4.897000e+01 1.542570e+04 1.547744e+04
4.898000e+01 1.547620e+04 1.552592e+04
4.899000e+01 1.552671e+04 1.557441e+04
4.900000e+01 1.557721e+04 1.562289e+04
4.901000e+01 1.562771e+04 1.567138e+04
4.902000e+01 1.567821e+04 1.571986e+04
4.903000e+01 1.572871e+04 1.576835e+04
4.904000e+01 1.577922e+04 1.581683e+04
4.905000e+01 1.582972e+04 1.586532e+04
4.906000e+01 1.588022e+04 1.591380e+04
4.907000e+01 1.593072e+04 1.596229e+04
4.908000e+01 1.598122e+04 1.601077e+04
4.909000e+01 1.603173e+04 1.605926e+04
4.910000e+01 1.608223e+04 1.610774e+04
4.911000e+01 1.613273e+04 1.615623e+04
4.912000e+01 1.618323e+04 1.620471e+04
4.913000e+01 1.623373e+04 1.625320e+04
4.914000e+01 1.628424e+04 1.630168e+04
4.915000e+01 1.633474e+04 1.635017e+04
4.916000e+01 1.638524e+04 1.639865e+04
4.917000e+01 1.643574e+04 1.644714e+04
4.918000e+01 1.648624e+04 1.649562e+04
4.919000e+01 1.653675e+04 1.654411e+04
4.920000e+01 1.660036e+04 1.658480e+04
4.921000e+01 1.669416e+04 1.660752e+04
4.922000e+01 1.678797e+04 1.663025e+04
4.923000e+01 1.688177e+04 1.665298e+04
4.924000e+01 1.697558e+04 1.667570e+04
4.925000e+01 1.706938e+04 1.669843e+04
4.926000e+01 1.716319e+04 1.672116e+04
4.927000e+01 1.725699e+04 1.674388e+04
4.928000e+01 1.735080e+04 1.676661e+04
4.929000e+01 1.744460e+04 1.678934e+04
4.930000e+01 1.753841e+04 1.681206e+04
4.931000e+01 1.763221e+04 1.683479e+04
4.932000e+01 1.772602e+04 1.685752e+04
4.933000e+01 1.781982e+04 1.688024e+04
4.934000e+01 1.791363e+04 1.690297e+04
4.935000e+01 1.800743e+04 1.692570e+04
4.936000e+01 1.810124e+04 1.694843e+04
4.937000e+01 1.819504e+04 1.697115e+04
4.938000e+01 1.828885e+04 1.699388e+04
4.939000e+01 1.838265e+04 1.701661e+04
4.940000e+01 1.847646e+04 1.703933e+04
4.941000e+01 1.857026e+04 1.706206e+04
4.942000e+01 1.866407e+04 1.708479e+04
4.943000e+01 1.875787e+04 1.710751e+04
4.944000e+01 1.885168e+04 1.713024e+04
4.945000e+01 1.894548e+04 1.715297e+04
4.946000e+01 1.905151e+04 1.713861e+04
4.947000e+01 1.916331e+04 1.710675e+04
4.948000e+01 1.927511e+04 1.707489e+04
4.949000e+01 1.938691e+04 1.704303e+04
4.950000e+01 1.949871e+04 1.701117e+04
4.951000e+01 1.961051e+04 1.697931e+04
4.952000e+01 1.972231e+04 1.694745e+04
4.953000e+01 1.983411e+04 1.691558e+04
4.954000e+01 1.994591e+04 1.688372e+04
4.955000e+01 2.005771e+04 1.685186e+04
4.956000e+01 2.016950e+04 1.682000e+04
4.957000e+01 2.028130e+04 1.678814e+04
4.958000e+01 2.039310e+04 1.675628e+04
4.959000e+01 2.050490e+04 1.672442e+04
4.960000e+01 2.061670e+04 1.669256e+04
4.961000e+01 2.072850e+04 1.666069e+04
4.962000e+01 2.084030e+04 1.662883e+04
4.963000e+01 2.095210e+04 1.659697e+04
4.964000e+01 2.106390e+04 1.656511e+04
4.965000e+01 2.117570e+04 1.653325e+04
4.966000e+01 2.128750e+04 1.650139e+04
4.967000e+01 2.139930e+04 1.646953e+04
4.968000e+01 2.151110e+04 1.643766e+04
4.969000e+01 2.162290e+04 1.640580e+04
4.970000e+01 2.173470e+04 1.637394e+04
4.971000e+01 2.184524e+04 1.633884e+04
4.972000e+01 2.193464e+04 1.624894e+04
4.973000e+01 2.202404e+04 1.615904e+04
4.974000e+01 2.211344e+04 1.606915e+04
4.975000e+01 2.220284e+04 1.597925e+04
4.976000e+01 2.229224e+04 1.588935e+04
4.977000e+01 2.238164e+04 1.579945e+04
4.978000e+01 2.247103e+04 1.570955e+04
4.979000e+01 2.256043e+04 1.561966e+04
4.980000e+01 2.264983e+04 1.552976e+04
4.981000e+01 2.273923e+04 1.543986e+04
4.982000e+01 2.282863e+04 1.534996e+04
4.983000e+01 2.291803e+04 1.526006e+04
4.984000e+01 2.300743e+04 1.517017e+04
4.985000e+01 2.309683e+04 1.508027e+04
4.986000e+01 2.318622e+04 1.499037e+04
4.987000e+01 2.327562e+04 1.490047e+04
4.988000e+01 2.336502e+04 1.481057e+04
4.989000e+01 2.345442e+04 1.472067e+04
4.990000e+01 2.354382e+04 1.463078e+04
4.991000e+01 2.363322e+04 1.454088e+04
4.992000e+01 2.372262e+04 1.445098e+04
4.993000e+01 2.381202e+04 1.436108e+04
4.994000e+01 2.390141e+04 1.427118e+04
4.995000e+01 2.399081e+04 1.418129e+04
4.996000e+01 2.408021e+04 1.409139e+04
4.997000e+01 2.414576e+04 1.398756e+04
4.998000e+01 2.418001e+04 1.386545e+04
4.999000e+01 2.421426e+04 1.374334e+04
5.000000e+01 2.424850e+04 1.362123e+04
